offering_id,course_code,course_name,university,district,cutoff_z,status,page_number,column_on_page,raw_cell
COP2223-001,,MEDICINE,University of Colombo,COLOMBO,2.4516,value,1,1,2.4516
COP2223-001,,MEDICINE,University of Colombo,GAMPAHA,2.4412,value,1,1,2.4412
COP2223-001,,MEDICINE,University of Colombo,KALUTARA,2.4446,value,1,1,2.4446
COP2223-001,,MEDICINE,University of Colombo,MATALE,2.4981,value,1,1,2.4981
COP2223-001,,MEDICINE,University of Colombo,KANDY,2.5501,value,1,1,2.5501
COP2223-001,,MEDICINE,University of Colombo,NUWARA ELIYA,,NQC,1,1,NQC
COP2223-001,,MEDICINE,University of Colombo,GALLE,2.4478,value,1,1,2.4478
COP2223-001,,MEDICINE,University of Colombo,MATARA,2.4552,value,1,1,2.4552
COP2223-001,,MEDICINE,University of Colombo,HAMBANTOTA,2.4711,value,1,1,2.4711
COP2223-001,,MEDICINE,University of Colombo,JAFFNA,2.4504,value,1,1,2.4504
COP2223-001,,MEDICINE,University of Colombo,KILINOCHCHI,,NQC,1,1,NQC
COP2223-001,,MEDICINE,University of Colombo,MANNAR,,NQC,1,1,NQC
COP2223-001,,MEDICINE,University of Colombo,MULLAITIVU,,NQC,1,1,NQC
COP2223-001,,MEDICINE,University of Colombo,VAVUNIYA,2.5134,value,1,1,2.5134
COP2223-001,,MEDICINE,University of Colombo,TRINCOMALEE,2.4637,value,1,1,2.4637
COP2223-001,,MEDICINE,University of Colombo,BATTICALOA,2.4902,value,1,1,2.4902
COP2223-001,,MEDICINE,University of Colombo,AMPARA,2.4374,value,1,1,2.4374
COP2223-001,,MEDICINE,University of Colombo,PUTTALAM,2.4946,value,1,1,2.4946
COP2223-001,,MEDICINE,University of Colombo,KURUNEGALA,2.4450,value,1,1,2.4450
COP2223-001,,MEDICINE,University of Colombo,ANURADHAPURA,2.5446,value,1,1,2.5446
COP2223-001,,MEDICINE,University of Colombo,POLONNARUWA,2.4695,value,1,1,2.4695
COP2223-001,,MEDICINE,University of Colombo,BADULLA,2.5455,value,1,1,2.5455
COP2223-001,,MEDICINE,University of Colombo,MONARAGALA,,NQC,1,1,NQC
COP2223-001,,MEDICINE,University of Colombo,KEGALLE,2.4552,value,1,1,2.4552
COP2223-001,,MEDICINE,University of Colombo,RATNAPURA,2.4542,value,1,1,2.4542
COP2223-002,,MEDICINE,University of Peradeniya,COLOMBO,2.2279,value,1,2,2.2279
COP2223-002,,MEDICINE,University of Peradeniya,GAMPAHA,2.2147,value,1,2,2.2147
COP2223-002,,MEDICINE,University of Peradeniya,KALUTARA,2.2204,value,1,2,2.2204
COP2223-002,,MEDICINE,University of Peradeniya,MATALE,2.2150,value,1,2,2.2150
COP2223-002,,MEDICINE,University of Peradeniya,KANDY,2.2216,value,1,2,2.2216
COP2223-002,,MEDICINE,University of Peradeniya,NUWARA ELIYA,2.2598,value,1,2,2.2598
COP2223-002,,MEDICINE,University of Peradeniya,GALLE,2.2429,value,1,2,2.2429
COP2223-002,,MEDICINE,University of Peradeniya,MATARA,2.2225,value,1,2,2.2225
COP2223-002,,MEDICINE,University of Peradeniya,HAMBANTOTA,2.2646,value,1,2,2.2646
COP2223-002,,MEDICINE,University of Peradeniya,JAFFNA,2.2120,value,1,2,2.2120
COP2223-002,,MEDICINE,University of Peradeniya,KILINOCHCHI,2.3267,value,1,2,2.3267
COP2223-002,,MEDICINE,University of Peradeniya,MANNAR,,NQC,1,2,NQC
COP2223-002,,MEDICINE,University of Peradeniya,MULLAITIVU,2.2786,value,1,2,2.2786
COP2223-002,,MEDICINE,University of Peradeniya,VAVUNIYA,2.2496,value,1,2,2.2496
COP2223-002,,MEDICINE,University of Peradeniya,TRINCOMALEE,2.2480,value,1,2,2.2480
COP2223-002,,MEDICINE,University of Peradeniya,BATTICALOA,2.2518,value,1,2,2.2518
COP2223-002,,MEDICINE,University of Peradeniya,AMPARA,2.2384,value,1,2,2.2384
COP2223-002,,MEDICINE,University of Peradeniya,PUTTALAM,2.2805,value,1,2,2.2805
COP2223-002,,MEDICINE,University of Peradeniya,KURUNEGALA,2.2114,value,1,2,2.2114
COP2223-002,,MEDICINE,University of Peradeniya,ANURADHAPURA,2.2347,value,1,2,2.2347
COP2223-002,,MEDICINE,University of Peradeniya,POLONNARUWA,2.2591,value,1,2,2.2591
COP2223-002,,MEDICINE,University of Peradeniya,BADULLA,2.2159,value,1,2,2.2159
COP2223-002,,MEDICINE,University of Peradeniya,MONARAGALA,2.2410,value,1,2,2.2410
COP2223-002,,MEDICINE,University of Peradeniya,KEGALLE,2.2150,value,1,2,2.2150
COP2223-002,,MEDICINE,University of Peradeniya,RATNAPURA,2.2112,value,1,2,2.2112
COP2223-003,,MEDICINE,University of Sri Jayewardenepura,COLOMBO,2.1465,value,1,3,2.1465
COP2223-003,,MEDICINE,University of Sri Jayewardenepura,GAMPAHA,2.1566,value,1,3,2.1566
COP2223-003,,MEDICINE,University of Sri Jayewardenepura,KALUTARA,2.1474,value,1,3,2.1474
COP2223-003,,MEDICINE,University of Sri Jayewardenepura,MATALE,2.1943,value,1,3,2.1943
COP2223-003,,MEDICINE,University of Sri Jayewardenepura,KANDY,2.1512,value,1,3,2.1512
COP2223-003,,MEDICINE,University of Sri Jayewardenepura,NUWARA ELIYA,,NQC,1,3,NQC
COP2223-003,,MEDICINE,University of Sri Jayewardenepura,GALLE,2.1503,value,1,3,2.1503
COP2223-003,,MEDICINE,University of Sri Jayewardenepura,MATARA,2.1557,value,1,3,2.1557
COP2223-003,,MEDICINE,University of Sri Jayewardenepura,HAMBANTOTA,2.1643,value,1,3,2.1643
COP2223-003,,MEDICINE,University of Sri Jayewardenepura,JAFFNA,2.1968,value,1,3,2.1968
COP2223-003,,MEDICINE,University of Sri Jayewardenepura,KILINOCHCHI,2.1972,value,1,3,2.1972
COP2223-003,,MEDICINE,University of Sri Jayewardenepura,MANNAR,,NQC,1,3,NQC
COP2223-003,,MEDICINE,University of Sri Jayewardenepura,MULLAITIVU,,NQC,1,3,NQC
COP2223-003,,MEDICINE,University of Sri Jayewardenepura,VAVUNIYA,2.1503,value,1,3,2.1503
COP2223-003,,MEDICINE,University of Sri Jayewardenepura,TRINCOMALEE,2.1783,value,1,3,2.1783
COP2223-003,,MEDICINE,University of Sri Jayewardenepura,BATTICALOA,2.1621,value,1,3,2.1621
COP2223-003,,MEDICINE,University of Sri Jayewardenepura,AMPARA,2.1690,value,1,3,2.1690
COP2223-003,,MEDICINE,University of Sri Jayewardenepura,PUTTALAM,2.1698,value,1,3,2.1698
COP2223-003,,MEDICINE,University of Sri Jayewardenepura,KURUNEGALA,2.1529,value,1,3,2.1529
COP2223-003,,MEDICINE,University of Sri Jayewardenepura,ANURADHAPURA,2.1850,value,1,3,2.1850
COP2223-003,,MEDICINE,University of Sri Jayewardenepura,POLONNARUWA,2.1774,value,1,3,2.1774
COP2223-003,,MEDICINE,University of Sri Jayewardenepura,BADULLA,2.1671,value,1,3,2.1671
COP2223-003,,MEDICINE,University of Sri Jayewardenepura,MONARAGALA,,NQC,1,3,NQC
COP2223-003,,MEDICINE,University of Sri Jayewardenepura,KEGALLE,2.1465,value,1,3,2.1465
COP2223-003,,MEDICINE,University of Sri Jayewardenepura,RATNAPURA,2.1586,value,1,3,2.1586
COP2223-004,,MEDICINE,University of Kelaniya,COLOMBO,2.0526,value,1,4,2.0526
COP2223-004,,MEDICINE,University of Kelaniya,GAMPAHA,2.0517,value,1,4,2.0517
COP2223-004,,MEDICINE,University of Kelaniya,KALUTARA,2.0514,value,1,4,2.0514
COP2223-004,,MEDICINE,University of Kelaniya,MATALE,2.0612,value,1,4,2.0612
COP2223-004,,MEDICINE,University of Kelaniya,KANDY,2.0545,value,1,4,2.0545
COP2223-004,,MEDICINE,University of Kelaniya,NUWARA ELIYA,2.0969,value,1,4,2.0969
COP2223-004,,MEDICINE,University of Kelaniya,GALLE,2.0791,value,1,4,2.0791
COP2223-004,,MEDICINE,University of Kelaniya,MATARA,2.0508,value,1,4,2.0508
COP2223-004,,MEDICINE,University of Kelaniya,HAMBANTOTA,2.0508,value,1,4,2.0508
COP2223-004,,MEDICINE,University of Kelaniya,JAFFNA,,NQC,1,4,NQC
COP2223-004,,MEDICINE,University of Kelaniya,KILINOCHCHI,,NQC,1,4,NQC
COP2223-004,,MEDICINE,University of Kelaniya,MANNAR,2.1087,value,1,4,2.1087
COP2223-004,,MEDICINE,University of Kelaniya,MULLAITIVU,,NQC,1,4,NQC
COP2223-004,,MEDICINE,University of Kelaniya,VAVUNIYA,,NQC,1,4,NQC
COP2223-004,,MEDICINE,University of Kelaniya,TRINCOMALEE,2.0533,value,1,4,2.0533
COP2223-004,,MEDICINE,University of Kelaniya,BATTICALOA,2.0571,value,1,4,2.0571
COP2223-004,,MEDICINE,University of Kelaniya,AMPARA,2.0536,value,1,4,2.0536
COP2223-004,,MEDICINE,University of Kelaniya,PUTTALAM,2.0552,value,1,4,2.0552
COP2223-004,,MEDICINE,University of Kelaniya,KURUNEGALA,2.0517,value,1,4,2.0517
COP2223-004,,MEDICINE,University of Kelaniya,ANURADHAPURA,2.0651,value,1,4,2.0651
COP2223-004,,MEDICINE,University of Kelaniya,POLONNARUWA,2.1071,value,1,4,2.1071
COP2223-004,,MEDICINE,University of Kelaniya,BADULLA,2.0619,value,1,4,2.0619
COP2223-004,,MEDICINE,University of Kelaniya,MONARAGALA,2.1015,value,1,4,2.1015
COP2223-004,,MEDICINE,University of Kelaniya,KEGALLE,2.0600,value,1,4,2.0600
COP2223-004,,MEDICINE,University of Kelaniya,RATNAPURA,2.0526,value,1,4,2.0526
COP2223-005,,MEDICINE,University of Jaffna,COLOMBO,1.8790,value,1,5,1.8790
COP2223-005,,MEDICINE,University of Jaffna,GAMPAHA,1.7278,value,1,5,1.7278
COP2223-005,,MEDICINE,University of Jaffna,KALUTARA,1.7840,value,1,5,1.7840
COP2223-005,,MEDICINE,University of Jaffna,MATALE,1.7073,value,1,5,1.7073
COP2223-005,,MEDICINE,University of Jaffna,KANDY,1.8169,value,1,5,1.8169
COP2223-005,,MEDICINE,University of Jaffna,NUWARA ELIYA,1.7308,value,1,5,1.7308
COP2223-005,,MEDICINE,University of Jaffna,GALLE,,NQC,1,5,NQC
COP2223-005,,MEDICINE,University of Jaffna,MATARA,,NQC,1,5,NQC
COP2223-005,,MEDICINE,University of Jaffna,HAMBANTOTA,1.7765,value,1,5,1.7765
COP2223-005,,MEDICINE,University of Jaffna,JAFFNA,1.8724,value,1,5,1.8724
COP2223-005,,MEDICINE,University of Jaffna,KILINOCHCHI,1.7943,value,1,5,1.7943
COP2223-005,,MEDICINE,University of Jaffna,MANNAR,1.7335,value,1,5,1.7335
COP2223-005,,MEDICINE,University of Jaffna,MULLAITIVU,1.8819,value,1,5,1.8819
COP2223-005,,MEDICINE,University of Jaffna,VAVUNIYA,1.8433,value,1,5,1.8433
COP2223-005,,MEDICINE,University of Jaffna,TRINCOMALEE,1.7138,value,1,5,1.7138
COP2223-005,,MEDICINE,University of Jaffna,BATTICALOA,1.8226,value,1,5,1.8226
COP2223-005,,MEDICINE,University of Jaffna,AMPARA,1.8321,value,1,5,1.8321
COP2223-005,,MEDICINE,University of Jaffna,PUTTALAM,1.7175,value,1,5,1.7175
COP2223-005,,MEDICINE,University of Jaffna,KURUNEGALA,1.8028,value,1,5,1.8028
COP2223-005,,MEDICINE,University of Jaffna,ANURADHAPURA,1.7109,value,1,5,1.7109
COP2223-005,,MEDICINE,University of Jaffna,POLONNARUWA,1.7355,value,1,5,1.7355
COP2223-005,,MEDICINE,University of Jaffna,BADULLA,1.7099,value,1,5,1.7099
COP2223-005,,MEDICINE,University of Jaffna,MONARAGALA,1.7277,value,1,5,1.7277
COP2223-005,,MEDICINE,University of Jaffna,KEGALLE,1.8226,value,1,5,1.8226
COP2223-005,,MEDICINE,University of Jaffna,RATNAPURA,1.7520,value,1,5,1.7520
COP2223-006,,MEDICINE,University of Ruhuna,COLOMBO,1.9559,value,1,6,1.9559
COP2223-006,,MEDICINE,University of Ruhuna,GAMPAHA,1.9550,value,1,6,1.9550
COP2223-006,,MEDICINE,University of Ruhuna,KALUTARA,1.9559,value,1,6,1.9559
COP2223-006,,MEDICINE,University of Ruhuna,MATALE,1.9778,value,1,6,1.9778
COP2223-006,,MEDICINE,University of Ruhuna,KANDY,1.9598,value,1,6,1.9598
COP2223-006,,MEDICINE,University of Ruhuna,NUWARA ELIYA,1.9775,value,1,6,1.9775
COP2223-006,,MEDICINE,University of Ruhuna,GALLE,1.9552,value,1,6,1.9552
COP2223-006,,MEDICINE,University of Ruhuna,MATARA,1.9550,value,1,6,1.9550
COP2223-006,,MEDICINE,University of Ruhuna,HAMBANTOTA,1.9606,value,1,6,1.9606
COP2223-006,,MEDICINE,University of Ruhuna,JAFFNA,,NQC,1,6,NQC
COP2223-006,,MEDICINE,University of Ruhuna,KILINOCHCHI,,NQC,1,6,NQC
COP2223-006,,MEDICINE,University of Ruhuna,MANNAR,,NQC,1,6,NQC
COP2223-006,,MEDICINE,University of Ruhuna,MULLAITIVU,,NQC,1,6,NQC
COP2223-006,,MEDICINE,University of Ruhuna,VAVUNIYA,1.9671,value,1,6,1.9671
COP2223-006,,MEDICINE,University of Ruhuna,TRINCOMALEE,2.0044,value,1,6,2.0044
COP2223-006,,MEDICINE,University of Ruhuna,BATTICALOA,1.9614,value,1,6,1.9614
COP2223-006,,MEDICINE,University of Ruhuna,AMPARA,1.9566,value,1,6,1.9566
COP2223-006,,MEDICINE,University of Ruhuna,PUTTALAM,1.9578,value,1,6,1.9578
COP2223-006,,MEDICINE,University of Ruhuna,KURUNEGALA,1.9594,value,1,6,1.9594
COP2223-006,,MEDICINE,University of Ruhuna,ANURADHAPURA,1.9552,value,1,6,1.9552
COP2223-006,,MEDICINE,University of Ruhuna,POLONNARUWA,,NQC,1,6,NQC
COP2223-006,,MEDICINE,University of Ruhuna,BADULLA,1.9626,value,1,6,1.9626
COP2223-006,,MEDICINE,University of Ruhuna,MONARAGALA,1.9757,value,1,6,1.9757
COP2223-006,,MEDICINE,University of Ruhuna,KEGALLE,1.9616,value,1,6,1.9616
COP2223-006,,MEDICINE,University of Ruhuna,RATNAPURA,1.9571,value,1,6,1.9571
COP2223-007,,MEDICINE,University of Moratuwa,COLOMBO,1.8732,value,1,7,1.8732
COP2223-007,,MEDICINE,University of Moratuwa,GAMPAHA,1.8707,value,1,7,1.8707
COP2223-007,,MEDICINE,University of Moratuwa,KALUTARA,1.8732,value,1,7,1.8732
COP2223-007,,MEDICINE,University of Moratuwa,MATALE,,NQC,1,7,NQC
COP2223-007,,MEDICINE,University of Moratuwa,KANDY,1.8827,value,1,7,1.8827
COP2223-007,,MEDICINE,University of Moratuwa,NUWARA ELIYA,1.9286,value,1,7,1.9286
COP2223-007,,MEDICINE,University of Moratuwa,GALLE,1.8728,value,1,7,1.8728
COP2223-007,,MEDICINE,University of Moratuwa,MATARA,1.9130,value,1,7,1.9130
COP2223-007,,MEDICINE,University of Moratuwa,HAMBANTOTA,1.9222,value,1,7,1.9222
COP2223-007,,MEDICINE,University of Moratuwa,JAFFNA,2.0797,value,1,7,2.0797
COP2223-007,,MEDICINE,University of Moratuwa,KILINOCHCHI,,NQC,1,7,NQC
COP2223-007,,MEDICINE,University of Moratuwa,MANNAR,,NQC,1,7,NQC
COP2223-007,,MEDICINE,University of Moratuwa,MULLAITIVU,,NQC,1,7,NQC
COP2223-007,,MEDICINE,University of Moratuwa,VAVUNIYA,1.8938,value,1,7,1.8938
COP2223-007,,MEDICINE,University of Moratuwa,TRINCOMALEE,1.8843,value,1,7,1.8843
COP2223-007,,MEDICINE,University of Moratuwa,BATTICALOA,,NQC,1,7,NQC
COP2223-007,,MEDICINE,University of Moratuwa,AMPARA,1.8997,value,1,7,1.8997
COP2223-007,,MEDICINE,University of Moratuwa,PUTTALAM,1.9381,value,1,7,1.9381
COP2223-007,,MEDICINE,University of Moratuwa,KURUNEGALA,1.8901,value,1,7,1.8901
COP2223-007,,MEDICINE,University of Moratuwa,ANURADHAPURA,,NQC,1,7,NQC
COP2223-007,,MEDICINE,University of Moratuwa,POLONNARUWA,1.9909,value,1,7,1.9909
COP2223-007,,MEDICINE,University of Moratuwa,BADULLA,,NQC,1,7,NQC
COP2223-007,,MEDICINE,University of Moratuwa,MONARAGALA,,NQC,1,7,NQC
COP2223-007,,MEDICINE,University of Moratuwa,KEGALLE,1.9286,value,1,7,1.9286
COP2223-007,,MEDICINE,University of Moratuwa,RATNAPURA,1.8706,value,1,7,1.8706
COP2223-008,,MEDICINE,"Eastern University, Sri Lanka",COLOMBO,,NQC,1,8,NQC
COP2223-008,,MEDICINE,"Eastern University, Sri Lanka",GAMPAHA,1.6406,value,1,8,1.6406
COP2223-008,,MEDICINE,"Eastern University, Sri Lanka",KALUTARA,1.7783,value,1,8,1.7783
COP2223-008,,MEDICINE,"Eastern University, Sri Lanka",MATALE,1.6524,value,1,8,1.6524
COP2223-008,,MEDICINE,"Eastern University, Sri Lanka",KANDY,,NQC,1,8,NQC
COP2223-008,,MEDICINE,"Eastern University, Sri Lanka",NUWARA ELIYA,1.4296,value,1,8,1.4296
COP2223-008,,MEDICINE,"Eastern University, Sri Lanka",GALLE,,NQC,1,8,NQC
COP2223-008,,MEDICINE,"Eastern University, Sri Lanka",MATARA,,NQC,1,8,NQC
COP2223-008,,MEDICINE,"Eastern University, Sri Lanka",HAMBANTOTA,1.8366,value,1,8,1.8366
COP2223-008,,MEDICINE,"Eastern University, Sri Lanka",JAFFNA,,NQC,1,8,NQC
COP2223-008,,MEDICINE,"Eastern University, Sri Lanka",KILINOCHCHI,,NQC,1,8,NQC
COP2223-008,,MEDICINE,"Eastern University, Sri Lanka",MANNAR,1.6845,value,1,8,1.6845
COP2223-008,,MEDICINE,"Eastern University, Sri Lanka",MULLAITIVU,,NQC,1,8,NQC
COP2223-008,,MEDICINE,"Eastern University, Sri Lanka",VAVUNIYA,1.9934,value,1,8,1.9934
COP2223-008,,MEDICINE,"Eastern University, Sri Lanka",TRINCOMALEE,1.7370,value,1,8,1.7370
COP2223-008,,MEDICINE,"Eastern University, Sri Lanka",BATTICALOA,1.8413,value,1,8,1.8413
COP2223-008,,MEDICINE,"Eastern University, Sri Lanka",AMPARA,1.8169,value,1,8,1.8169
COP2223-008,,MEDICINE,"Eastern University, Sri Lanka",PUTTALAM,1.6762,value,1,8,1.6762
COP2223-008,,MEDICINE,"Eastern University, Sri Lanka",KURUNEGALA,,NQC,1,8,NQC
COP2223-008,,MEDICINE,"Eastern University, Sri Lanka",ANURADHAPURA,1.5146,value,1,8,1.5146
COP2223-008,,MEDICINE,"Eastern University, Sri Lanka",POLONNARUWA,1.4283,value,1,8,1.4283
COP2223-008,,MEDICINE,"Eastern University, Sri Lanka",BADULLA,,NQC,1,8,NQC
COP2223-008,,MEDICINE,"Eastern University, Sri Lanka",MONARAGALA,1.6018,value,1,8,1.6018
COP2223-008,,MEDICINE,"Eastern University, Sri Lanka",KEGALLE,1.8207,value,1,8,1.8207
COP2223-008,,MEDICINE,"Eastern University, Sri Lanka",RATNAPURA,,NQC,1,8,NQC
COP2223-009,,MEDICINE,Rajarata University of Sri Lanka,COLOMBO,1.8772,value,1,9,1.8772
COP2223-009,,MEDICINE,Rajarata University of Sri Lanka,GAMPAHA,1.8547,value,1,9,1.8547
COP2223-009,,MEDICINE,Rajarata University of Sri Lanka,KALUTARA,1.8995,value,1,9,1.8995
COP2223-009,,MEDICINE,Rajarata University of Sri Lanka,MATALE,1.8604,value,1,9,1.8604
COP2223-009,,MEDICINE,Rajarata University of Sri Lanka,KANDY,1.8509,value,1,9,1.8509
COP2223-009,,MEDICINE,Rajarata University of Sri Lanka,NUWARA ELIYA,1.9025,value,1,9,1.9025
COP2223-009,,MEDICINE,Rajarata University of Sri Lanka,GALLE,1.9071,value,1,9,1.9071
COP2223-009,,MEDICINE,Rajarata University of Sri Lanka,MATARA,1.9079,value,1,9,1.9079
COP2223-009,,MEDICINE,Rajarata University of Sri Lanka,HAMBANTOTA,1.8525,value,1,9,1.8525
COP2223-009,,MEDICINE,Rajarata University of Sri Lanka,JAFFNA,,NQC,1,9,NQC
COP2223-009,,MEDICINE,Rajarata University of Sri Lanka,KILINOCHCHI,,NQC,1,9,NQC
COP2223-009,,MEDICINE,Rajarata University of Sri Lanka,MANNAR,,NQC,1,9,NQC
COP2223-009,,MEDICINE,Rajarata University of Sri Lanka,MULLAITIVU,,NQC,1,9,NQC
COP2223-009,,MEDICINE,Rajarata University of Sri Lanka,VAVUNIYA,1.9980,value,1,9,1.9980
COP2223-009,,MEDICINE,Rajarata University of Sri Lanka,TRINCOMALEE,1.8620,value,1,9,1.8620
COP2223-009,,MEDICINE,Rajarata University of Sri Lanka,BATTICALOA,1.8601,value,1,9,1.8601
COP2223-009,,MEDICINE,Rajarata University of Sri Lanka,AMPARA,1.8566,value,1,9,1.8566
COP2223-009,,MEDICINE,Rajarata University of Sri Lanka,PUTTALAM,1.8496,value,1,9,1.8496
COP2223-009,,MEDICINE,Rajarata University of Sri Lanka,KURUNEGALA,1.8596,value,1,9,1.8596
COP2223-009,,MEDICINE,Rajarata University of Sri Lanka,ANURADHAPURA,1.8506,value,1,9,1.8506
COP2223-009,,MEDICINE,Rajarata University of Sri Lanka,POLONNARUWA,1.9345,value,1,9,1.9345
COP2223-009,,MEDICINE,Rajarata University of Sri Lanka,BADULLA,1.8525,value,1,9,1.8525
COP2223-009,,MEDICINE,Rajarata University of Sri Lanka,MONARAGALA,1.8706,value,1,9,1.8706
COP2223-009,,MEDICINE,Rajarata University of Sri Lanka,KEGALLE,1.8510,value,1,9,1.8510
COP2223-009,,MEDICINE,Rajarata University of Sri Lanka,RATNAPURA,1.8509,value,1,9,1.8509
COP2223-010,,MEDICINE,Sabaragamuwa University of Sri Lanka,COLOMBO,1.8894,value,1,10,1.8894
COP2223-010,,MEDICINE,Sabaragamuwa University of Sri Lanka,GAMPAHA,1.6816,value,1,10,1.6816
COP2223-010,,MEDICINE,Sabaragamuwa University of Sri Lanka,KALUTARA,1.7850,value,1,10,1.7850
COP2223-010,,MEDICINE,Sabaragamuwa University of Sri Lanka,MATALE,1.6800,value,1,10,1.6800
COP2223-010,,MEDICINE,Sabaragamuwa University of Sri Lanka,KANDY,1.8032,value,1,10,1.8032
COP2223-010,,MEDICINE,Sabaragamuwa University of Sri Lanka,NUWARA ELIYA,1.6837,value,1,10,1.6837
COP2223-010,,MEDICINE,Sabaragamuwa University of Sri Lanka,GALLE,,NQC,1,10,NQC
COP2223-010,,MEDICINE,Sabaragamuwa University of Sri Lanka,MATARA,1.9005,value,1,10,1.9005
COP2223-010,,MEDICINE,Sabaragamuwa University of Sri Lanka,HAMBANTOTA,1.7698,value,1,10,1.7698
COP2223-010,,MEDICINE,Sabaragamuwa University of Sri Lanka,JAFFNA,,NQC,1,10,NQC
COP2223-010,,MEDICINE,Sabaragamuwa University of Sri Lanka,KILINOCHCHI,,NQC,1,10,NQC
COP2223-010,,MEDICINE,Sabaragamuwa University of Sri Lanka,MANNAR,1.7070,value,1,10,1.7070
COP2223-010,,MEDICINE,Sabaragamuwa University of Sri Lanka,MULLAITIVU,,NQC,1,10,NQC
COP2223-010,,MEDICINE,Sabaragamuwa University of Sri Lanka,VAVUNIYA,,NQC,1,10,NQC
COP2223-010,,MEDICINE,Sabaragamuwa University of Sri Lanka,TRINCOMALEE,,NQC,1,10,NQC
COP2223-010,,MEDICINE,Sabaragamuwa University of Sri Lanka,BATTICALOA,,NQC,1,10,NQC
COP2223-010,,MEDICINE,Sabaragamuwa University of Sri Lanka,AMPARA,1.8048,value,1,10,1.8048
COP2223-010,,MEDICINE,Sabaragamuwa University of Sri Lanka,PUTTALAM,1.6839,value,1,10,1.6839
COP2223-010,,MEDICINE,Sabaragamuwa University of Sri Lanka,KURUNEGALA,1.8020,value,1,10,1.8020
COP2223-010,,MEDICINE,Sabaragamuwa University of Sri Lanka,ANURADHAPURA,1.6791,value,1,10,1.6791
COP2223-010,,MEDICINE,Sabaragamuwa University of Sri Lanka,POLONNARUWA,,NQC,1,10,NQC
COP2223-010,,MEDICINE,Sabaragamuwa University of Sri Lanka,BADULLA,1.6845,value,1,10,1.6845
COP2223-010,,MEDICINE,Sabaragamuwa University of Sri Lanka,MONARAGALA,1.6825,value,1,10,1.6825
COP2223-010,,MEDICINE,Sabaragamuwa University of Sri Lanka,KEGALLE,1.7998,value,1,10,1.7998
COP2223-010,,MEDICINE,Sabaragamuwa University of Sri Lanka,RATNAPURA,1.7541,value,1,10,1.7541
COP2223-011,,MEDICINE,Wayamba University of Sri Lanka,COLOMBO,1.9152,value,1,11,1.9152
COP2223-011,,MEDICINE,Wayamba University of Sri Lanka,GAMPAHA,1.6890,value,1,11,1.6890
COP2223-011,,MEDICINE,Wayamba University of Sri Lanka,KALUTARA,1.7711,value,1,11,1.7711
COP2223-011,,MEDICINE,Wayamba University of Sri Lanka,MATALE,1.6921,value,1,11,1.6921
COP2223-011,,MEDICINE,Wayamba University of Sri Lanka,KANDY,1.8229,value,1,11,1.8229
COP2223-011,,MEDICINE,Wayamba University of Sri Lanka,NUWARA ELIYA,1.7319,value,1,11,1.7319
COP2223-011,,MEDICINE,Wayamba University of Sri Lanka,GALLE,1.8661,value,1,11,1.8661
COP2223-011,,MEDICINE,Wayamba University of Sri Lanka,MATARA,,NQC,1,11,NQC
COP2223-011,,MEDICINE,Wayamba University of Sri Lanka,HAMBANTOTA,,NQC,1,11,NQC
COP2223-011,,MEDICINE,Wayamba University of Sri Lanka,JAFFNA,,NQC,1,11,NQC
COP2223-011,,MEDICINE,Wayamba University of Sri Lanka,KILINOCHCHI,,NQC,1,11,NQC
COP2223-011,,MEDICINE,Wayamba University of Sri Lanka,MANNAR,1.8481,value,1,11,1.8481
COP2223-011,,MEDICINE,Wayamba University of Sri Lanka,MULLAITIVU,,NQC,1,11,NQC
COP2223-011,,MEDICINE,Wayamba University of Sri Lanka,VAVUNIYA,,NQC,1,11,NQC
COP2223-011,,MEDICINE,Wayamba University of Sri Lanka,TRINCOMALEE,1.7552,value,1,11,1.7552
COP2223-011,,MEDICINE,Wayamba University of Sri Lanka,BATTICALOA,,NQC,1,11,NQC
COP2223-011,,MEDICINE,Wayamba University of Sri Lanka,AMPARA,1.8216,value,1,11,1.8216
COP2223-011,,MEDICINE,Wayamba University of Sri Lanka,PUTTALAM,1.6873,value,1,11,1.6873
COP2223-011,,MEDICINE,Wayamba University of Sri Lanka,KURUNEGALA,1.8038,value,1,11,1.8038
COP2223-011,,MEDICINE,Wayamba University of Sri Lanka,ANURADHAPURA,1.6969,value,1,11,1.6969
COP2223-011,,MEDICINE,Wayamba University of Sri Lanka,POLONNARUWA,1.6921,value,1,11,1.6921
COP2223-011,,MEDICINE,Wayamba University of Sri Lanka,BADULLA,1.6892,value,1,11,1.6892
COP2223-011,,MEDICINE,Wayamba University of Sri Lanka,MONARAGALA,1.6948,value,1,11,1.6948
COP2223-011,,MEDICINE,Wayamba University of Sri Lanka,KEGALLE,1.7702,value,1,11,1.7702
COP2223-011,,MEDICINE,Wayamba University of Sri Lanka,RATNAPURA,1.7803,value,1,11,1.7803
COP2223-012,,MEDICINE,Uva Wellassa University of Sri Lanka,COLOMBO,,NQC,1,12,NQC
COP2223-012,,MEDICINE,Uva Wellassa University of Sri Lanka,GAMPAHA,1.6473,value,1,12,1.6473
COP2223-012,,MEDICINE,Uva Wellassa University of Sri Lanka,KALUTARA,,NQC,1,12,NQC
COP2223-012,,MEDICINE,Uva Wellassa University of Sri Lanka,MATALE,1.6520,value,1,12,1.6520
COP2223-012,,MEDICINE,Uva Wellassa University of Sri Lanka,KANDY,,NQC,1,12,NQC
COP2223-012,,MEDICINE,Uva Wellassa University of Sri Lanka,NUWARA ELIYA,1.3830,value,1,12,1.3830
COP2223-012,,MEDICINE,Uva Wellassa University of Sri Lanka,GALLE,,NQC,1,12,NQC
COP2223-012,,MEDICINE,Uva Wellassa University of Sri Lanka,MATARA,,NQC,1,12,NQC
COP2223-012,,MEDICINE,Uva Wellassa University of Sri Lanka,HAMBANTOTA,,NQC,1,12,NQC
COP2223-012,,MEDICINE,Uva Wellassa University of Sri Lanka,JAFFNA,,NQC,1,12,NQC
COP2223-012,,MEDICINE,Uva Wellassa University of Sri Lanka,KILINOCHCHI,,NQC,1,12,NQC
COP2223-012,,MEDICINE,Uva Wellassa University of Sri Lanka,MANNAR,,NQC,1,12,NQC
COP2223-012,,MEDICINE,Uva Wellassa University of Sri Lanka,MULLAITIVU,,NQC,1,12,NQC
COP2223-012,,MEDICINE,Uva Wellassa University of Sri Lanka,VAVUNIYA,,NQC,1,12,NQC
COP2223-012,,MEDICINE,Uva Wellassa University of Sri Lanka,TRINCOMALEE,,NQC,1,12,NQC
COP2223-012,,MEDICINE,Uva Wellassa University of Sri Lanka,BATTICALOA,,NQC,1,12,NQC
COP2223-012,,MEDICINE,Uva Wellassa University of Sri Lanka,AMPARA,,NQC,1,12,NQC
COP2223-012,,MEDICINE,Uva Wellassa University of Sri Lanka,PUTTALAM,,NQC,1,12,NQC
COP2223-012,,MEDICINE,Uva Wellassa University of Sri Lanka,KURUNEGALA,,NQC,1,12,NQC
COP2223-012,,MEDICINE,Uva Wellassa University of Sri Lanka,ANURADHAPURA,1.5985,value,1,12,1.5985
COP2223-012,,MEDICINE,Uva Wellassa University of Sri Lanka,POLONNARUWA,1.3959,value,1,12,1.3959
COP2223-012,,MEDICINE,Uva Wellassa University of Sri Lanka,BADULLA,,NQC,1,12,NQC
COP2223-012,,MEDICINE,Uva Wellassa University of Sri Lanka,MONARAGALA,,NQC,1,12,NQC
COP2223-012,,MEDICINE,Uva Wellassa University of Sri Lanka,KEGALLE,,NQC,1,12,NQC
COP2223-012,,MEDICINE,Uva Wellassa University of Sri Lanka,RATNAPURA,1.8407,value,1,12,1.8407
COP2223-013,,DENTAL SURGERY,University of Peradeniya,COLOMBO,1.8311,value,1,13,1.8311
COP2223-013,,DENTAL SURGERY,University of Peradeniya,GAMPAHA,1.6275,value,1,13,1.6275
COP2223-013,,DENTAL SURGERY,University of Peradeniya,KALUTARA,1.7698,value,1,13,1.7698
COP2223-013,,DENTAL SURGERY,University of Peradeniya,MATALE,1.6329,value,1,13,1.6329
COP2223-013,,DENTAL SURGERY,University of Peradeniya,KANDY,1.7860,value,1,13,1.7860
COP2223-013,,DENTAL SURGERY,University of Peradeniya,NUWARA ELIYA,1.3891,value,1,13,1.3891
COP2223-013,,DENTAL SURGERY,University of Peradeniya,GALLE,1.8319,value,1,13,1.8319
COP2223-013,,DENTAL SURGERY,University of Peradeniya,MATARA,1.8405,value,1,13,1.8405
COP2223-013,,DENTAL SURGERY,University of Peradeniya,HAMBANTOTA,1.7587,value,1,13,1.7587
COP2223-013,,DENTAL SURGERY,University of Peradeniya,JAFFNA,1.8086,value,1,13,1.8086
COP2223-013,,DENTAL SURGERY,University of Peradeniya,KILINOCHCHI,1.6660,value,1,13,1.6660
COP2223-013,,DENTAL SURGERY,University of Peradeniya,MANNAR,1.6619,value,1,13,1.6619
COP2223-013,,DENTAL SURGERY,University of Peradeniya,MULLAITIVU,1.7586,value,1,13,1.7586
COP2223-013,,DENTAL SURGERY,University of Peradeniya,VAVUNIYA,,NQC,1,13,NQC
COP2223-013,,DENTAL SURGERY,University of Peradeniya,TRINCOMALEE,1.6686,value,1,13,1.6686
COP2223-013,,DENTAL SURGERY,University of Peradeniya,BATTICALOA,1.7962,value,1,13,1.7962
COP2223-013,,DENTAL SURGERY,University of Peradeniya,AMPARA,1.7816,value,1,13,1.7816
COP2223-013,,DENTAL SURGERY,University of Peradeniya,PUTTALAM,1.6623,value,1,13,1.6623
COP2223-013,,DENTAL SURGERY,University of Peradeniya,KURUNEGALA,1.7860,value,1,13,1.7860
COP2223-013,,DENTAL SURGERY,University of Peradeniya,ANURADHAPURA,1.5063,value,1,13,1.5063
COP2223-013,,DENTAL SURGERY,University of Peradeniya,POLONNARUWA,1.3714,value,1,13,1.3714
COP2223-013,,DENTAL SURGERY,University of Peradeniya,BADULLA,1.6678,value,1,13,1.6678
COP2223-013,,DENTAL SURGERY,University of Peradeniya,MONARAGALA,1.5849,value,1,13,1.5849
COP2223-013,,DENTAL SURGERY,University of Peradeniya,KEGALLE,1.7513,value,1,13,1.7513
COP2223-013,,DENTAL SURGERY,University of Peradeniya,RATNAPURA,1.7434,value,1,13,1.7434
COP2223-014,,DENTAL SURGERY,University of Sri Jayewardenepura,COLOMBO,1.8337,value,1,14,1.8337
COP2223-014,,DENTAL SURGERY,University of Sri Jayewardenepura,GAMPAHA,1.6219,value,1,14,1.6219
COP2223-014,,DENTAL SURGERY,University of Sri Jayewardenepura,KALUTARA,1.7682,value,1,14,1.7682
COP2223-014,,DENTAL SURGERY,University of Sri Jayewardenepura,MATALE,,NQC,1,14,NQC
COP2223-014,,DENTAL SURGERY,University of Sri Jayewardenepura,KANDY,,NQC,1,14,NQC
COP2223-014,,DENTAL SURGERY,University of Sri Jayewardenepura,NUWARA ELIYA,1.3789,value,1,14,1.3789
COP2223-014,,DENTAL SURGERY,University of Sri Jayewardenepura,GALLE,1.8340,value,1,14,1.8340
COP2223-014,,DENTAL SURGERY,University of Sri Jayewardenepura,MATARA,1.8535,value,1,14,1.8535
COP2223-014,,DENTAL SURGERY,University of Sri Jayewardenepura,HAMBANTOTA,1.8254,value,1,14,1.8254
COP2223-014,,DENTAL SURGERY,University of Sri Jayewardenepura,JAFFNA,,NQC,1,14,NQC
COP2223-014,,DENTAL SURGERY,University of Sri Jayewardenepura,KILINOCHCHI,,NQC,1,14,NQC
COP2223-014,,DENTAL SURGERY,University of Sri Jayewardenepura,MANNAR,,NQC,1,14,NQC
COP2223-014,,DENTAL SURGERY,University of Sri Jayewardenepura,MULLAITIVU,,NQC,1,14,NQC
COP2223-014,,DENTAL SURGERY,University of Sri Jayewardenepura,VAVUNIYA,1.8206,value,1,14,1.8206
COP2223-014,,DENTAL SURGERY,University of Sri Jayewardenepura,TRINCOMALEE,,NQC,1,14,NQC
COP2223-014,,DENTAL SURGERY,University of Sri Jayewardenepura,BATTICALOA,,NQC,1,14,NQC
COP2223-014,,DENTAL SURGERY,University of Sri Jayewardenepura,AMPARA,,NQC,1,14,NQC
COP2223-014,,DENTAL SURGERY,University of Sri Jayewardenepura,PUTTALAM,,NQC,1,14,NQC
COP2223-014,,DENTAL SURGERY,University of Sri Jayewardenepura,KURUNEGALA,,NQC,1,14,NQC
COP2223-014,,DENTAL SURGERY,University of Sri Jayewardenepura,ANURADHAPURA,,NQC,1,14,NQC
COP2223-014,,DENTAL SURGERY,University of Sri Jayewardenepura,POLONNARUWA,,NQC,1,14,NQC
COP2223-014,,DENTAL SURGERY,University of Sri Jayewardenepura,BADULLA,,NQC,1,14,NQC
COP2223-014,,DENTAL SURGERY,University of Sri Jayewardenepura,MONARAGALA,,NQC,1,14,NQC
COP2223-014,,DENTAL SURGERY,University of Sri Jayewardenepura,KEGALLE,,NQC,1,14,NQC
COP2223-014,,DENTAL SURGERY,University of Sri Jayewardenepura,RATNAPURA,1.7317,value,1,14,1.7317
COP2223-015,,VETERINARY SCIENCE,University of Peradeniya,COLOMBO,1.7345,value,1,15,1.7345
COP2223-015,,VETERINARY SCIENCE,University of Peradeniya,GAMPAHA,1.6011,value,1,15,1.6011
COP2223-015,,VETERINARY SCIENCE,University of Peradeniya,KALUTARA,1.7211,value,1,15,1.7211
COP2223-015,,VETERINARY SCIENCE,University of Peradeniya,MATALE,1.5648,value,1,15,1.5648
COP2223-015,,VETERINARY SCIENCE,University of Peradeniya,KANDY,1.7446,value,1,15,1.7446
COP2223-015,,VETERINARY SCIENCE,University of Peradeniya,NUWARA ELIYA,1.3253,value,1,15,1.3253
COP2223-015,,VETERINARY SCIENCE,University of Peradeniya,GALLE,1.7523,value,1,15,1.7523
COP2223-015,,VETERINARY SCIENCE,University of Peradeniya,MATARA,1.7211,value,1,15,1.7211
COP2223-015,,VETERINARY SCIENCE,University of Peradeniya,HAMBANTOTA,1.7457,value,1,15,1.7457
COP2223-015,,VETERINARY SCIENCE,University of Peradeniya,JAFFNA,1.7370,value,1,15,1.7370
COP2223-015,,VETERINARY SCIENCE,University of Peradeniya,KILINOCHCHI,1.6470,value,1,15,1.6470
COP2223-015,,VETERINARY SCIENCE,University of Peradeniya,MANNAR,1.5410,value,1,15,1.5410
COP2223-015,,VETERINARY SCIENCE,University of Peradeniya,MULLAITIVU,1.6464,value,1,15,1.6464
COP2223-015,,VETERINARY SCIENCE,University of Peradeniya,VAVUNIYA,1.7615,value,1,15,1.7615
COP2223-015,,VETERINARY SCIENCE,University of Peradeniya,TRINCOMALEE,1.6649,value,1,15,1.6649
COP2223-015,,VETERINARY SCIENCE,University of Peradeniya,BATTICALOA,1.7456,value,1,15,1.7456
COP2223-015,,VETERINARY SCIENCE,University of Peradeniya,AMPARA,1.7268,value,1,15,1.7268
COP2223-015,,VETERINARY SCIENCE,University of Peradeniya,PUTTALAM,1.6574,value,1,15,1.6574
COP2223-015,,VETERINARY SCIENCE,University of Peradeniya,KURUNEGALA,1.7427,value,1,15,1.7427
COP2223-015,,VETERINARY SCIENCE,University of Peradeniya,ANURADHAPURA,1.4687,value,1,15,1.4687
COP2223-015,,VETERINARY SCIENCE,University of Peradeniya,POLONNARUWA,1.3320,value,1,15,1.3320
COP2223-015,,VETERINARY SCIENCE,University of Peradeniya,BADULLA,1.6002,value,1,15,1.6002
COP2223-015,,VETERINARY SCIENCE,University of Peradeniya,MONARAGALA,1.5756,value,1,15,1.5756
COP2223-015,,VETERINARY SCIENCE,University of Peradeniya,KEGALLE,1.7214,value,1,15,1.7214
COP2223-015,,VETERINARY SCIENCE,University of Peradeniya,RATNAPURA,1.7202,value,1,15,1.7202
COP2223-016,,BIOCHEMISTRY & MOLECULAR BIOLOGY,University of Colombo,COLOMBO,1.7704,value,1,16,1.7704
COP2223-016,,BIOCHEMISTRY & MOLECULAR BIOLOGY,University of Colombo,GAMPAHA,1.5980,value,1,16,1.5980
COP2223-016,,BIOCHEMISTRY & MOLECULAR BIOLOGY,University of Colombo,KALUTARA,1.7372,value,1,16,1.7372
COP2223-016,,BIOCHEMISTRY & MOLECULAR BIOLOGY,University of Colombo,MATALE,1.5588,value,1,16,1.5588
COP2223-016,,BIOCHEMISTRY & MOLECULAR BIOLOGY,University of Colombo,KANDY,1.7709,value,1,16,1.7709
COP2223-016,,BIOCHEMISTRY & MOLECULAR BIOLOGY,University of Colombo,NUWARA ELIYA,1.3150,value,1,16,1.3150
COP2223-016,,BIOCHEMISTRY & MOLECULAR BIOLOGY,University of Colombo,GALLE,1.7812,value,1,16,1.7812
COP2223-016,,BIOCHEMISTRY & MOLECULAR BIOLOGY,University of Colombo,MATARA,1.7361,value,1,16,1.7361
COP2223-016,,BIOCHEMISTRY & MOLECULAR BIOLOGY,University of Colombo,HAMBANTOTA,1.7306,value,1,16,1.7306
COP2223-016,,BIOCHEMISTRY & MOLECULAR BIOLOGY,University of Colombo,JAFFNA,1.7859,value,1,16,1.7859
COP2223-016,,BIOCHEMISTRY & MOLECULAR BIOLOGY,University of Colombo,KILINOCHCHI,1.5353,value,1,16,1.5353
COP2223-016,,BIOCHEMISTRY & MOLECULAR BIOLOGY,University of Colombo,MANNAR,1.5458,value,1,16,1.5458
COP2223-016,,BIOCHEMISTRY & MOLECULAR BIOLOGY,University of Colombo,MULLAITIVU,1.3834,value,1,16,1.3834
COP2223-016,,BIOCHEMISTRY & MOLECULAR BIOLOGY,University of Colombo,VAVUNIYA,1.7345,value,1,16,1.7345
COP2223-016,,BIOCHEMISTRY & MOLECULAR BIOLOGY,University of Colombo,TRINCOMALEE,1.6639,value,1,16,1.6639
COP2223-016,,BIOCHEMISTRY & MOLECULAR BIOLOGY,University of Colombo,BATTICALOA,1.7530,value,1,16,1.7530
COP2223-016,,BIOCHEMISTRY & MOLECULAR BIOLOGY,University of Colombo,AMPARA,1.7033,value,1,16,1.7033
COP2223-016,,BIOCHEMISTRY & MOLECULAR BIOLOGY,University of Colombo,PUTTALAM,1.6201,value,1,16,1.6201
COP2223-016,,BIOCHEMISTRY & MOLECULAR BIOLOGY,University of Colombo,KURUNEGALA,1.7739,value,1,16,1.7739
COP2223-016,,BIOCHEMISTRY & MOLECULAR BIOLOGY,University of Colombo,ANURADHAPURA,1.5009,value,1,16,1.5009
COP2223-016,,BIOCHEMISTRY & MOLECULAR BIOLOGY,University of Colombo,POLONNARUWA,1.3170,value,1,16,1.3170
COP2223-016,,BIOCHEMISTRY & MOLECULAR BIOLOGY,University of Colombo,BADULLA,1.6644,value,1,16,1.6644
COP2223-016,,BIOCHEMISTRY & MOLECULAR BIOLOGY,University of Colombo,MONARAGALA,1.5776,value,1,16,1.5776
COP2223-016,,BIOCHEMISTRY & MOLECULAR BIOLOGY,University of Colombo,KEGALLE,1.7437,value,1,16,1.7437
COP2223-016,,BIOCHEMISTRY & MOLECULAR BIOLOGY,University of Colombo,RATNAPURA,1.7147,value,1,16,1.7147
COP2223-017,,AGRICULTURAL TECHNOLOGY & MANAGEMENT,University of Peradeniya,COLOMBO,1.1759,value,1,17,1.1759
COP2223-017,,AGRICULTURAL TECHNOLOGY & MANAGEMENT,University of Peradeniya,GAMPAHA,1.2040,value,1,17,1.2040
COP2223-017,,AGRICULTURAL TECHNOLOGY & MANAGEMENT,University of Peradeniya,KALUTARA,1.2884,value,1,17,1.2884
COP2223-017,,AGRICULTURAL TECHNOLOGY & MANAGEMENT,University of Peradeniya,MATALE,1.2325,value,1,17,1.2325
COP2223-017,,AGRICULTURAL TECHNOLOGY & MANAGEMENT,University of Peradeniya,KANDY,1.3487,value,1,17,1.3487
COP2223-017,,AGRICULTURAL TECHNOLOGY & MANAGEMENT,University of Peradeniya,NUWARA ELIYA,1.1548,value,1,17,1.1548
COP2223-017,,AGRICULTURAL TECHNOLOGY & MANAGEMENT,University of Peradeniya,GALLE,1.3090,value,1,17,1.3090
COP2223-017,,AGRICULTURAL TECHNOLOGY & MANAGEMENT,University of Peradeniya,MATARA,1.3705,value,1,17,1.3705
COP2223-017,,AGRICULTURAL TECHNOLOGY & MANAGEMENT,University of Peradeniya,HAMBANTOTA,1.3042,value,1,17,1.3042
COP2223-017,,AGRICULTURAL TECHNOLOGY & MANAGEMENT,University of Peradeniya,JAFFNA,1.3043,value,1,17,1.3043
COP2223-017,,AGRICULTURAL TECHNOLOGY & MANAGEMENT,University of Peradeniya,KILINOCHCHI,1.2744,value,1,17,1.2744
COP2223-017,,AGRICULTURAL TECHNOLOGY & MANAGEMENT,University of Peradeniya,MANNAR,1.2453,value,1,17,1.2453
COP2223-017,,AGRICULTURAL TECHNOLOGY & MANAGEMENT,University of Peradeniya,MULLAITIVU,1.2566,value,1,17,1.2566
COP2223-017,,AGRICULTURAL TECHNOLOGY & MANAGEMENT,University of Peradeniya,VAVUNIYA,0.6477,value,1,17,0.6477
COP2223-017,,AGRICULTURAL TECHNOLOGY & MANAGEMENT,University of Peradeniya,TRINCOMALEE,1.0878,value,1,17,1.0878
COP2223-017,,AGRICULTURAL TECHNOLOGY & MANAGEMENT,University of Peradeniya,BATTICALOA,1.1553,value,1,17,1.1553
COP2223-017,,AGRICULTURAL TECHNOLOGY & MANAGEMENT,University of Peradeniya,AMPARA,1.3384,value,1,17,1.3384
COP2223-017,,AGRICULTURAL TECHNOLOGY & MANAGEMENT,University of Peradeniya,PUTTALAM,1.1835,value,1,17,1.1835
COP2223-017,,AGRICULTURAL TECHNOLOGY & MANAGEMENT,University of Peradeniya,KURUNEGALA,1.3325,value,1,17,1.3325
COP2223-017,,AGRICULTURAL TECHNOLOGY & MANAGEMENT,University of Peradeniya,ANURADHAPURA,1.2957,value,1,17,1.2957
COP2223-017,,AGRICULTURAL TECHNOLOGY & MANAGEMENT,University of Peradeniya,POLONNARUWA,1.2649,value,1,17,1.2649
COP2223-017,,AGRICULTURAL TECHNOLOGY & MANAGEMENT,University of Peradeniya,BADULLA,1.3423,value,1,17,1.3423
COP2223-017,,AGRICULTURAL TECHNOLOGY & MANAGEMENT,University of Peradeniya,MONARAGALA,1.2858,value,1,17,1.2858
COP2223-017,,AGRICULTURAL TECHNOLOGY & MANAGEMENT,University of Peradeniya,KEGALLE,1.2670,value,1,17,1.2670
COP2223-017,,AGRICULTURAL TECHNOLOGY & MANAGEMENT,University of Peradeniya,RATNAPURA,1.2033,value,1,17,1.2033
COP2223-018,,AGRICULTURE,University of Jaffna,COLOMBO,0.4638,value,1,18,0.4638
COP2223-018,,AGRICULTURE,University of Jaffna,GAMPAHA,0.4618,value,1,18,0.4618
COP2223-018,,AGRICULTURE,University of Jaffna,KALUTARA,0.6491,value,1,18,0.6491
COP2223-018,,AGRICULTURE,University of Jaffna,MATALE,0.6560,value,1,18,0.6560
COP2223-018,,AGRICULTURE,University of Jaffna,KANDY,0.7642,value,1,18,0.7642
COP2223-018,,AGRICULTURE,University of Jaffna,NUWARA ELIYA,0.4627,value,1,18,0.4627
COP2223-018,,AGRICULTURE,University of Jaffna,GALLE,0.6394,value,1,18,0.6394
COP2223-018,,AGRICULTURE,University of Jaffna,MATARA,0.6099,value,1,18,0.6099
COP2223-018,,AGRICULTURE,University of Jaffna,HAMBANTOTA,0.8231,value,1,18,0.8231
COP2223-018,,AGRICULTURE,University of Jaffna,JAFFNA,0.6679,value,1,18,0.6679
COP2223-018,,AGRICULTURE,University of Jaffna,KILINOCHCHI,0.5958,value,1,18,0.5958
COP2223-018,,AGRICULTURE,University of Jaffna,MANNAR,0.4667,value,1,18,0.4667
COP2223-018,,AGRICULTURE,University of Jaffna,MULLAITIVU,0.6176,value,1,18,0.6176
COP2223-018,,AGRICULTURE,University of Jaffna,VAVUNIYA,0.5199,value,1,18,0.5199
COP2223-018,,AGRICULTURE,University of Jaffna,TRINCOMALEE,0.4674,value,1,18,0.4674
COP2223-018,,AGRICULTURE,University of Jaffna,BATTICALOA,0.5724,value,1,18,0.5724
COP2223-018,,AGRICULTURE,University of Jaffna,AMPARA,0.5844,value,1,18,0.5844
COP2223-018,,AGRICULTURE,University of Jaffna,PUTTALAM,0.4726,value,1,18,0.4726
COP2223-018,,AGRICULTURE,University of Jaffna,KURUNEGALA,0.6497,value,1,18,0.6497
COP2223-018,,AGRICULTURE,University of Jaffna,ANURADHAPURA,0.4627,value,1,18,0.4627
COP2223-018,,AGRICULTURE,University of Jaffna,POLONNARUWA,0.5278,value,1,18,0.5278
COP2223-018,,AGRICULTURE,University of Jaffna,BADULLA,0.5294,value,1,18,0.5294
COP2223-018,,AGRICULTURE,University of Jaffna,MONARAGALA,0.4781,value,1,18,0.4781
COP2223-018,,AGRICULTURE,University of Jaffna,KEGALLE,0.6261,value,1,18,0.6261
COP2223-018,,AGRICULTURE,University of Jaffna,RATNAPURA,0.5341,value,1,18,0.5341
COP2223-019,,AGRICULTURE,"Eastern University, Sri Lanka",COLOMBO,0.4158,value,1,19,0.4158
COP2223-019,,AGRICULTURE,"Eastern University, Sri Lanka",GAMPAHA,0.4227,value,1,19,0.4227
COP2223-019,,AGRICULTURE,"Eastern University, Sri Lanka",KALUTARA,0.7903,value,1,19,0.7903
COP2223-019,,AGRICULTURE,"Eastern University, Sri Lanka",MATALE,,NQC,1,19,NQC
COP2223-019,,AGRICULTURE,"Eastern University, Sri Lanka",KANDY,0.6029,value,1,19,0.6029
COP2223-019,,AGRICULTURE,"Eastern University, Sri Lanka",NUWARA ELIYA,0.3495,value,1,19,0.3495
COP2223-019,,AGRICULTURE,"Eastern University, Sri Lanka",GALLE,0.6045,value,1,19,0.6045
COP2223-019,,AGRICULTURE,"Eastern University, Sri Lanka",MATARA,0.5849,value,1,19,0.5849
COP2223-019,,AGRICULTURE,"Eastern University, Sri Lanka",HAMBANTOTA,0.6204,value,1,19,0.6204
COP2223-019,,AGRICULTURE,"Eastern University, Sri Lanka",JAFFNA,0.6728,value,1,19,0.6728
COP2223-019,,AGRICULTURE,"Eastern University, Sri Lanka",KILINOCHCHI,0.4655,value,1,19,0.4655
COP2223-019,,AGRICULTURE,"Eastern University, Sri Lanka",MANNAR,0.3943,value,1,19,0.3943
COP2223-019,,AGRICULTURE,"Eastern University, Sri Lanka",MULLAITIVU,0.7097,value,1,19,0.7097
COP2223-019,,AGRICULTURE,"Eastern University, Sri Lanka",VAVUNIYA,0.4281,value,1,19,0.4281
COP2223-019,,AGRICULTURE,"Eastern University, Sri Lanka",TRINCOMALEE,0.4730,value,1,19,0.4730
COP2223-019,,AGRICULTURE,"Eastern University, Sri Lanka",BATTICALOA,0.5697,value,1,19,0.5697
COP2223-019,,AGRICULTURE,"Eastern University, Sri Lanka",AMPARA,0.6102,value,1,19,0.6102
COP2223-019,,AGRICULTURE,"Eastern University, Sri Lanka",PUTTALAM,0.3803,value,1,19,0.3803
COP2223-019,,AGRICULTURE,"Eastern University, Sri Lanka",KURUNEGALA,0.6270,value,1,19,0.6270
COP2223-019,,AGRICULTURE,"Eastern University, Sri Lanka",ANURADHAPURA,0.4504,value,1,19,0.4504
COP2223-019,,AGRICULTURE,"Eastern University, Sri Lanka",POLONNARUWA,0.3220,value,1,19,0.3220
COP2223-019,,AGRICULTURE,"Eastern University, Sri Lanka",BADULLA,0.5394,value,1,19,0.5394
COP2223-019,,AGRICULTURE,"Eastern University, Sri Lanka",MONARAGALA,0.4486,value,1,19,0.4486
COP2223-019,,AGRICULTURE,"Eastern University, Sri Lanka",KEGALLE,0.6326,value,1,19,0.6326
COP2223-019,,AGRICULTURE,"Eastern University, Sri Lanka",RATNAPURA,0.5334,value,1,19,0.5334
COP2223-020,,AGRICULTURE,Rajarata University of Sri Lanka,COLOMBO,0.5911,value,1,20,0.5911
COP2223-020,,AGRICULTURE,Rajarata University of Sri Lanka,GAMPAHA,0.5781,value,1,20,0.5781
COP2223-020,,AGRICULTURE,Rajarata University of Sri Lanka,KALUTARA,0.5987,value,1,20,0.5987
COP2223-020,,AGRICULTURE,Rajarata University of Sri Lanka,MATALE,0.6104,value,1,20,0.6104
COP2223-020,,AGRICULTURE,Rajarata University of Sri Lanka,KANDY,0.6183,value,1,20,0.6183
COP2223-020,,AGRICULTURE,Rajarata University of Sri Lanka,NUWARA ELIYA,0.6258,value,1,20,0.6258
COP2223-020,,AGRICULTURE,Rajarata University of Sri Lanka,GALLE,0.5857,value,1,20,0.5857
COP2223-020,,AGRICULTURE,Rajarata University of Sri Lanka,MATARA,0.5798,value,1,20,0.5798
COP2223-020,,AGRICULTURE,Rajarata University of Sri Lanka,HAMBANTOTA,0.6221,value,1,20,0.6221
COP2223-020,,AGRICULTURE,Rajarata University of Sri Lanka,JAFFNA,0.7215,value,1,20,0.7215
COP2223-020,,AGRICULTURE,Rajarata University of Sri Lanka,KILINOCHCHI,0.8534,value,1,20,0.8534
COP2223-020,,AGRICULTURE,Rajarata University of Sri Lanka,MANNAR,,NQC,1,20,NQC
COP2223-020,,AGRICULTURE,Rajarata University of Sri Lanka,MULLAITIVU,,NQC,1,20,NQC
COP2223-020,,AGRICULTURE,Rajarata University of Sri Lanka,VAVUNIYA,,NQC,1,20,NQC
COP2223-020,,AGRICULTURE,Rajarata University of Sri Lanka,TRINCOMALEE,,NQC,1,20,NQC
COP2223-020,,AGRICULTURE,Rajarata University of Sri Lanka,BATTICALOA,,NQC,1,20,NQC
COP2223-020,,AGRICULTURE,Rajarata University of Sri Lanka,AMPARA,0.5905,value,1,20,0.5905
COP2223-020,,AGRICULTURE,Rajarata University of Sri Lanka,PUTTALAM,0.6016,value,1,20,0.6016
COP2223-020,,AGRICULTURE,Rajarata University of Sri Lanka,KURUNEGALA,0.6299,value,1,20,0.6299
COP2223-020,,AGRICULTURE,Rajarata University of Sri Lanka,ANURADHAPURA,0.6045,value,1,20,0.6045
COP2223-020,,AGRICULTURE,Rajarata University of Sri Lanka,POLONNARUWA,0.6089,value,1,20,0.6089
COP2223-020,,AGRICULTURE,Rajarata University of Sri Lanka,BADULLA,0.5930,value,1,20,0.5930
COP2223-020,,AGRICULTURE,Rajarata University of Sri Lanka,MONARAGALA,0.5756,value,1,20,0.5756
COP2223-020,,AGRICULTURE,Rajarata University of Sri Lanka,KEGALLE,0.5952,value,1,20,0.5952
COP2223-020,,AGRICULTURE,Rajarata University of Sri Lanka,RATNAPURA,0.5829,value,1,20,0.5829
COP2223-021,,AGRICULTURE,Sabaragamuwa University of Sri Lanka,COLOMBO,0.6993,value,1,21,0.6993
COP2223-021,,AGRICULTURE,Sabaragamuwa University of Sri Lanka,GAMPAHA,0.6872,value,1,21,0.6872
COP2223-021,,AGRICULTURE,Sabaragamuwa University of Sri Lanka,KALUTARA,0.6924,value,1,21,0.6924
COP2223-021,,AGRICULTURE,Sabaragamuwa University of Sri Lanka,MATALE,0.7378,value,1,21,0.7378
COP2223-021,,AGRICULTURE,Sabaragamuwa University of Sri Lanka,KANDY,0.7021,value,1,21,0.7021
COP2223-021,,AGRICULTURE,Sabaragamuwa University of Sri Lanka,NUWARA ELIYA,0.9751,value,1,21,0.9751
COP2223-021,,AGRICULTURE,Sabaragamuwa University of Sri Lanka,GALLE,0.7423,value,1,21,0.7423
COP2223-021,,AGRICULTURE,Sabaragamuwa University of Sri Lanka,MATARA,0.7077,value,1,21,0.7077
COP2223-021,,AGRICULTURE,Sabaragamuwa University of Sri Lanka,HAMBANTOTA,0.7067,value,1,21,0.7067
COP2223-021,,AGRICULTURE,Sabaragamuwa University of Sri Lanka,JAFFNA,0.6964,value,1,21,0.6964
COP2223-021,,AGRICULTURE,Sabaragamuwa University of Sri Lanka,KILINOCHCHI,,NQC,1,21,NQC
COP2223-021,,AGRICULTURE,Sabaragamuwa University of Sri Lanka,MANNAR,0.7442,value,1,21,0.7442
COP2223-021,,AGRICULTURE,Sabaragamuwa University of Sri Lanka,MULLAITIVU,,NQC,1,21,NQC
COP2223-021,,AGRICULTURE,Sabaragamuwa University of Sri Lanka,VAVUNIYA,,NQC,1,21,NQC
COP2223-021,,AGRICULTURE,Sabaragamuwa University of Sri Lanka,TRINCOMALEE,,NQC,1,21,NQC
COP2223-021,,AGRICULTURE,Sabaragamuwa University of Sri Lanka,BATTICALOA,0.7723,value,1,21,0.7723
COP2223-021,,AGRICULTURE,Sabaragamuwa University of Sri Lanka,AMPARA,0.7557,value,1,21,0.7557
COP2223-021,,AGRICULTURE,Sabaragamuwa University of Sri Lanka,PUTTALAM,0.9017,value,1,21,0.9017
COP2223-021,,AGRICULTURE,Sabaragamuwa University of Sri Lanka,KURUNEGALA,0.6898,value,1,21,0.6898
COP2223-021,,AGRICULTURE,Sabaragamuwa University of Sri Lanka,ANURADHAPURA,0.7015,value,1,21,0.7015
COP2223-021,,AGRICULTURE,Sabaragamuwa University of Sri Lanka,POLONNARUWA,,NQC,1,21,NQC
COP2223-021,,AGRICULTURE,Sabaragamuwa University of Sri Lanka,BADULLA,0.7380,value,1,21,0.7380
COP2223-021,,AGRICULTURE,Sabaragamuwa University of Sri Lanka,MONARAGALA,0.7958,value,1,21,0.7958
COP2223-021,,AGRICULTURE,Sabaragamuwa University of Sri Lanka,KEGALLE,0.7120,value,1,21,0.7120
COP2223-021,,AGRICULTURE,Sabaragamuwa University of Sri Lanka,RATNAPURA,0.6883,value,1,21,0.6883
COP2223-022,,AGRICULTURE,Wayamba University of Sri Lanka,COLOMBO,0.5923,value,1,22,0.5923
COP2223-022,,AGRICULTURE,Wayamba University of Sri Lanka,GAMPAHA,0.6036,value,1,22,0.6036
COP2223-022,,AGRICULTURE,Wayamba University of Sri Lanka,KALUTARA,0.5923,value,1,22,0.5923
COP2223-022,,AGRICULTURE,Wayamba University of Sri Lanka,MATALE,0.6231,value,1,22,0.6231
COP2223-022,,AGRICULTURE,Wayamba University of Sri Lanka,KANDY,0.6098,value,1,22,0.6098
COP2223-022,,AGRICULTURE,Wayamba University of Sri Lanka,NUWARA ELIYA,0.6297,value,1,22,0.6297
COP2223-022,,AGRICULTURE,Wayamba University of Sri Lanka,GALLE,0.5863,value,1,22,0.5863
COP2223-022,,AGRICULTURE,Wayamba University of Sri Lanka,MATARA,0.5887,value,1,22,0.5887
COP2223-022,,AGRICULTURE,Wayamba University of Sri Lanka,HAMBANTOTA,0.6287,value,1,22,0.6287
COP2223-022,,AGRICULTURE,Wayamba University of Sri Lanka,JAFFNA,0.6797,value,1,22,0.6797
COP2223-022,,AGRICULTURE,Wayamba University of Sri Lanka,KILINOCHCHI,,NQC,1,22,NQC
COP2223-022,,AGRICULTURE,Wayamba University of Sri Lanka,MANNAR,0.8777,value,1,22,0.8777
COP2223-022,,AGRICULTURE,Wayamba University of Sri Lanka,MULLAITIVU,,NQC,1,22,NQC
COP2223-022,,AGRICULTURE,Wayamba University of Sri Lanka,VAVUNIYA,,NQC,1,22,NQC
COP2223-022,,AGRICULTURE,Wayamba University of Sri Lanka,TRINCOMALEE,0.6900,value,1,22,0.6900
COP2223-022,,AGRICULTURE,Wayamba University of Sri Lanka,BATTICALOA,0.5791,value,1,22,0.5791
COP2223-022,,AGRICULTURE,Wayamba University of Sri Lanka,AMPARA,0.5914,value,1,22,0.5914
COP2223-022,,AGRICULTURE,Wayamba University of Sri Lanka,PUTTALAM,0.5783,value,1,22,0.5783
COP2223-022,,AGRICULTURE,Wayamba University of Sri Lanka,KURUNEGALA,0.6308,value,1,22,0.6308
COP2223-022,,AGRICULTURE,Wayamba University of Sri Lanka,ANURADHAPURA,0.5884,value,1,22,0.5884
COP2223-022,,AGRICULTURE,Wayamba University of Sri Lanka,POLONNARUWA,0.5797,value,1,22,0.5797
COP2223-022,,AGRICULTURE,Wayamba University of Sri Lanka,BADULLA,0.5809,value,1,22,0.5809
COP2223-022,,AGRICULTURE,Wayamba University of Sri Lanka,MONARAGALA,0.6198,value,1,22,0.6198
COP2223-022,,AGRICULTURE,Wayamba University of Sri Lanka,KEGALLE,0.5924,value,1,22,0.5924
COP2223-022,,AGRICULTURE,Wayamba University of Sri Lanka,RATNAPURA,0.5902,value,1,22,0.5902
COP2223-023,,FOOD SCIENCE & NUTRITION,Wayamba University of Sri Lanka,COLOMBO,1.0529,value,1,23,1.0529
COP2223-023,,FOOD SCIENCE & NUTRITION,Wayamba University of Sri Lanka,GAMPAHA,1.1113,value,1,23,1.1113
COP2223-023,,FOOD SCIENCE & NUTRITION,Wayamba University of Sri Lanka,KALUTARA,1.2161,value,1,23,1.2161
COP2223-023,,FOOD SCIENCE & NUTRITION,Wayamba University of Sri Lanka,MATALE,1.1317,value,1,23,1.1317
COP2223-023,,FOOD SCIENCE & NUTRITION,Wayamba University of Sri Lanka,KANDY,1.0935,value,1,23,1.0935
COP2223-023,,FOOD SCIENCE & NUTRITION,Wayamba University of Sri Lanka,NUWARA ELIYA,1.0887,value,1,23,1.0887
COP2223-023,,FOOD SCIENCE & NUTRITION,Wayamba University of Sri Lanka,GALLE,1.1207,value,1,23,1.1207
COP2223-023,,FOOD SCIENCE & NUTRITION,Wayamba University of Sri Lanka,MATARA,1.1777,value,1,23,1.1777
COP2223-023,,FOOD SCIENCE & NUTRITION,Wayamba University of Sri Lanka,HAMBANTOTA,1.1177,value,1,23,1.1177
COP2223-023,,FOOD SCIENCE & NUTRITION,Wayamba University of Sri Lanka,JAFFNA,1.2116,value,1,23,1.2116
COP2223-023,,FOOD SCIENCE & NUTRITION,Wayamba University of Sri Lanka,KILINOCHCHI,0.7893,value,1,23,0.7893
COP2223-023,,FOOD SCIENCE & NUTRITION,Wayamba University of Sri Lanka,MANNAR,1.1268,value,1,23,1.1268
COP2223-023,,FOOD SCIENCE & NUTRITION,Wayamba University of Sri Lanka,MULLAITIVU,0.9533,value,1,23,0.9533
COP2223-023,,FOOD SCIENCE & NUTRITION,Wayamba University of Sri Lanka,VAVUNIYA,0.9612,value,1,23,0.9612
COP2223-023,,FOOD SCIENCE & NUTRITION,Wayamba University of Sri Lanka,TRINCOMALEE,1.1347,value,1,23,1.1347
COP2223-023,,FOOD SCIENCE & NUTRITION,Wayamba University of Sri Lanka,BATTICALOA,1.1750,value,1,23,1.1750
COP2223-023,,FOOD SCIENCE & NUTRITION,Wayamba University of Sri Lanka,AMPARA,1.2193,value,1,23,1.2193
COP2223-023,,FOOD SCIENCE & NUTRITION,Wayamba University of Sri Lanka,PUTTALAM,1.1472,value,1,23,1.1472
COP2223-023,,FOOD SCIENCE & NUTRITION,Wayamba University of Sri Lanka,KURUNEGALA,1.1517,value,1,23,1.1517
COP2223-023,,FOOD SCIENCE & NUTRITION,Wayamba University of Sri Lanka,ANURADHAPURA,1.0755,value,1,23,1.0755
COP2223-023,,FOOD SCIENCE & NUTRITION,Wayamba University of Sri Lanka,POLONNARUWA,1.1110,value,1,23,1.1110
COP2223-023,,FOOD SCIENCE & NUTRITION,Wayamba University of Sri Lanka,BADULLA,1.1170,value,1,23,1.1170
COP2223-023,,FOOD SCIENCE & NUTRITION,Wayamba University of Sri Lanka,MONARAGALA,1.2099,value,1,23,1.2099
COP2223-023,,FOOD SCIENCE & NUTRITION,Wayamba University of Sri Lanka,KEGALLE,1.1986,value,1,23,1.1986
COP2223-023,,FOOD SCIENCE & NUTRITION,Wayamba University of Sri Lanka,RATNAPURA,1.1127,value,1,23,1.1127
COP2223-024,,FOOD SCIENCE & TECHNOLOGY,University of Peradeniya,COLOMBO,1.5034,value,1,24,1.5034
COP2223-024,,FOOD SCIENCE & TECHNOLOGY,University of Peradeniya,GAMPAHA,1.5113,value,1,24,1.5113
COP2223-024,,FOOD SCIENCE & TECHNOLOGY,University of Peradeniya,KALUTARA,1.5138,value,1,24,1.5138
COP2223-024,,FOOD SCIENCE & TECHNOLOGY,University of Peradeniya,MATALE,,NQC,1,24,NQC
COP2223-024,,FOOD SCIENCE & TECHNOLOGY,University of Peradeniya,KANDY,1.5677,value,1,24,1.5677
COP2223-024,,FOOD SCIENCE & TECHNOLOGY,University of Peradeniya,NUWARA ELIYA,,NQC,1,24,NQC
COP2223-024,,FOOD SCIENCE & TECHNOLOGY,University of Peradeniya,GALLE,1.5440,value,1,24,1.5440
COP2223-024,,FOOD SCIENCE & TECHNOLOGY,University of Peradeniya,MATARA,1.6068,value,1,24,1.6068
COP2223-024,,FOOD SCIENCE & TECHNOLOGY,University of Peradeniya,HAMBANTOTA,1.5091,value,1,24,1.5091
COP2223-024,,FOOD SCIENCE & TECHNOLOGY,University of Peradeniya,JAFFNA,1.5054,value,1,24,1.5054
COP2223-024,,FOOD SCIENCE & TECHNOLOGY,University of Peradeniya,KILINOCHCHI,,NQC,1,24,NQC
COP2223-024,,FOOD SCIENCE & TECHNOLOGY,University of Peradeniya,MANNAR,,NQC,1,24,NQC
COP2223-024,,FOOD SCIENCE & TECHNOLOGY,University of Peradeniya,MULLAITIVU,,NQC,1,24,NQC
COP2223-024,,FOOD SCIENCE & TECHNOLOGY,University of Peradeniya,VAVUNIYA,,NQC,1,24,NQC
COP2223-024,,FOOD SCIENCE & TECHNOLOGY,University of Peradeniya,TRINCOMALEE,,NQC,1,24,NQC
COP2223-024,,FOOD SCIENCE & TECHNOLOGY,University of Peradeniya,BATTICALOA,,NQC,1,24,NQC
COP2223-024,,FOOD SCIENCE & TECHNOLOGY,University of Peradeniya,AMPARA,,NQC,1,24,NQC
COP2223-024,,FOOD SCIENCE & TECHNOLOGY,University of Peradeniya,PUTTALAM,,NQC,1,24,NQC
COP2223-024,,FOOD SCIENCE & TECHNOLOGY,University of Peradeniya,KURUNEGALA,1.5090,value,1,24,1.5090
COP2223-024,,FOOD SCIENCE & TECHNOLOGY,University of Peradeniya,ANURADHAPURA,,NQC,1,24,NQC
COP2223-024,,FOOD SCIENCE & TECHNOLOGY,University of Peradeniya,POLONNARUWA,,NQC,1,24,NQC
COP2223-024,,FOOD SCIENCE & TECHNOLOGY,University of Peradeniya,BADULLA,,NQC,1,24,NQC
COP2223-024,,FOOD SCIENCE & TECHNOLOGY,University of Peradeniya,MONARAGALA,1.5401,value,1,24,1.5401
COP2223-024,,FOOD SCIENCE & TECHNOLOGY,University of Peradeniya,KEGALLE,1.5336,value,1,24,1.5336
COP2223-024,,FOOD SCIENCE & TECHNOLOGY,University of Peradeniya,RATNAPURA,1.5053,value,1,24,1.5053
COP2223-025,,FOOD SCIENCE & TECHNOLOGY,University of Sri Jayewardenepura,COLOMBO,1.4434,value,1,25,1.4434
COP2223-025,,FOOD SCIENCE & TECHNOLOGY,University of Sri Jayewardenepura,GAMPAHA,1.4441,value,1,25,1.4441
COP2223-025,,FOOD SCIENCE & TECHNOLOGY,University of Sri Jayewardenepura,KALUTARA,1.4433,value,1,25,1.4433
COP2223-025,,FOOD SCIENCE & TECHNOLOGY,University of Sri Jayewardenepura,MATALE,,NQC,1,25,NQC
COP2223-025,,FOOD SCIENCE & TECHNOLOGY,University of Sri Jayewardenepura,KANDY,1.4696,value,1,25,1.4696
COP2223-025,,FOOD SCIENCE & TECHNOLOGY,University of Sri Jayewardenepura,NUWARA ELIYA,,NQC,1,25,NQC
COP2223-025,,FOOD SCIENCE & TECHNOLOGY,University of Sri Jayewardenepura,GALLE,1.4435,value,1,25,1.4435
COP2223-025,,FOOD SCIENCE & TECHNOLOGY,University of Sri Jayewardenepura,MATARA,1.4624,value,1,25,1.4624
COP2223-025,,FOOD SCIENCE & TECHNOLOGY,University of Sri Jayewardenepura,HAMBANTOTA,1.4433,value,1,25,1.4433
COP2223-025,,FOOD SCIENCE & TECHNOLOGY,University of Sri Jayewardenepura,JAFFNA,1.4820,value,1,25,1.4820
COP2223-025,,FOOD SCIENCE & TECHNOLOGY,University of Sri Jayewardenepura,KILINOCHCHI,,NQC,1,25,NQC
COP2223-025,,FOOD SCIENCE & TECHNOLOGY,University of Sri Jayewardenepura,MANNAR,,NQC,1,25,NQC
COP2223-025,,FOOD SCIENCE & TECHNOLOGY,University of Sri Jayewardenepura,MULLAITIVU,,NQC,1,25,NQC
COP2223-025,,FOOD SCIENCE & TECHNOLOGY,University of Sri Jayewardenepura,VAVUNIYA,,NQC,1,25,NQC
COP2223-025,,FOOD SCIENCE & TECHNOLOGY,University of Sri Jayewardenepura,TRINCOMALEE,,NQC,1,25,NQC
COP2223-025,,FOOD SCIENCE & TECHNOLOGY,University of Sri Jayewardenepura,BATTICALOA,,NQC,1,25,NQC
COP2223-025,,FOOD SCIENCE & TECHNOLOGY,University of Sri Jayewardenepura,AMPARA,,NQC,1,25,NQC
COP2223-025,,FOOD SCIENCE & TECHNOLOGY,University of Sri Jayewardenepura,PUTTALAM,1.4971,value,1,25,1.4971
COP2223-025,,FOOD SCIENCE & TECHNOLOGY,University of Sri Jayewardenepura,KURUNEGALA,1.4671,value,1,25,1.4671
COP2223-025,,FOOD SCIENCE & TECHNOLOGY,University of Sri Jayewardenepura,ANURADHAPURA,,NQC,1,25,NQC
COP2223-025,,FOOD SCIENCE & TECHNOLOGY,University of Sri Jayewardenepura,POLONNARUWA,,NQC,1,25,NQC
COP2223-025,,FOOD SCIENCE & TECHNOLOGY,University of Sri Jayewardenepura,BADULLA,,NQC,1,25,NQC
COP2223-025,,FOOD SCIENCE & TECHNOLOGY,University of Sri Jayewardenepura,MONARAGALA,1.4761,value,1,25,1.4761
COP2223-025,,FOOD SCIENCE & TECHNOLOGY,University of Sri Jayewardenepura,KEGALLE,1.5023,value,1,25,1.5023
COP2223-025,,FOOD SCIENCE & TECHNOLOGY,University of Sri Jayewardenepura,RATNAPURA,1.4642,value,1,25,1.4642
COP2223-026,,FOOD SCIENCE & TECHNOLOGY,Sabaragamuwa University of Sri Lanka,COLOMBO,1.3571,value,1,26,1.3571
COP2223-026,,FOOD SCIENCE & TECHNOLOGY,Sabaragamuwa University of Sri Lanka,GAMPAHA,1.2593,value,1,26,1.2593
COP2223-026,,FOOD SCIENCE & TECHNOLOGY,Sabaragamuwa University of Sri Lanka,KALUTARA,1.4426,value,1,26,1.4426
COP2223-026,,FOOD SCIENCE & TECHNOLOGY,Sabaragamuwa University of Sri Lanka,MATALE,1.1763,value,1,26,1.1763
COP2223-026,,FOOD SCIENCE & TECHNOLOGY,Sabaragamuwa University of Sri Lanka,KANDY,1.1115,value,1,26,1.1115
COP2223-026,,FOOD SCIENCE & TECHNOLOGY,Sabaragamuwa University of Sri Lanka,NUWARA ELIYA,1.0500,value,1,26,1.0500
COP2223-026,,FOOD SCIENCE & TECHNOLOGY,Sabaragamuwa University of Sri Lanka,GALLE,1.4051,value,1,26,1.4051
COP2223-026,,FOOD SCIENCE & TECHNOLOGY,Sabaragamuwa University of Sri Lanka,MATARA,1.3730,value,1,26,1.3730
COP2223-026,,FOOD SCIENCE & TECHNOLOGY,Sabaragamuwa University of Sri Lanka,HAMBANTOTA,,NQC,1,26,NQC
COP2223-026,,FOOD SCIENCE & TECHNOLOGY,Sabaragamuwa University of Sri Lanka,JAFFNA,,NQC,1,26,NQC
COP2223-026,,FOOD SCIENCE & TECHNOLOGY,Sabaragamuwa University of Sri Lanka,KILINOCHCHI,1.1019,value,1,26,1.1019
COP2223-026,,FOOD SCIENCE & TECHNOLOGY,Sabaragamuwa University of Sri Lanka,MANNAR,1.2822,value,1,26,1.2822
COP2223-026,,FOOD SCIENCE & TECHNOLOGY,Sabaragamuwa University of Sri Lanka,MULLAITIVU,1.3428,value,1,26,1.3428
COP2223-026,,FOOD SCIENCE & TECHNOLOGY,Sabaragamuwa University of Sri Lanka,VAVUNIYA,1.0429,value,1,26,1.0429
COP2223-026,,FOOD SCIENCE & TECHNOLOGY,Sabaragamuwa University of Sri Lanka,TRINCOMALEE,1.1645,value,1,26,1.1645
COP2223-026,,FOOD SCIENCE & TECHNOLOGY,Sabaragamuwa University of Sri Lanka,BATTICALOA,1.2097,value,1,26,1.2097
COP2223-026,,FOOD SCIENCE & TECHNOLOGY,Sabaragamuwa University of Sri Lanka,AMPARA,1.1779,value,1,26,1.1779
COP2223-026,,FOOD SCIENCE & TECHNOLOGY,Sabaragamuwa University of Sri Lanka,PUTTALAM,1.0350,value,1,26,1.0350
COP2223-026,,FOOD SCIENCE & TECHNOLOGY,Sabaragamuwa University of Sri Lanka,KURUNEGALA,1.3214,value,1,26,1.3214
COP2223-026,,FOOD SCIENCE & TECHNOLOGY,Sabaragamuwa University of Sri Lanka,ANURADHAPURA,1.0521,value,1,26,1.0521
COP2223-026,,FOOD SCIENCE & TECHNOLOGY,Sabaragamuwa University of Sri Lanka,POLONNARUWA,0.9454,value,1,26,0.9454
COP2223-026,,FOOD SCIENCE & TECHNOLOGY,Sabaragamuwa University of Sri Lanka,BADULLA,1.1412,value,1,26,1.1412
COP2223-026,,FOOD SCIENCE & TECHNOLOGY,Sabaragamuwa University of Sri Lanka,MONARAGALA,1.3009,value,1,26,1.3009
COP2223-026,,FOOD SCIENCE & TECHNOLOGY,Sabaragamuwa University of Sri Lanka,KEGALLE,1.2941,value,1,26,1.2941
COP2223-026,,FOOD SCIENCE & TECHNOLOGY,Sabaragamuwa University of Sri Lanka,RATNAPURA,1.2154,value,1,26,1.2154
COP2223-027,,BIOLOGICAL SCIENCE,University of Colombo,COLOMBO,1.5982,value,1,27,1.5982
COP2223-027,,BIOLOGICAL SCIENCE,University of Colombo,GAMPAHA,1.6014,value,1,27,1.6014
COP2223-027,,BIOLOGICAL SCIENCE,University of Colombo,KALUTARA,1.5932,value,1,27,1.5932
COP2223-027,,BIOLOGICAL SCIENCE,University of Colombo,MATALE,,NQC,1,27,NQC
COP2223-027,,BIOLOGICAL SCIENCE,University of Colombo,KANDY,1.6031,value,1,27,1.6031
COP2223-027,,BIOLOGICAL SCIENCE,University of Colombo,NUWARA ELIYA,,NQC,1,27,NQC
COP2223-027,,BIOLOGICAL SCIENCE,University of Colombo,GALLE,1.5974,value,1,27,1.5974
COP2223-027,,BIOLOGICAL SCIENCE,University of Colombo,MATARA,1.6141,value,1,27,1.6141
COP2223-027,,BIOLOGICAL SCIENCE,University of Colombo,HAMBANTOTA,1.6106,value,1,27,1.6106
COP2223-027,,BIOLOGICAL SCIENCE,University of Colombo,JAFFNA,1.6491,value,1,27,1.6491
COP2223-027,,BIOLOGICAL SCIENCE,University of Colombo,KILINOCHCHI,,NQC,1,27,NQC
COP2223-027,,BIOLOGICAL SCIENCE,University of Colombo,MANNAR,,NQC,1,27,NQC
COP2223-027,,BIOLOGICAL SCIENCE,University of Colombo,MULLAITIVU,,NQC,1,27,NQC
COP2223-027,,BIOLOGICAL SCIENCE,University of Colombo,VAVUNIYA,,NQC,1,27,NQC
COP2223-027,,BIOLOGICAL SCIENCE,University of Colombo,TRINCOMALEE,,NQC,1,27,NQC
COP2223-027,,BIOLOGICAL SCIENCE,University of Colombo,BATTICALOA,,NQC,1,27,NQC
COP2223-027,,BIOLOGICAL SCIENCE,University of Colombo,AMPARA,1.6068,value,1,27,1.6068
COP2223-027,,BIOLOGICAL SCIENCE,University of Colombo,PUTTALAM,1.6170,value,1,27,1.6170
COP2223-027,,BIOLOGICAL SCIENCE,University of Colombo,KURUNEGALA,1.6216,value,1,27,1.6216
COP2223-027,,BIOLOGICAL SCIENCE,University of Colombo,ANURADHAPURA,,NQC,1,27,NQC
COP2223-027,,BIOLOGICAL SCIENCE,University of Colombo,POLONNARUWA,,NQC,1,27,NQC
COP2223-027,,BIOLOGICAL SCIENCE,University of Colombo,BADULLA,1.6537,value,1,27,1.6537
COP2223-027,,BIOLOGICAL SCIENCE,University of Colombo,MONARAGALA,,NQC,1,27,NQC
COP2223-027,,BIOLOGICAL SCIENCE,University of Colombo,KEGALLE,1.6180,value,1,27,1.6180
COP2223-027,,BIOLOGICAL SCIENCE,University of Colombo,RATNAPURA,1.5955,value,1,27,1.5955
COP2223-028,,BIOLOGICAL SCIENCE,University of Peradeniya,COLOMBO,1.4293,value,2,1,1.4293
COP2223-028,,BIOLOGICAL SCIENCE,University of Peradeniya,GAMPAHA,1.4238,value,2,1,1.4238
COP2223-028,,BIOLOGICAL SCIENCE,University of Peradeniya,KALUTARA,1.4375,value,2,1,1.4375
COP2223-028,,BIOLOGICAL SCIENCE,University of Peradeniya,MATALE,1.5053,value,2,1,1.5053
COP2223-028,,BIOLOGICAL SCIENCE,University of Peradeniya,KANDY,1.4175,value,2,1,1.4175
COP2223-028,,BIOLOGICAL SCIENCE,University of Peradeniya,NUWARA ELIYA,,NQC,2,1,NQC
COP2223-028,,BIOLOGICAL SCIENCE,University of Peradeniya,GALLE,1.4172,value,2,1,1.4172
COP2223-028,,BIOLOGICAL SCIENCE,University of Peradeniya,MATARA,1.4226,value,2,1,1.4226
COP2223-028,,BIOLOGICAL SCIENCE,University of Peradeniya,HAMBANTOTA,1.4273,value,2,1,1.4273
COP2223-028,,BIOLOGICAL SCIENCE,University of Peradeniya,JAFFNA,1.4511,value,2,1,1.4511
COP2223-028,,BIOLOGICAL SCIENCE,University of Peradeniya,KILINOCHCHI,,NQC,2,1,NQC
COP2223-028,,BIOLOGICAL SCIENCE,University of Peradeniya,MANNAR,,NQC,2,1,NQC
COP2223-028,,BIOLOGICAL SCIENCE,University of Peradeniya,MULLAITIVU,,NQC,2,1,NQC
COP2223-028,,BIOLOGICAL SCIENCE,University of Peradeniya,VAVUNIYA,,NQC,2,1,NQC
COP2223-028,,BIOLOGICAL SCIENCE,University of Peradeniya,TRINCOMALEE,1.4192,value,2,1,1.4192
COP2223-028,,BIOLOGICAL SCIENCE,University of Peradeniya,BATTICALOA,1.5038,value,2,1,1.5038
COP2223-028,,BIOLOGICAL SCIENCE,University of Peradeniya,AMPARA,,NQC,2,1,NQC
COP2223-028,,BIOLOGICAL SCIENCE,University of Peradeniya,PUTTALAM,1.4391,value,2,1,1.4391
COP2223-028,,BIOLOGICAL SCIENCE,University of Peradeniya,KURUNEGALA,1.4165,value,2,1,1.4165
COP2223-028,,BIOLOGICAL SCIENCE,University of Peradeniya,ANURADHAPURA,1.4595,value,2,1,1.4595
COP2223-028,,BIOLOGICAL SCIENCE,University of Peradeniya,POLONNARUWA,,NQC,2,1,NQC
COP2223-028,,BIOLOGICAL SCIENCE,University of Peradeniya,BADULLA,1.4312,value,2,1,1.4312
COP2223-028,,BIOLOGICAL SCIENCE,University of Peradeniya,MONARAGALA,1.4993,value,2,1,1.4993
COP2223-028,,BIOLOGICAL SCIENCE,University of Peradeniya,KEGALLE,1.4343,value,2,1,1.4343
COP2223-028,,BIOLOGICAL SCIENCE,University of Peradeniya,RATNAPURA,1.4190,value,2,1,1.4190
COP2223-029,,BIOLOGICAL SCIENCE,University of Sri Jayewardenepura,COLOMBO,1.3093,value,2,2,1.3093
COP2223-029,,BIOLOGICAL SCIENCE,University of Sri Jayewardenepura,GAMPAHA,1.3236,value,2,2,1.3236
COP2223-029,,BIOLOGICAL SCIENCE,University of Sri Jayewardenepura,KALUTARA,1.3093,value,2,2,1.3093
COP2223-029,,BIOLOGICAL SCIENCE,University of Sri Jayewardenepura,MATALE,1.3551,value,2,2,1.3551
COP2223-029,,BIOLOGICAL SCIENCE,University of Sri Jayewardenepura,KANDY,1.3109,value,2,2,1.3109
COP2223-029,,BIOLOGICAL SCIENCE,University of Sri Jayewardenepura,NUWARA ELIYA,,NQC,2,2,NQC
COP2223-029,,BIOLOGICAL SCIENCE,University of Sri Jayewardenepura,GALLE,1.3195,value,2,2,1.3195
COP2223-029,,BIOLOGICAL SCIENCE,University of Sri Jayewardenepura,MATARA,1.3103,value,2,2,1.3103
COP2223-029,,BIOLOGICAL SCIENCE,University of Sri Jayewardenepura,HAMBANTOTA,1.3119,value,2,2,1.3119
COP2223-029,,BIOLOGICAL SCIENCE,University of Sri Jayewardenepura,JAFFNA,1.3328,value,2,2,1.3328
COP2223-029,,BIOLOGICAL SCIENCE,University of Sri Jayewardenepura,KILINOCHCHI,,NQC,2,2,NQC
COP2223-029,,BIOLOGICAL SCIENCE,University of Sri Jayewardenepura,MANNAR,,NQC,2,2,NQC
COP2223-029,,BIOLOGICAL SCIENCE,University of Sri Jayewardenepura,MULLAITIVU,,NQC,2,2,NQC
COP2223-029,,BIOLOGICAL SCIENCE,University of Sri Jayewardenepura,VAVUNIYA,,NQC,2,2,NQC
COP2223-029,,BIOLOGICAL SCIENCE,University of Sri Jayewardenepura,TRINCOMALEE,1.3766,value,2,2,1.3766
COP2223-029,,BIOLOGICAL SCIENCE,University of Sri Jayewardenepura,BATTICALOA,1.3365,value,2,2,1.3365
COP2223-029,,BIOLOGICAL SCIENCE,University of Sri Jayewardenepura,AMPARA,1.3223,value,2,2,1.3223
COP2223-029,,BIOLOGICAL SCIENCE,University of Sri Jayewardenepura,PUTTALAM,1.3112,value,2,2,1.3112
COP2223-029,,BIOLOGICAL SCIENCE,University of Sri Jayewardenepura,KURUNEGALA,1.3109,value,2,2,1.3109
COP2223-029,,BIOLOGICAL SCIENCE,University of Sri Jayewardenepura,ANURADHAPURA,1.3195,value,2,2,1.3195
COP2223-029,,BIOLOGICAL SCIENCE,University of Sri Jayewardenepura,POLONNARUWA,,NQC,2,2,NQC
COP2223-029,,BIOLOGICAL SCIENCE,University of Sri Jayewardenepura,BADULLA,1.3184,value,2,2,1.3184
COP2223-029,,BIOLOGICAL SCIENCE,University of Sri Jayewardenepura,MONARAGALA,1.3949,value,2,2,1.3949
COP2223-029,,BIOLOGICAL SCIENCE,University of Sri Jayewardenepura,KEGALLE,1.3208,value,2,2,1.3208
COP2223-029,,BIOLOGICAL SCIENCE,University of Sri Jayewardenepura,RATNAPURA,1.3121,value,2,2,1.3121
COP2223-030,,BIOLOGICAL SCIENCE,University of Kelaniya,COLOMBO,1.2328,value,2,3,1.2328
COP2223-030,,BIOLOGICAL SCIENCE,University of Kelaniya,GAMPAHA,1.2275,value,2,3,1.2275
COP2223-030,,BIOLOGICAL SCIENCE,University of Kelaniya,KALUTARA,1.2257,value,2,3,1.2257
COP2223-030,,BIOLOGICAL SCIENCE,University of Kelaniya,MATALE,1.2876,value,2,3,1.2876
COP2223-030,,BIOLOGICAL SCIENCE,University of Kelaniya,KANDY,1.2349,value,2,3,1.2349
COP2223-030,,BIOLOGICAL SCIENCE,University of Kelaniya,NUWARA ELIYA,1.3065,value,2,3,1.3065
COP2223-030,,BIOLOGICAL SCIENCE,University of Kelaniya,GALLE,1.2282,value,2,3,1.2282
COP2223-030,,BIOLOGICAL SCIENCE,University of Kelaniya,MATARA,1.2297,value,2,3,1.2297
COP2223-030,,BIOLOGICAL SCIENCE,University of Kelaniya,HAMBANTOTA,1.2442,value,2,3,1.2442
COP2223-030,,BIOLOGICAL SCIENCE,University of Kelaniya,JAFFNA,1.2634,value,2,3,1.2634
COP2223-030,,BIOLOGICAL SCIENCE,University of Kelaniya,KILINOCHCHI,,NQC,2,3,NQC
COP2223-030,,BIOLOGICAL SCIENCE,University of Kelaniya,MANNAR,,NQC,2,3,NQC
COP2223-030,,BIOLOGICAL SCIENCE,University of Kelaniya,MULLAITIVU,,NQC,2,3,NQC
COP2223-030,,BIOLOGICAL SCIENCE,University of Kelaniya,VAVUNIYA,1.2389,value,2,3,1.2389
COP2223-030,,BIOLOGICAL SCIENCE,University of Kelaniya,TRINCOMALEE,,NQC,2,3,NQC
COP2223-030,,BIOLOGICAL SCIENCE,University of Kelaniya,BATTICALOA,1.2483,value,2,3,1.2483
COP2223-030,,BIOLOGICAL SCIENCE,University of Kelaniya,AMPARA,1.2325,value,2,3,1.2325
COP2223-030,,BIOLOGICAL SCIENCE,University of Kelaniya,PUTTALAM,1.2578,value,2,3,1.2578
COP2223-030,,BIOLOGICAL SCIENCE,University of Kelaniya,KURUNEGALA,1.2277,value,2,3,1.2277
COP2223-030,,BIOLOGICAL SCIENCE,University of Kelaniya,ANURADHAPURA,1.2341,value,2,3,1.2341
COP2223-030,,BIOLOGICAL SCIENCE,University of Kelaniya,POLONNARUWA,,NQC,2,3,NQC
COP2223-030,,BIOLOGICAL SCIENCE,University of Kelaniya,BADULLA,1.2406,value,2,3,1.2406
COP2223-030,,BIOLOGICAL SCIENCE,University of Kelaniya,MONARAGALA,1.2896,value,2,3,1.2896
COP2223-030,,BIOLOGICAL SCIENCE,University of Kelaniya,KEGALLE,1.2332,value,2,3,1.2332
COP2223-030,,BIOLOGICAL SCIENCE,University of Kelaniya,RATNAPURA,1.2282,value,2,3,1.2282
COP2223-031,,BIOLOGICAL SCIENCE,University of Jaffna,COLOMBO,1.0115,value,2,4,1.0115
COP2223-031,,BIOLOGICAL SCIENCE,University of Jaffna,GAMPAHA,0.8881,value,2,4,0.8881
COP2223-031,,BIOLOGICAL SCIENCE,University of Jaffna,KALUTARA,1.1666,value,2,4,1.1666
COP2223-031,,BIOLOGICAL SCIENCE,University of Jaffna,MATALE,0.9068,value,2,4,0.9068
COP2223-031,,BIOLOGICAL SCIENCE,University of Jaffna,KANDY,0.9725,value,2,4,0.9725
COP2223-031,,BIOLOGICAL SCIENCE,University of Jaffna,NUWARA ELIYA,0.9122,value,2,4,0.9122
COP2223-031,,BIOLOGICAL SCIENCE,University of Jaffna,GALLE,,NQC,2,4,NQC
COP2223-031,,BIOLOGICAL SCIENCE,University of Jaffna,MATARA,,NQC,2,4,NQC
COP2223-031,,BIOLOGICAL SCIENCE,University of Jaffna,HAMBANTOTA,0.9197,value,2,4,0.9197
COP2223-031,,BIOLOGICAL SCIENCE,University of Jaffna,JAFFNA,1.0082,value,2,4,1.0082
COP2223-031,,BIOLOGICAL SCIENCE,University of Jaffna,KILINOCHCHI,0.9132,value,2,4,0.9132
COP2223-031,,BIOLOGICAL SCIENCE,University of Jaffna,MANNAR,,NQC,2,4,NQC
COP2223-031,,BIOLOGICAL SCIENCE,University of Jaffna,MULLAITIVU,0.9179,value,2,4,0.9179
COP2223-031,,BIOLOGICAL SCIENCE,University of Jaffna,VAVUNIYA,1.1751,value,2,4,1.1751
COP2223-031,,BIOLOGICAL SCIENCE,University of Jaffna,TRINCOMALEE,0.9871,value,2,4,0.9871
COP2223-031,,BIOLOGICAL SCIENCE,University of Jaffna,BATTICALOA,1.0014,value,2,4,1.0014
COP2223-031,,BIOLOGICAL SCIENCE,University of Jaffna,AMPARA,0.8995,value,2,4,0.8995
COP2223-031,,BIOLOGICAL SCIENCE,University of Jaffna,PUTTALAM,0.9048,value,2,4,0.9048
COP2223-031,,BIOLOGICAL SCIENCE,University of Jaffna,KURUNEGALA,1.0926,value,2,4,1.0926
COP2223-031,,BIOLOGICAL SCIENCE,University of Jaffna,ANURADHAPURA,0.8982,value,2,4,0.8982
COP2223-031,,BIOLOGICAL SCIENCE,University of Jaffna,POLONNARUWA,0.9443,value,2,4,0.9443
COP2223-031,,BIOLOGICAL SCIENCE,University of Jaffna,BADULLA,0.9045,value,2,4,0.9045
COP2223-031,,BIOLOGICAL SCIENCE,University of Jaffna,MONARAGALA,0.9548,value,2,4,0.9548
COP2223-031,,BIOLOGICAL SCIENCE,University of Jaffna,KEGALLE,1.1569,value,2,4,1.1569
COP2223-031,,BIOLOGICAL SCIENCE,University of Jaffna,RATNAPURA,0.8876,value,2,4,0.8876
COP2223-032,,BIOLOGICAL SCIENCE,University of Ruhuna,COLOMBO,1.0732,value,2,5,1.0732
COP2223-032,,BIOLOGICAL SCIENCE,University of Ruhuna,GAMPAHA,1.0822,value,2,5,1.0822
COP2223-032,,BIOLOGICAL SCIENCE,University of Ruhuna,KALUTARA,1.1478,value,2,5,1.1478
COP2223-032,,BIOLOGICAL SCIENCE,University of Ruhuna,MATALE,1.0788,value,2,5,1.0788
COP2223-032,,BIOLOGICAL SCIENCE,University of Ruhuna,KANDY,1.0802,value,2,5,1.0802
COP2223-032,,BIOLOGICAL SCIENCE,University of Ruhuna,NUWARA ELIYA,1.0935,value,2,5,1.0935
COP2223-032,,BIOLOGICAL SCIENCE,University of Ruhuna,GALLE,1.0850,value,2,5,1.0850
COP2223-032,,BIOLOGICAL SCIENCE,University of Ruhuna,MATARA,1.0802,value,2,5,1.0802
COP2223-032,,BIOLOGICAL SCIENCE,University of Ruhuna,HAMBANTOTA,1.0923,value,2,5,1.0923
COP2223-032,,BIOLOGICAL SCIENCE,University of Ruhuna,JAFFNA,,NQC,2,5,NQC
COP2223-032,,BIOLOGICAL SCIENCE,University of Ruhuna,KILINOCHCHI,,NQC,2,5,NQC
COP2223-032,,BIOLOGICAL SCIENCE,University of Ruhuna,MANNAR,,NQC,2,5,NQC
COP2223-032,,BIOLOGICAL SCIENCE,University of Ruhuna,MULLAITIVU,,NQC,2,5,NQC
COP2223-032,,BIOLOGICAL SCIENCE,University of Ruhuna,VAVUNIYA,,NQC,2,5,NQC
COP2223-032,,BIOLOGICAL SCIENCE,University of Ruhuna,TRINCOMALEE,,NQC,2,5,NQC
COP2223-032,,BIOLOGICAL SCIENCE,University of Ruhuna,BATTICALOA,1.0716,value,2,5,1.0716
COP2223-032,,BIOLOGICAL SCIENCE,University of Ruhuna,AMPARA,1.0800,value,2,5,1.0800
COP2223-032,,BIOLOGICAL SCIENCE,University of Ruhuna,PUTTALAM,1.0856,value,2,5,1.0856
COP2223-032,,BIOLOGICAL SCIENCE,University of Ruhuna,KURUNEGALA,1.0851,value,2,5,1.0851
COP2223-032,,BIOLOGICAL SCIENCE,University of Ruhuna,ANURADHAPURA,1.1203,value,2,5,1.1203
COP2223-032,,BIOLOGICAL SCIENCE,University of Ruhuna,POLONNARUWA,1.1076,value,2,5,1.1076
COP2223-032,,BIOLOGICAL SCIENCE,University of Ruhuna,BADULLA,1.0729,value,2,5,1.0729
COP2223-032,,BIOLOGICAL SCIENCE,University of Ruhuna,MONARAGALA,1.1236,value,2,5,1.1236
COP2223-032,,BIOLOGICAL SCIENCE,University of Ruhuna,KEGALLE,1.0843,value,2,5,1.0843
COP2223-032,,BIOLOGICAL SCIENCE,University of Ruhuna,RATNAPURA,1.0738,value,2,5,1.0738
COP2223-033,,BIOLOGICAL SCIENCE,"Eastern University, Sri Lanka",COLOMBO,0.9949,value,2,6,0.9949
COP2223-033,,BIOLOGICAL SCIENCE,"Eastern University, Sri Lanka",GAMPAHA,0.7536,value,2,6,0.7536
COP2223-033,,BIOLOGICAL SCIENCE,"Eastern University, Sri Lanka",KALUTARA,,NQC,2,6,NQC
COP2223-033,,BIOLOGICAL SCIENCE,"Eastern University, Sri Lanka",MATALE,0.7426,value,2,6,0.7426
COP2223-033,,BIOLOGICAL SCIENCE,"Eastern University, Sri Lanka",KANDY,0.9790,value,2,6,0.9790
COP2223-033,,BIOLOGICAL SCIENCE,"Eastern University, Sri Lanka",NUWARA ELIYA,0.7490,value,2,6,0.7490
COP2223-033,,BIOLOGICAL SCIENCE,"Eastern University, Sri Lanka",GALLE,1.1413,value,2,6,1.1413
COP2223-033,,BIOLOGICAL SCIENCE,"Eastern University, Sri Lanka",MATARA,,NQC,2,6,NQC
COP2223-033,,BIOLOGICAL SCIENCE,"Eastern University, Sri Lanka",HAMBANTOTA,0.8596,value,2,6,0.8596
COP2223-033,,BIOLOGICAL SCIENCE,"Eastern University, Sri Lanka",JAFFNA,,NQC,2,6,NQC
COP2223-033,,BIOLOGICAL SCIENCE,"Eastern University, Sri Lanka",KILINOCHCHI,0.8409,value,2,6,0.8409
COP2223-033,,BIOLOGICAL SCIENCE,"Eastern University, Sri Lanka",MANNAR,0.8468,value,2,6,0.8468
COP2223-033,,BIOLOGICAL SCIENCE,"Eastern University, Sri Lanka",MULLAITIVU,0.8390,value,2,6,0.8390
COP2223-033,,BIOLOGICAL SCIENCE,"Eastern University, Sri Lanka",VAVUNIYA,0.8075,value,2,6,0.8075
COP2223-033,,BIOLOGICAL SCIENCE,"Eastern University, Sri Lanka",TRINCOMALEE,0.9962,value,2,6,0.9962
COP2223-033,,BIOLOGICAL SCIENCE,"Eastern University, Sri Lanka",BATTICALOA,0.7572,value,2,6,0.7572
COP2223-033,,BIOLOGICAL SCIENCE,"Eastern University, Sri Lanka",AMPARA,0.8038,value,2,6,0.8038
COP2223-033,,BIOLOGICAL SCIENCE,"Eastern University, Sri Lanka",PUTTALAM,0.7416,value,2,6,0.7416
COP2223-033,,BIOLOGICAL SCIENCE,"Eastern University, Sri Lanka",KURUNEGALA,,NQC,2,6,NQC
COP2223-033,,BIOLOGICAL SCIENCE,"Eastern University, Sri Lanka",ANURADHAPURA,0.7564,value,2,6,0.7564
COP2223-033,,BIOLOGICAL SCIENCE,"Eastern University, Sri Lanka",POLONNARUWA,0.7709,value,2,6,0.7709
COP2223-033,,BIOLOGICAL SCIENCE,"Eastern University, Sri Lanka",BADULLA,0.7613,value,2,6,0.7613
COP2223-033,,BIOLOGICAL SCIENCE,"Eastern University, Sri Lanka",MONARAGALA,0.7820,value,2,6,0.7820
COP2223-033,,BIOLOGICAL SCIENCE,"Eastern University, Sri Lanka",KEGALLE,,NQC,2,6,NQC
COP2223-033,,BIOLOGICAL SCIENCE,"Eastern University, Sri Lanka",RATNAPURA,0.7368,value,2,6,0.7368
COP2223-034,,BIOLOGICAL SCIENCE,South Eastern University of Sri Lanka,COLOMBO,0.9968,value,2,7,0.9968
COP2223-034,,BIOLOGICAL SCIENCE,South Eastern University of Sri Lanka,GAMPAHA,0.5734,value,2,7,0.5734
COP2223-034,,BIOLOGICAL SCIENCE,South Eastern University of Sri Lanka,KALUTARA,,NQC,2,7,NQC
COP2223-034,,BIOLOGICAL SCIENCE,South Eastern University of Sri Lanka,MATALE,0.7822,value,2,7,0.7822
COP2223-034,,BIOLOGICAL SCIENCE,South Eastern University of Sri Lanka,KANDY,,NQC,2,7,NQC
COP2223-034,,BIOLOGICAL SCIENCE,South Eastern University of Sri Lanka,NUWARA ELIYA,0.4179,value,2,7,0.4179
COP2223-034,,BIOLOGICAL SCIENCE,South Eastern University of Sri Lanka,GALLE,,NQC,2,7,NQC
COP2223-034,,BIOLOGICAL SCIENCE,South Eastern University of Sri Lanka,MATARA,,NQC,2,7,NQC
COP2223-034,,BIOLOGICAL SCIENCE,South Eastern University of Sri Lanka,HAMBANTOTA,0.7948,value,2,7,0.7948
COP2223-034,,BIOLOGICAL SCIENCE,South Eastern University of Sri Lanka,JAFFNA,,NQC,2,7,NQC
COP2223-034,,BIOLOGICAL SCIENCE,South Eastern University of Sri Lanka,KILINOCHCHI,0.6308,value,2,7,0.6308
COP2223-034,,BIOLOGICAL SCIENCE,South Eastern University of Sri Lanka,MANNAR,0.2566,value,2,7,0.2566
COP2223-034,,BIOLOGICAL SCIENCE,South Eastern University of Sri Lanka,MULLAITIVU,,NQC,2,7,NQC
COP2223-034,,BIOLOGICAL SCIENCE,South Eastern University of Sri Lanka,VAVUNIYA,0.4457,value,2,7,0.4457
COP2223-034,,BIOLOGICAL SCIENCE,South Eastern University of Sri Lanka,TRINCOMALEE,0.5396,value,2,7,0.5396
COP2223-034,,BIOLOGICAL SCIENCE,South Eastern University of Sri Lanka,BATTICALOA,0.6869,value,2,7,0.6869
COP2223-034,,BIOLOGICAL SCIENCE,South Eastern University of Sri Lanka,AMPARA,0.8888,value,2,7,0.8888
COP2223-034,,BIOLOGICAL SCIENCE,South Eastern University of Sri Lanka,PUTTALAM,0.5876,value,2,7,0.5876
COP2223-034,,BIOLOGICAL SCIENCE,South Eastern University of Sri Lanka,KURUNEGALA,,NQC,2,7,NQC
COP2223-034,,BIOLOGICAL SCIENCE,South Eastern University of Sri Lanka,ANURADHAPURA,0.5119,value,2,7,0.5119
COP2223-034,,BIOLOGICAL SCIENCE,South Eastern University of Sri Lanka,POLONNARUWA,0.3551,value,2,7,0.3551
COP2223-034,,BIOLOGICAL SCIENCE,South Eastern University of Sri Lanka,BADULLA,0.6449,value,2,7,0.6449
COP2223-034,,BIOLOGICAL SCIENCE,South Eastern University of Sri Lanka,MONARAGALA,0.4781,value,2,7,0.4781
COP2223-034,,BIOLOGICAL SCIENCE,South Eastern University of Sri Lanka,KEGALLE,,NQC,2,7,NQC
COP2223-034,,BIOLOGICAL SCIENCE,South Eastern University of Sri Lanka,RATNAPURA,0.6316,value,2,7,0.6316
COP2223-035,,APPLIED SCIENCES (BIO.SC),Rajarata University of Sri Lanka,COLOMBO,0.8250,value,2,8,0.8250
COP2223-035,,APPLIED SCIENCES (BIO.SC),Rajarata University of Sri Lanka,GAMPAHA,0.8043,value,2,8,0.8043
COP2223-035,,APPLIED SCIENCES (BIO.SC),Rajarata University of Sri Lanka,KALUTARA,0.8608,value,2,8,0.8608
COP2223-035,,APPLIED SCIENCES (BIO.SC),Rajarata University of Sri Lanka,MATALE,0.8306,value,2,8,0.8306
COP2223-035,,APPLIED SCIENCES (BIO.SC),Rajarata University of Sri Lanka,KANDY,0.8545,value,2,8,0.8545
COP2223-035,,APPLIED SCIENCES (BIO.SC),Rajarata University of Sri Lanka,NUWARA ELIYA,0.8315,value,2,8,0.8315
COP2223-035,,APPLIED SCIENCES (BIO.SC),Rajarata University of Sri Lanka,GALLE,0.8240,value,2,8,0.8240
COP2223-035,,APPLIED SCIENCES (BIO.SC),Rajarata University of Sri Lanka,MATARA,0.8080,value,2,8,0.8080
COP2223-035,,APPLIED SCIENCES (BIO.SC),Rajarata University of Sri Lanka,HAMBANTOTA,0.8412,value,2,8,0.8412
COP2223-035,,APPLIED SCIENCES (BIO.SC),Rajarata University of Sri Lanka,JAFFNA,0.8127,value,2,8,0.8127
COP2223-035,,APPLIED SCIENCES (BIO.SC),Rajarata University of Sri Lanka,KILINOCHCHI,,NQC,2,8,NQC
COP2223-035,,APPLIED SCIENCES (BIO.SC),Rajarata University of Sri Lanka,MANNAR,,NQC,2,8,NQC
COP2223-035,,APPLIED SCIENCES (BIO.SC),Rajarata University of Sri Lanka,MULLAITIVU,,NQC,2,8,NQC
COP2223-035,,APPLIED SCIENCES (BIO.SC),Rajarata University of Sri Lanka,VAVUNIYA,,NQC,2,8,NQC
COP2223-035,,APPLIED SCIENCES (BIO.SC),Rajarata University of Sri Lanka,TRINCOMALEE,,NQC,2,8,NQC
COP2223-035,,APPLIED SCIENCES (BIO.SC),Rajarata University of Sri Lanka,BATTICALOA,0.9068,value,2,8,0.9068
COP2223-035,,APPLIED SCIENCES (BIO.SC),Rajarata University of Sri Lanka,AMPARA,,NQC,2,8,NQC
COP2223-035,,APPLIED SCIENCES (BIO.SC),Rajarata University of Sri Lanka,PUTTALAM,0.8286,value,2,8,0.8286
COP2223-035,,APPLIED SCIENCES (BIO.SC),Rajarata University of Sri Lanka,KURUNEGALA,0.8467,value,2,8,0.8467
COP2223-035,,APPLIED SCIENCES (BIO.SC),Rajarata University of Sri Lanka,ANURADHAPURA,0.8329,value,2,8,0.8329
COP2223-035,,APPLIED SCIENCES (BIO.SC),Rajarata University of Sri Lanka,POLONNARUWA,0.8636,value,2,8,0.8636
COP2223-035,,APPLIED SCIENCES (BIO.SC),Rajarata University of Sri Lanka,BADULLA,0.8008,value,2,8,0.8008
COP2223-035,,APPLIED SCIENCES (BIO.SC),Rajarata University of Sri Lanka,MONARAGALA,0.8673,value,2,8,0.8673
COP2223-035,,APPLIED SCIENCES (BIO.SC),Rajarata University of Sri Lanka,KEGALLE,0.8766,value,2,8,0.8766
COP2223-035,,APPLIED SCIENCES (BIO.SC),Rajarata University of Sri Lanka,RATNAPURA,0.8098,value,2,8,0.8098
COP2223-036,,APPLIED SCIENCES (BIO.SC),Sabaragamuwa University of Sri Lanka,COLOMBO,0.8950,value,2,9,0.8950
COP2223-036,,APPLIED SCIENCES (BIO.SC),Sabaragamuwa University of Sri Lanka,GAMPAHA,0.8890,value,2,9,0.8890
COP2223-036,,APPLIED SCIENCES (BIO.SC),Sabaragamuwa University of Sri Lanka,KALUTARA,0.8937,value,2,9,0.8937
COP2223-036,,APPLIED SCIENCES (BIO.SC),Sabaragamuwa University of Sri Lanka,MATALE,1.1245,value,2,9,1.1245
COP2223-036,,APPLIED SCIENCES (BIO.SC),Sabaragamuwa University of Sri Lanka,KANDY,0.9110,value,2,9,0.9110
COP2223-036,,APPLIED SCIENCES (BIO.SC),Sabaragamuwa University of Sri Lanka,NUWARA ELIYA,,NQC,2,9,NQC
COP2223-036,,APPLIED SCIENCES (BIO.SC),Sabaragamuwa University of Sri Lanka,GALLE,0.8943,value,2,9,0.8943
COP2223-036,,APPLIED SCIENCES (BIO.SC),Sabaragamuwa University of Sri Lanka,MATARA,0.9447,value,2,9,0.9447
COP2223-036,,APPLIED SCIENCES (BIO.SC),Sabaragamuwa University of Sri Lanka,HAMBANTOTA,0.9282,value,2,9,0.9282
COP2223-036,,APPLIED SCIENCES (BIO.SC),Sabaragamuwa University of Sri Lanka,JAFFNA,0.9571,value,2,9,0.9571
COP2223-036,,APPLIED SCIENCES (BIO.SC),Sabaragamuwa University of Sri Lanka,KILINOCHCHI,,NQC,2,9,NQC
COP2223-036,,APPLIED SCIENCES (BIO.SC),Sabaragamuwa University of Sri Lanka,MANNAR,,NQC,2,9,NQC
COP2223-036,,APPLIED SCIENCES (BIO.SC),Sabaragamuwa University of Sri Lanka,MULLAITIVU,,NQC,2,9,NQC
COP2223-036,,APPLIED SCIENCES (BIO.SC),Sabaragamuwa University of Sri Lanka,VAVUNIYA,,NQC,2,9,NQC
COP2223-036,,APPLIED SCIENCES (BIO.SC),Sabaragamuwa University of Sri Lanka,TRINCOMALEE,,NQC,2,9,NQC
COP2223-036,,APPLIED SCIENCES (BIO.SC),Sabaragamuwa University of Sri Lanka,BATTICALOA,,NQC,2,9,NQC
COP2223-036,,APPLIED SCIENCES (BIO.SC),Sabaragamuwa University of Sri Lanka,AMPARA,0.9495,value,2,9,0.9495
COP2223-036,,APPLIED SCIENCES (BIO.SC),Sabaragamuwa University of Sri Lanka,PUTTALAM,,NQC,2,9,NQC
COP2223-036,,APPLIED SCIENCES (BIO.SC),Sabaragamuwa University of Sri Lanka,KURUNEGALA,0.8908,value,2,9,0.8908
COP2223-036,,APPLIED SCIENCES (BIO.SC),Sabaragamuwa University of Sri Lanka,ANURADHAPURA,0.9604,value,2,9,0.9604
COP2223-036,,APPLIED SCIENCES (BIO.SC),Sabaragamuwa University of Sri Lanka,POLONNARUWA,,NQC,2,9,NQC
COP2223-036,,APPLIED SCIENCES (BIO.SC),Sabaragamuwa University of Sri Lanka,BADULLA,0.8918,value,2,9,0.8918
COP2223-036,,APPLIED SCIENCES (BIO.SC),Sabaragamuwa University of Sri Lanka,MONARAGALA,,NQC,2,9,NQC
COP2223-036,,APPLIED SCIENCES (BIO.SC),Sabaragamuwa University of Sri Lanka,KEGALLE,0.9010,value,2,9,0.9010
COP2223-036,,APPLIED SCIENCES (BIO.SC),Sabaragamuwa University of Sri Lanka,RATNAPURA,0.9405,value,2,9,0.9405
COP2223-037,,APPLIED SCIENCES (BIO.SC),"University of Vavuniya, Sri Lanka",COLOMBO,0.6625,value,2,10,0.6625
COP2223-037,,APPLIED SCIENCES (BIO.SC),"University of Vavuniya, Sri Lanka",GAMPAHA,0.5294,value,2,10,0.5294
COP2223-037,,APPLIED SCIENCES (BIO.SC),"University of Vavuniya, Sri Lanka",KALUTARA,,NQC,2,10,NQC
COP2223-037,,APPLIED SCIENCES (BIO.SC),"University of Vavuniya, Sri Lanka",MATALE,,NQC,2,10,NQC
COP2223-037,,APPLIED SCIENCES (BIO.SC),"University of Vavuniya, Sri Lanka",KANDY,,NQC,2,10,NQC
COP2223-037,,APPLIED SCIENCES (BIO.SC),"University of Vavuniya, Sri Lanka",NUWARA ELIYA,0.3792,value,2,10,0.3792
COP2223-037,,APPLIED SCIENCES (BIO.SC),"University of Vavuniya, Sri Lanka",GALLE,,NQC,2,10,NQC
COP2223-037,,APPLIED SCIENCES (BIO.SC),"University of Vavuniya, Sri Lanka",MATARA,0.7164,value,2,10,0.7164
COP2223-037,,APPLIED SCIENCES (BIO.SC),"University of Vavuniya, Sri Lanka",HAMBANTOTA,0.6722,value,2,10,0.6722
COP2223-037,,APPLIED SCIENCES (BIO.SC),"University of Vavuniya, Sri Lanka",JAFFNA,0.7369,value,2,10,0.7369
COP2223-037,,APPLIED SCIENCES (BIO.SC),"University of Vavuniya, Sri Lanka",KILINOCHCHI,0.5981,value,2,10,0.5981
COP2223-037,,APPLIED SCIENCES (BIO.SC),"University of Vavuniya, Sri Lanka",MANNAR,0.2480,value,2,10,0.2480
COP2223-037,,APPLIED SCIENCES (BIO.SC),"University of Vavuniya, Sri Lanka",MULLAITIVU,0.6331,value,2,10,0.6331
COP2223-037,,APPLIED SCIENCES (BIO.SC),"University of Vavuniya, Sri Lanka",VAVUNIYA,0.5052,value,2,10,0.5052
COP2223-037,,APPLIED SCIENCES (BIO.SC),"University of Vavuniya, Sri Lanka",TRINCOMALEE,0.4815,value,2,10,0.4815
COP2223-037,,APPLIED SCIENCES (BIO.SC),"University of Vavuniya, Sri Lanka",BATTICALOA,0.6373,value,2,10,0.6373
COP2223-037,,APPLIED SCIENCES (BIO.SC),"University of Vavuniya, Sri Lanka",AMPARA,0.6575,value,2,10,0.6575
COP2223-037,,APPLIED SCIENCES (BIO.SC),"University of Vavuniya, Sri Lanka",PUTTALAM,0.4939,value,2,10,0.4939
COP2223-037,,APPLIED SCIENCES (BIO.SC),"University of Vavuniya, Sri Lanka",KURUNEGALA,,NQC,2,10,NQC
COP2223-037,,APPLIED SCIENCES (BIO.SC),"University of Vavuniya, Sri Lanka",ANURADHAPURA,0.4826,value,2,10,0.4826
COP2223-037,,APPLIED SCIENCES (BIO.SC),"University of Vavuniya, Sri Lanka",POLONNARUWA,0.3594,value,2,10,0.3594
COP2223-037,,APPLIED SCIENCES (BIO.SC),"University of Vavuniya, Sri Lanka",BADULLA,0.6691,value,2,10,0.6691
COP2223-037,,APPLIED SCIENCES (BIO.SC),"University of Vavuniya, Sri Lanka",MONARAGALA,0.4600,value,2,10,0.4600
COP2223-037,,APPLIED SCIENCES (BIO.SC),"University of Vavuniya, Sri Lanka",KEGALLE,,NQC,2,10,NQC
COP2223-037,,APPLIED SCIENCES (BIO.SC),"University of Vavuniya, Sri Lanka",RATNAPURA,0.5332,value,2,10,0.5332
COP2223-038,,ENGINEERING,University of Peradeniya,COLOMBO,1.9034,value,2,11,1.9034
COP2223-038,,ENGINEERING,University of Peradeniya,GAMPAHA,1.9033,value,2,11,1.9033
COP2223-038,,ENGINEERING,University of Peradeniya,KALUTARA,1.9109,value,2,11,1.9109
COP2223-038,,ENGINEERING,University of Peradeniya,MATALE,1.9649,value,2,11,1.9649
COP2223-038,,ENGINEERING,University of Peradeniya,KANDY,1.9075,value,2,11,1.9075
COP2223-038,,ENGINEERING,University of Peradeniya,NUWARA ELIYA,1.9770,value,2,11,1.9770
COP2223-038,,ENGINEERING,University of Peradeniya,GALLE,1.9115,value,2,11,1.9115
COP2223-038,,ENGINEERING,University of Peradeniya,MATARA,1.9095,value,2,11,1.9095
COP2223-038,,ENGINEERING,University of Peradeniya,HAMBANTOTA,1.9035,value,2,11,1.9035
COP2223-038,,ENGINEERING,University of Peradeniya,JAFFNA,1.9054,value,2,11,1.9054
COP2223-038,,ENGINEERING,University of Peradeniya,KILINOCHCHI,,NQC,2,11,NQC
COP2223-038,,ENGINEERING,University of Peradeniya,MANNAR,,NQC,2,11,NQC
COP2223-038,,ENGINEERING,University of Peradeniya,MULLAITIVU,,NQC,2,11,NQC
COP2223-038,,ENGINEERING,University of Peradeniya,VAVUNIYA,1.9561,value,2,11,1.9561
COP2223-038,,ENGINEERING,University of Peradeniya,TRINCOMALEE,1.9674,value,2,11,1.9674
COP2223-038,,ENGINEERING,University of Peradeniya,BATTICALOA,1.9032,value,2,11,1.9032
COP2223-038,,ENGINEERING,University of Peradeniya,AMPARA,1.9111,value,2,11,1.9111
COP2223-038,,ENGINEERING,University of Peradeniya,PUTTALAM,1.9303,value,2,11,1.9303
COP2223-038,,ENGINEERING,University of Peradeniya,KURUNEGALA,1.9069,value,2,11,1.9069
COP2223-038,,ENGINEERING,University of Peradeniya,ANURADHAPURA,1.9101,value,2,11,1.9101
COP2223-038,,ENGINEERING,University of Peradeniya,POLONNARUWA,1.9099,value,2,11,1.9099
COP2223-038,,ENGINEERING,University of Peradeniya,BADULLA,1.9119,value,2,11,1.9119
COP2223-038,,ENGINEERING,University of Peradeniya,MONARAGALA,1.9073,value,2,11,1.9073
COP2223-038,,ENGINEERING,University of Peradeniya,KEGALLE,1.9081,value,2,11,1.9081
COP2223-038,,ENGINEERING,University of Peradeniya,RATNAPURA,1.9074,value,2,11,1.9074
COP2223-039,,ENGINEERING,University of Sri Jayewardenepura,COLOMBO,1.7762,value,2,12,1.7762
COP2223-039,,ENGINEERING,University of Sri Jayewardenepura,GAMPAHA,1.7618,value,2,12,1.7618
COP2223-039,,ENGINEERING,University of Sri Jayewardenepura,KALUTARA,1.7647,value,2,12,1.7647
COP2223-039,,ENGINEERING,University of Sri Jayewardenepura,MATALE,,NQC,2,12,NQC
COP2223-039,,ENGINEERING,University of Sri Jayewardenepura,KANDY,1.7482,value,2,12,1.7482
COP2223-039,,ENGINEERING,University of Sri Jayewardenepura,NUWARA ELIYA,,NQC,2,12,NQC
COP2223-039,,ENGINEERING,University of Sri Jayewardenepura,GALLE,1.7652,value,2,12,1.7652
COP2223-039,,ENGINEERING,University of Sri Jayewardenepura,MATARA,1.7507,value,2,12,1.7507
COP2223-039,,ENGINEERING,University of Sri Jayewardenepura,HAMBANTOTA,1.7631,value,2,12,1.7631
COP2223-039,,ENGINEERING,University of Sri Jayewardenepura,JAFFNA,1.7800,value,2,12,1.7800
COP2223-039,,ENGINEERING,University of Sri Jayewardenepura,KILINOCHCHI,,NQC,2,12,NQC
COP2223-039,,ENGINEERING,University of Sri Jayewardenepura,MANNAR,,NQC,2,12,NQC
COP2223-039,,ENGINEERING,University of Sri Jayewardenepura,MULLAITIVU,,NQC,2,12,NQC
COP2223-039,,ENGINEERING,University of Sri Jayewardenepura,VAVUNIYA,1.8165,value,2,12,1.8165
COP2223-039,,ENGINEERING,University of Sri Jayewardenepura,TRINCOMALEE,1.8803,value,2,12,1.8803
COP2223-039,,ENGINEERING,University of Sri Jayewardenepura,BATTICALOA,1.8462,value,2,12,1.8462
COP2223-039,,ENGINEERING,University of Sri Jayewardenepura,AMPARA,,NQC,2,12,NQC
COP2223-039,,ENGINEERING,University of Sri Jayewardenepura,PUTTALAM,1.7810,value,2,12,1.7810
COP2223-039,,ENGINEERING,University of Sri Jayewardenepura,KURUNEGALA,1.7552,value,2,12,1.7552
COP2223-039,,ENGINEERING,University of Sri Jayewardenepura,ANURADHAPURA,1.8694,value,2,12,1.8694
COP2223-039,,ENGINEERING,University of Sri Jayewardenepura,POLONNARUWA,1.8118,value,2,12,1.8118
COP2223-039,,ENGINEERING,University of Sri Jayewardenepura,BADULLA,1.9777,value,2,12,1.9777
COP2223-039,,ENGINEERING,University of Sri Jayewardenepura,MONARAGALA,,NQC,2,12,NQC
COP2223-039,,ENGINEERING,University of Sri Jayewardenepura,KEGALLE,1.7507,value,2,12,1.7507
COP2223-039,,ENGINEERING,University of Sri Jayewardenepura,RATNAPURA,1.8441,value,2,12,1.8441
COP2223-040,,ENGINEERING,University of Jaffna,COLOMBO,,NQC,2,13,NQC
COP2223-040,,ENGINEERING,University of Jaffna,GAMPAHA,1.4031,value,2,13,1.4031
COP2223-040,,ENGINEERING,University of Jaffna,KALUTARA,,NQC,2,13,NQC
COP2223-040,,ENGINEERING,University of Jaffna,MATALE,1.3920,value,2,13,1.3920
COP2223-040,,ENGINEERING,University of Jaffna,KANDY,1.5391,value,2,13,1.5391
COP2223-040,,ENGINEERING,University of Jaffna,NUWARA ELIYA,1.3978,value,2,13,1.3978
COP2223-040,,ENGINEERING,University of Jaffna,GALLE,,NQC,2,13,NQC
COP2223-040,,ENGINEERING,University of Jaffna,MATARA,,NQC,2,13,NQC
COP2223-040,,ENGINEERING,University of Jaffna,HAMBANTOTA,,NQC,2,13,NQC
COP2223-040,,ENGINEERING,University of Jaffna,JAFFNA,,NQC,2,13,NQC
COP2223-040,,ENGINEERING,University of Jaffna,KILINOCHCHI,1.3255,value,2,13,1.3255
COP2223-040,,ENGINEERING,University of Jaffna,MANNAR,1.3880,value,2,13,1.3880
COP2223-040,,ENGINEERING,University of Jaffna,MULLAITIVU,1.3682,value,2,13,1.3682
COP2223-040,,ENGINEERING,University of Jaffna,VAVUNIYA,1.3911,value,2,13,1.3911
COP2223-040,,ENGINEERING,University of Jaffna,TRINCOMALEE,1.3429,value,2,13,1.3429
COP2223-040,,ENGINEERING,University of Jaffna,BATTICALOA,1.4842,value,2,13,1.4842
COP2223-040,,ENGINEERING,University of Jaffna,AMPARA,1.3419,value,2,13,1.3419
COP2223-040,,ENGINEERING,University of Jaffna,PUTTALAM,1.3371,value,2,13,1.3371
COP2223-040,,ENGINEERING,University of Jaffna,KURUNEGALA,,NQC,2,13,NQC
COP2223-040,,ENGINEERING,University of Jaffna,ANURADHAPURA,1.3887,value,2,13,1.3887
COP2223-040,,ENGINEERING,University of Jaffna,POLONNARUWA,1.4474,value,2,13,1.4474
COP2223-040,,ENGINEERING,University of Jaffna,BADULLA,1.5255,value,2,13,1.5255
COP2223-040,,ENGINEERING,University of Jaffna,MONARAGALA,1.3542,value,2,13,1.3542
COP2223-040,,ENGINEERING,University of Jaffna,KEGALLE,,NQC,2,13,NQC
COP2223-040,,ENGINEERING,University of Jaffna,RATNAPURA,1.4062,value,2,13,1.4062
COP2223-041,,ENGINEERING,University of Ruhuna,COLOMBO,1.6861,value,2,14,1.6861
COP2223-041,,ENGINEERING,University of Ruhuna,GAMPAHA,1.6079,value,2,14,1.6079
COP2223-041,,ENGINEERING,University of Ruhuna,KALUTARA,1.6421,value,2,14,1.6421
COP2223-041,,ENGINEERING,University of Ruhuna,MATALE,1.6520,value,2,14,1.6520
COP2223-041,,ENGINEERING,University of Ruhuna,KANDY,1.6097,value,2,14,1.6097
COP2223-041,,ENGINEERING,University of Ruhuna,NUWARA ELIYA,1.6081,value,2,14,1.6081
COP2223-041,,ENGINEERING,University of Ruhuna,GALLE,1.7063,value,2,14,1.7063
COP2223-041,,ENGINEERING,University of Ruhuna,MATARA,1.7840,value,2,14,1.7840
COP2223-041,,ENGINEERING,University of Ruhuna,HAMBANTOTA,1.6355,value,2,14,1.6355
COP2223-041,,ENGINEERING,University of Ruhuna,JAFFNA,,NQC,2,14,NQC
COP2223-041,,ENGINEERING,University of Ruhuna,KILINOCHCHI,1.6368,value,2,14,1.6368
COP2223-041,,ENGINEERING,University of Ruhuna,MANNAR,1.6789,value,2,14,1.6789
COP2223-041,,ENGINEERING,University of Ruhuna,MULLAITIVU,1.6311,value,2,14,1.6311
COP2223-041,,ENGINEERING,University of Ruhuna,VAVUNIYA,1.6191,value,2,14,1.6191
COP2223-041,,ENGINEERING,University of Ruhuna,TRINCOMALEE,1.6188,value,2,14,1.6188
COP2223-041,,ENGINEERING,University of Ruhuna,BATTICALOA,1.6126,value,2,14,1.6126
COP2223-041,,ENGINEERING,University of Ruhuna,AMPARA,1.6166,value,2,14,1.6166
COP2223-041,,ENGINEERING,University of Ruhuna,PUTTALAM,1.6414,value,2,14,1.6414
COP2223-041,,ENGINEERING,University of Ruhuna,KURUNEGALA,1.6211,value,2,14,1.6211
COP2223-041,,ENGINEERING,University of Ruhuna,ANURADHAPURA,1.6126,value,2,14,1.6126
COP2223-041,,ENGINEERING,University of Ruhuna,POLONNARUWA,1.6687,value,2,14,1.6687
COP2223-041,,ENGINEERING,University of Ruhuna,BADULLA,1.6080,value,2,14,1.6080
COP2223-041,,ENGINEERING,University of Ruhuna,MONARAGALA,1.6237,value,2,14,1.6237
COP2223-041,,ENGINEERING,University of Ruhuna,KEGALLE,1.6435,value,2,14,1.6435
COP2223-041,,ENGINEERING,University of Ruhuna,RATNAPURA,1.6228,value,2,14,1.6228
COP2223-042,,ENGINEERING,University of Moratuwa,COLOMBO,2.1036,value,2,15,2.1036
COP2223-042,,ENGINEERING,University of Moratuwa,GAMPAHA,2.1067,value,2,15,2.1067
COP2223-042,,ENGINEERING,University of Moratuwa,KALUTARA,2.1193,value,2,15,2.1193
COP2223-042,,ENGINEERING,University of Moratuwa,MATALE,2.1393,value,2,15,2.1393
COP2223-042,,ENGINEERING,University of Moratuwa,KANDY,2.1072,value,2,15,2.1072
COP2223-042,,ENGINEERING,University of Moratuwa,NUWARA ELIYA,2.1524,value,2,15,2.1524
COP2223-042,,ENGINEERING,University of Moratuwa,GALLE,2.1010,value,2,15,2.1010
COP2223-042,,ENGINEERING,University of Moratuwa,MATARA,2.1146,value,2,15,2.1146
COP2223-042,,ENGINEERING,University of Moratuwa,HAMBANTOTA,2.1096,value,2,15,2.1096
COP2223-042,,ENGINEERING,University of Moratuwa,JAFFNA,2.1167,value,2,15,2.1167
COP2223-042,,ENGINEERING,University of Moratuwa,KILINOCHCHI,2.1576,value,2,15,2.1576
COP2223-042,,ENGINEERING,University of Moratuwa,MANNAR,2.2964,value,2,15,2.2964
COP2223-042,,ENGINEERING,University of Moratuwa,MULLAITIVU,,NQC,2,15,NQC
COP2223-042,,ENGINEERING,University of Moratuwa,VAVUNIYA,2.1726,value,2,15,2.1726
COP2223-042,,ENGINEERING,University of Moratuwa,TRINCOMALEE,2.2361,value,2,15,2.2361
COP2223-042,,ENGINEERING,University of Moratuwa,BATTICALOA,2.1146,value,2,15,2.1146
COP2223-042,,ENGINEERING,University of Moratuwa,AMPARA,2.2577,value,2,15,2.2577
COP2223-042,,ENGINEERING,University of Moratuwa,PUTTALAM,2.1492,value,2,15,2.1492
COP2223-042,,ENGINEERING,University of Moratuwa,KURUNEGALA,2.1101,value,2,15,2.1101
COP2223-042,,ENGINEERING,University of Moratuwa,ANURADHAPURA,2.1096,value,2,15,2.1096
COP2223-042,,ENGINEERING,University of Moratuwa,POLONNARUWA,2.2829,value,2,15,2.2829
COP2223-042,,ENGINEERING,University of Moratuwa,BADULLA,2.1020,value,2,15,2.1020
COP2223-042,,ENGINEERING,University of Moratuwa,MONARAGALA,2.1015,value,2,15,2.1015
COP2223-042,,ENGINEERING,University of Moratuwa,KEGALLE,2.1115,value,2,15,2.1115
COP2223-042,,ENGINEERING,University of Moratuwa,RATNAPURA,2.1048,value,2,15,2.1048
COP2223-043,,ENGINEERING,South Eastern University of Sri Lanka,COLOMBO,,NQC,2,16,NQC
COP2223-043,,ENGINEERING,South Eastern University of Sri Lanka,GAMPAHA,,NQC,2,16,NQC
COP2223-043,,ENGINEERING,South Eastern University of Sri Lanka,KALUTARA,,NQC,2,16,NQC
COP2223-043,,ENGINEERING,South Eastern University of Sri Lanka,MATALE,1.0985,value,2,16,1.0985
COP2223-043,,ENGINEERING,South Eastern University of Sri Lanka,KANDY,1.5351,value,2,16,1.5351
COP2223-043,,ENGINEERING,South Eastern University of Sri Lanka,NUWARA ELIYA,0.7247,value,2,16,0.7247
COP2223-043,,ENGINEERING,South Eastern University of Sri Lanka,GALLE,,NQC,2,16,NQC
COP2223-043,,ENGINEERING,South Eastern University of Sri Lanka,MATARA,,NQC,2,16,NQC
COP2223-043,,ENGINEERING,South Eastern University of Sri Lanka,HAMBANTOTA,,NQC,2,16,NQC
COP2223-043,,ENGINEERING,South Eastern University of Sri Lanka,JAFFNA,,NQC,2,16,NQC
COP2223-043,,ENGINEERING,South Eastern University of Sri Lanka,KILINOCHCHI,1.2605,value,2,16,1.2605
COP2223-043,,ENGINEERING,South Eastern University of Sri Lanka,MANNAR,1.1786,value,2,16,1.1786
COP2223-043,,ENGINEERING,South Eastern University of Sri Lanka,MULLAITIVU,0.8143,value,2,16,0.8143
COP2223-043,,ENGINEERING,South Eastern University of Sri Lanka,VAVUNIYA,1.3571,value,2,16,1.3571
COP2223-043,,ENGINEERING,South Eastern University of Sri Lanka,TRINCOMALEE,1.2946,value,2,16,1.2946
COP2223-043,,ENGINEERING,South Eastern University of Sri Lanka,BATTICALOA,1.5402,value,2,16,1.5402
COP2223-043,,ENGINEERING,South Eastern University of Sri Lanka,AMPARA,1.3775,value,2,16,1.3775
COP2223-043,,ENGINEERING,South Eastern University of Sri Lanka,PUTTALAM,1.2173,value,2,16,1.2173
COP2223-043,,ENGINEERING,South Eastern University of Sri Lanka,KURUNEGALA,,NQC,2,16,NQC
COP2223-043,,ENGINEERING,South Eastern University of Sri Lanka,ANURADHAPURA,,NQC,2,16,NQC
COP2223-043,,ENGINEERING,South Eastern University of Sri Lanka,POLONNARUWA,0.7871,value,2,16,0.7871
COP2223-043,,ENGINEERING,South Eastern University of Sri Lanka,BADULLA,,NQC,2,16,NQC
COP2223-043,,ENGINEERING,South Eastern University of Sri Lanka,MONARAGALA,1.3110,value,2,16,1.3110
COP2223-043,,ENGINEERING,South Eastern University of Sri Lanka,KEGALLE,,NQC,2,16,NQC
COP2223-043,,ENGINEERING,South Eastern University of Sri Lanka,RATNAPURA,1.4407,value,2,16,1.4407
COP2223-044,,ENGINEERING (EM),University of Moratuwa,COLOMBO,1.5225,value,2,17,1.5225
COP2223-044,,ENGINEERING (EM),University of Moratuwa,GAMPAHA,1.3772,value,2,17,1.3772
COP2223-044,,ENGINEERING (EM),University of Moratuwa,KALUTARA,1.5348,value,2,17,1.5348
COP2223-044,,ENGINEERING (EM),University of Moratuwa,MATALE,1.4027,value,2,17,1.4027
COP2223-044,,ENGINEERING (EM),University of Moratuwa,KANDY,1.4557,value,2,17,1.4557
COP2223-044,,ENGINEERING (EM),University of Moratuwa,NUWARA ELIYA,1.2708,value,2,17,1.2708
COP2223-044,,ENGINEERING (EM),University of Moratuwa,GALLE,1.4786,value,2,17,1.4786
COP2223-044,,ENGINEERING (EM),University of Moratuwa,MATARA,1.5106,value,2,17,1.5106
COP2223-044,,ENGINEERING (EM),University of Moratuwa,HAMBANTOTA,1.5290,value,2,17,1.5290
COP2223-044,,ENGINEERING (EM),University of Moratuwa,JAFFNA,1.4386,value,2,17,1.4386
COP2223-044,,ENGINEERING (EM),University of Moratuwa,KILINOCHCHI,1.0771,value,2,17,1.0771
COP2223-044,,ENGINEERING (EM),University of Moratuwa,MANNAR,1.1130,value,2,17,1.1130
COP2223-044,,ENGINEERING (EM),University of Moratuwa,MULLAITIVU,0.9722,value,2,17,0.9722
COP2223-044,,ENGINEERING (EM),University of Moratuwa,VAVUNIYA,1.1943,value,2,17,1.1943
COP2223-044,,ENGINEERING (EM),University of Moratuwa,TRINCOMALEE,1.2499,value,2,17,1.2499
COP2223-044,,ENGINEERING (EM),University of Moratuwa,BATTICALOA,1.4094,value,2,17,1.4094
COP2223-044,,ENGINEERING (EM),University of Moratuwa,AMPARA,1.2183,value,2,17,1.2183
COP2223-044,,ENGINEERING (EM),University of Moratuwa,PUTTALAM,1.3329,value,2,17,1.3329
COP2223-044,,ENGINEERING (EM),University of Moratuwa,KURUNEGALA,1.5353,value,2,17,1.5353
COP2223-044,,ENGINEERING (EM),University of Moratuwa,ANURADHAPURA,1.3221,value,2,17,1.3221
COP2223-044,,ENGINEERING (EM),University of Moratuwa,POLONNARUWA,1.0241,value,2,17,1.0241
COP2223-044,,ENGINEERING (EM),University of Moratuwa,BADULLA,1.4543,value,2,17,1.4543
COP2223-044,,ENGINEERING (EM),University of Moratuwa,MONARAGALA,1.4088,value,2,17,1.4088
COP2223-044,,ENGINEERING (EM),University of Moratuwa,KEGALLE,1.5044,value,2,17,1.5044
COP2223-044,,ENGINEERING (EM),University of Moratuwa,RATNAPURA,1.4393,value,2,17,1.4393
COP2223-045,,ENGINEERING (TM),University of Moratuwa,COLOMBO,1.4990,value,2,18,1.4990
COP2223-045,,ENGINEERING (TM),University of Moratuwa,GAMPAHA,1.3972,value,2,18,1.3972
COP2223-045,,ENGINEERING (TM),University of Moratuwa,KALUTARA,1.5398,value,2,18,1.5398
COP2223-045,,ENGINEERING (TM),University of Moratuwa,MATALE,1.3238,value,2,18,1.3238
COP2223-045,,ENGINEERING (TM),University of Moratuwa,KANDY,1.4391,value,2,18,1.4391
COP2223-045,,ENGINEERING (TM),University of Moratuwa,NUWARA ELIYA,1.2167,value,2,18,1.2167
COP2223-045,,ENGINEERING (TM),University of Moratuwa,GALLE,1.5052,value,2,18,1.5052
COP2223-045,,ENGINEERING (TM),University of Moratuwa,MATARA,1.5306,value,2,18,1.5306
COP2223-045,,ENGINEERING (TM),University of Moratuwa,HAMBANTOTA,1.4986,value,2,18,1.4986
COP2223-045,,ENGINEERING (TM),University of Moratuwa,JAFFNA,1.4641,value,2,18,1.4641
COP2223-045,,ENGINEERING (TM),University of Moratuwa,KILINOCHCHI,1.2035,value,2,18,1.2035
COP2223-045,,ENGINEERING (TM),University of Moratuwa,MANNAR,1.0115,value,2,18,1.0115
COP2223-045,,ENGINEERING (TM),University of Moratuwa,MULLAITIVU,0.7608,value,2,18,0.7608
COP2223-045,,ENGINEERING (TM),University of Moratuwa,VAVUNIYA,1.1720,value,2,18,1.1720
COP2223-045,,ENGINEERING (TM),University of Moratuwa,TRINCOMALEE,1.2394,value,2,18,1.2394
COP2223-045,,ENGINEERING (TM),University of Moratuwa,BATTICALOA,1.3920,value,2,18,1.3920
COP2223-045,,ENGINEERING (TM),University of Moratuwa,AMPARA,1.1729,value,2,18,1.1729
COP2223-045,,ENGINEERING (TM),University of Moratuwa,PUTTALAM,1.3391,value,2,18,1.3391
COP2223-045,,ENGINEERING (TM),University of Moratuwa,KURUNEGALA,1.5258,value,2,18,1.5258
COP2223-045,,ENGINEERING (TM),University of Moratuwa,ANURADHAPURA,1.3281,value,2,18,1.3281
COP2223-045,,ENGINEERING (TM),University of Moratuwa,POLONNARUWA,1.2206,value,2,18,1.2206
COP2223-045,,ENGINEERING (TM),University of Moratuwa,BADULLA,1.4500,value,2,18,1.4500
COP2223-045,,ENGINEERING (TM),University of Moratuwa,MONARAGALA,1.5479,value,2,18,1.5479
COP2223-045,,ENGINEERING (TM),University of Moratuwa,KEGALLE,1.5247,value,2,18,1.5247
COP2223-045,,ENGINEERING (TM),University of Moratuwa,RATNAPURA,1.4481,value,2,18,1.4481
COP2223-046,,QUANTITY SURVEYING,University of Moratuwa,COLOMBO,1.3200,value,2,19,1.3200
COP2223-046,,QUANTITY SURVEYING,University of Moratuwa,GAMPAHA,1.3058,value,2,19,1.3058
COP2223-046,,QUANTITY SURVEYING,University of Moratuwa,KALUTARA,1.2950,value,2,19,1.2950
COP2223-046,,QUANTITY SURVEYING,University of Moratuwa,MATALE,1.2051,value,2,19,1.2051
COP2223-046,,QUANTITY SURVEYING,University of Moratuwa,KANDY,1.2720,value,2,19,1.2720
COP2223-046,,QUANTITY SURVEYING,University of Moratuwa,NUWARA ELIYA,0.8566,value,2,19,0.8566
COP2223-046,,QUANTITY SURVEYING,University of Moratuwa,GALLE,1.3452,value,2,19,1.3452
COP2223-046,,QUANTITY SURVEYING,University of Moratuwa,MATARA,1.3892,value,2,19,1.3892
COP2223-046,,QUANTITY SURVEYING,University of Moratuwa,HAMBANTOTA,1.3718,value,2,19,1.3718
COP2223-046,,QUANTITY SURVEYING,University of Moratuwa,JAFFNA,1.3571,value,2,19,1.3571
COP2223-046,,QUANTITY SURVEYING,University of Moratuwa,KILINOCHCHI,1.2397,value,2,19,1.2397
COP2223-046,,QUANTITY SURVEYING,University of Moratuwa,MANNAR,1.1677,value,2,19,1.1677
COP2223-046,,QUANTITY SURVEYING,University of Moratuwa,MULLAITIVU,0.7110,value,2,19,0.7110
COP2223-046,,QUANTITY SURVEYING,University of Moratuwa,VAVUNIYA,1.2551,value,2,19,1.2551
COP2223-046,,QUANTITY SURVEYING,University of Moratuwa,TRINCOMALEE,1.1011,value,2,19,1.1011
COP2223-046,,QUANTITY SURVEYING,University of Moratuwa,BATTICALOA,1.3807,value,2,19,1.3807
COP2223-046,,QUANTITY SURVEYING,University of Moratuwa,AMPARA,1.1659,value,2,19,1.1659
COP2223-046,,QUANTITY SURVEYING,University of Moratuwa,PUTTALAM,1.1705,value,2,19,1.1705
COP2223-046,,QUANTITY SURVEYING,University of Moratuwa,KURUNEGALA,1.3547,value,2,19,1.3547
COP2223-046,,QUANTITY SURVEYING,University of Moratuwa,ANURADHAPURA,1.2083,value,2,19,1.2083
COP2223-046,,QUANTITY SURVEYING,University of Moratuwa,POLONNARUWA,0.8628,value,2,19,0.8628
COP2223-046,,QUANTITY SURVEYING,University of Moratuwa,BADULLA,1.3308,value,2,19,1.3308
COP2223-046,,QUANTITY SURVEYING,University of Moratuwa,MONARAGALA,1.2582,value,2,19,1.2582
COP2223-046,,QUANTITY SURVEYING,University of Moratuwa,KEGALLE,1.3776,value,2,19,1.3776
COP2223-046,,QUANTITY SURVEYING,University of Moratuwa,RATNAPURA,1.3091,value,2,19,1.3091
COP2223-047,,COMPUTER SCIENCE,University of Colombo School of Computing,COLOMBO,1.6123,value,2,20,1.6123
COP2223-047,,COMPUTER SCIENCE,University of Colombo School of Computing,GAMPAHA,1.6342,value,2,20,1.6342
COP2223-047,,COMPUTER SCIENCE,University of Colombo School of Computing,KALUTARA,1.6319,value,2,20,1.6319
COP2223-047,,COMPUTER SCIENCE,University of Colombo School of Computing,MATALE,1.8713,value,2,20,1.8713
COP2223-047,,COMPUTER SCIENCE,University of Colombo School of Computing,KANDY,1.6176,value,2,20,1.6176
COP2223-047,,COMPUTER SCIENCE,University of Colombo School of Computing,NUWARA ELIYA,1.7593,value,2,20,1.7593
COP2223-047,,COMPUTER SCIENCE,University of Colombo School of Computing,GALLE,1.6196,value,2,20,1.6196
COP2223-047,,COMPUTER SCIENCE,University of Colombo School of Computing,MATARA,1.6129,value,2,20,1.6129
COP2223-047,,COMPUTER SCIENCE,University of Colombo School of Computing,HAMBANTOTA,1.6148,value,2,20,1.6148
COP2223-047,,COMPUTER SCIENCE,University of Colombo School of Computing,JAFFNA,1.6366,value,2,20,1.6366
COP2223-047,,COMPUTER SCIENCE,University of Colombo School of Computing,KILINOCHCHI,,NQC,2,20,NQC
COP2223-047,,COMPUTER SCIENCE,University of Colombo School of Computing,MANNAR,,NQC,2,20,NQC
COP2223-047,,COMPUTER SCIENCE,University of Colombo School of Computing,MULLAITIVU,,NQC,2,20,NQC
COP2223-047,,COMPUTER SCIENCE,University of Colombo School of Computing,VAVUNIYA,1.8869,value,2,20,1.8869
COP2223-047,,COMPUTER SCIENCE,University of Colombo School of Computing,TRINCOMALEE,,NQC,2,20,NQC
COP2223-047,,COMPUTER SCIENCE,University of Colombo School of Computing,BATTICALOA,2.2870,value,2,20,2.2870
COP2223-047,,COMPUTER SCIENCE,University of Colombo School of Computing,AMPARA,,NQC,2,20,NQC
COP2223-047,,COMPUTER SCIENCE,University of Colombo School of Computing,PUTTALAM,1.7712,value,2,20,1.7712
COP2223-047,,COMPUTER SCIENCE,University of Colombo School of Computing,KURUNEGALA,1.6149,value,2,20,1.6149
COP2223-047,,COMPUTER SCIENCE,University of Colombo School of Computing,ANURADHAPURA,1.6293,value,2,20,1.6293
COP2223-047,,COMPUTER SCIENCE,University of Colombo School of Computing,POLONNARUWA,1.6465,value,2,20,1.6465
COP2223-047,,COMPUTER SCIENCE,University of Colombo School of Computing,BADULLA,1.8790,value,2,20,1.8790
COP2223-047,,COMPUTER SCIENCE,University of Colombo School of Computing,MONARAGALA,1.6545,value,2,20,1.6545
COP2223-047,,COMPUTER SCIENCE,University of Colombo School of Computing,KEGALLE,1.6197,value,2,20,1.6197
COP2223-047,,COMPUTER SCIENCE,University of Colombo School of Computing,RATNAPURA,1.6347,value,2,20,1.6347
COP2223-048,,COMPUTER SCIENCE,University of Sri Jayewardenepura,COLOMBO,1.5054,value,2,21,1.5054
COP2223-048,,COMPUTER SCIENCE,University of Sri Jayewardenepura,GAMPAHA,1.5127,value,2,21,1.5127
COP2223-048,,COMPUTER SCIENCE,University of Sri Jayewardenepura,KALUTARA,1.5057,value,2,21,1.5057
COP2223-048,,COMPUTER SCIENCE,University of Sri Jayewardenepura,MATALE,,NQC,2,21,NQC
COP2223-048,,COMPUTER SCIENCE,University of Sri Jayewardenepura,KANDY,1.5137,value,2,21,1.5137
COP2223-048,,COMPUTER SCIENCE,University of Sri Jayewardenepura,NUWARA ELIYA,,NQC,2,21,NQC
COP2223-048,,COMPUTER SCIENCE,University of Sri Jayewardenepura,GALLE,1.5121,value,2,21,1.5121
COP2223-048,,COMPUTER SCIENCE,University of Sri Jayewardenepura,MATARA,1.5127,value,2,21,1.5127
COP2223-048,,COMPUTER SCIENCE,University of Sri Jayewardenepura,HAMBANTOTA,1.5117,value,2,21,1.5117
COP2223-048,,COMPUTER SCIENCE,University of Sri Jayewardenepura,JAFFNA,1.5073,value,2,21,1.5073
COP2223-048,,COMPUTER SCIENCE,University of Sri Jayewardenepura,KILINOCHCHI,,NQC,2,21,NQC
COP2223-048,,COMPUTER SCIENCE,University of Sri Jayewardenepura,MANNAR,,NQC,2,21,NQC
COP2223-048,,COMPUTER SCIENCE,University of Sri Jayewardenepura,MULLAITIVU,,NQC,2,21,NQC
COP2223-048,,COMPUTER SCIENCE,University of Sri Jayewardenepura,VAVUNIYA,,NQC,2,21,NQC
COP2223-048,,COMPUTER SCIENCE,University of Sri Jayewardenepura,TRINCOMALEE,,NQC,2,21,NQC
COP2223-048,,COMPUTER SCIENCE,University of Sri Jayewardenepura,BATTICALOA,,NQC,2,21,NQC
COP2223-048,,COMPUTER SCIENCE,University of Sri Jayewardenepura,AMPARA,,NQC,2,21,NQC
COP2223-048,,COMPUTER SCIENCE,University of Sri Jayewardenepura,PUTTALAM,,NQC,2,21,NQC
COP2223-048,,COMPUTER SCIENCE,University of Sri Jayewardenepura,KURUNEGALA,1.5103,value,2,21,1.5103
COP2223-048,,COMPUTER SCIENCE,University of Sri Jayewardenepura,ANURADHAPURA,,NQC,2,21,NQC
COP2223-048,,COMPUTER SCIENCE,University of Sri Jayewardenepura,POLONNARUWA,,NQC,2,21,NQC
COP2223-048,,COMPUTER SCIENCE,University of Sri Jayewardenepura,BADULLA,,NQC,2,21,NQC
COP2223-048,,COMPUTER SCIENCE,University of Sri Jayewardenepura,MONARAGALA,,NQC,2,21,NQC
COP2223-048,,COMPUTER SCIENCE,University of Sri Jayewardenepura,KEGALLE,1.5524,value,2,21,1.5524
COP2223-048,,COMPUTER SCIENCE,University of Sri Jayewardenepura,RATNAPURA,1.5303,value,2,21,1.5303
COP2223-049,,COMPUTER SCIENCE,University of Kelaniya,COLOMBO,1.5246,value,2,22,1.5246
COP2223-049,,COMPUTER SCIENCE,University of Kelaniya,GAMPAHA,1.5586,value,2,22,1.5586
COP2223-049,,COMPUTER SCIENCE,University of Kelaniya,KALUTARA,1.5193,value,2,22,1.5193
COP2223-049,,COMPUTER SCIENCE,University of Kelaniya,MATALE,,NQC,2,22,NQC
COP2223-049,,COMPUTER SCIENCE,University of Kelaniya,KANDY,1.5380,value,2,22,1.5380
COP2223-049,,COMPUTER SCIENCE,University of Kelaniya,NUWARA ELIYA,,NQC,2,22,NQC
COP2223-049,,COMPUTER SCIENCE,University of Kelaniya,GALLE,1.5537,value,2,22,1.5537
COP2223-049,,COMPUTER SCIENCE,University of Kelaniya,MATARA,1.5253,value,2,22,1.5253
COP2223-049,,COMPUTER SCIENCE,University of Kelaniya,HAMBANTOTA,1.5284,value,2,22,1.5284
COP2223-049,,COMPUTER SCIENCE,University of Kelaniya,JAFFNA,1.5575,value,2,22,1.5575
COP2223-049,,COMPUTER SCIENCE,University of Kelaniya,KILINOCHCHI,,NQC,2,22,NQC
COP2223-049,,COMPUTER SCIENCE,University of Kelaniya,MANNAR,,NQC,2,22,NQC
COP2223-049,,COMPUTER SCIENCE,University of Kelaniya,MULLAITIVU,,NQC,2,22,NQC
COP2223-049,,COMPUTER SCIENCE,University of Kelaniya,VAVUNIYA,,NQC,2,22,NQC
COP2223-049,,COMPUTER SCIENCE,University of Kelaniya,TRINCOMALEE,1.5422,value,2,22,1.5422
COP2223-049,,COMPUTER SCIENCE,University of Kelaniya,BATTICALOA,,NQC,2,22,NQC
COP2223-049,,COMPUTER SCIENCE,University of Kelaniya,AMPARA,,NQC,2,22,NQC
COP2223-049,,COMPUTER SCIENCE,University of Kelaniya,PUTTALAM,,NQC,2,22,NQC
COP2223-049,,COMPUTER SCIENCE,University of Kelaniya,KURUNEGALA,1.5525,value,2,22,1.5525
COP2223-049,,COMPUTER SCIENCE,University of Kelaniya,ANURADHAPURA,,NQC,2,22,NQC
COP2223-049,,COMPUTER SCIENCE,University of Kelaniya,POLONNARUWA,,NQC,2,22,NQC
COP2223-049,,COMPUTER SCIENCE,University of Kelaniya,BADULLA,,NQC,2,22,NQC
COP2223-049,,COMPUTER SCIENCE,University of Kelaniya,MONARAGALA,,NQC,2,22,NQC
COP2223-049,,COMPUTER SCIENCE,University of Kelaniya,KEGALLE,1.5784,value,2,22,1.5784
COP2223-049,,COMPUTER SCIENCE,University of Kelaniya,RATNAPURA,1.5353,value,2,22,1.5353
COP2223-050,,COMPUTER SCIENCE,University of Jaffna,COLOMBO,1.2741,value,2,23,1.2741
COP2223-050,,COMPUTER SCIENCE,University of Jaffna,GAMPAHA,1.1092,value,2,23,1.1092
COP2223-050,,COMPUTER SCIENCE,University of Jaffna,KALUTARA,,NQC,2,23,NQC
COP2223-050,,COMPUTER SCIENCE,University of Jaffna,MATALE,1.2467,value,2,23,1.2467
COP2223-050,,COMPUTER SCIENCE,University of Jaffna,KANDY,1.1251,value,2,23,1.1251
COP2223-050,,COMPUTER SCIENCE,University of Jaffna,NUWARA ELIYA,,NQC,2,23,NQC
COP2223-050,,COMPUTER SCIENCE,University of Jaffna,GALLE,,NQC,2,23,NQC
COP2223-050,,COMPUTER SCIENCE,University of Jaffna,MATARA,,NQC,2,23,NQC
COP2223-050,,COMPUTER SCIENCE,University of Jaffna,HAMBANTOTA,,NQC,2,23,NQC
COP2223-050,,COMPUTER SCIENCE,University of Jaffna,JAFFNA,1.3709,value,2,23,1.3709
COP2223-050,,COMPUTER SCIENCE,University of Jaffna,KILINOCHCHI,1.2027,value,2,23,1.2027
COP2223-050,,COMPUTER SCIENCE,University of Jaffna,MANNAR,,NQC,2,23,NQC
COP2223-050,,COMPUTER SCIENCE,University of Jaffna,MULLAITIVU,,NQC,2,23,NQC
COP2223-050,,COMPUTER SCIENCE,University of Jaffna,VAVUNIYA,1.2433,value,2,23,1.2433
COP2223-050,,COMPUTER SCIENCE,University of Jaffna,TRINCOMALEE,1.2893,value,2,23,1.2893
COP2223-050,,COMPUTER SCIENCE,University of Jaffna,BATTICALOA,1.1515,value,2,23,1.1515
COP2223-050,,COMPUTER SCIENCE,University of Jaffna,AMPARA,1.1527,value,2,23,1.1527
COP2223-050,,COMPUTER SCIENCE,University of Jaffna,PUTTALAM,1.1268,value,2,23,1.1268
COP2223-050,,COMPUTER SCIENCE,University of Jaffna,KURUNEGALA,1.1948,value,2,23,1.1948
COP2223-050,,COMPUTER SCIENCE,University of Jaffna,ANURADHAPURA,1.1079,value,2,23,1.1079
COP2223-050,,COMPUTER SCIENCE,University of Jaffna,POLONNARUWA,,NQC,2,23,NQC
COP2223-050,,COMPUTER SCIENCE,University of Jaffna,BADULLA,1.1610,value,2,23,1.1610
COP2223-050,,COMPUTER SCIENCE,University of Jaffna,MONARAGALA,1.1033,value,2,23,1.1033
COP2223-050,,COMPUTER SCIENCE,University of Jaffna,KEGALLE,1.2459,value,2,23,1.2459
COP2223-050,,COMPUTER SCIENCE,University of Jaffna,RATNAPURA,1.1817,value,2,23,1.1817
COP2223-051,,COMPUTER SCIENCE,University of Ruhuna,COLOMBO,1.3257,value,2,24,1.3257
COP2223-051,,COMPUTER SCIENCE,University of Ruhuna,GAMPAHA,1.3241,value,2,24,1.3241
COP2223-051,,COMPUTER SCIENCE,University of Ruhuna,KALUTARA,1.4002,value,2,24,1.4002
COP2223-051,,COMPUTER SCIENCE,University of Ruhuna,MATALE,,NQC,2,24,NQC
COP2223-051,,COMPUTER SCIENCE,University of Ruhuna,KANDY,1.3349,value,2,24,1.3349
COP2223-051,,COMPUTER SCIENCE,University of Ruhuna,NUWARA ELIYA,,NQC,2,24,NQC
COP2223-051,,COMPUTER SCIENCE,University of Ruhuna,GALLE,1.3671,value,2,24,1.3671
COP2223-051,,COMPUTER SCIENCE,University of Ruhuna,MATARA,1.4776,value,2,24,1.4776
COP2223-051,,COMPUTER SCIENCE,University of Ruhuna,HAMBANTOTA,1.4149,value,2,24,1.4149
COP2223-051,,COMPUTER SCIENCE,University of Ruhuna,JAFFNA,1.3711,value,2,24,1.3711
COP2223-051,,COMPUTER SCIENCE,University of Ruhuna,KILINOCHCHI,,NQC,2,24,NQC
COP2223-051,,COMPUTER SCIENCE,University of Ruhuna,MANNAR,,NQC,2,24,NQC
COP2223-051,,COMPUTER SCIENCE,University of Ruhuna,MULLAITIVU,,NQC,2,24,NQC
COP2223-051,,COMPUTER SCIENCE,University of Ruhuna,VAVUNIYA,,NQC,2,24,NQC
COP2223-051,,COMPUTER SCIENCE,University of Ruhuna,TRINCOMALEE,,NQC,2,24,NQC
COP2223-051,,COMPUTER SCIENCE,University of Ruhuna,BATTICALOA,,NQC,2,24,NQC
COP2223-051,,COMPUTER SCIENCE,University of Ruhuna,AMPARA,,NQC,2,24,NQC
COP2223-051,,COMPUTER SCIENCE,University of Ruhuna,PUTTALAM,,NQC,2,24,NQC
COP2223-051,,COMPUTER SCIENCE,University of Ruhuna,KURUNEGALA,1.3281,value,2,24,1.3281
COP2223-051,,COMPUTER SCIENCE,University of Ruhuna,ANURADHAPURA,1.3514,value,2,24,1.3514
COP2223-051,,COMPUTER SCIENCE,University of Ruhuna,POLONNARUWA,,NQC,2,24,NQC
COP2223-051,,COMPUTER SCIENCE,University of Ruhuna,BADULLA,1.3583,value,2,24,1.3583
COP2223-051,,COMPUTER SCIENCE,University of Ruhuna,MONARAGALA,,NQC,2,24,NQC
COP2223-051,,COMPUTER SCIENCE,University of Ruhuna,KEGALLE,1.3279,value,2,24,1.3279
COP2223-051,,COMPUTER SCIENCE,University of Ruhuna,RATNAPURA,1.3333,value,2,24,1.3333
COP2223-052,,COMPUTER SCIENCE,Eastern University - Trincomalee Campus,COLOMBO,,NQC,2,25,NQC
COP2223-052,,COMPUTER SCIENCE,Eastern University - Trincomalee Campus,GAMPAHA,1.1211,value,2,25,1.1211
COP2223-052,,COMPUTER SCIENCE,Eastern University - Trincomalee Campus,KALUTARA,,NQC,2,25,NQC
COP2223-052,,COMPUTER SCIENCE,Eastern University - Trincomalee Campus,MATALE,0.8035,value,2,25,0.8035
COP2223-052,,COMPUTER SCIENCE,Eastern University - Trincomalee Campus,KANDY,0.8446,value,2,25,0.8446
COP2223-052,,COMPUTER SCIENCE,Eastern University - Trincomalee Campus,NUWARA ELIYA,0.4791,value,2,25,0.4791
COP2223-052,,COMPUTER SCIENCE,Eastern University - Trincomalee Campus,GALLE,,NQC,2,25,NQC
COP2223-052,,COMPUTER SCIENCE,Eastern University - Trincomalee Campus,MATARA,,NQC,2,25,NQC
COP2223-052,,COMPUTER SCIENCE,Eastern University - Trincomalee Campus,HAMBANTOTA,,NQC,2,25,NQC
COP2223-052,,COMPUTER SCIENCE,Eastern University - Trincomalee Campus,JAFFNA,,NQC,2,25,NQC
COP2223-052,,COMPUTER SCIENCE,Eastern University - Trincomalee Campus,KILINOCHCHI,0.8907,value,2,25,0.8907
COP2223-052,,COMPUTER SCIENCE,Eastern University - Trincomalee Campus,MANNAR,0.5131,value,2,25,0.5131
COP2223-052,,COMPUTER SCIENCE,Eastern University - Trincomalee Campus,MULLAITIVU,0.6127,value,2,25,0.6127
COP2223-052,,COMPUTER SCIENCE,Eastern University - Trincomalee Campus,VAVUNIYA,0.7283,value,2,25,0.7283
COP2223-052,,COMPUTER SCIENCE,Eastern University - Trincomalee Campus,TRINCOMALEE,0.7455,value,2,25,0.7455
COP2223-052,,COMPUTER SCIENCE,Eastern University - Trincomalee Campus,BATTICALOA,1.0560,value,2,25,1.0560
COP2223-052,,COMPUTER SCIENCE,Eastern University - Trincomalee Campus,AMPARA,0.8677,value,2,25,0.8677
COP2223-052,,COMPUTER SCIENCE,Eastern University - Trincomalee Campus,PUTTALAM,0.6784,value,2,25,0.6784
COP2223-052,,COMPUTER SCIENCE,Eastern University - Trincomalee Campus,KURUNEGALA,,NQC,2,25,NQC
COP2223-052,,COMPUTER SCIENCE,Eastern University - Trincomalee Campus,ANURADHAPURA,0.7886,value,2,25,0.7886
COP2223-052,,COMPUTER SCIENCE,Eastern University - Trincomalee Campus,POLONNARUWA,0.5547,value,2,25,0.5547
COP2223-052,,COMPUTER SCIENCE,Eastern University - Trincomalee Campus,BADULLA,1.1729,value,2,25,1.1729
COP2223-052,,COMPUTER SCIENCE,Eastern University - Trincomalee Campus,MONARAGALA,0.8722,value,2,25,0.8722
COP2223-052,,COMPUTER SCIENCE,Eastern University - Trincomalee Campus,KEGALLE,,NQC,2,25,NQC
COP2223-052,,COMPUTER SCIENCE,Eastern University - Trincomalee Campus,RATNAPURA,1.2067,value,2,25,1.2067
COP2223-053,,PHYSICAL SCIENCE,University of Colombo,COLOMBO,1.2613,value,2,26,1.2613
COP2223-053,,PHYSICAL SCIENCE,University of Colombo,GAMPAHA,1.2675,value,2,26,1.2675
COP2223-053,,PHYSICAL SCIENCE,University of Colombo,KALUTARA,1.2645,value,2,26,1.2645
COP2223-053,,PHYSICAL SCIENCE,University of Colombo,MATALE,,NQC,2,26,NQC
COP2223-053,,PHYSICAL SCIENCE,University of Colombo,KANDY,1.2615,value,2,26,1.2615
COP2223-053,,PHYSICAL SCIENCE,University of Colombo,NUWARA ELIYA,,NQC,2,26,NQC
COP2223-053,,PHYSICAL SCIENCE,University of Colombo,GALLE,1.2617,value,2,26,1.2617
COP2223-053,,PHYSICAL SCIENCE,University of Colombo,MATARA,1.2642,value,2,26,1.2642
COP2223-053,,PHYSICAL SCIENCE,University of Colombo,HAMBANTOTA,1.2677,value,2,26,1.2677
COP2223-053,,PHYSICAL SCIENCE,University of Colombo,JAFFNA,1.2689,value,2,26,1.2689
COP2223-053,,PHYSICAL SCIENCE,University of Colombo,KILINOCHCHI,,NQC,2,26,NQC
COP2223-053,,PHYSICAL SCIENCE,University of Colombo,MANNAR,,NQC,2,26,NQC
COP2223-053,,PHYSICAL SCIENCE,University of Colombo,MULLAITIVU,,NQC,2,26,NQC
COP2223-053,,PHYSICAL SCIENCE,University of Colombo,VAVUNIYA,,NQC,2,26,NQC
COP2223-053,,PHYSICAL SCIENCE,University of Colombo,TRINCOMALEE,1.3205,value,2,26,1.3205
COP2223-053,,PHYSICAL SCIENCE,University of Colombo,BATTICALOA,1.3694,value,2,26,1.3694
COP2223-053,,PHYSICAL SCIENCE,University of Colombo,AMPARA,1.6380,value,2,26,1.6380
COP2223-053,,PHYSICAL SCIENCE,University of Colombo,PUTTALAM,1.3690,value,2,26,1.3690
COP2223-053,,PHYSICAL SCIENCE,University of Colombo,KURUNEGALA,1.2604,value,2,26,1.2604
COP2223-053,,PHYSICAL SCIENCE,University of Colombo,ANURADHAPURA,1.3592,value,2,26,1.3592
COP2223-053,,PHYSICAL SCIENCE,University of Colombo,POLONNARUWA,2.2960,value,2,26,2.2960
COP2223-053,,PHYSICAL SCIENCE,University of Colombo,BADULLA,1.2654,value,2,26,1.2654
COP2223-053,,PHYSICAL SCIENCE,University of Colombo,MONARAGALA,,NQC,2,26,NQC
COP2223-053,,PHYSICAL SCIENCE,University of Colombo,KEGALLE,1.2610,value,2,26,1.2610
COP2223-053,,PHYSICAL SCIENCE,University of Colombo,RATNAPURA,1.2627,value,2,26,1.2627
COP2223-054,,PHYSICAL SCIENCE,University of Peradeniya,COLOMBO,1.1588,value,2,27,1.1588
COP2223-054,,PHYSICAL SCIENCE,University of Peradeniya,GAMPAHA,1.1551,value,2,27,1.1551
COP2223-054,,PHYSICAL SCIENCE,University of Peradeniya,KALUTARA,1.1531,value,2,27,1.1531
COP2223-054,,PHYSICAL SCIENCE,University of Peradeniya,MATALE,1.1639,value,2,27,1.1639
COP2223-054,,PHYSICAL SCIENCE,University of Peradeniya,KANDY,1.1531,value,2,27,1.1531
COP2223-054,,PHYSICAL SCIENCE,University of Peradeniya,NUWARA ELIYA,1.3844,value,2,27,1.3844
COP2223-054,,PHYSICAL SCIENCE,University of Peradeniya,GALLE,1.1534,value,2,27,1.1534
COP2223-054,,PHYSICAL SCIENCE,University of Peradeniya,MATARA,1.1622,value,2,27,1.1622
COP2223-054,,PHYSICAL SCIENCE,University of Peradeniya,HAMBANTOTA,1.1700,value,2,27,1.1700
COP2223-054,,PHYSICAL SCIENCE,University of Peradeniya,JAFFNA,1.1636,value,2,27,1.1636
COP2223-054,,PHYSICAL SCIENCE,University of Peradeniya,KILINOCHCHI,,NQC,2,27,NQC
COP2223-054,,PHYSICAL SCIENCE,University of Peradeniya,MANNAR,,NQC,2,27,NQC
COP2223-054,,PHYSICAL SCIENCE,University of Peradeniya,MULLAITIVU,,NQC,2,27,NQC
COP2223-054,,PHYSICAL SCIENCE,University of Peradeniya,VAVUNIYA,,NQC,2,27,NQC
COP2223-054,,PHYSICAL SCIENCE,University of Peradeniya,TRINCOMALEE,,NQC,2,27,NQC
COP2223-054,,PHYSICAL SCIENCE,University of Peradeniya,BATTICALOA,,NQC,2,27,NQC
COP2223-054,,PHYSICAL SCIENCE,University of Peradeniya,AMPARA,,NQC,2,27,NQC
COP2223-054,,PHYSICAL SCIENCE,University of Peradeniya,PUTTALAM,1.1531,value,2,27,1.1531
COP2223-054,,PHYSICAL SCIENCE,University of Peradeniya,KURUNEGALA,1.1574,value,2,27,1.1574
COP2223-054,,PHYSICAL SCIENCE,University of Peradeniya,ANURADHAPURA,1.1641,value,2,27,1.1641
COP2223-054,,PHYSICAL SCIENCE,University of Peradeniya,POLONNARUWA,,NQC,2,27,NQC
COP2223-054,,PHYSICAL SCIENCE,University of Peradeniya,BADULLA,1.1581,value,2,27,1.1581
COP2223-054,,PHYSICAL SCIENCE,University of Peradeniya,MONARAGALA,1.1978,value,2,27,1.1978
COP2223-054,,PHYSICAL SCIENCE,University of Peradeniya,KEGALLE,1.1635,value,2,27,1.1635
COP2223-054,,PHYSICAL SCIENCE,University of Peradeniya,RATNAPURA,1.1557,value,2,27,1.1557
COP2223-055,,PHYSICAL SCIENCE,University of Sri Jayewardenepura,COLOMBO,1.0756,value,3,1,1.0756
COP2223-055,,PHYSICAL SCIENCE,University of Sri Jayewardenepura,GAMPAHA,1.0759,value,3,1,1.0759
COP2223-055,,PHYSICAL SCIENCE,University of Sri Jayewardenepura,KALUTARA,1.0801,value,3,1,1.0801
COP2223-055,,PHYSICAL SCIENCE,University of Sri Jayewardenepura,MATALE,1.0797,value,3,1,1.0797
COP2223-055,,PHYSICAL SCIENCE,University of Sri Jayewardenepura,KANDY,1.0725,value,3,1,1.0725
COP2223-055,,PHYSICAL SCIENCE,University of Sri Jayewardenepura,NUWARA ELIYA,,NQC,3,1,NQC
COP2223-055,,PHYSICAL SCIENCE,University of Sri Jayewardenepura,GALLE,1.0726,value,3,1,1.0726
COP2223-055,,PHYSICAL SCIENCE,University of Sri Jayewardenepura,MATARA,1.0783,value,3,1,1.0783
COP2223-055,,PHYSICAL SCIENCE,University of Sri Jayewardenepura,HAMBANTOTA,1.0747,value,3,1,1.0747
COP2223-055,,PHYSICAL SCIENCE,University of Sri Jayewardenepura,JAFFNA,1.0765,value,3,1,1.0765
COP2223-055,,PHYSICAL SCIENCE,University of Sri Jayewardenepura,KILINOCHCHI,,NQC,3,1,NQC
COP2223-055,,PHYSICAL SCIENCE,University of Sri Jayewardenepura,MANNAR,,NQC,3,1,NQC
COP2223-055,,PHYSICAL SCIENCE,University of Sri Jayewardenepura,MULLAITIVU,,NQC,3,1,NQC
COP2223-055,,PHYSICAL SCIENCE,University of Sri Jayewardenepura,VAVUNIYA,,NQC,3,1,NQC
COP2223-055,,PHYSICAL SCIENCE,University of Sri Jayewardenepura,TRINCOMALEE,,NQC,3,1,NQC
COP2223-055,,PHYSICAL SCIENCE,University of Sri Jayewardenepura,BATTICALOA,1.1048,value,3,1,1.1048
COP2223-055,,PHYSICAL SCIENCE,University of Sri Jayewardenepura,AMPARA,,NQC,3,1,NQC
COP2223-055,,PHYSICAL SCIENCE,University of Sri Jayewardenepura,PUTTALAM,1.1056,value,3,1,1.1056
COP2223-055,,PHYSICAL SCIENCE,University of Sri Jayewardenepura,KURUNEGALA,1.0728,value,3,1,1.0728
COP2223-055,,PHYSICAL SCIENCE,University of Sri Jayewardenepura,ANURADHAPURA,1.0811,value,3,1,1.0811
COP2223-055,,PHYSICAL SCIENCE,University of Sri Jayewardenepura,POLONNARUWA,,NQC,3,1,NQC
COP2223-055,,PHYSICAL SCIENCE,University of Sri Jayewardenepura,BADULLA,1.0947,value,3,1,1.0947
COP2223-055,,PHYSICAL SCIENCE,University of Sri Jayewardenepura,MONARAGALA,1.1111,value,3,1,1.1111
COP2223-055,,PHYSICAL SCIENCE,University of Sri Jayewardenepura,KEGALLE,1.0721,value,3,1,1.0721
COP2223-055,,PHYSICAL SCIENCE,University of Sri Jayewardenepura,RATNAPURA,1.0801,value,3,1,1.0801
COP2223-056,,PHYSICAL SCIENCE,University of Kelaniya,COLOMBO,0.9845,value,3,2,0.9845
COP2223-056,,PHYSICAL SCIENCE,University of Kelaniya,GAMPAHA,0.9841,value,3,2,0.9841
COP2223-056,,PHYSICAL SCIENCE,University of Kelaniya,KALUTARA,0.9862,value,3,2,0.9862
COP2223-056,,PHYSICAL SCIENCE,University of Kelaniya,MATALE,0.9899,value,3,2,0.9899
COP2223-056,,PHYSICAL SCIENCE,University of Kelaniya,KANDY,0.9896,value,3,2,0.9896
COP2223-056,,PHYSICAL SCIENCE,University of Kelaniya,NUWARA ELIYA,,NQC,3,2,NQC
COP2223-056,,PHYSICAL SCIENCE,University of Kelaniya,GALLE,0.9868,value,3,2,0.9868
COP2223-056,,PHYSICAL SCIENCE,University of Kelaniya,MATARA,0.9925,value,3,2,0.9925
COP2223-056,,PHYSICAL SCIENCE,University of Kelaniya,HAMBANTOTA,0.9849,value,3,2,0.9849
COP2223-056,,PHYSICAL SCIENCE,University of Kelaniya,JAFFNA,1.0002,value,3,2,1.0002
COP2223-056,,PHYSICAL SCIENCE,University of Kelaniya,KILINOCHCHI,,NQC,3,2,NQC
COP2223-056,,PHYSICAL SCIENCE,University of Kelaniya,MANNAR,,NQC,3,2,NQC
COP2223-056,,PHYSICAL SCIENCE,University of Kelaniya,MULLAITIVU,,NQC,3,2,NQC
COP2223-056,,PHYSICAL SCIENCE,University of Kelaniya,VAVUNIYA,,NQC,3,2,NQC
COP2223-056,,PHYSICAL SCIENCE,University of Kelaniya,TRINCOMALEE,,NQC,3,2,NQC
COP2223-056,,PHYSICAL SCIENCE,University of Kelaniya,BATTICALOA,0.9932,value,3,2,0.9932
COP2223-056,,PHYSICAL SCIENCE,University of Kelaniya,AMPARA,1.0241,value,3,2,1.0241
COP2223-056,,PHYSICAL SCIENCE,University of Kelaniya,PUTTALAM,1.0236,value,3,2,1.0236
COP2223-056,,PHYSICAL SCIENCE,University of Kelaniya,KURUNEGALA,0.9851,value,3,2,0.9851
COP2223-056,,PHYSICAL SCIENCE,University of Kelaniya,ANURADHAPURA,1.0188,value,3,2,1.0188
COP2223-056,,PHYSICAL SCIENCE,University of Kelaniya,POLONNARUWA,,NQC,3,2,NQC
COP2223-056,,PHYSICAL SCIENCE,University of Kelaniya,BADULLA,0.9844,value,3,2,0.9844
COP2223-056,,PHYSICAL SCIENCE,University of Kelaniya,MONARAGALA,0.9939,value,3,2,0.9939
COP2223-056,,PHYSICAL SCIENCE,University of Kelaniya,KEGALLE,0.9858,value,3,2,0.9858
COP2223-056,,PHYSICAL SCIENCE,University of Kelaniya,RATNAPURA,0.9917,value,3,2,0.9917
COP2223-057,,PHYSICAL SCIENCE,University of Jaffna,COLOMBO,0.8624,value,3,3,0.8624
COP2223-057,,PHYSICAL SCIENCE,University of Jaffna,GAMPAHA,0.7250,value,3,3,0.7250
COP2223-057,,PHYSICAL SCIENCE,University of Jaffna,KALUTARA,0.7957,value,3,3,0.7957
COP2223-057,,PHYSICAL SCIENCE,University of Jaffna,MATALE,0.7004,value,3,3,0.7004
COP2223-057,,PHYSICAL SCIENCE,University of Jaffna,KANDY,0.7059,value,3,3,0.7059
COP2223-057,,PHYSICAL SCIENCE,University of Jaffna,NUWARA ELIYA,,NQC,3,3,NQC
COP2223-057,,PHYSICAL SCIENCE,University of Jaffna,GALLE,0.9686,value,3,3,0.9686
COP2223-057,,PHYSICAL SCIENCE,University of Jaffna,MATARA,,NQC,3,3,NQC
COP2223-057,,PHYSICAL SCIENCE,University of Jaffna,HAMBANTOTA,0.7826,value,3,3,0.7826
COP2223-057,,PHYSICAL SCIENCE,University of Jaffna,JAFFNA,0.7660,value,3,3,0.7660
COP2223-057,,PHYSICAL SCIENCE,University of Jaffna,KILINOCHCHI,0.7308,value,3,3,0.7308
COP2223-057,,PHYSICAL SCIENCE,University of Jaffna,MANNAR,,NQC,3,3,NQC
COP2223-057,,PHYSICAL SCIENCE,University of Jaffna,MULLAITIVU,,NQC,3,3,NQC
COP2223-057,,PHYSICAL SCIENCE,University of Jaffna,VAVUNIYA,0.7277,value,3,3,0.7277
COP2223-057,,PHYSICAL SCIENCE,University of Jaffna,TRINCOMALEE,0.7051,value,3,3,0.7051
COP2223-057,,PHYSICAL SCIENCE,University of Jaffna,BATTICALOA,0.6974,value,3,3,0.6974
COP2223-057,,PHYSICAL SCIENCE,University of Jaffna,AMPARA,0.6966,value,3,3,0.6966
COP2223-057,,PHYSICAL SCIENCE,University of Jaffna,PUTTALAM,0.7319,value,3,3,0.7319
COP2223-057,,PHYSICAL SCIENCE,University of Jaffna,KURUNEGALA,0.7760,value,3,3,0.7760
COP2223-057,,PHYSICAL SCIENCE,University of Jaffna,ANURADHAPURA,0.7020,value,3,3,0.7020
COP2223-057,,PHYSICAL SCIENCE,University of Jaffna,POLONNARUWA,0.7025,value,3,3,0.7025
COP2223-057,,PHYSICAL SCIENCE,University of Jaffna,BADULLA,0.7008,value,3,3,0.7008
COP2223-057,,PHYSICAL SCIENCE,University of Jaffna,MONARAGALA,0.7174,value,3,3,0.7174
COP2223-057,,PHYSICAL SCIENCE,University of Jaffna,KEGALLE,0.8057,value,3,3,0.8057
COP2223-057,,PHYSICAL SCIENCE,University of Jaffna,RATNAPURA,0.7062,value,3,3,0.7062
COP2223-058,,PHYSICAL SCIENCE,University of Ruhuna,COLOMBO,0.9020,value,3,4,0.9020
COP2223-058,,PHYSICAL SCIENCE,University of Ruhuna,GAMPAHA,0.9010,value,3,4,0.9010
COP2223-058,,PHYSICAL SCIENCE,University of Ruhuna,KALUTARA,0.8991,value,3,4,0.8991
COP2223-058,,PHYSICAL SCIENCE,University of Ruhuna,MATALE,0.9051,value,3,4,0.9051
COP2223-058,,PHYSICAL SCIENCE,University of Ruhuna,KANDY,0.9043,value,3,4,0.9043
COP2223-058,,PHYSICAL SCIENCE,University of Ruhuna,NUWARA ELIYA,,NQC,3,4,NQC
COP2223-058,,PHYSICAL SCIENCE,University of Ruhuna,GALLE,0.9499,value,3,4,0.9499
COP2223-058,,PHYSICAL SCIENCE,University of Ruhuna,MATARA,0.9064,value,3,4,0.9064
COP2223-058,,PHYSICAL SCIENCE,University of Ruhuna,HAMBANTOTA,0.9053,value,3,4,0.9053
COP2223-058,,PHYSICAL SCIENCE,University of Ruhuna,JAFFNA,,NQC,3,4,NQC
COP2223-058,,PHYSICAL SCIENCE,University of Ruhuna,KILINOCHCHI,,NQC,3,4,NQC
COP2223-058,,PHYSICAL SCIENCE,University of Ruhuna,MANNAR,1.0094,value,3,4,1.0094
COP2223-058,,PHYSICAL SCIENCE,University of Ruhuna,MULLAITIVU,,NQC,3,4,NQC
COP2223-058,,PHYSICAL SCIENCE,University of Ruhuna,VAVUNIYA,,NQC,3,4,NQC
COP2223-058,,PHYSICAL SCIENCE,University of Ruhuna,TRINCOMALEE,0.9038,value,3,4,0.9038
COP2223-058,,PHYSICAL SCIENCE,University of Ruhuna,BATTICALOA,0.9065,value,3,4,0.9065
COP2223-058,,PHYSICAL SCIENCE,University of Ruhuna,AMPARA,0.9064,value,3,4,0.9064
COP2223-058,,PHYSICAL SCIENCE,University of Ruhuna,PUTTALAM,0.9151,value,3,4,0.9151
COP2223-058,,PHYSICAL SCIENCE,University of Ruhuna,KURUNEGALA,0.8995,value,3,4,0.8995
COP2223-058,,PHYSICAL SCIENCE,University of Ruhuna,ANURADHAPURA,0.9203,value,3,4,0.9203
COP2223-058,,PHYSICAL SCIENCE,University of Ruhuna,POLONNARUWA,,NQC,3,4,NQC
COP2223-058,,PHYSICAL SCIENCE,University of Ruhuna,BADULLA,0.9010,value,3,4,0.9010
COP2223-058,,PHYSICAL SCIENCE,University of Ruhuna,MONARAGALA,0.9069,value,3,4,0.9069
COP2223-058,,PHYSICAL SCIENCE,University of Ruhuna,KEGALLE,0.9070,value,3,4,0.9070
COP2223-058,,PHYSICAL SCIENCE,University of Ruhuna,RATNAPURA,0.9014,value,3,4,0.9014
COP2223-059,,PHYSICAL SCIENCE,"Eastern University, Sri Lanka",COLOMBO,0.8582,value,3,5,0.8582
COP2223-059,,PHYSICAL SCIENCE,"Eastern University, Sri Lanka",GAMPAHA,0.7463,value,3,5,0.7463
COP2223-059,,PHYSICAL SCIENCE,"Eastern University, Sri Lanka",KALUTARA,0.7833,value,3,5,0.7833
COP2223-059,,PHYSICAL SCIENCE,"Eastern University, Sri Lanka",MATALE,0.5682,value,3,5,0.5682
COP2223-059,,PHYSICAL SCIENCE,"Eastern University, Sri Lanka",KANDY,0.7181,value,3,5,0.7181
COP2223-059,,PHYSICAL SCIENCE,"Eastern University, Sri Lanka",NUWARA ELIYA,0.4653,value,3,5,0.4653
COP2223-059,,PHYSICAL SCIENCE,"Eastern University, Sri Lanka",GALLE,,NQC,3,5,NQC
COP2223-059,,PHYSICAL SCIENCE,"Eastern University, Sri Lanka",MATARA,,NQC,3,5,NQC
COP2223-059,,PHYSICAL SCIENCE,"Eastern University, Sri Lanka",HAMBANTOTA,0.7707,value,3,5,0.7707
COP2223-059,,PHYSICAL SCIENCE,"Eastern University, Sri Lanka",JAFFNA,0.8687,value,3,5,0.8687
COP2223-059,,PHYSICAL SCIENCE,"Eastern University, Sri Lanka",KILINOCHCHI,0.6225,value,3,5,0.6225
COP2223-059,,PHYSICAL SCIENCE,"Eastern University, Sri Lanka",MANNAR,0.4528,value,3,5,0.4528
COP2223-059,,PHYSICAL SCIENCE,"Eastern University, Sri Lanka",MULLAITIVU,0.4382,value,3,5,0.4382
COP2223-059,,PHYSICAL SCIENCE,"Eastern University, Sri Lanka",VAVUNIYA,0.4678,value,3,5,0.4678
COP2223-059,,PHYSICAL SCIENCE,"Eastern University, Sri Lanka",TRINCOMALEE,0.4719,value,3,5,0.4719
COP2223-059,,PHYSICAL SCIENCE,"Eastern University, Sri Lanka",BATTICALOA,0.5306,value,3,5,0.5306
COP2223-059,,PHYSICAL SCIENCE,"Eastern University, Sri Lanka",AMPARA,0.5841,value,3,5,0.5841
COP2223-059,,PHYSICAL SCIENCE,"Eastern University, Sri Lanka",PUTTALAM,0.4211,value,3,5,0.4211
COP2223-059,,PHYSICAL SCIENCE,"Eastern University, Sri Lanka",KURUNEGALA,0.7728,value,3,5,0.7728
COP2223-059,,PHYSICAL SCIENCE,"Eastern University, Sri Lanka",ANURADHAPURA,0.4441,value,3,5,0.4441
COP2223-059,,PHYSICAL SCIENCE,"Eastern University, Sri Lanka",POLONNARUWA,0.4181,value,3,5,0.4181
COP2223-059,,PHYSICAL SCIENCE,"Eastern University, Sri Lanka",BADULLA,0.6326,value,3,5,0.6326
COP2223-059,,PHYSICAL SCIENCE,"Eastern University, Sri Lanka",MONARAGALA,0.6196,value,3,5,0.6196
COP2223-059,,PHYSICAL SCIENCE,"Eastern University, Sri Lanka",KEGALLE,0.8641,value,3,5,0.8641
COP2223-059,,PHYSICAL SCIENCE,"Eastern University, Sri Lanka",RATNAPURA,0.5878,value,3,5,0.5878
COP2223-060,,PHYSICAL SCIENCE,South Eastern University of Sri Lanka,COLOMBO,0.8711,value,3,6,0.8711
COP2223-060,,PHYSICAL SCIENCE,South Eastern University of Sri Lanka,GAMPAHA,0.7804,value,3,6,0.7804
COP2223-060,,PHYSICAL SCIENCE,South Eastern University of Sri Lanka,KALUTARA,0.8234,value,3,6,0.8234
COP2223-060,,PHYSICAL SCIENCE,South Eastern University of Sri Lanka,MATALE,0.5741,value,3,6,0.5741
COP2223-060,,PHYSICAL SCIENCE,South Eastern University of Sri Lanka,KANDY,0.6947,value,3,6,0.6947
COP2223-060,,PHYSICAL SCIENCE,South Eastern University of Sri Lanka,NUWARA ELIYA,0.0517,value,3,6,0.0517
COP2223-060,,PHYSICAL SCIENCE,South Eastern University of Sri Lanka,GALLE,,NQC,3,6,NQC
COP2223-060,,PHYSICAL SCIENCE,South Eastern University of Sri Lanka,MATARA,,NQC,3,6,NQC
COP2223-060,,PHYSICAL SCIENCE,South Eastern University of Sri Lanka,HAMBANTOTA,0.8599,value,3,6,0.8599
COP2223-060,,PHYSICAL SCIENCE,South Eastern University of Sri Lanka,JAFFNA,,NQC,3,6,NQC
COP2223-060,,PHYSICAL SCIENCE,South Eastern University of Sri Lanka,KILINOCHCHI,,NQC,3,6,NQC
COP2223-060,,PHYSICAL SCIENCE,South Eastern University of Sri Lanka,MANNAR,0.0149,value,3,6,0.0149
COP2223-060,,PHYSICAL SCIENCE,South Eastern University of Sri Lanka,MULLAITIVU,0.2835,value,3,6,0.2835
COP2223-060,,PHYSICAL SCIENCE,South Eastern University of Sri Lanka,VAVUNIYA,0.3035,value,3,6,0.3035
COP2223-060,,PHYSICAL SCIENCE,South Eastern University of Sri Lanka,TRINCOMALEE,0.5409,value,3,6,0.5409
COP2223-060,,PHYSICAL SCIENCE,South Eastern University of Sri Lanka,BATTICALOA,0.5543,value,3,6,0.5543
COP2223-060,,PHYSICAL SCIENCE,South Eastern University of Sri Lanka,AMPARA,0.5742,value,3,6,0.5742
COP2223-060,,PHYSICAL SCIENCE,South Eastern University of Sri Lanka,PUTTALAM,0.3296,value,3,6,0.3296
COP2223-060,,PHYSICAL SCIENCE,South Eastern University of Sri Lanka,KURUNEGALA,0.7933,value,3,6,0.7933
COP2223-060,,PHYSICAL SCIENCE,South Eastern University of Sri Lanka,ANURADHAPURA,0.4329,value,3,6,0.4329
COP2223-060,,PHYSICAL SCIENCE,South Eastern University of Sri Lanka,POLONNARUWA,0.1972,value,3,6,0.1972
COP2223-060,,PHYSICAL SCIENCE,South Eastern University of Sri Lanka,BADULLA,0.6695,value,3,6,0.6695
COP2223-060,,PHYSICAL SCIENCE,South Eastern University of Sri Lanka,MONARAGALA,0.6245,value,3,6,0.6245
COP2223-060,,PHYSICAL SCIENCE,South Eastern University of Sri Lanka,KEGALLE,0.8421,value,3,6,0.8421
COP2223-060,,PHYSICAL SCIENCE,South Eastern University of Sri Lanka,RATNAPURA,0.5882,value,3,6,0.5882
COP2223-061,,SURVEYING SCIENCE,Sabaragamuwa University of Sri Lanka,COLOMBO,0.8887,value,3,7,0.8887
COP2223-061,,SURVEYING SCIENCE,Sabaragamuwa University of Sri Lanka,GAMPAHA,0.9417,value,3,7,0.9417
COP2223-061,,SURVEYING SCIENCE,Sabaragamuwa University of Sri Lanka,KALUTARA,1.0562,value,3,7,1.0562
COP2223-061,,SURVEYING SCIENCE,Sabaragamuwa University of Sri Lanka,MATALE,0.9743,value,3,7,0.9743
COP2223-061,,SURVEYING SCIENCE,Sabaragamuwa University of Sri Lanka,KANDY,0.8958,value,3,7,0.8958
COP2223-061,,SURVEYING SCIENCE,Sabaragamuwa University of Sri Lanka,NUWARA ELIYA,0.6227,value,3,7,0.6227
COP2223-061,,SURVEYING SCIENCE,Sabaragamuwa University of Sri Lanka,GALLE,1.0750,value,3,7,1.0750
COP2223-061,,SURVEYING SCIENCE,Sabaragamuwa University of Sri Lanka,MATARA,1.0723,value,3,7,1.0723
COP2223-061,,SURVEYING SCIENCE,Sabaragamuwa University of Sri Lanka,HAMBANTOTA,1.1194,value,3,7,1.1194
COP2223-061,,SURVEYING SCIENCE,Sabaragamuwa University of Sri Lanka,JAFFNA,1.0978,value,3,7,1.0978
COP2223-061,,SURVEYING SCIENCE,Sabaragamuwa University of Sri Lanka,KILINOCHCHI,0.9730,value,3,7,0.9730
COP2223-061,,SURVEYING SCIENCE,Sabaragamuwa University of Sri Lanka,MANNAR,0.9445,value,3,7,0.9445
COP2223-061,,SURVEYING SCIENCE,Sabaragamuwa University of Sri Lanka,MULLAITIVU,0.6239,value,3,7,0.6239
COP2223-061,,SURVEYING SCIENCE,Sabaragamuwa University of Sri Lanka,VAVUNIYA,0.9950,value,3,7,0.9950
COP2223-061,,SURVEYING SCIENCE,Sabaragamuwa University of Sri Lanka,TRINCOMALEE,1.0721,value,3,7,1.0721
COP2223-061,,SURVEYING SCIENCE,Sabaragamuwa University of Sri Lanka,BATTICALOA,1.0850,value,3,7,1.0850
COP2223-061,,SURVEYING SCIENCE,Sabaragamuwa University of Sri Lanka,AMPARA,1.0476,value,3,7,1.0476
COP2223-061,,SURVEYING SCIENCE,Sabaragamuwa University of Sri Lanka,PUTTALAM,0.9590,value,3,7,0.9590
COP2223-061,,SURVEYING SCIENCE,Sabaragamuwa University of Sri Lanka,KURUNEGALA,1.0521,value,3,7,1.0521
COP2223-061,,SURVEYING SCIENCE,Sabaragamuwa University of Sri Lanka,ANURADHAPURA,1.0297,value,3,7,1.0297
COP2223-061,,SURVEYING SCIENCE,Sabaragamuwa University of Sri Lanka,POLONNARUWA,0.7790,value,3,7,0.7790
COP2223-061,,SURVEYING SCIENCE,Sabaragamuwa University of Sri Lanka,BADULLA,1.0278,value,3,7,1.0278
COP2223-061,,SURVEYING SCIENCE,Sabaragamuwa University of Sri Lanka,MONARAGALA,1.0800,value,3,7,1.0800
COP2223-061,,SURVEYING SCIENCE,Sabaragamuwa University of Sri Lanka,KEGALLE,1.0232,value,3,7,1.0232
COP2223-061,,SURVEYING SCIENCE,Sabaragamuwa University of Sri Lanka,RATNAPURA,1.0664,value,3,7,1.0664
COP2223-062,,APPLIED SCIENCES (PHY.SC),Rajarata University of Sri Lanka,COLOMBO,0.7824,value,3,8,0.7824
COP2223-062,,APPLIED SCIENCES (PHY.SC),Rajarata University of Sri Lanka,GAMPAHA,0.7987,value,3,8,0.7987
COP2223-062,,APPLIED SCIENCES (PHY.SC),Rajarata University of Sri Lanka,KALUTARA,0.7917,value,3,8,0.7917
COP2223-062,,APPLIED SCIENCES (PHY.SC),Rajarata University of Sri Lanka,MATALE,0.8444,value,3,8,0.8444
COP2223-062,,APPLIED SCIENCES (PHY.SC),Rajarata University of Sri Lanka,KANDY,0.7813,value,3,8,0.7813
COP2223-062,,APPLIED SCIENCES (PHY.SC),Rajarata University of Sri Lanka,NUWARA ELIYA,,NQC,3,8,NQC
COP2223-062,,APPLIED SCIENCES (PHY.SC),Rajarata University of Sri Lanka,GALLE,0.7814,value,3,8,0.7814
COP2223-062,,APPLIED SCIENCES (PHY.SC),Rajarata University of Sri Lanka,MATARA,0.7828,value,3,8,0.7828
COP2223-062,,APPLIED SCIENCES (PHY.SC),Rajarata University of Sri Lanka,HAMBANTOTA,0.7879,value,3,8,0.7879
COP2223-062,,APPLIED SCIENCES (PHY.SC),Rajarata University of Sri Lanka,JAFFNA,0.8123,value,3,8,0.8123
COP2223-062,,APPLIED SCIENCES (PHY.SC),Rajarata University of Sri Lanka,KILINOCHCHI,,NQC,3,8,NQC
COP2223-062,,APPLIED SCIENCES (PHY.SC),Rajarata University of Sri Lanka,MANNAR,,NQC,3,8,NQC
COP2223-062,,APPLIED SCIENCES (PHY.SC),Rajarata University of Sri Lanka,MULLAITIVU,,NQC,3,8,NQC
COP2223-062,,APPLIED SCIENCES (PHY.SC),Rajarata University of Sri Lanka,VAVUNIYA,0.9540,value,3,8,0.9540
COP2223-062,,APPLIED SCIENCES (PHY.SC),Rajarata University of Sri Lanka,TRINCOMALEE,0.8370,value,3,8,0.8370
COP2223-062,,APPLIED SCIENCES (PHY.SC),Rajarata University of Sri Lanka,BATTICALOA,0.8026,value,3,8,0.8026
COP2223-062,,APPLIED SCIENCES (PHY.SC),Rajarata University of Sri Lanka,AMPARA,,NQC,3,8,NQC
COP2223-062,,APPLIED SCIENCES (PHY.SC),Rajarata University of Sri Lanka,PUTTALAM,0.8838,value,3,8,0.8838
COP2223-062,,APPLIED SCIENCES (PHY.SC),Rajarata University of Sri Lanka,KURUNEGALA,0.7893,value,3,8,0.7893
COP2223-062,,APPLIED SCIENCES (PHY.SC),Rajarata University of Sri Lanka,ANURADHAPURA,0.7943,value,3,8,0.7943
COP2223-062,,APPLIED SCIENCES (PHY.SC),Rajarata University of Sri Lanka,POLONNARUWA,,NQC,3,8,NQC
COP2223-062,,APPLIED SCIENCES (PHY.SC),Rajarata University of Sri Lanka,BADULLA,0.8027,value,3,8,0.8027
COP2223-062,,APPLIED SCIENCES (PHY.SC),Rajarata University of Sri Lanka,MONARAGALA,,NQC,3,8,NQC
COP2223-062,,APPLIED SCIENCES (PHY.SC),Rajarata University of Sri Lanka,KEGALLE,0.7839,value,3,8,0.7839
COP2223-062,,APPLIED SCIENCES (PHY.SC),Rajarata University of Sri Lanka,RATNAPURA,0.7793,value,3,8,0.7793
COP2223-063,,APPLIED SCIENCES (PHY.SC),Sabaragamuwa University of Sri Lanka,COLOMBO,0.8672,value,3,9,0.8672
COP2223-063,,APPLIED SCIENCES (PHY.SC),Sabaragamuwa University of Sri Lanka,GAMPAHA,0.8722,value,3,9,0.8722
COP2223-063,,APPLIED SCIENCES (PHY.SC),Sabaragamuwa University of Sri Lanka,KALUTARA,0.8644,value,3,9,0.8644
COP2223-063,,APPLIED SCIENCES (PHY.SC),Sabaragamuwa University of Sri Lanka,MATALE,0.8670,value,3,9,0.8670
COP2223-063,,APPLIED SCIENCES (PHY.SC),Sabaragamuwa University of Sri Lanka,KANDY,0.8679,value,3,9,0.8679
COP2223-063,,APPLIED SCIENCES (PHY.SC),Sabaragamuwa University of Sri Lanka,NUWARA ELIYA,,NQC,3,9,NQC
COP2223-063,,APPLIED SCIENCES (PHY.SC),Sabaragamuwa University of Sri Lanka,GALLE,0.8687,value,3,9,0.8687
COP2223-063,,APPLIED SCIENCES (PHY.SC),Sabaragamuwa University of Sri Lanka,MATARA,0.8658,value,3,9,0.8658
COP2223-063,,APPLIED SCIENCES (PHY.SC),Sabaragamuwa University of Sri Lanka,HAMBANTOTA,0.8665,value,3,9,0.8665
COP2223-063,,APPLIED SCIENCES (PHY.SC),Sabaragamuwa University of Sri Lanka,JAFFNA,0.8810,value,3,9,0.8810
COP2223-063,,APPLIED SCIENCES (PHY.SC),Sabaragamuwa University of Sri Lanka,KILINOCHCHI,,NQC,3,9,NQC
COP2223-063,,APPLIED SCIENCES (PHY.SC),Sabaragamuwa University of Sri Lanka,MANNAR,,NQC,3,9,NQC
COP2223-063,,APPLIED SCIENCES (PHY.SC),Sabaragamuwa University of Sri Lanka,MULLAITIVU,,NQC,3,9,NQC
COP2223-063,,APPLIED SCIENCES (PHY.SC),Sabaragamuwa University of Sri Lanka,VAVUNIYA,,NQC,3,9,NQC
COP2223-063,,APPLIED SCIENCES (PHY.SC),Sabaragamuwa University of Sri Lanka,TRINCOMALEE,0.8692,value,3,9,0.8692
COP2223-063,,APPLIED SCIENCES (PHY.SC),Sabaragamuwa University of Sri Lanka,BATTICALOA,,NQC,3,9,NQC
COP2223-063,,APPLIED SCIENCES (PHY.SC),Sabaragamuwa University of Sri Lanka,AMPARA,0.8755,value,3,9,0.8755
COP2223-063,,APPLIED SCIENCES (PHY.SC),Sabaragamuwa University of Sri Lanka,PUTTALAM,,NQC,3,9,NQC
COP2223-063,,APPLIED SCIENCES (PHY.SC),Sabaragamuwa University of Sri Lanka,KURUNEGALA,0.8686,value,3,9,0.8686
COP2223-063,,APPLIED SCIENCES (PHY.SC),Sabaragamuwa University of Sri Lanka,ANURADHAPURA,,NQC,3,9,NQC
COP2223-063,,APPLIED SCIENCES (PHY.SC),Sabaragamuwa University of Sri Lanka,POLONNARUWA,,NQC,3,9,NQC
COP2223-063,,APPLIED SCIENCES (PHY.SC),Sabaragamuwa University of Sri Lanka,BADULLA,0.9178,value,3,9,0.9178
COP2223-063,,APPLIED SCIENCES (PHY.SC),Sabaragamuwa University of Sri Lanka,MONARAGALA,,NQC,3,9,NQC
COP2223-063,,APPLIED SCIENCES (PHY.SC),Sabaragamuwa University of Sri Lanka,KEGALLE,0.8710,value,3,9,0.8710
COP2223-063,,APPLIED SCIENCES (PHY.SC),Sabaragamuwa University of Sri Lanka,RATNAPURA,0.8644,value,3,9,0.8644
COP2223-064,,APPLIED SCIENCES (PHY.SC),Wayamba University of Sri Lanka,COLOMBO,0.7205,value,3,10,0.7205
COP2223-064,,APPLIED SCIENCES (PHY.SC),Wayamba University of Sri Lanka,GAMPAHA,0.7203,value,3,10,0.7203
COP2223-064,,APPLIED SCIENCES (PHY.SC),Wayamba University of Sri Lanka,KALUTARA,0.7300,value,3,10,0.7300
COP2223-064,,APPLIED SCIENCES (PHY.SC),Wayamba University of Sri Lanka,MATALE,0.7282,value,3,10,0.7282
COP2223-064,,APPLIED SCIENCES (PHY.SC),Wayamba University of Sri Lanka,KANDY,0.7403,value,3,10,0.7403
COP2223-064,,APPLIED SCIENCES (PHY.SC),Wayamba University of Sri Lanka,NUWARA ELIYA,,NQC,3,10,NQC
COP2223-064,,APPLIED SCIENCES (PHY.SC),Wayamba University of Sri Lanka,GALLE,0.7555,value,3,10,0.7555
COP2223-064,,APPLIED SCIENCES (PHY.SC),Wayamba University of Sri Lanka,MATARA,0.7653,value,3,10,0.7653
COP2223-064,,APPLIED SCIENCES (PHY.SC),Wayamba University of Sri Lanka,HAMBANTOTA,0.7367,value,3,10,0.7367
COP2223-064,,APPLIED SCIENCES (PHY.SC),Wayamba University of Sri Lanka,JAFFNA,0.7368,value,3,10,0.7368
COP2223-064,,APPLIED SCIENCES (PHY.SC),Wayamba University of Sri Lanka,KILINOCHCHI,,NQC,3,10,NQC
COP2223-064,,APPLIED SCIENCES (PHY.SC),Wayamba University of Sri Lanka,MANNAR,,NQC,3,10,NQC
COP2223-064,,APPLIED SCIENCES (PHY.SC),Wayamba University of Sri Lanka,MULLAITIVU,,NQC,3,10,NQC
COP2223-064,,APPLIED SCIENCES (PHY.SC),Wayamba University of Sri Lanka,VAVUNIYA,,NQC,3,10,NQC
COP2223-064,,APPLIED SCIENCES (PHY.SC),Wayamba University of Sri Lanka,TRINCOMALEE,,NQC,3,10,NQC
COP2223-064,,APPLIED SCIENCES (PHY.SC),Wayamba University of Sri Lanka,BATTICALOA,0.8316,value,3,10,0.8316
COP2223-064,,APPLIED SCIENCES (PHY.SC),Wayamba University of Sri Lanka,AMPARA,,NQC,3,10,NQC
COP2223-064,,APPLIED SCIENCES (PHY.SC),Wayamba University of Sri Lanka,PUTTALAM,0.7392,value,3,10,0.7392
COP2223-064,,APPLIED SCIENCES (PHY.SC),Wayamba University of Sri Lanka,KURUNEGALA,0.7227,value,3,10,0.7227
COP2223-064,,APPLIED SCIENCES (PHY.SC),Wayamba University of Sri Lanka,ANURADHAPURA,0.7651,value,3,10,0.7651
COP2223-064,,APPLIED SCIENCES (PHY.SC),Wayamba University of Sri Lanka,POLONNARUWA,,NQC,3,10,NQC
COP2223-064,,APPLIED SCIENCES (PHY.SC),Wayamba University of Sri Lanka,BADULLA,0.7279,value,3,10,0.7279
COP2223-064,,APPLIED SCIENCES (PHY.SC),Wayamba University of Sri Lanka,MONARAGALA,0.7200,value,3,10,0.7200
COP2223-064,,APPLIED SCIENCES (PHY.SC),Wayamba University of Sri Lanka,KEGALLE,0.7455,value,3,10,0.7455
COP2223-064,,APPLIED SCIENCES (PHY.SC),Wayamba University of Sri Lanka,RATNAPURA,0.7527,value,3,10,0.7527
COP2223-065,,APPLIED SCIENCES (PHY.SC),"University of Vavuniya, Sri Lanka",COLOMBO,0.6984,value,3,11,0.6984
COP2223-065,,APPLIED SCIENCES (PHY.SC),"University of Vavuniya, Sri Lanka",GAMPAHA,0.6915,value,3,11,0.6915
COP2223-065,,APPLIED SCIENCES (PHY.SC),"University of Vavuniya, Sri Lanka",KALUTARA,0.7196,value,3,11,0.7196
COP2223-065,,APPLIED SCIENCES (PHY.SC),"University of Vavuniya, Sri Lanka",MATALE,0.5601,value,3,11,0.5601
COP2223-065,,APPLIED SCIENCES (PHY.SC),"University of Vavuniya, Sri Lanka",KANDY,0.6379,value,3,11,0.6379
COP2223-065,,APPLIED SCIENCES (PHY.SC),"University of Vavuniya, Sri Lanka",NUWARA ELIYA,,NQC,3,11,NQC
COP2223-065,,APPLIED SCIENCES (PHY.SC),"University of Vavuniya, Sri Lanka",GALLE,0.8560,value,3,11,0.8560
COP2223-065,,APPLIED SCIENCES (PHY.SC),"University of Vavuniya, Sri Lanka",MATARA,0.7871,value,3,11,0.7871
COP2223-065,,APPLIED SCIENCES (PHY.SC),"University of Vavuniya, Sri Lanka",HAMBANTOTA,0.8102,value,3,11,0.8102
COP2223-065,,APPLIED SCIENCES (PHY.SC),"University of Vavuniya, Sri Lanka",JAFFNA,0.7346,value,3,11,0.7346
COP2223-065,,APPLIED SCIENCES (PHY.SC),"University of Vavuniya, Sri Lanka",KILINOCHCHI,0.5737,value,3,11,0.5737
COP2223-065,,APPLIED SCIENCES (PHY.SC),"University of Vavuniya, Sri Lanka",MANNAR,,NQC,3,11,NQC
COP2223-065,,APPLIED SCIENCES (PHY.SC),"University of Vavuniya, Sri Lanka",MULLAITIVU,,NQC,3,11,NQC
COP2223-065,,APPLIED SCIENCES (PHY.SC),"University of Vavuniya, Sri Lanka",VAVUNIYA,0.5509,value,3,11,0.5509
COP2223-065,,APPLIED SCIENCES (PHY.SC),"University of Vavuniya, Sri Lanka",TRINCOMALEE,0.5703,value,3,11,0.5703
COP2223-065,,APPLIED SCIENCES (PHY.SC),"University of Vavuniya, Sri Lanka",BATTICALOA,0.5681,value,3,11,0.5681
COP2223-065,,APPLIED SCIENCES (PHY.SC),"University of Vavuniya, Sri Lanka",AMPARA,0.5333,value,3,11,0.5333
COP2223-065,,APPLIED SCIENCES (PHY.SC),"University of Vavuniya, Sri Lanka",PUTTALAM,0.5963,value,3,11,0.5963
COP2223-065,,APPLIED SCIENCES (PHY.SC),"University of Vavuniya, Sri Lanka",KURUNEGALA,0.6968,value,3,11,0.6968
COP2223-065,,APPLIED SCIENCES (PHY.SC),"University of Vavuniya, Sri Lanka",ANURADHAPURA,0.5270,value,3,11,0.5270
COP2223-065,,APPLIED SCIENCES (PHY.SC),"University of Vavuniya, Sri Lanka",POLONNARUWA,,NQC,3,11,NQC
COP2223-065,,APPLIED SCIENCES (PHY.SC),"University of Vavuniya, Sri Lanka",BADULLA,0.5684,value,3,11,0.5684
COP2223-065,,APPLIED SCIENCES (PHY.SC),"University of Vavuniya, Sri Lanka",MONARAGALA,0.5772,value,3,11,0.5772
COP2223-065,,APPLIED SCIENCES (PHY.SC),"University of Vavuniya, Sri Lanka",KEGALLE,,NQC,3,11,NQC
COP2223-065,,APPLIED SCIENCES (PHY.SC),"University of Vavuniya, Sri Lanka",RATNAPURA,0.5703,value,3,11,0.5703
COP2223-066,,APPLIED SCIENCES (PHY.SC),Eastern University - Trincomalee Campus,COLOMBO,0.7291,value,3,12,0.7291
COP2223-066,,APPLIED SCIENCES (PHY.SC),Eastern University - Trincomalee Campus,GAMPAHA,0.7146,value,3,12,0.7146
COP2223-066,,APPLIED SCIENCES (PHY.SC),Eastern University - Trincomalee Campus,KALUTARA,0.7122,value,3,12,0.7122
COP2223-066,,APPLIED SCIENCES (PHY.SC),Eastern University - Trincomalee Campus,MATALE,0.6412,value,3,12,0.6412
COP2223-066,,APPLIED SCIENCES (PHY.SC),Eastern University - Trincomalee Campus,KANDY,0.6542,value,3,12,0.6542
COP2223-066,,APPLIED SCIENCES (PHY.SC),Eastern University - Trincomalee Campus,NUWARA ELIYA,0.0269,value,3,12,0.0269
COP2223-066,,APPLIED SCIENCES (PHY.SC),Eastern University - Trincomalee Campus,GALLE,0.7741,value,3,12,0.7741
COP2223-066,,APPLIED SCIENCES (PHY.SC),Eastern University - Trincomalee Campus,MATARA,,NQC,3,12,NQC
COP2223-066,,APPLIED SCIENCES (PHY.SC),Eastern University - Trincomalee Campus,HAMBANTOTA,,NQC,3,12,NQC
COP2223-066,,APPLIED SCIENCES (PHY.SC),Eastern University - Trincomalee Campus,JAFFNA,,NQC,3,12,NQC
COP2223-066,,APPLIED SCIENCES (PHY.SC),Eastern University - Trincomalee Campus,KILINOCHCHI,,NQC,3,12,NQC
COP2223-066,,APPLIED SCIENCES (PHY.SC),Eastern University - Trincomalee Campus,MANNAR,-0.0124,value,3,12,-0.0124
COP2223-066,,APPLIED SCIENCES (PHY.SC),Eastern University - Trincomalee Campus,MULLAITIVU,0.3395,value,3,12,0.3395
COP2223-066,,APPLIED SCIENCES (PHY.SC),Eastern University - Trincomalee Campus,VAVUNIYA,0.2761,value,3,12,0.2761
COP2223-066,,APPLIED SCIENCES (PHY.SC),Eastern University - Trincomalee Campus,TRINCOMALEE,0.3900,value,3,12,0.3900
COP2223-066,,APPLIED SCIENCES (PHY.SC),Eastern University - Trincomalee Campus,BATTICALOA,0.5803,value,3,12,0.5803
COP2223-066,,APPLIED SCIENCES (PHY.SC),Eastern University - Trincomalee Campus,AMPARA,0.5292,value,3,12,0.5292
COP2223-066,,APPLIED SCIENCES (PHY.SC),Eastern University - Trincomalee Campus,PUTTALAM,0.2839,value,3,12,0.2839
COP2223-066,,APPLIED SCIENCES (PHY.SC),Eastern University - Trincomalee Campus,KURUNEGALA,0.7800,value,3,12,0.7800
COP2223-066,,APPLIED SCIENCES (PHY.SC),Eastern University - Trincomalee Campus,ANURADHAPURA,0.3973,value,3,12,0.3973
COP2223-066,,APPLIED SCIENCES (PHY.SC),Eastern University - Trincomalee Campus,POLONNARUWA,0.1646,value,3,12,0.1646
COP2223-066,,APPLIED SCIENCES (PHY.SC),Eastern University - Trincomalee Campus,BADULLA,0.5756,value,3,12,0.5756
COP2223-066,,APPLIED SCIENCES (PHY.SC),Eastern University - Trincomalee Campus,MONARAGALA,0.5764,value,3,12,0.5764
COP2223-066,,APPLIED SCIENCES (PHY.SC),Eastern University - Trincomalee Campus,KEGALLE,0.7715,value,3,12,0.7715
COP2223-066,,APPLIED SCIENCES (PHY.SC),Eastern University - Trincomalee Campus,RATNAPURA,0.5091,value,3,12,0.5091
COP2223-067,,MANAGEMENT,University of Colombo,COLOMBO,1.7329,value,3,13,1.7329
COP2223-067,,MANAGEMENT,University of Colombo,GAMPAHA,1.7343,value,3,13,1.7343
COP2223-067,,MANAGEMENT,University of Colombo,KALUTARA,1.7330,value,3,13,1.7330
COP2223-067,,MANAGEMENT,University of Colombo,MATALE,1.7558,value,3,13,1.7558
COP2223-067,,MANAGEMENT,University of Colombo,KANDY,1.7370,value,3,13,1.7370
COP2223-067,,MANAGEMENT,University of Colombo,NUWARA ELIYA,1.7500,value,3,13,1.7500
COP2223-067,,MANAGEMENT,University of Colombo,GALLE,1.7330,value,3,13,1.7330
COP2223-067,,MANAGEMENT,University of Colombo,MATARA,1.7336,value,3,13,1.7336
COP2223-067,,MANAGEMENT,University of Colombo,HAMBANTOTA,1.7340,value,3,13,1.7340
COP2223-067,,MANAGEMENT,University of Colombo,JAFFNA,1.7354,value,3,13,1.7354
COP2223-067,,MANAGEMENT,University of Colombo,KILINOCHCHI,1.7334,value,3,13,1.7334
COP2223-067,,MANAGEMENT,University of Colombo,MANNAR,1.7605,value,3,13,1.7605
COP2223-067,,MANAGEMENT,University of Colombo,MULLAITIVU,1.7390,value,3,13,1.7390
COP2223-067,,MANAGEMENT,University of Colombo,VAVUNIYA,1.7336,value,3,13,1.7336
COP2223-067,,MANAGEMENT,University of Colombo,TRINCOMALEE,1.7496,value,3,13,1.7496
COP2223-067,,MANAGEMENT,University of Colombo,BATTICALOA,1.7354,value,3,13,1.7354
COP2223-067,,MANAGEMENT,University of Colombo,AMPARA,1.7941,value,3,13,1.7941
COP2223-067,,MANAGEMENT,University of Colombo,PUTTALAM,1.7333,value,3,13,1.7333
COP2223-067,,MANAGEMENT,University of Colombo,KURUNEGALA,1.7324,value,3,13,1.7324
COP2223-067,,MANAGEMENT,University of Colombo,ANURADHAPURA,1.7348,value,3,13,1.7348
COP2223-067,,MANAGEMENT,University of Colombo,POLONNARUWA,1.7341,value,3,13,1.7341
COP2223-067,,MANAGEMENT,University of Colombo,BADULLA,1.7477,value,3,13,1.7477
COP2223-067,,MANAGEMENT,University of Colombo,MONARAGALA,,NQC,3,13,NQC
COP2223-067,,MANAGEMENT,University of Colombo,KEGALLE,1.7372,value,3,13,1.7372
COP2223-067,,MANAGEMENT,University of Colombo,RATNAPURA,1.7364,value,3,13,1.7364
COP2223-068,,MANAGEMENT,University of Peradeniya,COLOMBO,1.5900,value,3,14,1.5900
COP2223-068,,MANAGEMENT,University of Peradeniya,GAMPAHA,1.5872,value,3,14,1.5872
COP2223-068,,MANAGEMENT,University of Peradeniya,KALUTARA,1.5973,value,3,14,1.5973
COP2223-068,,MANAGEMENT,University of Peradeniya,MATALE,1.6036,value,3,14,1.6036
COP2223-068,,MANAGEMENT,University of Peradeniya,KANDY,1.5880,value,3,14,1.5880
COP2223-068,,MANAGEMENT,University of Peradeniya,NUWARA ELIYA,1.5953,value,3,14,1.5953
COP2223-068,,MANAGEMENT,University of Peradeniya,GALLE,1.5885,value,3,14,1.5885
COP2223-068,,MANAGEMENT,University of Peradeniya,MATARA,1.5890,value,3,14,1.5890
COP2223-068,,MANAGEMENT,University of Peradeniya,HAMBANTOTA,1.6067,value,3,14,1.6067
COP2223-068,,MANAGEMENT,University of Peradeniya,JAFFNA,1.6123,value,3,14,1.6123
COP2223-068,,MANAGEMENT,University of Peradeniya,KILINOCHCHI,1.6123,value,3,14,1.6123
COP2223-068,,MANAGEMENT,University of Peradeniya,MANNAR,1.5879,value,3,14,1.5879
COP2223-068,,MANAGEMENT,University of Peradeniya,MULLAITIVU,1.6091,value,3,14,1.6091
COP2223-068,,MANAGEMENT,University of Peradeniya,VAVUNIYA,1.6144,value,3,14,1.6144
COP2223-068,,MANAGEMENT,University of Peradeniya,TRINCOMALEE,1.6488,value,3,14,1.6488
COP2223-068,,MANAGEMENT,University of Peradeniya,BATTICALOA,1.5879,value,3,14,1.5879
COP2223-068,,MANAGEMENT,University of Peradeniya,AMPARA,1.5906,value,3,14,1.5906
COP2223-068,,MANAGEMENT,University of Peradeniya,PUTTALAM,1.6067,value,3,14,1.6067
COP2223-068,,MANAGEMENT,University of Peradeniya,KURUNEGALA,1.5884,value,3,14,1.5884
COP2223-068,,MANAGEMENT,University of Peradeniya,ANURADHAPURA,1.6052,value,3,14,1.6052
COP2223-068,,MANAGEMENT,University of Peradeniya,POLONNARUWA,1.5960,value,3,14,1.5960
COP2223-068,,MANAGEMENT,University of Peradeniya,BADULLA,1.6085,value,3,14,1.6085
COP2223-068,,MANAGEMENT,University of Peradeniya,MONARAGALA,1.6203,value,3,14,1.6203
COP2223-068,,MANAGEMENT,University of Peradeniya,KEGALLE,1.5954,value,3,14,1.5954
COP2223-068,,MANAGEMENT,University of Peradeniya,RATNAPURA,1.5955,value,3,14,1.5955
COP2223-069,,MANAGEMENT,University of Sri Jayewardenepura,COLOMBO,1.7810,value,3,15,1.7810
COP2223-069,,MANAGEMENT,University of Sri Jayewardenepura,GAMPAHA,1.8011,value,3,15,1.8011
COP2223-069,,MANAGEMENT,University of Sri Jayewardenepura,KALUTARA,1.8042,value,3,15,1.8042
COP2223-069,,MANAGEMENT,University of Sri Jayewardenepura,MATALE,1.7898,value,3,15,1.7898
COP2223-069,,MANAGEMENT,University of Sri Jayewardenepura,KANDY,1.7995,value,3,15,1.7995
COP2223-069,,MANAGEMENT,University of Sri Jayewardenepura,NUWARA ELIYA,1.7863,value,3,15,1.7863
COP2223-069,,MANAGEMENT,University of Sri Jayewardenepura,GALLE,1.7936,value,3,15,1.7936
COP2223-069,,MANAGEMENT,University of Sri Jayewardenepura,MATARA,1.7827,value,3,15,1.7827
COP2223-069,,MANAGEMENT,University of Sri Jayewardenepura,HAMBANTOTA,1.7847,value,3,15,1.7847
COP2223-069,,MANAGEMENT,University of Sri Jayewardenepura,JAFFNA,1.8025,value,3,15,1.8025
COP2223-069,,MANAGEMENT,University of Sri Jayewardenepura,KILINOCHCHI,,NQC,3,15,NQC
COP2223-069,,MANAGEMENT,University of Sri Jayewardenepura,MANNAR,1.9060,value,3,15,1.9060
COP2223-069,,MANAGEMENT,University of Sri Jayewardenepura,MULLAITIVU,1.8638,value,3,15,1.8638
COP2223-069,,MANAGEMENT,University of Sri Jayewardenepura,VAVUNIYA,1.8014,value,3,15,1.8014
COP2223-069,,MANAGEMENT,University of Sri Jayewardenepura,TRINCOMALEE,1.7897,value,3,15,1.7897
COP2223-069,,MANAGEMENT,University of Sri Jayewardenepura,BATTICALOA,1.7978,value,3,15,1.7978
COP2223-069,,MANAGEMENT,University of Sri Jayewardenepura,AMPARA,1.9218,value,3,15,1.9218
COP2223-069,,MANAGEMENT,University of Sri Jayewardenepura,PUTTALAM,1.7979,value,3,15,1.7979
COP2223-069,,MANAGEMENT,University of Sri Jayewardenepura,KURUNEGALA,1.7843,value,3,15,1.7843
COP2223-069,,MANAGEMENT,University of Sri Jayewardenepura,ANURADHAPURA,1.7928,value,3,15,1.7928
COP2223-069,,MANAGEMENT,University of Sri Jayewardenepura,POLONNARUWA,1.8066,value,3,15,1.8066
COP2223-069,,MANAGEMENT,University of Sri Jayewardenepura,BADULLA,1.8237,value,3,15,1.8237
COP2223-069,,MANAGEMENT,University of Sri Jayewardenepura,MONARAGALA,1.8236,value,3,15,1.8236
COP2223-069,,MANAGEMENT,University of Sri Jayewardenepura,KEGALLE,1.7889,value,3,15,1.7889
COP2223-069,,MANAGEMENT,University of Sri Jayewardenepura,RATNAPURA,1.7846,value,3,15,1.7846
COP2223-070,,MANAGEMENT,University of Kelaniya,COLOMBO,1.6379,value,3,16,1.6379
COP2223-070,,MANAGEMENT,University of Kelaniya,GAMPAHA,1.6373,value,3,16,1.6373
COP2223-070,,MANAGEMENT,University of Kelaniya,KALUTARA,1.6367,value,3,16,1.6367
COP2223-070,,MANAGEMENT,University of Kelaniya,MATALE,1.6552,value,3,16,1.6552
COP2223-070,,MANAGEMENT,University of Kelaniya,KANDY,1.6381,value,3,16,1.6381
COP2223-070,,MANAGEMENT,University of Kelaniya,NUWARA ELIYA,1.6374,value,3,16,1.6374
COP2223-070,,MANAGEMENT,University of Kelaniya,GALLE,1.6367,value,3,16,1.6367
COP2223-070,,MANAGEMENT,University of Kelaniya,MATARA,1.6442,value,3,16,1.6442
COP2223-070,,MANAGEMENT,University of Kelaniya,HAMBANTOTA,1.6599,value,3,16,1.6599
COP2223-070,,MANAGEMENT,University of Kelaniya,JAFFNA,,NQC,3,16,NQC
COP2223-070,,MANAGEMENT,University of Kelaniya,KILINOCHCHI,,NQC,3,16,NQC
COP2223-070,,MANAGEMENT,University of Kelaniya,MANNAR,,NQC,3,16,NQC
COP2223-070,,MANAGEMENT,University of Kelaniya,MULLAITIVU,,NQC,3,16,NQC
COP2223-070,,MANAGEMENT,University of Kelaniya,VAVUNIYA,,NQC,3,16,NQC
COP2223-070,,MANAGEMENT,University of Kelaniya,TRINCOMALEE,1.6505,value,3,16,1.6505
COP2223-070,,MANAGEMENT,University of Kelaniya,BATTICALOA,1.6562,value,3,16,1.6562
COP2223-070,,MANAGEMENT,University of Kelaniya,AMPARA,1.6367,value,3,16,1.6367
COP2223-070,,MANAGEMENT,University of Kelaniya,PUTTALAM,1.6374,value,3,16,1.6374
COP2223-070,,MANAGEMENT,University of Kelaniya,KURUNEGALA,1.6378,value,3,16,1.6378
COP2223-070,,MANAGEMENT,University of Kelaniya,ANURADHAPURA,1.6391,value,3,16,1.6391
COP2223-070,,MANAGEMENT,University of Kelaniya,POLONNARUWA,1.6578,value,3,16,1.6578
COP2223-070,,MANAGEMENT,University of Kelaniya,BADULLA,1.6429,value,3,16,1.6429
COP2223-070,,MANAGEMENT,University of Kelaniya,MONARAGALA,1.6521,value,3,16,1.6521
COP2223-070,,MANAGEMENT,University of Kelaniya,KEGALLE,1.6410,value,3,16,1.6410
COP2223-070,,MANAGEMENT,University of Kelaniya,RATNAPURA,1.6415,value,3,16,1.6415
COP2223-071,,MANAGEMENT,University of Jaffna,COLOMBO,1.3185,value,3,17,1.3185
COP2223-071,,MANAGEMENT,University of Jaffna,GAMPAHA,1.3153,value,3,17,1.3153
COP2223-071,,MANAGEMENT,University of Jaffna,KALUTARA,1.3944,value,3,17,1.3944
COP2223-071,,MANAGEMENT,University of Jaffna,MATALE,1.2494,value,3,17,1.2494
COP2223-071,,MANAGEMENT,University of Jaffna,KANDY,1.3052,value,3,17,1.3052
COP2223-071,,MANAGEMENT,University of Jaffna,NUWARA ELIYA,1.1790,value,3,17,1.1790
COP2223-071,,MANAGEMENT,University of Jaffna,GALLE,,NQC,3,17,NQC
COP2223-071,,MANAGEMENT,University of Jaffna,MATARA,,NQC,3,17,NQC
COP2223-071,,MANAGEMENT,University of Jaffna,HAMBANTOTA,1.0906,value,3,17,1.0906
COP2223-071,,MANAGEMENT,University of Jaffna,JAFFNA,1.0660,value,3,17,1.0660
COP2223-071,,MANAGEMENT,University of Jaffna,KILINOCHCHI,1.0988,value,3,17,1.0988
COP2223-071,,MANAGEMENT,University of Jaffna,MANNAR,1.0787,value,3,17,1.0787
COP2223-071,,MANAGEMENT,University of Jaffna,MULLAITIVU,1.2681,value,3,17,1.2681
COP2223-071,,MANAGEMENT,University of Jaffna,VAVUNIYA,1.1649,value,3,17,1.1649
COP2223-071,,MANAGEMENT,University of Jaffna,TRINCOMALEE,1.0712,value,3,17,1.0712
COP2223-071,,MANAGEMENT,University of Jaffna,BATTICALOA,1.1708,value,3,17,1.1708
COP2223-071,,MANAGEMENT,University of Jaffna,AMPARA,1.0813,value,3,17,1.0813
COP2223-071,,MANAGEMENT,University of Jaffna,PUTTALAM,1.1731,value,3,17,1.1731
COP2223-071,,MANAGEMENT,University of Jaffna,KURUNEGALA,1.3620,value,3,17,1.3620
COP2223-071,,MANAGEMENT,University of Jaffna,ANURADHAPURA,1.2147,value,3,17,1.2147
COP2223-071,,MANAGEMENT,University of Jaffna,POLONNARUWA,1.1787,value,3,17,1.1787
COP2223-071,,MANAGEMENT,University of Jaffna,BADULLA,1.1799,value,3,17,1.1799
COP2223-071,,MANAGEMENT,University of Jaffna,MONARAGALA,1.3498,value,3,17,1.3498
COP2223-071,,MANAGEMENT,University of Jaffna,KEGALLE,1.3248,value,3,17,1.3248
COP2223-071,,MANAGEMENT,University of Jaffna,RATNAPURA,1.2444,value,3,17,1.2444
COP2223-072,,MANAGEMENT,University of Ruhuna,COLOMBO,1.4181,value,3,18,1.4181
COP2223-072,,MANAGEMENT,University of Ruhuna,GAMPAHA,1.4148,value,3,18,1.4148
COP2223-072,,MANAGEMENT,University of Ruhuna,KALUTARA,1.4149,value,3,18,1.4149
COP2223-072,,MANAGEMENT,University of Ruhuna,MATALE,1.4304,value,3,18,1.4304
COP2223-072,,MANAGEMENT,University of Ruhuna,KANDY,1.4162,value,3,18,1.4162
COP2223-072,,MANAGEMENT,University of Ruhuna,NUWARA ELIYA,1.4201,value,3,18,1.4201
COP2223-072,,MANAGEMENT,University of Ruhuna,GALLE,1.4188,value,3,18,1.4188
COP2223-072,,MANAGEMENT,University of Ruhuna,MATARA,1.4193,value,3,18,1.4193
COP2223-072,,MANAGEMENT,University of Ruhuna,HAMBANTOTA,1.4305,value,3,18,1.4305
COP2223-072,,MANAGEMENT,University of Ruhuna,JAFFNA,,NQC,3,18,NQC
COP2223-072,,MANAGEMENT,University of Ruhuna,KILINOCHCHI,,NQC,3,18,NQC
COP2223-072,,MANAGEMENT,University of Ruhuna,MANNAR,,NQC,3,18,NQC
COP2223-072,,MANAGEMENT,University of Ruhuna,MULLAITIVU,,NQC,3,18,NQC
COP2223-072,,MANAGEMENT,University of Ruhuna,VAVUNIYA,,NQC,3,18,NQC
COP2223-072,,MANAGEMENT,University of Ruhuna,TRINCOMALEE,1.4779,value,3,18,1.4779
COP2223-072,,MANAGEMENT,University of Ruhuna,BATTICALOA,1.5693,value,3,18,1.5693
COP2223-072,,MANAGEMENT,University of Ruhuna,AMPARA,1.4174,value,3,18,1.4174
COP2223-072,,MANAGEMENT,University of Ruhuna,PUTTALAM,1.4582,value,3,18,1.4582
COP2223-072,,MANAGEMENT,University of Ruhuna,KURUNEGALA,1.4152,value,3,18,1.4152
COP2223-072,,MANAGEMENT,University of Ruhuna,ANURADHAPURA,1.4267,value,3,18,1.4267
COP2223-072,,MANAGEMENT,University of Ruhuna,POLONNARUWA,1.4189,value,3,18,1.4189
COP2223-072,,MANAGEMENT,University of Ruhuna,BADULLA,1.4150,value,3,18,1.4150
COP2223-072,,MANAGEMENT,University of Ruhuna,MONARAGALA,1.4148,value,3,18,1.4148
COP2223-072,,MANAGEMENT,University of Ruhuna,KEGALLE,1.4199,value,3,18,1.4199
COP2223-072,,MANAGEMENT,University of Ruhuna,RATNAPURA,1.4227,value,3,18,1.4227
COP2223-073,,MANAGEMENT,"Eastern University, Sri Lanka",COLOMBO,1.3413,value,3,19,1.3413
COP2223-073,,MANAGEMENT,"Eastern University, Sri Lanka",GAMPAHA,,NQC,3,19,NQC
COP2223-073,,MANAGEMENT,"Eastern University, Sri Lanka",KALUTARA,,NQC,3,19,NQC
COP2223-073,,MANAGEMENT,"Eastern University, Sri Lanka",MATALE,,NQC,3,19,NQC
COP2223-073,,MANAGEMENT,"Eastern University, Sri Lanka",KANDY,1.2984,value,3,19,1.2984
COP2223-073,,MANAGEMENT,"Eastern University, Sri Lanka",NUWARA ELIYA,1.1832,value,3,19,1.1832
COP2223-073,,MANAGEMENT,"Eastern University, Sri Lanka",GALLE,,NQC,3,19,NQC
COP2223-073,,MANAGEMENT,"Eastern University, Sri Lanka",MATARA,,NQC,3,19,NQC
COP2223-073,,MANAGEMENT,"Eastern University, Sri Lanka",HAMBANTOTA,1.0918,value,3,19,1.0918
COP2223-073,,MANAGEMENT,"Eastern University, Sri Lanka",JAFFNA,1.0089,value,3,19,1.0089
COP2223-073,,MANAGEMENT,"Eastern University, Sri Lanka",KILINOCHCHI,1.0157,value,3,19,1.0157
COP2223-073,,MANAGEMENT,"Eastern University, Sri Lanka",MANNAR,1.3019,value,3,19,1.3019
COP2223-073,,MANAGEMENT,"Eastern University, Sri Lanka",MULLAITIVU,,NQC,3,19,NQC
COP2223-073,,MANAGEMENT,"Eastern University, Sri Lanka",VAVUNIYA,1.2047,value,3,19,1.2047
COP2223-073,,MANAGEMENT,"Eastern University, Sri Lanka",TRINCOMALEE,1.0857,value,3,19,1.0857
COP2223-073,,MANAGEMENT,"Eastern University, Sri Lanka",BATTICALOA,1.1723,value,3,19,1.1723
COP2223-073,,MANAGEMENT,"Eastern University, Sri Lanka",AMPARA,1.0898,value,3,19,1.0898
COP2223-073,,MANAGEMENT,"Eastern University, Sri Lanka",PUTTALAM,1.2032,value,3,19,1.2032
COP2223-073,,MANAGEMENT,"Eastern University, Sri Lanka",KURUNEGALA,,NQC,3,19,NQC
COP2223-073,,MANAGEMENT,"Eastern University, Sri Lanka",ANURADHAPURA,1.2359,value,3,19,1.2359
COP2223-073,,MANAGEMENT,"Eastern University, Sri Lanka",POLONNARUWA,1.2355,value,3,19,1.2355
COP2223-073,,MANAGEMENT,"Eastern University, Sri Lanka",BADULLA,1.1800,value,3,19,1.1800
COP2223-073,,MANAGEMENT,"Eastern University, Sri Lanka",MONARAGALA,,NQC,3,19,NQC
COP2223-073,,MANAGEMENT,"Eastern University, Sri Lanka",KEGALLE,,NQC,3,19,NQC
COP2223-073,,MANAGEMENT,"Eastern University, Sri Lanka",RATNAPURA,1.2459,value,3,19,1.2459
COP2223-074,,MANAGEMENT,South Eastern University of Sri Lanka,COLOMBO,1.3382,value,3,20,1.3382
COP2223-074,,MANAGEMENT,South Eastern University of Sri Lanka,GAMPAHA,1.3219,value,3,20,1.3219
COP2223-074,,MANAGEMENT,South Eastern University of Sri Lanka,KALUTARA,,NQC,3,20,NQC
COP2223-074,,MANAGEMENT,South Eastern University of Sri Lanka,MATALE,,NQC,3,20,NQC
COP2223-074,,MANAGEMENT,South Eastern University of Sri Lanka,KANDY,1.3284,value,3,20,1.3284
COP2223-074,,MANAGEMENT,South Eastern University of Sri Lanka,NUWARA ELIYA,1.2130,value,3,20,1.2130
COP2223-074,,MANAGEMENT,South Eastern University of Sri Lanka,GALLE,1.3444,value,3,20,1.3444
COP2223-074,,MANAGEMENT,South Eastern University of Sri Lanka,MATARA,,NQC,3,20,NQC
COP2223-074,,MANAGEMENT,South Eastern University of Sri Lanka,HAMBANTOTA,1.1000,value,3,20,1.1000
COP2223-074,,MANAGEMENT,South Eastern University of Sri Lanka,JAFFNA,1.1683,value,3,20,1.1683
COP2223-074,,MANAGEMENT,South Eastern University of Sri Lanka,KILINOCHCHI,,NQC,3,20,NQC
COP2223-074,,MANAGEMENT,South Eastern University of Sri Lanka,MANNAR,,NQC,3,20,NQC
COP2223-074,,MANAGEMENT,South Eastern University of Sri Lanka,MULLAITIVU,,NQC,3,20,NQC
COP2223-074,,MANAGEMENT,South Eastern University of Sri Lanka,VAVUNIYA,1.2397,value,3,20,1.2397
COP2223-074,,MANAGEMENT,South Eastern University of Sri Lanka,TRINCOMALEE,1.0700,value,3,20,1.0700
COP2223-074,,MANAGEMENT,South Eastern University of Sri Lanka,BATTICALOA,1.2038,value,3,20,1.2038
COP2223-074,,MANAGEMENT,South Eastern University of Sri Lanka,AMPARA,1.0880,value,3,20,1.0880
COP2223-074,,MANAGEMENT,South Eastern University of Sri Lanka,PUTTALAM,1.2147,value,3,20,1.2147
COP2223-074,,MANAGEMENT,South Eastern University of Sri Lanka,KURUNEGALA,,NQC,3,20,NQC
COP2223-074,,MANAGEMENT,South Eastern University of Sri Lanka,ANURADHAPURA,,NQC,3,20,NQC
COP2223-074,,MANAGEMENT,South Eastern University of Sri Lanka,POLONNARUWA,1.1607,value,3,20,1.1607
COP2223-074,,MANAGEMENT,South Eastern University of Sri Lanka,BADULLA,1.1784,value,3,20,1.1784
COP2223-074,,MANAGEMENT,South Eastern University of Sri Lanka,MONARAGALA,,NQC,3,20,NQC
COP2223-074,,MANAGEMENT,South Eastern University of Sri Lanka,KEGALLE,,NQC,3,20,NQC
COP2223-074,,MANAGEMENT,South Eastern University of Sri Lanka,RATNAPURA,1.2544,value,3,20,1.2544
COP2223-075,,MANAGEMENT,Rajarata University of Sri Lanka,COLOMBO,1.3185,value,3,21,1.3185
COP2223-075,,MANAGEMENT,Rajarata University of Sri Lanka,GAMPAHA,1.3109,value,3,21,1.3109
COP2223-075,,MANAGEMENT,Rajarata University of Sri Lanka,KALUTARA,1.3781,value,3,21,1.3781
COP2223-075,,MANAGEMENT,Rajarata University of Sri Lanka,MATALE,1.2853,value,3,21,1.2853
COP2223-075,,MANAGEMENT,Rajarata University of Sri Lanka,KANDY,1.2886,value,3,21,1.2886
COP2223-075,,MANAGEMENT,Rajarata University of Sri Lanka,NUWARA ELIYA,1.2886,value,3,21,1.2886
COP2223-075,,MANAGEMENT,Rajarata University of Sri Lanka,GALLE,1.3447,value,3,21,1.3447
COP2223-075,,MANAGEMENT,Rajarata University of Sri Lanka,MATARA,,NQC,3,21,NQC
COP2223-075,,MANAGEMENT,Rajarata University of Sri Lanka,HAMBANTOTA,1.2875,value,3,21,1.2875
COP2223-075,,MANAGEMENT,Rajarata University of Sri Lanka,JAFFNA,1.4507,value,3,21,1.4507
COP2223-075,,MANAGEMENT,Rajarata University of Sri Lanka,KILINOCHCHI,,NQC,3,21,NQC
COP2223-075,,MANAGEMENT,Rajarata University of Sri Lanka,MANNAR,1.3341,value,3,21,1.3341
COP2223-075,,MANAGEMENT,Rajarata University of Sri Lanka,MULLAITIVU,1.5812,value,3,21,1.5812
COP2223-075,,MANAGEMENT,Rajarata University of Sri Lanka,VAVUNIYA,1.3520,value,3,21,1.3520
COP2223-075,,MANAGEMENT,Rajarata University of Sri Lanka,TRINCOMALEE,1.3050,value,3,21,1.3050
COP2223-075,,MANAGEMENT,Rajarata University of Sri Lanka,BATTICALOA,1.2869,value,3,21,1.2869
COP2223-075,,MANAGEMENT,Rajarata University of Sri Lanka,AMPARA,1.2945,value,3,21,1.2945
COP2223-075,,MANAGEMENT,Rajarata University of Sri Lanka,PUTTALAM,1.2859,value,3,21,1.2859
COP2223-075,,MANAGEMENT,Rajarata University of Sri Lanka,KURUNEGALA,1.3607,value,3,21,1.3607
COP2223-075,,MANAGEMENT,Rajarata University of Sri Lanka,ANURADHAPURA,1.2844,value,3,21,1.2844
COP2223-075,,MANAGEMENT,Rajarata University of Sri Lanka,POLONNARUWA,1.2919,value,3,21,1.2919
COP2223-075,,MANAGEMENT,Rajarata University of Sri Lanka,BADULLA,1.2889,value,3,21,1.2889
COP2223-075,,MANAGEMENT,Rajarata University of Sri Lanka,MONARAGALA,1.2884,value,3,21,1.2884
COP2223-075,,MANAGEMENT,Rajarata University of Sri Lanka,KEGALLE,1.3205,value,3,21,1.3205
COP2223-075,,MANAGEMENT,Rajarata University of Sri Lanka,RATNAPURA,1.2849,value,3,21,1.2849
COP2223-076,,MANAGEMENT,Sabaragamuwa University of Sri Lanka,COLOMBO,1.3542,value,3,22,1.3542
COP2223-076,,MANAGEMENT,Sabaragamuwa University of Sri Lanka,GAMPAHA,1.3554,value,3,22,1.3554
COP2223-076,,MANAGEMENT,Sabaragamuwa University of Sri Lanka,KALUTARA,1.3689,value,3,22,1.3689
COP2223-076,,MANAGEMENT,Sabaragamuwa University of Sri Lanka,MATALE,1.3553,value,3,22,1.3553
COP2223-076,,MANAGEMENT,Sabaragamuwa University of Sri Lanka,KANDY,1.3602,value,3,22,1.3602
COP2223-076,,MANAGEMENT,Sabaragamuwa University of Sri Lanka,NUWARA ELIYA,1.3637,value,3,22,1.3637
COP2223-076,,MANAGEMENT,Sabaragamuwa University of Sri Lanka,GALLE,1.3555,value,3,22,1.3555
COP2223-076,,MANAGEMENT,Sabaragamuwa University of Sri Lanka,MATARA,1.3738,value,3,22,1.3738
COP2223-076,,MANAGEMENT,Sabaragamuwa University of Sri Lanka,HAMBANTOTA,1.3555,value,3,22,1.3555
COP2223-076,,MANAGEMENT,Sabaragamuwa University of Sri Lanka,JAFFNA,,NQC,3,22,NQC
COP2223-076,,MANAGEMENT,Sabaragamuwa University of Sri Lanka,KILINOCHCHI,,NQC,3,22,NQC
COP2223-076,,MANAGEMENT,Sabaragamuwa University of Sri Lanka,MANNAR,1.3933,value,3,22,1.3933
COP2223-076,,MANAGEMENT,Sabaragamuwa University of Sri Lanka,MULLAITIVU,,NQC,3,22,NQC
COP2223-076,,MANAGEMENT,Sabaragamuwa University of Sri Lanka,VAVUNIYA,,NQC,3,22,NQC
COP2223-076,,MANAGEMENT,Sabaragamuwa University of Sri Lanka,TRINCOMALEE,,NQC,3,22,NQC
COP2223-076,,MANAGEMENT,Sabaragamuwa University of Sri Lanka,BATTICALOA,,NQC,3,22,NQC
COP2223-076,,MANAGEMENT,Sabaragamuwa University of Sri Lanka,AMPARA,1.3558,value,3,22,1.3558
COP2223-076,,MANAGEMENT,Sabaragamuwa University of Sri Lanka,PUTTALAM,1.3618,value,3,22,1.3618
COP2223-076,,MANAGEMENT,Sabaragamuwa University of Sri Lanka,KURUNEGALA,1.3602,value,3,22,1.3602
COP2223-076,,MANAGEMENT,Sabaragamuwa University of Sri Lanka,ANURADHAPURA,1.3634,value,3,22,1.3634
COP2223-076,,MANAGEMENT,Sabaragamuwa University of Sri Lanka,POLONNARUWA,1.3637,value,3,22,1.3637
COP2223-076,,MANAGEMENT,Sabaragamuwa University of Sri Lanka,BADULLA,1.3557,value,3,22,1.3557
COP2223-076,,MANAGEMENT,Sabaragamuwa University of Sri Lanka,MONARAGALA,1.3561,value,3,22,1.3561
COP2223-076,,MANAGEMENT,Sabaragamuwa University of Sri Lanka,KEGALLE,1.3571,value,3,22,1.3571
COP2223-076,,MANAGEMENT,Sabaragamuwa University of Sri Lanka,RATNAPURA,1.3617,value,3,22,1.3617
COP2223-077,,MANAGEMENT,Wayamba University of Sri Lanka,COLOMBO,1.3712,value,3,23,1.3712
COP2223-077,,MANAGEMENT,Wayamba University of Sri Lanka,GAMPAHA,1.3721,value,3,23,1.3721
COP2223-077,,MANAGEMENT,Wayamba University of Sri Lanka,KALUTARA,1.3744,value,3,23,1.3744
COP2223-077,,MANAGEMENT,Wayamba University of Sri Lanka,MATALE,1.3730,value,3,23,1.3730
COP2223-077,,MANAGEMENT,Wayamba University of Sri Lanka,KANDY,1.3758,value,3,23,1.3758
COP2223-077,,MANAGEMENT,Wayamba University of Sri Lanka,NUWARA ELIYA,1.3760,value,3,23,1.3760
COP2223-077,,MANAGEMENT,Wayamba University of Sri Lanka,GALLE,1.3951,value,3,23,1.3951
COP2223-077,,MANAGEMENT,Wayamba University of Sri Lanka,MATARA,1.4059,value,3,23,1.4059
COP2223-077,,MANAGEMENT,Wayamba University of Sri Lanka,HAMBANTOTA,1.3878,value,3,23,1.3878
COP2223-077,,MANAGEMENT,Wayamba University of Sri Lanka,JAFFNA,,NQC,3,23,NQC
COP2223-077,,MANAGEMENT,Wayamba University of Sri Lanka,KILINOCHCHI,,NQC,3,23,NQC
COP2223-077,,MANAGEMENT,Wayamba University of Sri Lanka,MANNAR,1.3966,value,3,23,1.3966
COP2223-077,,MANAGEMENT,Wayamba University of Sri Lanka,MULLAITIVU,,NQC,3,23,NQC
COP2223-077,,MANAGEMENT,Wayamba University of Sri Lanka,VAVUNIYA,,NQC,3,23,NQC
COP2223-077,,MANAGEMENT,Wayamba University of Sri Lanka,TRINCOMALEE,1.3702,value,3,23,1.3702
COP2223-077,,MANAGEMENT,Wayamba University of Sri Lanka,BATTICALOA,,NQC,3,23,NQC
COP2223-077,,MANAGEMENT,Wayamba University of Sri Lanka,AMPARA,1.3894,value,3,23,1.3894
COP2223-077,,MANAGEMENT,Wayamba University of Sri Lanka,PUTTALAM,1.3742,value,3,23,1.3742
COP2223-077,,MANAGEMENT,Wayamba University of Sri Lanka,KURUNEGALA,1.3702,value,3,23,1.3702
COP2223-077,,MANAGEMENT,Wayamba University of Sri Lanka,ANURADHAPURA,1.3724,value,3,23,1.3724
COP2223-077,,MANAGEMENT,Wayamba University of Sri Lanka,POLONNARUWA,1.3867,value,3,23,1.3867
COP2223-077,,MANAGEMENT,Wayamba University of Sri Lanka,BADULLA,1.3822,value,3,23,1.3822
COP2223-077,,MANAGEMENT,Wayamba University of Sri Lanka,MONARAGALA,1.3938,value,3,23,1.3938
COP2223-077,,MANAGEMENT,Wayamba University of Sri Lanka,KEGALLE,1.3728,value,3,23,1.3728
COP2223-077,,MANAGEMENT,Wayamba University of Sri Lanka,RATNAPURA,1.3737,value,3,23,1.3737
COP2223-078,,REAL ESTATE MANAGEMENT & VALUATION,University of Sri Jayewardenepura,COLOMBO,1.5794,value,3,24,1.5794
COP2223-078,,REAL ESTATE MANAGEMENT & VALUATION,University of Sri Jayewardenepura,GAMPAHA,1.5395,value,3,24,1.5395
COP2223-078,,REAL ESTATE MANAGEMENT & VALUATION,University of Sri Jayewardenepura,KALUTARA,1.4638,value,3,24,1.4638
COP2223-078,,REAL ESTATE MANAGEMENT & VALUATION,University of Sri Jayewardenepura,MATALE,1.4628,value,3,24,1.4628
COP2223-078,,REAL ESTATE MANAGEMENT & VALUATION,University of Sri Jayewardenepura,KANDY,1.5496,value,3,24,1.5496
COP2223-078,,REAL ESTATE MANAGEMENT & VALUATION,University of Sri Jayewardenepura,NUWARA ELIYA,1.5619,value,3,24,1.5619
COP2223-078,,REAL ESTATE MANAGEMENT & VALUATION,University of Sri Jayewardenepura,GALLE,1.5527,value,3,24,1.5527
COP2223-078,,REAL ESTATE MANAGEMENT & VALUATION,University of Sri Jayewardenepura,MATARA,1.5894,value,3,24,1.5894
COP2223-078,,REAL ESTATE MANAGEMENT & VALUATION,University of Sri Jayewardenepura,HAMBANTOTA,1.5439,value,3,24,1.5439
COP2223-078,,REAL ESTATE MANAGEMENT & VALUATION,University of Sri Jayewardenepura,JAFFNA,1.3482,value,3,24,1.3482
COP2223-078,,REAL ESTATE MANAGEMENT & VALUATION,University of Sri Jayewardenepura,KILINOCHCHI,1.2899,value,3,24,1.2899
COP2223-078,,REAL ESTATE MANAGEMENT & VALUATION,University of Sri Jayewardenepura,MANNAR,1.5419,value,3,24,1.5419
COP2223-078,,REAL ESTATE MANAGEMENT & VALUATION,University of Sri Jayewardenepura,MULLAITIVU,1.2196,value,3,24,1.2196
COP2223-078,,REAL ESTATE MANAGEMENT & VALUATION,University of Sri Jayewardenepura,VAVUNIYA,1.5189,value,3,24,1.5189
COP2223-078,,REAL ESTATE MANAGEMENT & VALUATION,University of Sri Jayewardenepura,TRINCOMALEE,1.4408,value,3,24,1.4408
COP2223-078,,REAL ESTATE MANAGEMENT & VALUATION,University of Sri Jayewardenepura,BATTICALOA,1.4687,value,3,24,1.4687
COP2223-078,,REAL ESTATE MANAGEMENT & VALUATION,University of Sri Jayewardenepura,AMPARA,1.5224,value,3,24,1.5224
COP2223-078,,REAL ESTATE MANAGEMENT & VALUATION,University of Sri Jayewardenepura,PUTTALAM,1.3410,value,3,24,1.3410
COP2223-078,,REAL ESTATE MANAGEMENT & VALUATION,University of Sri Jayewardenepura,KURUNEGALA,1.5379,value,3,24,1.5379
COP2223-078,,REAL ESTATE MANAGEMENT & VALUATION,University of Sri Jayewardenepura,ANURADHAPURA,1.5616,value,3,24,1.5616
COP2223-078,,REAL ESTATE MANAGEMENT & VALUATION,University of Sri Jayewardenepura,POLONNARUWA,1.5306,value,3,24,1.5306
COP2223-078,,REAL ESTATE MANAGEMENT & VALUATION,University of Sri Jayewardenepura,BADULLA,1.5272,value,3,24,1.5272
COP2223-078,,REAL ESTATE MANAGEMENT & VALUATION,University of Sri Jayewardenepura,MONARAGALA,1.5169,value,3,24,1.5169
COP2223-078,,REAL ESTATE MANAGEMENT & VALUATION,University of Sri Jayewardenepura,KEGALLE,1.5302,value,3,24,1.5302
COP2223-078,,REAL ESTATE MANAGEMENT & VALUATION,University of Sri Jayewardenepura,RATNAPURA,1.5830,value,3,24,1.5830
COP2223-079,,COMMERCE,University of Sri Jayewardenepura,COLOMBO,1.6096,value,3,25,1.6096
COP2223-079,,COMMERCE,University of Sri Jayewardenepura,GAMPAHA,1.6071,value,3,25,1.6071
COP2223-079,,COMMERCE,University of Sri Jayewardenepura,KALUTARA,1.6094,value,3,25,1.6094
COP2223-079,,COMMERCE,University of Sri Jayewardenepura,MATALE,1.6053,value,3,25,1.6053
COP2223-079,,COMMERCE,University of Sri Jayewardenepura,KANDY,1.6095,value,3,25,1.6095
COP2223-079,,COMMERCE,University of Sri Jayewardenepura,NUWARA ELIYA,1.6472,value,3,25,1.6472
COP2223-079,,COMMERCE,University of Sri Jayewardenepura,GALLE,1.6072,value,3,25,1.6072
COP2223-079,,COMMERCE,University of Sri Jayewardenepura,MATARA,1.6053,value,3,25,1.6053
COP2223-079,,COMMERCE,University of Sri Jayewardenepura,HAMBANTOTA,1.6351,value,3,25,1.6351
COP2223-079,,COMMERCE,University of Sri Jayewardenepura,JAFFNA,,NQC,3,25,NQC
COP2223-079,,COMMERCE,University of Sri Jayewardenepura,KILINOCHCHI,,NQC,3,25,NQC
COP2223-079,,COMMERCE,University of Sri Jayewardenepura,MANNAR,,NQC,3,25,NQC
COP2223-079,,COMMERCE,University of Sri Jayewardenepura,MULLAITIVU,,NQC,3,25,NQC
COP2223-079,,COMMERCE,University of Sri Jayewardenepura,VAVUNIYA,1.6367,value,3,25,1.6367
COP2223-079,,COMMERCE,University of Sri Jayewardenepura,TRINCOMALEE,,NQC,3,25,NQC
COP2223-079,,COMMERCE,University of Sri Jayewardenepura,BATTICALOA,,NQC,3,25,NQC
COP2223-079,,COMMERCE,University of Sri Jayewardenepura,AMPARA,1.6282,value,3,25,1.6282
COP2223-079,,COMMERCE,University of Sri Jayewardenepura,PUTTALAM,,NQC,3,25,NQC
COP2223-079,,COMMERCE,University of Sri Jayewardenepura,KURUNEGALA,1.6062,value,3,25,1.6062
COP2223-079,,COMMERCE,University of Sri Jayewardenepura,ANURADHAPURA,1.6294,value,3,25,1.6294
COP2223-079,,COMMERCE,University of Sri Jayewardenepura,POLONNARUWA,1.6160,value,3,25,1.6160
COP2223-079,,COMMERCE,University of Sri Jayewardenepura,BADULLA,1.6169,value,3,25,1.6169
COP2223-079,,COMMERCE,University of Sri Jayewardenepura,MONARAGALA,,NQC,3,25,NQC
COP2223-079,,COMMERCE,University of Sri Jayewardenepura,KEGALLE,1.6071,value,3,25,1.6071
COP2223-079,,COMMERCE,University of Sri Jayewardenepura,RATNAPURA,1.6159,value,3,25,1.6159
COP2223-080,,COMMERCE,University of Kelaniya,COLOMBO,1.4831,value,3,26,1.4831
COP2223-080,,COMMERCE,University of Kelaniya,GAMPAHA,1.4869,value,3,26,1.4869
COP2223-080,,COMMERCE,University of Kelaniya,KALUTARA,1.4844,value,3,26,1.4844
COP2223-080,,COMMERCE,University of Kelaniya,MATALE,1.5017,value,3,26,1.5017
COP2223-080,,COMMERCE,University of Kelaniya,KANDY,1.4844,value,3,26,1.4844
COP2223-080,,COMMERCE,University of Kelaniya,NUWARA ELIYA,1.5037,value,3,26,1.5037
COP2223-080,,COMMERCE,University of Kelaniya,GALLE,1.4871,value,3,26,1.4871
COP2223-080,,COMMERCE,University of Kelaniya,MATARA,1.4943,value,3,26,1.4943
COP2223-080,,COMMERCE,University of Kelaniya,HAMBANTOTA,1.4862,value,3,26,1.4862
COP2223-080,,COMMERCE,University of Kelaniya,JAFFNA,,NQC,3,26,NQC
COP2223-080,,COMMERCE,University of Kelaniya,KILINOCHCHI,,NQC,3,26,NQC
COP2223-080,,COMMERCE,University of Kelaniya,MANNAR,1.4856,value,3,26,1.4856
COP2223-080,,COMMERCE,University of Kelaniya,MULLAITIVU,,NQC,3,26,NQC
COP2223-080,,COMMERCE,University of Kelaniya,VAVUNIYA,,NQC,3,26,NQC
COP2223-080,,COMMERCE,University of Kelaniya,TRINCOMALEE,,NQC,3,26,NQC
COP2223-080,,COMMERCE,University of Kelaniya,BATTICALOA,,NQC,3,26,NQC
COP2223-080,,COMMERCE,University of Kelaniya,AMPARA,1.4849,value,3,26,1.4849
COP2223-080,,COMMERCE,University of Kelaniya,PUTTALAM,1.5497,value,3,26,1.5497
COP2223-080,,COMMERCE,University of Kelaniya,KURUNEGALA,1.4926,value,3,26,1.4926
COP2223-080,,COMMERCE,University of Kelaniya,ANURADHAPURA,1.4956,value,3,26,1.4956
COP2223-080,,COMMERCE,University of Kelaniya,POLONNARUWA,1.5814,value,3,26,1.5814
COP2223-080,,COMMERCE,University of Kelaniya,BADULLA,1.4928,value,3,26,1.4928
COP2223-080,,COMMERCE,University of Kelaniya,MONARAGALA,1.5037,value,3,26,1.5037
COP2223-080,,COMMERCE,University of Kelaniya,KEGALLE,1.4939,value,3,26,1.4939
COP2223-080,,COMMERCE,University of Kelaniya,RATNAPURA,1.5002,value,3,26,1.5002
COP2223-081,,COMMERCE,University of Jaffna,COLOMBO,1.2849,value,3,27,1.2849
COP2223-081,,COMMERCE,University of Jaffna,GAMPAHA,1.2625,value,3,27,1.2625
COP2223-081,,COMMERCE,University of Jaffna,KALUTARA,1.2904,value,3,27,1.2904
COP2223-081,,COMMERCE,University of Jaffna,MATALE,,NQC,3,27,NQC
COP2223-081,,COMMERCE,University of Jaffna,KANDY,1.2479,value,3,27,1.2479
COP2223-081,,COMMERCE,University of Jaffna,NUWARA ELIYA,,NQC,3,27,NQC
COP2223-081,,COMMERCE,University of Jaffna,GALLE,1.2685,value,3,27,1.2685
COP2223-081,,COMMERCE,University of Jaffna,MATARA,1.2719,value,3,27,1.2719
COP2223-081,,COMMERCE,University of Jaffna,HAMBANTOTA,,NQC,3,27,NQC
COP2223-081,,COMMERCE,University of Jaffna,JAFFNA,,NQC,3,27,NQC
COP2223-081,,COMMERCE,University of Jaffna,KILINOCHCHI,,NQC,3,27,NQC
COP2223-081,,COMMERCE,University of Jaffna,MANNAR,,NQC,3,27,NQC
COP2223-081,,COMMERCE,University of Jaffna,MULLAITIVU,1.2541,value,3,27,1.2541
COP2223-081,,COMMERCE,University of Jaffna,VAVUNIYA,1.2521,value,3,27,1.2521
COP2223-081,,COMMERCE,University of Jaffna,TRINCOMALEE,,NQC,3,27,NQC
COP2223-081,,COMMERCE,University of Jaffna,BATTICALOA,,NQC,3,27,NQC
COP2223-081,,COMMERCE,University of Jaffna,AMPARA,,NQC,3,27,NQC
COP2223-081,,COMMERCE,University of Jaffna,PUTTALAM,,NQC,3,27,NQC
COP2223-081,,COMMERCE,University of Jaffna,KURUNEGALA,1.3051,value,3,27,1.3051
COP2223-081,,COMMERCE,University of Jaffna,ANURADHAPURA,,NQC,3,27,NQC
COP2223-081,,COMMERCE,University of Jaffna,POLONNARUWA,1.2950,value,3,27,1.2950
COP2223-081,,COMMERCE,University of Jaffna,BADULLA,1.2377,value,3,27,1.2377
COP2223-081,,COMMERCE,University of Jaffna,MONARAGALA,1.2380,value,3,27,1.2380
COP2223-081,,COMMERCE,University of Jaffna,KEGALLE,1.2780,value,3,27,1.2780
COP2223-081,,COMMERCE,University of Jaffna,RATNAPURA,1.2372,value,3,27,1.2372
COP2223-082,,COMMERCE,"Eastern University, Sri Lanka",COLOMBO,1.2854,value,4,1,1.2854
COP2223-082,,COMMERCE,"Eastern University, Sri Lanka",GAMPAHA,1.2767,value,4,1,1.2767
COP2223-082,,COMMERCE,"Eastern University, Sri Lanka",KALUTARA,1.2906,value,4,1,1.2906
COP2223-082,,COMMERCE,"Eastern University, Sri Lanka",MATALE,1.1667,value,4,1,1.1667
COP2223-082,,COMMERCE,"Eastern University, Sri Lanka",KANDY,1.2512,value,4,1,1.2512
COP2223-082,,COMMERCE,"Eastern University, Sri Lanka",NUWARA ELIYA,1.1315,value,4,1,1.1315
COP2223-082,,COMMERCE,"Eastern University, Sri Lanka",GALLE,1.2628,value,4,1,1.2628
COP2223-082,,COMMERCE,"Eastern University, Sri Lanka",MATARA,1.3261,value,4,1,1.3261
COP2223-082,,COMMERCE,"Eastern University, Sri Lanka",HAMBANTOTA,1.0560,value,4,1,1.0560
COP2223-082,,COMMERCE,"Eastern University, Sri Lanka",JAFFNA,,NQC,4,1,NQC
COP2223-082,,COMMERCE,"Eastern University, Sri Lanka",KILINOCHCHI,,NQC,4,1,NQC
COP2223-082,,COMMERCE,"Eastern University, Sri Lanka",MANNAR,1.0686,value,4,1,1.0686
COP2223-082,,COMMERCE,"Eastern University, Sri Lanka",MULLAITIVU,1.2356,value,4,1,1.2356
COP2223-082,,COMMERCE,"Eastern University, Sri Lanka",VAVUNIYA,1.0574,value,4,1,1.0574
COP2223-082,,COMMERCE,"Eastern University, Sri Lanka",TRINCOMALEE,1.0608,value,4,1,1.0608
COP2223-082,,COMMERCE,"Eastern University, Sri Lanka",BATTICALOA,1.1332,value,4,1,1.1332
COP2223-082,,COMMERCE,"Eastern University, Sri Lanka",AMPARA,1.0562,value,4,1,1.0562
COP2223-082,,COMMERCE,"Eastern University, Sri Lanka",PUTTALAM,1.1032,value,4,1,1.1032
COP2223-082,,COMMERCE,"Eastern University, Sri Lanka",KURUNEGALA,1.3051,value,4,1,1.3051
COP2223-082,,COMMERCE,"Eastern University, Sri Lanka",ANURADHAPURA,1.1168,value,4,1,1.1168
COP2223-082,,COMMERCE,"Eastern University, Sri Lanka",POLONNARUWA,1.0879,value,4,1,1.0879
COP2223-082,,COMMERCE,"Eastern University, Sri Lanka",BADULLA,1.1269,value,4,1,1.1269
COP2223-082,,COMMERCE,"Eastern University, Sri Lanka",MONARAGALA,1.2283,value,4,1,1.2283
COP2223-082,,COMMERCE,"Eastern University, Sri Lanka",KEGALLE,1.2790,value,4,1,1.2790
COP2223-082,,COMMERCE,"Eastern University, Sri Lanka",RATNAPURA,1.1834,value,4,1,1.1834
COP2223-083,,COMMERCE,South Eastern University of Sri Lanka,COLOMBO,1.2890,value,4,2,1.2890
COP2223-083,,COMMERCE,South Eastern University of Sri Lanka,GAMPAHA,1.2833,value,4,2,1.2833
COP2223-083,,COMMERCE,South Eastern University of Sri Lanka,KALUTARA,1.3147,value,4,2,1.3147
COP2223-083,,COMMERCE,South Eastern University of Sri Lanka,MATALE,1.1869,value,4,2,1.1869
COP2223-083,,COMMERCE,South Eastern University of Sri Lanka,KANDY,1.2476,value,4,2,1.2476
COP2223-083,,COMMERCE,South Eastern University of Sri Lanka,NUWARA ELIYA,1.1193,value,4,2,1.1193
COP2223-083,,COMMERCE,South Eastern University of Sri Lanka,GALLE,1.2646,value,4,2,1.2646
COP2223-083,,COMMERCE,South Eastern University of Sri Lanka,MATARA,1.2753,value,4,2,1.2753
COP2223-083,,COMMERCE,South Eastern University of Sri Lanka,HAMBANTOTA,1.0437,value,4,2,1.0437
COP2223-083,,COMMERCE,South Eastern University of Sri Lanka,JAFFNA,0.8918,value,4,2,0.8918
COP2223-083,,COMMERCE,South Eastern University of Sri Lanka,KILINOCHCHI,0.9646,value,4,2,0.9646
COP2223-083,,COMMERCE,South Eastern University of Sri Lanka,MANNAR,,NQC,4,2,NQC
COP2223-083,,COMMERCE,South Eastern University of Sri Lanka,MULLAITIVU,,NQC,4,2,NQC
COP2223-083,,COMMERCE,South Eastern University of Sri Lanka,VAVUNIYA,,NQC,4,2,NQC
COP2223-083,,COMMERCE,South Eastern University of Sri Lanka,TRINCOMALEE,0.9556,value,4,2,0.9556
COP2223-083,,COMMERCE,South Eastern University of Sri Lanka,BATTICALOA,1.1162,value,4,2,1.1162
COP2223-083,,COMMERCE,South Eastern University of Sri Lanka,AMPARA,1.0142,value,4,2,1.0142
COP2223-083,,COMMERCE,South Eastern University of Sri Lanka,PUTTALAM,1.0981,value,4,2,1.0981
COP2223-083,,COMMERCE,South Eastern University of Sri Lanka,KURUNEGALA,1.3182,value,4,2,1.3182
COP2223-083,,COMMERCE,South Eastern University of Sri Lanka,ANURADHAPURA,1.1125,value,4,2,1.1125
COP2223-083,,COMMERCE,South Eastern University of Sri Lanka,POLONNARUWA,1.0800,value,4,2,1.0800
COP2223-083,,COMMERCE,South Eastern University of Sri Lanka,BADULLA,1.1269,value,4,2,1.1269
COP2223-083,,COMMERCE,South Eastern University of Sri Lanka,MONARAGALA,1.2320,value,4,2,1.2320
COP2223-083,,COMMERCE,South Eastern University of Sri Lanka,KEGALLE,1.2810,value,4,2,1.2810
COP2223-083,,COMMERCE,South Eastern University of Sri Lanka,RATNAPURA,1.2047,value,4,2,1.2047
COP2223-084,,MANAGEMENT (PUBLIC) HONOURS,University of Sri Jayewardenepura,COLOMBO,1.5979,value,4,3,1.5979
COP2223-084,,MANAGEMENT (PUBLIC) HONOURS,University of Sri Jayewardenepura,GAMPAHA,1.5452,value,4,3,1.5452
COP2223-084,,MANAGEMENT (PUBLIC) HONOURS,University of Sri Jayewardenepura,KALUTARA,1.5779,value,4,3,1.5779
COP2223-084,,MANAGEMENT (PUBLIC) HONOURS,University of Sri Jayewardenepura,MATALE,1.5862,value,4,3,1.5862
COP2223-084,,MANAGEMENT (PUBLIC) HONOURS,University of Sri Jayewardenepura,KANDY,1.5634,value,4,3,1.5634
COP2223-084,,MANAGEMENT (PUBLIC) HONOURS,University of Sri Jayewardenepura,NUWARA ELIYA,1.5713,value,4,3,1.5713
COP2223-084,,MANAGEMENT (PUBLIC) HONOURS,University of Sri Jayewardenepura,GALLE,1.5400,value,4,3,1.5400
COP2223-084,,MANAGEMENT (PUBLIC) HONOURS,University of Sri Jayewardenepura,MATARA,1.5497,value,4,3,1.5497
COP2223-084,,MANAGEMENT (PUBLIC) HONOURS,University of Sri Jayewardenepura,HAMBANTOTA,1.5189,value,4,3,1.5189
COP2223-084,,MANAGEMENT (PUBLIC) HONOURS,University of Sri Jayewardenepura,JAFFNA,1.4919,value,4,3,1.4919
COP2223-084,,MANAGEMENT (PUBLIC) HONOURS,University of Sri Jayewardenepura,KILINOCHCHI,1.5127,value,4,3,1.5127
COP2223-084,,MANAGEMENT (PUBLIC) HONOURS,University of Sri Jayewardenepura,MANNAR,1.5775,value,4,3,1.5775
COP2223-084,,MANAGEMENT (PUBLIC) HONOURS,University of Sri Jayewardenepura,MULLAITIVU,1.5170,value,4,3,1.5170
COP2223-084,,MANAGEMENT (PUBLIC) HONOURS,University of Sri Jayewardenepura,VAVUNIYA,1.5193,value,4,3,1.5193
COP2223-084,,MANAGEMENT (PUBLIC) HONOURS,University of Sri Jayewardenepura,TRINCOMALEE,1.5620,value,4,3,1.5620
COP2223-084,,MANAGEMENT (PUBLIC) HONOURS,University of Sri Jayewardenepura,BATTICALOA,1.4990,value,4,3,1.4990
COP2223-084,,MANAGEMENT (PUBLIC) HONOURS,University of Sri Jayewardenepura,AMPARA,1.5522,value,4,3,1.5522
COP2223-084,,MANAGEMENT (PUBLIC) HONOURS,University of Sri Jayewardenepura,PUTTALAM,1.5265,value,4,3,1.5265
COP2223-084,,MANAGEMENT (PUBLIC) HONOURS,University of Sri Jayewardenepura,KURUNEGALA,1.5648,value,4,3,1.5648
COP2223-084,,MANAGEMENT (PUBLIC) HONOURS,University of Sri Jayewardenepura,ANURADHAPURA,1.5806,value,4,3,1.5806
COP2223-084,,MANAGEMENT (PUBLIC) HONOURS,University of Sri Jayewardenepura,POLONNARUWA,1.6311,value,4,3,1.6311
COP2223-084,,MANAGEMENT (PUBLIC) HONOURS,University of Sri Jayewardenepura,BADULLA,1.5792,value,4,3,1.5792
COP2223-084,,MANAGEMENT (PUBLIC) HONOURS,University of Sri Jayewardenepura,MONARAGALA,1.6193,value,4,3,1.6193
COP2223-084,,MANAGEMENT (PUBLIC) HONOURS,University of Sri Jayewardenepura,KEGALLE,1.5787,value,4,3,1.5787
COP2223-084,,MANAGEMENT (PUBLIC) HONOURS,University of Sri Jayewardenepura,RATNAPURA,1.6051,value,4,3,1.6051
COP2223-085,,BUSINESS INFORMATION SYSTEMS (HONOURS) (BIS),University of Sri Jayewardenepura,COLOMBO,1.9317,value,4,4,1.9317
COP2223-085,,BUSINESS INFORMATION SYSTEMS (HONOURS) (BIS),University of Sri Jayewardenepura,GAMPAHA,1.8556,value,4,4,1.8556
COP2223-085,,BUSINESS INFORMATION SYSTEMS (HONOURS) (BIS),University of Sri Jayewardenepura,KALUTARA,1.8640,value,4,4,1.8640
COP2223-085,,BUSINESS INFORMATION SYSTEMS (HONOURS) (BIS),University of Sri Jayewardenepura,MATALE,1.7385,value,4,4,1.7385
COP2223-085,,BUSINESS INFORMATION SYSTEMS (HONOURS) (BIS),University of Sri Jayewardenepura,KANDY,1.8075,value,4,4,1.8075
COP2223-085,,BUSINESS INFORMATION SYSTEMS (HONOURS) (BIS),University of Sri Jayewardenepura,NUWARA ELIYA,1.8630,value,4,4,1.8630
COP2223-085,,BUSINESS INFORMATION SYSTEMS (HONOURS) (BIS),University of Sri Jayewardenepura,GALLE,1.8970,value,4,4,1.8970
COP2223-085,,BUSINESS INFORMATION SYSTEMS (HONOURS) (BIS),University of Sri Jayewardenepura,MATARA,1.9436,value,4,4,1.9436
COP2223-085,,BUSINESS INFORMATION SYSTEMS (HONOURS) (BIS),University of Sri Jayewardenepura,HAMBANTOTA,1.8041,value,4,4,1.8041
COP2223-085,,BUSINESS INFORMATION SYSTEMS (HONOURS) (BIS),University of Sri Jayewardenepura,JAFFNA,1.8630,value,4,4,1.8630
COP2223-085,,BUSINESS INFORMATION SYSTEMS (HONOURS) (BIS),University of Sri Jayewardenepura,KILINOCHCHI,1.2875,value,4,4,1.2875
COP2223-085,,BUSINESS INFORMATION SYSTEMS (HONOURS) (BIS),University of Sri Jayewardenepura,MANNAR,1.5583,value,4,4,1.5583
COP2223-085,,BUSINESS INFORMATION SYSTEMS (HONOURS) (BIS),University of Sri Jayewardenepura,MULLAITIVU,1.2820,value,4,4,1.2820
COP2223-085,,BUSINESS INFORMATION SYSTEMS (HONOURS) (BIS),University of Sri Jayewardenepura,VAVUNIYA,1.7014,value,4,4,1.7014
COP2223-085,,BUSINESS INFORMATION SYSTEMS (HONOURS) (BIS),University of Sri Jayewardenepura,TRINCOMALEE,1.7542,value,4,4,1.7542
COP2223-085,,BUSINESS INFORMATION SYSTEMS (HONOURS) (BIS),University of Sri Jayewardenepura,BATTICALOA,1.9533,value,4,4,1.9533
COP2223-085,,BUSINESS INFORMATION SYSTEMS (HONOURS) (BIS),University of Sri Jayewardenepura,AMPARA,1.7972,value,4,4,1.7972
COP2223-085,,BUSINESS INFORMATION SYSTEMS (HONOURS) (BIS),University of Sri Jayewardenepura,PUTTALAM,1.7134,value,4,4,1.7134
COP2223-085,,BUSINESS INFORMATION SYSTEMS (HONOURS) (BIS),University of Sri Jayewardenepura,KURUNEGALA,1.7715,value,4,4,1.7715
COP2223-085,,BUSINESS INFORMATION SYSTEMS (HONOURS) (BIS),University of Sri Jayewardenepura,ANURADHAPURA,1.8439,value,4,4,1.8439
COP2223-085,,BUSINESS INFORMATION SYSTEMS (HONOURS) (BIS),University of Sri Jayewardenepura,POLONNARUWA,1.8352,value,4,4,1.8352
COP2223-085,,BUSINESS INFORMATION SYSTEMS (HONOURS) (BIS),University of Sri Jayewardenepura,BADULLA,1.8670,value,4,4,1.8670
COP2223-085,,BUSINESS INFORMATION SYSTEMS (HONOURS) (BIS),University of Sri Jayewardenepura,MONARAGALA,1.7155,value,4,4,1.7155
COP2223-085,,BUSINESS INFORMATION SYSTEMS (HONOURS) (BIS),University of Sri Jayewardenepura,KEGALLE,1.8873,value,4,4,1.8873
COP2223-085,,BUSINESS INFORMATION SYSTEMS (HONOURS) (BIS),University of Sri Jayewardenepura,RATNAPURA,1.9297,value,4,4,1.9297
COP2223-086,,FINANCIAL ENGINEERING,University of Kelaniya,COLOMBO,1.5815,value,4,5,1.5815
COP2223-086,,FINANCIAL ENGINEERING,University of Kelaniya,GAMPAHA,1.5772,value,4,5,1.5772
COP2223-086,,FINANCIAL ENGINEERING,University of Kelaniya,KALUTARA,1.5996,value,4,5,1.5996
COP2223-086,,FINANCIAL ENGINEERING,University of Kelaniya,MATALE,,NQC,4,5,NQC
COP2223-086,,FINANCIAL ENGINEERING,University of Kelaniya,KANDY,1.4504,value,4,5,1.4504
COP2223-086,,FINANCIAL ENGINEERING,University of Kelaniya,NUWARA ELIYA,1.3529,value,4,5,1.3529
COP2223-086,,FINANCIAL ENGINEERING,University of Kelaniya,GALLE,1.5297,value,4,5,1.5297
COP2223-086,,FINANCIAL ENGINEERING,University of Kelaniya,MATARA,1.4216,value,4,5,1.4216
COP2223-086,,FINANCIAL ENGINEERING,University of Kelaniya,HAMBANTOTA,1.1957,value,4,5,1.1957
COP2223-086,,FINANCIAL ENGINEERING,University of Kelaniya,JAFFNA,1.0875,value,4,5,1.0875
COP2223-086,,FINANCIAL ENGINEERING,University of Kelaniya,KILINOCHCHI,,NQC,4,5,NQC
COP2223-086,,FINANCIAL ENGINEERING,University of Kelaniya,MANNAR,1.0630,value,4,5,1.0630
COP2223-086,,FINANCIAL ENGINEERING,University of Kelaniya,MULLAITIVU,,NQC,4,5,NQC
COP2223-086,,FINANCIAL ENGINEERING,University of Kelaniya,VAVUNIYA,,NQC,4,5,NQC
COP2223-086,,FINANCIAL ENGINEERING,University of Kelaniya,TRINCOMALEE,1.1009,value,4,5,1.1009
COP2223-086,,FINANCIAL ENGINEERING,University of Kelaniya,BATTICALOA,1.1035,value,4,5,1.1035
COP2223-086,,FINANCIAL ENGINEERING,University of Kelaniya,AMPARA,1.0637,value,4,5,1.0637
COP2223-086,,FINANCIAL ENGINEERING,University of Kelaniya,PUTTALAM,1.4138,value,4,5,1.4138
COP2223-086,,FINANCIAL ENGINEERING,University of Kelaniya,KURUNEGALA,1.4696,value,4,5,1.4696
COP2223-086,,FINANCIAL ENGINEERING,University of Kelaniya,ANURADHAPURA,1.5799,value,4,5,1.5799
COP2223-086,,FINANCIAL ENGINEERING,University of Kelaniya,POLONNARUWA,1.2738,value,4,5,1.2738
COP2223-086,,FINANCIAL ENGINEERING,University of Kelaniya,BADULLA,1.4770,value,4,5,1.4770
COP2223-086,,FINANCIAL ENGINEERING,University of Kelaniya,MONARAGALA,1.6110,value,4,5,1.6110
COP2223-086,,FINANCIAL ENGINEERING,University of Kelaniya,KEGALLE,1.4420,value,4,5,1.4420
COP2223-086,,FINANCIAL ENGINEERING,University of Kelaniya,RATNAPURA,1.4591,value,4,5,1.4591
COP2223-087,,BANKING & INSURANCE,"University of Vavuniya, Sri Lanka",COLOMBO,1.2825,value,4,6,1.2825
COP2223-087,,BANKING & INSURANCE,"University of Vavuniya, Sri Lanka",GAMPAHA,1.2580,value,4,6,1.2580
COP2223-087,,BANKING & INSURANCE,"University of Vavuniya, Sri Lanka",KALUTARA,1.2853,value,4,6,1.2853
COP2223-087,,BANKING & INSURANCE,"University of Vavuniya, Sri Lanka",MATALE,1.2282,value,4,6,1.2282
COP2223-087,,BANKING & INSURANCE,"University of Vavuniya, Sri Lanka",KANDY,1.2596,value,4,6,1.2596
COP2223-087,,BANKING & INSURANCE,"University of Vavuniya, Sri Lanka",NUWARA ELIYA,1.2634,value,4,6,1.2634
COP2223-087,,BANKING & INSURANCE,"University of Vavuniya, Sri Lanka",GALLE,1.2955,value,4,6,1.2955
COP2223-087,,BANKING & INSURANCE,"University of Vavuniya, Sri Lanka",MATARA,1.2892,value,4,6,1.2892
COP2223-087,,BANKING & INSURANCE,"University of Vavuniya, Sri Lanka",HAMBANTOTA,1.1815,value,4,6,1.1815
COP2223-087,,BANKING & INSURANCE,"University of Vavuniya, Sri Lanka",JAFFNA,1.0237,value,4,6,1.0237
COP2223-087,,BANKING & INSURANCE,"University of Vavuniya, Sri Lanka",KILINOCHCHI,0.9097,value,4,6,0.9097
COP2223-087,,BANKING & INSURANCE,"University of Vavuniya, Sri Lanka",MANNAR,1.0539,value,4,6,1.0539
COP2223-087,,BANKING & INSURANCE,"University of Vavuniya, Sri Lanka",MULLAITIVU,1.2233,value,4,6,1.2233
COP2223-087,,BANKING & INSURANCE,"University of Vavuniya, Sri Lanka",VAVUNIYA,1.2462,value,4,6,1.2462
COP2223-087,,BANKING & INSURANCE,"University of Vavuniya, Sri Lanka",TRINCOMALEE,1.2269,value,4,6,1.2269
COP2223-087,,BANKING & INSURANCE,"University of Vavuniya, Sri Lanka",BATTICALOA,1.1005,value,4,6,1.1005
COP2223-087,,BANKING & INSURANCE,"University of Vavuniya, Sri Lanka",AMPARA,1.0100,value,4,6,1.0100
COP2223-087,,BANKING & INSURANCE,"University of Vavuniya, Sri Lanka",PUTTALAM,1.1703,value,4,6,1.1703
COP2223-087,,BANKING & INSURANCE,"University of Vavuniya, Sri Lanka",KURUNEGALA,1.2911,value,4,6,1.2911
COP2223-087,,BANKING & INSURANCE,"University of Vavuniya, Sri Lanka",ANURADHAPURA,1.1886,value,4,6,1.1886
COP2223-087,,BANKING & INSURANCE,"University of Vavuniya, Sri Lanka",POLONNARUWA,1.1956,value,4,6,1.1956
COP2223-087,,BANKING & INSURANCE,"University of Vavuniya, Sri Lanka",BADULLA,1.2283,value,4,6,1.2283
COP2223-087,,BANKING & INSURANCE,"University of Vavuniya, Sri Lanka",MONARAGALA,1.2026,value,4,6,1.2026
COP2223-087,,BANKING & INSURANCE,"University of Vavuniya, Sri Lanka",KEGALLE,1.2876,value,4,6,1.2876
COP2223-087,,BANKING & INSURANCE,"University of Vavuniya, Sri Lanka",RATNAPURA,1.2819,value,4,6,1.2819
COP2223-088,,LAW,University of Colombo,COLOMBO,2.0038,value,4,7,2.0038
COP2223-088,,LAW,University of Colombo,GAMPAHA,2.0025,value,4,7,2.0025
COP2223-088,,LAW,University of Colombo,KALUTARA,2.0115,value,4,7,2.0115
COP2223-088,,LAW,University of Colombo,MATALE,2.0307,value,4,7,2.0307
COP2223-088,,LAW,University of Colombo,KANDY,2.0030,value,4,7,2.0030
COP2223-088,,LAW,University of Colombo,NUWARA ELIYA,2.1405,value,4,7,2.1405
COP2223-088,,LAW,University of Colombo,GALLE,2.0000,value,4,7,2.0000
COP2223-088,,LAW,University of Colombo,MATARA,2.0000,value,4,7,2.0000
COP2223-088,,LAW,University of Colombo,HAMBANTOTA,1.9979,value,4,7,1.9979
COP2223-088,,LAW,University of Colombo,JAFFNA,2.0690,value,4,7,2.0690
COP2223-088,,LAW,University of Colombo,KILINOCHCHI,,NQC,4,7,NQC
COP2223-088,,LAW,University of Colombo,MANNAR,2.1026,value,4,7,2.1026
COP2223-088,,LAW,University of Colombo,MULLAITIVU,2.0776,value,4,7,2.0776
COP2223-088,,LAW,University of Colombo,VAVUNIYA,2.0576,value,4,7,2.0576
COP2223-088,,LAW,University of Colombo,TRINCOMALEE,2.0024,value,4,7,2.0024
COP2223-088,,LAW,University of Colombo,BATTICALOA,2.0666,value,4,7,2.0666
COP2223-088,,LAW,University of Colombo,AMPARA,2.0192,value,4,7,2.0192
COP2223-088,,LAW,University of Colombo,PUTTALAM,2.0253,value,4,7,2.0253
COP2223-088,,LAW,University of Colombo,KURUNEGALA,2.0030,value,4,7,2.0030
COP2223-088,,LAW,University of Colombo,ANURADHAPURA,1.9954,value,4,7,1.9954
COP2223-088,,LAW,University of Colombo,POLONNARUWA,2.0050,value,4,7,2.0050
COP2223-088,,LAW,University of Colombo,BADULLA,2.0025,value,4,7,2.0025
COP2223-088,,LAW,University of Colombo,MONARAGALA,2.0120,value,4,7,2.0120
COP2223-088,,LAW,University of Colombo,KEGALLE,2.0055,value,4,7,2.0055
COP2223-088,,LAW,University of Colombo,RATNAPURA,1.9984,value,4,7,1.9984
COP2223-089,,LAW,University of Peradeniya,COLOMBO,1.9530,value,4,8,1.9530
COP2223-089,,LAW,University of Peradeniya,GAMPAHA,1.9628,value,4,8,1.9628
COP2223-089,,LAW,University of Peradeniya,KALUTARA,1.9653,value,4,8,1.9653
COP2223-089,,LAW,University of Peradeniya,MATALE,1.9852,value,4,8,1.9852
COP2223-089,,LAW,University of Peradeniya,KANDY,1.9618,value,4,8,1.9618
COP2223-089,,LAW,University of Peradeniya,NUWARA ELIYA,1.9687,value,4,8,1.9687
COP2223-089,,LAW,University of Peradeniya,GALLE,1.9857,value,4,8,1.9857
COP2223-089,,LAW,University of Peradeniya,MATARA,1.9597,value,4,8,1.9597
COP2223-089,,LAW,University of Peradeniya,HAMBANTOTA,,NQC,4,8,NQC
COP2223-089,,LAW,University of Peradeniya,JAFFNA,1.9529,value,4,8,1.9529
COP2223-089,,LAW,University of Peradeniya,KILINOCHCHI,,NQC,4,8,NQC
COP2223-089,,LAW,University of Peradeniya,MANNAR,,NQC,4,8,NQC
COP2223-089,,LAW,University of Peradeniya,MULLAITIVU,1.9594,value,4,8,1.9594
COP2223-089,,LAW,University of Peradeniya,VAVUNIYA,1.9934,value,4,8,1.9934
COP2223-089,,LAW,University of Peradeniya,TRINCOMALEE,1.9595,value,4,8,1.9595
COP2223-089,,LAW,University of Peradeniya,BATTICALOA,1.9797,value,4,8,1.9797
COP2223-089,,LAW,University of Peradeniya,AMPARA,1.9530,value,4,8,1.9530
COP2223-089,,LAW,University of Peradeniya,PUTTALAM,1.9764,value,4,8,1.9764
COP2223-089,,LAW,University of Peradeniya,KURUNEGALA,1.9841,value,4,8,1.9841
COP2223-089,,LAW,University of Peradeniya,ANURADHAPURA,1.9585,value,4,8,1.9585
COP2223-089,,LAW,University of Peradeniya,POLONNARUWA,1.9948,value,4,8,1.9948
COP2223-089,,LAW,University of Peradeniya,BADULLA,1.9570,value,4,8,1.9570
COP2223-089,,LAW,University of Peradeniya,MONARAGALA,2.0942,value,4,8,2.0942
COP2223-089,,LAW,University of Peradeniya,KEGALLE,1.9769,value,4,8,1.9769
COP2223-089,,LAW,University of Peradeniya,RATNAPURA,1.9621,value,4,8,1.9621
COP2223-090,,LAW,University of Jaffna,COLOMBO,1.9239,value,4,9,1.9239
COP2223-090,,LAW,University of Jaffna,GAMPAHA,1.9009,value,4,9,1.9009
COP2223-090,,LAW,University of Jaffna,KALUTARA,1.8048,value,4,9,1.8048
COP2223-090,,LAW,University of Jaffna,MATALE,,NQC,4,9,NQC
COP2223-090,,LAW,University of Jaffna,KANDY,1.8142,value,4,9,1.8142
COP2223-090,,LAW,University of Jaffna,NUWARA ELIYA,1.7784,value,4,9,1.7784
COP2223-090,,LAW,University of Jaffna,GALLE,,NQC,4,9,NQC
COP2223-090,,LAW,University of Jaffna,MATARA,1.9404,value,4,9,1.9404
COP2223-090,,LAW,University of Jaffna,HAMBANTOTA,,NQC,4,9,NQC
COP2223-090,,LAW,University of Jaffna,JAFFNA,1.9029,value,4,9,1.9029
COP2223-090,,LAW,University of Jaffna,KILINOCHCHI,1.7541,value,4,9,1.7541
COP2223-090,,LAW,University of Jaffna,MANNAR,1.7475,value,4,9,1.7475
COP2223-090,,LAW,University of Jaffna,MULLAITIVU,,NQC,4,9,NQC
COP2223-090,,LAW,University of Jaffna,VAVUNIYA,1.9205,value,4,9,1.9205
COP2223-090,,LAW,University of Jaffna,TRINCOMALEE,1.9353,value,4,9,1.9353
COP2223-090,,LAW,University of Jaffna,BATTICALOA,1.9360,value,4,9,1.9360
COP2223-090,,LAW,University of Jaffna,AMPARA,1.9327,value,4,9,1.9327
COP2223-090,,LAW,University of Jaffna,PUTTALAM,1.8898,value,4,9,1.8898
COP2223-090,,LAW,University of Jaffna,KURUNEGALA,1.8426,value,4,9,1.8426
COP2223-090,,LAW,University of Jaffna,ANURADHAPURA,1.9008,value,4,9,1.9008
COP2223-090,,LAW,University of Jaffna,POLONNARUWA,,NQC,4,9,NQC
COP2223-090,,LAW,University of Jaffna,BADULLA,1.9149,value,4,9,1.9149
COP2223-090,,LAW,University of Jaffna,MONARAGALA,,NQC,4,9,NQC
COP2223-090,,LAW,University of Jaffna,KEGALLE,1.8861,value,4,9,1.8861
COP2223-090,,LAW,University of Jaffna,RATNAPURA,1.9210,value,4,9,1.9210
COP2223-091,,ARTS,University of Colombo,COLOMBO,1.7180,value,4,10,1.7180
COP2223-091,,ARTS,University of Colombo,GAMPAHA,1.7180,value,4,10,1.7180
COP2223-091,,ARTS,University of Colombo,KALUTARA,1.7180,value,4,10,1.7180
COP2223-091,,ARTS,University of Colombo,MATALE,1.7180,value,4,10,1.7180
COP2223-091,,ARTS,University of Colombo,KANDY,1.7180,value,4,10,1.7180
COP2223-091,,ARTS,University of Colombo,NUWARA ELIYA,1.7180,value,4,10,1.7180
COP2223-091,,ARTS,University of Colombo,GALLE,1.7180,value,4,10,1.7180
COP2223-091,,ARTS,University of Colombo,MATARA,1.7180,value,4,10,1.7180
COP2223-091,,ARTS,University of Colombo,HAMBANTOTA,1.7180,value,4,10,1.7180
COP2223-091,,ARTS,University of Colombo,JAFFNA,1.7180,value,4,10,1.7180
COP2223-091,,ARTS,University of Colombo,KILINOCHCHI,1.7180,value,4,10,1.7180
COP2223-091,,ARTS,University of Colombo,MANNAR,1.7180,value,4,10,1.7180
COP2223-091,,ARTS,University of Colombo,MULLAITIVU,1.7180,value,4,10,1.7180
COP2223-091,,ARTS,University of Colombo,VAVUNIYA,1.7180,value,4,10,1.7180
COP2223-091,,ARTS,University of Colombo,TRINCOMALEE,1.7180,value,4,10,1.7180
COP2223-091,,ARTS,University of Colombo,BATTICALOA,1.7180,value,4,10,1.7180
COP2223-091,,ARTS,University of Colombo,AMPARA,1.7180,value,4,10,1.7180
COP2223-091,,ARTS,University of Colombo,PUTTALAM,1.7180,value,4,10,1.7180
COP2223-091,,ARTS,University of Colombo,KURUNEGALA,1.7180,value,4,10,1.7180
COP2223-091,,ARTS,University of Colombo,ANURADHAPURA,1.7180,value,4,10,1.7180
COP2223-091,,ARTS,University of Colombo,POLONNARUWA,1.7180,value,4,10,1.7180
COP2223-091,,ARTS,University of Colombo,BADULLA,1.7180,value,4,10,1.7180
COP2223-091,,ARTS,University of Colombo,MONARAGALA,1.7180,value,4,10,1.7180
COP2223-091,,ARTS,University of Colombo,KEGALLE,1.7180,value,4,10,1.7180
COP2223-091,,ARTS,University of Colombo,RATNAPURA,1.7180,value,4,10,1.7180
COP2223-092,,ARTS,University of Peradeniya,COLOMBO,1.5825,value,4,11,1.5825
COP2223-092,,ARTS,University of Peradeniya,GAMPAHA,1.5825,value,4,11,1.5825
COP2223-092,,ARTS,University of Peradeniya,KALUTARA,1.5825,value,4,11,1.5825
COP2223-092,,ARTS,University of Peradeniya,MATALE,1.5825,value,4,11,1.5825
COP2223-092,,ARTS,University of Peradeniya,KANDY,1.5825,value,4,11,1.5825
COP2223-092,,ARTS,University of Peradeniya,NUWARA ELIYA,1.5825,value,4,11,1.5825
COP2223-092,,ARTS,University of Peradeniya,GALLE,1.5825,value,4,11,1.5825
COP2223-092,,ARTS,University of Peradeniya,MATARA,1.5825,value,4,11,1.5825
COP2223-092,,ARTS,University of Peradeniya,HAMBANTOTA,1.5825,value,4,11,1.5825
COP2223-092,,ARTS,University of Peradeniya,JAFFNA,1.5825,value,4,11,1.5825
COP2223-092,,ARTS,University of Peradeniya,KILINOCHCHI,1.5825,value,4,11,1.5825
COP2223-092,,ARTS,University of Peradeniya,MANNAR,1.5825,value,4,11,1.5825
COP2223-092,,ARTS,University of Peradeniya,MULLAITIVU,1.5825,value,4,11,1.5825
COP2223-092,,ARTS,University of Peradeniya,VAVUNIYA,1.5825,value,4,11,1.5825
COP2223-092,,ARTS,University of Peradeniya,TRINCOMALEE,1.5825,value,4,11,1.5825
COP2223-092,,ARTS,University of Peradeniya,BATTICALOA,1.5825,value,4,11,1.5825
COP2223-092,,ARTS,University of Peradeniya,AMPARA,1.5825,value,4,11,1.5825
COP2223-092,,ARTS,University of Peradeniya,PUTTALAM,1.5825,value,4,11,1.5825
COP2223-092,,ARTS,University of Peradeniya,KURUNEGALA,1.5825,value,4,11,1.5825
COP2223-092,,ARTS,University of Peradeniya,ANURADHAPURA,1.5825,value,4,11,1.5825
COP2223-092,,ARTS,University of Peradeniya,POLONNARUWA,1.5825,value,4,11,1.5825
COP2223-092,,ARTS,University of Peradeniya,BADULLA,1.5825,value,4,11,1.5825
COP2223-092,,ARTS,University of Peradeniya,MONARAGALA,1.5825,value,4,11,1.5825
COP2223-092,,ARTS,University of Peradeniya,KEGALLE,1.5825,value,4,11,1.5825
COP2223-092,,ARTS,University of Peradeniya,RATNAPURA,1.5825,value,4,11,1.5825
COP2223-093,,ARTS,University of Sri Jayewardenepura,COLOMBO,1.5310,value,4,12,1.5310
COP2223-093,,ARTS,University of Sri Jayewardenepura,GAMPAHA,1.5310,value,4,12,1.5310
COP2223-093,,ARTS,University of Sri Jayewardenepura,KALUTARA,1.5310,value,4,12,1.5310
COP2223-093,,ARTS,University of Sri Jayewardenepura,MATALE,1.5310,value,4,12,1.5310
COP2223-093,,ARTS,University of Sri Jayewardenepura,KANDY,1.5310,value,4,12,1.5310
COP2223-093,,ARTS,University of Sri Jayewardenepura,NUWARA ELIYA,1.5310,value,4,12,1.5310
COP2223-093,,ARTS,University of Sri Jayewardenepura,GALLE,1.5310,value,4,12,1.5310
COP2223-093,,ARTS,University of Sri Jayewardenepura,MATARA,1.5310,value,4,12,1.5310
COP2223-093,,ARTS,University of Sri Jayewardenepura,HAMBANTOTA,1.5310,value,4,12,1.5310
COP2223-093,,ARTS,University of Sri Jayewardenepura,JAFFNA,1.5310,value,4,12,1.5310
COP2223-093,,ARTS,University of Sri Jayewardenepura,KILINOCHCHI,1.5310,value,4,12,1.5310
COP2223-093,,ARTS,University of Sri Jayewardenepura,MANNAR,1.5310,value,4,12,1.5310
COP2223-093,,ARTS,University of Sri Jayewardenepura,MULLAITIVU,1.5310,value,4,12,1.5310
COP2223-093,,ARTS,University of Sri Jayewardenepura,VAVUNIYA,1.5310,value,4,12,1.5310
COP2223-093,,ARTS,University of Sri Jayewardenepura,TRINCOMALEE,1.5310,value,4,12,1.5310
COP2223-093,,ARTS,University of Sri Jayewardenepura,BATTICALOA,1.5310,value,4,12,1.5310
COP2223-093,,ARTS,University of Sri Jayewardenepura,AMPARA,1.5310,value,4,12,1.5310
COP2223-093,,ARTS,University of Sri Jayewardenepura,PUTTALAM,1.5310,value,4,12,1.5310
COP2223-093,,ARTS,University of Sri Jayewardenepura,KURUNEGALA,1.5310,value,4,12,1.5310
COP2223-093,,ARTS,University of Sri Jayewardenepura,ANURADHAPURA,1.5310,value,4,12,1.5310
COP2223-093,,ARTS,University of Sri Jayewardenepura,POLONNARUWA,1.5310,value,4,12,1.5310
COP2223-093,,ARTS,University of Sri Jayewardenepura,BADULLA,1.5310,value,4,12,1.5310
COP2223-093,,ARTS,University of Sri Jayewardenepura,MONARAGALA,1.5310,value,4,12,1.5310
COP2223-093,,ARTS,University of Sri Jayewardenepura,KEGALLE,1.5310,value,4,12,1.5310
COP2223-093,,ARTS,University of Sri Jayewardenepura,RATNAPURA,1.5310,value,4,12,1.5310
COP2223-094,,ARTS,University of Kelaniya,COLOMBO,1.4394,value,4,13,1.4394
COP2223-094,,ARTS,University of Kelaniya,GAMPAHA,1.4394,value,4,13,1.4394
COP2223-094,,ARTS,University of Kelaniya,KALUTARA,1.4394,value,4,13,1.4394
COP2223-094,,ARTS,University of Kelaniya,MATALE,1.4394,value,4,13,1.4394
COP2223-094,,ARTS,University of Kelaniya,KANDY,1.4394,value,4,13,1.4394
COP2223-094,,ARTS,University of Kelaniya,NUWARA ELIYA,1.4394,value,4,13,1.4394
COP2223-094,,ARTS,University of Kelaniya,GALLE,1.4394,value,4,13,1.4394
COP2223-094,,ARTS,University of Kelaniya,MATARA,1.4394,value,4,13,1.4394
COP2223-094,,ARTS,University of Kelaniya,HAMBANTOTA,1.4394,value,4,13,1.4394
COP2223-094,,ARTS,University of Kelaniya,JAFFNA,1.4394,value,4,13,1.4394
COP2223-094,,ARTS,University of Kelaniya,KILINOCHCHI,1.4394,value,4,13,1.4394
COP2223-094,,ARTS,University of Kelaniya,MANNAR,1.4394,value,4,13,1.4394
COP2223-094,,ARTS,University of Kelaniya,MULLAITIVU,1.4394,value,4,13,1.4394
COP2223-094,,ARTS,University of Kelaniya,VAVUNIYA,1.4394,value,4,13,1.4394
COP2223-094,,ARTS,University of Kelaniya,TRINCOMALEE,1.4394,value,4,13,1.4394
COP2223-094,,ARTS,University of Kelaniya,BATTICALOA,1.4394,value,4,13,1.4394
COP2223-094,,ARTS,University of Kelaniya,AMPARA,1.4394,value,4,13,1.4394
COP2223-094,,ARTS,University of Kelaniya,PUTTALAM,1.4394,value,4,13,1.4394
COP2223-094,,ARTS,University of Kelaniya,KURUNEGALA,1.4394,value,4,13,1.4394
COP2223-094,,ARTS,University of Kelaniya,ANURADHAPURA,1.4394,value,4,13,1.4394
COP2223-094,,ARTS,University of Kelaniya,POLONNARUWA,1.4394,value,4,13,1.4394
COP2223-094,,ARTS,University of Kelaniya,BADULLA,1.4394,value,4,13,1.4394
COP2223-094,,ARTS,University of Kelaniya,MONARAGALA,1.4394,value,4,13,1.4394
COP2223-094,,ARTS,University of Kelaniya,KEGALLE,1.4394,value,4,13,1.4394
COP2223-094,,ARTS,University of Kelaniya,RATNAPURA,1.4394,value,4,13,1.4394
COP2223-095,,ARTS,University of Jaffna,COLOMBO,1.2062,value,4,14,1.2062
COP2223-095,,ARTS,University of Jaffna,GAMPAHA,1.2062,value,4,14,1.2062
COP2223-095,,ARTS,University of Jaffna,KALUTARA,1.2062,value,4,14,1.2062
COP2223-095,,ARTS,University of Jaffna,MATALE,1.2062,value,4,14,1.2062
COP2223-095,,ARTS,University of Jaffna,KANDY,1.2062,value,4,14,1.2062
COP2223-095,,ARTS,University of Jaffna,NUWARA ELIYA,1.2062,value,4,14,1.2062
COP2223-095,,ARTS,University of Jaffna,GALLE,1.2062,value,4,14,1.2062
COP2223-095,,ARTS,University of Jaffna,MATARA,1.2062,value,4,14,1.2062
COP2223-095,,ARTS,University of Jaffna,HAMBANTOTA,1.2062,value,4,14,1.2062
COP2223-095,,ARTS,University of Jaffna,JAFFNA,1.2062,value,4,14,1.2062
COP2223-095,,ARTS,University of Jaffna,KILINOCHCHI,1.2062,value,4,14,1.2062
COP2223-095,,ARTS,University of Jaffna,MANNAR,1.2062,value,4,14,1.2062
COP2223-095,,ARTS,University of Jaffna,MULLAITIVU,1.2062,value,4,14,1.2062
COP2223-095,,ARTS,University of Jaffna,VAVUNIYA,1.2062,value,4,14,1.2062
COP2223-095,,ARTS,University of Jaffna,TRINCOMALEE,1.2062,value,4,14,1.2062
COP2223-095,,ARTS,University of Jaffna,BATTICALOA,1.2062,value,4,14,1.2062
COP2223-095,,ARTS,University of Jaffna,AMPARA,1.2062,value,4,14,1.2062
COP2223-095,,ARTS,University of Jaffna,PUTTALAM,1.2062,value,4,14,1.2062
COP2223-095,,ARTS,University of Jaffna,KURUNEGALA,1.2062,value,4,14,1.2062
COP2223-095,,ARTS,University of Jaffna,ANURADHAPURA,1.2062,value,4,14,1.2062
COP2223-095,,ARTS,University of Jaffna,POLONNARUWA,1.2062,value,4,14,1.2062
COP2223-095,,ARTS,University of Jaffna,BADULLA,1.2062,value,4,14,1.2062
COP2223-095,,ARTS,University of Jaffna,MONARAGALA,1.2062,value,4,14,1.2062
COP2223-095,,ARTS,University of Jaffna,KEGALLE,1.2062,value,4,14,1.2062
COP2223-095,,ARTS,University of Jaffna,RATNAPURA,1.2062,value,4,14,1.2062
COP2223-096,,ARTS,University of Ruhuna,COLOMBO,1.3492,value,4,15,1.3492
COP2223-096,,ARTS,University of Ruhuna,GAMPAHA,1.3492,value,4,15,1.3492
COP2223-096,,ARTS,University of Ruhuna,KALUTARA,1.3492,value,4,15,1.3492
COP2223-096,,ARTS,University of Ruhuna,MATALE,1.3492,value,4,15,1.3492
COP2223-096,,ARTS,University of Ruhuna,KANDY,1.3492,value,4,15,1.3492
COP2223-096,,ARTS,University of Ruhuna,NUWARA ELIYA,1.3492,value,4,15,1.3492
COP2223-096,,ARTS,University of Ruhuna,GALLE,1.3492,value,4,15,1.3492
COP2223-096,,ARTS,University of Ruhuna,MATARA,1.3492,value,4,15,1.3492
COP2223-096,,ARTS,University of Ruhuna,HAMBANTOTA,1.3492,value,4,15,1.3492
COP2223-096,,ARTS,University of Ruhuna,JAFFNA,1.3492,value,4,15,1.3492
COP2223-096,,ARTS,University of Ruhuna,KILINOCHCHI,1.3492,value,4,15,1.3492
COP2223-096,,ARTS,University of Ruhuna,MANNAR,1.3492,value,4,15,1.3492
COP2223-096,,ARTS,University of Ruhuna,MULLAITIVU,1.3492,value,4,15,1.3492
COP2223-096,,ARTS,University of Ruhuna,VAVUNIYA,1.3492,value,4,15,1.3492
COP2223-096,,ARTS,University of Ruhuna,TRINCOMALEE,1.3492,value,4,15,1.3492
COP2223-096,,ARTS,University of Ruhuna,BATTICALOA,1.3492,value,4,15,1.3492
COP2223-096,,ARTS,University of Ruhuna,AMPARA,1.3492,value,4,15,1.3492
COP2223-096,,ARTS,University of Ruhuna,PUTTALAM,1.3492,value,4,15,1.3492
COP2223-096,,ARTS,University of Ruhuna,KURUNEGALA,1.3492,value,4,15,1.3492
COP2223-096,,ARTS,University of Ruhuna,ANURADHAPURA,1.3492,value,4,15,1.3492
COP2223-096,,ARTS,University of Ruhuna,POLONNARUWA,1.3492,value,4,15,1.3492
COP2223-096,,ARTS,University of Ruhuna,BADULLA,1.3492,value,4,15,1.3492
COP2223-096,,ARTS,University of Ruhuna,MONARAGALA,1.3492,value,4,15,1.3492
COP2223-096,,ARTS,University of Ruhuna,KEGALLE,1.3492,value,4,15,1.3492
COP2223-096,,ARTS,University of Ruhuna,RATNAPURA,1.3492,value,4,15,1.3492
COP2223-097,,ARTS,"Eastern University, Sri Lanka",COLOMBO,1.1729,value,4,16,1.1729
COP2223-097,,ARTS,"Eastern University, Sri Lanka",GAMPAHA,1.1729,value,4,16,1.1729
COP2223-097,,ARTS,"Eastern University, Sri Lanka",KALUTARA,1.1729,value,4,16,1.1729
COP2223-097,,ARTS,"Eastern University, Sri Lanka",MATALE,1.1729,value,4,16,1.1729
COP2223-097,,ARTS,"Eastern University, Sri Lanka",KANDY,1.1729,value,4,16,1.1729
COP2223-097,,ARTS,"Eastern University, Sri Lanka",NUWARA ELIYA,1.1729,value,4,16,1.1729
COP2223-097,,ARTS,"Eastern University, Sri Lanka",GALLE,1.1729,value,4,16,1.1729
COP2223-097,,ARTS,"Eastern University, Sri Lanka",MATARA,1.1729,value,4,16,1.1729
COP2223-097,,ARTS,"Eastern University, Sri Lanka",HAMBANTOTA,1.1729,value,4,16,1.1729
COP2223-097,,ARTS,"Eastern University, Sri Lanka",JAFFNA,1.1729,value,4,16,1.1729
COP2223-097,,ARTS,"Eastern University, Sri Lanka",KILINOCHCHI,1.1729,value,4,16,1.1729
COP2223-097,,ARTS,"Eastern University, Sri Lanka",MANNAR,1.1729,value,4,16,1.1729
COP2223-097,,ARTS,"Eastern University, Sri Lanka",MULLAITIVU,1.1729,value,4,16,1.1729
COP2223-097,,ARTS,"Eastern University, Sri Lanka",VAVUNIYA,1.1729,value,4,16,1.1729
COP2223-097,,ARTS,"Eastern University, Sri Lanka",TRINCOMALEE,1.1729,value,4,16,1.1729
COP2223-097,,ARTS,"Eastern University, Sri Lanka",BATTICALOA,1.1729,value,4,16,1.1729
COP2223-097,,ARTS,"Eastern University, Sri Lanka",AMPARA,1.1729,value,4,16,1.1729
COP2223-097,,ARTS,"Eastern University, Sri Lanka",PUTTALAM,1.1729,value,4,16,1.1729
COP2223-097,,ARTS,"Eastern University, Sri Lanka",KURUNEGALA,1.1729,value,4,16,1.1729
COP2223-097,,ARTS,"Eastern University, Sri Lanka",ANURADHAPURA,1.1729,value,4,16,1.1729
COP2223-097,,ARTS,"Eastern University, Sri Lanka",POLONNARUWA,1.1729,value,4,16,1.1729
COP2223-097,,ARTS,"Eastern University, Sri Lanka",BADULLA,1.1729,value,4,16,1.1729
COP2223-097,,ARTS,"Eastern University, Sri Lanka",MONARAGALA,1.1729,value,4,16,1.1729
COP2223-097,,ARTS,"Eastern University, Sri Lanka",KEGALLE,1.1729,value,4,16,1.1729
COP2223-097,,ARTS,"Eastern University, Sri Lanka",RATNAPURA,1.1729,value,4,16,1.1729
COP2223-098,,ARTS,South Eastern University of Sri Lanka,COLOMBO,1.3144,value,4,17,1.3144
COP2223-098,,ARTS,South Eastern University of Sri Lanka,GAMPAHA,1.3144,value,4,17,1.3144
COP2223-098,,ARTS,South Eastern University of Sri Lanka,KALUTARA,1.3144,value,4,17,1.3144
COP2223-098,,ARTS,South Eastern University of Sri Lanka,MATALE,1.3144,value,4,17,1.3144
COP2223-098,,ARTS,South Eastern University of Sri Lanka,KANDY,1.3144,value,4,17,1.3144
COP2223-098,,ARTS,South Eastern University of Sri Lanka,NUWARA ELIYA,1.3144,value,4,17,1.3144
COP2223-098,,ARTS,South Eastern University of Sri Lanka,GALLE,1.3144,value,4,17,1.3144
COP2223-098,,ARTS,South Eastern University of Sri Lanka,MATARA,1.3144,value,4,17,1.3144
COP2223-098,,ARTS,South Eastern University of Sri Lanka,HAMBANTOTA,1.3144,value,4,17,1.3144
COP2223-098,,ARTS,South Eastern University of Sri Lanka,JAFFNA,1.3144,value,4,17,1.3144
COP2223-098,,ARTS,South Eastern University of Sri Lanka,KILINOCHCHI,1.3144,value,4,17,1.3144
COP2223-098,,ARTS,South Eastern University of Sri Lanka,MANNAR,1.3144,value,4,17,1.3144
COP2223-098,,ARTS,South Eastern University of Sri Lanka,MULLAITIVU,1.3144,value,4,17,1.3144
COP2223-098,,ARTS,South Eastern University of Sri Lanka,VAVUNIYA,1.3144,value,4,17,1.3144
COP2223-098,,ARTS,South Eastern University of Sri Lanka,TRINCOMALEE,1.3144,value,4,17,1.3144
COP2223-098,,ARTS,South Eastern University of Sri Lanka,BATTICALOA,1.3144,value,4,17,1.3144
COP2223-098,,ARTS,South Eastern University of Sri Lanka,AMPARA,1.3144,value,4,17,1.3144
COP2223-098,,ARTS,South Eastern University of Sri Lanka,PUTTALAM,1.3144,value,4,17,1.3144
COP2223-098,,ARTS,South Eastern University of Sri Lanka,KURUNEGALA,1.3144,value,4,17,1.3144
COP2223-098,,ARTS,South Eastern University of Sri Lanka,ANURADHAPURA,1.3144,value,4,17,1.3144
COP2223-098,,ARTS,South Eastern University of Sri Lanka,POLONNARUWA,1.3144,value,4,17,1.3144
COP2223-098,,ARTS,South Eastern University of Sri Lanka,BADULLA,1.3144,value,4,17,1.3144
COP2223-098,,ARTS,South Eastern University of Sri Lanka,MONARAGALA,1.3144,value,4,17,1.3144
COP2223-098,,ARTS,South Eastern University of Sri Lanka,KEGALLE,1.3144,value,4,17,1.3144
COP2223-098,,ARTS,South Eastern University of Sri Lanka,RATNAPURA,1.3144,value,4,17,1.3144
COP2223-099,,ARTS,Rajarata University of Sri Lanka,COLOMBO,1.3190,value,4,18,1.3190
COP2223-099,,ARTS,Rajarata University of Sri Lanka,GAMPAHA,1.3190,value,4,18,1.3190
COP2223-099,,ARTS,Rajarata University of Sri Lanka,KALUTARA,1.3190,value,4,18,1.3190
COP2223-099,,ARTS,Rajarata University of Sri Lanka,MATALE,1.3190,value,4,18,1.3190
COP2223-099,,ARTS,Rajarata University of Sri Lanka,KANDY,1.3190,value,4,18,1.3190
COP2223-099,,ARTS,Rajarata University of Sri Lanka,NUWARA ELIYA,1.3190,value,4,18,1.3190
COP2223-099,,ARTS,Rajarata University of Sri Lanka,GALLE,1.3190,value,4,18,1.3190
COP2223-099,,ARTS,Rajarata University of Sri Lanka,MATARA,1.3190,value,4,18,1.3190
COP2223-099,,ARTS,Rajarata University of Sri Lanka,HAMBANTOTA,1.3190,value,4,18,1.3190
COP2223-099,,ARTS,Rajarata University of Sri Lanka,JAFFNA,1.3190,value,4,18,1.3190
COP2223-099,,ARTS,Rajarata University of Sri Lanka,KILINOCHCHI,1.3190,value,4,18,1.3190
COP2223-099,,ARTS,Rajarata University of Sri Lanka,MANNAR,1.3190,value,4,18,1.3190
COP2223-099,,ARTS,Rajarata University of Sri Lanka,MULLAITIVU,1.3190,value,4,18,1.3190
COP2223-099,,ARTS,Rajarata University of Sri Lanka,VAVUNIYA,1.3190,value,4,18,1.3190
COP2223-099,,ARTS,Rajarata University of Sri Lanka,TRINCOMALEE,1.3190,value,4,18,1.3190
COP2223-099,,ARTS,Rajarata University of Sri Lanka,BATTICALOA,1.3190,value,4,18,1.3190
COP2223-099,,ARTS,Rajarata University of Sri Lanka,AMPARA,1.3190,value,4,18,1.3190
COP2223-099,,ARTS,Rajarata University of Sri Lanka,PUTTALAM,1.3190,value,4,18,1.3190
COP2223-099,,ARTS,Rajarata University of Sri Lanka,KURUNEGALA,1.3190,value,4,18,1.3190
COP2223-099,,ARTS,Rajarata University of Sri Lanka,ANURADHAPURA,1.3190,value,4,18,1.3190
COP2223-099,,ARTS,Rajarata University of Sri Lanka,POLONNARUWA,1.3190,value,4,18,1.3190
COP2223-099,,ARTS,Rajarata University of Sri Lanka,BADULLA,1.3190,value,4,18,1.3190
COP2223-099,,ARTS,Rajarata University of Sri Lanka,MONARAGALA,1.3190,value,4,18,1.3190
COP2223-099,,ARTS,Rajarata University of Sri Lanka,KEGALLE,1.3190,value,4,18,1.3190
COP2223-099,,ARTS,Rajarata University of Sri Lanka,RATNAPURA,1.3190,value,4,18,1.3190
COP2223-100,,ARTS (SP) / MASS MEDIA,University of Colombo - Sri Palee Campus,COLOMBO,1.2114,value,4,19,1.2114
COP2223-100,,ARTS (SP) / MASS MEDIA,University of Colombo - Sri Palee Campus,GAMPAHA,1.2114,value,4,19,1.2114
COP2223-100,,ARTS (SP) / MASS MEDIA,University of Colombo - Sri Palee Campus,KALUTARA,1.2114,value,4,19,1.2114
COP2223-100,,ARTS (SP) / MASS MEDIA,University of Colombo - Sri Palee Campus,MATALE,1.2114,value,4,19,1.2114
COP2223-100,,ARTS (SP) / MASS MEDIA,University of Colombo - Sri Palee Campus,KANDY,1.2114,value,4,19,1.2114
COP2223-100,,ARTS (SP) / MASS MEDIA,University of Colombo - Sri Palee Campus,NUWARA ELIYA,1.2114,value,4,19,1.2114
COP2223-100,,ARTS (SP) / MASS MEDIA,University of Colombo - Sri Palee Campus,GALLE,1.2114,value,4,19,1.2114
COP2223-100,,ARTS (SP) / MASS MEDIA,University of Colombo - Sri Palee Campus,MATARA,1.2114,value,4,19,1.2114
COP2223-100,,ARTS (SP) / MASS MEDIA,University of Colombo - Sri Palee Campus,HAMBANTOTA,1.2114,value,4,19,1.2114
COP2223-100,,ARTS (SP) / MASS MEDIA,University of Colombo - Sri Palee Campus,JAFFNA,1.2114,value,4,19,1.2114
COP2223-100,,ARTS (SP) / MASS MEDIA,University of Colombo - Sri Palee Campus,KILINOCHCHI,1.2114,value,4,19,1.2114
COP2223-100,,ARTS (SP) / MASS MEDIA,University of Colombo - Sri Palee Campus,MANNAR,1.2114,value,4,19,1.2114
COP2223-100,,ARTS (SP) / MASS MEDIA,University of Colombo - Sri Palee Campus,MULLAITIVU,1.2114,value,4,19,1.2114
COP2223-100,,ARTS (SP) / MASS MEDIA,University of Colombo - Sri Palee Campus,VAVUNIYA,1.2114,value,4,19,1.2114
COP2223-100,,ARTS (SP) / MASS MEDIA,University of Colombo - Sri Palee Campus,TRINCOMALEE,1.2114,value,4,19,1.2114
COP2223-100,,ARTS (SP) / MASS MEDIA,University of Colombo - Sri Palee Campus,BATTICALOA,1.2114,value,4,19,1.2114
COP2223-100,,ARTS (SP) / MASS MEDIA,University of Colombo - Sri Palee Campus,AMPARA,1.2114,value,4,19,1.2114
COP2223-100,,ARTS (SP) / MASS MEDIA,University of Colombo - Sri Palee Campus,PUTTALAM,1.2114,value,4,19,1.2114
COP2223-100,,ARTS (SP) / MASS MEDIA,University of Colombo - Sri Palee Campus,KURUNEGALA,1.2114,value,4,19,1.2114
COP2223-100,,ARTS (SP) / MASS MEDIA,University of Colombo - Sri Palee Campus,ANURADHAPURA,1.2114,value,4,19,1.2114
COP2223-100,,ARTS (SP) / MASS MEDIA,University of Colombo - Sri Palee Campus,POLONNARUWA,1.2114,value,4,19,1.2114
COP2223-100,,ARTS (SP) / MASS MEDIA,University of Colombo - Sri Palee Campus,BADULLA,1.2114,value,4,19,1.2114
COP2223-100,,ARTS (SP) / MASS MEDIA,University of Colombo - Sri Palee Campus,MONARAGALA,1.2114,value,4,19,1.2114
COP2223-100,,ARTS (SP) / MASS MEDIA,University of Colombo - Sri Palee Campus,KEGALLE,1.2114,value,4,19,1.2114
COP2223-100,,ARTS (SP) / MASS MEDIA,University of Colombo - Sri Palee Campus,RATNAPURA,1.2114,value,4,19,1.2114
COP2223-101,,ARTS (SP) / PERFORMING ARTS,University of Colombo - Sri Palee Campus,COLOMBO,1.0876,value,4,20,1.0876
COP2223-101,,ARTS (SP) / PERFORMING ARTS,University of Colombo - Sri Palee Campus,GAMPAHA,1.0876,value,4,20,1.0876
COP2223-101,,ARTS (SP) / PERFORMING ARTS,University of Colombo - Sri Palee Campus,KALUTARA,1.0876,value,4,20,1.0876
COP2223-101,,ARTS (SP) / PERFORMING ARTS,University of Colombo - Sri Palee Campus,MATALE,1.0876,value,4,20,1.0876
COP2223-101,,ARTS (SP) / PERFORMING ARTS,University of Colombo - Sri Palee Campus,KANDY,1.0876,value,4,20,1.0876
COP2223-101,,ARTS (SP) / PERFORMING ARTS,University of Colombo - Sri Palee Campus,NUWARA ELIYA,1.0876,value,4,20,1.0876
COP2223-101,,ARTS (SP) / PERFORMING ARTS,University of Colombo - Sri Palee Campus,GALLE,1.0876,value,4,20,1.0876
COP2223-101,,ARTS (SP) / PERFORMING ARTS,University of Colombo - Sri Palee Campus,MATARA,1.0876,value,4,20,1.0876
COP2223-101,,ARTS (SP) / PERFORMING ARTS,University of Colombo - Sri Palee Campus,HAMBANTOTA,1.0876,value,4,20,1.0876
COP2223-101,,ARTS (SP) / PERFORMING ARTS,University of Colombo - Sri Palee Campus,JAFFNA,1.0876,value,4,20,1.0876
COP2223-101,,ARTS (SP) / PERFORMING ARTS,University of Colombo - Sri Palee Campus,KILINOCHCHI,1.0876,value,4,20,1.0876
COP2223-101,,ARTS (SP) / PERFORMING ARTS,University of Colombo - Sri Palee Campus,MANNAR,1.0876,value,4,20,1.0876
COP2223-101,,ARTS (SP) / PERFORMING ARTS,University of Colombo - Sri Palee Campus,MULLAITIVU,1.0876,value,4,20,1.0876
COP2223-101,,ARTS (SP) / PERFORMING ARTS,University of Colombo - Sri Palee Campus,VAVUNIYA,1.0876,value,4,20,1.0876
COP2223-101,,ARTS (SP) / PERFORMING ARTS,University of Colombo - Sri Palee Campus,TRINCOMALEE,1.0876,value,4,20,1.0876
COP2223-101,,ARTS (SP) / PERFORMING ARTS,University of Colombo - Sri Palee Campus,BATTICALOA,1.0876,value,4,20,1.0876
COP2223-101,,ARTS (SP) / PERFORMING ARTS,University of Colombo - Sri Palee Campus,AMPARA,1.0876,value,4,20,1.0876
COP2223-101,,ARTS (SP) / PERFORMING ARTS,University of Colombo - Sri Palee Campus,PUTTALAM,1.0876,value,4,20,1.0876
COP2223-101,,ARTS (SP) / PERFORMING ARTS,University of Colombo - Sri Palee Campus,KURUNEGALA,1.0876,value,4,20,1.0876
COP2223-101,,ARTS (SP) / PERFORMING ARTS,University of Colombo - Sri Palee Campus,ANURADHAPURA,1.0876,value,4,20,1.0876
COP2223-101,,ARTS (SP) / PERFORMING ARTS,University of Colombo - Sri Palee Campus,POLONNARUWA,1.0876,value,4,20,1.0876
COP2223-101,,ARTS (SP) / PERFORMING ARTS,University of Colombo - Sri Palee Campus,BADULLA,1.0876,value,4,20,1.0876
COP2223-101,,ARTS (SP) / PERFORMING ARTS,University of Colombo - Sri Palee Campus,MONARAGALA,1.0876,value,4,20,1.0876
COP2223-101,,ARTS (SP) / PERFORMING ARTS,University of Colombo - Sri Palee Campus,KEGALLE,1.0876,value,4,20,1.0876
COP2223-101,,ARTS (SP) / PERFORMING ARTS,University of Colombo - Sri Palee Campus,RATNAPURA,1.0876,value,4,20,1.0876
COP2223-102,,ARTS (SAB) - A [Arts Stream],Sabaragamuwa University of Sri Lanka,COLOMBO,1.4045,value,4,21,1.4045
COP2223-102,,ARTS (SAB) - A [Arts Stream],Sabaragamuwa University of Sri Lanka,GAMPAHA,1.4045,value,4,21,1.4045
COP2223-102,,ARTS (SAB) - A [Arts Stream],Sabaragamuwa University of Sri Lanka,KALUTARA,1.4045,value,4,21,1.4045
COP2223-102,,ARTS (SAB) - A [Arts Stream],Sabaragamuwa University of Sri Lanka,MATALE,1.4045,value,4,21,1.4045
COP2223-102,,ARTS (SAB) - A [Arts Stream],Sabaragamuwa University of Sri Lanka,KANDY,1.4045,value,4,21,1.4045
COP2223-102,,ARTS (SAB) - A [Arts Stream],Sabaragamuwa University of Sri Lanka,NUWARA ELIYA,1.4045,value,4,21,1.4045
COP2223-102,,ARTS (SAB) - A [Arts Stream],Sabaragamuwa University of Sri Lanka,GALLE,1.4045,value,4,21,1.4045
COP2223-102,,ARTS (SAB) - A [Arts Stream],Sabaragamuwa University of Sri Lanka,MATARA,1.4045,value,4,21,1.4045
COP2223-102,,ARTS (SAB) - A [Arts Stream],Sabaragamuwa University of Sri Lanka,HAMBANTOTA,1.4045,value,4,21,1.4045
COP2223-102,,ARTS (SAB) - A [Arts Stream],Sabaragamuwa University of Sri Lanka,JAFFNA,1.4045,value,4,21,1.4045
COP2223-102,,ARTS (SAB) - A [Arts Stream],Sabaragamuwa University of Sri Lanka,KILINOCHCHI,1.4045,value,4,21,1.4045
COP2223-102,,ARTS (SAB) - A [Arts Stream],Sabaragamuwa University of Sri Lanka,MANNAR,1.4045,value,4,21,1.4045
COP2223-102,,ARTS (SAB) - A [Arts Stream],Sabaragamuwa University of Sri Lanka,MULLAITIVU,1.4045,value,4,21,1.4045
COP2223-102,,ARTS (SAB) - A [Arts Stream],Sabaragamuwa University of Sri Lanka,VAVUNIYA,1.4045,value,4,21,1.4045
COP2223-102,,ARTS (SAB) - A [Arts Stream],Sabaragamuwa University of Sri Lanka,TRINCOMALEE,1.4045,value,4,21,1.4045
COP2223-102,,ARTS (SAB) - A [Arts Stream],Sabaragamuwa University of Sri Lanka,BATTICALOA,1.4045,value,4,21,1.4045
COP2223-102,,ARTS (SAB) - A [Arts Stream],Sabaragamuwa University of Sri Lanka,AMPARA,1.4045,value,4,21,1.4045
COP2223-102,,ARTS (SAB) - A [Arts Stream],Sabaragamuwa University of Sri Lanka,PUTTALAM,1.4045,value,4,21,1.4045
COP2223-102,,ARTS (SAB) - A [Arts Stream],Sabaragamuwa University of Sri Lanka,KURUNEGALA,1.4045,value,4,21,1.4045
COP2223-102,,ARTS (SAB) - A [Arts Stream],Sabaragamuwa University of Sri Lanka,ANURADHAPURA,1.4045,value,4,21,1.4045
COP2223-102,,ARTS (SAB) - A [Arts Stream],Sabaragamuwa University of Sri Lanka,POLONNARUWA,1.4045,value,4,21,1.4045
COP2223-102,,ARTS (SAB) - A [Arts Stream],Sabaragamuwa University of Sri Lanka,BADULLA,1.4045,value,4,21,1.4045
COP2223-102,,ARTS (SAB) - A [Arts Stream],Sabaragamuwa University of Sri Lanka,MONARAGALA,1.4045,value,4,21,1.4045
COP2223-102,,ARTS (SAB) - A [Arts Stream],Sabaragamuwa University of Sri Lanka,KEGALLE,1.4045,value,4,21,1.4045
COP2223-102,,ARTS (SAB) - A [Arts Stream],Sabaragamuwa University of Sri Lanka,RATNAPURA,1.4045,value,4,21,1.4045
COP2223-103,,ARTS (SAB) - B [Commerce Stream],Sabaragamuwa University of Sri Lanka,COLOMBO,1.2185,value,4,22,1.2185
COP2223-103,,ARTS (SAB) - B [Commerce Stream],Sabaragamuwa University of Sri Lanka,GAMPAHA,1.2185,value,4,22,1.2185
COP2223-103,,ARTS (SAB) - B [Commerce Stream],Sabaragamuwa University of Sri Lanka,KALUTARA,1.2185,value,4,22,1.2185
COP2223-103,,ARTS (SAB) - B [Commerce Stream],Sabaragamuwa University of Sri Lanka,MATALE,1.2185,value,4,22,1.2185
COP2223-103,,ARTS (SAB) - B [Commerce Stream],Sabaragamuwa University of Sri Lanka,KANDY,1.2185,value,4,22,1.2185
COP2223-103,,ARTS (SAB) - B [Commerce Stream],Sabaragamuwa University of Sri Lanka,NUWARA ELIYA,1.2185,value,4,22,1.2185
COP2223-103,,ARTS (SAB) - B [Commerce Stream],Sabaragamuwa University of Sri Lanka,GALLE,1.2185,value,4,22,1.2185
COP2223-103,,ARTS (SAB) - B [Commerce Stream],Sabaragamuwa University of Sri Lanka,MATARA,1.2185,value,4,22,1.2185
COP2223-103,,ARTS (SAB) - B [Commerce Stream],Sabaragamuwa University of Sri Lanka,HAMBANTOTA,1.2185,value,4,22,1.2185
COP2223-103,,ARTS (SAB) - B [Commerce Stream],Sabaragamuwa University of Sri Lanka,JAFFNA,1.2185,value,4,22,1.2185
COP2223-103,,ARTS (SAB) - B [Commerce Stream],Sabaragamuwa University of Sri Lanka,KILINOCHCHI,1.2185,value,4,22,1.2185
COP2223-103,,ARTS (SAB) - B [Commerce Stream],Sabaragamuwa University of Sri Lanka,MANNAR,1.2185,value,4,22,1.2185
COP2223-103,,ARTS (SAB) - B [Commerce Stream],Sabaragamuwa University of Sri Lanka,MULLAITIVU,1.2185,value,4,22,1.2185
COP2223-103,,ARTS (SAB) - B [Commerce Stream],Sabaragamuwa University of Sri Lanka,VAVUNIYA,1.2185,value,4,22,1.2185
COP2223-103,,ARTS (SAB) - B [Commerce Stream],Sabaragamuwa University of Sri Lanka,TRINCOMALEE,1.2185,value,4,22,1.2185
COP2223-103,,ARTS (SAB) - B [Commerce Stream],Sabaragamuwa University of Sri Lanka,BATTICALOA,1.2185,value,4,22,1.2185
COP2223-103,,ARTS (SAB) - B [Commerce Stream],Sabaragamuwa University of Sri Lanka,AMPARA,1.2185,value,4,22,1.2185
COP2223-103,,ARTS (SAB) - B [Commerce Stream],Sabaragamuwa University of Sri Lanka,PUTTALAM,1.2185,value,4,22,1.2185
COP2223-103,,ARTS (SAB) - B [Commerce Stream],Sabaragamuwa University of Sri Lanka,KURUNEGALA,1.2185,value,4,22,1.2185
COP2223-103,,ARTS (SAB) - B [Commerce Stream],Sabaragamuwa University of Sri Lanka,ANURADHAPURA,1.2185,value,4,22,1.2185
COP2223-103,,ARTS (SAB) - B [Commerce Stream],Sabaragamuwa University of Sri Lanka,POLONNARUWA,1.2185,value,4,22,1.2185
COP2223-103,,ARTS (SAB) - B [Commerce Stream],Sabaragamuwa University of Sri Lanka,BADULLA,1.2185,value,4,22,1.2185
COP2223-103,,ARTS (SAB) - B [Commerce Stream],Sabaragamuwa University of Sri Lanka,MONARAGALA,1.2185,value,4,22,1.2185
COP2223-103,,ARTS (SAB) - B [Commerce Stream],Sabaragamuwa University of Sri Lanka,KEGALLE,1.2185,value,4,22,1.2185
COP2223-103,,ARTS (SAB) - B [Commerce Stream],Sabaragamuwa University of Sri Lanka,RATNAPURA,1.2185,value,4,22,1.2185
COP2223-104,,ARTS-INFORMATION TECHNOLOGY,University of Sri Jayewardenepura,COLOMBO,1.8484,value,4,23,1.8484
COP2223-104,,ARTS-INFORMATION TECHNOLOGY,University of Sri Jayewardenepura,GAMPAHA,1.8484,value,4,23,1.8484
COP2223-104,,ARTS-INFORMATION TECHNOLOGY,University of Sri Jayewardenepura,KALUTARA,1.8484,value,4,23,1.8484
COP2223-104,,ARTS-INFORMATION TECHNOLOGY,University of Sri Jayewardenepura,MATALE,1.8484,value,4,23,1.8484
COP2223-104,,ARTS-INFORMATION TECHNOLOGY,University of Sri Jayewardenepura,KANDY,1.8484,value,4,23,1.8484
COP2223-104,,ARTS-INFORMATION TECHNOLOGY,University of Sri Jayewardenepura,NUWARA ELIYA,1.8484,value,4,23,1.8484
COP2223-104,,ARTS-INFORMATION TECHNOLOGY,University of Sri Jayewardenepura,GALLE,1.8484,value,4,23,1.8484
COP2223-104,,ARTS-INFORMATION TECHNOLOGY,University of Sri Jayewardenepura,MATARA,1.8484,value,4,23,1.8484
COP2223-104,,ARTS-INFORMATION TECHNOLOGY,University of Sri Jayewardenepura,HAMBANTOTA,1.8484,value,4,23,1.8484
COP2223-104,,ARTS-INFORMATION TECHNOLOGY,University of Sri Jayewardenepura,JAFFNA,1.8484,value,4,23,1.8484
COP2223-104,,ARTS-INFORMATION TECHNOLOGY,University of Sri Jayewardenepura,KILINOCHCHI,1.8484,value,4,23,1.8484
COP2223-104,,ARTS-INFORMATION TECHNOLOGY,University of Sri Jayewardenepura,MANNAR,1.8484,value,4,23,1.8484
COP2223-104,,ARTS-INFORMATION TECHNOLOGY,University of Sri Jayewardenepura,MULLAITIVU,1.8484,value,4,23,1.8484
COP2223-104,,ARTS-INFORMATION TECHNOLOGY,University of Sri Jayewardenepura,VAVUNIYA,1.8484,value,4,23,1.8484
COP2223-104,,ARTS-INFORMATION TECHNOLOGY,University of Sri Jayewardenepura,TRINCOMALEE,1.8484,value,4,23,1.8484
COP2223-104,,ARTS-INFORMATION TECHNOLOGY,University of Sri Jayewardenepura,BATTICALOA,1.8484,value,4,23,1.8484
COP2223-104,,ARTS-INFORMATION TECHNOLOGY,University of Sri Jayewardenepura,AMPARA,1.8484,value,4,23,1.8484
COP2223-104,,ARTS-INFORMATION TECHNOLOGY,University of Sri Jayewardenepura,PUTTALAM,1.8484,value,4,23,1.8484
COP2223-104,,ARTS-INFORMATION TECHNOLOGY,University of Sri Jayewardenepura,KURUNEGALA,1.8484,value,4,23,1.8484
COP2223-104,,ARTS-INFORMATION TECHNOLOGY,University of Sri Jayewardenepura,ANURADHAPURA,1.8484,value,4,23,1.8484
COP2223-104,,ARTS-INFORMATION TECHNOLOGY,University of Sri Jayewardenepura,POLONNARUWA,1.8484,value,4,23,1.8484
COP2223-104,,ARTS-INFORMATION TECHNOLOGY,University of Sri Jayewardenepura,BADULLA,1.8484,value,4,23,1.8484
COP2223-104,,ARTS-INFORMATION TECHNOLOGY,University of Sri Jayewardenepura,MONARAGALA,1.8484,value,4,23,1.8484
COP2223-104,,ARTS-INFORMATION TECHNOLOGY,University of Sri Jayewardenepura,KEGALLE,1.8484,value,4,23,1.8484
COP2223-104,,ARTS-INFORMATION TECHNOLOGY,University of Sri Jayewardenepura,RATNAPURA,1.8484,value,4,23,1.8484
COP2223-105,,AQUATIC BIORESOURCES,University of Sri Jayewardenepura,COLOMBO,0.9271,value,4,24,0.9271
COP2223-105,,AQUATIC BIORESOURCES,University of Sri Jayewardenepura,GAMPAHA,0.7695,value,4,24,0.7695
COP2223-105,,AQUATIC BIORESOURCES,University of Sri Jayewardenepura,KALUTARA,1.0194,value,4,24,1.0194
COP2223-105,,AQUATIC BIORESOURCES,University of Sri Jayewardenepura,MATALE,0.6803,value,4,24,0.6803
COP2223-105,,AQUATIC BIORESOURCES,University of Sri Jayewardenepura,KANDY,0.9049,value,4,24,0.9049
COP2223-105,,AQUATIC BIORESOURCES,University of Sri Jayewardenepura,NUWARA ELIYA,0.6563,value,4,24,0.6563
COP2223-105,,AQUATIC BIORESOURCES,University of Sri Jayewardenepura,GALLE,0.9275,value,4,24,0.9275
COP2223-105,,AQUATIC BIORESOURCES,University of Sri Jayewardenepura,MATARA,0.9528,value,4,24,0.9528
COP2223-105,,AQUATIC BIORESOURCES,University of Sri Jayewardenepura,HAMBANTOTA,0.9054,value,4,24,0.9054
COP2223-105,,AQUATIC BIORESOURCES,University of Sri Jayewardenepura,JAFFNA,0.9949,value,4,24,0.9949
COP2223-105,,AQUATIC BIORESOURCES,University of Sri Jayewardenepura,KILINOCHCHI,0.3307,value,4,24,0.3307
COP2223-105,,AQUATIC BIORESOURCES,University of Sri Jayewardenepura,MANNAR,0.8365,value,4,24,0.8365
COP2223-105,,AQUATIC BIORESOURCES,University of Sri Jayewardenepura,MULLAITIVU,0.4195,value,4,24,0.4195
COP2223-105,,AQUATIC BIORESOURCES,University of Sri Jayewardenepura,VAVUNIYA,0.7592,value,4,24,0.7592
COP2223-105,,AQUATIC BIORESOURCES,University of Sri Jayewardenepura,TRINCOMALEE,1.0166,value,4,24,1.0166
COP2223-105,,AQUATIC BIORESOURCES,University of Sri Jayewardenepura,BATTICALOA,1.0006,value,4,24,1.0006
COP2223-105,,AQUATIC BIORESOURCES,University of Sri Jayewardenepura,AMPARA,0.7969,value,4,24,0.7969
COP2223-105,,AQUATIC BIORESOURCES,University of Sri Jayewardenepura,PUTTALAM,0.7097,value,4,24,0.7097
COP2223-105,,AQUATIC BIORESOURCES,University of Sri Jayewardenepura,KURUNEGALA,0.9248,value,4,24,0.9248
COP2223-105,,AQUATIC BIORESOURCES,University of Sri Jayewardenepura,ANURADHAPURA,0.5820,value,4,24,0.5820
COP2223-105,,AQUATIC BIORESOURCES,University of Sri Jayewardenepura,POLONNARUWA,0.4012,value,4,24,0.4012
COP2223-105,,AQUATIC BIORESOURCES,University of Sri Jayewardenepura,BADULLA,0.8145,value,4,24,0.8145
COP2223-105,,AQUATIC BIORESOURCES,University of Sri Jayewardenepura,MONARAGALA,0.8972,value,4,24,0.8972
COP2223-105,,AQUATIC BIORESOURCES,University of Sri Jayewardenepura,KEGALLE,0.8502,value,4,24,0.8502
COP2223-105,,AQUATIC BIORESOURCES,University of Sri Jayewardenepura,RATNAPURA,0.9760,value,4,24,0.9760
COP2223-106,,URBAN BIORESOURCES,University of Sri Jayewardenepura,COLOMBO,0.7891,value,4,25,0.7891
COP2223-106,,URBAN BIORESOURCES,University of Sri Jayewardenepura,GAMPAHA,0.7556,value,4,25,0.7556
COP2223-106,,URBAN BIORESOURCES,University of Sri Jayewardenepura,KALUTARA,0.8140,value,4,25,0.8140
COP2223-106,,URBAN BIORESOURCES,University of Sri Jayewardenepura,MATALE,0.6335,value,4,25,0.6335
COP2223-106,,URBAN BIORESOURCES,University of Sri Jayewardenepura,KANDY,0.7766,value,4,25,0.7766
COP2223-106,,URBAN BIORESOURCES,University of Sri Jayewardenepura,NUWARA ELIYA,0.8008,value,4,25,0.8008
COP2223-106,,URBAN BIORESOURCES,University of Sri Jayewardenepura,GALLE,0.8782,value,4,25,0.8782
COP2223-106,,URBAN BIORESOURCES,University of Sri Jayewardenepura,MATARA,0.7989,value,4,25,0.7989
COP2223-106,,URBAN BIORESOURCES,University of Sri Jayewardenepura,HAMBANTOTA,0.8160,value,4,25,0.8160
COP2223-106,,URBAN BIORESOURCES,University of Sri Jayewardenepura,JAFFNA,0.6890,value,4,25,0.6890
COP2223-106,,URBAN BIORESOURCES,University of Sri Jayewardenepura,KILINOCHCHI,0.3022,value,4,25,0.3022
COP2223-106,,URBAN BIORESOURCES,University of Sri Jayewardenepura,MANNAR,0.2125,value,4,25,0.2125
COP2223-106,,URBAN BIORESOURCES,University of Sri Jayewardenepura,MULLAITIVU,0.2226,value,4,25,0.2226
COP2223-106,,URBAN BIORESOURCES,University of Sri Jayewardenepura,VAVUNIYA,0.7938,value,4,25,0.7938
COP2223-106,,URBAN BIORESOURCES,University of Sri Jayewardenepura,TRINCOMALEE,0.7425,value,4,25,0.7425
COP2223-106,,URBAN BIORESOURCES,University of Sri Jayewardenepura,BATTICALOA,0.7491,value,4,25,0.7491
COP2223-106,,URBAN BIORESOURCES,University of Sri Jayewardenepura,AMPARA,0.7235,value,4,25,0.7235
COP2223-106,,URBAN BIORESOURCES,University of Sri Jayewardenepura,PUTTALAM,0.5615,value,4,25,0.5615
COP2223-106,,URBAN BIORESOURCES,University of Sri Jayewardenepura,KURUNEGALA,0.8714,value,4,25,0.8714
COP2223-106,,URBAN BIORESOURCES,University of Sri Jayewardenepura,ANURADHAPURA,0.5738,value,4,25,0.5738
COP2223-106,,URBAN BIORESOURCES,University of Sri Jayewardenepura,POLONNARUWA,0.5088,value,4,25,0.5088
COP2223-106,,URBAN BIORESOURCES,University of Sri Jayewardenepura,BADULLA,0.7917,value,4,25,0.7917
COP2223-106,,URBAN BIORESOURCES,University of Sri Jayewardenepura,MONARAGALA,0.7331,value,4,25,0.7331
COP2223-106,,URBAN BIORESOURCES,University of Sri Jayewardenepura,KEGALLE,0.8456,value,4,25,0.8456
COP2223-106,,URBAN BIORESOURCES,University of Sri Jayewardenepura,RATNAPURA,0.8792,value,4,25,0.8792
COP2223-107,,SOCIAL WORK,University of Peradeniya,COLOMBO,1.8014,value,4,26,1.8014
COP2223-107,,SOCIAL WORK,University of Peradeniya,GAMPAHA,1.8014,value,4,26,1.8014
COP2223-107,,SOCIAL WORK,University of Peradeniya,KALUTARA,1.8014,value,4,26,1.8014
COP2223-107,,SOCIAL WORK,University of Peradeniya,MATALE,1.8014,value,4,26,1.8014
COP2223-107,,SOCIAL WORK,University of Peradeniya,KANDY,1.8014,value,4,26,1.8014
COP2223-107,,SOCIAL WORK,University of Peradeniya,NUWARA ELIYA,1.8014,value,4,26,1.8014
COP2223-107,,SOCIAL WORK,University of Peradeniya,GALLE,1.8014,value,4,26,1.8014
COP2223-107,,SOCIAL WORK,University of Peradeniya,MATARA,1.8014,value,4,26,1.8014
COP2223-107,,SOCIAL WORK,University of Peradeniya,HAMBANTOTA,1.8014,value,4,26,1.8014
COP2223-107,,SOCIAL WORK,University of Peradeniya,JAFFNA,1.8014,value,4,26,1.8014
COP2223-107,,SOCIAL WORK,University of Peradeniya,KILINOCHCHI,1.8014,value,4,26,1.8014
COP2223-107,,SOCIAL WORK,University of Peradeniya,MANNAR,1.8014,value,4,26,1.8014
COP2223-107,,SOCIAL WORK,University of Peradeniya,MULLAITIVU,1.8014,value,4,26,1.8014
COP2223-107,,SOCIAL WORK,University of Peradeniya,VAVUNIYA,1.8014,value,4,26,1.8014
COP2223-107,,SOCIAL WORK,University of Peradeniya,TRINCOMALEE,1.8014,value,4,26,1.8014
COP2223-107,,SOCIAL WORK,University of Peradeniya,BATTICALOA,1.8014,value,4,26,1.8014
COP2223-107,,SOCIAL WORK,University of Peradeniya,AMPARA,1.8014,value,4,26,1.8014
COP2223-107,,SOCIAL WORK,University of Peradeniya,PUTTALAM,1.8014,value,4,26,1.8014
COP2223-107,,SOCIAL WORK,University of Peradeniya,KURUNEGALA,1.8014,value,4,26,1.8014
COP2223-107,,SOCIAL WORK,University of Peradeniya,ANURADHAPURA,1.8014,value,4,26,1.8014
COP2223-107,,SOCIAL WORK,University of Peradeniya,POLONNARUWA,1.8014,value,4,26,1.8014
COP2223-107,,SOCIAL WORK,University of Peradeniya,BADULLA,1.8014,value,4,26,1.8014
COP2223-107,,SOCIAL WORK,University of Peradeniya,MONARAGALA,1.8014,value,4,26,1.8014
COP2223-107,,SOCIAL WORK,University of Peradeniya,KEGALLE,1.8014,value,4,26,1.8014
COP2223-107,,SOCIAL WORK,University of Peradeniya,RATNAPURA,1.8014,value,4,26,1.8014
COP2223-108,,SOCIAL WORK,University of Jayewardenepura,COLOMBO,1.7223,value,4,27,1.7223
COP2223-108,,SOCIAL WORK,University of Jayewardenepura,GAMPAHA,1.7223,value,4,27,1.7223
COP2223-108,,SOCIAL WORK,University of Jayewardenepura,KALUTARA,1.7223,value,4,27,1.7223
COP2223-108,,SOCIAL WORK,University of Jayewardenepura,MATALE,1.7223,value,4,27,1.7223
COP2223-108,,SOCIAL WORK,University of Jayewardenepura,KANDY,1.7223,value,4,27,1.7223
COP2223-108,,SOCIAL WORK,University of Jayewardenepura,NUWARA ELIYA,1.7223,value,4,27,1.7223
COP2223-108,,SOCIAL WORK,University of Jayewardenepura,GALLE,1.7223,value,4,27,1.7223
COP2223-108,,SOCIAL WORK,University of Jayewardenepura,MATARA,1.7223,value,4,27,1.7223
COP2223-108,,SOCIAL WORK,University of Jayewardenepura,HAMBANTOTA,1.7223,value,4,27,1.7223
COP2223-108,,SOCIAL WORK,University of Jayewardenepura,JAFFNA,1.7223,value,4,27,1.7223
COP2223-108,,SOCIAL WORK,University of Jayewardenepura,KILINOCHCHI,1.7223,value,4,27,1.7223
COP2223-108,,SOCIAL WORK,University of Jayewardenepura,MANNAR,1.7223,value,4,27,1.7223
COP2223-108,,SOCIAL WORK,University of Jayewardenepura,MULLAITIVU,1.7223,value,4,27,1.7223
COP2223-108,,SOCIAL WORK,University of Jayewardenepura,VAVUNIYA,1.7223,value,4,27,1.7223
COP2223-108,,SOCIAL WORK,University of Jayewardenepura,TRINCOMALEE,1.7223,value,4,27,1.7223
COP2223-108,,SOCIAL WORK,University of Jayewardenepura,BATTICALOA,1.7223,value,4,27,1.7223
COP2223-108,,SOCIAL WORK,University of Jayewardenepura,AMPARA,1.7223,value,4,27,1.7223
COP2223-108,,SOCIAL WORK,University of Jayewardenepura,PUTTALAM,1.7223,value,4,27,1.7223
COP2223-108,,SOCIAL WORK,University of Jayewardenepura,KURUNEGALA,1.7223,value,4,27,1.7223
COP2223-108,,SOCIAL WORK,University of Jayewardenepura,ANURADHAPURA,1.7223,value,4,27,1.7223
COP2223-108,,SOCIAL WORK,University of Jayewardenepura,POLONNARUWA,1.7223,value,4,27,1.7223
COP2223-108,,SOCIAL WORK,University of Jayewardenepura,BADULLA,1.7223,value,4,27,1.7223
COP2223-108,,SOCIAL WORK,University of Jayewardenepura,MONARAGALA,1.7223,value,4,27,1.7223
COP2223-108,,SOCIAL WORK,University of Jayewardenepura,KEGALLE,1.7223,value,4,27,1.7223
COP2223-108,,SOCIAL WORK,University of Jayewardenepura,RATNAPURA,1.7223,value,4,27,1.7223
COP2223-109,,HUMAN RESOURCE DEVELOPMENT,Uva Wellassa University of Sri Lanka,COLOMBO,1.4471,value,5,1,1.4471
COP2223-109,,HUMAN RESOURCE DEVELOPMENT,Uva Wellassa University of Sri Lanka,GAMPAHA,1.4873,value,5,1,1.4873
COP2223-109,,HUMAN RESOURCE DEVELOPMENT,Uva Wellassa University of Sri Lanka,KALUTARA,1.5767,value,5,1,1.5767
COP2223-109,,HUMAN RESOURCE DEVELOPMENT,Uva Wellassa University of Sri Lanka,MATALE,1.6141,value,5,1,1.6141
COP2223-109,,HUMAN RESOURCE DEVELOPMENT,Uva Wellassa University of Sri Lanka,KANDY,1.5499,value,5,1,1.5499
COP2223-109,,HUMAN RESOURCE DEVELOPMENT,Uva Wellassa University of Sri Lanka,NUWARA ELIYA,1.6196,value,5,1,1.6196
COP2223-109,,HUMAN RESOURCE DEVELOPMENT,Uva Wellassa University of Sri Lanka,GALLE,1.5356,value,5,1,1.5356
COP2223-109,,HUMAN RESOURCE DEVELOPMENT,Uva Wellassa University of Sri Lanka,MATARA,1.5510,value,5,1,1.5510
COP2223-109,,HUMAN RESOURCE DEVELOPMENT,Uva Wellassa University of Sri Lanka,HAMBANTOTA,1.5173,value,5,1,1.5173
COP2223-109,,HUMAN RESOURCE DEVELOPMENT,Uva Wellassa University of Sri Lanka,JAFFNA,1.4598,value,5,1,1.4598
COP2223-109,,HUMAN RESOURCE DEVELOPMENT,Uva Wellassa University of Sri Lanka,KILINOCHCHI,1.5526,value,5,1,1.5526
COP2223-109,,HUMAN RESOURCE DEVELOPMENT,Uva Wellassa University of Sri Lanka,MANNAR,1.5920,value,5,1,1.5920
COP2223-109,,HUMAN RESOURCE DEVELOPMENT,Uva Wellassa University of Sri Lanka,MULLAITIVU,1.6461,value,5,1,1.6461
COP2223-109,,HUMAN RESOURCE DEVELOPMENT,Uva Wellassa University of Sri Lanka,VAVUNIYA,1.3174,value,5,1,1.3174
COP2223-109,,HUMAN RESOURCE DEVELOPMENT,Uva Wellassa University of Sri Lanka,TRINCOMALEE,1.6698,value,5,1,1.6698
COP2223-109,,HUMAN RESOURCE DEVELOPMENT,Uva Wellassa University of Sri Lanka,BATTICALOA,1.5635,value,5,1,1.5635
COP2223-109,,HUMAN RESOURCE DEVELOPMENT,Uva Wellassa University of Sri Lanka,AMPARA,1.6659,value,5,1,1.6659
COP2223-109,,HUMAN RESOURCE DEVELOPMENT,Uva Wellassa University of Sri Lanka,PUTTALAM,1.5841,value,5,1,1.5841
COP2223-109,,HUMAN RESOURCE DEVELOPMENT,Uva Wellassa University of Sri Lanka,KURUNEGALA,1.6156,value,5,1,1.6156
COP2223-109,,HUMAN RESOURCE DEVELOPMENT,Uva Wellassa University of Sri Lanka,ANURADHAPURA,1.4898,value,5,1,1.4898
COP2223-109,,HUMAN RESOURCE DEVELOPMENT,Uva Wellassa University of Sri Lanka,POLONNARUWA,1.5368,value,5,1,1.5368
COP2223-109,,HUMAN RESOURCE DEVELOPMENT,Uva Wellassa University of Sri Lanka,BADULLA,1.5510,value,5,1,1.5510
COP2223-109,,HUMAN RESOURCE DEVELOPMENT,Uva Wellassa University of Sri Lanka,MONARAGALA,1.6109,value,5,1,1.6109
COP2223-109,,HUMAN RESOURCE DEVELOPMENT,Uva Wellassa University of Sri Lanka,KEGALLE,1.5517,value,5,1,1.5517
COP2223-109,,HUMAN RESOURCE DEVELOPMENT,Uva Wellassa University of Sri Lanka,RATNAPURA,1.6040,value,5,1,1.6040
COP2223-110,,PRIMARY EDUCATION,University of Colombo,COLOMBO,1.5008,value,5,2,1.5008
COP2223-110,,PRIMARY EDUCATION,University of Colombo,GAMPAHA,1.6821,value,5,2,1.6821
COP2223-110,,PRIMARY EDUCATION,University of Colombo,KALUTARA,1.7488,value,5,2,1.7488
COP2223-110,,PRIMARY EDUCATION,University of Colombo,MATALE,1.6264,value,5,2,1.6264
COP2223-110,,PRIMARY EDUCATION,University of Colombo,KANDY,1.4135,value,5,2,1.4135
COP2223-110,,PRIMARY EDUCATION,University of Colombo,NUWARA ELIYA,1.6318,value,5,2,1.6318
COP2223-110,,PRIMARY EDUCATION,University of Colombo,GALLE,1.8038,value,5,2,1.8038
COP2223-110,,PRIMARY EDUCATION,University of Colombo,MATARA,1.7911,value,5,2,1.7911
COP2223-110,,PRIMARY EDUCATION,University of Colombo,HAMBANTOTA,1.7798,value,5,2,1.7798
COP2223-110,,PRIMARY EDUCATION,University of Colombo,JAFFNA,,NQC,5,2,NQC
COP2223-110,,PRIMARY EDUCATION,University of Colombo,KILINOCHCHI,,NQC,5,2,NQC
COP2223-110,,PRIMARY EDUCATION,University of Colombo,MANNAR,,NQC,5,2,NQC
COP2223-110,,PRIMARY EDUCATION,University of Colombo,MULLAITIVU,,NQC,5,2,NQC
COP2223-110,,PRIMARY EDUCATION,University of Colombo,VAVUNIYA,1.6569,value,5,2,1.6569
COP2223-110,,PRIMARY EDUCATION,University of Colombo,TRINCOMALEE,1.4990,value,5,2,1.4990
COP2223-110,,PRIMARY EDUCATION,University of Colombo,BATTICALOA,,NQC,5,2,NQC
COP2223-110,,PRIMARY EDUCATION,University of Colombo,AMPARA,1.4953,value,5,2,1.4953
COP2223-110,,PRIMARY EDUCATION,University of Colombo,PUTTALAM,1.7294,value,5,2,1.7294
COP2223-110,,PRIMARY EDUCATION,University of Colombo,KURUNEGALA,1.8039,value,5,2,1.8039
COP2223-110,,PRIMARY EDUCATION,University of Colombo,ANURADHAPURA,1.6590,value,5,2,1.6590
COP2223-110,,PRIMARY EDUCATION,University of Colombo,POLONNARUWA,1.7729,value,5,2,1.7729
COP2223-110,,PRIMARY EDUCATION,University of Colombo,BADULLA,1.7796,value,5,2,1.7796
COP2223-110,,PRIMARY EDUCATION,University of Colombo,MONARAGALA,1.6893,value,5,2,1.6893
COP2223-110,,PRIMARY EDUCATION,University of Colombo,KEGALLE,1.5968,value,5,2,1.5968
COP2223-110,,PRIMARY EDUCATION,University of Colombo,RATNAPURA,1.7623,value,5,2,1.7623
COP2223-111,,MANAGEMENT STUDIES (TV) - A [Commerce Stream],"University of Vavuniya, Sri Lanka",COLOMBO,1.2271,value,5,3,1.2271
COP2223-111,,MANAGEMENT STUDIES (TV) - A [Commerce Stream],"University of Vavuniya, Sri Lanka",GAMPAHA,1.2283,value,5,3,1.2283
COP2223-111,,MANAGEMENT STUDIES (TV) - A [Commerce Stream],"University of Vavuniya, Sri Lanka",KALUTARA,1.2333,value,5,3,1.2333
COP2223-111,,MANAGEMENT STUDIES (TV) - A [Commerce Stream],"University of Vavuniya, Sri Lanka",MATALE,1.1586,value,5,3,1.1586
COP2223-111,,MANAGEMENT STUDIES (TV) - A [Commerce Stream],"University of Vavuniya, Sri Lanka",KANDY,1.2041,value,5,3,1.2041
COP2223-111,,MANAGEMENT STUDIES (TV) - A [Commerce Stream],"University of Vavuniya, Sri Lanka",NUWARA ELIYA,1.1127,value,5,3,1.1127
COP2223-111,,MANAGEMENT STUDIES (TV) - A [Commerce Stream],"University of Vavuniya, Sri Lanka",GALLE,1.2229,value,5,3,1.2229
COP2223-111,,MANAGEMENT STUDIES (TV) - A [Commerce Stream],"University of Vavuniya, Sri Lanka",MATARA,1.2174,value,5,3,1.2174
COP2223-111,,MANAGEMENT STUDIES (TV) - A [Commerce Stream],"University of Vavuniya, Sri Lanka",HAMBANTOTA,,NQC,5,3,NQC
COP2223-111,,MANAGEMENT STUDIES (TV) - A [Commerce Stream],"University of Vavuniya, Sri Lanka",JAFFNA,,NQC,5,3,NQC
COP2223-111,,MANAGEMENT STUDIES (TV) - A [Commerce Stream],"University of Vavuniya, Sri Lanka",KILINOCHCHI,,NQC,5,3,NQC
COP2223-111,,MANAGEMENT STUDIES (TV) - A [Commerce Stream],"University of Vavuniya, Sri Lanka",MANNAR,,NQC,5,3,NQC
COP2223-111,,MANAGEMENT STUDIES (TV) - A [Commerce Stream],"University of Vavuniya, Sri Lanka",MULLAITIVU,1.2117,value,5,3,1.2117
COP2223-111,,MANAGEMENT STUDIES (TV) - A [Commerce Stream],"University of Vavuniya, Sri Lanka",VAVUNIYA,,NQC,5,3,NQC
COP2223-111,,MANAGEMENT STUDIES (TV) - A [Commerce Stream],"University of Vavuniya, Sri Lanka",TRINCOMALEE,,NQC,5,3,NQC
COP2223-111,,MANAGEMENT STUDIES (TV) - A [Commerce Stream],"University of Vavuniya, Sri Lanka",BATTICALOA,1.0977,value,5,3,1.0977
COP2223-111,,MANAGEMENT STUDIES (TV) - A [Commerce Stream],"University of Vavuniya, Sri Lanka",AMPARA,,NQC,5,3,NQC
COP2223-111,,MANAGEMENT STUDIES (TV) - A [Commerce Stream],"University of Vavuniya, Sri Lanka",PUTTALAM,1.0899,value,5,3,1.0899
COP2223-111,,MANAGEMENT STUDIES (TV) - A [Commerce Stream],"University of Vavuniya, Sri Lanka",KURUNEGALA,1.2393,value,5,3,1.2393
COP2223-111,,MANAGEMENT STUDIES (TV) - A [Commerce Stream],"University of Vavuniya, Sri Lanka",ANURADHAPURA,1.1501,value,5,3,1.1501
COP2223-111,,MANAGEMENT STUDIES (TV) - A [Commerce Stream],"University of Vavuniya, Sri Lanka",POLONNARUWA,1.1436,value,5,3,1.1436
COP2223-111,,MANAGEMENT STUDIES (TV) - A [Commerce Stream],"University of Vavuniya, Sri Lanka",BADULLA,1.1152,value,5,3,1.1152
COP2223-111,,MANAGEMENT STUDIES (TV) - A [Commerce Stream],"University of Vavuniya, Sri Lanka",MONARAGALA,1.2249,value,5,3,1.2249
COP2223-111,,MANAGEMENT STUDIES (TV) - A [Commerce Stream],"University of Vavuniya, Sri Lanka",KEGALLE,1.2441,value,5,3,1.2441
COP2223-111,,MANAGEMENT STUDIES (TV) - A [Commerce Stream],"University of Vavuniya, Sri Lanka",RATNAPURA,1.1750,value,5,3,1.1750
COP2223-112,,MANAGEMENT STUDIES (TV) - A [Commerce Stream],Eastern University -Trincomalee Campus,COLOMBO,1.2326,value,5,4,1.2326
COP2223-112,,MANAGEMENT STUDIES (TV) - A [Commerce Stream],Eastern University -Trincomalee Campus,GAMPAHA,1.2338,value,5,4,1.2338
COP2223-112,,MANAGEMENT STUDIES (TV) - A [Commerce Stream],Eastern University -Trincomalee Campus,KALUTARA,1.2380,value,5,4,1.2380
COP2223-112,,MANAGEMENT STUDIES (TV) - A [Commerce Stream],Eastern University -Trincomalee Campus,MATALE,,NQC,5,4,NQC
COP2223-112,,MANAGEMENT STUDIES (TV) - A [Commerce Stream],Eastern University -Trincomalee Campus,KANDY,1.2320,value,5,4,1.2320
COP2223-112,,MANAGEMENT STUDIES (TV) - A [Commerce Stream],Eastern University -Trincomalee Campus,NUWARA ELIYA,1.1128,value,5,4,1.1128
COP2223-112,,MANAGEMENT STUDIES (TV) - A [Commerce Stream],Eastern University -Trincomalee Campus,GALLE,1.2377,value,5,4,1.2377
COP2223-112,,MANAGEMENT STUDIES (TV) - A [Commerce Stream],Eastern University -Trincomalee Campus,MATARA,1.2173,value,5,4,1.2173
COP2223-112,,MANAGEMENT STUDIES (TV) - A [Commerce Stream],Eastern University -Trincomalee Campus,HAMBANTOTA,1.0374,value,5,4,1.0374
COP2223-112,,MANAGEMENT STUDIES (TV) - A [Commerce Stream],Eastern University -Trincomalee Campus,JAFFNA,0.9572,value,5,4,0.9572
COP2223-112,,MANAGEMENT STUDIES (TV) - A [Commerce Stream],Eastern University -Trincomalee Campus,KILINOCHCHI,0.9587,value,5,4,0.9587
COP2223-112,,MANAGEMENT STUDIES (TV) - A [Commerce Stream],Eastern University -Trincomalee Campus,MANNAR,1.0619,value,5,4,1.0619
COP2223-112,,MANAGEMENT STUDIES (TV) - A [Commerce Stream],Eastern University -Trincomalee Campus,MULLAITIVU,,NQC,5,4,NQC
COP2223-112,,MANAGEMENT STUDIES (TV) - A [Commerce Stream],Eastern University -Trincomalee Campus,VAVUNIYA,1.0532,value,5,4,1.0532
COP2223-112,,MANAGEMENT STUDIES (TV) - A [Commerce Stream],Eastern University -Trincomalee Campus,TRINCOMALEE,0.9470,value,5,4,0.9470
COP2223-112,,MANAGEMENT STUDIES (TV) - A [Commerce Stream],Eastern University -Trincomalee Campus,BATTICALOA,1.0897,value,5,4,1.0897
COP2223-112,,MANAGEMENT STUDIES (TV) - A [Commerce Stream],Eastern University -Trincomalee Campus,AMPARA,0.9916,value,5,4,0.9916
COP2223-112,,MANAGEMENT STUDIES (TV) - A [Commerce Stream],Eastern University -Trincomalee Campus,PUTTALAM,,NQC,5,4,NQC
COP2223-112,,MANAGEMENT STUDIES (TV) - A [Commerce Stream],Eastern University -Trincomalee Campus,KURUNEGALA,1.2554,value,5,4,1.2554
COP2223-112,,MANAGEMENT STUDIES (TV) - A [Commerce Stream],Eastern University -Trincomalee Campus,ANURADHAPURA,1.1762,value,5,4,1.1762
COP2223-112,,MANAGEMENT STUDIES (TV) - A [Commerce Stream],Eastern University -Trincomalee Campus,POLONNARUWA,1.0740,value,5,4,1.0740
COP2223-112,,MANAGEMENT STUDIES (TV) - A [Commerce Stream],Eastern University -Trincomalee Campus,BADULLA,1.1193,value,5,4,1.1193
COP2223-112,,MANAGEMENT STUDIES (TV) - A [Commerce Stream],Eastern University -Trincomalee Campus,MONARAGALA,1.2028,value,5,4,1.2028
COP2223-112,,MANAGEMENT STUDIES (TV) - A [Commerce Stream],Eastern University -Trincomalee Campus,KEGALLE,1.2477,value,5,4,1.2477
COP2223-112,,MANAGEMENT STUDIES (TV) - A [Commerce Stream],Eastern University -Trincomalee Campus,RATNAPURA,1.1759,value,5,4,1.1759
COP2223-113,,MANAGEMENT STUDIES (TV) - B [Any subject combination],"University of Vavuniya, Sri Lanka",COLOMBO,1.3148,value,5,5,1.3148
COP2223-113,,MANAGEMENT STUDIES (TV) - B [Any subject combination],"University of Vavuniya, Sri Lanka",GAMPAHA,1.3355,value,5,5,1.3355
COP2223-113,,MANAGEMENT STUDIES (TV) - B [Any subject combination],"University of Vavuniya, Sri Lanka",KALUTARA,1.3144,value,5,5,1.3144
COP2223-113,,MANAGEMENT STUDIES (TV) - B [Any subject combination],"University of Vavuniya, Sri Lanka",MATALE,1.3364,value,5,5,1.3364
COP2223-113,,MANAGEMENT STUDIES (TV) - B [Any subject combination],"University of Vavuniya, Sri Lanka",KANDY,,NQC,5,5,NQC
COP2223-113,,MANAGEMENT STUDIES (TV) - B [Any subject combination],"University of Vavuniya, Sri Lanka",NUWARA ELIYA,1.3413,value,5,5,1.3413
COP2223-113,,MANAGEMENT STUDIES (TV) - B [Any subject combination],"University of Vavuniya, Sri Lanka",GALLE,1.4449,value,5,5,1.4449
COP2223-113,,MANAGEMENT STUDIES (TV) - B [Any subject combination],"University of Vavuniya, Sri Lanka",MATARA,1.3128,value,5,5,1.3128
COP2223-113,,MANAGEMENT STUDIES (TV) - B [Any subject combination],"University of Vavuniya, Sri Lanka",HAMBANTOTA,1.3197,value,5,5,1.3197
COP2223-113,,MANAGEMENT STUDIES (TV) - B [Any subject combination],"University of Vavuniya, Sri Lanka",JAFFNA,,NQC,5,5,NQC
COP2223-113,,MANAGEMENT STUDIES (TV) - B [Any subject combination],"University of Vavuniya, Sri Lanka",KILINOCHCHI,1.4266,value,5,5,1.4266
COP2223-113,,MANAGEMENT STUDIES (TV) - B [Any subject combination],"University of Vavuniya, Sri Lanka",MANNAR,,NQC,5,5,NQC
COP2223-113,,MANAGEMENT STUDIES (TV) - B [Any subject combination],"University of Vavuniya, Sri Lanka",MULLAITIVU,,NQC,5,5,NQC
COP2223-113,,MANAGEMENT STUDIES (TV) - B [Any subject combination],"University of Vavuniya, Sri Lanka",VAVUNIYA,1.3383,value,5,5,1.3383
COP2223-113,,MANAGEMENT STUDIES (TV) - B [Any subject combination],"University of Vavuniya, Sri Lanka",TRINCOMALEE,1.3403,value,5,5,1.3403
COP2223-113,,MANAGEMENT STUDIES (TV) - B [Any subject combination],"University of Vavuniya, Sri Lanka",BATTICALOA,,NQC,5,5,NQC
COP2223-113,,MANAGEMENT STUDIES (TV) - B [Any subject combination],"University of Vavuniya, Sri Lanka",AMPARA,1.3140,value,5,5,1.3140
COP2223-113,,MANAGEMENT STUDIES (TV) - B [Any subject combination],"University of Vavuniya, Sri Lanka",PUTTALAM,1.3180,value,5,5,1.3180
COP2223-113,,MANAGEMENT STUDIES (TV) - B [Any subject combination],"University of Vavuniya, Sri Lanka",KURUNEGALA,1.3235,value,5,5,1.3235
COP2223-113,,MANAGEMENT STUDIES (TV) - B [Any subject combination],"University of Vavuniya, Sri Lanka",ANURADHAPURA,1.3182,value,5,5,1.3182
COP2223-113,,MANAGEMENT STUDIES (TV) - B [Any subject combination],"University of Vavuniya, Sri Lanka",POLONNARUWA,1.3523,value,5,5,1.3523
COP2223-113,,MANAGEMENT STUDIES (TV) - B [Any subject combination],"University of Vavuniya, Sri Lanka",BADULLA,1.3805,value,5,5,1.3805
COP2223-113,,MANAGEMENT STUDIES (TV) - B [Any subject combination],"University of Vavuniya, Sri Lanka",MONARAGALA,1.3171,value,5,5,1.3171
COP2223-113,,MANAGEMENT STUDIES (TV) - B [Any subject combination],"University of Vavuniya, Sri Lanka",KEGALLE,1.3678,value,5,5,1.3678
COP2223-113,,MANAGEMENT STUDIES (TV) - B [Any subject combination],"University of Vavuniya, Sri Lanka",RATNAPURA,1.3158,value,5,5,1.3158
COP2223-114,,MANAGEMENT STUDIES (TV) - B [Any subject combination],Eastern University -Trincomalee Campus,COLOMBO,1.2159,value,5,6,1.2159
COP2223-114,,MANAGEMENT STUDIES (TV) - B [Any subject combination],Eastern University -Trincomalee Campus,GAMPAHA,1.2759,value,5,6,1.2759
COP2223-114,,MANAGEMENT STUDIES (TV) - B [Any subject combination],Eastern University -Trincomalee Campus,KALUTARA,1.2993,value,5,6,1.2993
COP2223-114,,MANAGEMENT STUDIES (TV) - B [Any subject combination],Eastern University -Trincomalee Campus,MATALE,1.3359,value,5,6,1.3359
COP2223-114,,MANAGEMENT STUDIES (TV) - B [Any subject combination],Eastern University -Trincomalee Campus,KANDY,1.2688,value,5,6,1.2688
COP2223-114,,MANAGEMENT STUDIES (TV) - B [Any subject combination],Eastern University -Trincomalee Campus,NUWARA ELIYA,1.2609,value,5,6,1.2609
COP2223-114,,MANAGEMENT STUDIES (TV) - B [Any subject combination],Eastern University -Trincomalee Campus,GALLE,1.2892,value,5,6,1.2892
COP2223-114,,MANAGEMENT STUDIES (TV) - B [Any subject combination],Eastern University -Trincomalee Campus,MATARA,1.3061,value,5,6,1.3061
COP2223-114,,MANAGEMENT STUDIES (TV) - B [Any subject combination],Eastern University -Trincomalee Campus,HAMBANTOTA,1.2982,value,5,6,1.2982
COP2223-114,,MANAGEMENT STUDIES (TV) - B [Any subject combination],Eastern University -Trincomalee Campus,JAFFNA,1.1540,value,5,6,1.1540
COP2223-114,,MANAGEMENT STUDIES (TV) - B [Any subject combination],Eastern University -Trincomalee Campus,KILINOCHCHI,1.1442,value,5,6,1.1442
COP2223-114,,MANAGEMENT STUDIES (TV) - B [Any subject combination],Eastern University -Trincomalee Campus,MANNAR,1.1552,value,5,6,1.1552
COP2223-114,,MANAGEMENT STUDIES (TV) - B [Any subject combination],Eastern University -Trincomalee Campus,MULLAITIVU,1.1958,value,5,6,1.1958
COP2223-114,,MANAGEMENT STUDIES (TV) - B [Any subject combination],Eastern University -Trincomalee Campus,VAVUNIYA,,NQC,5,6,NQC
COP2223-114,,MANAGEMENT STUDIES (TV) - B [Any subject combination],Eastern University -Trincomalee Campus,TRINCOMALEE,1.3344,value,5,6,1.3344
COP2223-114,,MANAGEMENT STUDIES (TV) - B [Any subject combination],Eastern University -Trincomalee Campus,BATTICALOA,1.2222,value,5,6,1.2222
COP2223-114,,MANAGEMENT STUDIES (TV) - B [Any subject combination],Eastern University -Trincomalee Campus,AMPARA,1.2751,value,5,6,1.2751
COP2223-114,,MANAGEMENT STUDIES (TV) - B [Any subject combination],Eastern University -Trincomalee Campus,PUTTALAM,1.3366,value,5,6,1.3366
COP2223-114,,MANAGEMENT STUDIES (TV) - B [Any subject combination],Eastern University -Trincomalee Campus,KURUNEGALA,1.3010,value,5,6,1.3010
COP2223-114,,MANAGEMENT STUDIES (TV) - B [Any subject combination],Eastern University -Trincomalee Campus,ANURADHAPURA,1.3053,value,5,6,1.3053
COP2223-114,,MANAGEMENT STUDIES (TV) - B [Any subject combination],Eastern University -Trincomalee Campus,POLONNARUWA,1.2678,value,5,6,1.2678
COP2223-114,,MANAGEMENT STUDIES (TV) - B [Any subject combination],Eastern University -Trincomalee Campus,BADULLA,1.2933,value,5,6,1.2933
COP2223-114,,MANAGEMENT STUDIES (TV) - B [Any subject combination],Eastern University -Trincomalee Campus,MONARAGALA,1.3394,value,5,6,1.3394
COP2223-114,,MANAGEMENT STUDIES (TV) - B [Any subject combination],Eastern University -Trincomalee Campus,KEGALLE,1.2760,value,5,6,1.2760
COP2223-114,,MANAGEMENT STUDIES (TV) - B [Any subject combination],Eastern University -Trincomalee Campus,RATNAPURA,1.2878,value,5,6,1.2878
COP2223-115,,COMMUNICATION STUDIES,Eastern University -Trincomalee Campus,COLOMBO,1.2591,value,5,7,1.2591
COP2223-115,,COMMUNICATION STUDIES,Eastern University -Trincomalee Campus,GAMPAHA,1.2591,value,5,7,1.2591
COP2223-115,,COMMUNICATION STUDIES,Eastern University -Trincomalee Campus,KALUTARA,1.2591,value,5,7,1.2591
COP2223-115,,COMMUNICATION STUDIES,Eastern University -Trincomalee Campus,MATALE,1.2591,value,5,7,1.2591
COP2223-115,,COMMUNICATION STUDIES,Eastern University -Trincomalee Campus,KANDY,1.2591,value,5,7,1.2591
COP2223-115,,COMMUNICATION STUDIES,Eastern University -Trincomalee Campus,NUWARA ELIYA,1.2591,value,5,7,1.2591
COP2223-115,,COMMUNICATION STUDIES,Eastern University -Trincomalee Campus,GALLE,1.2591,value,5,7,1.2591
COP2223-115,,COMMUNICATION STUDIES,Eastern University -Trincomalee Campus,MATARA,1.2591,value,5,7,1.2591
COP2223-115,,COMMUNICATION STUDIES,Eastern University -Trincomalee Campus,HAMBANTOTA,1.2591,value,5,7,1.2591
COP2223-115,,COMMUNICATION STUDIES,Eastern University -Trincomalee Campus,JAFFNA,1.2591,value,5,7,1.2591
COP2223-115,,COMMUNICATION STUDIES,Eastern University -Trincomalee Campus,KILINOCHCHI,1.2591,value,5,7,1.2591
COP2223-115,,COMMUNICATION STUDIES,Eastern University -Trincomalee Campus,MANNAR,1.2591,value,5,7,1.2591
COP2223-115,,COMMUNICATION STUDIES,Eastern University -Trincomalee Campus,MULLAITIVU,1.2591,value,5,7,1.2591
COP2223-115,,COMMUNICATION STUDIES,Eastern University -Trincomalee Campus,VAVUNIYA,1.2591,value,5,7,1.2591
COP2223-115,,COMMUNICATION STUDIES,Eastern University -Trincomalee Campus,TRINCOMALEE,1.2591,value,5,7,1.2591
COP2223-115,,COMMUNICATION STUDIES,Eastern University -Trincomalee Campus,BATTICALOA,1.2591,value,5,7,1.2591
COP2223-115,,COMMUNICATION STUDIES,Eastern University -Trincomalee Campus,AMPARA,1.2591,value,5,7,1.2591
COP2223-115,,COMMUNICATION STUDIES,Eastern University -Trincomalee Campus,PUTTALAM,1.2591,value,5,7,1.2591
COP2223-115,,COMMUNICATION STUDIES,Eastern University -Trincomalee Campus,KURUNEGALA,1.2591,value,5,7,1.2591
COP2223-115,,COMMUNICATION STUDIES,Eastern University -Trincomalee Campus,ANURADHAPURA,1.2591,value,5,7,1.2591
COP2223-115,,COMMUNICATION STUDIES,Eastern University -Trincomalee Campus,POLONNARUWA,1.2591,value,5,7,1.2591
COP2223-115,,COMMUNICATION STUDIES,Eastern University -Trincomalee Campus,BADULLA,1.2591,value,5,7,1.2591
COP2223-115,,COMMUNICATION STUDIES,Eastern University -Trincomalee Campus,MONARAGALA,1.2591,value,5,7,1.2591
COP2223-115,,COMMUNICATION STUDIES,Eastern University -Trincomalee Campus,KEGALLE,1.2591,value,5,7,1.2591
COP2223-115,,COMMUNICATION STUDIES,Eastern University -Trincomalee Campus,RATNAPURA,1.2591,value,5,7,1.2591
COP2223-116,,FINANCIAL ECONOMICS,University of Sri Jayewardenepura,COLOMBO,1.8051,value,5,8,1.8051
COP2223-116,,FINANCIAL ECONOMICS,University of Sri Jayewardenepura,GAMPAHA,1.8160,value,5,8,1.8160
COP2223-116,,FINANCIAL ECONOMICS,University of Sri Jayewardenepura,KALUTARA,1.7039,value,5,8,1.7039
COP2223-116,,FINANCIAL ECONOMICS,University of Sri Jayewardenepura,MATALE,1.7129,value,5,8,1.7129
COP2223-116,,FINANCIAL ECONOMICS,University of Sri Jayewardenepura,KANDY,1.7072,value,5,8,1.7072
COP2223-116,,FINANCIAL ECONOMICS,University of Sri Jayewardenepura,NUWARA ELIYA,1.7221,value,5,8,1.7221
COP2223-116,,FINANCIAL ECONOMICS,University of Sri Jayewardenepura,GALLE,1.8236,value,5,8,1.8236
COP2223-116,,FINANCIAL ECONOMICS,University of Sri Jayewardenepura,MATARA,1.8438,value,5,8,1.8438
COP2223-116,,FINANCIAL ECONOMICS,University of Sri Jayewardenepura,HAMBANTOTA,1.6811,value,5,8,1.6811
COP2223-116,,FINANCIAL ECONOMICS,University of Sri Jayewardenepura,JAFFNA,1.3548,value,5,8,1.3548
COP2223-116,,FINANCIAL ECONOMICS,University of Sri Jayewardenepura,KILINOCHCHI,1.3238,value,5,8,1.3238
COP2223-116,,FINANCIAL ECONOMICS,University of Sri Jayewardenepura,MANNAR,1.0650,value,5,8,1.0650
COP2223-116,,FINANCIAL ECONOMICS,University of Sri Jayewardenepura,MULLAITIVU,1.5658,value,5,8,1.5658
COP2223-116,,FINANCIAL ECONOMICS,University of Sri Jayewardenepura,VAVUNIYA,1.6188,value,5,8,1.6188
COP2223-116,,FINANCIAL ECONOMICS,University of Sri Jayewardenepura,TRINCOMALEE,1.6772,value,5,8,1.6772
COP2223-116,,FINANCIAL ECONOMICS,University of Sri Jayewardenepura,BATTICALOA,1.7445,value,5,8,1.7445
COP2223-116,,FINANCIAL ECONOMICS,University of Sri Jayewardenepura,AMPARA,1.4429,value,5,8,1.4429
COP2223-116,,FINANCIAL ECONOMICS,University of Sri Jayewardenepura,PUTTALAM,1.7536,value,5,8,1.7536
COP2223-116,,FINANCIAL ECONOMICS,University of Sri Jayewardenepura,KURUNEGALA,1.7298,value,5,8,1.7298
COP2223-116,,FINANCIAL ECONOMICS,University of Sri Jayewardenepura,ANURADHAPURA,1.7909,value,5,8,1.7909
COP2223-116,,FINANCIAL ECONOMICS,University of Sri Jayewardenepura,POLONNARUWA,1.8244,value,5,8,1.8244
COP2223-116,,FINANCIAL ECONOMICS,University of Sri Jayewardenepura,BADULLA,1.8211,value,5,8,1.8211
COP2223-116,,FINANCIAL ECONOMICS,University of Sri Jayewardenepura,MONARAGALA,1.6468,value,5,8,1.6468
COP2223-116,,FINANCIAL ECONOMICS,University of Sri Jayewardenepura,KEGALLE,1.7454,value,5,8,1.7454
COP2223-116,,FINANCIAL ECONOMICS,University of Sri Jayewardenepura,RATNAPURA,1.7394,value,5,8,1.7394
COP2223-117,,CREATIVE MUSIC TECHNOLOGY & PRODUCTION,University of Sri Jayewardenepura,COLOMBO,1.4571,value,5,9,1.4571
COP2223-117,,CREATIVE MUSIC TECHNOLOGY & PRODUCTION,University of Sri Jayewardenepura,GAMPAHA,1.3741,value,5,9,1.3741
COP2223-117,,CREATIVE MUSIC TECHNOLOGY & PRODUCTION,University of Sri Jayewardenepura,KALUTARA,1.5565,value,5,9,1.5565
COP2223-117,,CREATIVE MUSIC TECHNOLOGY & PRODUCTION,University of Sri Jayewardenepura,MATALE,1.3067,value,5,9,1.3067
COP2223-117,,CREATIVE MUSIC TECHNOLOGY & PRODUCTION,University of Sri Jayewardenepura,KANDY,1.4413,value,5,9,1.4413
COP2223-117,,CREATIVE MUSIC TECHNOLOGY & PRODUCTION,University of Sri Jayewardenepura,NUWARA ELIYA,1.6155,value,5,9,1.6155
COP2223-117,,CREATIVE MUSIC TECHNOLOGY & PRODUCTION,University of Sri Jayewardenepura,GALLE,1.4901,value,5,9,1.4901
COP2223-117,,CREATIVE MUSIC TECHNOLOGY & PRODUCTION,University of Sri Jayewardenepura,MATARA,1.5734,value,5,9,1.5734
COP2223-117,,CREATIVE MUSIC TECHNOLOGY & PRODUCTION,University of Sri Jayewardenepura,HAMBANTOTA,1.5549,value,5,9,1.5549
COP2223-117,,CREATIVE MUSIC TECHNOLOGY & PRODUCTION,University of Sri Jayewardenepura,JAFFNA,1.1702,value,5,9,1.1702
COP2223-117,,CREATIVE MUSIC TECHNOLOGY & PRODUCTION,University of Sri Jayewardenepura,KILINOCHCHI,1.3765,value,5,9,1.3765
COP2223-117,,CREATIVE MUSIC TECHNOLOGY & PRODUCTION,University of Sri Jayewardenepura,MANNAR,1.1896,value,5,9,1.1896
COP2223-117,,CREATIVE MUSIC TECHNOLOGY & PRODUCTION,University of Sri Jayewardenepura,MULLAITIVU,1.1836,value,5,9,1.1836
COP2223-117,,CREATIVE MUSIC TECHNOLOGY & PRODUCTION,University of Sri Jayewardenepura,VAVUNIYA,1.2851,value,5,9,1.2851
COP2223-117,,CREATIVE MUSIC TECHNOLOGY & PRODUCTION,University of Sri Jayewardenepura,TRINCOMALEE,1.2349,value,5,9,1.2349
COP2223-117,,CREATIVE MUSIC TECHNOLOGY & PRODUCTION,University of Sri Jayewardenepura,BATTICALOA,1.3342,value,5,9,1.3342
COP2223-117,,CREATIVE MUSIC TECHNOLOGY & PRODUCTION,University of Sri Jayewardenepura,AMPARA,1.3103,value,5,9,1.3103
COP2223-117,,CREATIVE MUSIC TECHNOLOGY & PRODUCTION,University of Sri Jayewardenepura,PUTTALAM,1.2811,value,5,9,1.2811
COP2223-117,,CREATIVE MUSIC TECHNOLOGY & PRODUCTION,University of Sri Jayewardenepura,KURUNEGALA,1.3590,value,5,9,1.3590
COP2223-117,,CREATIVE MUSIC TECHNOLOGY & PRODUCTION,University of Sri Jayewardenepura,ANURADHAPURA,1.5666,value,5,9,1.5666
COP2223-117,,CREATIVE MUSIC TECHNOLOGY & PRODUCTION,University of Sri Jayewardenepura,POLONNARUWA,1.3766,value,5,9,1.3766
COP2223-117,,CREATIVE MUSIC TECHNOLOGY & PRODUCTION,University of Sri Jayewardenepura,BADULLA,1.3535,value,5,9,1.3535
COP2223-117,,CREATIVE MUSIC TECHNOLOGY & PRODUCTION,University of Sri Jayewardenepura,MONARAGALA,1.3682,value,5,9,1.3682
COP2223-117,,CREATIVE MUSIC TECHNOLOGY & PRODUCTION,University of Sri Jayewardenepura,KEGALLE,1.5945,value,5,9,1.5945
COP2223-117,,CREATIVE MUSIC TECHNOLOGY & PRODUCTION,University of Sri Jayewardenepura,RATNAPURA,1.5729,value,5,9,1.5729
COP2223-118,,PEACE & CONFLICT RESOLUTION,University of Kelaniya,COLOMBO,1.7097,value,5,10,1.7097
COP2223-118,,PEACE & CONFLICT RESOLUTION,University of Kelaniya,GAMPAHA,1.7097,value,5,10,1.7097
COP2223-118,,PEACE & CONFLICT RESOLUTION,University of Kelaniya,KALUTARA,1.7097,value,5,10,1.7097
COP2223-118,,PEACE & CONFLICT RESOLUTION,University of Kelaniya,MATALE,1.7097,value,5,10,1.7097
COP2223-118,,PEACE & CONFLICT RESOLUTION,University of Kelaniya,KANDY,1.7097,value,5,10,1.7097
COP2223-118,,PEACE & CONFLICT RESOLUTION,University of Kelaniya,NUWARA ELIYA,1.7097,value,5,10,1.7097
COP2223-118,,PEACE & CONFLICT RESOLUTION,University of Kelaniya,GALLE,1.7097,value,5,10,1.7097
COP2223-118,,PEACE & CONFLICT RESOLUTION,University of Kelaniya,MATARA,1.7097,value,5,10,1.7097
COP2223-118,,PEACE & CONFLICT RESOLUTION,University of Kelaniya,HAMBANTOTA,1.7097,value,5,10,1.7097
COP2223-118,,PEACE & CONFLICT RESOLUTION,University of Kelaniya,JAFFNA,1.7097,value,5,10,1.7097
COP2223-118,,PEACE & CONFLICT RESOLUTION,University of Kelaniya,KILINOCHCHI,1.7097,value,5,10,1.7097
COP2223-118,,PEACE & CONFLICT RESOLUTION,University of Kelaniya,MANNAR,1.7097,value,5,10,1.7097
COP2223-118,,PEACE & CONFLICT RESOLUTION,University of Kelaniya,MULLAITIVU,1.7097,value,5,10,1.7097
COP2223-118,,PEACE & CONFLICT RESOLUTION,University of Kelaniya,VAVUNIYA,1.7097,value,5,10,1.7097
COP2223-118,,PEACE & CONFLICT RESOLUTION,University of Kelaniya,TRINCOMALEE,1.7097,value,5,10,1.7097
COP2223-118,,PEACE & CONFLICT RESOLUTION,University of Kelaniya,BATTICALOA,1.7097,value,5,10,1.7097
COP2223-118,,PEACE & CONFLICT RESOLUTION,University of Kelaniya,AMPARA,1.7097,value,5,10,1.7097
COP2223-118,,PEACE & CONFLICT RESOLUTION,University of Kelaniya,PUTTALAM,1.7097,value,5,10,1.7097
COP2223-118,,PEACE & CONFLICT RESOLUTION,University of Kelaniya,KURUNEGALA,1.7097,value,5,10,1.7097
COP2223-118,,PEACE & CONFLICT RESOLUTION,University of Kelaniya,ANURADHAPURA,1.7097,value,5,10,1.7097
COP2223-118,,PEACE & CONFLICT RESOLUTION,University of Kelaniya,POLONNARUWA,1.7097,value,5,10,1.7097
COP2223-118,,PEACE & CONFLICT RESOLUTION,University of Kelaniya,BADULLA,1.7097,value,5,10,1.7097
COP2223-118,,PEACE & CONFLICT RESOLUTION,University of Kelaniya,MONARAGALA,1.7097,value,5,10,1.7097
COP2223-118,,PEACE & CONFLICT RESOLUTION,University of Kelaniya,KEGALLE,1.7097,value,5,10,1.7097
COP2223-118,,PEACE & CONFLICT RESOLUTION,University of Kelaniya,RATNAPURA,1.7097,value,5,10,1.7097
COP2223-119,,ISLAMIC STUDIES,South Eastern University of Sri Lanka,COLOMBO,1.0912,value,5,11,1.0912
COP2223-119,,ISLAMIC STUDIES,South Eastern University of Sri Lanka,GAMPAHA,1.0912,value,5,11,1.0912
COP2223-119,,ISLAMIC STUDIES,South Eastern University of Sri Lanka,KALUTARA,1.0912,value,5,11,1.0912
COP2223-119,,ISLAMIC STUDIES,South Eastern University of Sri Lanka,MATALE,1.0912,value,5,11,1.0912
COP2223-119,,ISLAMIC STUDIES,South Eastern University of Sri Lanka,KANDY,1.0912,value,5,11,1.0912
COP2223-119,,ISLAMIC STUDIES,South Eastern University of Sri Lanka,NUWARA ELIYA,1.0912,value,5,11,1.0912
COP2223-119,,ISLAMIC STUDIES,South Eastern University of Sri Lanka,GALLE,1.0912,value,5,11,1.0912
COP2223-119,,ISLAMIC STUDIES,South Eastern University of Sri Lanka,MATARA,1.0912,value,5,11,1.0912
COP2223-119,,ISLAMIC STUDIES,South Eastern University of Sri Lanka,HAMBANTOTA,1.0912,value,5,11,1.0912
COP2223-119,,ISLAMIC STUDIES,South Eastern University of Sri Lanka,JAFFNA,1.0912,value,5,11,1.0912
COP2223-119,,ISLAMIC STUDIES,South Eastern University of Sri Lanka,KILINOCHCHI,1.0912,value,5,11,1.0912
COP2223-119,,ISLAMIC STUDIES,South Eastern University of Sri Lanka,MANNAR,1.0912,value,5,11,1.0912
COP2223-119,,ISLAMIC STUDIES,South Eastern University of Sri Lanka,MULLAITIVU,1.0912,value,5,11,1.0912
COP2223-119,,ISLAMIC STUDIES,South Eastern University of Sri Lanka,VAVUNIYA,1.0912,value,5,11,1.0912
COP2223-119,,ISLAMIC STUDIES,South Eastern University of Sri Lanka,TRINCOMALEE,1.0912,value,5,11,1.0912
COP2223-119,,ISLAMIC STUDIES,South Eastern University of Sri Lanka,BATTICALOA,1.0912,value,5,11,1.0912
COP2223-119,,ISLAMIC STUDIES,South Eastern University of Sri Lanka,AMPARA,1.0912,value,5,11,1.0912
COP2223-119,,ISLAMIC STUDIES,South Eastern University of Sri Lanka,PUTTALAM,1.0912,value,5,11,1.0912
COP2223-119,,ISLAMIC STUDIES,South Eastern University of Sri Lanka,KURUNEGALA,1.0912,value,5,11,1.0912
COP2223-119,,ISLAMIC STUDIES,South Eastern University of Sri Lanka,ANURADHAPURA,1.0912,value,5,11,1.0912
COP2223-119,,ISLAMIC STUDIES,South Eastern University of Sri Lanka,POLONNARUWA,1.0912,value,5,11,1.0912
COP2223-119,,ISLAMIC STUDIES,South Eastern University of Sri Lanka,BADULLA,1.0912,value,5,11,1.0912
COP2223-119,,ISLAMIC STUDIES,South Eastern University of Sri Lanka,MONARAGALA,1.0912,value,5,11,1.0912
COP2223-119,,ISLAMIC STUDIES,South Eastern University of Sri Lanka,KEGALLE,1.0912,value,5,11,1.0912
COP2223-119,,ISLAMIC STUDIES,South Eastern University of Sri Lanka,RATNAPURA,1.0912,value,5,11,1.0912
COP2223-120,,ARABIC LANGUAGE,South Eastern University of Sri Lanka,COLOMBO,0.6697,value,5,12,0.6697
COP2223-120,,ARABIC LANGUAGE,South Eastern University of Sri Lanka,GAMPAHA,0.6697,value,5,12,0.6697
COP2223-120,,ARABIC LANGUAGE,South Eastern University of Sri Lanka,KALUTARA,0.6697,value,5,12,0.6697
COP2223-120,,ARABIC LANGUAGE,South Eastern University of Sri Lanka,MATALE,0.6697,value,5,12,0.6697
COP2223-120,,ARABIC LANGUAGE,South Eastern University of Sri Lanka,KANDY,0.6697,value,5,12,0.6697
COP2223-120,,ARABIC LANGUAGE,South Eastern University of Sri Lanka,NUWARA ELIYA,0.6697,value,5,12,0.6697
COP2223-120,,ARABIC LANGUAGE,South Eastern University of Sri Lanka,GALLE,0.6697,value,5,12,0.6697
COP2223-120,,ARABIC LANGUAGE,South Eastern University of Sri Lanka,MATARA,0.6697,value,5,12,0.6697
COP2223-120,,ARABIC LANGUAGE,South Eastern University of Sri Lanka,HAMBANTOTA,0.6697,value,5,12,0.6697
COP2223-120,,ARABIC LANGUAGE,South Eastern University of Sri Lanka,JAFFNA,0.6697,value,5,12,0.6697
COP2223-120,,ARABIC LANGUAGE,South Eastern University of Sri Lanka,KILINOCHCHI,0.6697,value,5,12,0.6697
COP2223-120,,ARABIC LANGUAGE,South Eastern University of Sri Lanka,MANNAR,0.6697,value,5,12,0.6697
COP2223-120,,ARABIC LANGUAGE,South Eastern University of Sri Lanka,MULLAITIVU,0.6697,value,5,12,0.6697
COP2223-120,,ARABIC LANGUAGE,South Eastern University of Sri Lanka,VAVUNIYA,0.6697,value,5,12,0.6697
COP2223-120,,ARABIC LANGUAGE,South Eastern University of Sri Lanka,TRINCOMALEE,0.6697,value,5,12,0.6697
COP2223-120,,ARABIC LANGUAGE,South Eastern University of Sri Lanka,BATTICALOA,0.6697,value,5,12,0.6697
COP2223-120,,ARABIC LANGUAGE,South Eastern University of Sri Lanka,AMPARA,0.6697,value,5,12,0.6697
COP2223-120,,ARABIC LANGUAGE,South Eastern University of Sri Lanka,PUTTALAM,0.6697,value,5,12,0.6697
COP2223-120,,ARABIC LANGUAGE,South Eastern University of Sri Lanka,KURUNEGALA,0.6697,value,5,12,0.6697
COP2223-120,,ARABIC LANGUAGE,South Eastern University of Sri Lanka,ANURADHAPURA,0.6697,value,5,12,0.6697
COP2223-120,,ARABIC LANGUAGE,South Eastern University of Sri Lanka,POLONNARUWA,0.6697,value,5,12,0.6697
COP2223-120,,ARABIC LANGUAGE,South Eastern University of Sri Lanka,BADULLA,0.6697,value,5,12,0.6697
COP2223-120,,ARABIC LANGUAGE,South Eastern University of Sri Lanka,MONARAGALA,0.6697,value,5,12,0.6697
COP2223-120,,ARABIC LANGUAGE,South Eastern University of Sri Lanka,KEGALLE,0.6697,value,5,12,0.6697
COP2223-120,,ARABIC LANGUAGE,South Eastern University of Sri Lanka,RATNAPURA,0.6697,value,5,12,0.6697
COP2223-121,,ARCHITECTURE,University of Moratuwa,COLOMBO,1.1027,value,5,13,1.1027
COP2223-121,,ARCHITECTURE,University of Moratuwa,GAMPAHA,0.3956,value,5,13,0.3956
COP2223-121,,ARCHITECTURE,University of Moratuwa,KALUTARA,0.8229,value,5,13,0.8229
COP2223-121,,ARCHITECTURE,University of Moratuwa,MATALE,1.0112,value,5,13,1.0112
COP2223-121,,ARCHITECTURE,University of Moratuwa,KANDY,1.0442,value,5,13,1.0442
COP2223-121,,ARCHITECTURE,University of Moratuwa,NUWARA ELIYA,1.1282,value,5,13,1.1282
COP2223-121,,ARCHITECTURE,University of Moratuwa,GALLE,1.2613,value,5,13,1.2613
COP2223-121,,ARCHITECTURE,University of Moratuwa,MATARA,1.1287,value,5,13,1.1287
COP2223-121,,ARCHITECTURE,University of Moratuwa,HAMBANTOTA,0.9159,value,5,13,0.9159
COP2223-121,,ARCHITECTURE,University of Moratuwa,JAFFNA,1.2043,value,5,13,1.2043
COP2223-121,,ARCHITECTURE,University of Moratuwa,KILINOCHCHI,,NQC,5,13,NQC
COP2223-121,,ARCHITECTURE,University of Moratuwa,MANNAR,1.0359,value,5,13,1.0359
COP2223-121,,ARCHITECTURE,University of Moratuwa,MULLAITIVU,,NQC,5,13,NQC
COP2223-121,,ARCHITECTURE,University of Moratuwa,VAVUNIYA,,NQC,5,13,NQC
COP2223-121,,ARCHITECTURE,University of Moratuwa,TRINCOMALEE,0.6160,value,5,13,0.6160
COP2223-121,,ARCHITECTURE,University of Moratuwa,BATTICALOA,1.0429,value,5,13,1.0429
COP2223-121,,ARCHITECTURE,University of Moratuwa,AMPARA,0.9578,value,5,13,0.9578
COP2223-121,,ARCHITECTURE,University of Moratuwa,PUTTALAM,0.4771,value,5,13,0.4771
COP2223-121,,ARCHITECTURE,University of Moratuwa,KURUNEGALA,1.1679,value,5,13,1.1679
COP2223-121,,ARCHITECTURE,University of Moratuwa,ANURADHAPURA,0.3166,value,5,13,0.3166
COP2223-121,,ARCHITECTURE,University of Moratuwa,POLONNARUWA,0.4470,value,5,13,0.4470
COP2223-121,,ARCHITECTURE,University of Moratuwa,BADULLA,0.9134,value,5,13,0.9134
COP2223-121,,ARCHITECTURE,University of Moratuwa,MONARAGALA,0.5759,value,5,13,0.5759
COP2223-121,,ARCHITECTURE,University of Moratuwa,KEGALLE,1.0945,value,5,13,1.0945
COP2223-121,,ARCHITECTURE,University of Moratuwa,RATNAPURA,0.8104,value,5,13,0.8104
COP2223-122,,DESIGN,University of Moratuwa,COLOMBO,1.1710,value,5,14,1.1710
COP2223-122,,DESIGN,University of Moratuwa,GAMPAHA,0.4672,value,5,14,0.4672
COP2223-122,,DESIGN,University of Moratuwa,KALUTARA,0.8747,value,5,14,0.8747
COP2223-122,,DESIGN,University of Moratuwa,MATALE,0.7659,value,5,14,0.7659
COP2223-122,,DESIGN,University of Moratuwa,KANDY,0.7393,value,5,14,0.7393
COP2223-122,,DESIGN,University of Moratuwa,NUWARA ELIYA,0.5186,value,5,14,0.5186
COP2223-122,,DESIGN,University of Moratuwa,GALLE,0.6972,value,5,14,0.6972
COP2223-122,,DESIGN,University of Moratuwa,MATARA,1.0700,value,5,14,1.0700
COP2223-122,,DESIGN,University of Moratuwa,HAMBANTOTA,0.6614,value,5,14,0.6614
COP2223-122,,DESIGN,University of Moratuwa,JAFFNA,,NQC,5,14,NQC
COP2223-122,,DESIGN,University of Moratuwa,KILINOCHCHI,,NQC,5,14,NQC
COP2223-122,,DESIGN,University of Moratuwa,MANNAR,,NQC,5,14,NQC
COP2223-122,,DESIGN,University of Moratuwa,MULLAITIVU,,NQC,5,14,NQC
COP2223-122,,DESIGN,University of Moratuwa,VAVUNIYA,,NQC,5,14,NQC
COP2223-122,,DESIGN,University of Moratuwa,TRINCOMALEE,,NQC,5,14,NQC
COP2223-122,,DESIGN,University of Moratuwa,BATTICALOA,,NQC,5,14,NQC
COP2223-122,,DESIGN,University of Moratuwa,AMPARA,0.1072,value,5,14,0.1072
COP2223-122,,DESIGN,University of Moratuwa,PUTTALAM,1.9784,value,5,14,1.9784
COP2223-122,,DESIGN,University of Moratuwa,KURUNEGALA,0.8923,value,5,14,0.8923
COP2223-122,,DESIGN,University of Moratuwa,ANURADHAPURA,0.2262,value,5,14,0.2262
COP2223-122,,DESIGN,University of Moratuwa,POLONNARUWA,,NQC,5,14,NQC
COP2223-122,,DESIGN,University of Moratuwa,BADULLA,0.6454,value,5,14,0.6454
COP2223-122,,DESIGN,University of Moratuwa,MONARAGALA,0.1659,value,5,14,0.1659
COP2223-122,,DESIGN,University of Moratuwa,KEGALLE,0.4628,value,5,14,0.4628
COP2223-122,,DESIGN,University of Moratuwa,RATNAPURA,0.5249,value,5,14,0.5249
COP2223-123,,LANDSCAPE ARCHITECTURE,University of Moratuwa,COLOMBO,0.2314,value,5,15,0.2314
COP2223-123,,LANDSCAPE ARCHITECTURE,University of Moratuwa,GAMPAHA,0.1232,value,5,15,0.1232
COP2223-123,,LANDSCAPE ARCHITECTURE,University of Moratuwa,KALUTARA,0.5218,value,5,15,0.5218
COP2223-123,,LANDSCAPE ARCHITECTURE,University of Moratuwa,MATALE,0.5681,value,5,15,0.5681
COP2223-123,,LANDSCAPE ARCHITECTURE,University of Moratuwa,KANDY,0.5865,value,5,15,0.5865
COP2223-123,,LANDSCAPE ARCHITECTURE,University of Moratuwa,NUWARA ELIYA,,NQC,5,15,NQC
COP2223-123,,LANDSCAPE ARCHITECTURE,University of Moratuwa,GALLE,0.0535,value,5,15,0.0535
COP2223-123,,LANDSCAPE ARCHITECTURE,University of Moratuwa,MATARA,0.6811,value,5,15,0.6811
COP2223-123,,LANDSCAPE ARCHITECTURE,University of Moratuwa,HAMBANTOTA,0.2734,value,5,15,0.2734
COP2223-123,,LANDSCAPE ARCHITECTURE,University of Moratuwa,JAFFNA,-0.0937,value,5,15,-0.0937
COP2223-123,,LANDSCAPE ARCHITECTURE,University of Moratuwa,KILINOCHCHI,,NQC,5,15,NQC
COP2223-123,,LANDSCAPE ARCHITECTURE,University of Moratuwa,MANNAR,,NQC,5,15,NQC
COP2223-123,,LANDSCAPE ARCHITECTURE,University of Moratuwa,MULLAITIVU,,NQC,5,15,NQC
COP2223-123,,LANDSCAPE ARCHITECTURE,University of Moratuwa,VAVUNIYA,,NQC,5,15,NQC
COP2223-123,,LANDSCAPE ARCHITECTURE,University of Moratuwa,TRINCOMALEE,,NQC,5,15,NQC
COP2223-123,,LANDSCAPE ARCHITECTURE,University of Moratuwa,BATTICALOA,0.8021,value,5,15,0.8021
COP2223-123,,LANDSCAPE ARCHITECTURE,University of Moratuwa,AMPARA,0.2531,value,5,15,0.2531
COP2223-123,,LANDSCAPE ARCHITECTURE,University of Moratuwa,PUTTALAM,,NQC,5,15,NQC
COP2223-123,,LANDSCAPE ARCHITECTURE,University of Moratuwa,KURUNEGALA,0.6169,value,5,15,0.6169
COP2223-123,,LANDSCAPE ARCHITECTURE,University of Moratuwa,ANURADHAPURA,-0.0345,value,5,15,-0.0345
COP2223-123,,LANDSCAPE ARCHITECTURE,University of Moratuwa,POLONNARUWA,0.0778,value,5,15,0.0778
COP2223-123,,LANDSCAPE ARCHITECTURE,University of Moratuwa,BADULLA,0.2706,value,5,15,0.2706
COP2223-123,,LANDSCAPE ARCHITECTURE,University of Moratuwa,MONARAGALA,0.5746,value,5,15,0.5746
COP2223-123,,LANDSCAPE ARCHITECTURE,University of Moratuwa,KEGALLE,0.6021,value,5,15,0.6021
COP2223-123,,LANDSCAPE ARCHITECTURE,University of Moratuwa,RATNAPURA,0.2226,value,5,15,0.2226
COP2223-124,,TOWN & COUNTRY PLANNING,University of Moratuwa,COLOMBO,1.0697,value,5,16,1.0697
COP2223-124,,TOWN & COUNTRY PLANNING,University of Moratuwa,GAMPAHA,0.9684,value,5,16,0.9684
COP2223-124,,TOWN & COUNTRY PLANNING,University of Moratuwa,KALUTARA,1.0595,value,5,16,1.0595
COP2223-124,,TOWN & COUNTRY PLANNING,University of Moratuwa,MATALE,1.0800,value,5,16,1.0800
COP2223-124,,TOWN & COUNTRY PLANNING,University of Moratuwa,KANDY,0.9261,value,5,16,0.9261
COP2223-124,,TOWN & COUNTRY PLANNING,University of Moratuwa,NUWARA ELIYA,0.8728,value,5,16,0.8728
COP2223-124,,TOWN & COUNTRY PLANNING,University of Moratuwa,GALLE,1.0997,value,5,16,1.0997
COP2223-124,,TOWN & COUNTRY PLANNING,University of Moratuwa,MATARA,1.0875,value,5,16,1.0875
COP2223-124,,TOWN & COUNTRY PLANNING,University of Moratuwa,HAMBANTOTA,1.0208,value,5,16,1.0208
COP2223-124,,TOWN & COUNTRY PLANNING,University of Moratuwa,JAFFNA,1.1080,value,5,16,1.1080
COP2223-124,,TOWN & COUNTRY PLANNING,University of Moratuwa,KILINOCHCHI,1.0034,value,5,16,1.0034
COP2223-124,,TOWN & COUNTRY PLANNING,University of Moratuwa,MANNAR,0.8482,value,5,16,0.8482
COP2223-124,,TOWN & COUNTRY PLANNING,University of Moratuwa,MULLAITIVU,0.9077,value,5,16,0.9077
COP2223-124,,TOWN & COUNTRY PLANNING,University of Moratuwa,VAVUNIYA,1.0356,value,5,16,1.0356
COP2223-124,,TOWN & COUNTRY PLANNING,University of Moratuwa,TRINCOMALEE,1.1375,value,5,16,1.1375
COP2223-124,,TOWN & COUNTRY PLANNING,University of Moratuwa,BATTICALOA,0.9939,value,5,16,0.9939
COP2223-124,,TOWN & COUNTRY PLANNING,University of Moratuwa,AMPARA,1.0158,value,5,16,1.0158
COP2223-124,,TOWN & COUNTRY PLANNING,University of Moratuwa,PUTTALAM,0.8864,value,5,16,0.8864
COP2223-124,,TOWN & COUNTRY PLANNING,University of Moratuwa,KURUNEGALA,1.0637,value,5,16,1.0637
COP2223-124,,TOWN & COUNTRY PLANNING,University of Moratuwa,ANURADHAPURA,0.9754,value,5,16,0.9754
COP2223-124,,TOWN & COUNTRY PLANNING,University of Moratuwa,POLONNARUWA,0.7398,value,5,16,0.7398
COP2223-124,,TOWN & COUNTRY PLANNING,University of Moratuwa,BADULLA,1.0761,value,5,16,1.0761
COP2223-124,,TOWN & COUNTRY PLANNING,University of Moratuwa,MONARAGALA,1.1026,value,5,16,1.1026
COP2223-124,,TOWN & COUNTRY PLANNING,University of Moratuwa,KEGALLE,1.1404,value,5,16,1.1404
COP2223-124,,TOWN & COUNTRY PLANNING,University of Moratuwa,RATNAPURA,1.0998,value,5,16,1.0998
COP2223-125,,FASHION DESIGN & PRODUCT DEVELOPMENT,University of Moratuwa,COLOMBO,1.1710,value,5,17,1.1710
COP2223-125,,FASHION DESIGN & PRODUCT DEVELOPMENT,University of Moratuwa,GAMPAHA,0.8354,value,5,17,0.8354
COP2223-125,,FASHION DESIGN & PRODUCT DEVELOPMENT,University of Moratuwa,KALUTARA,1.2241,value,5,17,1.2241
COP2223-125,,FASHION DESIGN & PRODUCT DEVELOPMENT,University of Moratuwa,MATALE,0.8278,value,5,17,0.8278
COP2223-125,,FASHION DESIGN & PRODUCT DEVELOPMENT,University of Moratuwa,KANDY,0.7925,value,5,17,0.7925
COP2223-125,,FASHION DESIGN & PRODUCT DEVELOPMENT,University of Moratuwa,NUWARA ELIYA,-0.0576,value,5,17,-0.0576
COP2223-125,,FASHION DESIGN & PRODUCT DEVELOPMENT,University of Moratuwa,GALLE,0.9833,value,5,17,0.9833
COP2223-125,,FASHION DESIGN & PRODUCT DEVELOPMENT,University of Moratuwa,MATARA,0.6762,value,5,17,0.6762
COP2223-125,,FASHION DESIGN & PRODUCT DEVELOPMENT,University of Moratuwa,HAMBANTOTA,0.6245,value,5,17,0.6245
COP2223-125,,FASHION DESIGN & PRODUCT DEVELOPMENT,University of Moratuwa,JAFFNA,0.9751,value,5,17,0.9751
COP2223-125,,FASHION DESIGN & PRODUCT DEVELOPMENT,University of Moratuwa,KILINOCHCHI,,NQC,5,17,NQC
COP2223-125,,FASHION DESIGN & PRODUCT DEVELOPMENT,University of Moratuwa,MANNAR,,NQC,5,17,NQC
COP2223-125,,FASHION DESIGN & PRODUCT DEVELOPMENT,University of Moratuwa,MULLAITIVU,,NQC,5,17,NQC
COP2223-125,,FASHION DESIGN & PRODUCT DEVELOPMENT,University of Moratuwa,VAVUNIYA,,NQC,5,17,NQC
COP2223-125,,FASHION DESIGN & PRODUCT DEVELOPMENT,University of Moratuwa,TRINCOMALEE,0.2069,value,5,17,0.2069
COP2223-125,,FASHION DESIGN & PRODUCT DEVELOPMENT,University of Moratuwa,BATTICALOA,,NQC,5,17,NQC
COP2223-125,,FASHION DESIGN & PRODUCT DEVELOPMENT,University of Moratuwa,AMPARA,0.7401,value,5,17,0.7401
COP2223-125,,FASHION DESIGN & PRODUCT DEVELOPMENT,University of Moratuwa,PUTTALAM,0.7015,value,5,17,0.7015
COP2223-125,,FASHION DESIGN & PRODUCT DEVELOPMENT,University of Moratuwa,KURUNEGALA,1.0022,value,5,17,1.0022
COP2223-125,,FASHION DESIGN & PRODUCT DEVELOPMENT,University of Moratuwa,ANURADHAPURA,0.3905,value,5,17,0.3905
COP2223-125,,FASHION DESIGN & PRODUCT DEVELOPMENT,University of Moratuwa,POLONNARUWA,1.1116,value,5,17,1.1116
COP2223-125,,FASHION DESIGN & PRODUCT DEVELOPMENT,University of Moratuwa,BADULLA,0.5494,value,5,17,0.5494
COP2223-125,,FASHION DESIGN & PRODUCT DEVELOPMENT,University of Moratuwa,MONARAGALA,0.6034,value,5,17,0.6034
COP2223-125,,FASHION DESIGN & PRODUCT DEVELOPMENT,University of Moratuwa,KEGALLE,0.9389,value,5,17,0.9389
COP2223-125,,FASHION DESIGN & PRODUCT DEVELOPMENT,University of Moratuwa,RATNAPURA,0.5435,value,5,17,0.5435
COP2223-126,,ARTIFICIAL INTELLIGENCE,University of Moratuwa,COLOMBO,2.0481,value,5,18,2.0481
COP2223-126,,ARTIFICIAL INTELLIGENCE,University of Moratuwa,GAMPAHA,2.0455,value,5,18,2.0455
COP2223-126,,ARTIFICIAL INTELLIGENCE,University of Moratuwa,KALUTARA,2.0560,value,5,18,2.0560
COP2223-126,,ARTIFICIAL INTELLIGENCE,University of Moratuwa,MATALE,2.0039,value,5,18,2.0039
COP2223-126,,ARTIFICIAL INTELLIGENCE,University of Moratuwa,KANDY,1.8855,value,5,18,1.8855
COP2223-126,,ARTIFICIAL INTELLIGENCE,University of Moratuwa,NUWARA ELIYA,2.0535,value,5,18,2.0535
COP2223-126,,ARTIFICIAL INTELLIGENCE,University of Moratuwa,GALLE,2.1122,value,5,18,2.1122
COP2223-126,,ARTIFICIAL INTELLIGENCE,University of Moratuwa,MATARA,2.0723,value,5,18,2.0723
COP2223-126,,ARTIFICIAL INTELLIGENCE,University of Moratuwa,HAMBANTOTA,1.9027,value,5,18,1.9027
COP2223-126,,ARTIFICIAL INTELLIGENCE,University of Moratuwa,JAFFNA,1.9617,value,5,18,1.9617
COP2223-126,,ARTIFICIAL INTELLIGENCE,University of Moratuwa,KILINOCHCHI,1.3238,value,5,18,1.3238
COP2223-126,,ARTIFICIAL INTELLIGENCE,University of Moratuwa,MANNAR,1.5693,value,5,18,1.5693
COP2223-126,,ARTIFICIAL INTELLIGENCE,University of Moratuwa,MULLAITIVU,1.2498,value,5,18,1.2498
COP2223-126,,ARTIFICIAL INTELLIGENCE,University of Moratuwa,VAVUNIYA,1.7488,value,5,18,1.7488
COP2223-126,,ARTIFICIAL INTELLIGENCE,University of Moratuwa,TRINCOMALEE,1.3678,value,5,18,1.3678
COP2223-126,,ARTIFICIAL INTELLIGENCE,University of Moratuwa,BATTICALOA,2.0229,value,5,18,2.0229
COP2223-126,,ARTIFICIAL INTELLIGENCE,University of Moratuwa,AMPARA,1.6088,value,5,18,1.6088
COP2223-126,,ARTIFICIAL INTELLIGENCE,University of Moratuwa,PUTTALAM,1.4693,value,5,18,1.4693
COP2223-126,,ARTIFICIAL INTELLIGENCE,University of Moratuwa,KURUNEGALA,1.9247,value,5,18,1.9247
COP2223-126,,ARTIFICIAL INTELLIGENCE,University of Moratuwa,ANURADHAPURA,1.6915,value,5,18,1.6915
COP2223-126,,ARTIFICIAL INTELLIGENCE,University of Moratuwa,POLONNARUWA,1.5049,value,5,18,1.5049
COP2223-126,,ARTIFICIAL INTELLIGENCE,University of Moratuwa,BADULLA,1.9214,value,5,18,1.9214
COP2223-126,,ARTIFICIAL INTELLIGENCE,University of Moratuwa,MONARAGALA,1.9966,value,5,18,1.9966
COP2223-126,,ARTIFICIAL INTELLIGENCE,University of Moratuwa,KEGALLE,2.0723,value,5,18,2.0723
COP2223-126,,ARTIFICIAL INTELLIGENCE,University of Moratuwa,RATNAPURA,1.9903,value,5,18,1.9903
COP2223-127,,INFORMATION TECHNOLOGY (IT),University of Moratuwa,COLOMBO,1.6983,value,5,19,1.6983
COP2223-127,,INFORMATION TECHNOLOGY (IT),University of Moratuwa,GAMPAHA,1.5670,value,5,19,1.5670
COP2223-127,,INFORMATION TECHNOLOGY (IT),University of Moratuwa,KALUTARA,1.6458,value,5,19,1.6458
COP2223-127,,INFORMATION TECHNOLOGY (IT),University of Moratuwa,MATALE,1.3254,value,5,19,1.3254
COP2223-127,,INFORMATION TECHNOLOGY (IT),University of Moratuwa,KANDY,1.6390,value,5,19,1.6390
COP2223-127,,INFORMATION TECHNOLOGY (IT),University of Moratuwa,NUWARA ELIYA,1.3012,value,5,19,1.3012
COP2223-127,,INFORMATION TECHNOLOGY (IT),University of Moratuwa,GALLE,1.7065,value,5,19,1.7065
COP2223-127,,INFORMATION TECHNOLOGY (IT),University of Moratuwa,MATARA,1.7336,value,5,19,1.7336
COP2223-127,,INFORMATION TECHNOLOGY (IT),University of Moratuwa,HAMBANTOTA,1.6923,value,5,19,1.6923
COP2223-127,,INFORMATION TECHNOLOGY (IT),University of Moratuwa,JAFFNA,1.7388,value,5,19,1.7388
COP2223-127,,INFORMATION TECHNOLOGY (IT),University of Moratuwa,KILINOCHCHI,1.3178,value,5,19,1.3178
COP2223-127,,INFORMATION TECHNOLOGY (IT),University of Moratuwa,MANNAR,1.4707,value,5,19,1.4707
COP2223-127,,INFORMATION TECHNOLOGY (IT),University of Moratuwa,MULLAITIVU,1.4911,value,5,19,1.4911
COP2223-127,,INFORMATION TECHNOLOGY (IT),University of Moratuwa,VAVUNIYA,1.5225,value,5,19,1.5225
COP2223-127,,INFORMATION TECHNOLOGY (IT),University of Moratuwa,TRINCOMALEE,1.5588,value,5,19,1.5588
COP2223-127,,INFORMATION TECHNOLOGY (IT),University of Moratuwa,BATTICALOA,1.5310,value,5,19,1.5310
COP2223-127,,INFORMATION TECHNOLOGY (IT),University of Moratuwa,AMPARA,1.4474,value,5,19,1.4474
COP2223-127,,INFORMATION TECHNOLOGY (IT),University of Moratuwa,PUTTALAM,1.3475,value,5,19,1.3475
COP2223-127,,INFORMATION TECHNOLOGY (IT),University of Moratuwa,KURUNEGALA,1.6197,value,5,19,1.6197
COP2223-127,,INFORMATION TECHNOLOGY (IT),University of Moratuwa,ANURADHAPURA,1.4700,value,5,19,1.4700
COP2223-127,,INFORMATION TECHNOLOGY (IT),University of Moratuwa,POLONNARUWA,1.3141,value,5,19,1.3141
COP2223-127,,INFORMATION TECHNOLOGY (IT),University of Moratuwa,BADULLA,1.4983,value,5,19,1.4983
COP2223-127,,INFORMATION TECHNOLOGY (IT),University of Moratuwa,MONARAGALA,1.4741,value,5,19,1.4741
COP2223-127,,INFORMATION TECHNOLOGY (IT),University of Moratuwa,KEGALLE,1.5964,value,5,19,1.5964
COP2223-127,,INFORMATION TECHNOLOGY (IT),University of Moratuwa,RATNAPURA,1.5941,value,5,19,1.5941
COP2223-128,,INFORMATION TECHNOLOGY & MANAGEMENT,University of Moratuwa,COLOMBO,1.3164,value,5,20,1.3164
COP2223-128,,INFORMATION TECHNOLOGY & MANAGEMENT,University of Moratuwa,GAMPAHA,1.1536,value,5,20,1.1536
COP2223-128,,INFORMATION TECHNOLOGY & MANAGEMENT,University of Moratuwa,KALUTARA,1.2986,value,5,20,1.2986
COP2223-128,,INFORMATION TECHNOLOGY & MANAGEMENT,University of Moratuwa,MATALE,1.2489,value,5,20,1.2489
COP2223-128,,INFORMATION TECHNOLOGY & MANAGEMENT,University of Moratuwa,KANDY,1.1493,value,5,20,1.1493
COP2223-128,,INFORMATION TECHNOLOGY & MANAGEMENT,University of Moratuwa,NUWARA ELIYA,0.6335,value,5,20,0.6335
COP2223-128,,INFORMATION TECHNOLOGY & MANAGEMENT,University of Moratuwa,GALLE,1.0783,value,5,20,1.0783
COP2223-128,,INFORMATION TECHNOLOGY & MANAGEMENT,University of Moratuwa,MATARA,1.2718,value,5,20,1.2718
COP2223-128,,INFORMATION TECHNOLOGY & MANAGEMENT,University of Moratuwa,HAMBANTOTA,1.0203,value,5,20,1.0203
COP2223-128,,INFORMATION TECHNOLOGY & MANAGEMENT,University of Moratuwa,JAFFNA,1.2979,value,5,20,1.2979
COP2223-128,,INFORMATION TECHNOLOGY & MANAGEMENT,University of Moratuwa,KILINOCHCHI,,NQC,5,20,NQC
COP2223-128,,INFORMATION TECHNOLOGY & MANAGEMENT,University of Moratuwa,MANNAR,0.4729,value,5,20,0.4729
COP2223-128,,INFORMATION TECHNOLOGY & MANAGEMENT,University of Moratuwa,MULLAITIVU,,NQC,5,20,NQC
COP2223-128,,INFORMATION TECHNOLOGY & MANAGEMENT,University of Moratuwa,VAVUNIYA,0.7056,value,5,20,0.7056
COP2223-128,,INFORMATION TECHNOLOGY & MANAGEMENT,University of Moratuwa,TRINCOMALEE,1.3122,value,5,20,1.3122
COP2223-128,,INFORMATION TECHNOLOGY & MANAGEMENT,University of Moratuwa,BATTICALOA,1.2506,value,5,20,1.2506
COP2223-128,,INFORMATION TECHNOLOGY & MANAGEMENT,University of Moratuwa,AMPARA,0.9146,value,5,20,0.9146
COP2223-128,,INFORMATION TECHNOLOGY & MANAGEMENT,University of Moratuwa,PUTTALAM,0.6786,value,5,20,0.6786
COP2223-128,,INFORMATION TECHNOLOGY & MANAGEMENT,University of Moratuwa,KURUNEGALA,1.1116,value,5,20,1.1116
COP2223-128,,INFORMATION TECHNOLOGY & MANAGEMENT,University of Moratuwa,ANURADHAPURA,1.0165,value,5,20,1.0165
COP2223-128,,INFORMATION TECHNOLOGY & MANAGEMENT,University of Moratuwa,POLONNARUWA,0.7652,value,5,20,0.7652
COP2223-128,,INFORMATION TECHNOLOGY & MANAGEMENT,University of Moratuwa,BADULLA,0.7908,value,5,20,0.7908
COP2223-128,,INFORMATION TECHNOLOGY & MANAGEMENT,University of Moratuwa,MONARAGALA,0.8100,value,5,20,0.8100
COP2223-128,,INFORMATION TECHNOLOGY & MANAGEMENT,University of Moratuwa,KEGALLE,0.8749,value,5,20,0.8749
COP2223-128,,INFORMATION TECHNOLOGY & MANAGEMENT,University of Moratuwa,RATNAPURA,1.0426,value,5,20,1.0426
COP2223-129,,FACILITIES MANAGEMENT,University of Moratuwa,COLOMBO,1.5402,value,5,21,1.5402
COP2223-129,,FACILITIES MANAGEMENT,University of Moratuwa,GAMPAHA,1.4289,value,5,21,1.4289
COP2223-129,,FACILITIES MANAGEMENT,University of Moratuwa,KALUTARA,1.5413,value,5,21,1.5413
COP2223-129,,FACILITIES MANAGEMENT,University of Moratuwa,MATALE,1.4563,value,5,21,1.4563
COP2223-129,,FACILITIES MANAGEMENT,University of Moratuwa,KANDY,1.4694,value,5,21,1.4694
COP2223-129,,FACILITIES MANAGEMENT,University of Moratuwa,NUWARA ELIYA,1.4563,value,5,21,1.4563
COP2223-129,,FACILITIES MANAGEMENT,University of Moratuwa,GALLE,1.4443,value,5,21,1.4443
COP2223-129,,FACILITIES MANAGEMENT,University of Moratuwa,MATARA,1.5603,value,5,21,1.5603
COP2223-129,,FACILITIES MANAGEMENT,University of Moratuwa,HAMBANTOTA,1.4689,value,5,21,1.4689
COP2223-129,,FACILITIES MANAGEMENT,University of Moratuwa,JAFFNA,1.3551,value,5,21,1.3551
COP2223-129,,FACILITIES MANAGEMENT,University of Moratuwa,KILINOCHCHI,1.1817,value,5,21,1.1817
COP2223-129,,FACILITIES MANAGEMENT,University of Moratuwa,MANNAR,1.4705,value,5,21,1.4705
COP2223-129,,FACILITIES MANAGEMENT,University of Moratuwa,MULLAITIVU,1.1849,value,5,21,1.1849
COP2223-129,,FACILITIES MANAGEMENT,University of Moratuwa,VAVUNIYA,1.5549,value,5,21,1.5549
COP2223-129,,FACILITIES MANAGEMENT,University of Moratuwa,TRINCOMALEE,1.5491,value,5,21,1.5491
COP2223-129,,FACILITIES MANAGEMENT,University of Moratuwa,BATTICALOA,1.4509,value,5,21,1.4509
COP2223-129,,FACILITIES MANAGEMENT,University of Moratuwa,AMPARA,1.2264,value,5,21,1.2264
COP2223-129,,FACILITIES MANAGEMENT,University of Moratuwa,PUTTALAM,1.4384,value,5,21,1.4384
COP2223-129,,FACILITIES MANAGEMENT,University of Moratuwa,KURUNEGALA,1.3966,value,5,21,1.3966
COP2223-129,,FACILITIES MANAGEMENT,University of Moratuwa,ANURADHAPURA,1.5064,value,5,21,1.5064
COP2223-129,,FACILITIES MANAGEMENT,University of Moratuwa,POLONNARUWA,1.4111,value,5,21,1.4111
COP2223-129,,FACILITIES MANAGEMENT,University of Moratuwa,BADULLA,1.5751,value,5,21,1.5751
COP2223-129,,FACILITIES MANAGEMENT,University of Moratuwa,MONARAGALA,1.5587,value,5,21,1.5587
COP2223-129,,FACILITIES MANAGEMENT,University of Moratuwa,KEGALLE,1.4342,value,5,21,1.4342
COP2223-129,,FACILITIES MANAGEMENT,University of Moratuwa,RATNAPURA,1.5024,value,5,21,1.5024
COP2223-130,,TRANSPORT MANAGEMENT & LOGISTICS ENGINEERING (TMLE),University of Moratuwa,COLOMBO,1.5629,value,5,22,1.5629
COP2223-130,,TRANSPORT MANAGEMENT & LOGISTICS ENGINEERING (TMLE),University of Moratuwa,GAMPAHA,1.4590,value,5,22,1.4590
COP2223-130,,TRANSPORT MANAGEMENT & LOGISTICS ENGINEERING (TMLE),University of Moratuwa,KALUTARA,1.5900,value,5,22,1.5900
COP2223-130,,TRANSPORT MANAGEMENT & LOGISTICS ENGINEERING (TMLE),University of Moratuwa,MATALE,1.5183,value,5,22,1.5183
COP2223-130,,TRANSPORT MANAGEMENT & LOGISTICS ENGINEERING (TMLE),University of Moratuwa,KANDY,1.5028,value,5,22,1.5028
COP2223-130,,TRANSPORT MANAGEMENT & LOGISTICS ENGINEERING (TMLE),University of Moratuwa,NUWARA ELIYA,1.2798,value,5,22,1.2798
COP2223-130,,TRANSPORT MANAGEMENT & LOGISTICS ENGINEERING (TMLE),University of Moratuwa,GALLE,1.6060,value,5,22,1.6060
COP2223-130,,TRANSPORT MANAGEMENT & LOGISTICS ENGINEERING (TMLE),University of Moratuwa,MATARA,1.5496,value,5,22,1.5496
COP2223-130,,TRANSPORT MANAGEMENT & LOGISTICS ENGINEERING (TMLE),University of Moratuwa,HAMBANTOTA,1.6021,value,5,22,1.6021
COP2223-130,,TRANSPORT MANAGEMENT & LOGISTICS ENGINEERING (TMLE),University of Moratuwa,JAFFNA,1.5589,value,5,22,1.5589
COP2223-130,,TRANSPORT MANAGEMENT & LOGISTICS ENGINEERING (TMLE),University of Moratuwa,KILINOCHCHI,1.0237,value,5,22,1.0237
COP2223-130,,TRANSPORT MANAGEMENT & LOGISTICS ENGINEERING (TMLE),University of Moratuwa,MANNAR,1.0463,value,5,22,1.0463
COP2223-130,,TRANSPORT MANAGEMENT & LOGISTICS ENGINEERING (TMLE),University of Moratuwa,MULLAITIVU,0.7543,value,5,22,0.7543
COP2223-130,,TRANSPORT MANAGEMENT & LOGISTICS ENGINEERING (TMLE),University of Moratuwa,VAVUNIYA,1.1570,value,5,22,1.1570
COP2223-130,,TRANSPORT MANAGEMENT & LOGISTICS ENGINEERING (TMLE),University of Moratuwa,TRINCOMALEE,1.2354,value,5,22,1.2354
COP2223-130,,TRANSPORT MANAGEMENT & LOGISTICS ENGINEERING (TMLE),University of Moratuwa,BATTICALOA,1.3384,value,5,22,1.3384
COP2223-130,,TRANSPORT MANAGEMENT & LOGISTICS ENGINEERING (TMLE),University of Moratuwa,AMPARA,1.1981,value,5,22,1.1981
COP2223-130,,TRANSPORT MANAGEMENT & LOGISTICS ENGINEERING (TMLE),University of Moratuwa,PUTTALAM,1.3067,value,5,22,1.3067
COP2223-130,,TRANSPORT MANAGEMENT & LOGISTICS ENGINEERING (TMLE),University of Moratuwa,KURUNEGALA,1.5275,value,5,22,1.5275
COP2223-130,,TRANSPORT MANAGEMENT & LOGISTICS ENGINEERING (TMLE),University of Moratuwa,ANURADHAPURA,1.3866,value,5,22,1.3866
COP2223-130,,TRANSPORT MANAGEMENT & LOGISTICS ENGINEERING (TMLE),University of Moratuwa,POLONNARUWA,1.1273,value,5,22,1.1273
COP2223-130,,TRANSPORT MANAGEMENT & LOGISTICS ENGINEERING (TMLE),University of Moratuwa,BADULLA,1.4448,value,5,22,1.4448
COP2223-130,,TRANSPORT MANAGEMENT & LOGISTICS ENGINEERING (TMLE),University of Moratuwa,MONARAGALA,1.4683,value,5,22,1.4683
COP2223-130,,TRANSPORT MANAGEMENT & LOGISTICS ENGINEERING (TMLE),University of Moratuwa,KEGALLE,1.5047,value,5,22,1.5047
COP2223-130,,TRANSPORT MANAGEMENT & LOGISTICS ENGINEERING (TMLE),University of Moratuwa,RATNAPURA,1.5039,value,5,22,1.5039
COP2223-131,,BUSINESS SCIENCE,University of Moratuwa,COLOMBO,1.9698,value,5,23,1.9698
COP2223-131,,BUSINESS SCIENCE,University of Moratuwa,GAMPAHA,1.8747,value,5,23,1.8747
COP2223-131,,BUSINESS SCIENCE,University of Moratuwa,KALUTARA,1.9138,value,5,23,1.9138
COP2223-131,,BUSINESS SCIENCE,University of Moratuwa,MATALE,1.9048,value,5,23,1.9048
COP2223-131,,BUSINESS SCIENCE,University of Moratuwa,KANDY,1.7062,value,5,23,1.7062
COP2223-131,,BUSINESS SCIENCE,University of Moratuwa,NUWARA ELIYA,1.6831,value,5,23,1.6831
COP2223-131,,BUSINESS SCIENCE,University of Moratuwa,GALLE,1.9024,value,5,23,1.9024
COP2223-131,,BUSINESS SCIENCE,University of Moratuwa,MATARA,2.0100,value,5,23,2.0100
COP2223-131,,BUSINESS SCIENCE,University of Moratuwa,HAMBANTOTA,1.6099,value,5,23,1.6099
COP2223-131,,BUSINESS SCIENCE,University of Moratuwa,JAFFNA,1.3797,value,5,23,1.3797
COP2223-131,,BUSINESS SCIENCE,University of Moratuwa,KILINOCHCHI,0.9290,value,5,23,0.9290
COP2223-131,,BUSINESS SCIENCE,University of Moratuwa,MANNAR,1.7639,value,5,23,1.7639
COP2223-131,,BUSINESS SCIENCE,University of Moratuwa,MULLAITIVU,1.4431,value,5,23,1.4431
COP2223-131,,BUSINESS SCIENCE,University of Moratuwa,VAVUNIYA,2.0405,value,5,23,2.0405
COP2223-131,,BUSINESS SCIENCE,University of Moratuwa,TRINCOMALEE,1.6668,value,5,23,1.6668
COP2223-131,,BUSINESS SCIENCE,University of Moratuwa,BATTICALOA,1.5441,value,5,23,1.5441
COP2223-131,,BUSINESS SCIENCE,University of Moratuwa,AMPARA,1.6587,value,5,23,1.6587
COP2223-131,,BUSINESS SCIENCE,University of Moratuwa,PUTTALAM,1.8480,value,5,23,1.8480
COP2223-131,,BUSINESS SCIENCE,University of Moratuwa,KURUNEGALA,1.6678,value,5,23,1.6678
COP2223-131,,BUSINESS SCIENCE,University of Moratuwa,ANURADHAPURA,1.8292,value,5,23,1.8292
COP2223-131,,BUSINESS SCIENCE,University of Moratuwa,POLONNARUWA,1.8008,value,5,23,1.8008
COP2223-131,,BUSINESS SCIENCE,University of Moratuwa,BADULLA,1.6827,value,5,23,1.6827
COP2223-131,,BUSINESS SCIENCE,University of Moratuwa,MONARAGALA,1.8142,value,5,23,1.8142
COP2223-131,,BUSINESS SCIENCE,University of Moratuwa,KEGALLE,1.8571,value,5,23,1.8571
COP2223-131,,BUSINESS SCIENCE,University of Moratuwa,RATNAPURA,1.9577,value,5,23,1.9577
COP2223-132,,MANAGEMENT AND INFORMATION TECHNOLOGY (MIT),University of Kelaniya,COLOMBO,1.2478,value,5,24,1.2478
COP2223-132,,MANAGEMENT AND INFORMATION TECHNOLOGY (MIT),University of Kelaniya,GAMPAHA,1.2728,value,5,24,1.2728
COP2223-132,,MANAGEMENT AND INFORMATION TECHNOLOGY (MIT),University of Kelaniya,KALUTARA,1.2294,value,5,24,1.2294
COP2223-132,,MANAGEMENT AND INFORMATION TECHNOLOGY (MIT),University of Kelaniya,MATALE,1.3236,value,5,24,1.3236
COP2223-132,,MANAGEMENT AND INFORMATION TECHNOLOGY (MIT),University of Kelaniya,KANDY,1.2685,value,5,24,1.2685
COP2223-132,,MANAGEMENT AND INFORMATION TECHNOLOGY (MIT),University of Kelaniya,NUWARA ELIYA,0.7213,value,5,24,0.7213
COP2223-132,,MANAGEMENT AND INFORMATION TECHNOLOGY (MIT),University of Kelaniya,GALLE,1.2934,value,5,24,1.2934
COP2223-132,,MANAGEMENT AND INFORMATION TECHNOLOGY (MIT),University of Kelaniya,MATARA,1.3459,value,5,24,1.3459
COP2223-132,,MANAGEMENT AND INFORMATION TECHNOLOGY (MIT),University of Kelaniya,HAMBANTOTA,1.3027,value,5,24,1.3027
COP2223-132,,MANAGEMENT AND INFORMATION TECHNOLOGY (MIT),University of Kelaniya,JAFFNA,1.3509,value,5,24,1.3509
COP2223-132,,MANAGEMENT AND INFORMATION TECHNOLOGY (MIT),University of Kelaniya,KILINOCHCHI,,NQC,5,24,NQC
COP2223-132,,MANAGEMENT AND INFORMATION TECHNOLOGY (MIT),University of Kelaniya,MANNAR,1.0933,value,5,24,1.0933
COP2223-132,,MANAGEMENT AND INFORMATION TECHNOLOGY (MIT),University of Kelaniya,MULLAITIVU,0.7165,value,5,24,0.7165
COP2223-132,,MANAGEMENT AND INFORMATION TECHNOLOGY (MIT),University of Kelaniya,VAVUNIYA,0.7135,value,5,24,0.7135
COP2223-132,,MANAGEMENT AND INFORMATION TECHNOLOGY (MIT),University of Kelaniya,TRINCOMALEE,1.0237,value,5,24,1.0237
COP2223-132,,MANAGEMENT AND INFORMATION TECHNOLOGY (MIT),University of Kelaniya,BATTICALOA,1.3141,value,5,24,1.3141
COP2223-132,,MANAGEMENT AND INFORMATION TECHNOLOGY (MIT),University of Kelaniya,AMPARA,0.8861,value,5,24,0.8861
COP2223-132,,MANAGEMENT AND INFORMATION TECHNOLOGY (MIT),University of Kelaniya,PUTTALAM,1.0236,value,5,24,1.0236
COP2223-132,,MANAGEMENT AND INFORMATION TECHNOLOGY (MIT),University of Kelaniya,KURUNEGALA,1.2605,value,5,24,1.2605
COP2223-132,,MANAGEMENT AND INFORMATION TECHNOLOGY (MIT),University of Kelaniya,ANURADHAPURA,1.2434,value,5,24,1.2434
COP2223-132,,MANAGEMENT AND INFORMATION TECHNOLOGY (MIT),University of Kelaniya,POLONNARUWA,0.6901,value,5,24,0.6901
COP2223-132,,MANAGEMENT AND INFORMATION TECHNOLOGY (MIT),University of Kelaniya,BADULLA,1.1443,value,5,24,1.1443
COP2223-132,,MANAGEMENT AND INFORMATION TECHNOLOGY (MIT),University of Kelaniya,MONARAGALA,1.2309,value,5,24,1.2309
COP2223-132,,MANAGEMENT AND INFORMATION TECHNOLOGY (MIT),University of Kelaniya,KEGALLE,1.2025,value,5,24,1.2025
COP2223-132,,MANAGEMENT AND INFORMATION TECHNOLOGY (MIT),University of Kelaniya,RATNAPURA,1.2087,value,5,24,1.2087
COP2223-133,,INDUSTRIAL STATISTICS & MATHEMATICAL FINANCE,University of Colombo,COLOMBO,1.2869,value,5,25,1.2869
COP2223-133,,INDUSTRIAL STATISTICS & MATHEMATICAL FINANCE,University of Colombo,GAMPAHA,1.2593,value,5,25,1.2593
COP2223-133,,INDUSTRIAL STATISTICS & MATHEMATICAL FINANCE,University of Colombo,KALUTARA,1.2416,value,5,25,1.2416
COP2223-133,,INDUSTRIAL STATISTICS & MATHEMATICAL FINANCE,University of Colombo,MATALE,1.0975,value,5,25,1.0975
COP2223-133,,INDUSTRIAL STATISTICS & MATHEMATICAL FINANCE,University of Colombo,KANDY,1.2782,value,5,25,1.2782
COP2223-133,,INDUSTRIAL STATISTICS & MATHEMATICAL FINANCE,University of Colombo,NUWARA ELIYA,0.8723,value,5,25,0.8723
COP2223-133,,INDUSTRIAL STATISTICS & MATHEMATICAL FINANCE,University of Colombo,GALLE,1.3176,value,5,25,1.3176
COP2223-133,,INDUSTRIAL STATISTICS & MATHEMATICAL FINANCE,University of Colombo,MATARA,1.2872,value,5,25,1.2872
COP2223-133,,INDUSTRIAL STATISTICS & MATHEMATICAL FINANCE,University of Colombo,HAMBANTOTA,1.3374,value,5,25,1.3374
COP2223-133,,INDUSTRIAL STATISTICS & MATHEMATICAL FINANCE,University of Colombo,JAFFNA,1.2150,value,5,25,1.2150
COP2223-133,,INDUSTRIAL STATISTICS & MATHEMATICAL FINANCE,University of Colombo,KILINOCHCHI,0.8720,value,5,25,0.8720
COP2223-133,,INDUSTRIAL STATISTICS & MATHEMATICAL FINANCE,University of Colombo,MANNAR,0.5469,value,5,25,0.5469
COP2223-133,,INDUSTRIAL STATISTICS & MATHEMATICAL FINANCE,University of Colombo,MULLAITIVU,0.5726,value,5,25,0.5726
COP2223-133,,INDUSTRIAL STATISTICS & MATHEMATICAL FINANCE,University of Colombo,VAVUNIYA,1.2292,value,5,25,1.2292
COP2223-133,,INDUSTRIAL STATISTICS & MATHEMATICAL FINANCE,University of Colombo,TRINCOMALEE,1.0293,value,5,25,1.0293
COP2223-133,,INDUSTRIAL STATISTICS & MATHEMATICAL FINANCE,University of Colombo,BATTICALOA,1.1579,value,5,25,1.1579
COP2223-133,,INDUSTRIAL STATISTICS & MATHEMATICAL FINANCE,University of Colombo,AMPARA,1.0165,value,5,25,1.0165
COP2223-133,,INDUSTRIAL STATISTICS & MATHEMATICAL FINANCE,University of Colombo,PUTTALAM,1.0541,value,5,25,1.0541
COP2223-133,,INDUSTRIAL STATISTICS & MATHEMATICAL FINANCE,University of Colombo,KURUNEGALA,1.2803,value,5,25,1.2803
COP2223-133,,INDUSTRIAL STATISTICS & MATHEMATICAL FINANCE,University of Colombo,ANURADHAPURA,1.1118,value,5,25,1.1118
COP2223-133,,INDUSTRIAL STATISTICS & MATHEMATICAL FINANCE,University of Colombo,POLONNARUWA,0.7717,value,5,25,0.7717
COP2223-133,,INDUSTRIAL STATISTICS & MATHEMATICAL FINANCE,University of Colombo,BADULLA,1.2877,value,5,25,1.2877
COP2223-133,,INDUSTRIAL STATISTICS & MATHEMATICAL FINANCE,University of Colombo,MONARAGALA,1.1301,value,5,25,1.1301
COP2223-133,,INDUSTRIAL STATISTICS & MATHEMATICAL FINANCE,University of Colombo,KEGALLE,1.3233,value,5,25,1.3233
COP2223-133,,INDUSTRIAL STATISTICS & MATHEMATICAL FINANCE,University of Colombo,RATNAPURA,1.2318,value,5,25,1.2318
COP2223-134,,FINANCIAL MATHEMATICS AND INDUSTRIAL STATISTICS,University of Ruhuna,COLOMBO,1.0288,value,5,26,1.0288
COP2223-134,,FINANCIAL MATHEMATICS AND INDUSTRIAL STATISTICS,University of Ruhuna,GAMPAHA,1.0215,value,5,26,1.0215
COP2223-134,,FINANCIAL MATHEMATICS AND INDUSTRIAL STATISTICS,University of Ruhuna,KALUTARA,1.0783,value,5,26,1.0783
COP2223-134,,FINANCIAL MATHEMATICS AND INDUSTRIAL STATISTICS,University of Ruhuna,MATALE,0.8920,value,5,26,0.8920
COP2223-134,,FINANCIAL MATHEMATICS AND INDUSTRIAL STATISTICS,University of Ruhuna,KANDY,0.9673,value,5,26,0.9673
COP2223-134,,FINANCIAL MATHEMATICS AND INDUSTRIAL STATISTICS,University of Ruhuna,NUWARA ELIYA,0.6082,value,5,26,0.6082
COP2223-134,,FINANCIAL MATHEMATICS AND INDUSTRIAL STATISTICS,University of Ruhuna,GALLE,1.0711,value,5,26,1.0711
COP2223-134,,FINANCIAL MATHEMATICS AND INDUSTRIAL STATISTICS,University of Ruhuna,MATARA,1.0809,value,5,26,1.0809
COP2223-134,,FINANCIAL MATHEMATICS AND INDUSTRIAL STATISTICS,University of Ruhuna,HAMBANTOTA,1.1104,value,5,26,1.1104
COP2223-134,,FINANCIAL MATHEMATICS AND INDUSTRIAL STATISTICS,University of Ruhuna,JAFFNA,1.0583,value,5,26,1.0583
COP2223-134,,FINANCIAL MATHEMATICS AND INDUSTRIAL STATISTICS,University of Ruhuna,KILINOCHCHI,0.4734,value,5,26,0.4734
COP2223-134,,FINANCIAL MATHEMATICS AND INDUSTRIAL STATISTICS,University of Ruhuna,MANNAR,0.3522,value,5,26,0.3522
COP2223-134,,FINANCIAL MATHEMATICS AND INDUSTRIAL STATISTICS,University of Ruhuna,MULLAITIVU,0.5371,value,5,26,0.5371
COP2223-134,,FINANCIAL MATHEMATICS AND INDUSTRIAL STATISTICS,University of Ruhuna,VAVUNIYA,0.8896,value,5,26,0.8896
COP2223-134,,FINANCIAL MATHEMATICS AND INDUSTRIAL STATISTICS,University of Ruhuna,TRINCOMALEE,0.9288,value,5,26,0.9288
COP2223-134,,FINANCIAL MATHEMATICS AND INDUSTRIAL STATISTICS,University of Ruhuna,BATTICALOA,1.0484,value,5,26,1.0484
COP2223-134,,FINANCIAL MATHEMATICS AND INDUSTRIAL STATISTICS,University of Ruhuna,AMPARA,0.8596,value,5,26,0.8596
COP2223-134,,FINANCIAL MATHEMATICS AND INDUSTRIAL STATISTICS,University of Ruhuna,PUTTALAM,0.9377,value,5,26,0.9377
COP2223-134,,FINANCIAL MATHEMATICS AND INDUSTRIAL STATISTICS,University of Ruhuna,KURUNEGALA,1.0196,value,5,26,1.0196
COP2223-134,,FINANCIAL MATHEMATICS AND INDUSTRIAL STATISTICS,University of Ruhuna,ANURADHAPURA,0.9891,value,5,26,0.9891
COP2223-134,,FINANCIAL MATHEMATICS AND INDUSTRIAL STATISTICS,University of Ruhuna,POLONNARUWA,0.7040,value,5,26,0.7040
COP2223-134,,FINANCIAL MATHEMATICS AND INDUSTRIAL STATISTICS,University of Ruhuna,BADULLA,1.0562,value,5,26,1.0562
COP2223-134,,FINANCIAL MATHEMATICS AND INDUSTRIAL STATISTICS,University of Ruhuna,MONARAGALA,0.8842,value,5,26,0.8842
COP2223-134,,FINANCIAL MATHEMATICS AND INDUSTRIAL STATISTICS,University of Ruhuna,KEGALLE,1.0717,value,5,26,1.0717
COP2223-134,,FINANCIAL MATHEMATICS AND INDUSTRIAL STATISTICS,University of Ruhuna,RATNAPURA,1.0688,value,5,26,1.0688
COP2223-135,,STATISTICS & OPERATIONS RESEARCH,University of Peradeniya,COLOMBO,1.2705,value,5,27,1.2705
COP2223-135,,STATISTICS & OPERATIONS RESEARCH,University of Peradeniya,GAMPAHA,1.2686,value,5,27,1.2686
COP2223-135,,STATISTICS & OPERATIONS RESEARCH,University of Peradeniya,KALUTARA,1.3111,value,5,27,1.3111
COP2223-135,,STATISTICS & OPERATIONS RESEARCH,University of Peradeniya,MATALE,1.2780,value,5,27,1.2780
COP2223-135,,STATISTICS & OPERATIONS RESEARCH,University of Peradeniya,KANDY,1.3497,value,5,27,1.3497
COP2223-135,,STATISTICS & OPERATIONS RESEARCH,University of Peradeniya,NUWARA ELIYA,1.0681,value,5,27,1.0681
COP2223-135,,STATISTICS & OPERATIONS RESEARCH,University of Peradeniya,GALLE,1.3609,value,5,27,1.3609
COP2223-135,,STATISTICS & OPERATIONS RESEARCH,University of Peradeniya,MATARA,1.3502,value,5,27,1.3502
COP2223-135,,STATISTICS & OPERATIONS RESEARCH,University of Peradeniya,HAMBANTOTA,1.3608,value,5,27,1.3608
COP2223-135,,STATISTICS & OPERATIONS RESEARCH,University of Peradeniya,JAFFNA,1.3553,value,5,27,1.3553
COP2223-135,,STATISTICS & OPERATIONS RESEARCH,University of Peradeniya,KILINOCHCHI,0.8949,value,5,27,0.8949
COP2223-135,,STATISTICS & OPERATIONS RESEARCH,University of Peradeniya,MANNAR,0.7306,value,5,27,0.7306
COP2223-135,,STATISTICS & OPERATIONS RESEARCH,University of Peradeniya,MULLAITIVU,0.5698,value,5,27,0.5698
COP2223-135,,STATISTICS & OPERATIONS RESEARCH,University of Peradeniya,VAVUNIYA,1.0531,value,5,27,1.0531
COP2223-135,,STATISTICS & OPERATIONS RESEARCH,University of Peradeniya,TRINCOMALEE,1.1016,value,5,27,1.1016
COP2223-135,,STATISTICS & OPERATIONS RESEARCH,University of Peradeniya,BATTICALOA,1.2576,value,5,27,1.2576
COP2223-135,,STATISTICS & OPERATIONS RESEARCH,University of Peradeniya,AMPARA,1.0712,value,5,27,1.0712
COP2223-135,,STATISTICS & OPERATIONS RESEARCH,University of Peradeniya,PUTTALAM,1.0640,value,5,27,1.0640
COP2223-135,,STATISTICS & OPERATIONS RESEARCH,University of Peradeniya,KURUNEGALA,1.3563,value,5,27,1.3563
COP2223-135,,STATISTICS & OPERATIONS RESEARCH,University of Peradeniya,ANURADHAPURA,1.2189,value,5,27,1.2189
COP2223-135,,STATISTICS & OPERATIONS RESEARCH,University of Peradeniya,POLONNARUWA,0.9675,value,5,27,0.9675
COP2223-135,,STATISTICS & OPERATIONS RESEARCH,University of Peradeniya,BADULLA,1.3069,value,5,27,1.3069
COP2223-135,,STATISTICS & OPERATIONS RESEARCH,University of Peradeniya,MONARAGALA,1.2613,value,5,27,1.2613
COP2223-135,,STATISTICS & OPERATIONS RESEARCH,University of Peradeniya,KEGALLE,1.3095,value,5,27,1.3095
COP2223-135,,STATISTICS & OPERATIONS RESEARCH,University of Peradeniya,RATNAPURA,1.3252,value,5,27,1.3252
COP2223-136,,GEOGRAPHICAL INFORMATION SCIENCE,University of Peradeniya,COLOMBO,1.9222,value,6,1,1.9222
COP2223-136,,GEOGRAPHICAL INFORMATION SCIENCE,University of Peradeniya,GAMPAHA,1.9961,value,6,1,1.9961
COP2223-136,,GEOGRAPHICAL INFORMATION SCIENCE,University of Peradeniya,KALUTARA,1.9233,value,6,1,1.9233
COP2223-136,,GEOGRAPHICAL INFORMATION SCIENCE,University of Peradeniya,MATALE,1.9493,value,6,1,1.9493
COP2223-136,,GEOGRAPHICAL INFORMATION SCIENCE,University of Peradeniya,KANDY,2.0302,value,6,1,2.0302
COP2223-136,,GEOGRAPHICAL INFORMATION SCIENCE,University of Peradeniya,NUWARA ELIYA,1.7989,value,6,1,1.7989
COP2223-136,,GEOGRAPHICAL INFORMATION SCIENCE,University of Peradeniya,GALLE,1.9887,value,6,1,1.9887
COP2223-136,,GEOGRAPHICAL INFORMATION SCIENCE,University of Peradeniya,MATARA,2.0730,value,6,1,2.0730
COP2223-136,,GEOGRAPHICAL INFORMATION SCIENCE,University of Peradeniya,HAMBANTOTA,1.9968,value,6,1,1.9968
COP2223-136,,GEOGRAPHICAL INFORMATION SCIENCE,University of Peradeniya,JAFFNA,1.8949,value,6,1,1.8949
COP2223-136,,GEOGRAPHICAL INFORMATION SCIENCE,University of Peradeniya,KILINOCHCHI,2.0612,value,6,1,2.0612
COP2223-136,,GEOGRAPHICAL INFORMATION SCIENCE,University of Peradeniya,MANNAR,1.9200,value,6,1,1.9200
COP2223-136,,GEOGRAPHICAL INFORMATION SCIENCE,University of Peradeniya,MULLAITIVU,1.9218,value,6,1,1.9218
COP2223-136,,GEOGRAPHICAL INFORMATION SCIENCE,University of Peradeniya,VAVUNIYA,1.7666,value,6,1,1.7666
COP2223-136,,GEOGRAPHICAL INFORMATION SCIENCE,University of Peradeniya,TRINCOMALEE,2.0327,value,6,1,2.0327
COP2223-136,,GEOGRAPHICAL INFORMATION SCIENCE,University of Peradeniya,BATTICALOA,1.9766,value,6,1,1.9766
COP2223-136,,GEOGRAPHICAL INFORMATION SCIENCE,University of Peradeniya,AMPARA,1.9955,value,6,1,1.9955
COP2223-136,,GEOGRAPHICAL INFORMATION SCIENCE,University of Peradeniya,PUTTALAM,1.8688,value,6,1,1.8688
COP2223-136,,GEOGRAPHICAL INFORMATION SCIENCE,University of Peradeniya,KURUNEGALA,2.0336,value,6,1,2.0336
COP2223-136,,GEOGRAPHICAL INFORMATION SCIENCE,University of Peradeniya,ANURADHAPURA,1.9597,value,6,1,1.9597
COP2223-136,,GEOGRAPHICAL INFORMATION SCIENCE,University of Peradeniya,POLONNARUWA,2.0047,value,6,1,2.0047
COP2223-136,,GEOGRAPHICAL INFORMATION SCIENCE,University of Peradeniya,BADULLA,1.9882,value,6,1,1.9882
COP2223-136,,GEOGRAPHICAL INFORMATION SCIENCE,University of Peradeniya,MONARAGALA,1.9926,value,6,1,1.9926
COP2223-136,,GEOGRAPHICAL INFORMATION SCIENCE,University of Peradeniya,KEGALLE,1.9588,value,6,1,1.9588
COP2223-136,,GEOGRAPHICAL INFORMATION SCIENCE,University of Peradeniya,RATNAPURA,2.0209,value,6,1,2.0209
COP2223-137,,INFORMATION AND COMMUNICATION TECHNOLOGY (ICT),Rajarata University of Sri Lanka,COLOMBO,0.8767,value,6,2,0.8767
COP2223-137,,INFORMATION AND COMMUNICATION TECHNOLOGY (ICT),Rajarata University of Sri Lanka,GAMPAHA,0.9018,value,6,2,0.9018
COP2223-137,,INFORMATION AND COMMUNICATION TECHNOLOGY (ICT),Rajarata University of Sri Lanka,KALUTARA,0.8690,value,6,2,0.8690
COP2223-137,,INFORMATION AND COMMUNICATION TECHNOLOGY (ICT),Rajarata University of Sri Lanka,MATALE,0.9389,value,6,2,0.9389
COP2223-137,,INFORMATION AND COMMUNICATION TECHNOLOGY (ICT),Rajarata University of Sri Lanka,KANDY,0.8574,value,6,2,0.8574
COP2223-137,,INFORMATION AND COMMUNICATION TECHNOLOGY (ICT),Rajarata University of Sri Lanka,NUWARA ELIYA,1.1640,value,6,2,1.1640
COP2223-137,,INFORMATION AND COMMUNICATION TECHNOLOGY (ICT),Rajarata University of Sri Lanka,GALLE,0.8983,value,6,2,0.8983
COP2223-137,,INFORMATION AND COMMUNICATION TECHNOLOGY (ICT),Rajarata University of Sri Lanka,MATARA,0.8958,value,6,2,0.8958
COP2223-137,,INFORMATION AND COMMUNICATION TECHNOLOGY (ICT),Rajarata University of Sri Lanka,HAMBANTOTA,0.8662,value,6,2,0.8662
COP2223-137,,INFORMATION AND COMMUNICATION TECHNOLOGY (ICT),Rajarata University of Sri Lanka,JAFFNA,0.9188,value,6,2,0.9188
COP2223-137,,INFORMATION AND COMMUNICATION TECHNOLOGY (ICT),Rajarata University of Sri Lanka,KILINOCHCHI,,NQC,6,2,NQC
COP2223-137,,INFORMATION AND COMMUNICATION TECHNOLOGY (ICT),Rajarata University of Sri Lanka,MANNAR,,NQC,6,2,NQC
COP2223-137,,INFORMATION AND COMMUNICATION TECHNOLOGY (ICT),Rajarata University of Sri Lanka,MULLAITIVU,,NQC,6,2,NQC
COP2223-137,,INFORMATION AND COMMUNICATION TECHNOLOGY (ICT),Rajarata University of Sri Lanka,VAVUNIYA,1.4667,value,6,2,1.4667
COP2223-137,,INFORMATION AND COMMUNICATION TECHNOLOGY (ICT),Rajarata University of Sri Lanka,TRINCOMALEE,1.0812,value,6,2,1.0812
COP2223-137,,INFORMATION AND COMMUNICATION TECHNOLOGY (ICT),Rajarata University of Sri Lanka,BATTICALOA,0.8626,value,6,2,0.8626
COP2223-137,,INFORMATION AND COMMUNICATION TECHNOLOGY (ICT),Rajarata University of Sri Lanka,AMPARA,0.8770,value,6,2,0.8770
COP2223-137,,INFORMATION AND COMMUNICATION TECHNOLOGY (ICT),Rajarata University of Sri Lanka,PUTTALAM,0.8809,value,6,2,0.8809
COP2223-137,,INFORMATION AND COMMUNICATION TECHNOLOGY (ICT),Rajarata University of Sri Lanka,KURUNEGALA,0.8900,value,6,2,0.8900
COP2223-137,,INFORMATION AND COMMUNICATION TECHNOLOGY (ICT),Rajarata University of Sri Lanka,ANURADHAPURA,0.8672,value,6,2,0.8672
COP2223-137,,INFORMATION AND COMMUNICATION TECHNOLOGY (ICT),Rajarata University of Sri Lanka,POLONNARUWA,,NQC,6,2,NQC
COP2223-137,,INFORMATION AND COMMUNICATION TECHNOLOGY (ICT),Rajarata University of Sri Lanka,BADULLA,0.9184,value,6,2,0.9184
COP2223-137,,INFORMATION AND COMMUNICATION TECHNOLOGY (ICT),Rajarata University of Sri Lanka,MONARAGALA,,NQC,6,2,NQC
COP2223-137,,INFORMATION AND COMMUNICATION TECHNOLOGY (ICT),Rajarata University of Sri Lanka,KEGALLE,0.9015,value,6,2,0.9015
COP2223-137,,INFORMATION AND COMMUNICATION TECHNOLOGY (ICT),Rajarata University of Sri Lanka,RATNAPURA,0.9586,value,6,2,0.9586
COP2223-138,,INFORMATION AND COMMUNICATION TECHNOLOGY (ICT),"University of Vavuniya, Sri Lanka",COLOMBO,0.5421,value,6,3,0.5421
COP2223-138,,INFORMATION AND COMMUNICATION TECHNOLOGY (ICT),"University of Vavuniya, Sri Lanka",GAMPAHA,0.5642,value,6,3,0.5642
COP2223-138,,INFORMATION AND COMMUNICATION TECHNOLOGY (ICT),"University of Vavuniya, Sri Lanka",KALUTARA,0.7297,value,6,3,0.7297
COP2223-138,,INFORMATION AND COMMUNICATION TECHNOLOGY (ICT),"University of Vavuniya, Sri Lanka",MATALE,0.6595,value,6,3,0.6595
COP2223-138,,INFORMATION AND COMMUNICATION TECHNOLOGY (ICT),"University of Vavuniya, Sri Lanka",KANDY,0.7592,value,6,3,0.7592
COP2223-138,,INFORMATION AND COMMUNICATION TECHNOLOGY (ICT),"University of Vavuniya, Sri Lanka",NUWARA ELIYA,0.1790,value,6,3,0.1790
COP2223-138,,INFORMATION AND COMMUNICATION TECHNOLOGY (ICT),"University of Vavuniya, Sri Lanka",GALLE,0.6911,value,6,3,0.6911
COP2223-138,,INFORMATION AND COMMUNICATION TECHNOLOGY (ICT),"University of Vavuniya, Sri Lanka",MATARA,0.7513,value,6,3,0.7513
COP2223-138,,INFORMATION AND COMMUNICATION TECHNOLOGY (ICT),"University of Vavuniya, Sri Lanka",HAMBANTOTA,0.8136,value,6,3,0.8136
COP2223-138,,INFORMATION AND COMMUNICATION TECHNOLOGY (ICT),"University of Vavuniya, Sri Lanka",JAFFNA,0.9618,value,6,3,0.9618
COP2223-138,,INFORMATION AND COMMUNICATION TECHNOLOGY (ICT),"University of Vavuniya, Sri Lanka",KILINOCHCHI,0.5043,value,6,3,0.5043
COP2223-138,,INFORMATION AND COMMUNICATION TECHNOLOGY (ICT),"University of Vavuniya, Sri Lanka",MANNAR,0.8460,value,6,3,0.8460
COP2223-138,,INFORMATION AND COMMUNICATION TECHNOLOGY (ICT),"University of Vavuniya, Sri Lanka",MULLAITIVU,1.1284,value,6,3,1.1284
COP2223-138,,INFORMATION AND COMMUNICATION TECHNOLOGY (ICT),"University of Vavuniya, Sri Lanka",VAVUNIYA,0.7217,value,6,3,0.7217
COP2223-138,,INFORMATION AND COMMUNICATION TECHNOLOGY (ICT),"University of Vavuniya, Sri Lanka",TRINCOMALEE,0.5191,value,6,3,0.5191
COP2223-138,,INFORMATION AND COMMUNICATION TECHNOLOGY (ICT),"University of Vavuniya, Sri Lanka",BATTICALOA,0.7440,value,6,3,0.7440
COP2223-138,,INFORMATION AND COMMUNICATION TECHNOLOGY (ICT),"University of Vavuniya, Sri Lanka",AMPARA,0.7846,value,6,3,0.7846
COP2223-138,,INFORMATION AND COMMUNICATION TECHNOLOGY (ICT),"University of Vavuniya, Sri Lanka",PUTTALAM,0.0527,value,6,3,0.0527
COP2223-138,,INFORMATION AND COMMUNICATION TECHNOLOGY (ICT),"University of Vavuniya, Sri Lanka",KURUNEGALA,0.6661,value,6,3,0.6661
COP2223-138,,INFORMATION AND COMMUNICATION TECHNOLOGY (ICT),"University of Vavuniya, Sri Lanka",ANURADHAPURA,0.5470,value,6,3,0.5470
COP2223-138,,INFORMATION AND COMMUNICATION TECHNOLOGY (ICT),"University of Vavuniya, Sri Lanka",POLONNARUWA,0.3448,value,6,3,0.3448
COP2223-138,,INFORMATION AND COMMUNICATION TECHNOLOGY (ICT),"University of Vavuniya, Sri Lanka",BADULLA,0.4432,value,6,3,0.4432
COP2223-138,,INFORMATION AND COMMUNICATION TECHNOLOGY (ICT),"University of Vavuniya, Sri Lanka",MONARAGALA,0.2875,value,6,3,0.2875
COP2223-138,,INFORMATION AND COMMUNICATION TECHNOLOGY (ICT),"University of Vavuniya, Sri Lanka",KEGALLE,0.7922,value,6,3,0.7922
COP2223-138,,INFORMATION AND COMMUNICATION TECHNOLOGY (ICT),"University of Vavuniya, Sri Lanka",RATNAPURA,0.4803,value,6,3,0.4803
COP2223-139,,INFORMATION SYSTEMS,University of Colombo School of Computing,COLOMBO,1.1812,value,6,4,1.1812
COP2223-139,,INFORMATION SYSTEMS,University of Colombo School of Computing,GAMPAHA,1.2055,value,6,4,1.2055
COP2223-139,,INFORMATION SYSTEMS,University of Colombo School of Computing,KALUTARA,1.2078,value,6,4,1.2078
COP2223-139,,INFORMATION SYSTEMS,University of Colombo School of Computing,MATALE,,NQC,6,4,NQC
COP2223-139,,INFORMATION SYSTEMS,University of Colombo School of Computing,KANDY,1.2129,value,6,4,1.2129
COP2223-139,,INFORMATION SYSTEMS,University of Colombo School of Computing,NUWARA ELIYA,1.2299,value,6,4,1.2299
COP2223-139,,INFORMATION SYSTEMS,University of Colombo School of Computing,GALLE,1.1780,value,6,4,1.1780
COP2223-139,,INFORMATION SYSTEMS,University of Colombo School of Computing,MATARA,1.2019,value,6,4,1.2019
COP2223-139,,INFORMATION SYSTEMS,University of Colombo School of Computing,HAMBANTOTA,1.3559,value,6,4,1.3559
COP2223-139,,INFORMATION SYSTEMS,University of Colombo School of Computing,JAFFNA,1.2029,value,6,4,1.2029
COP2223-139,,INFORMATION SYSTEMS,University of Colombo School of Computing,KILINOCHCHI,,NQC,6,4,NQC
COP2223-139,,INFORMATION SYSTEMS,University of Colombo School of Computing,MANNAR,1.2409,value,6,4,1.2409
COP2223-139,,INFORMATION SYSTEMS,University of Colombo School of Computing,MULLAITIVU,,NQC,6,4,NQC
COP2223-139,,INFORMATION SYSTEMS,University of Colombo School of Computing,VAVUNIYA,,NQC,6,4,NQC
COP2223-139,,INFORMATION SYSTEMS,University of Colombo School of Computing,TRINCOMALEE,,NQC,6,4,NQC
COP2223-139,,INFORMATION SYSTEMS,University of Colombo School of Computing,BATTICALOA,1.2695,value,6,4,1.2695
COP2223-139,,INFORMATION SYSTEMS,University of Colombo School of Computing,AMPARA,1.3610,value,6,4,1.3610
COP2223-139,,INFORMATION SYSTEMS,University of Colombo School of Computing,PUTTALAM,,NQC,6,4,NQC
COP2223-139,,INFORMATION SYSTEMS,University of Colombo School of Computing,KURUNEGALA,1.3119,value,6,4,1.3119
COP2223-139,,INFORMATION SYSTEMS,University of Colombo School of Computing,ANURADHAPURA,1.2306,value,6,4,1.2306
COP2223-139,,INFORMATION SYSTEMS,University of Colombo School of Computing,POLONNARUWA,,NQC,6,4,NQC
COP2223-139,,INFORMATION SYSTEMS,University of Colombo School of Computing,BADULLA,2.1134,value,6,4,2.1134
COP2223-139,,INFORMATION SYSTEMS,University of Colombo School of Computing,MONARAGALA,,NQC,6,4,NQC
COP2223-139,,INFORMATION SYSTEMS,University of Colombo School of Computing,KEGALLE,1.1952,value,6,4,1.1952
COP2223-139,,INFORMATION SYSTEMS,University of Colombo School of Computing,RATNAPURA,1.2978,value,6,4,1.2978
COP2223-140,,INFORMATION SYSTEMS,University of Sri Jayewardenepura,COLOMBO,1.1415,value,6,5,1.1415
COP2223-140,,INFORMATION SYSTEMS,University of Sri Jayewardenepura,GAMPAHA,1.1482,value,6,5,1.1482
COP2223-140,,INFORMATION SYSTEMS,University of Sri Jayewardenepura,KALUTARA,1.2117,value,6,5,1.2117
COP2223-140,,INFORMATION SYSTEMS,University of Sri Jayewardenepura,MATALE,1.5958,value,6,5,1.5958
COP2223-140,,INFORMATION SYSTEMS,University of Sri Jayewardenepura,KANDY,1.3269,value,6,5,1.3269
COP2223-140,,INFORMATION SYSTEMS,University of Sri Jayewardenepura,NUWARA ELIYA,,NQC,6,5,NQC
COP2223-140,,INFORMATION SYSTEMS,University of Sri Jayewardenepura,GALLE,1.1591,value,6,5,1.1591
COP2223-140,,INFORMATION SYSTEMS,University of Sri Jayewardenepura,MATARA,,NQC,6,5,NQC
COP2223-140,,INFORMATION SYSTEMS,University of Sri Jayewardenepura,HAMBANTOTA,1.2605,value,6,5,1.2605
COP2223-140,,INFORMATION SYSTEMS,University of Sri Jayewardenepura,JAFFNA,,NQC,6,5,NQC
COP2223-140,,INFORMATION SYSTEMS,University of Sri Jayewardenepura,KILINOCHCHI,,NQC,6,5,NQC
COP2223-140,,INFORMATION SYSTEMS,University of Sri Jayewardenepura,MANNAR,,NQC,6,5,NQC
COP2223-140,,INFORMATION SYSTEMS,University of Sri Jayewardenepura,MULLAITIVU,,NQC,6,5,NQC
COP2223-140,,INFORMATION SYSTEMS,University of Sri Jayewardenepura,VAVUNIYA,,NQC,6,5,NQC
COP2223-140,,INFORMATION SYSTEMS,University of Sri Jayewardenepura,TRINCOMALEE,,NQC,6,5,NQC
COP2223-140,,INFORMATION SYSTEMS,University of Sri Jayewardenepura,BATTICALOA,,NQC,6,5,NQC
COP2223-140,,INFORMATION SYSTEMS,University of Sri Jayewardenepura,AMPARA,,NQC,6,5,NQC
COP2223-140,,INFORMATION SYSTEMS,University of Sri Jayewardenepura,PUTTALAM,1.1742,value,6,5,1.1742
COP2223-140,,INFORMATION SYSTEMS,University of Sri Jayewardenepura,KURUNEGALA,1.1651,value,6,5,1.1651
COP2223-140,,INFORMATION SYSTEMS,University of Sri Jayewardenepura,ANURADHAPURA,,NQC,6,5,NQC
COP2223-140,,INFORMATION SYSTEMS,University of Sri Jayewardenepura,POLONNARUWA,,NQC,6,5,NQC
COP2223-140,,INFORMATION SYSTEMS,University of Sri Jayewardenepura,BADULLA,,NQC,6,5,NQC
COP2223-140,,INFORMATION SYSTEMS,University of Sri Jayewardenepura,MONARAGALA,,NQC,6,5,NQC
COP2223-140,,INFORMATION SYSTEMS,University of Sri Jayewardenepura,KEGALLE,1.4896,value,6,5,1.4896
COP2223-140,,INFORMATION SYSTEMS,University of Sri Jayewardenepura,RATNAPURA,1.1581,value,6,5,1.1581
COP2223-141,,INFORMATION SYSTEMS,University of Sabaragamuwa,COLOMBO,0.9414,value,6,6,0.9414
COP2223-141,,INFORMATION SYSTEMS,University of Sabaragamuwa,GAMPAHA,0.4499,value,6,6,0.4499
COP2223-141,,INFORMATION SYSTEMS,University of Sabaragamuwa,KALUTARA,0.3636,value,6,6,0.3636
COP2223-141,,INFORMATION SYSTEMS,University of Sabaragamuwa,MATALE,0.2153,value,6,6,0.2153
COP2223-141,,INFORMATION SYSTEMS,University of Sabaragamuwa,KANDY,0.2190,value,6,6,0.2190
COP2223-141,,INFORMATION SYSTEMS,University of Sabaragamuwa,NUWARA ELIYA,0.2643,value,6,6,0.2643
COP2223-141,,INFORMATION SYSTEMS,University of Sabaragamuwa,GALLE,0.7929,value,6,6,0.7929
COP2223-141,,INFORMATION SYSTEMS,University of Sabaragamuwa,MATARA,0.4869,value,6,6,0.4869
COP2223-141,,INFORMATION SYSTEMS,University of Sabaragamuwa,HAMBANTOTA,0.2568,value,6,6,0.2568
COP2223-141,,INFORMATION SYSTEMS,University of Sabaragamuwa,JAFFNA,0.2557,value,6,6,0.2557
COP2223-141,,INFORMATION SYSTEMS,University of Sabaragamuwa,KILINOCHCHI,,NQC,6,6,NQC
COP2223-141,,INFORMATION SYSTEMS,University of Sabaragamuwa,MANNAR,0.2580,value,6,6,0.2580
COP2223-141,,INFORMATION SYSTEMS,University of Sabaragamuwa,MULLAITIVU,,NQC,6,6,NQC
COP2223-141,,INFORMATION SYSTEMS,University of Sabaragamuwa,VAVUNIYA,0.3714,value,6,6,0.3714
COP2223-141,,INFORMATION SYSTEMS,University of Sabaragamuwa,TRINCOMALEE,0.3894,value,6,6,0.3894
COP2223-141,,INFORMATION SYSTEMS,University of Sabaragamuwa,BATTICALOA,0.3894,value,6,6,0.3894
COP2223-141,,INFORMATION SYSTEMS,University of Sabaragamuwa,AMPARA,0.4487,value,6,6,0.4487
COP2223-141,,INFORMATION SYSTEMS,University of Sabaragamuwa,PUTTALAM,0.7094,value,6,6,0.7094
COP2223-141,,INFORMATION SYSTEMS,University of Sabaragamuwa,KURUNEGALA,0.2528,value,6,6,0.2528
COP2223-141,,INFORMATION SYSTEMS,University of Sabaragamuwa,ANURADHAPURA,0.4688,value,6,6,0.4688
COP2223-141,,INFORMATION SYSTEMS,University of Sabaragamuwa,POLONNARUWA,0.4235,value,6,6,0.4235
COP2223-141,,INFORMATION SYSTEMS,University of Sabaragamuwa,BADULLA,0.2804,value,6,6,0.2804
COP2223-141,,INFORMATION SYSTEMS,University of Sabaragamuwa,MONARAGALA,0.4453,value,6,6,0.4453
COP2223-141,,INFORMATION SYSTEMS,University of Sabaragamuwa,KEGALLE,0.5680,value,6,6,0.5680
COP2223-141,,INFORMATION SYSTEMS,University of Sabaragamuwa,RATNAPURA,0.3236,value,6,6,0.3236
COP2223-142,,SOFTWARE ENGINEERING,University of Sri Jayewardenepura,COLOMBO,1.4818,value,6,7,1.4818
COP2223-142,,SOFTWARE ENGINEERING,University of Sri Jayewardenepura,GAMPAHA,1.4876,value,6,7,1.4876
COP2223-142,,SOFTWARE ENGINEERING,University of Sri Jayewardenepura,KALUTARA,1.4958,value,6,7,1.4958
COP2223-142,,SOFTWARE ENGINEERING,University of Sri Jayewardenepura,MATALE,,NQC,6,7,NQC
COP2223-142,,SOFTWARE ENGINEERING,University of Sri Jayewardenepura,KANDY,1.4830,value,6,7,1.4830
COP2223-142,,SOFTWARE ENGINEERING,University of Sri Jayewardenepura,NUWARA ELIYA,,NQC,6,7,NQC
COP2223-142,,SOFTWARE ENGINEERING,University of Sri Jayewardenepura,GALLE,1.4822,value,6,7,1.4822
COP2223-142,,SOFTWARE ENGINEERING,University of Sri Jayewardenepura,MATARA,1.4852,value,6,7,1.4852
COP2223-142,,SOFTWARE ENGINEERING,University of Sri Jayewardenepura,HAMBANTOTA,1.5052,value,6,7,1.5052
COP2223-142,,SOFTWARE ENGINEERING,University of Sri Jayewardenepura,JAFFNA,1.5082,value,6,7,1.5082
COP2223-142,,SOFTWARE ENGINEERING,University of Sri Jayewardenepura,KILINOCHCHI,,NQC,6,7,NQC
COP2223-142,,SOFTWARE ENGINEERING,University of Sri Jayewardenepura,MANNAR,,NQC,6,7,NQC
COP2223-142,,SOFTWARE ENGINEERING,University of Sri Jayewardenepura,MULLAITIVU,,NQC,6,7,NQC
COP2223-142,,SOFTWARE ENGINEERING,University of Sri Jayewardenepura,VAVUNIYA,1.4905,value,6,7,1.4905
COP2223-142,,SOFTWARE ENGINEERING,University of Sri Jayewardenepura,TRINCOMALEE,,NQC,6,7,NQC
COP2223-142,,SOFTWARE ENGINEERING,University of Sri Jayewardenepura,BATTICALOA,,NQC,6,7,NQC
COP2223-142,,SOFTWARE ENGINEERING,University of Sri Jayewardenepura,AMPARA,1.5052,value,6,7,1.5052
COP2223-142,,SOFTWARE ENGINEERING,University of Sri Jayewardenepura,PUTTALAM,,NQC,6,7,NQC
COP2223-142,,SOFTWARE ENGINEERING,University of Sri Jayewardenepura,KURUNEGALA,1.4925,value,6,7,1.4925
COP2223-142,,SOFTWARE ENGINEERING,University of Sri Jayewardenepura,ANURADHAPURA,1.4966,value,6,7,1.4966
COP2223-142,,SOFTWARE ENGINEERING,University of Sri Jayewardenepura,POLONNARUWA,,NQC,6,7,NQC
COP2223-142,,SOFTWARE ENGINEERING,University of Sri Jayewardenepura,BADULLA,1.4869,value,6,7,1.4869
COP2223-142,,SOFTWARE ENGINEERING,University of Sri Jayewardenepura,MONARAGALA,,NQC,6,7,NQC
COP2223-142,,SOFTWARE ENGINEERING,University of Sri Jayewardenepura,KEGALLE,1.4864,value,6,7,1.4864
COP2223-142,,SOFTWARE ENGINEERING,University of Sri Jayewardenepura,RATNAPURA,1.4965,value,6,7,1.4965
COP2223-143,,SOFTWARE ENGINEERING,University of Kelaniya,COLOMBO,1.5372,value,6,8,1.5372
COP2223-143,,SOFTWARE ENGINEERING,University of Kelaniya,GAMPAHA,1.5317,value,6,8,1.5317
COP2223-143,,SOFTWARE ENGINEERING,University of Kelaniya,KALUTARA,1.5365,value,6,8,1.5365
COP2223-143,,SOFTWARE ENGINEERING,University of Kelaniya,MATALE,,NQC,6,8,NQC
COP2223-143,,SOFTWARE ENGINEERING,University of Kelaniya,KANDY,1.5189,value,6,8,1.5189
COP2223-143,,SOFTWARE ENGINEERING,University of Kelaniya,NUWARA ELIYA,,NQC,6,8,NQC
COP2223-143,,SOFTWARE ENGINEERING,University of Kelaniya,GALLE,1.5465,value,6,8,1.5465
COP2223-143,,SOFTWARE ENGINEERING,University of Kelaniya,MATARA,1.5372,value,6,8,1.5372
COP2223-143,,SOFTWARE ENGINEERING,University of Kelaniya,HAMBANTOTA,1.5143,value,6,8,1.5143
COP2223-143,,SOFTWARE ENGINEERING,University of Kelaniya,JAFFNA,1.5199,value,6,8,1.5199
COP2223-143,,SOFTWARE ENGINEERING,University of Kelaniya,KILINOCHCHI,,NQC,6,8,NQC
COP2223-143,,SOFTWARE ENGINEERING,University of Kelaniya,MANNAR,,NQC,6,8,NQC
COP2223-143,,SOFTWARE ENGINEERING,University of Kelaniya,MULLAITIVU,1.5418,value,6,8,1.5418
COP2223-143,,SOFTWARE ENGINEERING,University of Kelaniya,VAVUNIYA,,NQC,6,8,NQC
COP2223-143,,SOFTWARE ENGINEERING,University of Kelaniya,TRINCOMALEE,,NQC,6,8,NQC
COP2223-143,,SOFTWARE ENGINEERING,University of Kelaniya,BATTICALOA,,NQC,6,8,NQC
COP2223-143,,SOFTWARE ENGINEERING,University of Kelaniya,AMPARA,,NQC,6,8,NQC
COP2223-143,,SOFTWARE ENGINEERING,University of Kelaniya,PUTTALAM,,NQC,6,8,NQC
COP2223-143,,SOFTWARE ENGINEERING,University of Kelaniya,KURUNEGALA,1.5466,value,6,8,1.5466
COP2223-143,,SOFTWARE ENGINEERING,University of Kelaniya,ANURADHAPURA,,NQC,6,8,NQC
COP2223-143,,SOFTWARE ENGINEERING,University of Kelaniya,POLONNARUWA,,NQC,6,8,NQC
COP2223-143,,SOFTWARE ENGINEERING,University of Kelaniya,BADULLA,,NQC,6,8,NQC
COP2223-143,,SOFTWARE ENGINEERING,University of Kelaniya,MONARAGALA,1.5679,value,6,8,1.5679
COP2223-143,,SOFTWARE ENGINEERING,University of Kelaniya,KEGALLE,1.5653,value,6,8,1.5653
COP2223-143,,SOFTWARE ENGINEERING,University of Kelaniya,RATNAPURA,1.5318,value,6,8,1.5318
COP2223-144,,SOFTWARE ENGINEERING,Sabaragamuwa University of Sri Lanka,COLOMBO,1.3875,value,6,9,1.3875
COP2223-144,,SOFTWARE ENGINEERING,Sabaragamuwa University of Sri Lanka,GAMPAHA,1.3388,value,6,9,1.3388
COP2223-144,,SOFTWARE ENGINEERING,Sabaragamuwa University of Sri Lanka,KALUTARA,,NQC,6,9,NQC
COP2223-144,,SOFTWARE ENGINEERING,Sabaragamuwa University of Sri Lanka,MATALE,1.1888,value,6,9,1.1888
COP2223-144,,SOFTWARE ENGINEERING,Sabaragamuwa University of Sri Lanka,KANDY,1.4210,value,6,9,1.4210
COP2223-144,,SOFTWARE ENGINEERING,Sabaragamuwa University of Sri Lanka,NUWARA ELIYA,0.8187,value,6,9,0.8187
COP2223-144,,SOFTWARE ENGINEERING,Sabaragamuwa University of Sri Lanka,GALLE,1.4546,value,6,9,1.4546
COP2223-144,,SOFTWARE ENGINEERING,Sabaragamuwa University of Sri Lanka,MATARA,,NQC,6,9,NQC
COP2223-144,,SOFTWARE ENGINEERING,Sabaragamuwa University of Sri Lanka,HAMBANTOTA,,NQC,6,9,NQC
COP2223-144,,SOFTWARE ENGINEERING,Sabaragamuwa University of Sri Lanka,JAFFNA,1.6124,value,6,9,1.6124
COP2223-144,,SOFTWARE ENGINEERING,Sabaragamuwa University of Sri Lanka,KILINOCHCHI,1.1679,value,6,9,1.1679
COP2223-144,,SOFTWARE ENGINEERING,Sabaragamuwa University of Sri Lanka,MANNAR,1.1122,value,6,9,1.1122
COP2223-144,,SOFTWARE ENGINEERING,Sabaragamuwa University of Sri Lanka,MULLAITIVU,1.0084,value,6,9,1.0084
COP2223-144,,SOFTWARE ENGINEERING,Sabaragamuwa University of Sri Lanka,VAVUNIYA,,NQC,6,9,NQC
COP2223-144,,SOFTWARE ENGINEERING,Sabaragamuwa University of Sri Lanka,TRINCOMALEE,1.1570,value,6,9,1.1570
COP2223-144,,SOFTWARE ENGINEERING,Sabaragamuwa University of Sri Lanka,BATTICALOA,1.3163,value,6,9,1.3163
COP2223-144,,SOFTWARE ENGINEERING,Sabaragamuwa University of Sri Lanka,AMPARA,1.1844,value,6,9,1.1844
COP2223-144,,SOFTWARE ENGINEERING,Sabaragamuwa University of Sri Lanka,PUTTALAM,1.1462,value,6,9,1.1462
COP2223-144,,SOFTWARE ENGINEERING,Sabaragamuwa University of Sri Lanka,KURUNEGALA,1.3908,value,6,9,1.3908
COP2223-144,,SOFTWARE ENGINEERING,Sabaragamuwa University of Sri Lanka,ANURADHAPURA,1.2106,value,6,9,1.2106
COP2223-144,,SOFTWARE ENGINEERING,Sabaragamuwa University of Sri Lanka,POLONNARUWA,0.7810,value,6,9,0.7810
COP2223-144,,SOFTWARE ENGINEERING,Sabaragamuwa University of Sri Lanka,BADULLA,1.3114,value,6,9,1.3114
COP2223-144,,SOFTWARE ENGINEERING,Sabaragamuwa University of Sri Lanka,MONARAGALA,1.2427,value,6,9,1.2427
COP2223-144,,SOFTWARE ENGINEERING,Sabaragamuwa University of Sri Lanka,KEGALLE,1.4507,value,6,9,1.4507
COP2223-144,,SOFTWARE ENGINEERING,Sabaragamuwa University of Sri Lanka,RATNAPURA,1.3435,value,6,9,1.3435
COP2223-145,,AYURVEDIC MEDICINE & SURGERY,University of Colombo,COLOMBO,1.1413,value,6,10,1.1413
COP2223-145,,AYURVEDIC MEDICINE & SURGERY,University of Colombo,GAMPAHA,1.1320,value,6,10,1.1320
COP2223-145,,AYURVEDIC MEDICINE & SURGERY,University of Colombo,KALUTARA,1.1161,value,6,10,1.1161
COP2223-145,,AYURVEDIC MEDICINE & SURGERY,University of Colombo,MATALE,1.1834,value,6,10,1.1834
COP2223-145,,AYURVEDIC MEDICINE & SURGERY,University of Colombo,KANDY,1.1161,value,6,10,1.1161
COP2223-145,,AYURVEDIC MEDICINE & SURGERY,University of Colombo,NUWARA ELIYA,,NQC,6,10,NQC
COP2223-145,,AYURVEDIC MEDICINE & SURGERY,University of Colombo,GALLE,1.1543,value,6,10,1.1543
COP2223-145,,AYURVEDIC MEDICINE & SURGERY,University of Colombo,MATARA,1.1339,value,6,10,1.1339
COP2223-145,,AYURVEDIC MEDICINE & SURGERY,University of Colombo,HAMBANTOTA,1.1243,value,6,10,1.1243
COP2223-145,,AYURVEDIC MEDICINE & SURGERY,University of Colombo,JAFFNA,1.1722,value,6,10,1.1722
COP2223-145,,AYURVEDIC MEDICINE & SURGERY,University of Colombo,KILINOCHCHI,,NQC,6,10,NQC
COP2223-145,,AYURVEDIC MEDICINE & SURGERY,University of Colombo,MANNAR,,NQC,6,10,NQC
COP2223-145,,AYURVEDIC MEDICINE & SURGERY,University of Colombo,MULLAITIVU,,NQC,6,10,NQC
COP2223-145,,AYURVEDIC MEDICINE & SURGERY,University of Colombo,VAVUNIYA,1.1909,value,6,10,1.1909
COP2223-145,,AYURVEDIC MEDICINE & SURGERY,University of Colombo,TRINCOMALEE,1.1224,value,6,10,1.1224
COP2223-145,,AYURVEDIC MEDICINE & SURGERY,University of Colombo,BATTICALOA,1.1111,value,6,10,1.1111
COP2223-145,,AYURVEDIC MEDICINE & SURGERY,University of Colombo,AMPARA,1.1254,value,6,10,1.1254
COP2223-145,,AYURVEDIC MEDICINE & SURGERY,University of Colombo,PUTTALAM,1.1243,value,6,10,1.1243
COP2223-145,,AYURVEDIC MEDICINE & SURGERY,University of Colombo,KURUNEGALA,1.1356,value,6,10,1.1356
COP2223-145,,AYURVEDIC MEDICINE & SURGERY,University of Colombo,ANURADHAPURA,1.1566,value,6,10,1.1566
COP2223-145,,AYURVEDIC MEDICINE & SURGERY,University of Colombo,POLONNARUWA,1.1235,value,6,10,1.1235
COP2223-145,,AYURVEDIC MEDICINE & SURGERY,University of Colombo,BADULLA,1.1301,value,6,10,1.1301
COP2223-145,,AYURVEDIC MEDICINE & SURGERY,University of Colombo,MONARAGALA,1.1112,value,6,10,1.1112
COP2223-145,,AYURVEDIC MEDICINE & SURGERY,University of Colombo,KEGALLE,1.1391,value,6,10,1.1391
COP2223-145,,AYURVEDIC MEDICINE & SURGERY,University of Colombo,RATNAPURA,1.1219,value,6,10,1.1219
COP2223-146,,AYURVEDIC MEDICINE & SURGERY,"The Gampaha Wickramarachchi University of Indigenous Medicine, Sri Lanka",COLOMBO,0.8453,value,6,11,0.8453
COP2223-146,,AYURVEDIC MEDICINE & SURGERY,"The Gampaha Wickramarachchi University of Indigenous Medicine, Sri Lanka",GAMPAHA,0.7884,value,6,11,0.7884
COP2223-146,,AYURVEDIC MEDICINE & SURGERY,"The Gampaha Wickramarachchi University of Indigenous Medicine, Sri Lanka",KALUTARA,1.0163,value,6,11,1.0163
COP2223-146,,AYURVEDIC MEDICINE & SURGERY,"The Gampaha Wickramarachchi University of Indigenous Medicine, Sri Lanka",MATALE,0.7967,value,6,11,0.7967
COP2223-146,,AYURVEDIC MEDICINE & SURGERY,"The Gampaha Wickramarachchi University of Indigenous Medicine, Sri Lanka",KANDY,0.8989,value,6,11,0.8989
COP2223-146,,AYURVEDIC MEDICINE & SURGERY,"The Gampaha Wickramarachchi University of Indigenous Medicine, Sri Lanka",NUWARA ELIYA,0.7445,value,6,11,0.7445
COP2223-146,,AYURVEDIC MEDICINE & SURGERY,"The Gampaha Wickramarachchi University of Indigenous Medicine, Sri Lanka",GALLE,1.0044,value,6,11,1.0044
COP2223-146,,AYURVEDIC MEDICINE & SURGERY,"The Gampaha Wickramarachchi University of Indigenous Medicine, Sri Lanka",MATARA,1.1313,value,6,11,1.1313
COP2223-146,,AYURVEDIC MEDICINE & SURGERY,"The Gampaha Wickramarachchi University of Indigenous Medicine, Sri Lanka",HAMBANTOTA,1.1018,value,6,11,1.1018
COP2223-146,,AYURVEDIC MEDICINE & SURGERY,"The Gampaha Wickramarachchi University of Indigenous Medicine, Sri Lanka",JAFFNA,0.8635,value,6,11,0.8635
COP2223-146,,AYURVEDIC MEDICINE & SURGERY,"The Gampaha Wickramarachchi University of Indigenous Medicine, Sri Lanka",KILINOCHCHI,0.6676,value,6,11,0.6676
COP2223-146,,AYURVEDIC MEDICINE & SURGERY,"The Gampaha Wickramarachchi University of Indigenous Medicine, Sri Lanka",MANNAR,0.8186,value,6,11,0.8186
COP2223-146,,AYURVEDIC MEDICINE & SURGERY,"The Gampaha Wickramarachchi University of Indigenous Medicine, Sri Lanka",MULLAITIVU,1.1659,value,6,11,1.1659
COP2223-146,,AYURVEDIC MEDICINE & SURGERY,"The Gampaha Wickramarachchi University of Indigenous Medicine, Sri Lanka",VAVUNIYA,1.0654,value,6,11,1.0654
COP2223-146,,AYURVEDIC MEDICINE & SURGERY,"The Gampaha Wickramarachchi University of Indigenous Medicine, Sri Lanka",TRINCOMALEE,1.0945,value,6,11,1.0945
COP2223-146,,AYURVEDIC MEDICINE & SURGERY,"The Gampaha Wickramarachchi University of Indigenous Medicine, Sri Lanka",BATTICALOA,1.0738,value,6,11,1.0738
COP2223-146,,AYURVEDIC MEDICINE & SURGERY,"The Gampaha Wickramarachchi University of Indigenous Medicine, Sri Lanka",AMPARA,1.1254,value,6,11,1.1254
COP2223-146,,AYURVEDIC MEDICINE & SURGERY,"The Gampaha Wickramarachchi University of Indigenous Medicine, Sri Lanka",PUTTALAM,1.0073,value,6,11,1.0073
COP2223-146,,AYURVEDIC MEDICINE & SURGERY,"The Gampaha Wickramarachchi University of Indigenous Medicine, Sri Lanka",KURUNEGALA,0.9420,value,6,11,0.9420
COP2223-146,,AYURVEDIC MEDICINE & SURGERY,"The Gampaha Wickramarachchi University of Indigenous Medicine, Sri Lanka",ANURADHAPURA,0.9020,value,6,11,0.9020
COP2223-146,,AYURVEDIC MEDICINE & SURGERY,"The Gampaha Wickramarachchi University of Indigenous Medicine, Sri Lanka",POLONNARUWA,0.9141,value,6,11,0.9141
COP2223-146,,AYURVEDIC MEDICINE & SURGERY,"The Gampaha Wickramarachchi University of Indigenous Medicine, Sri Lanka",BADULLA,1.0792,value,6,11,1.0792
COP2223-146,,AYURVEDIC MEDICINE & SURGERY,"The Gampaha Wickramarachchi University of Indigenous Medicine, Sri Lanka",MONARAGALA,1.0548,value,6,11,1.0548
COP2223-146,,AYURVEDIC MEDICINE & SURGERY,"The Gampaha Wickramarachchi University of Indigenous Medicine, Sri Lanka",KEGALLE,0.9274,value,6,11,0.9274
COP2223-146,,AYURVEDIC MEDICINE & SURGERY,"The Gampaha Wickramarachchi University of Indigenous Medicine, Sri Lanka",RATNAPURA,0.9978,value,6,11,0.9978
COP2223-147,,UNANI MEDICINE & SURGERY,University of Colombo,COLOMBO,0.9695,value,6,12,0.9695
COP2223-147,,UNANI MEDICINE & SURGERY,University of Colombo,GAMPAHA,0.5901,value,6,12,0.5901
COP2223-147,,UNANI MEDICINE & SURGERY,University of Colombo,KALUTARA,0.7780,value,6,12,0.7780
COP2223-147,,UNANI MEDICINE & SURGERY,University of Colombo,MATALE,1.0833,value,6,12,1.0833
COP2223-147,,UNANI MEDICINE & SURGERY,University of Colombo,KANDY,1.0023,value,6,12,1.0023
COP2223-147,,UNANI MEDICINE & SURGERY,University of Colombo,NUWARA ELIYA,0.5256,value,6,12,0.5256
COP2223-147,,UNANI MEDICINE & SURGERY,University of Colombo,GALLE,0.9355,value,6,12,0.9355
COP2223-147,,UNANI MEDICINE & SURGERY,University of Colombo,MATARA,0.9573,value,6,12,0.9573
COP2223-147,,UNANI MEDICINE & SURGERY,University of Colombo,HAMBANTOTA,0.9321,value,6,12,0.9321
COP2223-147,,UNANI MEDICINE & SURGERY,University of Colombo,JAFFNA,0.7642,value,6,12,0.7642
COP2223-147,,UNANI MEDICINE & SURGERY,University of Colombo,KILINOCHCHI,0.6318,value,6,12,0.6318
COP2223-147,,UNANI MEDICINE & SURGERY,University of Colombo,MANNAR,0.8055,value,6,12,0.8055
COP2223-147,,UNANI MEDICINE & SURGERY,University of Colombo,MULLAITIVU,0.4243,value,6,12,0.4243
COP2223-147,,UNANI MEDICINE & SURGERY,University of Colombo,VAVUNIYA,0.8336,value,6,12,0.8336
COP2223-147,,UNANI MEDICINE & SURGERY,University of Colombo,TRINCOMALEE,1.1875,value,6,12,1.1875
COP2223-147,,UNANI MEDICINE & SURGERY,University of Colombo,BATTICALOA,1.2597,value,6,12,1.2597
COP2223-147,,UNANI MEDICINE & SURGERY,University of Colombo,AMPARA,1.3318,value,6,12,1.3318
COP2223-147,,UNANI MEDICINE & SURGERY,University of Colombo,PUTTALAM,1.3224,value,6,12,1.3224
COP2223-147,,UNANI MEDICINE & SURGERY,University of Colombo,KURUNEGALA,1.0916,value,6,12,1.0916
COP2223-147,,UNANI MEDICINE & SURGERY,University of Colombo,ANURADHAPURA,0.8270,value,6,12,0.8270
COP2223-147,,UNANI MEDICINE & SURGERY,University of Colombo,POLONNARUWA,1.0630,value,6,12,1.0630
COP2223-147,,UNANI MEDICINE & SURGERY,University of Colombo,BADULLA,0.7582,value,6,12,0.7582
COP2223-147,,UNANI MEDICINE & SURGERY,University of Colombo,MONARAGALA,0.8588,value,6,12,0.8588
COP2223-147,,UNANI MEDICINE & SURGERY,University of Colombo,KEGALLE,1.2434,value,6,12,1.2434
COP2223-147,,UNANI MEDICINE & SURGERY,University of Colombo,RATNAPURA,0.9244,value,6,12,0.9244
COP2223-148,,SIDDHA MEDICINE & SURGERY,University of Jaffna,COLOMBO,0.5715,value,6,13,0.5715
COP2223-148,,SIDDHA MEDICINE & SURGERY,University of Jaffna,GAMPAHA,-0.4090,value,6,13,-0.4090
COP2223-148,,SIDDHA MEDICINE & SURGERY,University of Jaffna,KALUTARA,0.7340,value,6,13,0.7340
COP2223-148,,SIDDHA MEDICINE & SURGERY,University of Jaffna,MATALE,,NQC,6,13,NQC
COP2223-148,,SIDDHA MEDICINE & SURGERY,University of Jaffna,KANDY,0.5386,value,6,13,0.5386
COP2223-148,,SIDDHA MEDICINE & SURGERY,University of Jaffna,NUWARA ELIYA,0.2839,value,6,13,0.2839
COP2223-148,,SIDDHA MEDICINE & SURGERY,University of Jaffna,GALLE,,NQC,6,13,NQC
COP2223-148,,SIDDHA MEDICINE & SURGERY,University of Jaffna,MATARA,,NQC,6,13,NQC
COP2223-148,,SIDDHA MEDICINE & SURGERY,University of Jaffna,HAMBANTOTA,,NQC,6,13,NQC
COP2223-148,,SIDDHA MEDICINE & SURGERY,University of Jaffna,JAFFNA,0.7470,value,6,13,0.7470
COP2223-148,,SIDDHA MEDICINE & SURGERY,University of Jaffna,KILINOCHCHI,0.6740,value,6,13,0.6740
COP2223-148,,SIDDHA MEDICINE & SURGERY,University of Jaffna,MANNAR,0.6423,value,6,13,0.6423
COP2223-148,,SIDDHA MEDICINE & SURGERY,University of Jaffna,MULLAITIVU,0.6910,value,6,13,0.6910
COP2223-148,,SIDDHA MEDICINE & SURGERY,University of Jaffna,VAVUNIYA,0.6363,value,6,13,0.6363
COP2223-148,,SIDDHA MEDICINE & SURGERY,University of Jaffna,TRINCOMALEE,0.7539,value,6,13,0.7539
COP2223-148,,SIDDHA MEDICINE & SURGERY,University of Jaffna,BATTICALOA,0.7482,value,6,13,0.7482
COP2223-148,,SIDDHA MEDICINE & SURGERY,University of Jaffna,AMPARA,0.7573,value,6,13,0.7573
COP2223-148,,SIDDHA MEDICINE & SURGERY,University of Jaffna,PUTTALAM,0.5737,value,6,13,0.5737
COP2223-148,,SIDDHA MEDICINE & SURGERY,University of Jaffna,KURUNEGALA,0.5313,value,6,13,0.5313
COP2223-148,,SIDDHA MEDICINE & SURGERY,University of Jaffna,ANURADHAPURA,0.4092,value,6,13,0.4092
COP2223-148,,SIDDHA MEDICINE & SURGERY,University of Jaffna,POLONNARUWA,0.3184,value,6,13,0.3184
COP2223-148,,SIDDHA MEDICINE & SURGERY,University of Jaffna,BADULLA,1.1353,value,6,13,1.1353
COP2223-148,,SIDDHA MEDICINE & SURGERY,University of Jaffna,MONARAGALA,0.0480,value,6,13,0.0480
COP2223-148,,SIDDHA MEDICINE & SURGERY,University of Jaffna,KEGALLE,0.6065,value,6,13,0.6065
COP2223-148,,SIDDHA MEDICINE & SURGERY,University of Jaffna,RATNAPURA,,NQC,6,13,NQC
COP2223-149,,SIDDHA MEDICINE & SURGERY,Eastern University - Trincomalee Campus,COLOMBO,0.4383,value,6,14,0.4383
COP2223-149,,SIDDHA MEDICINE & SURGERY,Eastern University - Trincomalee Campus,GAMPAHA,0.4225,value,6,14,0.4225
COP2223-149,,SIDDHA MEDICINE & SURGERY,Eastern University - Trincomalee Campus,KALUTARA,0.5838,value,6,14,0.5838
COP2223-149,,SIDDHA MEDICINE & SURGERY,Eastern University - Trincomalee Campus,MATALE,0.5883,value,6,14,0.5883
COP2223-149,,SIDDHA MEDICINE & SURGERY,Eastern University - Trincomalee Campus,KANDY,0.5284,value,6,14,0.5284
COP2223-149,,SIDDHA MEDICINE & SURGERY,Eastern University - Trincomalee Campus,NUWARA ELIYA,,NQC,6,14,NQC
COP2223-149,,SIDDHA MEDICINE & SURGERY,Eastern University - Trincomalee Campus,GALLE,0.5437,value,6,14,0.5437
COP2223-149,,SIDDHA MEDICINE & SURGERY,Eastern University - Trincomalee Campus,MATARA,0.5752,value,6,14,0.5752
COP2223-149,,SIDDHA MEDICINE & SURGERY,Eastern University - Trincomalee Campus,HAMBANTOTA,0.6160,value,6,14,0.6160
COP2223-149,,SIDDHA MEDICINE & SURGERY,Eastern University - Trincomalee Campus,JAFFNA,0.8202,value,6,14,0.8202
COP2223-149,,SIDDHA MEDICINE & SURGERY,Eastern University - Trincomalee Campus,KILINOCHCHI,,NQC,6,14,NQC
COP2223-149,,SIDDHA MEDICINE & SURGERY,Eastern University - Trincomalee Campus,MANNAR,,NQC,6,14,NQC
COP2223-149,,SIDDHA MEDICINE & SURGERY,Eastern University - Trincomalee Campus,MULLAITIVU,,NQC,6,14,NQC
COP2223-149,,SIDDHA MEDICINE & SURGERY,Eastern University - Trincomalee Campus,VAVUNIYA,0.8055,value,6,14,0.8055
COP2223-149,,SIDDHA MEDICINE & SURGERY,Eastern University - Trincomalee Campus,TRINCOMALEE,0.8129,value,6,14,0.8129
COP2223-149,,SIDDHA MEDICINE & SURGERY,Eastern University - Trincomalee Campus,BATTICALOA,0.7989,value,6,14,0.7989
COP2223-149,,SIDDHA MEDICINE & SURGERY,Eastern University - Trincomalee Campus,AMPARA,0.7276,value,6,14,0.7276
COP2223-149,,SIDDHA MEDICINE & SURGERY,Eastern University - Trincomalee Campus,PUTTALAM,0.5631,value,6,14,0.5631
COP2223-149,,SIDDHA MEDICINE & SURGERY,Eastern University - Trincomalee Campus,KURUNEGALA,0.5652,value,6,14,0.5652
COP2223-149,,SIDDHA MEDICINE & SURGERY,Eastern University - Trincomalee Campus,ANURADHAPURA,0.4273,value,6,14,0.4273
COP2223-149,,SIDDHA MEDICINE & SURGERY,Eastern University - Trincomalee Campus,POLONNARUWA,0.5996,value,6,14,0.5996
COP2223-149,,SIDDHA MEDICINE & SURGERY,Eastern University - Trincomalee Campus,BADULLA,0.4693,value,6,14,0.4693
COP2223-149,,SIDDHA MEDICINE & SURGERY,Eastern University - Trincomalee Campus,MONARAGALA,0.8132,value,6,14,0.8132
COP2223-149,,SIDDHA MEDICINE & SURGERY,Eastern University - Trincomalee Campus,KEGALLE,0.6019,value,6,14,0.6019
COP2223-149,,SIDDHA MEDICINE & SURGERY,Eastern University - Trincomalee Campus,RATNAPURA,0.4302,value,6,14,0.4302
COP2223-150,,INDIGENOUS MEDICINAL RESOURCES,"The Gampaha Wickramarachchi University of Indigenous Medicine, Sri Lanka",COLOMBO,0.5043,value,6,15,0.5043
COP2223-150,,INDIGENOUS MEDICINAL RESOURCES,"The Gampaha Wickramarachchi University of Indigenous Medicine, Sri Lanka",GAMPAHA,0.4798,value,6,15,0.4798
COP2223-150,,INDIGENOUS MEDICINAL RESOURCES,"The Gampaha Wickramarachchi University of Indigenous Medicine, Sri Lanka",KALUTARA,0.6228,value,6,15,0.6228
COP2223-150,,INDIGENOUS MEDICINAL RESOURCES,"The Gampaha Wickramarachchi University of Indigenous Medicine, Sri Lanka",MATALE,0.5791,value,6,15,0.5791
COP2223-150,,INDIGENOUS MEDICINAL RESOURCES,"The Gampaha Wickramarachchi University of Indigenous Medicine, Sri Lanka",KANDY,0.5812,value,6,15,0.5812
COP2223-150,,INDIGENOUS MEDICINAL RESOURCES,"The Gampaha Wickramarachchi University of Indigenous Medicine, Sri Lanka",NUWARA ELIYA,0.3333,value,6,15,0.3333
COP2223-150,,INDIGENOUS MEDICINAL RESOURCES,"The Gampaha Wickramarachchi University of Indigenous Medicine, Sri Lanka",GALLE,0.6395,value,6,15,0.6395
COP2223-150,,INDIGENOUS MEDICINAL RESOURCES,"The Gampaha Wickramarachchi University of Indigenous Medicine, Sri Lanka",MATARA,0.6093,value,6,15,0.6093
COP2223-150,,INDIGENOUS MEDICINAL RESOURCES,"The Gampaha Wickramarachchi University of Indigenous Medicine, Sri Lanka",HAMBANTOTA,0.6449,value,6,15,0.6449
COP2223-150,,INDIGENOUS MEDICINAL RESOURCES,"The Gampaha Wickramarachchi University of Indigenous Medicine, Sri Lanka",JAFFNA,0.6615,value,6,15,0.6615
COP2223-150,,INDIGENOUS MEDICINAL RESOURCES,"The Gampaha Wickramarachchi University of Indigenous Medicine, Sri Lanka",KILINOCHCHI,0.3229,value,6,15,0.3229
COP2223-150,,INDIGENOUS MEDICINAL RESOURCES,"The Gampaha Wickramarachchi University of Indigenous Medicine, Sri Lanka",MANNAR,0.2385,value,6,15,0.2385
COP2223-150,,INDIGENOUS MEDICINAL RESOURCES,"The Gampaha Wickramarachchi University of Indigenous Medicine, Sri Lanka",MULLAITIVU,0.2822,value,6,15,0.2822
COP2223-150,,INDIGENOUS MEDICINAL RESOURCES,"The Gampaha Wickramarachchi University of Indigenous Medicine, Sri Lanka",VAVUNIYA,0.4235,value,6,15,0.4235
COP2223-150,,INDIGENOUS MEDICINAL RESOURCES,"The Gampaha Wickramarachchi University of Indigenous Medicine, Sri Lanka",TRINCOMALEE,0.6419,value,6,15,0.6419
COP2223-150,,INDIGENOUS MEDICINAL RESOURCES,"The Gampaha Wickramarachchi University of Indigenous Medicine, Sri Lanka",BATTICALOA,0.6362,value,6,15,0.6362
COP2223-150,,INDIGENOUS MEDICINAL RESOURCES,"The Gampaha Wickramarachchi University of Indigenous Medicine, Sri Lanka",AMPARA,0.5632,value,6,15,0.5632
COP2223-150,,INDIGENOUS MEDICINAL RESOURCES,"The Gampaha Wickramarachchi University of Indigenous Medicine, Sri Lanka",PUTTALAM,0.4660,value,6,15,0.4660
COP2223-150,,INDIGENOUS MEDICINAL RESOURCES,"The Gampaha Wickramarachchi University of Indigenous Medicine, Sri Lanka",KURUNEGALA,0.6219,value,6,15,0.6219
COP2223-150,,INDIGENOUS MEDICINAL RESOURCES,"The Gampaha Wickramarachchi University of Indigenous Medicine, Sri Lanka",ANURADHAPURA,0.4326,value,6,15,0.4326
COP2223-150,,INDIGENOUS MEDICINAL RESOURCES,"The Gampaha Wickramarachchi University of Indigenous Medicine, Sri Lanka",POLONNARUWA,0.5682,value,6,15,0.5682
COP2223-150,,INDIGENOUS MEDICINAL RESOURCES,"The Gampaha Wickramarachchi University of Indigenous Medicine, Sri Lanka",BADULLA,0.5296,value,6,15,0.5296
COP2223-150,,INDIGENOUS MEDICINAL RESOURCES,"The Gampaha Wickramarachchi University of Indigenous Medicine, Sri Lanka",MONARAGALA,0.5343,value,6,15,0.5343
COP2223-150,,INDIGENOUS MEDICINAL RESOURCES,"The Gampaha Wickramarachchi University of Indigenous Medicine, Sri Lanka",KEGALLE,0.6335,value,6,15,0.6335
COP2223-150,,INDIGENOUS MEDICINAL RESOURCES,"The Gampaha Wickramarachchi University of Indigenous Medicine, Sri Lanka",RATNAPURA,0.5360,value,6,15,0.5360
COP2223-151,,HEALTH INFORMATION AND COMMUNICATION TECHNOLOGY,"The Gampaha Wickramarachchi University of Indigenous Medicine, Sri Lanka",COLOMBO,0.9894,value,6,16,0.9894
COP2223-151,,HEALTH INFORMATION AND COMMUNICATION TECHNOLOGY,"The Gampaha Wickramarachchi University of Indigenous Medicine, Sri Lanka",GAMPAHA,1.0374,value,6,16,1.0374
COP2223-151,,HEALTH INFORMATION AND COMMUNICATION TECHNOLOGY,"The Gampaha Wickramarachchi University of Indigenous Medicine, Sri Lanka",KALUTARA,1.0609,value,6,16,1.0609
COP2223-151,,HEALTH INFORMATION AND COMMUNICATION TECHNOLOGY,"The Gampaha Wickramarachchi University of Indigenous Medicine, Sri Lanka",MATALE,1.1467,value,6,16,1.1467
COP2223-151,,HEALTH INFORMATION AND COMMUNICATION TECHNOLOGY,"The Gampaha Wickramarachchi University of Indigenous Medicine, Sri Lanka",KANDY,1.0658,value,6,16,1.0658
COP2223-151,,HEALTH INFORMATION AND COMMUNICATION TECHNOLOGY,"The Gampaha Wickramarachchi University of Indigenous Medicine, Sri Lanka",NUWARA ELIYA,1.0474,value,6,16,1.0474
COP2223-151,,HEALTH INFORMATION AND COMMUNICATION TECHNOLOGY,"The Gampaha Wickramarachchi University of Indigenous Medicine, Sri Lanka",GALLE,1.1468,value,6,16,1.1468
COP2223-151,,HEALTH INFORMATION AND COMMUNICATION TECHNOLOGY,"The Gampaha Wickramarachchi University of Indigenous Medicine, Sri Lanka",MATARA,1.1646,value,6,16,1.1646
COP2223-151,,HEALTH INFORMATION AND COMMUNICATION TECHNOLOGY,"The Gampaha Wickramarachchi University of Indigenous Medicine, Sri Lanka",HAMBANTOTA,1.1374,value,6,16,1.1374
COP2223-151,,HEALTH INFORMATION AND COMMUNICATION TECHNOLOGY,"The Gampaha Wickramarachchi University of Indigenous Medicine, Sri Lanka",JAFFNA,0.7980,value,6,16,0.7980
COP2223-151,,HEALTH INFORMATION AND COMMUNICATION TECHNOLOGY,"The Gampaha Wickramarachchi University of Indigenous Medicine, Sri Lanka",KILINOCHCHI,0.2938,value,6,16,0.2938
COP2223-151,,HEALTH INFORMATION AND COMMUNICATION TECHNOLOGY,"The Gampaha Wickramarachchi University of Indigenous Medicine, Sri Lanka",MANNAR,0.3917,value,6,16,0.3917
COP2223-151,,HEALTH INFORMATION AND COMMUNICATION TECHNOLOGY,"The Gampaha Wickramarachchi University of Indigenous Medicine, Sri Lanka",MULLAITIVU,0.4441,value,6,16,0.4441
COP2223-151,,HEALTH INFORMATION AND COMMUNICATION TECHNOLOGY,"The Gampaha Wickramarachchi University of Indigenous Medicine, Sri Lanka",VAVUNIYA,0.9452,value,6,16,0.9452
COP2223-151,,HEALTH INFORMATION AND COMMUNICATION TECHNOLOGY,"The Gampaha Wickramarachchi University of Indigenous Medicine, Sri Lanka",TRINCOMALEE,0.7161,value,6,16,0.7161
COP2223-151,,HEALTH INFORMATION AND COMMUNICATION TECHNOLOGY,"The Gampaha Wickramarachchi University of Indigenous Medicine, Sri Lanka",BATTICALOA,1.0664,value,6,16,1.0664
COP2223-151,,HEALTH INFORMATION AND COMMUNICATION TECHNOLOGY,"The Gampaha Wickramarachchi University of Indigenous Medicine, Sri Lanka",AMPARA,0.8983,value,6,16,0.8983
COP2223-151,,HEALTH INFORMATION AND COMMUNICATION TECHNOLOGY,"The Gampaha Wickramarachchi University of Indigenous Medicine, Sri Lanka",PUTTALAM,0.7391,value,6,16,0.7391
COP2223-151,,HEALTH INFORMATION AND COMMUNICATION TECHNOLOGY,"The Gampaha Wickramarachchi University of Indigenous Medicine, Sri Lanka",KURUNEGALA,1.1512,value,6,16,1.1512
COP2223-151,,HEALTH INFORMATION AND COMMUNICATION TECHNOLOGY,"The Gampaha Wickramarachchi University of Indigenous Medicine, Sri Lanka",ANURADHAPURA,0.9924,value,6,16,0.9924
COP2223-151,,HEALTH INFORMATION AND COMMUNICATION TECHNOLOGY,"The Gampaha Wickramarachchi University of Indigenous Medicine, Sri Lanka",POLONNARUWA,0.6785,value,6,16,0.6785
COP2223-151,,HEALTH INFORMATION AND COMMUNICATION TECHNOLOGY,"The Gampaha Wickramarachchi University of Indigenous Medicine, Sri Lanka",BADULLA,1.1306,value,6,16,1.1306
COP2223-151,,HEALTH INFORMATION AND COMMUNICATION TECHNOLOGY,"The Gampaha Wickramarachchi University of Indigenous Medicine, Sri Lanka",MONARAGALA,0.8673,value,6,16,0.8673
COP2223-151,,HEALTH INFORMATION AND COMMUNICATION TECHNOLOGY,"The Gampaha Wickramarachchi University of Indigenous Medicine, Sri Lanka",KEGALLE,1.1158,value,6,16,1.1158
COP2223-151,,HEALTH INFORMATION AND COMMUNICATION TECHNOLOGY,"The Gampaha Wickramarachchi University of Indigenous Medicine, Sri Lanka",RATNAPURA,1.0478,value,6,16,1.0478
COP2223-152,,HEALTH TOURISM AND HOSPITALITY MANAGEMENT,"The Gampaha Wickramarachchi University of Indigenous Medicine, Sri Lanka",COLOMBO,1.2277,value,6,17,1.2277
COP2223-152,,HEALTH TOURISM AND HOSPITALITY MANAGEMENT,"The Gampaha Wickramarachchi University of Indigenous Medicine, Sri Lanka",GAMPAHA,1.2467,value,6,17,1.2467
COP2223-152,,HEALTH TOURISM AND HOSPITALITY MANAGEMENT,"The Gampaha Wickramarachchi University of Indigenous Medicine, Sri Lanka",KALUTARA,1.2298,value,6,17,1.2298
COP2223-152,,HEALTH TOURISM AND HOSPITALITY MANAGEMENT,"The Gampaha Wickramarachchi University of Indigenous Medicine, Sri Lanka",MATALE,1.1408,value,6,17,1.1408
COP2223-152,,HEALTH TOURISM AND HOSPITALITY MANAGEMENT,"The Gampaha Wickramarachchi University of Indigenous Medicine, Sri Lanka",KANDY,1.2018,value,6,17,1.2018
COP2223-152,,HEALTH TOURISM AND HOSPITALITY MANAGEMENT,"The Gampaha Wickramarachchi University of Indigenous Medicine, Sri Lanka",NUWARA ELIYA,1.1056,value,6,17,1.1056
COP2223-152,,HEALTH TOURISM AND HOSPITALITY MANAGEMENT,"The Gampaha Wickramarachchi University of Indigenous Medicine, Sri Lanka",GALLE,1.2610,value,6,17,1.2610
COP2223-152,,HEALTH TOURISM AND HOSPITALITY MANAGEMENT,"The Gampaha Wickramarachchi University of Indigenous Medicine, Sri Lanka",MATARA,1.2640,value,6,17,1.2640
COP2223-152,,HEALTH TOURISM AND HOSPITALITY MANAGEMENT,"The Gampaha Wickramarachchi University of Indigenous Medicine, Sri Lanka",HAMBANTOTA,1.1071,value,6,17,1.1071
COP2223-152,,HEALTH TOURISM AND HOSPITALITY MANAGEMENT,"The Gampaha Wickramarachchi University of Indigenous Medicine, Sri Lanka",JAFFNA,0.9463,value,6,17,0.9463
COP2223-152,,HEALTH TOURISM AND HOSPITALITY MANAGEMENT,"The Gampaha Wickramarachchi University of Indigenous Medicine, Sri Lanka",KILINOCHCHI,0.9018,value,6,17,0.9018
COP2223-152,,HEALTH TOURISM AND HOSPITALITY MANAGEMENT,"The Gampaha Wickramarachchi University of Indigenous Medicine, Sri Lanka",MANNAR,1.0246,value,6,17,1.0246
COP2223-152,,HEALTH TOURISM AND HOSPITALITY MANAGEMENT,"The Gampaha Wickramarachchi University of Indigenous Medicine, Sri Lanka",MULLAITIVU,1.1609,value,6,17,1.1609
COP2223-152,,HEALTH TOURISM AND HOSPITALITY MANAGEMENT,"The Gampaha Wickramarachchi University of Indigenous Medicine, Sri Lanka",VAVUNIYA,1.0331,value,6,17,1.0331
COP2223-152,,HEALTH TOURISM AND HOSPITALITY MANAGEMENT,"The Gampaha Wickramarachchi University of Indigenous Medicine, Sri Lanka",TRINCOMALEE,0.9219,value,6,17,0.9219
COP2223-152,,HEALTH TOURISM AND HOSPITALITY MANAGEMENT,"The Gampaha Wickramarachchi University of Indigenous Medicine, Sri Lanka",BATTICALOA,1.1206,value,6,17,1.1206
COP2223-152,,HEALTH TOURISM AND HOSPITALITY MANAGEMENT,"The Gampaha Wickramarachchi University of Indigenous Medicine, Sri Lanka",AMPARA,0.9687,value,6,17,0.9687
COP2223-152,,HEALTH TOURISM AND HOSPITALITY MANAGEMENT,"The Gampaha Wickramarachchi University of Indigenous Medicine, Sri Lanka",PUTTALAM,1.0655,value,6,17,1.0655
COP2223-152,,HEALTH TOURISM AND HOSPITALITY MANAGEMENT,"The Gampaha Wickramarachchi University of Indigenous Medicine, Sri Lanka",KURUNEGALA,1.2421,value,6,17,1.2421
COP2223-152,,HEALTH TOURISM AND HOSPITALITY MANAGEMENT,"The Gampaha Wickramarachchi University of Indigenous Medicine, Sri Lanka",ANURADHAPURA,1.1319,value,6,17,1.1319
COP2223-152,,HEALTH TOURISM AND HOSPITALITY MANAGEMENT,"The Gampaha Wickramarachchi University of Indigenous Medicine, Sri Lanka",POLONNARUWA,1.0689,value,6,17,1.0689
COP2223-152,,HEALTH TOURISM AND HOSPITALITY MANAGEMENT,"The Gampaha Wickramarachchi University of Indigenous Medicine, Sri Lanka",BADULLA,1.1207,value,6,17,1.1207
COP2223-152,,HEALTH TOURISM AND HOSPITALITY MANAGEMENT,"The Gampaha Wickramarachchi University of Indigenous Medicine, Sri Lanka",MONARAGALA,1.2008,value,6,17,1.2008
COP2223-152,,HEALTH TOURISM AND HOSPITALITY MANAGEMENT,"The Gampaha Wickramarachchi University of Indigenous Medicine, Sri Lanka",KEGALLE,1.2645,value,6,17,1.2645
COP2223-152,,HEALTH TOURISM AND HOSPITALITY MANAGEMENT,"The Gampaha Wickramarachchi University of Indigenous Medicine, Sri Lanka",RATNAPURA,1.2189,value,6,17,1.2189
COP2223-153,,BIOMEDICAL TECHNOLOGY,"The Gampaha Wickramarachchi University of Indigenous Medicine, Sri Lanka",COLOMBO,1.0057,value,6,18,1.0057
COP2223-153,,BIOMEDICAL TECHNOLOGY,"The Gampaha Wickramarachchi University of Indigenous Medicine, Sri Lanka",GAMPAHA,1.0278,value,6,18,1.0278
COP2223-153,,BIOMEDICAL TECHNOLOGY,"The Gampaha Wickramarachchi University of Indigenous Medicine, Sri Lanka",KALUTARA,1.1620,value,6,18,1.1620
COP2223-153,,BIOMEDICAL TECHNOLOGY,"The Gampaha Wickramarachchi University of Indigenous Medicine, Sri Lanka",MATALE,1.1511,value,6,18,1.1511
COP2223-153,,BIOMEDICAL TECHNOLOGY,"The Gampaha Wickramarachchi University of Indigenous Medicine, Sri Lanka",KANDY,1.1061,value,6,18,1.1061
COP2223-153,,BIOMEDICAL TECHNOLOGY,"The Gampaha Wickramarachchi University of Indigenous Medicine, Sri Lanka",NUWARA ELIYA,0.9012,value,6,18,0.9012
COP2223-153,,BIOMEDICAL TECHNOLOGY,"The Gampaha Wickramarachchi University of Indigenous Medicine, Sri Lanka",GALLE,1.1831,value,6,18,1.1831
COP2223-153,,BIOMEDICAL TECHNOLOGY,"The Gampaha Wickramarachchi University of Indigenous Medicine, Sri Lanka",MATARA,1.2344,value,6,18,1.2344
COP2223-153,,BIOMEDICAL TECHNOLOGY,"The Gampaha Wickramarachchi University of Indigenous Medicine, Sri Lanka",HAMBANTOTA,1.1551,value,6,18,1.1551
COP2223-153,,BIOMEDICAL TECHNOLOGY,"The Gampaha Wickramarachchi University of Indigenous Medicine, Sri Lanka",JAFFNA,0.8457,value,6,18,0.8457
COP2223-153,,BIOMEDICAL TECHNOLOGY,"The Gampaha Wickramarachchi University of Indigenous Medicine, Sri Lanka",KILINOCHCHI,0.7141,value,6,18,0.7141
COP2223-153,,BIOMEDICAL TECHNOLOGY,"The Gampaha Wickramarachchi University of Indigenous Medicine, Sri Lanka",MANNAR,0.7467,value,6,18,0.7467
COP2223-153,,BIOMEDICAL TECHNOLOGY,"The Gampaha Wickramarachchi University of Indigenous Medicine, Sri Lanka",MULLAITIVU,0.8908,value,6,18,0.8908
COP2223-153,,BIOMEDICAL TECHNOLOGY,"The Gampaha Wickramarachchi University of Indigenous Medicine, Sri Lanka",VAVUNIYA,1.0332,value,6,18,1.0332
COP2223-153,,BIOMEDICAL TECHNOLOGY,"The Gampaha Wickramarachchi University of Indigenous Medicine, Sri Lanka",TRINCOMALEE,1.1359,value,6,18,1.1359
COP2223-153,,BIOMEDICAL TECHNOLOGY,"The Gampaha Wickramarachchi University of Indigenous Medicine, Sri Lanka",BATTICALOA,1.2084,value,6,18,1.2084
COP2223-153,,BIOMEDICAL TECHNOLOGY,"The Gampaha Wickramarachchi University of Indigenous Medicine, Sri Lanka",AMPARA,0.9017,value,6,18,0.9017
COP2223-153,,BIOMEDICAL TECHNOLOGY,"The Gampaha Wickramarachchi University of Indigenous Medicine, Sri Lanka",PUTTALAM,0.7273,value,6,18,0.7273
COP2223-153,,BIOMEDICAL TECHNOLOGY,"The Gampaha Wickramarachchi University of Indigenous Medicine, Sri Lanka",KURUNEGALA,1.1566,value,6,18,1.1566
COP2223-153,,BIOMEDICAL TECHNOLOGY,"The Gampaha Wickramarachchi University of Indigenous Medicine, Sri Lanka",ANURADHAPURA,0.9687,value,6,18,0.9687
COP2223-153,,BIOMEDICAL TECHNOLOGY,"The Gampaha Wickramarachchi University of Indigenous Medicine, Sri Lanka",POLONNARUWA,1.1071,value,6,18,1.1071
COP2223-153,,BIOMEDICAL TECHNOLOGY,"The Gampaha Wickramarachchi University of Indigenous Medicine, Sri Lanka",BADULLA,1.1073,value,6,18,1.1073
COP2223-153,,BIOMEDICAL TECHNOLOGY,"The Gampaha Wickramarachchi University of Indigenous Medicine, Sri Lanka",MONARAGALA,0.8528,value,6,18,0.8528
COP2223-153,,BIOMEDICAL TECHNOLOGY,"The Gampaha Wickramarachchi University of Indigenous Medicine, Sri Lanka",KEGALLE,1.1261,value,6,18,1.1261
COP2223-153,,BIOMEDICAL TECHNOLOGY,"The Gampaha Wickramarachchi University of Indigenous Medicine, Sri Lanka",RATNAPURA,1.0580,value,6,18,1.0580
COP2223-154,,INDIGENOUS PHARMACEUTICAL TECHNOLOGY,"The Gampaha Wickramarachchi University of Indigenous Medicine, Sri Lanka",COLOMBO,0.9292,value,6,19,0.9292
COP2223-154,,INDIGENOUS PHARMACEUTICAL TECHNOLOGY,"The Gampaha Wickramarachchi University of Indigenous Medicine, Sri Lanka",GAMPAHA,0.9821,value,6,19,0.9821
COP2223-154,,INDIGENOUS PHARMACEUTICAL TECHNOLOGY,"The Gampaha Wickramarachchi University of Indigenous Medicine, Sri Lanka",KALUTARA,1.0414,value,6,19,1.0414
COP2223-154,,INDIGENOUS PHARMACEUTICAL TECHNOLOGY,"The Gampaha Wickramarachchi University of Indigenous Medicine, Sri Lanka",MATALE,1.1091,value,6,19,1.1091
COP2223-154,,INDIGENOUS PHARMACEUTICAL TECHNOLOGY,"The Gampaha Wickramarachchi University of Indigenous Medicine, Sri Lanka",KANDY,1.0226,value,6,19,1.0226
COP2223-154,,INDIGENOUS PHARMACEUTICAL TECHNOLOGY,"The Gampaha Wickramarachchi University of Indigenous Medicine, Sri Lanka",NUWARA ELIYA,0.8341,value,6,19,0.8341
COP2223-154,,INDIGENOUS PHARMACEUTICAL TECHNOLOGY,"The Gampaha Wickramarachchi University of Indigenous Medicine, Sri Lanka",GALLE,1.0864,value,6,19,1.0864
COP2223-154,,INDIGENOUS PHARMACEUTICAL TECHNOLOGY,"The Gampaha Wickramarachchi University of Indigenous Medicine, Sri Lanka",MATARA,1.1012,value,6,19,1.1012
COP2223-154,,INDIGENOUS PHARMACEUTICAL TECHNOLOGY,"The Gampaha Wickramarachchi University of Indigenous Medicine, Sri Lanka",HAMBANTOTA,1.0918,value,6,19,1.0918
COP2223-154,,INDIGENOUS PHARMACEUTICAL TECHNOLOGY,"The Gampaha Wickramarachchi University of Indigenous Medicine, Sri Lanka",JAFFNA,0.8371,value,6,19,0.8371
COP2223-154,,INDIGENOUS PHARMACEUTICAL TECHNOLOGY,"The Gampaha Wickramarachchi University of Indigenous Medicine, Sri Lanka",KILINOCHCHI,0.6293,value,6,19,0.6293
COP2223-154,,INDIGENOUS PHARMACEUTICAL TECHNOLOGY,"The Gampaha Wickramarachchi University of Indigenous Medicine, Sri Lanka",MANNAR,0.8008,value,6,19,0.8008
COP2223-154,,INDIGENOUS PHARMACEUTICAL TECHNOLOGY,"The Gampaha Wickramarachchi University of Indigenous Medicine, Sri Lanka",MULLAITIVU,0.4234,value,6,19,0.4234
COP2223-154,,INDIGENOUS PHARMACEUTICAL TECHNOLOGY,"The Gampaha Wickramarachchi University of Indigenous Medicine, Sri Lanka",VAVUNIYA,0.8293,value,6,19,0.8293
COP2223-154,,INDIGENOUS PHARMACEUTICAL TECHNOLOGY,"The Gampaha Wickramarachchi University of Indigenous Medicine, Sri Lanka",TRINCOMALEE,0.6262,value,6,19,0.6262
COP2223-154,,INDIGENOUS PHARMACEUTICAL TECHNOLOGY,"The Gampaha Wickramarachchi University of Indigenous Medicine, Sri Lanka",BATTICALOA,0.9611,value,6,19,0.9611
COP2223-154,,INDIGENOUS PHARMACEUTICAL TECHNOLOGY,"The Gampaha Wickramarachchi University of Indigenous Medicine, Sri Lanka",AMPARA,0.9874,value,6,19,0.9874
COP2223-154,,INDIGENOUS PHARMACEUTICAL TECHNOLOGY,"The Gampaha Wickramarachchi University of Indigenous Medicine, Sri Lanka",PUTTALAM,0.6753,value,6,19,0.6753
COP2223-154,,INDIGENOUS PHARMACEUTICAL TECHNOLOGY,"The Gampaha Wickramarachchi University of Indigenous Medicine, Sri Lanka",KURUNEGALA,1.0954,value,6,19,1.0954
COP2223-154,,INDIGENOUS PHARMACEUTICAL TECHNOLOGY,"The Gampaha Wickramarachchi University of Indigenous Medicine, Sri Lanka",ANURADHAPURA,0.9214,value,6,19,0.9214
COP2223-154,,INDIGENOUS PHARMACEUTICAL TECHNOLOGY,"The Gampaha Wickramarachchi University of Indigenous Medicine, Sri Lanka",POLONNARUWA,1.0940,value,6,19,1.0940
COP2223-154,,INDIGENOUS PHARMACEUTICAL TECHNOLOGY,"The Gampaha Wickramarachchi University of Indigenous Medicine, Sri Lanka",BADULLA,1.0919,value,6,19,1.0919
COP2223-154,,INDIGENOUS PHARMACEUTICAL TECHNOLOGY,"The Gampaha Wickramarachchi University of Indigenous Medicine, Sri Lanka",MONARAGALA,0.8524,value,6,19,0.8524
COP2223-154,,INDIGENOUS PHARMACEUTICAL TECHNOLOGY,"The Gampaha Wickramarachchi University of Indigenous Medicine, Sri Lanka",KEGALLE,1.1031,value,6,19,1.1031
COP2223-154,,INDIGENOUS PHARMACEUTICAL TECHNOLOGY,"The Gampaha Wickramarachchi University of Indigenous Medicine, Sri Lanka",RATNAPURA,1.0389,value,6,19,1.0389
COP2223-155,,YOGA AND PARAPSYCHOLOGY,"The Gampaha Wickramarachchi University of Indigenous Medicine, Sri Lanka",COLOMBO,1.2371,value,6,20,1.2371
COP2223-155,,YOGA AND PARAPSYCHOLOGY,"The Gampaha Wickramarachchi University of Indigenous Medicine, Sri Lanka",GAMPAHA,1.3088,value,6,20,1.3088
COP2223-155,,YOGA AND PARAPSYCHOLOGY,"The Gampaha Wickramarachchi University of Indigenous Medicine, Sri Lanka",KALUTARA,1.3075,value,6,20,1.3075
COP2223-155,,YOGA AND PARAPSYCHOLOGY,"The Gampaha Wickramarachchi University of Indigenous Medicine, Sri Lanka",MATALE,1.3078,value,6,20,1.3078
COP2223-155,,YOGA AND PARAPSYCHOLOGY,"The Gampaha Wickramarachchi University of Indigenous Medicine, Sri Lanka",KANDY,1.3141,value,6,20,1.3141
COP2223-155,,YOGA AND PARAPSYCHOLOGY,"The Gampaha Wickramarachchi University of Indigenous Medicine, Sri Lanka",NUWARA ELIYA,1.3351,value,6,20,1.3351
COP2223-155,,YOGA AND PARAPSYCHOLOGY,"The Gampaha Wickramarachchi University of Indigenous Medicine, Sri Lanka",GALLE,1.3263,value,6,20,1.3263
COP2223-155,,YOGA AND PARAPSYCHOLOGY,"The Gampaha Wickramarachchi University of Indigenous Medicine, Sri Lanka",MATARA,1.3521,value,6,20,1.3521
COP2223-155,,YOGA AND PARAPSYCHOLOGY,"The Gampaha Wickramarachchi University of Indigenous Medicine, Sri Lanka",HAMBANTOTA,1.3120,value,6,20,1.3120
COP2223-155,,YOGA AND PARAPSYCHOLOGY,"The Gampaha Wickramarachchi University of Indigenous Medicine, Sri Lanka",JAFFNA,1.1645,value,6,20,1.1645
COP2223-155,,YOGA AND PARAPSYCHOLOGY,"The Gampaha Wickramarachchi University of Indigenous Medicine, Sri Lanka",KILINOCHCHI,1.1550,value,6,20,1.1550
COP2223-155,,YOGA AND PARAPSYCHOLOGY,"The Gampaha Wickramarachchi University of Indigenous Medicine, Sri Lanka",MANNAR,1.3570,value,6,20,1.3570
COP2223-155,,YOGA AND PARAPSYCHOLOGY,"The Gampaha Wickramarachchi University of Indigenous Medicine, Sri Lanka",MULLAITIVU,1.1545,value,6,20,1.1545
COP2223-155,,YOGA AND PARAPSYCHOLOGY,"The Gampaha Wickramarachchi University of Indigenous Medicine, Sri Lanka",VAVUNIYA,1.3099,value,6,20,1.3099
COP2223-155,,YOGA AND PARAPSYCHOLOGY,"The Gampaha Wickramarachchi University of Indigenous Medicine, Sri Lanka",TRINCOMALEE,1.2732,value,6,20,1.2732
COP2223-155,,YOGA AND PARAPSYCHOLOGY,"The Gampaha Wickramarachchi University of Indigenous Medicine, Sri Lanka",BATTICALOA,1.1742,value,6,20,1.1742
COP2223-155,,YOGA AND PARAPSYCHOLOGY,"The Gampaha Wickramarachchi University of Indigenous Medicine, Sri Lanka",AMPARA,1.2965,value,6,20,1.2965
COP2223-155,,YOGA AND PARAPSYCHOLOGY,"The Gampaha Wickramarachchi University of Indigenous Medicine, Sri Lanka",PUTTALAM,1.2870,value,6,20,1.2870
COP2223-155,,YOGA AND PARAPSYCHOLOGY,"The Gampaha Wickramarachchi University of Indigenous Medicine, Sri Lanka",KURUNEGALA,1.3155,value,6,20,1.3155
COP2223-155,,YOGA AND PARAPSYCHOLOGY,"The Gampaha Wickramarachchi University of Indigenous Medicine, Sri Lanka",ANURADHAPURA,1.2951,value,6,20,1.2951
COP2223-155,,YOGA AND PARAPSYCHOLOGY,"The Gampaha Wickramarachchi University of Indigenous Medicine, Sri Lanka",POLONNARUWA,1.2805,value,6,20,1.2805
COP2223-155,,YOGA AND PARAPSYCHOLOGY,"The Gampaha Wickramarachchi University of Indigenous Medicine, Sri Lanka",BADULLA,1.3169,value,6,20,1.3169
COP2223-155,,YOGA AND PARAPSYCHOLOGY,"The Gampaha Wickramarachchi University of Indigenous Medicine, Sri Lanka",MONARAGALA,1.3544,value,6,20,1.3544
COP2223-155,,YOGA AND PARAPSYCHOLOGY,"The Gampaha Wickramarachchi University of Indigenous Medicine, Sri Lanka",KEGALLE,1.3169,value,6,20,1.3169
COP2223-155,,YOGA AND PARAPSYCHOLOGY,"The Gampaha Wickramarachchi University of Indigenous Medicine, Sri Lanka",RATNAPURA,1.2958,value,6,20,1.2958
COP2223-156,,SOCIAL STUDIES IN INDIGENOUS KNOWLEDGE,"The Gampaha Wickramarachchi University of Indigenous Medicine, Sri Lanka",COLOMBO,1.2723,value,6,21,1.2723
COP2223-156,,SOCIAL STUDIES IN INDIGENOUS KNOWLEDGE,"The Gampaha Wickramarachchi University of Indigenous Medicine, Sri Lanka",GAMPAHA,1.2789,value,6,21,1.2789
COP2223-156,,SOCIAL STUDIES IN INDIGENOUS KNOWLEDGE,"The Gampaha Wickramarachchi University of Indigenous Medicine, Sri Lanka",KALUTARA,1.3080,value,6,21,1.3080
COP2223-156,,SOCIAL STUDIES IN INDIGENOUS KNOWLEDGE,"The Gampaha Wickramarachchi University of Indigenous Medicine, Sri Lanka",MATALE,1.3261,value,6,21,1.3261
COP2223-156,,SOCIAL STUDIES IN INDIGENOUS KNOWLEDGE,"The Gampaha Wickramarachchi University of Indigenous Medicine, Sri Lanka",KANDY,1.3616,value,6,21,1.3616
COP2223-156,,SOCIAL STUDIES IN INDIGENOUS KNOWLEDGE,"The Gampaha Wickramarachchi University of Indigenous Medicine, Sri Lanka",NUWARA ELIYA,1.3617,value,6,21,1.3617
COP2223-156,,SOCIAL STUDIES IN INDIGENOUS KNOWLEDGE,"The Gampaha Wickramarachchi University of Indigenous Medicine, Sri Lanka",GALLE,1.3240,value,6,21,1.3240
COP2223-156,,SOCIAL STUDIES IN INDIGENOUS KNOWLEDGE,"The Gampaha Wickramarachchi University of Indigenous Medicine, Sri Lanka",MATARA,1.3184,value,6,21,1.3184
COP2223-156,,SOCIAL STUDIES IN INDIGENOUS KNOWLEDGE,"The Gampaha Wickramarachchi University of Indigenous Medicine, Sri Lanka",HAMBANTOTA,1.3160,value,6,21,1.3160
COP2223-156,,SOCIAL STUDIES IN INDIGENOUS KNOWLEDGE,"The Gampaha Wickramarachchi University of Indigenous Medicine, Sri Lanka",JAFFNA,1.2371,value,6,21,1.2371
COP2223-156,,SOCIAL STUDIES IN INDIGENOUS KNOWLEDGE,"The Gampaha Wickramarachchi University of Indigenous Medicine, Sri Lanka",KILINOCHCHI,1.1664,value,6,21,1.1664
COP2223-156,,SOCIAL STUDIES IN INDIGENOUS KNOWLEDGE,"The Gampaha Wickramarachchi University of Indigenous Medicine, Sri Lanka",MANNAR,1.3138,value,6,21,1.3138
COP2223-156,,SOCIAL STUDIES IN INDIGENOUS KNOWLEDGE,"The Gampaha Wickramarachchi University of Indigenous Medicine, Sri Lanka",MULLAITIVU,1.1523,value,6,21,1.1523
COP2223-156,,SOCIAL STUDIES IN INDIGENOUS KNOWLEDGE,"The Gampaha Wickramarachchi University of Indigenous Medicine, Sri Lanka",VAVUNIYA,1.3168,value,6,21,1.3168
COP2223-156,,SOCIAL STUDIES IN INDIGENOUS KNOWLEDGE,"The Gampaha Wickramarachchi University of Indigenous Medicine, Sri Lanka",TRINCOMALEE,1.3925,value,6,21,1.3925
COP2223-156,,SOCIAL STUDIES IN INDIGENOUS KNOWLEDGE,"The Gampaha Wickramarachchi University of Indigenous Medicine, Sri Lanka",BATTICALOA,1.3948,value,6,21,1.3948
COP2223-156,,SOCIAL STUDIES IN INDIGENOUS KNOWLEDGE,"The Gampaha Wickramarachchi University of Indigenous Medicine, Sri Lanka",AMPARA,1.3052,value,6,21,1.3052
COP2223-156,,SOCIAL STUDIES IN INDIGENOUS KNOWLEDGE,"The Gampaha Wickramarachchi University of Indigenous Medicine, Sri Lanka",PUTTALAM,1.2720,value,6,21,1.2720
COP2223-156,,SOCIAL STUDIES IN INDIGENOUS KNOWLEDGE,"The Gampaha Wickramarachchi University of Indigenous Medicine, Sri Lanka",KURUNEGALA,1.3398,value,6,21,1.3398
COP2223-156,,SOCIAL STUDIES IN INDIGENOUS KNOWLEDGE,"The Gampaha Wickramarachchi University of Indigenous Medicine, Sri Lanka",ANURADHAPURA,1.3138,value,6,21,1.3138
COP2223-156,,SOCIAL STUDIES IN INDIGENOUS KNOWLEDGE,"The Gampaha Wickramarachchi University of Indigenous Medicine, Sri Lanka",POLONNARUWA,1.3187,value,6,21,1.3187
COP2223-156,,SOCIAL STUDIES IN INDIGENOUS KNOWLEDGE,"The Gampaha Wickramarachchi University of Indigenous Medicine, Sri Lanka",BADULLA,1.3376,value,6,21,1.3376
COP2223-156,,SOCIAL STUDIES IN INDIGENOUS KNOWLEDGE,"The Gampaha Wickramarachchi University of Indigenous Medicine, Sri Lanka",MONARAGALA,1.3331,value,6,21,1.3331
COP2223-156,,SOCIAL STUDIES IN INDIGENOUS KNOWLEDGE,"The Gampaha Wickramarachchi University of Indigenous Medicine, Sri Lanka",KEGALLE,1.3908,value,6,21,1.3908
COP2223-156,,SOCIAL STUDIES IN INDIGENOUS KNOWLEDGE,"The Gampaha Wickramarachchi University of Indigenous Medicine, Sri Lanka",RATNAPURA,1.2934,value,6,21,1.2934
COP2223-157,,HEALTH PROMOTION,Rajarata University of Sri Lanka,COLOMBO,0.5470,value,6,22,0.5470
COP2223-157,,HEALTH PROMOTION,Rajarata University of Sri Lanka,GAMPAHA,0.5446,value,6,22,0.5446
COP2223-157,,HEALTH PROMOTION,Rajarata University of Sri Lanka,KALUTARA,0.6996,value,6,22,0.6996
COP2223-157,,HEALTH PROMOTION,Rajarata University of Sri Lanka,MATALE,0.6597,value,6,22,0.6597
COP2223-157,,HEALTH PROMOTION,Rajarata University of Sri Lanka,KANDY,0.6750,value,6,22,0.6750
COP2223-157,,HEALTH PROMOTION,Rajarata University of Sri Lanka,NUWARA ELIYA,0.6223,value,6,22,0.6223
COP2223-157,,HEALTH PROMOTION,Rajarata University of Sri Lanka,GALLE,0.7049,value,6,22,0.7049
COP2223-157,,HEALTH PROMOTION,Rajarata University of Sri Lanka,MATARA,0.7267,value,6,22,0.7267
COP2223-157,,HEALTH PROMOTION,Rajarata University of Sri Lanka,HAMBANTOTA,0.7254,value,6,22,0.7254
COP2223-157,,HEALTH PROMOTION,Rajarata University of Sri Lanka,JAFFNA,0.6562,value,6,22,0.6562
COP2223-157,,HEALTH PROMOTION,Rajarata University of Sri Lanka,KILINOCHCHI,0.4617,value,6,22,0.4617
COP2223-157,,HEALTH PROMOTION,Rajarata University of Sri Lanka,MANNAR,0.5700,value,6,22,0.5700
COP2223-157,,HEALTH PROMOTION,Rajarata University of Sri Lanka,MULLAITIVU,0.5144,value,6,22,0.5144
COP2223-157,,HEALTH PROMOTION,Rajarata University of Sri Lanka,VAVUNIYA,0.5585,value,6,22,0.5585
COP2223-157,,HEALTH PROMOTION,Rajarata University of Sri Lanka,TRINCOMALEE,0.5614,value,6,22,0.5614
COP2223-157,,HEALTH PROMOTION,Rajarata University of Sri Lanka,BATTICALOA,0.6844,value,6,22,0.6844
COP2223-157,,HEALTH PROMOTION,Rajarata University of Sri Lanka,AMPARA,0.6907,value,6,22,0.6907
COP2223-157,,HEALTH PROMOTION,Rajarata University of Sri Lanka,PUTTALAM,0.6195,value,6,22,0.6195
COP2223-157,,HEALTH PROMOTION,Rajarata University of Sri Lanka,KURUNEGALA,0.7368,value,6,22,0.7368
COP2223-157,,HEALTH PROMOTION,Rajarata University of Sri Lanka,ANURADHAPURA,0.6140,value,6,22,0.6140
COP2223-157,,HEALTH PROMOTION,Rajarata University of Sri Lanka,POLONNARUWA,0.6335,value,6,22,0.6335
COP2223-157,,HEALTH PROMOTION,Rajarata University of Sri Lanka,BADULLA,0.6432,value,6,22,0.6432
COP2223-157,,HEALTH PROMOTION,Rajarata University of Sri Lanka,MONARAGALA,0.6200,value,6,22,0.6200
COP2223-157,,HEALTH PROMOTION,Rajarata University of Sri Lanka,KEGALLE,0.7229,value,6,22,0.7229
COP2223-157,,HEALTH PROMOTION,Rajarata University of Sri Lanka,RATNAPURA,0.6395,value,6,22,0.6395
COP2223-158,,NURSING,University of Colombo,COLOMBO,1.1929,value,6,23,1.1929
COP2223-158,,NURSING,University of Colombo,GAMPAHA,1.1884,value,6,23,1.1884
COP2223-158,,NURSING,University of Colombo,KALUTARA,1.1902,value,6,23,1.1902
COP2223-158,,NURSING,University of Colombo,MATALE,,NQC,6,23,NQC
COP2223-158,,NURSING,University of Colombo,KANDY,,NQC,6,23,NQC
COP2223-158,,NURSING,University of Colombo,NUWARA ELIYA,,NQC,6,23,NQC
COP2223-158,,NURSING,University of Colombo,GALLE,1.1939,value,6,23,1.1939
COP2223-158,,NURSING,University of Colombo,MATARA,1.1992,value,6,23,1.1992
COP2223-158,,NURSING,University of Colombo,HAMBANTOTA,1.2266,value,6,23,1.2266
COP2223-158,,NURSING,University of Colombo,JAFFNA,1.1993,value,6,23,1.1993
COP2223-158,,NURSING,University of Colombo,KILINOCHCHI,1.1914,value,6,23,1.1914
COP2223-158,,NURSING,University of Colombo,MANNAR,1.2278,value,6,23,1.2278
COP2223-158,,NURSING,University of Colombo,MULLAITIVU,1.3856,value,6,23,1.3856
COP2223-158,,NURSING,University of Colombo,VAVUNIYA,1.2567,value,6,23,1.2567
COP2223-158,,NURSING,University of Colombo,TRINCOMALEE,1.2220,value,6,23,1.2220
COP2223-158,,NURSING,University of Colombo,BATTICALOA,1.2015,value,6,23,1.2015
COP2223-158,,NURSING,University of Colombo,AMPARA,1.1959,value,6,23,1.1959
COP2223-158,,NURSING,University of Colombo,PUTTALAM,1.2663,value,6,23,1.2663
COP2223-158,,NURSING,University of Colombo,KURUNEGALA,1.1910,value,6,23,1.1910
COP2223-158,,NURSING,University of Colombo,ANURADHAPURA,1.3498,value,6,23,1.3498
COP2223-158,,NURSING,University of Colombo,POLONNARUWA,1.2157,value,6,23,1.2157
COP2223-158,,NURSING,University of Colombo,BADULLA,1.2105,value,6,23,1.2105
COP2223-158,,NURSING,University of Colombo,MONARAGALA,1.2349,value,6,23,1.2349
COP2223-158,,NURSING,University of Colombo,KEGALLE,,NQC,6,23,NQC
COP2223-158,,NURSING,University of Colombo,RATNAPURA,1.1893,value,6,23,1.1893
COP2223-159,,NURSING,University of Peradeniya,COLOMBO,1.2342,value,6,24,1.2342
COP2223-159,,NURSING,University of Peradeniya,GAMPAHA,1.3383,value,6,24,1.3383
COP2223-159,,NURSING,University of Peradeniya,KALUTARA,1.2597,value,6,24,1.2597
COP2223-159,,NURSING,University of Peradeniya,MATALE,,NQC,6,24,NQC
COP2223-159,,NURSING,University of Peradeniya,KANDY,1.3008,value,6,24,1.3008
COP2223-159,,NURSING,University of Peradeniya,NUWARA ELIYA,,NQC,6,24,NQC
COP2223-159,,NURSING,University of Peradeniya,GALLE,1.2380,value,6,24,1.2380
COP2223-159,,NURSING,University of Peradeniya,MATARA,1.2361,value,6,24,1.2361
COP2223-159,,NURSING,University of Peradeniya,HAMBANTOTA,1.2339,value,6,24,1.2339
COP2223-159,,NURSING,University of Peradeniya,JAFFNA,1.2584,value,6,24,1.2584
COP2223-159,,NURSING,University of Peradeniya,KILINOCHCHI,,NQC,6,24,NQC
COP2223-159,,NURSING,University of Peradeniya,MANNAR,,NQC,6,24,NQC
COP2223-159,,NURSING,University of Peradeniya,MULLAITIVU,,NQC,6,24,NQC
COP2223-159,,NURSING,University of Peradeniya,VAVUNIYA,,NQC,6,24,NQC
COP2223-159,,NURSING,University of Peradeniya,TRINCOMALEE,1.3160,value,6,24,1.3160
COP2223-159,,NURSING,University of Peradeniya,BATTICALOA,,NQC,6,24,NQC
COP2223-159,,NURSING,University of Peradeniya,AMPARA,1.2359,value,6,24,1.2359
COP2223-159,,NURSING,University of Peradeniya,PUTTALAM,1.3846,value,6,24,1.3846
COP2223-159,,NURSING,University of Peradeniya,KURUNEGALA,1.2539,value,6,24,1.2539
COP2223-159,,NURSING,University of Peradeniya,ANURADHAPURA,1.2371,value,6,24,1.2371
COP2223-159,,NURSING,University of Peradeniya,POLONNARUWA,,NQC,6,24,NQC
COP2223-159,,NURSING,University of Peradeniya,BADULLA,1.2557,value,6,24,1.2557
COP2223-159,,NURSING,University of Peradeniya,MONARAGALA,1.2791,value,6,24,1.2791
COP2223-159,,NURSING,University of Peradeniya,KEGALLE,1.2483,value,6,24,1.2483
COP2223-159,,NURSING,University of Peradeniya,RATNAPURA,1.3187,value,6,24,1.3187
COP2223-160,,NURSING,University of Sri Jayewardenepura,COLOMBO,1.1442,value,6,25,1.1442
COP2223-160,,NURSING,University of Sri Jayewardenepura,GAMPAHA,1.1266,value,6,25,1.1266
COP2223-160,,NURSING,University of Sri Jayewardenepura,KALUTARA,1.1506,value,6,25,1.1506
COP2223-160,,NURSING,University of Sri Jayewardenepura,MATALE,1.1356,value,6,25,1.1356
COP2223-160,,NURSING,University of Sri Jayewardenepura,KANDY,,NQC,6,25,NQC
COP2223-160,,NURSING,University of Sri Jayewardenepura,NUWARA ELIYA,,NQC,6,25,NQC
COP2223-160,,NURSING,University of Sri Jayewardenepura,GALLE,1.1330,value,6,25,1.1330
COP2223-160,,NURSING,University of Sri Jayewardenepura,MATARA,1.1294,value,6,25,1.1294
COP2223-160,,NURSING,University of Sri Jayewardenepura,HAMBANTOTA,1.1346,value,6,25,1.1346
COP2223-160,,NURSING,University of Sri Jayewardenepura,JAFFNA,1.1534,value,6,25,1.1534
COP2223-160,,NURSING,University of Sri Jayewardenepura,KILINOCHCHI,,NQC,6,25,NQC
COP2223-160,,NURSING,University of Sri Jayewardenepura,MANNAR,1.1498,value,6,25,1.1498
COP2223-160,,NURSING,University of Sri Jayewardenepura,MULLAITIVU,1.1769,value,6,25,1.1769
COP2223-160,,NURSING,University of Sri Jayewardenepura,VAVUNIYA,1.1376,value,6,25,1.1376
COP2223-160,,NURSING,University of Sri Jayewardenepura,TRINCOMALEE,1.1790,value,6,25,1.1790
COP2223-160,,NURSING,University of Sri Jayewardenepura,BATTICALOA,1.1378,value,6,25,1.1378
COP2223-160,,NURSING,University of Sri Jayewardenepura,AMPARA,1.1404,value,6,25,1.1404
COP2223-160,,NURSING,University of Sri Jayewardenepura,PUTTALAM,,NQC,6,25,NQC
COP2223-160,,NURSING,University of Sri Jayewardenepura,KURUNEGALA,1.1575,value,6,25,1.1575
COP2223-160,,NURSING,University of Sri Jayewardenepura,ANURADHAPURA,1.1753,value,6,25,1.1753
COP2223-160,,NURSING,University of Sri Jayewardenepura,POLONNARUWA,,NQC,6,25,NQC
COP2223-160,,NURSING,University of Sri Jayewardenepura,BADULLA,1.1346,value,6,25,1.1346
COP2223-160,,NURSING,University of Sri Jayewardenepura,MONARAGALA,1.1471,value,6,25,1.1471
COP2223-160,,NURSING,University of Sri Jayewardenepura,KEGALLE,,NQC,6,25,NQC
COP2223-160,,NURSING,University of Sri Jayewardenepura,RATNAPURA,1.1310,value,6,25,1.1310
COP2223-161,,NURSING,University of Jaffna,COLOMBO,0.8352,value,6,26,0.8352
COP2223-161,,NURSING,University of Jaffna,GAMPAHA,0.8415,value,6,26,0.8415
COP2223-161,,NURSING,University of Jaffna,KALUTARA,,NQC,6,26,NQC
COP2223-161,,NURSING,University of Jaffna,MATALE,0.9704,value,6,26,0.9704
COP2223-161,,NURSING,University of Jaffna,KANDY,0.8495,value,6,26,0.8495
COP2223-161,,NURSING,University of Jaffna,NUWARA ELIYA,0.9030,value,6,26,0.9030
COP2223-161,,NURSING,University of Jaffna,GALLE,1.0061,value,6,26,1.0061
COP2223-161,,NURSING,University of Jaffna,MATARA,,NQC,6,26,NQC
COP2223-161,,NURSING,University of Jaffna,HAMBANTOTA,,NQC,6,26,NQC
COP2223-161,,NURSING,University of Jaffna,JAFFNA,0.9637,value,6,26,0.9637
COP2223-161,,NURSING,University of Jaffna,KILINOCHCHI,,NQC,6,26,NQC
COP2223-161,,NURSING,University of Jaffna,MANNAR,0.9179,value,6,26,0.9179
COP2223-161,,NURSING,University of Jaffna,MULLAITIVU,0.9836,value,6,26,0.9836
COP2223-161,,NURSING,University of Jaffna,VAVUNIYA,1.0390,value,6,26,1.0390
COP2223-161,,NURSING,University of Jaffna,TRINCOMALEE,1.0192,value,6,26,1.0192
COP2223-161,,NURSING,University of Jaffna,BATTICALOA,0.9374,value,6,26,0.9374
COP2223-161,,NURSING,University of Jaffna,AMPARA,1.0531,value,6,26,1.0531
COP2223-161,,NURSING,University of Jaffna,PUTTALAM,0.9075,value,6,26,0.9075
COP2223-161,,NURSING,University of Jaffna,KURUNEGALA,0.8692,value,6,26,0.8692
COP2223-161,,NURSING,University of Jaffna,ANURADHAPURA,0.8495,value,6,26,0.8495
COP2223-161,,NURSING,University of Jaffna,POLONNARUWA,0.8400,value,6,26,0.8400
COP2223-161,,NURSING,University of Jaffna,BADULLA,0.9783,value,6,26,0.9783
COP2223-161,,NURSING,University of Jaffna,MONARAGALA,1.1008,value,6,26,1.1008
COP2223-161,,NURSING,University of Jaffna,KEGALLE,0.8498,value,6,26,0.8498
COP2223-161,,NURSING,University of Jaffna,RATNAPURA,0.9134,value,6,26,0.9134
COP2223-162,,NURSING,University of Ruhuna,COLOMBO,0.8522,value,6,27,0.8522
COP2223-162,,NURSING,University of Ruhuna,GAMPAHA,0.8532,value,6,27,0.8532
COP2223-162,,NURSING,University of Ruhuna,KALUTARA,0.9309,value,6,27,0.9309
COP2223-162,,NURSING,University of Ruhuna,MATALE,0.9650,value,6,27,0.9650
COP2223-162,,NURSING,University of Ruhuna,KANDY,0.8955,value,6,27,0.8955
COP2223-162,,NURSING,University of Ruhuna,NUWARA ELIYA,0.9177,value,6,27,0.9177
COP2223-162,,NURSING,University of Ruhuna,GALLE,0.9826,value,6,27,0.9826
COP2223-162,,NURSING,University of Ruhuna,MATARA,1.0174,value,6,27,1.0174
COP2223-162,,NURSING,University of Ruhuna,HAMBANTOTA,0.9920,value,6,27,0.9920
COP2223-162,,NURSING,University of Ruhuna,JAFFNA,1.0408,value,6,27,1.0408
COP2223-162,,NURSING,University of Ruhuna,KILINOCHCHI,1.1375,value,6,27,1.1375
COP2223-162,,NURSING,University of Ruhuna,MANNAR,,NQC,6,27,NQC
COP2223-162,,NURSING,University of Ruhuna,MULLAITIVU,,NQC,6,27,NQC
COP2223-162,,NURSING,University of Ruhuna,VAVUNIYA,1.0532,value,6,27,1.0532
COP2223-162,,NURSING,University of Ruhuna,TRINCOMALEE,,NQC,6,27,NQC
COP2223-162,,NURSING,University of Ruhuna,BATTICALOA,1.0013,value,6,27,1.0013
COP2223-162,,NURSING,University of Ruhuna,AMPARA,1.0786,value,6,27,1.0786
COP2223-162,,NURSING,University of Ruhuna,PUTTALAM,0.9236,value,6,27,0.9236
COP2223-162,,NURSING,University of Ruhuna,KURUNEGALA,0.8531,value,6,27,0.8531
COP2223-162,,NURSING,University of Ruhuna,ANURADHAPURA,0.8702,value,6,27,0.8702
COP2223-162,,NURSING,University of Ruhuna,POLONNARUWA,0.9358,value,6,27,0.9358
COP2223-162,,NURSING,University of Ruhuna,BADULLA,0.9479,value,6,27,0.9479
COP2223-162,,NURSING,University of Ruhuna,MONARAGALA,1.0118,value,6,27,1.0118
COP2223-162,,NURSING,University of Ruhuna,KEGALLE,0.8756,value,6,27,0.8756
COP2223-162,,NURSING,University of Ruhuna,RATNAPURA,0.9198,value,6,27,0.9198
COP2223-163,,NURSING,"Eastern University, Sri Lanka",COLOMBO,0.6843,value,7,1,0.6843
COP2223-163,,NURSING,"Eastern University, Sri Lanka",GAMPAHA,,NQC,7,1,NQC
COP2223-163,,NURSING,"Eastern University, Sri Lanka",KALUTARA,,NQC,7,1,NQC
COP2223-163,,NURSING,"Eastern University, Sri Lanka",MATALE,,NQC,7,1,NQC
COP2223-163,,NURSING,"Eastern University, Sri Lanka",KANDY,0.7925,value,7,1,0.7925
COP2223-163,,NURSING,"Eastern University, Sri Lanka",NUWARA ELIYA,0.7229,value,7,1,0.7229
COP2223-163,,NURSING,"Eastern University, Sri Lanka",GALLE,,NQC,7,1,NQC
COP2223-163,,NURSING,"Eastern University, Sri Lanka",MATARA,,NQC,7,1,NQC
COP2223-163,,NURSING,"Eastern University, Sri Lanka",HAMBANTOTA,,NQC,7,1,NQC
COP2223-163,,NURSING,"Eastern University, Sri Lanka",JAFFNA,,NQC,7,1,NQC
COP2223-163,,NURSING,"Eastern University, Sri Lanka",KILINOCHCHI,1.0353,value,7,1,1.0353
COP2223-163,,NURSING,"Eastern University, Sri Lanka",MANNAR,,NQC,7,1,NQC
COP2223-163,,NURSING,"Eastern University, Sri Lanka",MULLAITIVU,,NQC,7,1,NQC
COP2223-163,,NURSING,"Eastern University, Sri Lanka",VAVUNIYA,,NQC,7,1,NQC
COP2223-163,,NURSING,"Eastern University, Sri Lanka",TRINCOMALEE,,NQC,7,1,NQC
COP2223-163,,NURSING,"Eastern University, Sri Lanka",BATTICALOA,0.9994,value,7,1,0.9994
COP2223-163,,NURSING,"Eastern University, Sri Lanka",AMPARA,1.0082,value,7,1,1.0082
COP2223-163,,NURSING,"Eastern University, Sri Lanka",PUTTALAM,,NQC,7,1,NQC
COP2223-163,,NURSING,"Eastern University, Sri Lanka",KURUNEGALA,0.8571,value,7,1,0.8571
COP2223-163,,NURSING,"Eastern University, Sri Lanka",ANURADHAPURA,0.6852,value,7,1,0.6852
COP2223-163,,NURSING,"Eastern University, Sri Lanka",POLONNARUWA,0.7772,value,7,1,0.7772
COP2223-163,,NURSING,"Eastern University, Sri Lanka",BADULLA,,NQC,7,1,NQC
COP2223-163,,NURSING,"Eastern University, Sri Lanka",MONARAGALA,,NQC,7,1,NQC
COP2223-163,,NURSING,"Eastern University, Sri Lanka",KEGALLE,0.8502,value,7,1,0.8502
COP2223-163,,NURSING,"Eastern University, Sri Lanka",RATNAPURA,0.9651,value,7,1,0.9651
COP2223-164,,PHARMACY,University of Peradeniya,COLOMBO,1.6162,value,7,2,1.6162
COP2223-164,,PHARMACY,University of Peradeniya,GAMPAHA,1.5741,value,7,2,1.5741
COP2223-164,,PHARMACY,University of Peradeniya,KALUTARA,1.5701,value,7,2,1.5701
COP2223-164,,PHARMACY,University of Peradeniya,MATALE,,NQC,7,2,NQC
COP2223-164,,PHARMACY,University of Peradeniya,KANDY,1.6247,value,7,2,1.6247
COP2223-164,,PHARMACY,University of Peradeniya,NUWARA ELIYA,,NQC,7,2,NQC
COP2223-164,,PHARMACY,University of Peradeniya,GALLE,1.5740,value,7,2,1.5740
COP2223-164,,PHARMACY,University of Peradeniya,MATARA,,NQC,7,2,NQC
COP2223-164,,PHARMACY,University of Peradeniya,HAMBANTOTA,1.5702,value,7,2,1.5702
COP2223-164,,PHARMACY,University of Peradeniya,JAFFNA,1.5839,value,7,2,1.5839
COP2223-164,,PHARMACY,University of Peradeniya,KILINOCHCHI,,NQC,7,2,NQC
COP2223-164,,PHARMACY,University of Peradeniya,MANNAR,,NQC,7,2,NQC
COP2223-164,,PHARMACY,University of Peradeniya,MULLAITIVU,,NQC,7,2,NQC
COP2223-164,,PHARMACY,University of Peradeniya,VAVUNIYA,1.5898,value,7,2,1.5898
COP2223-164,,PHARMACY,University of Peradeniya,TRINCOMALEE,1.5775,value,7,2,1.5775
COP2223-164,,PHARMACY,University of Peradeniya,BATTICALOA,1.5872,value,7,2,1.5872
COP2223-164,,PHARMACY,University of Peradeniya,AMPARA,1.6125,value,7,2,1.6125
COP2223-164,,PHARMACY,University of Peradeniya,PUTTALAM,,NQC,7,2,NQC
COP2223-164,,PHARMACY,University of Peradeniya,KURUNEGALA,1.5919,value,7,2,1.5919
COP2223-164,,PHARMACY,University of Peradeniya,ANURADHAPURA,,NQC,7,2,NQC
COP2223-164,,PHARMACY,University of Peradeniya,POLONNARUWA,,NQC,7,2,NQC
COP2223-164,,PHARMACY,University of Peradeniya,BADULLA,1.5731,value,7,2,1.5731
COP2223-164,,PHARMACY,University of Peradeniya,MONARAGALA,,NQC,7,2,NQC
COP2223-164,,PHARMACY,University of Peradeniya,KEGALLE,1.5982,value,7,2,1.5982
COP2223-164,,PHARMACY,University of Peradeniya,RATNAPURA,1.5769,value,7,2,1.5769
COP2223-165,,PHARMACY,University of Sri Jayewardenepura,COLOMBO,1.5306,value,7,3,1.5306
COP2223-165,,PHARMACY,University of Sri Jayewardenepura,GAMPAHA,1.5241,value,7,3,1.5241
COP2223-165,,PHARMACY,University of Sri Jayewardenepura,KALUTARA,1.5483,value,7,3,1.5483
COP2223-165,,PHARMACY,University of Sri Jayewardenepura,MATALE,1.5392,value,7,3,1.5392
COP2223-165,,PHARMACY,University of Sri Jayewardenepura,KANDY,1.5465,value,7,3,1.5465
COP2223-165,,PHARMACY,University of Sri Jayewardenepura,NUWARA ELIYA,,NQC,7,3,NQC
COP2223-165,,PHARMACY,University of Sri Jayewardenepura,GALLE,1.5364,value,7,3,1.5364
COP2223-165,,PHARMACY,University of Sri Jayewardenepura,MATARA,1.5286,value,7,3,1.5286
COP2223-165,,PHARMACY,University of Sri Jayewardenepura,HAMBANTOTA,1.5269,value,7,3,1.5269
COP2223-165,,PHARMACY,University of Sri Jayewardenepura,JAFFNA,1.5272,value,7,3,1.5272
COP2223-165,,PHARMACY,University of Sri Jayewardenepura,KILINOCHCHI,,NQC,7,3,NQC
COP2223-165,,PHARMACY,University of Sri Jayewardenepura,MANNAR,,NQC,7,3,NQC
COP2223-165,,PHARMACY,University of Sri Jayewardenepura,MULLAITIVU,1.5448,value,7,3,1.5448
COP2223-165,,PHARMACY,University of Sri Jayewardenepura,VAVUNIYA,1.5486,value,7,3,1.5486
COP2223-165,,PHARMACY,University of Sri Jayewardenepura,TRINCOMALEE,1.5365,value,7,3,1.5365
COP2223-165,,PHARMACY,University of Sri Jayewardenepura,BATTICALOA,1.5309,value,7,3,1.5309
COP2223-165,,PHARMACY,University of Sri Jayewardenepura,AMPARA,1.5375,value,7,3,1.5375
COP2223-165,,PHARMACY,University of Sri Jayewardenepura,PUTTALAM,1.5385,value,7,3,1.5385
COP2223-165,,PHARMACY,University of Sri Jayewardenepura,KURUNEGALA,1.5239,value,7,3,1.5239
COP2223-165,,PHARMACY,University of Sri Jayewardenepura,ANURADHAPURA,,NQC,7,3,NQC
COP2223-165,,PHARMACY,University of Sri Jayewardenepura,POLONNARUWA,,NQC,7,3,NQC
COP2223-165,,PHARMACY,University of Sri Jayewardenepura,BADULLA,1.5611,value,7,3,1.5611
COP2223-165,,PHARMACY,University of Sri Jayewardenepura,MONARAGALA,,NQC,7,3,NQC
COP2223-165,,PHARMACY,University of Sri Jayewardenepura,KEGALLE,1.5232,value,7,3,1.5232
COP2223-165,,PHARMACY,University of Sri Jayewardenepura,RATNAPURA,1.5460,value,7,3,1.5460
COP2223-166,,PHARMACY,University of Jaffna,COLOMBO,1.0952,value,7,4,1.0952
COP2223-166,,PHARMACY,University of Jaffna,GAMPAHA,1.1104,value,7,4,1.1104
COP2223-166,,PHARMACY,University of Jaffna,KALUTARA,,NQC,7,4,NQC
COP2223-166,,PHARMACY,University of Jaffna,MATALE,1.2052,value,7,4,1.2052
COP2223-166,,PHARMACY,University of Jaffna,KANDY,1.2126,value,7,4,1.2126
COP2223-166,,PHARMACY,University of Jaffna,NUWARA ELIYA,1.0697,value,7,4,1.0697
COP2223-166,,PHARMACY,University of Jaffna,GALLE,,NQC,7,4,NQC
COP2223-166,,PHARMACY,University of Jaffna,MATARA,,NQC,7,4,NQC
COP2223-166,,PHARMACY,University of Jaffna,HAMBANTOTA,,NQC,7,4,NQC
COP2223-166,,PHARMACY,University of Jaffna,JAFFNA,1.5035,value,7,4,1.5035
COP2223-166,,PHARMACY,University of Jaffna,KILINOCHCHI,1.5336,value,7,4,1.5336
COP2223-166,,PHARMACY,University of Jaffna,MANNAR,1.3911,value,7,4,1.3911
COP2223-166,,PHARMACY,University of Jaffna,MULLAITIVU,,NQC,7,4,NQC
COP2223-166,,PHARMACY,University of Jaffna,VAVUNIYA,,NQC,7,4,NQC
COP2223-166,,PHARMACY,University of Jaffna,TRINCOMALEE,1.4968,value,7,4,1.4968
COP2223-166,,PHARMACY,University of Jaffna,BATTICALOA,1.4891,value,7,4,1.4891
COP2223-166,,PHARMACY,University of Jaffna,AMPARA,1.4945,value,7,4,1.4945
COP2223-166,,PHARMACY,University of Jaffna,PUTTALAM,1.3962,value,7,4,1.3962
COP2223-166,,PHARMACY,University of Jaffna,KURUNEGALA,1.4706,value,7,4,1.4706
COP2223-166,,PHARMACY,University of Jaffna,ANURADHAPURA,1.1827,value,7,4,1.1827
COP2223-166,,PHARMACY,University of Jaffna,POLONNARUWA,1.1162,value,7,4,1.1162
COP2223-166,,PHARMACY,University of Jaffna,BADULLA,1.3813,value,7,4,1.3813
COP2223-166,,PHARMACY,University of Jaffna,MONARAGALA,1.3157,value,7,4,1.3157
COP2223-166,,PHARMACY,University of Jaffna,KEGALLE,,NQC,7,4,NQC
COP2223-166,,PHARMACY,University of Jaffna,RATNAPURA,,NQC,7,4,NQC
COP2223-167,,PHARMACY,University of Ruhuna,COLOMBO,,NQC,7,5,NQC
COP2223-167,,PHARMACY,University of Ruhuna,GAMPAHA,1.3994,value,7,5,1.3994
COP2223-167,,PHARMACY,University of Ruhuna,KALUTARA,1.4321,value,7,5,1.4321
COP2223-167,,PHARMACY,University of Ruhuna,MATALE,,NQC,7,5,NQC
COP2223-167,,PHARMACY,University of Ruhuna,KANDY,1.3965,value,7,5,1.3965
COP2223-167,,PHARMACY,University of Ruhuna,NUWARA ELIYA,,NQC,7,5,NQC
COP2223-167,,PHARMACY,University of Ruhuna,GALLE,1.4923,value,7,5,1.4923
COP2223-167,,PHARMACY,University of Ruhuna,MATARA,1.4764,value,7,5,1.4764
COP2223-167,,PHARMACY,University of Ruhuna,HAMBANTOTA,1.4849,value,7,5,1.4849
COP2223-167,,PHARMACY,University of Ruhuna,JAFFNA,,NQC,7,5,NQC
COP2223-167,,PHARMACY,University of Ruhuna,KILINOCHCHI,,NQC,7,5,NQC
COP2223-167,,PHARMACY,University of Ruhuna,MANNAR,,NQC,7,5,NQC
COP2223-167,,PHARMACY,University of Ruhuna,MULLAITIVU,1.4506,value,7,5,1.4506
COP2223-167,,PHARMACY,University of Ruhuna,VAVUNIYA,1.4387,value,7,5,1.4387
COP2223-167,,PHARMACY,University of Ruhuna,TRINCOMALEE,,NQC,7,5,NQC
COP2223-167,,PHARMACY,University of Ruhuna,BATTICALOA,1.5034,value,7,5,1.5034
COP2223-167,,PHARMACY,University of Ruhuna,AMPARA,1.4550,value,7,5,1.4550
COP2223-167,,PHARMACY,University of Ruhuna,PUTTALAM,1.4419,value,7,5,1.4419
COP2223-167,,PHARMACY,University of Ruhuna,KURUNEGALA,1.4114,value,7,5,1.4114
COP2223-167,,PHARMACY,University of Ruhuna,ANURADHAPURA,,NQC,7,5,NQC
COP2223-167,,PHARMACY,University of Ruhuna,POLONNARUWA,,NQC,7,5,NQC
COP2223-167,,PHARMACY,University of Ruhuna,BADULLA,1.4547,value,7,5,1.4547
COP2223-167,,PHARMACY,University of Ruhuna,MONARAGALA,1.4405,value,7,5,1.4405
COP2223-167,,PHARMACY,University of Ruhuna,KEGALLE,1.5006,value,7,5,1.5006
COP2223-167,,PHARMACY,University of Ruhuna,RATNAPURA,1.4190,value,7,5,1.4190
COP2223-168,,MEDICAL LABORATORY SCIENCES,University of Peradeniya,COLOMBO,1.7167,value,7,6,1.7167
COP2223-168,,MEDICAL LABORATORY SCIENCES,University of Peradeniya,GAMPAHA,,NQC,7,6,NQC
COP2223-168,,MEDICAL LABORATORY SCIENCES,University of Peradeniya,KALUTARA,1.7401,value,7,6,1.7401
COP2223-168,,MEDICAL LABORATORY SCIENCES,University of Peradeniya,MATALE,,NQC,7,6,NQC
COP2223-168,,MEDICAL LABORATORY SCIENCES,University of Peradeniya,KANDY,1.7092,value,7,6,1.7092
COP2223-168,,MEDICAL LABORATORY SCIENCES,University of Peradeniya,NUWARA ELIYA,,NQC,7,6,NQC
COP2223-168,,MEDICAL LABORATORY SCIENCES,University of Peradeniya,GALLE,1.7304,value,7,6,1.7304
COP2223-168,,MEDICAL LABORATORY SCIENCES,University of Peradeniya,MATARA,1.7120,value,7,6,1.7120
COP2223-168,,MEDICAL LABORATORY SCIENCES,University of Peradeniya,HAMBANTOTA,1.7054,value,7,6,1.7054
COP2223-168,,MEDICAL LABORATORY SCIENCES,University of Peradeniya,JAFFNA,1.7561,value,7,6,1.7561
COP2223-168,,MEDICAL LABORATORY SCIENCES,University of Peradeniya,KILINOCHCHI,,NQC,7,6,NQC
COP2223-168,,MEDICAL LABORATORY SCIENCES,University of Peradeniya,MANNAR,,NQC,7,6,NQC
COP2223-168,,MEDICAL LABORATORY SCIENCES,University of Peradeniya,MULLAITIVU,,NQC,7,6,NQC
COP2223-168,,MEDICAL LABORATORY SCIENCES,University of Peradeniya,VAVUNIYA,,NQC,7,6,NQC
COP2223-168,,MEDICAL LABORATORY SCIENCES,University of Peradeniya,TRINCOMALEE,,NQC,7,6,NQC
COP2223-168,,MEDICAL LABORATORY SCIENCES,University of Peradeniya,BATTICALOA,1.7382,value,7,6,1.7382
COP2223-168,,MEDICAL LABORATORY SCIENCES,University of Peradeniya,AMPARA,1.7194,value,7,6,1.7194
COP2223-168,,MEDICAL LABORATORY SCIENCES,University of Peradeniya,PUTTALAM,,NQC,7,6,NQC
COP2223-168,,MEDICAL LABORATORY SCIENCES,University of Peradeniya,KURUNEGALA,1.7054,value,7,6,1.7054
COP2223-168,,MEDICAL LABORATORY SCIENCES,University of Peradeniya,ANURADHAPURA,,NQC,7,6,NQC
COP2223-168,,MEDICAL LABORATORY SCIENCES,University of Peradeniya,POLONNARUWA,,NQC,7,6,NQC
COP2223-168,,MEDICAL LABORATORY SCIENCES,University of Peradeniya,BADULLA,,NQC,7,6,NQC
COP2223-168,,MEDICAL LABORATORY SCIENCES,University of Peradeniya,MONARAGALA,,NQC,7,6,NQC
COP2223-168,,MEDICAL LABORATORY SCIENCES,University of Peradeniya,KEGALLE,1.7271,value,7,6,1.7271
COP2223-168,,MEDICAL LABORATORY SCIENCES,University of Peradeniya,RATNAPURA,1.7051,value,7,6,1.7051
COP2223-169,,MEDICAL LABORATORY SCIENCES,University of Sri Jayewardenepura,COLOMBO,1.6527,value,7,7,1.6527
COP2223-169,,MEDICAL LABORATORY SCIENCES,University of Sri Jayewardenepura,GAMPAHA,,NQC,7,7,NQC
COP2223-169,,MEDICAL LABORATORY SCIENCES,University of Sri Jayewardenepura,KALUTARA,1.6534,value,7,7,1.6534
COP2223-169,,MEDICAL LABORATORY SCIENCES,University of Sri Jayewardenepura,MATALE,,NQC,7,7,NQC
COP2223-169,,MEDICAL LABORATORY SCIENCES,University of Sri Jayewardenepura,KANDY,1.6931,value,7,7,1.6931
COP2223-169,,MEDICAL LABORATORY SCIENCES,University of Sri Jayewardenepura,NUWARA ELIYA,,NQC,7,7,NQC
COP2223-169,,MEDICAL LABORATORY SCIENCES,University of Sri Jayewardenepura,GALLE,1.6681,value,7,7,1.6681
COP2223-169,,MEDICAL LABORATORY SCIENCES,University of Sri Jayewardenepura,MATARA,1.6680,value,7,7,1.6680
COP2223-169,,MEDICAL LABORATORY SCIENCES,University of Sri Jayewardenepura,HAMBANTOTA,1.6555,value,7,7,1.6555
COP2223-169,,MEDICAL LABORATORY SCIENCES,University of Sri Jayewardenepura,JAFFNA,1.6543,value,7,7,1.6543
COP2223-169,,MEDICAL LABORATORY SCIENCES,University of Sri Jayewardenepura,KILINOCHCHI,,NQC,7,7,NQC
COP2223-169,,MEDICAL LABORATORY SCIENCES,University of Sri Jayewardenepura,MANNAR,,NQC,7,7,NQC
COP2223-169,,MEDICAL LABORATORY SCIENCES,University of Sri Jayewardenepura,MULLAITIVU,,NQC,7,7,NQC
COP2223-169,,MEDICAL LABORATORY SCIENCES,University of Sri Jayewardenepura,VAVUNIYA,1.6896,value,7,7,1.6896
COP2223-169,,MEDICAL LABORATORY SCIENCES,University of Sri Jayewardenepura,TRINCOMALEE,,NQC,7,7,NQC
COP2223-169,,MEDICAL LABORATORY SCIENCES,University of Sri Jayewardenepura,BATTICALOA,1.7539,value,7,7,1.7539
COP2223-169,,MEDICAL LABORATORY SCIENCES,University of Sri Jayewardenepura,AMPARA,1.6565,value,7,7,1.6565
COP2223-169,,MEDICAL LABORATORY SCIENCES,University of Sri Jayewardenepura,PUTTALAM,,NQC,7,7,NQC
COP2223-169,,MEDICAL LABORATORY SCIENCES,University of Sri Jayewardenepura,KURUNEGALA,1.6575,value,7,7,1.6575
COP2223-169,,MEDICAL LABORATORY SCIENCES,University of Sri Jayewardenepura,ANURADHAPURA,,NQC,7,7,NQC
COP2223-169,,MEDICAL LABORATORY SCIENCES,University of Sri Jayewardenepura,POLONNARUWA,,NQC,7,7,NQC
COP2223-169,,MEDICAL LABORATORY SCIENCES,University of Sri Jayewardenepura,BADULLA,,NQC,7,7,NQC
COP2223-169,,MEDICAL LABORATORY SCIENCES,University of Sri Jayewardenepura,MONARAGALA,,NQC,7,7,NQC
COP2223-169,,MEDICAL LABORATORY SCIENCES,University of Sri Jayewardenepura,KEGALLE,1.6564,value,7,7,1.6564
COP2223-169,,MEDICAL LABORATORY SCIENCES,University of Sri Jayewardenepura,RATNAPURA,1.6553,value,7,7,1.6553
COP2223-170,,MEDICAL LABORATORY SCIENCES,University of Jaffna,COLOMBO,1.4305,value,7,8,1.4305
COP2223-170,,MEDICAL LABORATORY SCIENCES,University of Jaffna,GAMPAHA,1.3056,value,7,8,1.3056
COP2223-170,,MEDICAL LABORATORY SCIENCES,University of Jaffna,KALUTARA,,NQC,7,8,NQC
COP2223-170,,MEDICAL LABORATORY SCIENCES,University of Jaffna,MATALE,1.3990,value,7,8,1.3990
COP2223-170,,MEDICAL LABORATORY SCIENCES,University of Jaffna,KANDY,1.4771,value,7,8,1.4771
COP2223-170,,MEDICAL LABORATORY SCIENCES,University of Jaffna,NUWARA ELIYA,1.1843,value,7,8,1.1843
COP2223-170,,MEDICAL LABORATORY SCIENCES,University of Jaffna,GALLE,1.6107,value,7,8,1.6107
COP2223-170,,MEDICAL LABORATORY SCIENCES,University of Jaffna,MATARA,,NQC,7,8,NQC
COP2223-170,,MEDICAL LABORATORY SCIENCES,University of Jaffna,HAMBANTOTA,,NQC,7,8,NQC
COP2223-170,,MEDICAL LABORATORY SCIENCES,University of Jaffna,JAFFNA,1.6436,value,7,8,1.6436
COP2223-170,,MEDICAL LABORATORY SCIENCES,University of Jaffna,KILINOCHCHI,1.5983,value,7,8,1.5983
COP2223-170,,MEDICAL LABORATORY SCIENCES,University of Jaffna,MANNAR,1.5085,value,7,8,1.5085
COP2223-170,,MEDICAL LABORATORY SCIENCES,University of Jaffna,MULLAITIVU,1.6030,value,7,8,1.6030
COP2223-170,,MEDICAL LABORATORY SCIENCES,University of Jaffna,VAVUNIYA,1.6158,value,7,8,1.6158
COP2223-170,,MEDICAL LABORATORY SCIENCES,University of Jaffna,TRINCOMALEE,1.6113,value,7,8,1.6113
COP2223-170,,MEDICAL LABORATORY SCIENCES,University of Jaffna,BATTICALOA,1.6084,value,7,8,1.6084
COP2223-170,,MEDICAL LABORATORY SCIENCES,University of Jaffna,AMPARA,1.6454,value,7,8,1.6454
COP2223-170,,MEDICAL LABORATORY SCIENCES,University of Jaffna,PUTTALAM,1.5206,value,7,8,1.5206
COP2223-170,,MEDICAL LABORATORY SCIENCES,University of Jaffna,KURUNEGALA,,NQC,7,8,NQC
COP2223-170,,MEDICAL LABORATORY SCIENCES,University of Jaffna,ANURADHAPURA,1.3768,value,7,8,1.3768
COP2223-170,,MEDICAL LABORATORY SCIENCES,University of Jaffna,POLONNARUWA,1.1836,value,7,8,1.1836
COP2223-170,,MEDICAL LABORATORY SCIENCES,University of Jaffna,BADULLA,1.5035,value,7,8,1.5035
COP2223-170,,MEDICAL LABORATORY SCIENCES,University of Jaffna,MONARAGALA,1.4777,value,7,8,1.4777
COP2223-170,,MEDICAL LABORATORY SCIENCES,University of Jaffna,KEGALLE,,NQC,7,8,NQC
COP2223-170,,MEDICAL LABORATORY SCIENCES,University of Jaffna,RATNAPURA,1.5615,value,7,8,1.5615
COP2223-171,,MEDICAL LABORATORY SCIENCES,University of Ruhuna,COLOMBO,1.5562,value,7,9,1.5562
COP2223-171,,MEDICAL LABORATORY SCIENCES,University of Ruhuna,GAMPAHA,1.5674,value,7,9,1.5674
COP2223-171,,MEDICAL LABORATORY SCIENCES,University of Ruhuna,KALUTARA,1.5970,value,7,9,1.5970
COP2223-171,,MEDICAL LABORATORY SCIENCES,University of Ruhuna,MATALE,1.6323,value,7,9,1.6323
COP2223-171,,MEDICAL LABORATORY SCIENCES,University of Ruhuna,KANDY,1.5533,value,7,9,1.5533
COP2223-171,,MEDICAL LABORATORY SCIENCES,University of Ruhuna,NUWARA ELIYA,,NQC,7,9,NQC
COP2223-171,,MEDICAL LABORATORY SCIENCES,University of Ruhuna,GALLE,1.6253,value,7,9,1.6253
COP2223-171,,MEDICAL LABORATORY SCIENCES,University of Ruhuna,MATARA,1.5984,value,7,9,1.5984
COP2223-171,,MEDICAL LABORATORY SCIENCES,University of Ruhuna,HAMBANTOTA,1.6116,value,7,9,1.6116
COP2223-171,,MEDICAL LABORATORY SCIENCES,University of Ruhuna,JAFFNA,,NQC,7,9,NQC
COP2223-171,,MEDICAL LABORATORY SCIENCES,University of Ruhuna,KILINOCHCHI,,NQC,7,9,NQC
COP2223-171,,MEDICAL LABORATORY SCIENCES,University of Ruhuna,MANNAR,,NQC,7,9,NQC
COP2223-171,,MEDICAL LABORATORY SCIENCES,University of Ruhuna,MULLAITIVU,,NQC,7,9,NQC
COP2223-171,,MEDICAL LABORATORY SCIENCES,University of Ruhuna,VAVUNIYA,,NQC,7,9,NQC
COP2223-171,,MEDICAL LABORATORY SCIENCES,University of Ruhuna,TRINCOMALEE,1.6224,value,7,9,1.6224
COP2223-171,,MEDICAL LABORATORY SCIENCES,University of Ruhuna,BATTICALOA,1.6084,value,7,9,1.6084
COP2223-171,,MEDICAL LABORATORY SCIENCES,University of Ruhuna,AMPARA,1.5551,value,7,9,1.5551
COP2223-171,,MEDICAL LABORATORY SCIENCES,University of Ruhuna,PUTTALAM,1.5445,value,7,9,1.5445
COP2223-171,,MEDICAL LABORATORY SCIENCES,University of Ruhuna,KURUNEGALA,1.5939,value,7,9,1.5939
COP2223-171,,MEDICAL LABORATORY SCIENCES,University of Ruhuna,ANURADHAPURA,,NQC,7,9,NQC
COP2223-171,,MEDICAL LABORATORY SCIENCES,University of Ruhuna,POLONNARUWA,,NQC,7,9,NQC
COP2223-171,,MEDICAL LABORATORY SCIENCES,University of Ruhuna,BADULLA,1.5724,value,7,9,1.5724
COP2223-171,,MEDICAL LABORATORY SCIENCES,University of Ruhuna,MONARAGALA,,NQC,7,9,NQC
COP2223-171,,MEDICAL LABORATORY SCIENCES,University of Ruhuna,KEGALLE,1.5833,value,7,9,1.5833
COP2223-171,,MEDICAL LABORATORY SCIENCES,University of Ruhuna,RATNAPURA,1.5562,value,7,9,1.5562
COP2223-172,,RADIOGRAPHY,University of Peradeniya,COLOMBO,1.4253,value,7,10,1.4253
COP2223-172,,RADIOGRAPHY,University of Peradeniya,GAMPAHA,1.4341,value,7,10,1.4341
COP2223-172,,RADIOGRAPHY,University of Peradeniya,KALUTARA,1.4866,value,7,10,1.4866
COP2223-172,,RADIOGRAPHY,University of Peradeniya,MATALE,1.3570,value,7,10,1.3570
COP2223-172,,RADIOGRAPHY,University of Peradeniya,KANDY,1.3905,value,7,10,1.3905
COP2223-172,,RADIOGRAPHY,University of Peradeniya,NUWARA ELIYA,1.2336,value,7,10,1.2336
COP2223-172,,RADIOGRAPHY,University of Peradeniya,GALLE,1.4146,value,7,10,1.4146
COP2223-172,,RADIOGRAPHY,University of Peradeniya,MATARA,1.4687,value,7,10,1.4687
COP2223-172,,RADIOGRAPHY,University of Peradeniya,HAMBANTOTA,1.5502,value,7,10,1.5502
COP2223-172,,RADIOGRAPHY,University of Peradeniya,JAFFNA,1.5571,value,7,10,1.5571
COP2223-172,,RADIOGRAPHY,University of Peradeniya,KILINOCHCHI,1.5570,value,7,10,1.5570
COP2223-172,,RADIOGRAPHY,University of Peradeniya,MANNAR,1.4238,value,7,10,1.4238
COP2223-172,,RADIOGRAPHY,University of Peradeniya,MULLAITIVU,1.4904,value,7,10,1.4904
COP2223-172,,RADIOGRAPHY,University of Peradeniya,VAVUNIYA,1.4813,value,7,10,1.4813
COP2223-172,,RADIOGRAPHY,University of Peradeniya,TRINCOMALEE,1.5627,value,7,10,1.5627
COP2223-172,,RADIOGRAPHY,University of Peradeniya,BATTICALOA,1.5164,value,7,10,1.5164
COP2223-172,,RADIOGRAPHY,University of Peradeniya,AMPARA,1.5723,value,7,10,1.5723
COP2223-172,,RADIOGRAPHY,University of Peradeniya,PUTTALAM,1.5429,value,7,10,1.5429
COP2223-172,,RADIOGRAPHY,University of Peradeniya,KURUNEGALA,1.5505,value,7,10,1.5505
COP2223-172,,RADIOGRAPHY,University of Peradeniya,ANURADHAPURA,1.4098,value,7,10,1.4098
COP2223-172,,RADIOGRAPHY,University of Peradeniya,POLONNARUWA,1.2645,value,7,10,1.2645
COP2223-172,,RADIOGRAPHY,University of Peradeniya,BADULLA,1.4799,value,7,10,1.4799
COP2223-172,,RADIOGRAPHY,University of Peradeniya,MONARAGALA,1.5449,value,7,10,1.5449
COP2223-172,,RADIOGRAPHY,University of Peradeniya,KEGALLE,1.5750,value,7,10,1.5750
COP2223-172,,RADIOGRAPHY,University of Peradeniya,RATNAPURA,1.5037,value,7,10,1.5037
COP2223-173,,MEDICAL IMAGING TECHNOLOGY,University of Colombo,COLOMBO,1.5533,value,7,11,1.5533
COP2223-173,,MEDICAL IMAGING TECHNOLOGY,University of Colombo,GAMPAHA,1.5085,value,7,11,1.5085
COP2223-173,,MEDICAL IMAGING TECHNOLOGY,University of Colombo,KALUTARA,1.5391,value,7,11,1.5391
COP2223-173,,MEDICAL IMAGING TECHNOLOGY,University of Colombo,MATALE,1.3418,value,7,11,1.3418
COP2223-173,,MEDICAL IMAGING TECHNOLOGY,University of Colombo,KANDY,1.4958,value,7,11,1.4958
COP2223-173,,MEDICAL IMAGING TECHNOLOGY,University of Colombo,NUWARA ELIYA,1.3735,value,7,11,1.3735
COP2223-173,,MEDICAL IMAGING TECHNOLOGY,University of Colombo,GALLE,1.4766,value,7,11,1.4766
COP2223-173,,MEDICAL IMAGING TECHNOLOGY,University of Colombo,MATARA,1.5766,value,7,11,1.5766
COP2223-173,,MEDICAL IMAGING TECHNOLOGY,University of Colombo,HAMBANTOTA,1.5823,value,7,11,1.5823
COP2223-173,,MEDICAL IMAGING TECHNOLOGY,University of Colombo,JAFFNA,1.4538,value,7,11,1.4538
COP2223-173,,MEDICAL IMAGING TECHNOLOGY,University of Colombo,KILINOCHCHI,1.2731,value,7,11,1.2731
COP2223-173,,MEDICAL IMAGING TECHNOLOGY,University of Colombo,MANNAR,1.4620,value,7,11,1.4620
COP2223-173,,MEDICAL IMAGING TECHNOLOGY,University of Colombo,MULLAITIVU,1.4162,value,7,11,1.4162
COP2223-173,,MEDICAL IMAGING TECHNOLOGY,University of Colombo,VAVUNIYA,1.5521,value,7,11,1.5521
COP2223-173,,MEDICAL IMAGING TECHNOLOGY,University of Colombo,TRINCOMALEE,1.2794,value,7,11,1.2794
COP2223-173,,MEDICAL IMAGING TECHNOLOGY,University of Colombo,BATTICALOA,1.5098,value,7,11,1.5098
COP2223-173,,MEDICAL IMAGING TECHNOLOGY,University of Colombo,AMPARA,1.5852,value,7,11,1.5852
COP2223-173,,MEDICAL IMAGING TECHNOLOGY,University of Colombo,PUTTALAM,1.5543,value,7,11,1.5543
COP2223-173,,MEDICAL IMAGING TECHNOLOGY,University of Colombo,KURUNEGALA,1.5507,value,7,11,1.5507
COP2223-173,,MEDICAL IMAGING TECHNOLOGY,University of Colombo,ANURADHAPURA,1.4436,value,7,11,1.4436
COP2223-173,,MEDICAL IMAGING TECHNOLOGY,University of Colombo,POLONNARUWA,1.2247,value,7,11,1.2247
COP2223-173,,MEDICAL IMAGING TECHNOLOGY,University of Colombo,BADULLA,1.5833,value,7,11,1.5833
COP2223-173,,MEDICAL IMAGING TECHNOLOGY,University of Colombo,MONARAGALA,1.4620,value,7,11,1.4620
COP2223-173,,MEDICAL IMAGING TECHNOLOGY,University of Colombo,KEGALLE,1.5194,value,7,11,1.5194
COP2223-173,,MEDICAL IMAGING TECHNOLOGY,University of Colombo,RATNAPURA,1.5794,value,7,11,1.5794
COP2223-174,,PHYSIOTHERAPY,University of Colombo,COLOMBO,1.6537,value,7,12,1.6537
COP2223-174,,PHYSIOTHERAPY,University of Colombo,GAMPAHA,,NQC,7,12,NQC
COP2223-174,,PHYSIOTHERAPY,University of Colombo,KALUTARA,1.6928,value,7,12,1.6928
COP2223-174,,PHYSIOTHERAPY,University of Colombo,MATALE,,NQC,7,12,NQC
COP2223-174,,PHYSIOTHERAPY,University of Colombo,KANDY,1.6857,value,7,12,1.6857
COP2223-174,,PHYSIOTHERAPY,University of Colombo,NUWARA ELIYA,,NQC,7,12,NQC
COP2223-174,,PHYSIOTHERAPY,University of Colombo,GALLE,1.6966,value,7,12,1.6966
COP2223-174,,PHYSIOTHERAPY,University of Colombo,MATARA,1.6836,value,7,12,1.6836
COP2223-174,,PHYSIOTHERAPY,University of Colombo,HAMBANTOTA,1.6695,value,7,12,1.6695
COP2223-174,,PHYSIOTHERAPY,University of Colombo,JAFFNA,1.6759,value,7,12,1.6759
COP2223-174,,PHYSIOTHERAPY,University of Colombo,KILINOCHCHI,,NQC,7,12,NQC
COP2223-174,,PHYSIOTHERAPY,University of Colombo,MANNAR,,NQC,7,12,NQC
COP2223-174,,PHYSIOTHERAPY,University of Colombo,MULLAITIVU,,NQC,7,12,NQC
COP2223-174,,PHYSIOTHERAPY,University of Colombo,VAVUNIYA,,NQC,7,12,NQC
COP2223-174,,PHYSIOTHERAPY,University of Colombo,TRINCOMALEE,1.6555,value,7,12,1.6555
COP2223-174,,PHYSIOTHERAPY,University of Colombo,BATTICALOA,1.6657,value,7,12,1.6657
COP2223-174,,PHYSIOTHERAPY,University of Colombo,AMPARA,1.7007,value,7,12,1.7007
COP2223-174,,PHYSIOTHERAPY,University of Colombo,PUTTALAM,,NQC,7,12,NQC
COP2223-174,,PHYSIOTHERAPY,University of Colombo,KURUNEGALA,1.6734,value,7,12,1.6734
COP2223-174,,PHYSIOTHERAPY,University of Colombo,ANURADHAPURA,,NQC,7,12,NQC
COP2223-174,,PHYSIOTHERAPY,University of Colombo,POLONNARUWA,,NQC,7,12,NQC
COP2223-174,,PHYSIOTHERAPY,University of Colombo,BADULLA,,NQC,7,12,NQC
COP2223-174,,PHYSIOTHERAPY,University of Colombo,MONARAGALA,,NQC,7,12,NQC
COP2223-174,,PHYSIOTHERAPY,University of Colombo,KEGALLE,,NQC,7,12,NQC
COP2223-174,,PHYSIOTHERAPY,University of Colombo,RATNAPURA,1.6648,value,7,12,1.6648
COP2223-175,,PHYSIOTHERAPY,University of Peradeniya,COLOMBO,1.6151,value,7,13,1.6151
COP2223-175,,PHYSIOTHERAPY,University of Peradeniya,GAMPAHA,1.5581,value,7,13,1.5581
COP2223-175,,PHYSIOTHERAPY,University of Peradeniya,KALUTARA,,NQC,7,13,NQC
COP2223-175,,PHYSIOTHERAPY,University of Peradeniya,MATALE,1.5072,value,7,13,1.5072
COP2223-175,,PHYSIOTHERAPY,University of Peradeniya,KANDY,1.5786,value,7,13,1.5786
COP2223-175,,PHYSIOTHERAPY,University of Peradeniya,NUWARA ELIYA,1.2694,value,7,13,1.2694
COP2223-175,,PHYSIOTHERAPY,University of Peradeniya,GALLE,1.6871,value,7,13,1.6871
COP2223-175,,PHYSIOTHERAPY,University of Peradeniya,MATARA,1.7154,value,7,13,1.7154
COP2223-175,,PHYSIOTHERAPY,University of Peradeniya,HAMBANTOTA,,NQC,7,13,NQC
COP2223-175,,PHYSIOTHERAPY,University of Peradeniya,JAFFNA,1.7109,value,7,13,1.7109
COP2223-175,,PHYSIOTHERAPY,University of Peradeniya,KILINOCHCHI,1.5702,value,7,13,1.5702
COP2223-175,,PHYSIOTHERAPY,University of Peradeniya,MANNAR,1.5430,value,7,13,1.5430
COP2223-175,,PHYSIOTHERAPY,University of Peradeniya,MULLAITIVU,1.6234,value,7,13,1.6234
COP2223-175,,PHYSIOTHERAPY,University of Peradeniya,VAVUNIYA,1.6377,value,7,13,1.6377
COP2223-175,,PHYSIOTHERAPY,University of Peradeniya,TRINCOMALEE,,NQC,7,13,NQC
COP2223-175,,PHYSIOTHERAPY,University of Peradeniya,BATTICALOA,1.6903,value,7,13,1.6903
COP2223-175,,PHYSIOTHERAPY,University of Peradeniya,AMPARA,1.6960,value,7,13,1.6960
COP2223-175,,PHYSIOTHERAPY,University of Peradeniya,PUTTALAM,1.6454,value,7,13,1.6454
COP2223-175,,PHYSIOTHERAPY,University of Peradeniya,KURUNEGALA,1.7232,value,7,13,1.7232
COP2223-175,,PHYSIOTHERAPY,University of Peradeniya,ANURADHAPURA,1.3458,value,7,13,1.3458
COP2223-175,,PHYSIOTHERAPY,University of Peradeniya,POLONNARUWA,1.3046,value,7,13,1.3046
COP2223-175,,PHYSIOTHERAPY,University of Peradeniya,BADULLA,1.5750,value,7,13,1.5750
COP2223-175,,PHYSIOTHERAPY,University of Peradeniya,MONARAGALA,1.5372,value,7,13,1.5372
COP2223-175,,PHYSIOTHERAPY,University of Peradeniya,KEGALLE,1.6189,value,7,13,1.6189
COP2223-175,,PHYSIOTHERAPY,University of Peradeniya,RATNAPURA,1.6750,value,7,13,1.6750
COP2223-176,,OCCUPATIONAL THERAPY,University of Kelaniya,COLOMBO,1.2904,value,7,14,1.2904
COP2223-176,,OCCUPATIONAL THERAPY,University of Kelaniya,GAMPAHA,1.1592,value,7,14,1.1592
COP2223-176,,OCCUPATIONAL THERAPY,University of Kelaniya,KALUTARA,1.3673,value,7,14,1.3673
COP2223-176,,OCCUPATIONAL THERAPY,University of Kelaniya,MATALE,1.2230,value,7,14,1.2230
COP2223-176,,OCCUPATIONAL THERAPY,University of Kelaniya,KANDY,1.2908,value,7,14,1.2908
COP2223-176,,OCCUPATIONAL THERAPY,University of Kelaniya,NUWARA ELIYA,1.1088,value,7,14,1.1088
COP2223-176,,OCCUPATIONAL THERAPY,University of Kelaniya,GALLE,1.3834,value,7,14,1.3834
COP2223-176,,OCCUPATIONAL THERAPY,University of Kelaniya,MATARA,1.4317,value,7,14,1.4317
COP2223-176,,OCCUPATIONAL THERAPY,University of Kelaniya,HAMBANTOTA,1.3729,value,7,14,1.3729
COP2223-176,,OCCUPATIONAL THERAPY,University of Kelaniya,JAFFNA,1.3996,value,7,14,1.3996
COP2223-176,,OCCUPATIONAL THERAPY,University of Kelaniya,KILINOCHCHI,1.3590,value,7,14,1.3590
COP2223-176,,OCCUPATIONAL THERAPY,University of Kelaniya,MANNAR,1.0102,value,7,14,1.0102
COP2223-176,,OCCUPATIONAL THERAPY,University of Kelaniya,MULLAITIVU,1.4198,value,7,14,1.4198
COP2223-176,,OCCUPATIONAL THERAPY,University of Kelaniya,VAVUNIYA,1.3074,value,7,14,1.3074
COP2223-176,,OCCUPATIONAL THERAPY,University of Kelaniya,TRINCOMALEE,1.3189,value,7,14,1.3189
COP2223-176,,OCCUPATIONAL THERAPY,University of Kelaniya,BATTICALOA,1.4293,value,7,14,1.4293
COP2223-176,,OCCUPATIONAL THERAPY,University of Kelaniya,AMPARA,1.4318,value,7,14,1.4318
COP2223-176,,OCCUPATIONAL THERAPY,University of Kelaniya,PUTTALAM,1.4324,value,7,14,1.4324
COP2223-176,,OCCUPATIONAL THERAPY,University of Kelaniya,KURUNEGALA,1.3718,value,7,14,1.3718
COP2223-176,,OCCUPATIONAL THERAPY,University of Kelaniya,ANURADHAPURA,1.1897,value,7,14,1.1897
COP2223-176,,OCCUPATIONAL THERAPY,University of Kelaniya,POLONNARUWA,1.1833,value,7,14,1.1833
COP2223-176,,OCCUPATIONAL THERAPY,University of Kelaniya,BADULLA,1.3150,value,7,14,1.3150
COP2223-176,,OCCUPATIONAL THERAPY,University of Kelaniya,MONARAGALA,1.3262,value,7,14,1.3262
COP2223-176,,OCCUPATIONAL THERAPY,University of Kelaniya,KEGALLE,1.3786,value,7,14,1.3786
COP2223-176,,OCCUPATIONAL THERAPY,University of Kelaniya,RATNAPURA,1.3096,value,7,14,1.3096
COP2223-177,,OPTOMETRY,University of Sri Jayewardenepura,COLOMBO,1.4086,value,7,15,1.4086
COP2223-177,,OPTOMETRY,University of Sri Jayewardenepura,GAMPAHA,1.2372,value,7,15,1.2372
COP2223-177,,OPTOMETRY,University of Sri Jayewardenepura,KALUTARA,1.3898,value,7,15,1.3898
COP2223-177,,OPTOMETRY,University of Sri Jayewardenepura,MATALE,1.3834,value,7,15,1.3834
COP2223-177,,OPTOMETRY,University of Sri Jayewardenepura,KANDY,1.3863,value,7,15,1.3863
COP2223-177,,OPTOMETRY,University of Sri Jayewardenepura,NUWARA ELIYA,1.1477,value,7,15,1.1477
COP2223-177,,OPTOMETRY,University of Sri Jayewardenepura,GALLE,1.3966,value,7,15,1.3966
COP2223-177,,OPTOMETRY,University of Sri Jayewardenepura,MATARA,1.4537,value,7,15,1.4537
COP2223-177,,OPTOMETRY,University of Sri Jayewardenepura,HAMBANTOTA,1.4359,value,7,15,1.4359
COP2223-177,,OPTOMETRY,University of Sri Jayewardenepura,JAFFNA,1.4772,value,7,15,1.4772
COP2223-177,,OPTOMETRY,University of Sri Jayewardenepura,KILINOCHCHI,1.4050,value,7,15,1.4050
COP2223-177,,OPTOMETRY,University of Sri Jayewardenepura,MANNAR,1.3446,value,7,15,1.3446
COP2223-177,,OPTOMETRY,University of Sri Jayewardenepura,MULLAITIVU,1.4866,value,7,15,1.4866
COP2223-177,,OPTOMETRY,University of Sri Jayewardenepura,VAVUNIYA,1.3532,value,7,15,1.3532
COP2223-177,,OPTOMETRY,University of Sri Jayewardenepura,TRINCOMALEE,1.4911,value,7,15,1.4911
COP2223-177,,OPTOMETRY,University of Sri Jayewardenepura,BATTICALOA,1.4700,value,7,15,1.4700
COP2223-177,,OPTOMETRY,University of Sri Jayewardenepura,AMPARA,1.4633,value,7,15,1.4633
COP2223-177,,OPTOMETRY,University of Sri Jayewardenepura,PUTTALAM,1.4935,value,7,15,1.4935
COP2223-177,,OPTOMETRY,University of Sri Jayewardenepura,KURUNEGALA,1.4388,value,7,15,1.4388
COP2223-177,,OPTOMETRY,University of Sri Jayewardenepura,ANURADHAPURA,1.1741,value,7,15,1.1741
COP2223-177,,OPTOMETRY,University of Sri Jayewardenepura,POLONNARUWA,1.0784,value,7,15,1.0784
COP2223-177,,OPTOMETRY,University of Sri Jayewardenepura,BADULLA,1.3195,value,7,15,1.3195
COP2223-177,,OPTOMETRY,University of Sri Jayewardenepura,MONARAGALA,1.4246,value,7,15,1.4246
COP2223-177,,OPTOMETRY,University of Sri Jayewardenepura,KEGALLE,1.4595,value,7,15,1.4595
COP2223-177,,OPTOMETRY,University of Sri Jayewardenepura,RATNAPURA,1.4414,value,7,15,1.4414
COP2223-178,,ENVIRONMENTAL CONSERVATION & MANAGEMENT,University of Kelaniya,COLOMBO,0.8010,value,7,16,0.8010
COP2223-178,,ENVIRONMENTAL CONSERVATION & MANAGEMENT,University of Kelaniya,GAMPAHA,0.8661,value,7,16,0.8661
COP2223-178,,ENVIRONMENTAL CONSERVATION & MANAGEMENT,University of Kelaniya,KALUTARA,0.8829,value,7,16,0.8829
COP2223-178,,ENVIRONMENTAL CONSERVATION & MANAGEMENT,University of Kelaniya,MATALE,0.7818,value,7,16,0.7818
COP2223-178,,ENVIRONMENTAL CONSERVATION & MANAGEMENT,University of Kelaniya,KANDY,0.8357,value,7,16,0.8357
COP2223-178,,ENVIRONMENTAL CONSERVATION & MANAGEMENT,University of Kelaniya,NUWARA ELIYA,0.7375,value,7,16,0.7375
COP2223-178,,ENVIRONMENTAL CONSERVATION & MANAGEMENT,University of Kelaniya,GALLE,0.9434,value,7,16,0.9434
COP2223-178,,ENVIRONMENTAL CONSERVATION & MANAGEMENT,University of Kelaniya,MATARA,0.9402,value,7,16,0.9402
COP2223-178,,ENVIRONMENTAL CONSERVATION & MANAGEMENT,University of Kelaniya,HAMBANTOTA,0.9750,value,7,16,0.9750
COP2223-178,,ENVIRONMENTAL CONSERVATION & MANAGEMENT,University of Kelaniya,JAFFNA,0.6446,value,7,16,0.6446
COP2223-178,,ENVIRONMENTAL CONSERVATION & MANAGEMENT,University of Kelaniya,KILINOCHCHI,0.4486,value,7,16,0.4486
COP2223-178,,ENVIRONMENTAL CONSERVATION & MANAGEMENT,University of Kelaniya,MANNAR,0.9298,value,7,16,0.9298
COP2223-178,,ENVIRONMENTAL CONSERVATION & MANAGEMENT,University of Kelaniya,MULLAITIVU,0.9779,value,7,16,0.9779
COP2223-178,,ENVIRONMENTAL CONSERVATION & MANAGEMENT,University of Kelaniya,VAVUNIYA,0.6177,value,7,16,0.6177
COP2223-178,,ENVIRONMENTAL CONSERVATION & MANAGEMENT,University of Kelaniya,TRINCOMALEE,0.6674,value,7,16,0.6674
COP2223-178,,ENVIRONMENTAL CONSERVATION & MANAGEMENT,University of Kelaniya,BATTICALOA,0.6503,value,7,16,0.6503
COP2223-178,,ENVIRONMENTAL CONSERVATION & MANAGEMENT,University of Kelaniya,AMPARA,0.8476,value,7,16,0.8476
COP2223-178,,ENVIRONMENTAL CONSERVATION & MANAGEMENT,University of Kelaniya,PUTTALAM,0.8203,value,7,16,0.8203
COP2223-178,,ENVIRONMENTAL CONSERVATION & MANAGEMENT,University of Kelaniya,KURUNEGALA,0.8450,value,7,16,0.8450
COP2223-178,,ENVIRONMENTAL CONSERVATION & MANAGEMENT,University of Kelaniya,ANURADHAPURA,0.7954,value,7,16,0.7954
COP2223-178,,ENVIRONMENTAL CONSERVATION & MANAGEMENT,University of Kelaniya,POLONNARUWA,0.8926,value,7,16,0.8926
COP2223-178,,ENVIRONMENTAL CONSERVATION & MANAGEMENT,University of Kelaniya,BADULLA,0.8250,value,7,16,0.8250
COP2223-178,,ENVIRONMENTAL CONSERVATION & MANAGEMENT,University of Kelaniya,MONARAGALA,0.7508,value,7,16,0.7508
COP2223-178,,ENVIRONMENTAL CONSERVATION & MANAGEMENT,University of Kelaniya,KEGALLE,0.9707,value,7,16,0.9707
COP2223-178,,ENVIRONMENTAL CONSERVATION & MANAGEMENT,University of Kelaniya,RATNAPURA,0.9048,value,7,16,0.9048
COP2223-179,,APPLIED CHEMISTRY,University of Kelaniya,COLOMBO,1.4664,value,7,17,1.4664
COP2223-179,,APPLIED CHEMISTRY,University of Kelaniya,GAMPAHA,1.4405,value,7,17,1.4405
COP2223-179,,APPLIED CHEMISTRY,University of Kelaniya,KALUTARA,1.4741,value,7,17,1.4741
COP2223-179,,APPLIED CHEMISTRY,University of Kelaniya,MATALE,1.3373,value,7,17,1.3373
COP2223-179,,APPLIED CHEMISTRY,University of Kelaniya,KANDY,1.3994,value,7,17,1.3994
COP2223-179,,APPLIED CHEMISTRY,University of Kelaniya,NUWARA ELIYA,1.2978,value,7,17,1.2978
COP2223-179,,APPLIED CHEMISTRY,University of Kelaniya,GALLE,1.4173,value,7,17,1.4173
COP2223-179,,APPLIED CHEMISTRY,University of Kelaniya,MATARA,1.4785,value,7,17,1.4785
COP2223-179,,APPLIED CHEMISTRY,University of Kelaniya,HAMBANTOTA,1.4686,value,7,17,1.4686
COP2223-179,,APPLIED CHEMISTRY,University of Kelaniya,JAFFNA,1.3710,value,7,17,1.3710
COP2223-179,,APPLIED CHEMISTRY,University of Kelaniya,KILINOCHCHI,0.9322,value,7,17,0.9322
COP2223-179,,APPLIED CHEMISTRY,University of Kelaniya,MANNAR,1.0410,value,7,17,1.0410
COP2223-179,,APPLIED CHEMISTRY,University of Kelaniya,MULLAITIVU,0.9189,value,7,17,0.9189
COP2223-179,,APPLIED CHEMISTRY,University of Kelaniya,VAVUNIYA,0.8452,value,7,17,0.8452
COP2223-179,,APPLIED CHEMISTRY,University of Kelaniya,TRINCOMALEE,1.2645,value,7,17,1.2645
COP2223-179,,APPLIED CHEMISTRY,University of Kelaniya,BATTICALOA,1.4021,value,7,17,1.4021
COP2223-179,,APPLIED CHEMISTRY,University of Kelaniya,AMPARA,1.4615,value,7,17,1.4615
COP2223-179,,APPLIED CHEMISTRY,University of Kelaniya,PUTTALAM,1.3995,value,7,17,1.3995
COP2223-179,,APPLIED CHEMISTRY,University of Kelaniya,KURUNEGALA,1.4146,value,7,17,1.4146
COP2223-179,,APPLIED CHEMISTRY,University of Kelaniya,ANURADHAPURA,1.3664,value,7,17,1.3664
COP2223-179,,APPLIED CHEMISTRY,University of Kelaniya,POLONNARUWA,1.2529,value,7,17,1.2529
COP2223-179,,APPLIED CHEMISTRY,University of Kelaniya,BADULLA,1.3300,value,7,17,1.3300
COP2223-179,,APPLIED CHEMISTRY,University of Kelaniya,MONARAGALA,1.3832,value,7,17,1.3832
COP2223-179,,APPLIED CHEMISTRY,University of Kelaniya,KEGALLE,1.3978,value,7,17,1.3978
COP2223-179,,APPLIED CHEMISTRY,University of Kelaniya,RATNAPURA,1.4141,value,7,17,1.4141
COP2223-180,,ELECTRONICS AND COMPUTER SCIENCE,University of Kelaniya,COLOMBO,1.4536,value,7,18,1.4536
COP2223-180,,ELECTRONICS AND COMPUTER SCIENCE,University of Kelaniya,GAMPAHA,1.4319,value,7,18,1.4319
COP2223-180,,ELECTRONICS AND COMPUTER SCIENCE,University of Kelaniya,KALUTARA,1.4332,value,7,18,1.4332
COP2223-180,,ELECTRONICS AND COMPUTER SCIENCE,University of Kelaniya,MATALE,1.4430,value,7,18,1.4430
COP2223-180,,ELECTRONICS AND COMPUTER SCIENCE,University of Kelaniya,KANDY,1.4093,value,7,18,1.4093
COP2223-180,,ELECTRONICS AND COMPUTER SCIENCE,University of Kelaniya,NUWARA ELIYA,0.9738,value,7,18,0.9738
COP2223-180,,ELECTRONICS AND COMPUTER SCIENCE,University of Kelaniya,GALLE,1.4452,value,7,18,1.4452
COP2223-180,,ELECTRONICS AND COMPUTER SCIENCE,University of Kelaniya,MATARA,1.4616,value,7,18,1.4616
COP2223-180,,ELECTRONICS AND COMPUTER SCIENCE,University of Kelaniya,HAMBANTOTA,1.4254,value,7,18,1.4254
COP2223-180,,ELECTRONICS AND COMPUTER SCIENCE,University of Kelaniya,JAFFNA,1.4517,value,7,18,1.4517
COP2223-180,,ELECTRONICS AND COMPUTER SCIENCE,University of Kelaniya,KILINOCHCHI,1.0147,value,7,18,1.0147
COP2223-180,,ELECTRONICS AND COMPUTER SCIENCE,University of Kelaniya,MANNAR,1.0521,value,7,18,1.0521
COP2223-180,,ELECTRONICS AND COMPUTER SCIENCE,University of Kelaniya,MULLAITIVU,0.9422,value,7,18,0.9422
COP2223-180,,ELECTRONICS AND COMPUTER SCIENCE,University of Kelaniya,VAVUNIYA,1.2451,value,7,18,1.2451
COP2223-180,,ELECTRONICS AND COMPUTER SCIENCE,University of Kelaniya,TRINCOMALEE,1.1905,value,7,18,1.1905
COP2223-180,,ELECTRONICS AND COMPUTER SCIENCE,University of Kelaniya,BATTICALOA,1.4344,value,7,18,1.4344
COP2223-180,,ELECTRONICS AND COMPUTER SCIENCE,University of Kelaniya,AMPARA,1.1898,value,7,18,1.1898
COP2223-180,,ELECTRONICS AND COMPUTER SCIENCE,University of Kelaniya,PUTTALAM,1.2916,value,7,18,1.2916
COP2223-180,,ELECTRONICS AND COMPUTER SCIENCE,University of Kelaniya,KURUNEGALA,1.4234,value,7,18,1.4234
COP2223-180,,ELECTRONICS AND COMPUTER SCIENCE,University of Kelaniya,ANURADHAPURA,1.3349,value,7,18,1.3349
COP2223-180,,ELECTRONICS AND COMPUTER SCIENCE,University of Kelaniya,POLONNARUWA,1.2973,value,7,18,1.2973
COP2223-180,,ELECTRONICS AND COMPUTER SCIENCE,University of Kelaniya,BADULLA,1.3951,value,7,18,1.3951
COP2223-180,,ELECTRONICS AND COMPUTER SCIENCE,University of Kelaniya,MONARAGALA,1.3710,value,7,18,1.3710
COP2223-180,,ELECTRONICS AND COMPUTER SCIENCE,University of Kelaniya,KEGALLE,1.4044,value,7,18,1.4044
COP2223-180,,ELECTRONICS AND COMPUTER SCIENCE,University of Kelaniya,RATNAPURA,1.4149,value,7,18,1.4149
COP2223-181,,ACCOUNTING INFORMATION SYSTEMS,University of Kelaniya,COLOMBO,1.6551,value,7,19,1.6551
COP2223-181,,ACCOUNTING INFORMATION SYSTEMS,University of Kelaniya,GAMPAHA,1.5243,value,7,19,1.5243
COP2223-181,,ACCOUNTING INFORMATION SYSTEMS,University of Kelaniya,KALUTARA,1.7029,value,7,19,1.7029
COP2223-181,,ACCOUNTING INFORMATION SYSTEMS,University of Kelaniya,MATALE,1.5773,value,7,19,1.5773
COP2223-181,,ACCOUNTING INFORMATION SYSTEMS,University of Kelaniya,KANDY,1.4866,value,7,19,1.4866
COP2223-181,,ACCOUNTING INFORMATION SYSTEMS,University of Kelaniya,NUWARA ELIYA,1.6650,value,7,19,1.6650
COP2223-181,,ACCOUNTING INFORMATION SYSTEMS,University of Kelaniya,GALLE,1.5494,value,7,19,1.5494
COP2223-181,,ACCOUNTING INFORMATION SYSTEMS,University of Kelaniya,MATARA,1.6972,value,7,19,1.6972
COP2223-181,,ACCOUNTING INFORMATION SYSTEMS,University of Kelaniya,HAMBANTOTA,1.6388,value,7,19,1.6388
COP2223-181,,ACCOUNTING INFORMATION SYSTEMS,University of Kelaniya,JAFFNA,1.4075,value,7,19,1.4075
COP2223-181,,ACCOUNTING INFORMATION SYSTEMS,University of Kelaniya,KILINOCHCHI,,NQC,7,19,NQC
COP2223-181,,ACCOUNTING INFORMATION SYSTEMS,University of Kelaniya,MANNAR,1.0883,value,7,19,1.0883
COP2223-181,,ACCOUNTING INFORMATION SYSTEMS,University of Kelaniya,MULLAITIVU,-0.2361,value,7,19,-0.2361
COP2223-181,,ACCOUNTING INFORMATION SYSTEMS,University of Kelaniya,VAVUNIYA,1.0641,value,7,19,1.0641
COP2223-181,,ACCOUNTING INFORMATION SYSTEMS,University of Kelaniya,TRINCOMALEE,1.5726,value,7,19,1.5726
COP2223-181,,ACCOUNTING INFORMATION SYSTEMS,University of Kelaniya,BATTICALOA,1.6337,value,7,19,1.6337
COP2223-181,,ACCOUNTING INFORMATION SYSTEMS,University of Kelaniya,AMPARA,1.6489,value,7,19,1.6489
COP2223-181,,ACCOUNTING INFORMATION SYSTEMS,University of Kelaniya,PUTTALAM,1.7022,value,7,19,1.7022
COP2223-181,,ACCOUNTING INFORMATION SYSTEMS,University of Kelaniya,KURUNEGALA,1.6647,value,7,19,1.6647
COP2223-181,,ACCOUNTING INFORMATION SYSTEMS,University of Kelaniya,ANURADHAPURA,1.5635,value,7,19,1.5635
COP2223-181,,ACCOUNTING INFORMATION SYSTEMS,University of Kelaniya,POLONNARUWA,1.6929,value,7,19,1.6929
COP2223-181,,ACCOUNTING INFORMATION SYSTEMS,University of Kelaniya,BADULLA,1.5592,value,7,19,1.5592
COP2223-181,,ACCOUNTING INFORMATION SYSTEMS,University of Kelaniya,MONARAGALA,1.7148,value,7,19,1.7148
COP2223-181,,ACCOUNTING INFORMATION SYSTEMS,University of Kelaniya,KEGALLE,1.7144,value,7,19,1.7144
COP2223-181,,ACCOUNTING INFORMATION SYSTEMS,University of Kelaniya,RATNAPURA,1.7204,value,7,19,1.7204
COP2223-182,,FISHERIES & MARINE SCIENCES,University of Ruhuna,COLOMBO,0.6364,value,7,20,0.6364
COP2223-182,,FISHERIES & MARINE SCIENCES,University of Ruhuna,GAMPAHA,0.5586,value,7,20,0.5586
COP2223-182,,FISHERIES & MARINE SCIENCES,University of Ruhuna,KALUTARA,0.7498,value,7,20,0.7498
COP2223-182,,FISHERIES & MARINE SCIENCES,University of Ruhuna,MATALE,0.7222,value,7,20,0.7222
COP2223-182,,FISHERIES & MARINE SCIENCES,University of Ruhuna,KANDY,0.6057,value,7,20,0.6057
COP2223-182,,FISHERIES & MARINE SCIENCES,University of Ruhuna,NUWARA ELIYA,0.5771,value,7,20,0.5771
COP2223-182,,FISHERIES & MARINE SCIENCES,University of Ruhuna,GALLE,0.6993,value,7,20,0.6993
COP2223-182,,FISHERIES & MARINE SCIENCES,University of Ruhuna,MATARA,0.7220,value,7,20,0.7220
COP2223-182,,FISHERIES & MARINE SCIENCES,University of Ruhuna,HAMBANTOTA,0.7208,value,7,20,0.7208
COP2223-182,,FISHERIES & MARINE SCIENCES,University of Ruhuna,JAFFNA,0.6113,value,7,20,0.6113
COP2223-182,,FISHERIES & MARINE SCIENCES,University of Ruhuna,KILINOCHCHI,0.4242,value,7,20,0.4242
COP2223-182,,FISHERIES & MARINE SCIENCES,University of Ruhuna,MANNAR,0.4677,value,7,20,0.4677
COP2223-182,,FISHERIES & MARINE SCIENCES,University of Ruhuna,MULLAITIVU,0.6402,value,7,20,0.6402
COP2223-182,,FISHERIES & MARINE SCIENCES,University of Ruhuna,VAVUNIYA,0.4123,value,7,20,0.4123
COP2223-182,,FISHERIES & MARINE SCIENCES,University of Ruhuna,TRINCOMALEE,0.5575,value,7,20,0.5575
COP2223-182,,FISHERIES & MARINE SCIENCES,University of Ruhuna,BATTICALOA,0.5615,value,7,20,0.5615
COP2223-182,,FISHERIES & MARINE SCIENCES,University of Ruhuna,AMPARA,0.6243,value,7,20,0.6243
COP2223-182,,FISHERIES & MARINE SCIENCES,University of Ruhuna,PUTTALAM,0.5322,value,7,20,0.5322
COP2223-182,,FISHERIES & MARINE SCIENCES,University of Ruhuna,KURUNEGALA,0.6808,value,7,20,0.6808
COP2223-182,,FISHERIES & MARINE SCIENCES,University of Ruhuna,ANURADHAPURA,0.5574,value,7,20,0.5574
COP2223-182,,FISHERIES & MARINE SCIENCES,University of Ruhuna,POLONNARUWA,0.4872,value,7,20,0.4872
COP2223-182,,FISHERIES & MARINE SCIENCES,University of Ruhuna,BADULLA,0.6684,value,7,20,0.6684
COP2223-182,,FISHERIES & MARINE SCIENCES,University of Ruhuna,MONARAGALA,0.6880,value,7,20,0.6880
COP2223-182,,FISHERIES & MARINE SCIENCES,University of Ruhuna,KEGALLE,0.6958,value,7,20,0.6958
COP2223-182,,FISHERIES & MARINE SCIENCES,University of Ruhuna,RATNAPURA,0.7058,value,7,20,0.7058
COP2223-183,,MARINE AND FRESHWATER SCIENCES,University of Ruhuna,COLOMBO,0.8660,value,7,21,0.8660
COP2223-183,,MARINE AND FRESHWATER SCIENCES,University of Ruhuna,GAMPAHA,0.8085,value,7,21,0.8085
COP2223-183,,MARINE AND FRESHWATER SCIENCES,University of Ruhuna,KALUTARA,0.8267,value,7,21,0.8267
COP2223-183,,MARINE AND FRESHWATER SCIENCES,University of Ruhuna,MATALE,0.8861,value,7,21,0.8861
COP2223-183,,MARINE AND FRESHWATER SCIENCES,University of Ruhuna,KANDY,0.8251,value,7,21,0.8251
COP2223-183,,MARINE AND FRESHWATER SCIENCES,University of Ruhuna,NUWARA ELIYA,0.8625,value,7,21,0.8625
COP2223-183,,MARINE AND FRESHWATER SCIENCES,University of Ruhuna,GALLE,0.8847,value,7,21,0.8847
COP2223-183,,MARINE AND FRESHWATER SCIENCES,University of Ruhuna,MATARA,0.9032,value,7,21,0.9032
COP2223-183,,MARINE AND FRESHWATER SCIENCES,University of Ruhuna,HAMBANTOTA,0.8198,value,7,21,0.8198
COP2223-183,,MARINE AND FRESHWATER SCIENCES,University of Ruhuna,JAFFNA,0.9031,value,7,21,0.9031
COP2223-183,,MARINE AND FRESHWATER SCIENCES,University of Ruhuna,KILINOCHCHI,0.5578,value,7,21,0.5578
COP2223-183,,MARINE AND FRESHWATER SCIENCES,University of Ruhuna,MANNAR,0.7679,value,7,21,0.7679
COP2223-183,,MARINE AND FRESHWATER SCIENCES,University of Ruhuna,MULLAITIVU,0.3524,value,7,21,0.3524
COP2223-183,,MARINE AND FRESHWATER SCIENCES,University of Ruhuna,VAVUNIYA,0.7850,value,7,21,0.7850
COP2223-183,,MARINE AND FRESHWATER SCIENCES,University of Ruhuna,TRINCOMALEE,0.9010,value,7,21,0.9010
COP2223-183,,MARINE AND FRESHWATER SCIENCES,University of Ruhuna,BATTICALOA,0.8468,value,7,21,0.8468
COP2223-183,,MARINE AND FRESHWATER SCIENCES,University of Ruhuna,AMPARA,0.7123,value,7,21,0.7123
COP2223-183,,MARINE AND FRESHWATER SCIENCES,University of Ruhuna,PUTTALAM,0.6873,value,7,21,0.6873
COP2223-183,,MARINE AND FRESHWATER SCIENCES,University of Ruhuna,KURUNEGALA,0.8054,value,7,21,0.8054
COP2223-183,,MARINE AND FRESHWATER SCIENCES,University of Ruhuna,ANURADHAPURA,0.6968,value,7,21,0.6968
COP2223-183,,MARINE AND FRESHWATER SCIENCES,University of Ruhuna,POLONNARUWA,0.6411,value,7,21,0.6411
COP2223-183,,MARINE AND FRESHWATER SCIENCES,University of Ruhuna,BADULLA,0.7959,value,7,21,0.7959
COP2223-183,,MARINE AND FRESHWATER SCIENCES,University of Ruhuna,MONARAGALA,0.7977,value,7,21,0.7977
COP2223-183,,MARINE AND FRESHWATER SCIENCES,University of Ruhuna,KEGALLE,0.8720,value,7,21,0.8720
COP2223-183,,MARINE AND FRESHWATER SCIENCES,University of Ruhuna,RATNAPURA,0.9135,value,7,21,0.9135
COP2223-184,,ANIMAL SCIENCE & FISHERIES,University of Peradeniya,COLOMBO,0.9481,value,7,22,0.9481
COP2223-184,,ANIMAL SCIENCE & FISHERIES,University of Peradeniya,GAMPAHA,1.0099,value,7,22,1.0099
COP2223-184,,ANIMAL SCIENCE & FISHERIES,University of Peradeniya,KALUTARA,1.0219,value,7,22,1.0219
COP2223-184,,ANIMAL SCIENCE & FISHERIES,University of Peradeniya,MATALE,0.9340,value,7,22,0.9340
COP2223-184,,ANIMAL SCIENCE & FISHERIES,University of Peradeniya,KANDY,1.0044,value,7,22,1.0044
COP2223-184,,ANIMAL SCIENCE & FISHERIES,University of Peradeniya,NUWARA ELIYA,0.9404,value,7,22,0.9404
COP2223-184,,ANIMAL SCIENCE & FISHERIES,University of Peradeniya,GALLE,1.0082,value,7,22,1.0082
COP2223-184,,ANIMAL SCIENCE & FISHERIES,University of Peradeniya,MATARA,0.9949,value,7,22,0.9949
COP2223-184,,ANIMAL SCIENCE & FISHERIES,University of Peradeniya,HAMBANTOTA,1.0460,value,7,22,1.0460
COP2223-184,,ANIMAL SCIENCE & FISHERIES,University of Peradeniya,JAFFNA,1.0147,value,7,22,1.0147
COP2223-184,,ANIMAL SCIENCE & FISHERIES,University of Peradeniya,KILINOCHCHI,1.0118,value,7,22,1.0118
COP2223-184,,ANIMAL SCIENCE & FISHERIES,University of Peradeniya,MANNAR,0.3409,value,7,22,0.3409
COP2223-184,,ANIMAL SCIENCE & FISHERIES,University of Peradeniya,MULLAITIVU,0.8046,value,7,22,0.8046
COP2223-184,,ANIMAL SCIENCE & FISHERIES,University of Peradeniya,VAVUNIYA,0.4319,value,7,22,0.4319
COP2223-184,,ANIMAL SCIENCE & FISHERIES,University of Peradeniya,TRINCOMALEE,0.5905,value,7,22,0.5905
COP2223-184,,ANIMAL SCIENCE & FISHERIES,University of Peradeniya,BATTICALOA,1.0512,value,7,22,1.0512
COP2223-184,,ANIMAL SCIENCE & FISHERIES,University of Peradeniya,AMPARA,0.7761,value,7,22,0.7761
COP2223-184,,ANIMAL SCIENCE & FISHERIES,University of Peradeniya,PUTTALAM,0.9096,value,7,22,0.9096
COP2223-184,,ANIMAL SCIENCE & FISHERIES,University of Peradeniya,KURUNEGALA,1.0332,value,7,22,1.0332
COP2223-184,,ANIMAL SCIENCE & FISHERIES,University of Peradeniya,ANURADHAPURA,0.8369,value,7,22,0.8369
COP2223-184,,ANIMAL SCIENCE & FISHERIES,University of Peradeniya,POLONNARUWA,0.9751,value,7,22,0.9751
COP2223-184,,ANIMAL SCIENCE & FISHERIES,University of Peradeniya,BADULLA,0.9895,value,7,22,0.9895
COP2223-184,,ANIMAL SCIENCE & FISHERIES,University of Peradeniya,MONARAGALA,1.0657,value,7,22,1.0657
COP2223-184,,ANIMAL SCIENCE & FISHERIES,University of Peradeniya,KEGALLE,1.0004,value,7,22,1.0004
COP2223-184,,ANIMAL SCIENCE & FISHERIES,University of Peradeniya,RATNAPURA,1.0032,value,7,22,1.0032
COP2223-185,,FOOD PRODUCTION & TECHNOLOGY MANAGEMENT,Wayamba University of Sri Lanka,COLOMBO,0.7182,value,7,23,0.7182
COP2223-185,,FOOD PRODUCTION & TECHNOLOGY MANAGEMENT,Wayamba University of Sri Lanka,GAMPAHA,0.8552,value,7,23,0.8552
COP2223-185,,FOOD PRODUCTION & TECHNOLOGY MANAGEMENT,Wayamba University of Sri Lanka,KALUTARA,0.9020,value,7,23,0.9020
COP2223-185,,FOOD PRODUCTION & TECHNOLOGY MANAGEMENT,Wayamba University of Sri Lanka,MATALE,0.8352,value,7,23,0.8352
COP2223-185,,FOOD PRODUCTION & TECHNOLOGY MANAGEMENT,Wayamba University of Sri Lanka,KANDY,0.9292,value,7,23,0.9292
COP2223-185,,FOOD PRODUCTION & TECHNOLOGY MANAGEMENT,Wayamba University of Sri Lanka,NUWARA ELIYA,0.7283,value,7,23,0.7283
COP2223-185,,FOOD PRODUCTION & TECHNOLOGY MANAGEMENT,Wayamba University of Sri Lanka,GALLE,0.8833,value,7,23,0.8833
COP2223-185,,FOOD PRODUCTION & TECHNOLOGY MANAGEMENT,Wayamba University of Sri Lanka,MATARA,0.9253,value,7,23,0.9253
COP2223-185,,FOOD PRODUCTION & TECHNOLOGY MANAGEMENT,Wayamba University of Sri Lanka,HAMBANTOTA,0.9657,value,7,23,0.9657
COP2223-185,,FOOD PRODUCTION & TECHNOLOGY MANAGEMENT,Wayamba University of Sri Lanka,JAFFNA,0.8549,value,7,23,0.8549
COP2223-185,,FOOD PRODUCTION & TECHNOLOGY MANAGEMENT,Wayamba University of Sri Lanka,KILINOCHCHI,0.7285,value,7,23,0.7285
COP2223-185,,FOOD PRODUCTION & TECHNOLOGY MANAGEMENT,Wayamba University of Sri Lanka,MANNAR,0.8604,value,7,23,0.8604
COP2223-185,,FOOD PRODUCTION & TECHNOLOGY MANAGEMENT,Wayamba University of Sri Lanka,MULLAITIVU,0.5136,value,7,23,0.5136
COP2223-185,,FOOD PRODUCTION & TECHNOLOGY MANAGEMENT,Wayamba University of Sri Lanka,VAVUNIYA,0.8849,value,7,23,0.8849
COP2223-185,,FOOD PRODUCTION & TECHNOLOGY MANAGEMENT,Wayamba University of Sri Lanka,TRINCOMALEE,0.7388,value,7,23,0.7388
COP2223-185,,FOOD PRODUCTION & TECHNOLOGY MANAGEMENT,Wayamba University of Sri Lanka,BATTICALOA,0.6946,value,7,23,0.6946
COP2223-185,,FOOD PRODUCTION & TECHNOLOGY MANAGEMENT,Wayamba University of Sri Lanka,AMPARA,0.7503,value,7,23,0.7503
COP2223-185,,FOOD PRODUCTION & TECHNOLOGY MANAGEMENT,Wayamba University of Sri Lanka,PUTTALAM,0.9316,value,7,23,0.9316
COP2223-185,,FOOD PRODUCTION & TECHNOLOGY MANAGEMENT,Wayamba University of Sri Lanka,KURUNEGALA,0.9156,value,7,23,0.9156
COP2223-185,,FOOD PRODUCTION & TECHNOLOGY MANAGEMENT,Wayamba University of Sri Lanka,ANURADHAPURA,0.8638,value,7,23,0.8638
COP2223-185,,FOOD PRODUCTION & TECHNOLOGY MANAGEMENT,Wayamba University of Sri Lanka,POLONNARUWA,0.7492,value,7,23,0.7492
COP2223-185,,FOOD PRODUCTION & TECHNOLOGY MANAGEMENT,Wayamba University of Sri Lanka,BADULLA,0.8575,value,7,23,0.8575
COP2223-185,,FOOD PRODUCTION & TECHNOLOGY MANAGEMENT,Wayamba University of Sri Lanka,MONARAGALA,0.9543,value,7,23,0.9543
COP2223-185,,FOOD PRODUCTION & TECHNOLOGY MANAGEMENT,Wayamba University of Sri Lanka,KEGALLE,0.9211,value,7,23,0.9211
COP2223-185,,FOOD PRODUCTION & TECHNOLOGY MANAGEMENT,Wayamba University of Sri Lanka,RATNAPURA,0.8539,value,7,23,0.8539
COP2223-186,,FOOD BUSINESS MANAGEMENT [Biological / Physical Science Stream],Sabaragamuwa University of Sri Lanka,COLOMBO,0.7977,value,7,24,0.7977
COP2223-186,,FOOD BUSINESS MANAGEMENT [Biological / Physical Science Stream],Sabaragamuwa University of Sri Lanka,GAMPAHA,0.7430,value,7,24,0.7430
COP2223-186,,FOOD BUSINESS MANAGEMENT [Biological / Physical Science Stream],Sabaragamuwa University of Sri Lanka,KALUTARA,0.7559,value,7,24,0.7559
COP2223-186,,FOOD BUSINESS MANAGEMENT [Biological / Physical Science Stream],Sabaragamuwa University of Sri Lanka,MATALE,0.6908,value,7,24,0.6908
COP2223-186,,FOOD BUSINESS MANAGEMENT [Biological / Physical Science Stream],Sabaragamuwa University of Sri Lanka,KANDY,0.7817,value,7,24,0.7817
COP2223-186,,FOOD BUSINESS MANAGEMENT [Biological / Physical Science Stream],Sabaragamuwa University of Sri Lanka,NUWARA ELIYA,0.6827,value,7,24,0.6827
COP2223-186,,FOOD BUSINESS MANAGEMENT [Biological / Physical Science Stream],Sabaragamuwa University of Sri Lanka,GALLE,0.8451,value,7,24,0.8451
COP2223-186,,FOOD BUSINESS MANAGEMENT [Biological / Physical Science Stream],Sabaragamuwa University of Sri Lanka,MATARA,0.8623,value,7,24,0.8623
COP2223-186,,FOOD BUSINESS MANAGEMENT [Biological / Physical Science Stream],Sabaragamuwa University of Sri Lanka,HAMBANTOTA,0.8504,value,7,24,0.8504
COP2223-186,,FOOD BUSINESS MANAGEMENT [Biological / Physical Science Stream],Sabaragamuwa University of Sri Lanka,JAFFNA,0.8635,value,7,24,0.8635
COP2223-186,,FOOD BUSINESS MANAGEMENT [Biological / Physical Science Stream],Sabaragamuwa University of Sri Lanka,KILINOCHCHI,0.3782,value,7,24,0.3782
COP2223-186,,FOOD BUSINESS MANAGEMENT [Biological / Physical Science Stream],Sabaragamuwa University of Sri Lanka,MANNAR,0.4877,value,7,24,0.4877
COP2223-186,,FOOD BUSINESS MANAGEMENT [Biological / Physical Science Stream],Sabaragamuwa University of Sri Lanka,MULLAITIVU,0.2773,value,7,24,0.2773
COP2223-186,,FOOD BUSINESS MANAGEMENT [Biological / Physical Science Stream],Sabaragamuwa University of Sri Lanka,VAVUNIYA,0.3543,value,7,24,0.3543
COP2223-186,,FOOD BUSINESS MANAGEMENT [Biological / Physical Science Stream],Sabaragamuwa University of Sri Lanka,TRINCOMALEE,0.7876,value,7,24,0.7876
COP2223-186,,FOOD BUSINESS MANAGEMENT [Biological / Physical Science Stream],Sabaragamuwa University of Sri Lanka,BATTICALOA,0.8316,value,7,24,0.8316
COP2223-186,,FOOD BUSINESS MANAGEMENT [Biological / Physical Science Stream],Sabaragamuwa University of Sri Lanka,AMPARA,0.8117,value,7,24,0.8117
COP2223-186,,FOOD BUSINESS MANAGEMENT [Biological / Physical Science Stream],Sabaragamuwa University of Sri Lanka,PUTTALAM,0.6864,value,7,24,0.6864
COP2223-186,,FOOD BUSINESS MANAGEMENT [Biological / Physical Science Stream],Sabaragamuwa University of Sri Lanka,KURUNEGALA,0.7927,value,7,24,0.7927
COP2223-186,,FOOD BUSINESS MANAGEMENT [Biological / Physical Science Stream],Sabaragamuwa University of Sri Lanka,ANURADHAPURA,0.6143,value,7,24,0.6143
COP2223-186,,FOOD BUSINESS MANAGEMENT [Biological / Physical Science Stream],Sabaragamuwa University of Sri Lanka,POLONNARUWA,0.6793,value,7,24,0.6793
COP2223-186,,FOOD BUSINESS MANAGEMENT [Biological / Physical Science Stream],Sabaragamuwa University of Sri Lanka,BADULLA,0.7773,value,7,24,0.7773
COP2223-186,,FOOD BUSINESS MANAGEMENT [Biological / Physical Science Stream],Sabaragamuwa University of Sri Lanka,MONARAGALA,0.8444,value,7,24,0.8444
COP2223-186,,FOOD BUSINESS MANAGEMENT [Biological / Physical Science Stream],Sabaragamuwa University of Sri Lanka,KEGALLE,0.8540,value,7,24,0.8540
COP2223-186,,FOOD BUSINESS MANAGEMENT [Biological / Physical Science Stream],Sabaragamuwa University of Sri Lanka,RATNAPURA,0.7808,value,7,24,0.7808
COP2223-187,,FOOD BUSINESS MANAGEMENT [Commerce Stream],Sabaragamuwa University of Sri Lanka,COLOMBO,1.2957,value,7,25,1.2957
COP2223-187,,FOOD BUSINESS MANAGEMENT [Commerce Stream],Sabaragamuwa University of Sri Lanka,GAMPAHA,1.2977,value,7,25,1.2977
COP2223-187,,FOOD BUSINESS MANAGEMENT [Commerce Stream],Sabaragamuwa University of Sri Lanka,KALUTARA,1.2797,value,7,25,1.2797
COP2223-187,,FOOD BUSINESS MANAGEMENT [Commerce Stream],Sabaragamuwa University of Sri Lanka,MATALE,1.1666,value,7,25,1.1666
COP2223-187,,FOOD BUSINESS MANAGEMENT [Commerce Stream],Sabaragamuwa University of Sri Lanka,KANDY,1.2572,value,7,25,1.2572
COP2223-187,,FOOD BUSINESS MANAGEMENT [Commerce Stream],Sabaragamuwa University of Sri Lanka,NUWARA ELIYA,1.1065,value,7,25,1.1065
COP2223-187,,FOOD BUSINESS MANAGEMENT [Commerce Stream],Sabaragamuwa University of Sri Lanka,GALLE,1.3291,value,7,25,1.3291
COP2223-187,,FOOD BUSINESS MANAGEMENT [Commerce Stream],Sabaragamuwa University of Sri Lanka,MATARA,1.3384,value,7,25,1.3384
COP2223-187,,FOOD BUSINESS MANAGEMENT [Commerce Stream],Sabaragamuwa University of Sri Lanka,HAMBANTOTA,1.1523,value,7,25,1.1523
COP2223-187,,FOOD BUSINESS MANAGEMENT [Commerce Stream],Sabaragamuwa University of Sri Lanka,JAFFNA,1.0644,value,7,25,1.0644
COP2223-187,,FOOD BUSINESS MANAGEMENT [Commerce Stream],Sabaragamuwa University of Sri Lanka,KILINOCHCHI,0.5331,value,7,25,0.5331
COP2223-187,,FOOD BUSINESS MANAGEMENT [Commerce Stream],Sabaragamuwa University of Sri Lanka,MANNAR,1.0606,value,7,25,1.0606
COP2223-187,,FOOD BUSINESS MANAGEMENT [Commerce Stream],Sabaragamuwa University of Sri Lanka,MULLAITIVU,1.1780,value,7,25,1.1780
COP2223-187,,FOOD BUSINESS MANAGEMENT [Commerce Stream],Sabaragamuwa University of Sri Lanka,VAVUNIYA,1.0095,value,7,25,1.0095
COP2223-187,,FOOD BUSINESS MANAGEMENT [Commerce Stream],Sabaragamuwa University of Sri Lanka,TRINCOMALEE,1.1627,value,7,25,1.1627
COP2223-187,,FOOD BUSINESS MANAGEMENT [Commerce Stream],Sabaragamuwa University of Sri Lanka,BATTICALOA,1.0752,value,7,25,1.0752
COP2223-187,,FOOD BUSINESS MANAGEMENT [Commerce Stream],Sabaragamuwa University of Sri Lanka,AMPARA,1.0157,value,7,25,1.0157
COP2223-187,,FOOD BUSINESS MANAGEMENT [Commerce Stream],Sabaragamuwa University of Sri Lanka,PUTTALAM,1.0872,value,7,25,1.0872
COP2223-187,,FOOD BUSINESS MANAGEMENT [Commerce Stream],Sabaragamuwa University of Sri Lanka,KURUNEGALA,1.2580,value,7,25,1.2580
COP2223-187,,FOOD BUSINESS MANAGEMENT [Commerce Stream],Sabaragamuwa University of Sri Lanka,ANURADHAPURA,1.2046,value,7,25,1.2046
COP2223-187,,FOOD BUSINESS MANAGEMENT [Commerce Stream],Sabaragamuwa University of Sri Lanka,POLONNARUWA,1.3173,value,7,25,1.3173
COP2223-187,,FOOD BUSINESS MANAGEMENT [Commerce Stream],Sabaragamuwa University of Sri Lanka,BADULLA,1.3014,value,7,25,1.3014
COP2223-187,,FOOD BUSINESS MANAGEMENT [Commerce Stream],Sabaragamuwa University of Sri Lanka,MONARAGALA,1.2760,value,7,25,1.2760
COP2223-187,,FOOD BUSINESS MANAGEMENT [Commerce Stream],Sabaragamuwa University of Sri Lanka,KEGALLE,1.3112,value,7,25,1.3112
COP2223-187,,FOOD BUSINESS MANAGEMENT [Commerce Stream],Sabaragamuwa University of Sri Lanka,RATNAPURA,1.2731,value,7,25,1.2731
COP2223-188,,MANAGEMENT AND INFORMATION TECHNOLOGY (SEUSL),South Eastern University of Sri Lanka,COLOMBO,1.3457,value,7,26,1.3457
COP2223-188,,MANAGEMENT AND INFORMATION TECHNOLOGY (SEUSL),South Eastern University of Sri Lanka,GAMPAHA,1.4300,value,7,26,1.4300
COP2223-188,,MANAGEMENT AND INFORMATION TECHNOLOGY (SEUSL),South Eastern University of Sri Lanka,KALUTARA,1.4332,value,7,26,1.4332
COP2223-188,,MANAGEMENT AND INFORMATION TECHNOLOGY (SEUSL),South Eastern University of Sri Lanka,MATALE,1.5725,value,7,26,1.5725
COP2223-188,,MANAGEMENT AND INFORMATION TECHNOLOGY (SEUSL),South Eastern University of Sri Lanka,KANDY,1.5037,value,7,26,1.5037
COP2223-188,,MANAGEMENT AND INFORMATION TECHNOLOGY (SEUSL),South Eastern University of Sri Lanka,NUWARA ELIYA,1.3993,value,7,26,1.3993
COP2223-188,,MANAGEMENT AND INFORMATION TECHNOLOGY (SEUSL),South Eastern University of Sri Lanka,GALLE,1.5275,value,7,26,1.5275
COP2223-188,,MANAGEMENT AND INFORMATION TECHNOLOGY (SEUSL),South Eastern University of Sri Lanka,MATARA,1.4749,value,7,26,1.4749
COP2223-188,,MANAGEMENT AND INFORMATION TECHNOLOGY (SEUSL),South Eastern University of Sri Lanka,HAMBANTOTA,1.3632,value,7,26,1.3632
COP2223-188,,MANAGEMENT AND INFORMATION TECHNOLOGY (SEUSL),South Eastern University of Sri Lanka,JAFFNA,1.5027,value,7,26,1.5027
COP2223-188,,MANAGEMENT AND INFORMATION TECHNOLOGY (SEUSL),South Eastern University of Sri Lanka,KILINOCHCHI,1.4104,value,7,26,1.4104
COP2223-188,,MANAGEMENT AND INFORMATION TECHNOLOGY (SEUSL),South Eastern University of Sri Lanka,MANNAR,1.5983,value,7,26,1.5983
COP2223-188,,MANAGEMENT AND INFORMATION TECHNOLOGY (SEUSL),South Eastern University of Sri Lanka,MULLAITIVU,1.5620,value,7,26,1.5620
COP2223-188,,MANAGEMENT AND INFORMATION TECHNOLOGY (SEUSL),South Eastern University of Sri Lanka,VAVUNIYA,1.5617,value,7,26,1.5617
COP2223-188,,MANAGEMENT AND INFORMATION TECHNOLOGY (SEUSL),South Eastern University of Sri Lanka,TRINCOMALEE,1.5828,value,7,26,1.5828
COP2223-188,,MANAGEMENT AND INFORMATION TECHNOLOGY (SEUSL),South Eastern University of Sri Lanka,BATTICALOA,1.5841,value,7,26,1.5841
COP2223-188,,MANAGEMENT AND INFORMATION TECHNOLOGY (SEUSL),South Eastern University of Sri Lanka,AMPARA,1.5920,value,7,26,1.5920
COP2223-188,,MANAGEMENT AND INFORMATION TECHNOLOGY (SEUSL),South Eastern University of Sri Lanka,PUTTALAM,1.5525,value,7,26,1.5525
COP2223-188,,MANAGEMENT AND INFORMATION TECHNOLOGY (SEUSL),South Eastern University of Sri Lanka,KURUNEGALA,1.4961,value,7,26,1.4961
COP2223-188,,MANAGEMENT AND INFORMATION TECHNOLOGY (SEUSL),South Eastern University of Sri Lanka,ANURADHAPURA,1.4766,value,7,26,1.4766
COP2223-188,,MANAGEMENT AND INFORMATION TECHNOLOGY (SEUSL),South Eastern University of Sri Lanka,POLONNARUWA,1.3861,value,7,26,1.3861
COP2223-188,,MANAGEMENT AND INFORMATION TECHNOLOGY (SEUSL),South Eastern University of Sri Lanka,BADULLA,1.4761,value,7,26,1.4761
COP2223-188,,MANAGEMENT AND INFORMATION TECHNOLOGY (SEUSL),South Eastern University of Sri Lanka,MONARAGALA,1.4126,value,7,26,1.4126
COP2223-188,,MANAGEMENT AND INFORMATION TECHNOLOGY (SEUSL),South Eastern University of Sri Lanka,KEGALLE,1.5412,value,7,26,1.5412
COP2223-188,,MANAGEMENT AND INFORMATION TECHNOLOGY (SEUSL),South Eastern University of Sri Lanka,RATNAPURA,1.4501,value,7,26,1.4501
COP2223-189,,COMPUTING & INFORMATION SYSTEMS,Sabaragamuwa University of Sri Lanka,COLOMBO,1.0381,value,8,1,1.0381
COP2223-189,,COMPUTING & INFORMATION SYSTEMS,Sabaragamuwa University of Sri Lanka,GAMPAHA,1.0380,value,8,1,1.0380
COP2223-189,,COMPUTING & INFORMATION SYSTEMS,Sabaragamuwa University of Sri Lanka,KALUTARA,1.1007,value,8,1,1.1007
COP2223-189,,COMPUTING & INFORMATION SYSTEMS,Sabaragamuwa University of Sri Lanka,MATALE,0.8558,value,8,1,0.8558
COP2223-189,,COMPUTING & INFORMATION SYSTEMS,Sabaragamuwa University of Sri Lanka,KANDY,0.9399,value,8,1,0.9399
COP2223-189,,COMPUTING & INFORMATION SYSTEMS,Sabaragamuwa University of Sri Lanka,NUWARA ELIYA,0.5573,value,8,1,0.5573
COP2223-189,,COMPUTING & INFORMATION SYSTEMS,Sabaragamuwa University of Sri Lanka,GALLE,1.0840,value,8,1,1.0840
COP2223-189,,COMPUTING & INFORMATION SYSTEMS,Sabaragamuwa University of Sri Lanka,MATARA,1.1215,value,8,1,1.1215
COP2223-189,,COMPUTING & INFORMATION SYSTEMS,Sabaragamuwa University of Sri Lanka,HAMBANTOTA,1.0793,value,8,1,1.0793
COP2223-189,,COMPUTING & INFORMATION SYSTEMS,Sabaragamuwa University of Sri Lanka,JAFFNA,1.1011,value,8,1,1.1011
COP2223-189,,COMPUTING & INFORMATION SYSTEMS,Sabaragamuwa University of Sri Lanka,KILINOCHCHI,0.9562,value,8,1,0.9562
COP2223-189,,COMPUTING & INFORMATION SYSTEMS,Sabaragamuwa University of Sri Lanka,MANNAR,0.5667,value,8,1,0.5667
COP2223-189,,COMPUTING & INFORMATION SYSTEMS,Sabaragamuwa University of Sri Lanka,MULLAITIVU,0.5171,value,8,1,0.5171
COP2223-189,,COMPUTING & INFORMATION SYSTEMS,Sabaragamuwa University of Sri Lanka,VAVUNIYA,1.0640,value,8,1,1.0640
COP2223-189,,COMPUTING & INFORMATION SYSTEMS,Sabaragamuwa University of Sri Lanka,TRINCOMALEE,0.9920,value,8,1,0.9920
COP2223-189,,COMPUTING & INFORMATION SYSTEMS,Sabaragamuwa University of Sri Lanka,BATTICALOA,1.0319,value,8,1,1.0319
COP2223-189,,COMPUTING & INFORMATION SYSTEMS,Sabaragamuwa University of Sri Lanka,AMPARA,1.0374,value,8,1,1.0374
COP2223-189,,COMPUTING & INFORMATION SYSTEMS,Sabaragamuwa University of Sri Lanka,PUTTALAM,1.0346,value,8,1,1.0346
COP2223-189,,COMPUTING & INFORMATION SYSTEMS,Sabaragamuwa University of Sri Lanka,KURUNEGALA,1.0631,value,8,1,1.0631
COP2223-189,,COMPUTING & INFORMATION SYSTEMS,Sabaragamuwa University of Sri Lanka,ANURADHAPURA,0.9517,value,8,1,0.9517
COP2223-189,,COMPUTING & INFORMATION SYSTEMS,Sabaragamuwa University of Sri Lanka,POLONNARUWA,0.7058,value,8,1,0.7058
COP2223-189,,COMPUTING & INFORMATION SYSTEMS,Sabaragamuwa University of Sri Lanka,BADULLA,1.0868,value,8,1,1.0868
COP2223-189,,COMPUTING & INFORMATION SYSTEMS,Sabaragamuwa University of Sri Lanka,MONARAGALA,1.0141,value,8,1,1.0141
COP2223-189,,COMPUTING & INFORMATION SYSTEMS,Sabaragamuwa University of Sri Lanka,KEGALLE,0.9452,value,8,1,0.9452
COP2223-189,,COMPUTING & INFORMATION SYSTEMS,Sabaragamuwa University of Sri Lanka,RATNAPURA,1.0474,value,8,1,1.0474
COP2223-190,,DATA SCIENCE,Sabaragamuwa University of Sri Lanka,COLOMBO,1.3613,value,8,2,1.3613
COP2223-190,,DATA SCIENCE,Sabaragamuwa University of Sri Lanka,GAMPAHA,1.3505,value,8,2,1.3505
COP2223-190,,DATA SCIENCE,Sabaragamuwa University of Sri Lanka,KALUTARA,1.4172,value,8,2,1.4172
COP2223-190,,DATA SCIENCE,Sabaragamuwa University of Sri Lanka,MATALE,1.1836,value,8,2,1.1836
COP2223-190,,DATA SCIENCE,Sabaragamuwa University of Sri Lanka,KANDY,1.3509,value,8,2,1.3509
COP2223-190,,DATA SCIENCE,Sabaragamuwa University of Sri Lanka,NUWARA ELIYA,0.9592,value,8,2,0.9592
COP2223-190,,DATA SCIENCE,Sabaragamuwa University of Sri Lanka,GALLE,1.3813,value,8,2,1.3813
COP2223-190,,DATA SCIENCE,Sabaragamuwa University of Sri Lanka,MATARA,1.4020,value,8,2,1.4020
COP2223-190,,DATA SCIENCE,Sabaragamuwa University of Sri Lanka,HAMBANTOTA,1.4023,value,8,2,1.4023
COP2223-190,,DATA SCIENCE,Sabaragamuwa University of Sri Lanka,JAFFNA,1.3979,value,8,2,1.3979
COP2223-190,,DATA SCIENCE,Sabaragamuwa University of Sri Lanka,KILINOCHCHI,1.0163,value,8,2,1.0163
COP2223-190,,DATA SCIENCE,Sabaragamuwa University of Sri Lanka,MANNAR,0.5768,value,8,2,0.5768
COP2223-190,,DATA SCIENCE,Sabaragamuwa University of Sri Lanka,MULLAITIVU,0.5742,value,8,2,0.5742
COP2223-190,,DATA SCIENCE,Sabaragamuwa University of Sri Lanka,VAVUNIYA,1.1215,value,8,2,1.1215
COP2223-190,,DATA SCIENCE,Sabaragamuwa University of Sri Lanka,TRINCOMALEE,1.2470,value,8,2,1.2470
COP2223-190,,DATA SCIENCE,Sabaragamuwa University of Sri Lanka,BATTICALOA,1.2586,value,8,2,1.2586
COP2223-190,,DATA SCIENCE,Sabaragamuwa University of Sri Lanka,AMPARA,1.3876,value,8,2,1.3876
COP2223-190,,DATA SCIENCE,Sabaragamuwa University of Sri Lanka,PUTTALAM,1.2104,value,8,2,1.2104
COP2223-190,,DATA SCIENCE,Sabaragamuwa University of Sri Lanka,KURUNEGALA,1.3894,value,8,2,1.3894
COP2223-190,,DATA SCIENCE,Sabaragamuwa University of Sri Lanka,ANURADHAPURA,1.3049,value,8,2,1.3049
COP2223-190,,DATA SCIENCE,Sabaragamuwa University of Sri Lanka,POLONNARUWA,1.2577,value,8,2,1.2577
COP2223-190,,DATA SCIENCE,Sabaragamuwa University of Sri Lanka,BADULLA,1.3884,value,8,2,1.3884
COP2223-190,,DATA SCIENCE,Sabaragamuwa University of Sri Lanka,MONARAGALA,1.3114,value,8,2,1.3114
COP2223-190,,DATA SCIENCE,Sabaragamuwa University of Sri Lanka,KEGALLE,1.3966,value,8,2,1.3966
COP2223-190,,DATA SCIENCE,Sabaragamuwa University of Sri Lanka,RATNAPURA,1.3317,value,8,2,1.3317
COP2223-191,,PHYSICAL EDUCATION,University of Jaffna,COLOMBO,0.1613,value,8,3,0.1613
COP2223-191,,PHYSICAL EDUCATION,University of Jaffna,GAMPAHA,0.0300,value,8,3,0.0300
COP2223-191,,PHYSICAL EDUCATION,University of Jaffna,KALUTARA,,NQC,8,3,NQC
COP2223-191,,PHYSICAL EDUCATION,University of Jaffna,MATALE,,NQC,8,3,NQC
COP2223-191,,PHYSICAL EDUCATION,University of Jaffna,KANDY,,NQC,8,3,NQC
COP2223-191,,PHYSICAL EDUCATION,University of Jaffna,NUWARA ELIYA,0.2803,value,8,3,0.2803
COP2223-191,,PHYSICAL EDUCATION,University of Jaffna,GALLE,,NQC,8,3,NQC
COP2223-191,,PHYSICAL EDUCATION,University of Jaffna,MATARA,,NQC,8,3,NQC
COP2223-191,,PHYSICAL EDUCATION,University of Jaffna,HAMBANTOTA,,NQC,8,3,NQC
COP2223-191,,PHYSICAL EDUCATION,University of Jaffna,JAFFNA,0.1970,value,8,3,0.1970
COP2223-191,,PHYSICAL EDUCATION,University of Jaffna,KILINOCHCHI,0.3664,value,8,3,0.3664
COP2223-191,,PHYSICAL EDUCATION,University of Jaffna,MANNAR,0.7151,value,8,3,0.7151
COP2223-191,,PHYSICAL EDUCATION,University of Jaffna,MULLAITIVU,0.5126,value,8,3,0.5126
COP2223-191,,PHYSICAL EDUCATION,University of Jaffna,VAVUNIYA,0.1970,value,8,3,0.1970
COP2223-191,,PHYSICAL EDUCATION,University of Jaffna,TRINCOMALEE,0.1176,value,8,3,0.1176
COP2223-191,,PHYSICAL EDUCATION,University of Jaffna,BATTICALOA,0.2359,value,8,3,0.2359
COP2223-191,,PHYSICAL EDUCATION,University of Jaffna,AMPARA,0.0565,value,8,3,0.0565
COP2223-191,,PHYSICAL EDUCATION,University of Jaffna,PUTTALAM,-0.0226,value,8,3,-0.0226
COP2223-191,,PHYSICAL EDUCATION,University of Jaffna,KURUNEGALA,1.0374,value,8,3,1.0374
COP2223-191,,PHYSICAL EDUCATION,University of Jaffna,ANURADHAPURA,0.0136,value,8,3,0.0136
COP2223-191,,PHYSICAL EDUCATION,University of Jaffna,POLONNARUWA,,NQC,8,3,NQC
COP2223-191,,PHYSICAL EDUCATION,University of Jaffna,BADULLA,,NQC,8,3,NQC
COP2223-191,,PHYSICAL EDUCATION,University of Jaffna,MONARAGALA,,NQC,8,3,NQC
COP2223-191,,PHYSICAL EDUCATION,University of Jaffna,KEGALLE,,NQC,8,3,NQC
COP2223-191,,PHYSICAL EDUCATION,University of Jaffna,RATNAPURA,,NQC,8,3,NQC
COP2223-192,,PHYSICAL EDUCATION,Sabaragamuwa University of Sri Lanka,COLOMBO,-0.1884,value,8,4,-0.1884
COP2223-192,,PHYSICAL EDUCATION,Sabaragamuwa University of Sri Lanka,GAMPAHA,-0.7530,value,8,4,-0.7530
COP2223-192,,PHYSICAL EDUCATION,Sabaragamuwa University of Sri Lanka,KALUTARA,-0.3062,value,8,4,-0.3062
COP2223-192,,PHYSICAL EDUCATION,Sabaragamuwa University of Sri Lanka,MATALE,-0.5104,value,8,4,-0.5104
COP2223-192,,PHYSICAL EDUCATION,Sabaragamuwa University of Sri Lanka,KANDY,-0.5743,value,8,4,-0.5743
COP2223-192,,PHYSICAL EDUCATION,Sabaragamuwa University of Sri Lanka,NUWARA ELIYA,-0.4330,value,8,4,-0.4330
COP2223-192,,PHYSICAL EDUCATION,Sabaragamuwa University of Sri Lanka,GALLE,,NQC,8,4,NQC
COP2223-192,,PHYSICAL EDUCATION,Sabaragamuwa University of Sri Lanka,MATARA,0.1621,value,8,4,0.1621
COP2223-192,,PHYSICAL EDUCATION,Sabaragamuwa University of Sri Lanka,HAMBANTOTA,-0.3248,value,8,4,-0.3248
COP2223-192,,PHYSICAL EDUCATION,Sabaragamuwa University of Sri Lanka,JAFFNA,0.7122,value,8,4,0.7122
COP2223-192,,PHYSICAL EDUCATION,Sabaragamuwa University of Sri Lanka,KILINOCHCHI,,NQC,8,4,NQC
COP2223-192,,PHYSICAL EDUCATION,Sabaragamuwa University of Sri Lanka,MANNAR,0.2804,value,8,4,0.2804
COP2223-192,,PHYSICAL EDUCATION,Sabaragamuwa University of Sri Lanka,MULLAITIVU,0.3150,value,8,4,0.3150
COP2223-192,,PHYSICAL EDUCATION,Sabaragamuwa University of Sri Lanka,VAVUNIYA,,NQC,8,4,NQC
COP2223-192,,PHYSICAL EDUCATION,Sabaragamuwa University of Sri Lanka,TRINCOMALEE,-0.4270,value,8,4,-0.4270
COP2223-192,,PHYSICAL EDUCATION,Sabaragamuwa University of Sri Lanka,BATTICALOA,-0.2996,value,8,4,-0.2996
COP2223-192,,PHYSICAL EDUCATION,Sabaragamuwa University of Sri Lanka,AMPARA,0.1651,value,8,4,0.1651
COP2223-192,,PHYSICAL EDUCATION,Sabaragamuwa University of Sri Lanka,PUTTALAM,-0.2763,value,8,4,-0.2763
COP2223-192,,PHYSICAL EDUCATION,Sabaragamuwa University of Sri Lanka,KURUNEGALA,-0.0164,value,8,4,-0.0164
COP2223-192,,PHYSICAL EDUCATION,Sabaragamuwa University of Sri Lanka,ANURADHAPURA,-0.7030,value,8,4,-0.7030
COP2223-192,,PHYSICAL EDUCATION,Sabaragamuwa University of Sri Lanka,POLONNARUWA,,NQC,8,4,NQC
COP2223-192,,PHYSICAL EDUCATION,Sabaragamuwa University of Sri Lanka,BADULLA,-0.4326,value,8,4,-0.4326
COP2223-192,,PHYSICAL EDUCATION,Sabaragamuwa University of Sri Lanka,MONARAGALA,0.1575,value,8,4,0.1575
COP2223-192,,PHYSICAL EDUCATION,Sabaragamuwa University of Sri Lanka,KEGALLE,0.0744,value,8,4,0.0744
COP2223-192,,PHYSICAL EDUCATION,Sabaragamuwa University of Sri Lanka,RATNAPURA,-0.4763,value,8,4,-0.4763
COP2223-193,,SPORTS SCIENCE & MANAGEMENT,University of Sri Jayewardenepura,COLOMBO,0.8551,value,8,5,0.8551
COP2223-193,,SPORTS SCIENCE & MANAGEMENT,University of Sri Jayewardenepura,GAMPAHA,0.8391,value,8,5,0.8391
COP2223-193,,SPORTS SCIENCE & MANAGEMENT,University of Sri Jayewardenepura,KALUTARA,0.8588,value,8,5,0.8588
COP2223-193,,SPORTS SCIENCE & MANAGEMENT,University of Sri Jayewardenepura,MATALE,,NQC,8,5,NQC
COP2223-193,,SPORTS SCIENCE & MANAGEMENT,University of Sri Jayewardenepura,KANDY,0.9146,value,8,5,0.9146
COP2223-193,,SPORTS SCIENCE & MANAGEMENT,University of Sri Jayewardenepura,NUWARA ELIYA,1.1030,value,8,5,1.1030
COP2223-193,,SPORTS SCIENCE & MANAGEMENT,University of Sri Jayewardenepura,GALLE,0.8627,value,8,5,0.8627
COP2223-193,,SPORTS SCIENCE & MANAGEMENT,University of Sri Jayewardenepura,MATARA,1.2009,value,8,5,1.2009
COP2223-193,,SPORTS SCIENCE & MANAGEMENT,University of Sri Jayewardenepura,HAMBANTOTA,1.0829,value,8,5,1.0829
COP2223-193,,SPORTS SCIENCE & MANAGEMENT,University of Sri Jayewardenepura,JAFFNA,,NQC,8,5,NQC
COP2223-193,,SPORTS SCIENCE & MANAGEMENT,University of Sri Jayewardenepura,KILINOCHCHI,1.1502,value,8,5,1.1502
COP2223-193,,SPORTS SCIENCE & MANAGEMENT,University of Sri Jayewardenepura,MANNAR,,NQC,8,5,NQC
COP2223-193,,SPORTS SCIENCE & MANAGEMENT,University of Sri Jayewardenepura,MULLAITIVU,0.9354,value,8,5,0.9354
COP2223-193,,SPORTS SCIENCE & MANAGEMENT,University of Sri Jayewardenepura,VAVUNIYA,,NQC,8,5,NQC
COP2223-193,,SPORTS SCIENCE & MANAGEMENT,University of Sri Jayewardenepura,TRINCOMALEE,0.9992,value,8,5,0.9992
COP2223-193,,SPORTS SCIENCE & MANAGEMENT,University of Sri Jayewardenepura,BATTICALOA,0.9427,value,8,5,0.9427
COP2223-193,,SPORTS SCIENCE & MANAGEMENT,University of Sri Jayewardenepura,AMPARA,1.2696,value,8,5,1.2696
COP2223-193,,SPORTS SCIENCE & MANAGEMENT,University of Sri Jayewardenepura,PUTTALAM,0.8768,value,8,5,0.8768
COP2223-193,,SPORTS SCIENCE & MANAGEMENT,University of Sri Jayewardenepura,KURUNEGALA,1.0252,value,8,5,1.0252
COP2223-193,,SPORTS SCIENCE & MANAGEMENT,University of Sri Jayewardenepura,ANURADHAPURA,,NQC,8,5,NQC
COP2223-193,,SPORTS SCIENCE & MANAGEMENT,University of Sri Jayewardenepura,POLONNARUWA,1.0606,value,8,5,1.0606
COP2223-193,,SPORTS SCIENCE & MANAGEMENT,University of Sri Jayewardenepura,BADULLA,0.8570,value,8,5,0.8570
COP2223-193,,SPORTS SCIENCE & MANAGEMENT,University of Sri Jayewardenepura,MONARAGALA,,NQC,8,5,NQC
COP2223-193,,SPORTS SCIENCE & MANAGEMENT,University of Sri Jayewardenepura,KEGALLE,1.0454,value,8,5,1.0454
COP2223-193,,SPORTS SCIENCE & MANAGEMENT,University of Sri Jayewardenepura,RATNAPURA,0.8375,value,8,5,0.8375
COP2223-194,,SPORTS SCIENCE & MANAGEMENT,University of Kelaniya,COLOMBO,0.6632,value,8,6,0.6632
COP2223-194,,SPORTS SCIENCE & MANAGEMENT,University of Kelaniya,GAMPAHA,0.6882,value,8,6,0.6882
COP2223-194,,SPORTS SCIENCE & MANAGEMENT,University of Kelaniya,KALUTARA,0.7368,value,8,6,0.7368
COP2223-194,,SPORTS SCIENCE & MANAGEMENT,University of Kelaniya,MATALE,0.7824,value,8,6,0.7824
COP2223-194,,SPORTS SCIENCE & MANAGEMENT,University of Kelaniya,KANDY,0.6672,value,8,6,0.6672
COP2223-194,,SPORTS SCIENCE & MANAGEMENT,University of Kelaniya,NUWARA ELIYA,1.0894,value,8,6,1.0894
COP2223-194,,SPORTS SCIENCE & MANAGEMENT,University of Kelaniya,GALLE,0.6865,value,8,6,0.6865
COP2223-194,,SPORTS SCIENCE & MANAGEMENT,University of Kelaniya,MATARA,0.8214,value,8,6,0.8214
COP2223-194,,SPORTS SCIENCE & MANAGEMENT,University of Kelaniya,HAMBANTOTA,0.6952,value,8,6,0.6952
COP2223-194,,SPORTS SCIENCE & MANAGEMENT,University of Kelaniya,JAFFNA,,NQC,8,6,NQC
COP2223-194,,SPORTS SCIENCE & MANAGEMENT,University of Kelaniya,KILINOCHCHI,,NQC,8,6,NQC
COP2223-194,,SPORTS SCIENCE & MANAGEMENT,University of Kelaniya,MANNAR,0.8277,value,8,6,0.8277
COP2223-194,,SPORTS SCIENCE & MANAGEMENT,University of Kelaniya,MULLAITIVU,,NQC,8,6,NQC
COP2223-194,,SPORTS SCIENCE & MANAGEMENT,University of Kelaniya,VAVUNIYA,,NQC,8,6,NQC
COP2223-194,,SPORTS SCIENCE & MANAGEMENT,University of Kelaniya,TRINCOMALEE,,NQC,8,6,NQC
COP2223-194,,SPORTS SCIENCE & MANAGEMENT,University of Kelaniya,BATTICALOA,,NQC,8,6,NQC
COP2223-194,,SPORTS SCIENCE & MANAGEMENT,University of Kelaniya,AMPARA,0.9496,value,8,6,0.9496
COP2223-194,,SPORTS SCIENCE & MANAGEMENT,University of Kelaniya,PUTTALAM,0.6881,value,8,6,0.6881
COP2223-194,,SPORTS SCIENCE & MANAGEMENT,University of Kelaniya,KURUNEGALA,0.7317,value,8,6,0.7317
COP2223-194,,SPORTS SCIENCE & MANAGEMENT,University of Kelaniya,ANURADHAPURA,,NQC,8,6,NQC
COP2223-194,,SPORTS SCIENCE & MANAGEMENT,University of Kelaniya,POLONNARUWA,0.9622,value,8,6,0.9622
COP2223-194,,SPORTS SCIENCE & MANAGEMENT,University of Kelaniya,BADULLA,,NQC,8,6,NQC
COP2223-194,,SPORTS SCIENCE & MANAGEMENT,University of Kelaniya,MONARAGALA,,NQC,8,6,NQC
COP2223-194,,SPORTS SCIENCE & MANAGEMENT,University of Kelaniya,KEGALLE,0.7164,value,8,6,0.7164
COP2223-194,,SPORTS SCIENCE & MANAGEMENT,University of Kelaniya,RATNAPURA,,NQC,8,6,NQC
COP2223-195,,SPORTS SCIENCE & MANAGEMENT,Sabaragamuwa University of Sri Lanka,COLOMBO,0.5376,value,8,7,0.5376
COP2223-195,,SPORTS SCIENCE & MANAGEMENT,Sabaragamuwa University of Sri Lanka,GAMPAHA,0.5532,value,8,7,0.5532
COP2223-195,,SPORTS SCIENCE & MANAGEMENT,Sabaragamuwa University of Sri Lanka,KALUTARA,0.4018,value,8,7,0.4018
COP2223-195,,SPORTS SCIENCE & MANAGEMENT,Sabaragamuwa University of Sri Lanka,MATALE,0.4505,value,8,7,0.4505
COP2223-195,,SPORTS SCIENCE & MANAGEMENT,Sabaragamuwa University of Sri Lanka,KANDY,0.7381,value,8,7,0.7381
COP2223-195,,SPORTS SCIENCE & MANAGEMENT,Sabaragamuwa University of Sri Lanka,NUWARA ELIYA,-0.3100,value,8,7,-0.3100
COP2223-195,,SPORTS SCIENCE & MANAGEMENT,Sabaragamuwa University of Sri Lanka,GALLE,0.1814,value,8,7,0.1814
COP2223-195,,SPORTS SCIENCE & MANAGEMENT,Sabaragamuwa University of Sri Lanka,MATARA,0.4293,value,8,7,0.4293
COP2223-195,,SPORTS SCIENCE & MANAGEMENT,Sabaragamuwa University of Sri Lanka,HAMBANTOTA,0.2507,value,8,7,0.2507
COP2223-195,,SPORTS SCIENCE & MANAGEMENT,Sabaragamuwa University of Sri Lanka,JAFFNA,-0.3480,value,8,7,-0.3480
COP2223-195,,SPORTS SCIENCE & MANAGEMENT,Sabaragamuwa University of Sri Lanka,KILINOCHCHI,0.9333,value,8,7,0.9333
COP2223-195,,SPORTS SCIENCE & MANAGEMENT,Sabaragamuwa University of Sri Lanka,MANNAR,,NQC,8,7,NQC
COP2223-195,,SPORTS SCIENCE & MANAGEMENT,Sabaragamuwa University of Sri Lanka,MULLAITIVU,,NQC,8,7,NQC
COP2223-195,,SPORTS SCIENCE & MANAGEMENT,Sabaragamuwa University of Sri Lanka,VAVUNIYA,,NQC,8,7,NQC
COP2223-195,,SPORTS SCIENCE & MANAGEMENT,Sabaragamuwa University of Sri Lanka,TRINCOMALEE,0.2434,value,8,7,0.2434
COP2223-195,,SPORTS SCIENCE & MANAGEMENT,Sabaragamuwa University of Sri Lanka,BATTICALOA,-0.1692,value,8,7,-0.1692
COP2223-195,,SPORTS SCIENCE & MANAGEMENT,Sabaragamuwa University of Sri Lanka,AMPARA,0.4199,value,8,7,0.4199
COP2223-195,,SPORTS SCIENCE & MANAGEMENT,Sabaragamuwa University of Sri Lanka,PUTTALAM,0.7034,value,8,7,0.7034
COP2223-195,,SPORTS SCIENCE & MANAGEMENT,Sabaragamuwa University of Sri Lanka,KURUNEGALA,0.3235,value,8,7,0.3235
COP2223-195,,SPORTS SCIENCE & MANAGEMENT,Sabaragamuwa University of Sri Lanka,ANURADHAPURA,0.1540,value,8,7,0.1540
COP2223-195,,SPORTS SCIENCE & MANAGEMENT,Sabaragamuwa University of Sri Lanka,POLONNARUWA,-0.2250,value,8,7,-0.2250
COP2223-195,,SPORTS SCIENCE & MANAGEMENT,Sabaragamuwa University of Sri Lanka,BADULLA,0.3061,value,8,7,0.3061
COP2223-195,,SPORTS SCIENCE & MANAGEMENT,Sabaragamuwa University of Sri Lanka,MONARAGALA,0.5453,value,8,7,0.5453
COP2223-195,,SPORTS SCIENCE & MANAGEMENT,Sabaragamuwa University of Sri Lanka,KEGALLE,0.2845,value,8,7,0.2845
COP2223-195,,SPORTS SCIENCE & MANAGEMENT,Sabaragamuwa University of Sri Lanka,RATNAPURA,0.4114,value,8,7,0.4114
COP2223-196,,SPEECH AND HEARING SCIENCES,University of Kelaniya,COLOMBO,1.3018,value,8,8,1.3018
COP2223-196,,SPEECH AND HEARING SCIENCES,University of Kelaniya,GAMPAHA,1.5693,value,8,8,1.5693
COP2223-196,,SPEECH AND HEARING SCIENCES,University of Kelaniya,KALUTARA,1.5179,value,8,8,1.5179
COP2223-196,,SPEECH AND HEARING SCIENCES,University of Kelaniya,MATALE,1.5218,value,8,8,1.5218
COP2223-196,,SPEECH AND HEARING SCIENCES,University of Kelaniya,KANDY,1.4592,value,8,8,1.4592
COP2223-196,,SPEECH AND HEARING SCIENCES,University of Kelaniya,NUWARA ELIYA,1.1876,value,8,8,1.1876
COP2223-196,,SPEECH AND HEARING SCIENCES,University of Kelaniya,GALLE,1.3344,value,8,8,1.3344
COP2223-196,,SPEECH AND HEARING SCIENCES,University of Kelaniya,MATARA,1.2648,value,8,8,1.2648
COP2223-196,,SPEECH AND HEARING SCIENCES,University of Kelaniya,HAMBANTOTA,1.4845,value,8,8,1.4845
COP2223-196,,SPEECH AND HEARING SCIENCES,University of Kelaniya,JAFFNA,1.3580,value,8,8,1.3580
COP2223-196,,SPEECH AND HEARING SCIENCES,University of Kelaniya,KILINOCHCHI,0.3224,value,8,8,0.3224
COP2223-196,,SPEECH AND HEARING SCIENCES,University of Kelaniya,MANNAR,1.4451,value,8,8,1.4451
COP2223-196,,SPEECH AND HEARING SCIENCES,University of Kelaniya,MULLAITIVU,0.9655,value,8,8,0.9655
COP2223-196,,SPEECH AND HEARING SCIENCES,University of Kelaniya,VAVUNIYA,1.0210,value,8,8,1.0210
COP2223-196,,SPEECH AND HEARING SCIENCES,University of Kelaniya,TRINCOMALEE,1.2910,value,8,8,1.2910
COP2223-196,,SPEECH AND HEARING SCIENCES,University of Kelaniya,BATTICALOA,1.5633,value,8,8,1.5633
COP2223-196,,SPEECH AND HEARING SCIENCES,University of Kelaniya,AMPARA,1.5559,value,8,8,1.5559
COP2223-196,,SPEECH AND HEARING SCIENCES,University of Kelaniya,PUTTALAM,1.3925,value,8,8,1.3925
COP2223-196,,SPEECH AND HEARING SCIENCES,University of Kelaniya,KURUNEGALA,1.4361,value,8,8,1.4361
COP2223-196,,SPEECH AND HEARING SCIENCES,University of Kelaniya,ANURADHAPURA,1.2651,value,8,8,1.2651
COP2223-196,,SPEECH AND HEARING SCIENCES,University of Kelaniya,POLONNARUWA,0.8484,value,8,8,0.8484
COP2223-196,,SPEECH AND HEARING SCIENCES,University of Kelaniya,BADULLA,1.3959,value,8,8,1.3959
COP2223-196,,SPEECH AND HEARING SCIENCES,University of Kelaniya,MONARAGALA,1.2657,value,8,8,1.2657
COP2223-196,,SPEECH AND HEARING SCIENCES,University of Kelaniya,KEGALLE,1.4631,value,8,8,1.4631
COP2223-196,,SPEECH AND HEARING SCIENCES,University of Kelaniya,RATNAPURA,1.4130,value,8,8,1.4130
COP2223-197,,TOURISM & HOSPITALITY MANAGEMENT,Rajarata University of Sri Lanka,COLOMBO,1.3170,value,8,9,1.3170
COP2223-197,,TOURISM & HOSPITALITY MANAGEMENT,Rajarata University of Sri Lanka,GAMPAHA,1.4184,value,8,9,1.4184
COP2223-197,,TOURISM & HOSPITALITY MANAGEMENT,Rajarata University of Sri Lanka,KALUTARA,1.3726,value,8,9,1.3726
COP2223-197,,TOURISM & HOSPITALITY MANAGEMENT,Rajarata University of Sri Lanka,MATALE,1.4645,value,8,9,1.4645
COP2223-197,,TOURISM & HOSPITALITY MANAGEMENT,Rajarata University of Sri Lanka,KANDY,1.4195,value,8,9,1.4195
COP2223-197,,TOURISM & HOSPITALITY MANAGEMENT,Rajarata University of Sri Lanka,NUWARA ELIYA,1.4555,value,8,9,1.4555
COP2223-197,,TOURISM & HOSPITALITY MANAGEMENT,Rajarata University of Sri Lanka,GALLE,1.4395,value,8,9,1.4395
COP2223-197,,TOURISM & HOSPITALITY MANAGEMENT,Rajarata University of Sri Lanka,MATARA,,NQC,8,9,NQC
COP2223-197,,TOURISM & HOSPITALITY MANAGEMENT,Rajarata University of Sri Lanka,HAMBANTOTA,1.3499,value,8,9,1.3499
COP2223-197,,TOURISM & HOSPITALITY MANAGEMENT,Rajarata University of Sri Lanka,JAFFNA,1.1544,value,8,9,1.1544
COP2223-197,,TOURISM & HOSPITALITY MANAGEMENT,Rajarata University of Sri Lanka,KILINOCHCHI,1.4279,value,8,9,1.4279
COP2223-197,,TOURISM & HOSPITALITY MANAGEMENT,Rajarata University of Sri Lanka,MANNAR,1.4990,value,8,9,1.4990
COP2223-197,,TOURISM & HOSPITALITY MANAGEMENT,Rajarata University of Sri Lanka,MULLAITIVU,,NQC,8,9,NQC
COP2223-197,,TOURISM & HOSPITALITY MANAGEMENT,Rajarata University of Sri Lanka,VAVUNIYA,,NQC,8,9,NQC
COP2223-197,,TOURISM & HOSPITALITY MANAGEMENT,Rajarata University of Sri Lanka,TRINCOMALEE,1.2201,value,8,9,1.2201
COP2223-197,,TOURISM & HOSPITALITY MANAGEMENT,Rajarata University of Sri Lanka,BATTICALOA,1.1673,value,8,9,1.1673
COP2223-197,,TOURISM & HOSPITALITY MANAGEMENT,Rajarata University of Sri Lanka,AMPARA,1.3212,value,8,9,1.3212
COP2223-197,,TOURISM & HOSPITALITY MANAGEMENT,Rajarata University of Sri Lanka,PUTTALAM,1.3726,value,8,9,1.3726
COP2223-197,,TOURISM & HOSPITALITY MANAGEMENT,Rajarata University of Sri Lanka,KURUNEGALA,1.4894,value,8,9,1.4894
COP2223-197,,TOURISM & HOSPITALITY MANAGEMENT,Rajarata University of Sri Lanka,ANURADHAPURA,1.4365,value,8,9,1.4365
COP2223-197,,TOURISM & HOSPITALITY MANAGEMENT,Rajarata University of Sri Lanka,POLONNARUWA,,NQC,8,9,NQC
COP2223-197,,TOURISM & HOSPITALITY MANAGEMENT,Rajarata University of Sri Lanka,BADULLA,,NQC,8,9,NQC
COP2223-197,,TOURISM & HOSPITALITY MANAGEMENT,Rajarata University of Sri Lanka,MONARAGALA,1.3814,value,8,9,1.3814
COP2223-197,,TOURISM & HOSPITALITY MANAGEMENT,Rajarata University of Sri Lanka,KEGALLE,1.4590,value,8,9,1.4590
COP2223-197,,TOURISM & HOSPITALITY MANAGEMENT,Rajarata University of Sri Lanka,RATNAPURA,1.4802,value,8,9,1.4802
COP2223-198,,TOURISM & HOSPITALITY MANAGEMENT,Sabaragamuwa University of Sri Lanka,COLOMBO,1.4437,value,8,10,1.4437
COP2223-198,,TOURISM & HOSPITALITY MANAGEMENT,Sabaragamuwa University of Sri Lanka,GAMPAHA,1.4381,value,8,10,1.4381
COP2223-198,,TOURISM & HOSPITALITY MANAGEMENT,Sabaragamuwa University of Sri Lanka,KALUTARA,1.4432,value,8,10,1.4432
COP2223-198,,TOURISM & HOSPITALITY MANAGEMENT,Sabaragamuwa University of Sri Lanka,MATALE,1.4457,value,8,10,1.4457
COP2223-198,,TOURISM & HOSPITALITY MANAGEMENT,Sabaragamuwa University of Sri Lanka,KANDY,1.4530,value,8,10,1.4530
COP2223-198,,TOURISM & HOSPITALITY MANAGEMENT,Sabaragamuwa University of Sri Lanka,NUWARA ELIYA,1.4527,value,8,10,1.4527
COP2223-198,,TOURISM & HOSPITALITY MANAGEMENT,Sabaragamuwa University of Sri Lanka,GALLE,1.4384,value,8,10,1.4384
COP2223-198,,TOURISM & HOSPITALITY MANAGEMENT,Sabaragamuwa University of Sri Lanka,MATARA,1.4684,value,8,10,1.4684
COP2223-198,,TOURISM & HOSPITALITY MANAGEMENT,Sabaragamuwa University of Sri Lanka,HAMBANTOTA,1.4956,value,8,10,1.4956
COP2223-198,,TOURISM & HOSPITALITY MANAGEMENT,Sabaragamuwa University of Sri Lanka,JAFFNA,,NQC,8,10,NQC
COP2223-198,,TOURISM & HOSPITALITY MANAGEMENT,Sabaragamuwa University of Sri Lanka,KILINOCHCHI,,NQC,8,10,NQC
COP2223-198,,TOURISM & HOSPITALITY MANAGEMENT,Sabaragamuwa University of Sri Lanka,MANNAR,,NQC,8,10,NQC
COP2223-198,,TOURISM & HOSPITALITY MANAGEMENT,Sabaragamuwa University of Sri Lanka,MULLAITIVU,1.4803,value,8,10,1.4803
COP2223-198,,TOURISM & HOSPITALITY MANAGEMENT,Sabaragamuwa University of Sri Lanka,VAVUNIYA,1.4549,value,8,10,1.4549
COP2223-198,,TOURISM & HOSPITALITY MANAGEMENT,Sabaragamuwa University of Sri Lanka,TRINCOMALEE,,NQC,8,10,NQC
COP2223-198,,TOURISM & HOSPITALITY MANAGEMENT,Sabaragamuwa University of Sri Lanka,BATTICALOA,,NQC,8,10,NQC
COP2223-198,,TOURISM & HOSPITALITY MANAGEMENT,Sabaragamuwa University of Sri Lanka,AMPARA,,NQC,8,10,NQC
COP2223-198,,TOURISM & HOSPITALITY MANAGEMENT,Sabaragamuwa University of Sri Lanka,PUTTALAM,1.4579,value,8,10,1.4579
COP2223-198,,TOURISM & HOSPITALITY MANAGEMENT,Sabaragamuwa University of Sri Lanka,KURUNEGALA,1.4793,value,8,10,1.4793
COP2223-198,,TOURISM & HOSPITALITY MANAGEMENT,Sabaragamuwa University of Sri Lanka,ANURADHAPURA,1.4532,value,8,10,1.4532
COP2223-198,,TOURISM & HOSPITALITY MANAGEMENT,Sabaragamuwa University of Sri Lanka,POLONNARUWA,1.4531,value,8,10,1.4531
COP2223-198,,TOURISM & HOSPITALITY MANAGEMENT,Sabaragamuwa University of Sri Lanka,BADULLA,1.4505,value,8,10,1.4505
COP2223-198,,TOURISM & HOSPITALITY MANAGEMENT,Sabaragamuwa University of Sri Lanka,MONARAGALA,1.5647,value,8,10,1.5647
COP2223-198,,TOURISM & HOSPITALITY MANAGEMENT,Sabaragamuwa University of Sri Lanka,KEGALLE,1.4721,value,8,10,1.4721
COP2223-198,,TOURISM & HOSPITALITY MANAGEMENT,Sabaragamuwa University of Sri Lanka,RATNAPURA,1.4721,value,8,10,1.4721
COP2223-199,,AGRICULTURAL RESOURCE MANAGEMENT AND TECHNOLOGY,University of Ruhuna,COLOMBO,0.5485,value,8,11,0.5485
COP2223-199,,AGRICULTURAL RESOURCE MANAGEMENT AND TECHNOLOGY,University of Ruhuna,GAMPAHA,0.5856,value,8,11,0.5856
COP2223-199,,AGRICULTURAL RESOURCE MANAGEMENT AND TECHNOLOGY,University of Ruhuna,KALUTARA,0.8142,value,8,11,0.8142
COP2223-199,,AGRICULTURAL RESOURCE MANAGEMENT AND TECHNOLOGY,University of Ruhuna,MATALE,0.7527,value,8,11,0.7527
COP2223-199,,AGRICULTURAL RESOURCE MANAGEMENT AND TECHNOLOGY,University of Ruhuna,KANDY,0.8096,value,8,11,0.8096
COP2223-199,,AGRICULTURAL RESOURCE MANAGEMENT AND TECHNOLOGY,University of Ruhuna,NUWARA ELIYA,0.6879,value,8,11,0.6879
COP2223-199,,AGRICULTURAL RESOURCE MANAGEMENT AND TECHNOLOGY,University of Ruhuna,GALLE,0.8234,value,8,11,0.8234
COP2223-199,,AGRICULTURAL RESOURCE MANAGEMENT AND TECHNOLOGY,University of Ruhuna,MATARA,0.7875,value,8,11,0.7875
COP2223-199,,AGRICULTURAL RESOURCE MANAGEMENT AND TECHNOLOGY,University of Ruhuna,HAMBANTOTA,0.8346,value,8,11,0.8346
COP2223-199,,AGRICULTURAL RESOURCE MANAGEMENT AND TECHNOLOGY,University of Ruhuna,JAFFNA,0.5905,value,8,11,0.5905
COP2223-199,,AGRICULTURAL RESOURCE MANAGEMENT AND TECHNOLOGY,University of Ruhuna,KILINOCHCHI,0.4538,value,8,11,0.4538
COP2223-199,,AGRICULTURAL RESOURCE MANAGEMENT AND TECHNOLOGY,University of Ruhuna,MANNAR,0.4403,value,8,11,0.4403
COP2223-199,,AGRICULTURAL RESOURCE MANAGEMENT AND TECHNOLOGY,University of Ruhuna,MULLAITIVU,0.3533,value,8,11,0.3533
COP2223-199,,AGRICULTURAL RESOURCE MANAGEMENT AND TECHNOLOGY,University of Ruhuna,VAVUNIYA,0.4802,value,8,11,0.4802
COP2223-199,,AGRICULTURAL RESOURCE MANAGEMENT AND TECHNOLOGY,University of Ruhuna,TRINCOMALEE,0.4761,value,8,11,0.4761
COP2223-199,,AGRICULTURAL RESOURCE MANAGEMENT AND TECHNOLOGY,University of Ruhuna,BATTICALOA,0.5988,value,8,11,0.5988
COP2223-199,,AGRICULTURAL RESOURCE MANAGEMENT AND TECHNOLOGY,University of Ruhuna,AMPARA,0.5950,value,8,11,0.5950
COP2223-199,,AGRICULTURAL RESOURCE MANAGEMENT AND TECHNOLOGY,University of Ruhuna,PUTTALAM,0.5939,value,8,11,0.5939
COP2223-199,,AGRICULTURAL RESOURCE MANAGEMENT AND TECHNOLOGY,University of Ruhuna,KURUNEGALA,0.8216,value,8,11,0.8216
COP2223-199,,AGRICULTURAL RESOURCE MANAGEMENT AND TECHNOLOGY,University of Ruhuna,ANURADHAPURA,0.7831,value,8,11,0.7831
COP2223-199,,AGRICULTURAL RESOURCE MANAGEMENT AND TECHNOLOGY,University of Ruhuna,POLONNARUWA,0.8683,value,8,11,0.8683
COP2223-199,,AGRICULTURAL RESOURCE MANAGEMENT AND TECHNOLOGY,University of Ruhuna,BADULLA,0.6813,value,8,11,0.6813
COP2223-199,,AGRICULTURAL RESOURCE MANAGEMENT AND TECHNOLOGY,University of Ruhuna,MONARAGALA,0.7453,value,8,11,0.7453
COP2223-199,,AGRICULTURAL RESOURCE MANAGEMENT AND TECHNOLOGY,University of Ruhuna,KEGALLE,0.7493,value,8,11,0.7493
COP2223-199,,AGRICULTURAL RESOURCE MANAGEMENT AND TECHNOLOGY,University of Ruhuna,RATNAPURA,0.8147,value,8,11,0.8147
COP2223-200,,AGRI BUSINESS MANAGEMENT,University of Ruhuna,COLOMBO,0.5777,value,8,12,0.5777
COP2223-200,,AGRI BUSINESS MANAGEMENT,University of Ruhuna,GAMPAHA,0.6726,value,8,12,0.6726
COP2223-200,,AGRI BUSINESS MANAGEMENT,University of Ruhuna,KALUTARA,0.7680,value,8,12,0.7680
COP2223-200,,AGRI BUSINESS MANAGEMENT,University of Ruhuna,MATALE,0.7257,value,8,12,0.7257
COP2223-200,,AGRI BUSINESS MANAGEMENT,University of Ruhuna,KANDY,0.7283,value,8,12,0.7283
COP2223-200,,AGRI BUSINESS MANAGEMENT,University of Ruhuna,NUWARA ELIYA,0.7686,value,8,12,0.7686
COP2223-200,,AGRI BUSINESS MANAGEMENT,University of Ruhuna,GALLE,0.7902,value,8,12,0.7902
COP2223-200,,AGRI BUSINESS MANAGEMENT,University of Ruhuna,MATARA,0.7723,value,8,12,0.7723
COP2223-200,,AGRI BUSINESS MANAGEMENT,University of Ruhuna,HAMBANTOTA,0.7755,value,8,12,0.7755
COP2223-200,,AGRI BUSINESS MANAGEMENT,University of Ruhuna,JAFFNA,0.7075,value,8,12,0.7075
COP2223-200,,AGRI BUSINESS MANAGEMENT,University of Ruhuna,KILINOCHCHI,0.4114,value,8,12,0.4114
COP2223-200,,AGRI BUSINESS MANAGEMENT,University of Ruhuna,MANNAR,0.2939,value,8,12,0.2939
COP2223-200,,AGRI BUSINESS MANAGEMENT,University of Ruhuna,MULLAITIVU,0.2891,value,8,12,0.2891
COP2223-200,,AGRI BUSINESS MANAGEMENT,University of Ruhuna,VAVUNIYA,0.2904,value,8,12,0.2904
COP2223-200,,AGRI BUSINESS MANAGEMENT,University of Ruhuna,TRINCOMALEE,0.6009,value,8,12,0.6009
COP2223-200,,AGRI BUSINESS MANAGEMENT,University of Ruhuna,BATTICALOA,0.6158,value,8,12,0.6158
COP2223-200,,AGRI BUSINESS MANAGEMENT,University of Ruhuna,AMPARA,0.6398,value,8,12,0.6398
COP2223-200,,AGRI BUSINESS MANAGEMENT,University of Ruhuna,PUTTALAM,0.5053,value,8,12,0.5053
COP2223-200,,AGRI BUSINESS MANAGEMENT,University of Ruhuna,KURUNEGALA,0.7690,value,8,12,0.7690
COP2223-200,,AGRI BUSINESS MANAGEMENT,University of Ruhuna,ANURADHAPURA,0.7446,value,8,12,0.7446
COP2223-200,,AGRI BUSINESS MANAGEMENT,University of Ruhuna,POLONNARUWA,0.6871,value,8,12,0.6871
COP2223-200,,AGRI BUSINESS MANAGEMENT,University of Ruhuna,BADULLA,0.6680,value,8,12,0.6680
COP2223-200,,AGRI BUSINESS MANAGEMENT,University of Ruhuna,MONARAGALA,0.5931,value,8,12,0.5931
COP2223-200,,AGRI BUSINESS MANAGEMENT,University of Ruhuna,KEGALLE,0.7444,value,8,12,0.7444
COP2223-200,,AGRI BUSINESS MANAGEMENT,University of Ruhuna,RATNAPURA,0.7499,value,8,12,0.7499
COP2223-201,,GREEN TECHNOLOGY,University of Ruhuna,COLOMBO,0.7413,value,8,13,0.7413
COP2223-201,,GREEN TECHNOLOGY,University of Ruhuna,GAMPAHA,0.7273,value,8,13,0.7273
COP2223-201,,GREEN TECHNOLOGY,University of Ruhuna,KALUTARA,0.8642,value,8,13,0.8642
COP2223-201,,GREEN TECHNOLOGY,University of Ruhuna,MATALE,0.6429,value,8,13,0.6429
COP2223-201,,GREEN TECHNOLOGY,University of Ruhuna,KANDY,0.8093,value,8,13,0.8093
COP2223-201,,GREEN TECHNOLOGY,University of Ruhuna,NUWARA ELIYA,0.7087,value,8,13,0.7087
COP2223-201,,GREEN TECHNOLOGY,University of Ruhuna,GALLE,0.8870,value,8,13,0.8870
COP2223-201,,GREEN TECHNOLOGY,University of Ruhuna,MATARA,0.8585,value,8,13,0.8585
COP2223-201,,GREEN TECHNOLOGY,University of Ruhuna,HAMBANTOTA,0.8963,value,8,13,0.8963
COP2223-201,,GREEN TECHNOLOGY,University of Ruhuna,JAFFNA,0.7102,value,8,13,0.7102
COP2223-201,,GREEN TECHNOLOGY,University of Ruhuna,KILINOCHCHI,0.6769,value,8,13,0.6769
COP2223-201,,GREEN TECHNOLOGY,University of Ruhuna,MANNAR,0.7586,value,8,13,0.7586
COP2223-201,,GREEN TECHNOLOGY,University of Ruhuna,MULLAITIVU,0.2835,value,8,13,0.2835
COP2223-201,,GREEN TECHNOLOGY,University of Ruhuna,VAVUNIYA,0.6147,value,8,13,0.6147
COP2223-201,,GREEN TECHNOLOGY,University of Ruhuna,TRINCOMALEE,0.8682,value,8,13,0.8682
COP2223-201,,GREEN TECHNOLOGY,University of Ruhuna,BATTICALOA,0.7257,value,8,13,0.7257
COP2223-201,,GREEN TECHNOLOGY,University of Ruhuna,AMPARA,0.5809,value,8,13,0.5809
COP2223-201,,GREEN TECHNOLOGY,University of Ruhuna,PUTTALAM,0.7556,value,8,13,0.7556
COP2223-201,,GREEN TECHNOLOGY,University of Ruhuna,KURUNEGALA,0.7867,value,8,13,0.7867
COP2223-201,,GREEN TECHNOLOGY,University of Ruhuna,ANURADHAPURA,0.5755,value,8,13,0.5755
COP2223-201,,GREEN TECHNOLOGY,University of Ruhuna,POLONNARUWA,0.5520,value,8,13,0.5520
COP2223-201,,GREEN TECHNOLOGY,University of Ruhuna,BADULLA,0.7388,value,8,13,0.7388
COP2223-201,,GREEN TECHNOLOGY,University of Ruhuna,MONARAGALA,0.7615,value,8,13,0.7615
COP2223-201,,GREEN TECHNOLOGY,University of Ruhuna,KEGALLE,0.8738,value,8,13,0.8738
COP2223-201,,GREEN TECHNOLOGY,University of Ruhuna,RATNAPURA,0.8890,value,8,13,0.8890
COP2223-202,,SCIENCE AND TECHNOLOGY,Uva Wellassa University of Sri Lanka,COLOMBO,0.8494,value,8,14,0.8494
COP2223-202,,SCIENCE AND TECHNOLOGY,Uva Wellassa University of Sri Lanka,GAMPAHA,0.8468,value,8,14,0.8468
COP2223-202,,SCIENCE AND TECHNOLOGY,Uva Wellassa University of Sri Lanka,KALUTARA,0.9380,value,8,14,0.9380
COP2223-202,,SCIENCE AND TECHNOLOGY,Uva Wellassa University of Sri Lanka,MATALE,0.9858,value,8,14,0.9858
COP2223-202,,SCIENCE AND TECHNOLOGY,Uva Wellassa University of Sri Lanka,KANDY,0.8327,value,8,14,0.8327
COP2223-202,,SCIENCE AND TECHNOLOGY,Uva Wellassa University of Sri Lanka,NUWARA ELIYA,0.6925,value,8,14,0.6925
COP2223-202,,SCIENCE AND TECHNOLOGY,Uva Wellassa University of Sri Lanka,GALLE,0.9558,value,8,14,0.9558
COP2223-202,,SCIENCE AND TECHNOLOGY,Uva Wellassa University of Sri Lanka,MATARA,0.9577,value,8,14,0.9577
COP2223-202,,SCIENCE AND TECHNOLOGY,Uva Wellassa University of Sri Lanka,HAMBANTOTA,0.9695,value,8,14,0.9695
COP2223-202,,SCIENCE AND TECHNOLOGY,Uva Wellassa University of Sri Lanka,JAFFNA,0.9713,value,8,14,0.9713
COP2223-202,,SCIENCE AND TECHNOLOGY,Uva Wellassa University of Sri Lanka,KILINOCHCHI,0.8768,value,8,14,0.8768
COP2223-202,,SCIENCE AND TECHNOLOGY,Uva Wellassa University of Sri Lanka,MANNAR,0.8824,value,8,14,0.8824
COP2223-202,,SCIENCE AND TECHNOLOGY,Uva Wellassa University of Sri Lanka,MULLAITIVU,0.4364,value,8,14,0.4364
COP2223-202,,SCIENCE AND TECHNOLOGY,Uva Wellassa University of Sri Lanka,VAVUNIYA,0.9780,value,8,14,0.9780
COP2223-202,,SCIENCE AND TECHNOLOGY,Uva Wellassa University of Sri Lanka,TRINCOMALEE,0.9462,value,8,14,0.9462
COP2223-202,,SCIENCE AND TECHNOLOGY,Uva Wellassa University of Sri Lanka,BATTICALOA,0.9086,value,8,14,0.9086
COP2223-202,,SCIENCE AND TECHNOLOGY,Uva Wellassa University of Sri Lanka,AMPARA,0.8652,value,8,14,0.8652
COP2223-202,,SCIENCE AND TECHNOLOGY,Uva Wellassa University of Sri Lanka,PUTTALAM,0.7852,value,8,14,0.7852
COP2223-202,,SCIENCE AND TECHNOLOGY,Uva Wellassa University of Sri Lanka,KURUNEGALA,0.9110,value,8,14,0.9110
COP2223-202,,SCIENCE AND TECHNOLOGY,Uva Wellassa University of Sri Lanka,ANURADHAPURA,0.8199,value,8,14,0.8199
COP2223-202,,SCIENCE AND TECHNOLOGY,Uva Wellassa University of Sri Lanka,POLONNARUWA,0.5703,value,8,14,0.5703
COP2223-202,,SCIENCE AND TECHNOLOGY,Uva Wellassa University of Sri Lanka,BADULLA,0.9377,value,8,14,0.9377
COP2223-202,,SCIENCE AND TECHNOLOGY,Uva Wellassa University of Sri Lanka,MONARAGALA,0.7486,value,8,14,0.7486
COP2223-202,,SCIENCE AND TECHNOLOGY,Uva Wellassa University of Sri Lanka,KEGALLE,0.8652,value,8,14,0.8652
COP2223-202,,SCIENCE AND TECHNOLOGY,Uva Wellassa University of Sri Lanka,RATNAPURA,0.8413,value,8,14,0.8413
COP2223-203,,COMPUTER SCIENCE & TECHNOLOGY,Uva Wellassa University of Sri Lanka,COLOMBO,0.8917,value,8,15,0.8917
COP2223-203,,COMPUTER SCIENCE & TECHNOLOGY,Uva Wellassa University of Sri Lanka,GAMPAHA,0.9083,value,8,15,0.9083
COP2223-203,,COMPUTER SCIENCE & TECHNOLOGY,Uva Wellassa University of Sri Lanka,KALUTARA,1.0705,value,8,15,1.0705
COP2223-203,,COMPUTER SCIENCE & TECHNOLOGY,Uva Wellassa University of Sri Lanka,MATALE,0.8601,value,8,15,0.8601
COP2223-203,,COMPUTER SCIENCE & TECHNOLOGY,Uva Wellassa University of Sri Lanka,KANDY,0.9592,value,8,15,0.9592
COP2223-203,,COMPUTER SCIENCE & TECHNOLOGY,Uva Wellassa University of Sri Lanka,NUWARA ELIYA,0.5418,value,8,15,0.5418
COP2223-203,,COMPUTER SCIENCE & TECHNOLOGY,Uva Wellassa University of Sri Lanka,GALLE,1.0906,value,8,15,1.0906
COP2223-203,,COMPUTER SCIENCE & TECHNOLOGY,Uva Wellassa University of Sri Lanka,MATARA,1.0776,value,8,15,1.0776
COP2223-203,,COMPUTER SCIENCE & TECHNOLOGY,Uva Wellassa University of Sri Lanka,HAMBANTOTA,1.0951,value,8,15,1.0951
COP2223-203,,COMPUTER SCIENCE & TECHNOLOGY,Uva Wellassa University of Sri Lanka,JAFFNA,1.1189,value,8,15,1.1189
COP2223-203,,COMPUTER SCIENCE & TECHNOLOGY,Uva Wellassa University of Sri Lanka,KILINOCHCHI,0.8339,value,8,15,0.8339
COP2223-203,,COMPUTER SCIENCE & TECHNOLOGY,Uva Wellassa University of Sri Lanka,MANNAR,1.1309,value,8,15,1.1309
COP2223-203,,COMPUTER SCIENCE & TECHNOLOGY,Uva Wellassa University of Sri Lanka,MULLAITIVU,0.5434,value,8,15,0.5434
COP2223-203,,COMPUTER SCIENCE & TECHNOLOGY,Uva Wellassa University of Sri Lanka,VAVUNIYA,1.0911,value,8,15,1.0911
COP2223-203,,COMPUTER SCIENCE & TECHNOLOGY,Uva Wellassa University of Sri Lanka,TRINCOMALEE,0.8372,value,8,15,0.8372
COP2223-203,,COMPUTER SCIENCE & TECHNOLOGY,Uva Wellassa University of Sri Lanka,BATTICALOA,1.0657,value,8,15,1.0657
COP2223-203,,COMPUTER SCIENCE & TECHNOLOGY,Uva Wellassa University of Sri Lanka,AMPARA,1.0531,value,8,15,1.0531
COP2223-203,,COMPUTER SCIENCE & TECHNOLOGY,Uva Wellassa University of Sri Lanka,PUTTALAM,0.9228,value,8,15,0.9228
COP2223-203,,COMPUTER SCIENCE & TECHNOLOGY,Uva Wellassa University of Sri Lanka,KURUNEGALA,0.9779,value,8,15,0.9779
COP2223-203,,COMPUTER SCIENCE & TECHNOLOGY,Uva Wellassa University of Sri Lanka,ANURADHAPURA,0.8742,value,8,15,0.8742
COP2223-203,,COMPUTER SCIENCE & TECHNOLOGY,Uva Wellassa University of Sri Lanka,POLONNARUWA,0.5404,value,8,15,0.5404
COP2223-203,,COMPUTER SCIENCE & TECHNOLOGY,Uva Wellassa University of Sri Lanka,BADULLA,0.8487,value,8,15,0.8487
COP2223-203,,COMPUTER SCIENCE & TECHNOLOGY,Uva Wellassa University of Sri Lanka,MONARAGALA,0.9530,value,8,15,0.9530
COP2223-203,,COMPUTER SCIENCE & TECHNOLOGY,Uva Wellassa University of Sri Lanka,KEGALLE,1.0737,value,8,15,1.0737
COP2223-203,,COMPUTER SCIENCE & TECHNOLOGY,Uva Wellassa University of Sri Lanka,RATNAPURA,0.9621,value,8,15,0.9621
COP2223-204,,ENTREPRENEURSHIP AND MANAGEMENT,Uva Wellassa University of Sri Lanka,COLOMBO,1.2281,value,8,16,1.2281
COP2223-204,,ENTREPRENEURSHIP AND MANAGEMENT,Uva Wellassa University of Sri Lanka,GAMPAHA,1.2471,value,8,16,1.2471
COP2223-204,,ENTREPRENEURSHIP AND MANAGEMENT,Uva Wellassa University of Sri Lanka,KALUTARA,1.2467,value,8,16,1.2467
COP2223-204,,ENTREPRENEURSHIP AND MANAGEMENT,Uva Wellassa University of Sri Lanka,MATALE,1.2430,value,8,16,1.2430
COP2223-204,,ENTREPRENEURSHIP AND MANAGEMENT,Uva Wellassa University of Sri Lanka,KANDY,1.2494,value,8,16,1.2494
COP2223-204,,ENTREPRENEURSHIP AND MANAGEMENT,Uva Wellassa University of Sri Lanka,NUWARA ELIYA,1.1206,value,8,16,1.1206
COP2223-204,,ENTREPRENEURSHIP AND MANAGEMENT,Uva Wellassa University of Sri Lanka,GALLE,1.2645,value,8,16,1.2645
COP2223-204,,ENTREPRENEURSHIP AND MANAGEMENT,Uva Wellassa University of Sri Lanka,MATARA,1.2770,value,8,16,1.2770
COP2223-204,,ENTREPRENEURSHIP AND MANAGEMENT,Uva Wellassa University of Sri Lanka,HAMBANTOTA,1.1057,value,8,16,1.1057
COP2223-204,,ENTREPRENEURSHIP AND MANAGEMENT,Uva Wellassa University of Sri Lanka,JAFFNA,0.7803,value,8,16,0.7803
COP2223-204,,ENTREPRENEURSHIP AND MANAGEMENT,Uva Wellassa University of Sri Lanka,KILINOCHCHI,1.0459,value,8,16,1.0459
COP2223-204,,ENTREPRENEURSHIP AND MANAGEMENT,Uva Wellassa University of Sri Lanka,MANNAR,1.0520,value,8,16,1.0520
COP2223-204,,ENTREPRENEURSHIP AND MANAGEMENT,Uva Wellassa University of Sri Lanka,MULLAITIVU,1.0752,value,8,16,1.0752
COP2223-204,,ENTREPRENEURSHIP AND MANAGEMENT,Uva Wellassa University of Sri Lanka,VAVUNIYA,1.0970,value,8,16,1.0970
COP2223-204,,ENTREPRENEURSHIP AND MANAGEMENT,Uva Wellassa University of Sri Lanka,TRINCOMALEE,1.1342,value,8,16,1.1342
COP2223-204,,ENTREPRENEURSHIP AND MANAGEMENT,Uva Wellassa University of Sri Lanka,BATTICALOA,0.9905,value,8,16,0.9905
COP2223-204,,ENTREPRENEURSHIP AND MANAGEMENT,Uva Wellassa University of Sri Lanka,AMPARA,1.0282,value,8,16,1.0282
COP2223-204,,ENTREPRENEURSHIP AND MANAGEMENT,Uva Wellassa University of Sri Lanka,PUTTALAM,1.1519,value,8,16,1.1519
COP2223-204,,ENTREPRENEURSHIP AND MANAGEMENT,Uva Wellassa University of Sri Lanka,KURUNEGALA,1.2452,value,8,16,1.2452
COP2223-204,,ENTREPRENEURSHIP AND MANAGEMENT,Uva Wellassa University of Sri Lanka,ANURADHAPURA,1.2194,value,8,16,1.2194
COP2223-204,,ENTREPRENEURSHIP AND MANAGEMENT,Uva Wellassa University of Sri Lanka,POLONNARUWA,1.0312,value,8,16,1.0312
COP2223-204,,ENTREPRENEURSHIP AND MANAGEMENT,Uva Wellassa University of Sri Lanka,BADULLA,1.2359,value,8,16,1.2359
COP2223-204,,ENTREPRENEURSHIP AND MANAGEMENT,Uva Wellassa University of Sri Lanka,MONARAGALA,1.2173,value,8,16,1.2173
COP2223-204,,ENTREPRENEURSHIP AND MANAGEMENT,Uva Wellassa University of Sri Lanka,KEGALLE,1.2186,value,8,16,1.2186
COP2223-204,,ENTREPRENEURSHIP AND MANAGEMENT,Uva Wellassa University of Sri Lanka,RATNAPURA,1.2385,value,8,16,1.2385
COP2223-205,,ANIMAL PRODUCTION AND FOOD TECHNOLOGY,Uva Wellassa University of Sri Lanka,COLOMBO,0.5384,value,8,17,0.5384
COP2223-205,,ANIMAL PRODUCTION AND FOOD TECHNOLOGY,Uva Wellassa University of Sri Lanka,GAMPAHA,0.5861,value,8,17,0.5861
COP2223-205,,ANIMAL PRODUCTION AND FOOD TECHNOLOGY,Uva Wellassa University of Sri Lanka,KALUTARA,0.6069,value,8,17,0.6069
COP2223-205,,ANIMAL PRODUCTION AND FOOD TECHNOLOGY,Uva Wellassa University of Sri Lanka,MATALE,0.6724,value,8,17,0.6724
COP2223-205,,ANIMAL PRODUCTION AND FOOD TECHNOLOGY,Uva Wellassa University of Sri Lanka,KANDY,0.5953,value,8,17,0.5953
COP2223-205,,ANIMAL PRODUCTION AND FOOD TECHNOLOGY,Uva Wellassa University of Sri Lanka,NUWARA ELIYA,0.4334,value,8,17,0.4334
COP2223-205,,ANIMAL PRODUCTION AND FOOD TECHNOLOGY,Uva Wellassa University of Sri Lanka,GALLE,0.6459,value,8,17,0.6459
COP2223-205,,ANIMAL PRODUCTION AND FOOD TECHNOLOGY,Uva Wellassa University of Sri Lanka,MATARA,0.6701,value,8,17,0.6701
COP2223-205,,ANIMAL PRODUCTION AND FOOD TECHNOLOGY,Uva Wellassa University of Sri Lanka,HAMBANTOTA,0.6494,value,8,17,0.6494
COP2223-205,,ANIMAL PRODUCTION AND FOOD TECHNOLOGY,Uva Wellassa University of Sri Lanka,JAFFNA,0.6557,value,8,17,0.6557
COP2223-205,,ANIMAL PRODUCTION AND FOOD TECHNOLOGY,Uva Wellassa University of Sri Lanka,KILINOCHCHI,0.4201,value,8,17,0.4201
COP2223-205,,ANIMAL PRODUCTION AND FOOD TECHNOLOGY,Uva Wellassa University of Sri Lanka,MANNAR,0.6189,value,8,17,0.6189
COP2223-205,,ANIMAL PRODUCTION AND FOOD TECHNOLOGY,Uva Wellassa University of Sri Lanka,MULLAITIVU,0.4169,value,8,17,0.4169
COP2223-205,,ANIMAL PRODUCTION AND FOOD TECHNOLOGY,Uva Wellassa University of Sri Lanka,VAVUNIYA,0.3547,value,8,17,0.3547
COP2223-205,,ANIMAL PRODUCTION AND FOOD TECHNOLOGY,Uva Wellassa University of Sri Lanka,TRINCOMALEE,0.6344,value,8,17,0.6344
COP2223-205,,ANIMAL PRODUCTION AND FOOD TECHNOLOGY,Uva Wellassa University of Sri Lanka,BATTICALOA,0.5569,value,8,17,0.5569
COP2223-205,,ANIMAL PRODUCTION AND FOOD TECHNOLOGY,Uva Wellassa University of Sri Lanka,AMPARA,0.5568,value,8,17,0.5568
COP2223-205,,ANIMAL PRODUCTION AND FOOD TECHNOLOGY,Uva Wellassa University of Sri Lanka,PUTTALAM,0.4438,value,8,17,0.4438
COP2223-205,,ANIMAL PRODUCTION AND FOOD TECHNOLOGY,Uva Wellassa University of Sri Lanka,KURUNEGALA,0.6307,value,8,17,0.6307
COP2223-205,,ANIMAL PRODUCTION AND FOOD TECHNOLOGY,Uva Wellassa University of Sri Lanka,ANURADHAPURA,0.5154,value,8,17,0.5154
COP2223-205,,ANIMAL PRODUCTION AND FOOD TECHNOLOGY,Uva Wellassa University of Sri Lanka,POLONNARUWA,0.6335,value,8,17,0.6335
COP2223-205,,ANIMAL PRODUCTION AND FOOD TECHNOLOGY,Uva Wellassa University of Sri Lanka,BADULLA,0.6017,value,8,17,0.6017
COP2223-205,,ANIMAL PRODUCTION AND FOOD TECHNOLOGY,Uva Wellassa University of Sri Lanka,MONARAGALA,0.5658,value,8,17,0.5658
COP2223-205,,ANIMAL PRODUCTION AND FOOD TECHNOLOGY,Uva Wellassa University of Sri Lanka,KEGALLE,0.6328,value,8,17,0.6328
COP2223-205,,ANIMAL PRODUCTION AND FOOD TECHNOLOGY,Uva Wellassa University of Sri Lanka,RATNAPURA,0.5529,value,8,17,0.5529
COP2223-206,,EXPORT AGRICULTURE,Uva Wellassa University of Sri Lanka,COLOMBO,0.5370,value,8,18,0.5370
COP2223-206,,EXPORT AGRICULTURE,Uva Wellassa University of Sri Lanka,GAMPAHA,0.5625,value,8,18,0.5625
COP2223-206,,EXPORT AGRICULTURE,Uva Wellassa University of Sri Lanka,KALUTARA,0.6188,value,8,18,0.6188
COP2223-206,,EXPORT AGRICULTURE,Uva Wellassa University of Sri Lanka,MATALE,0.6035,value,8,18,0.6035
COP2223-206,,EXPORT AGRICULTURE,Uva Wellassa University of Sri Lanka,KANDY,0.6159,value,8,18,0.6159
COP2223-206,,EXPORT AGRICULTURE,Uva Wellassa University of Sri Lanka,NUWARA ELIYA,0.4346,value,8,18,0.4346
COP2223-206,,EXPORT AGRICULTURE,Uva Wellassa University of Sri Lanka,GALLE,0.6662,value,8,18,0.6662
COP2223-206,,EXPORT AGRICULTURE,Uva Wellassa University of Sri Lanka,MATARA,0.6345,value,8,18,0.6345
COP2223-206,,EXPORT AGRICULTURE,Uva Wellassa University of Sri Lanka,HAMBANTOTA,0.6652,value,8,18,0.6652
COP2223-206,,EXPORT AGRICULTURE,Uva Wellassa University of Sri Lanka,JAFFNA,0.6271,value,8,18,0.6271
COP2223-206,,EXPORT AGRICULTURE,Uva Wellassa University of Sri Lanka,KILINOCHCHI,0.6892,value,8,18,0.6892
COP2223-206,,EXPORT AGRICULTURE,Uva Wellassa University of Sri Lanka,MANNAR,0.2525,value,8,18,0.2525
COP2223-206,,EXPORT AGRICULTURE,Uva Wellassa University of Sri Lanka,MULLAITIVU,0.6090,value,8,18,0.6090
COP2223-206,,EXPORT AGRICULTURE,Uva Wellassa University of Sri Lanka,VAVUNIYA,0.2620,value,8,18,0.2620
COP2223-206,,EXPORT AGRICULTURE,Uva Wellassa University of Sri Lanka,TRINCOMALEE,0.5171,value,8,18,0.5171
COP2223-206,,EXPORT AGRICULTURE,Uva Wellassa University of Sri Lanka,BATTICALOA,0.5436,value,8,18,0.5436
COP2223-206,,EXPORT AGRICULTURE,Uva Wellassa University of Sri Lanka,AMPARA,0.5831,value,8,18,0.5831
COP2223-206,,EXPORT AGRICULTURE,Uva Wellassa University of Sri Lanka,PUTTALAM,0.4226,value,8,18,0.4226
COP2223-206,,EXPORT AGRICULTURE,Uva Wellassa University of Sri Lanka,KURUNEGALA,0.6149,value,8,18,0.6149
COP2223-206,,EXPORT AGRICULTURE,Uva Wellassa University of Sri Lanka,ANURADHAPURA,0.5316,value,8,18,0.5316
COP2223-206,,EXPORT AGRICULTURE,Uva Wellassa University of Sri Lanka,POLONNARUWA,0.6845,value,8,18,0.6845
COP2223-206,,EXPORT AGRICULTURE,Uva Wellassa University of Sri Lanka,BADULLA,0.6336,value,8,18,0.6336
COP2223-206,,EXPORT AGRICULTURE,Uva Wellassa University of Sri Lanka,MONARAGALA,0.5310,value,8,18,0.5310
COP2223-206,,EXPORT AGRICULTURE,Uva Wellassa University of Sri Lanka,KEGALLE,0.6277,value,8,18,0.6277
COP2223-206,,EXPORT AGRICULTURE,Uva Wellassa University of Sri Lanka,RATNAPURA,0.6147,value,8,18,0.6147
COP2223-207,,INDUSTRIAL INFORMATION TECHNOLOGY,Uva Wellassa University of Sri Lanka,COLOMBO,1.2854,value,8,19,1.2854
COP2223-207,,INDUSTRIAL INFORMATION TECHNOLOGY,Uva Wellassa University of Sri Lanka,GAMPAHA,1.1846,value,8,19,1.1846
COP2223-207,,INDUSTRIAL INFORMATION TECHNOLOGY,Uva Wellassa University of Sri Lanka,KALUTARA,1.2606,value,8,19,1.2606
COP2223-207,,INDUSTRIAL INFORMATION TECHNOLOGY,Uva Wellassa University of Sri Lanka,MATALE,1.3092,value,8,19,1.3092
COP2223-207,,INDUSTRIAL INFORMATION TECHNOLOGY,Uva Wellassa University of Sri Lanka,KANDY,1.2194,value,8,19,1.2194
COP2223-207,,INDUSTRIAL INFORMATION TECHNOLOGY,Uva Wellassa University of Sri Lanka,NUWARA ELIYA,1.0913,value,8,19,1.0913
COP2223-207,,INDUSTRIAL INFORMATION TECHNOLOGY,Uva Wellassa University of Sri Lanka,GALLE,1.2545,value,8,19,1.2545
COP2223-207,,INDUSTRIAL INFORMATION TECHNOLOGY,Uva Wellassa University of Sri Lanka,MATARA,1.2693,value,8,19,1.2693
COP2223-207,,INDUSTRIAL INFORMATION TECHNOLOGY,Uva Wellassa University of Sri Lanka,HAMBANTOTA,1.2654,value,8,19,1.2654
COP2223-207,,INDUSTRIAL INFORMATION TECHNOLOGY,Uva Wellassa University of Sri Lanka,JAFFNA,1.2459,value,8,19,1.2459
COP2223-207,,INDUSTRIAL INFORMATION TECHNOLOGY,Uva Wellassa University of Sri Lanka,KILINOCHCHI,0.6355,value,8,19,0.6355
COP2223-207,,INDUSTRIAL INFORMATION TECHNOLOGY,Uva Wellassa University of Sri Lanka,MANNAR,1.0465,value,8,19,1.0465
COP2223-207,,INDUSTRIAL INFORMATION TECHNOLOGY,Uva Wellassa University of Sri Lanka,MULLAITIVU,0.9126,value,8,19,0.9126
COP2223-207,,INDUSTRIAL INFORMATION TECHNOLOGY,Uva Wellassa University of Sri Lanka,VAVUNIYA,1.0865,value,8,19,1.0865
COP2223-207,,INDUSTRIAL INFORMATION TECHNOLOGY,Uva Wellassa University of Sri Lanka,TRINCOMALEE,1.2952,value,8,19,1.2952
COP2223-207,,INDUSTRIAL INFORMATION TECHNOLOGY,Uva Wellassa University of Sri Lanka,BATTICALOA,1.2347,value,8,19,1.2347
COP2223-207,,INDUSTRIAL INFORMATION TECHNOLOGY,Uva Wellassa University of Sri Lanka,AMPARA,1.2162,value,8,19,1.2162
COP2223-207,,INDUSTRIAL INFORMATION TECHNOLOGY,Uva Wellassa University of Sri Lanka,PUTTALAM,1.1711,value,8,19,1.1711
COP2223-207,,INDUSTRIAL INFORMATION TECHNOLOGY,Uva Wellassa University of Sri Lanka,KURUNEGALA,1.2402,value,8,19,1.2402
COP2223-207,,INDUSTRIAL INFORMATION TECHNOLOGY,Uva Wellassa University of Sri Lanka,ANURADHAPURA,1.1379,value,8,19,1.1379
COP2223-207,,INDUSTRIAL INFORMATION TECHNOLOGY,Uva Wellassa University of Sri Lanka,POLONNARUWA,1.3099,value,8,19,1.3099
COP2223-207,,INDUSTRIAL INFORMATION TECHNOLOGY,Uva Wellassa University of Sri Lanka,BADULLA,1.2002,value,8,19,1.2002
COP2223-207,,INDUSTRIAL INFORMATION TECHNOLOGY,Uva Wellassa University of Sri Lanka,MONARAGALA,1.3403,value,8,19,1.3403
COP2223-207,,INDUSTRIAL INFORMATION TECHNOLOGY,Uva Wellassa University of Sri Lanka,KEGALLE,1.3427,value,8,19,1.3427
COP2223-207,,INDUSTRIAL INFORMATION TECHNOLOGY,Uva Wellassa University of Sri Lanka,RATNAPURA,1.3119,value,8,19,1.3119
COP2223-208,,MINERAL RESOURCES AND TECHNOLOGY,Uva Wellassa University of Sri Lanka,COLOMBO,0.7153,value,8,20,0.7153
COP2223-208,,MINERAL RESOURCES AND TECHNOLOGY,Uva Wellassa University of Sri Lanka,GAMPAHA,0.7197,value,8,20,0.7197
COP2223-208,,MINERAL RESOURCES AND TECHNOLOGY,Uva Wellassa University of Sri Lanka,KALUTARA,0.7502,value,8,20,0.7502
COP2223-208,,MINERAL RESOURCES AND TECHNOLOGY,Uva Wellassa University of Sri Lanka,MATALE,0.8219,value,8,20,0.8219
COP2223-208,,MINERAL RESOURCES AND TECHNOLOGY,Uva Wellassa University of Sri Lanka,KANDY,0.7291,value,8,20,0.7291
COP2223-208,,MINERAL RESOURCES AND TECHNOLOGY,Uva Wellassa University of Sri Lanka,NUWARA ELIYA,0.5238,value,8,20,0.5238
COP2223-208,,MINERAL RESOURCES AND TECHNOLOGY,Uva Wellassa University of Sri Lanka,GALLE,0.8012,value,8,20,0.8012
COP2223-208,,MINERAL RESOURCES AND TECHNOLOGY,Uva Wellassa University of Sri Lanka,MATARA,0.7641,value,8,20,0.7641
COP2223-208,,MINERAL RESOURCES AND TECHNOLOGY,Uva Wellassa University of Sri Lanka,HAMBANTOTA,0.7811,value,8,20,0.7811
COP2223-208,,MINERAL RESOURCES AND TECHNOLOGY,Uva Wellassa University of Sri Lanka,JAFFNA,0.8167,value,8,20,0.8167
COP2223-208,,MINERAL RESOURCES AND TECHNOLOGY,Uva Wellassa University of Sri Lanka,KILINOCHCHI,0.8050,value,8,20,0.8050
COP2223-208,,MINERAL RESOURCES AND TECHNOLOGY,Uva Wellassa University of Sri Lanka,MANNAR,0.5081,value,8,20,0.5081
COP2223-208,,MINERAL RESOURCES AND TECHNOLOGY,Uva Wellassa University of Sri Lanka,MULLAITIVU,0.5518,value,8,20,0.5518
COP2223-208,,MINERAL RESOURCES AND TECHNOLOGY,Uva Wellassa University of Sri Lanka,VAVUNIYA,0.6780,value,8,20,0.6780
COP2223-208,,MINERAL RESOURCES AND TECHNOLOGY,Uva Wellassa University of Sri Lanka,TRINCOMALEE,0.7907,value,8,20,0.7907
COP2223-208,,MINERAL RESOURCES AND TECHNOLOGY,Uva Wellassa University of Sri Lanka,BATTICALOA,0.7541,value,8,20,0.7541
COP2223-208,,MINERAL RESOURCES AND TECHNOLOGY,Uva Wellassa University of Sri Lanka,AMPARA,0.7111,value,8,20,0.7111
COP2223-208,,MINERAL RESOURCES AND TECHNOLOGY,Uva Wellassa University of Sri Lanka,PUTTALAM,0.6461,value,8,20,0.6461
COP2223-208,,MINERAL RESOURCES AND TECHNOLOGY,Uva Wellassa University of Sri Lanka,KURUNEGALA,0.7883,value,8,20,0.7883
COP2223-208,,MINERAL RESOURCES AND TECHNOLOGY,Uva Wellassa University of Sri Lanka,ANURADHAPURA,0.7585,value,8,20,0.7585
COP2223-208,,MINERAL RESOURCES AND TECHNOLOGY,Uva Wellassa University of Sri Lanka,POLONNARUWA,0.5399,value,8,20,0.5399
COP2223-208,,MINERAL RESOURCES AND TECHNOLOGY,Uva Wellassa University of Sri Lanka,BADULLA,0.7994,value,8,20,0.7994
COP2223-208,,MINERAL RESOURCES AND TECHNOLOGY,Uva Wellassa University of Sri Lanka,MONARAGALA,0.6706,value,8,20,0.6706
COP2223-208,,MINERAL RESOURCES AND TECHNOLOGY,Uva Wellassa University of Sri Lanka,KEGALLE,0.7396,value,8,20,0.7396
COP2223-208,,MINERAL RESOURCES AND TECHNOLOGY,Uva Wellassa University of Sri Lanka,RATNAPURA,0.7329,value,8,20,0.7329
COP2223-209,,AQUATIC RESOURCES TECHNOLOGY,Uva Wellassa University of Sri Lanka,COLOMBO,0.4851,value,8,21,0.4851
COP2223-209,,AQUATIC RESOURCES TECHNOLOGY,Uva Wellassa University of Sri Lanka,GAMPAHA,0.5091,value,8,21,0.5091
COP2223-209,,AQUATIC RESOURCES TECHNOLOGY,Uva Wellassa University of Sri Lanka,KALUTARA,0.5867,value,8,21,0.5867
COP2223-209,,AQUATIC RESOURCES TECHNOLOGY,Uva Wellassa University of Sri Lanka,MATALE,0.6023,value,8,21,0.6023
COP2223-209,,AQUATIC RESOURCES TECHNOLOGY,Uva Wellassa University of Sri Lanka,KANDY,0.5847,value,8,21,0.5847
COP2223-209,,AQUATIC RESOURCES TECHNOLOGY,Uva Wellassa University of Sri Lanka,NUWARA ELIYA,0.3760,value,8,21,0.3760
COP2223-209,,AQUATIC RESOURCES TECHNOLOGY,Uva Wellassa University of Sri Lanka,GALLE,0.5924,value,8,21,0.5924
COP2223-209,,AQUATIC RESOURCES TECHNOLOGY,Uva Wellassa University of Sri Lanka,MATARA,0.6020,value,8,21,0.6020
COP2223-209,,AQUATIC RESOURCES TECHNOLOGY,Uva Wellassa University of Sri Lanka,HAMBANTOTA,0.6085,value,8,21,0.6085
COP2223-209,,AQUATIC RESOURCES TECHNOLOGY,Uva Wellassa University of Sri Lanka,JAFFNA,0.6052,value,8,21,0.6052
COP2223-209,,AQUATIC RESOURCES TECHNOLOGY,Uva Wellassa University of Sri Lanka,KILINOCHCHI,0.3673,value,8,21,0.3673
COP2223-209,,AQUATIC RESOURCES TECHNOLOGY,Uva Wellassa University of Sri Lanka,MANNAR,0.2913,value,8,21,0.2913
COP2223-209,,AQUATIC RESOURCES TECHNOLOGY,Uva Wellassa University of Sri Lanka,MULLAITIVU,0.3244,value,8,21,0.3244
COP2223-209,,AQUATIC RESOURCES TECHNOLOGY,Uva Wellassa University of Sri Lanka,VAVUNIYA,0.3906,value,8,21,0.3906
COP2223-209,,AQUATIC RESOURCES TECHNOLOGY,Uva Wellassa University of Sri Lanka,TRINCOMALEE,0.6093,value,8,21,0.6093
COP2223-209,,AQUATIC RESOURCES TECHNOLOGY,Uva Wellassa University of Sri Lanka,BATTICALOA,0.5462,value,8,21,0.5462
COP2223-209,,AQUATIC RESOURCES TECHNOLOGY,Uva Wellassa University of Sri Lanka,AMPARA,0.5723,value,8,21,0.5723
COP2223-209,,AQUATIC RESOURCES TECHNOLOGY,Uva Wellassa University of Sri Lanka,PUTTALAM,0.4686,value,8,21,0.4686
COP2223-209,,AQUATIC RESOURCES TECHNOLOGY,Uva Wellassa University of Sri Lanka,KURUNEGALA,0.5893,value,8,21,0.5893
COP2223-209,,AQUATIC RESOURCES TECHNOLOGY,Uva Wellassa University of Sri Lanka,ANURADHAPURA,0.4909,value,8,21,0.4909
COP2223-209,,AQUATIC RESOURCES TECHNOLOGY,Uva Wellassa University of Sri Lanka,POLONNARUWA,0.4733,value,8,21,0.4733
COP2223-209,,AQUATIC RESOURCES TECHNOLOGY,Uva Wellassa University of Sri Lanka,BADULLA,0.5660,value,8,21,0.5660
COP2223-209,,AQUATIC RESOURCES TECHNOLOGY,Uva Wellassa University of Sri Lanka,MONARAGALA,0.4617,value,8,21,0.4617
COP2223-209,,AQUATIC RESOURCES TECHNOLOGY,Uva Wellassa University of Sri Lanka,KEGALLE,0.5858,value,8,21,0.5858
COP2223-209,,AQUATIC RESOURCES TECHNOLOGY,Uva Wellassa University of Sri Lanka,RATNAPURA,0.5235,value,8,21,0.5235
COP2223-210,,"HOSPITALITY, TOURISM AND EVENTS MANAGEMENT",Uva Wellassa University of Sri Lanka,COLOMBO,1.2685,value,8,22,1.2685
COP2223-210,,"HOSPITALITY, TOURISM AND EVENTS MANAGEMENT",Uva Wellassa University of Sri Lanka,GAMPAHA,1.2538,value,8,22,1.2538
COP2223-210,,"HOSPITALITY, TOURISM AND EVENTS MANAGEMENT",Uva Wellassa University of Sri Lanka,KALUTARA,1.2836,value,8,22,1.2836
COP2223-210,,"HOSPITALITY, TOURISM AND EVENTS MANAGEMENT",Uva Wellassa University of Sri Lanka,MATALE,1.2644,value,8,22,1.2644
COP2223-210,,"HOSPITALITY, TOURISM AND EVENTS MANAGEMENT",Uva Wellassa University of Sri Lanka,KANDY,1.2644,value,8,22,1.2644
COP2223-210,,"HOSPITALITY, TOURISM AND EVENTS MANAGEMENT",Uva Wellassa University of Sri Lanka,NUWARA ELIYA,1.2598,value,8,22,1.2598
COP2223-210,,"HOSPITALITY, TOURISM AND EVENTS MANAGEMENT",Uva Wellassa University of Sri Lanka,GALLE,1.3126,value,8,22,1.3126
COP2223-210,,"HOSPITALITY, TOURISM AND EVENTS MANAGEMENT",Uva Wellassa University of Sri Lanka,MATARA,1.2938,value,8,22,1.2938
COP2223-210,,"HOSPITALITY, TOURISM AND EVENTS MANAGEMENT",Uva Wellassa University of Sri Lanka,HAMBANTOTA,1.2256,value,8,22,1.2256
COP2223-210,,"HOSPITALITY, TOURISM AND EVENTS MANAGEMENT",Uva Wellassa University of Sri Lanka,JAFFNA,0.8376,value,8,22,0.8376
COP2223-210,,"HOSPITALITY, TOURISM AND EVENTS MANAGEMENT",Uva Wellassa University of Sri Lanka,KILINOCHCHI,0.7287,value,8,22,0.7287
COP2223-210,,"HOSPITALITY, TOURISM AND EVENTS MANAGEMENT",Uva Wellassa University of Sri Lanka,MANNAR,1.2047,value,8,22,1.2047
COP2223-210,,"HOSPITALITY, TOURISM AND EVENTS MANAGEMENT",Uva Wellassa University of Sri Lanka,MULLAITIVU,0.8884,value,8,22,0.8884
COP2223-210,,"HOSPITALITY, TOURISM AND EVENTS MANAGEMENT",Uva Wellassa University of Sri Lanka,VAVUNIYA,1.2680,value,8,22,1.2680
COP2223-210,,"HOSPITALITY, TOURISM AND EVENTS MANAGEMENT",Uva Wellassa University of Sri Lanka,TRINCOMALEE,1.1710,value,8,22,1.1710
COP2223-210,,"HOSPITALITY, TOURISM AND EVENTS MANAGEMENT",Uva Wellassa University of Sri Lanka,BATTICALOA,0.9571,value,8,22,0.9571
COP2223-210,,"HOSPITALITY, TOURISM AND EVENTS MANAGEMENT",Uva Wellassa University of Sri Lanka,AMPARA,1.0670,value,8,22,1.0670
COP2223-210,,"HOSPITALITY, TOURISM AND EVENTS MANAGEMENT",Uva Wellassa University of Sri Lanka,PUTTALAM,1.1635,value,8,22,1.1635
COP2223-210,,"HOSPITALITY, TOURISM AND EVENTS MANAGEMENT",Uva Wellassa University of Sri Lanka,KURUNEGALA,1.2490,value,8,22,1.2490
COP2223-210,,"HOSPITALITY, TOURISM AND EVENTS MANAGEMENT",Uva Wellassa University of Sri Lanka,ANURADHAPURA,1.2046,value,8,22,1.2046
COP2223-210,,"HOSPITALITY, TOURISM AND EVENTS MANAGEMENT",Uva Wellassa University of Sri Lanka,POLONNARUWA,1.0710,value,8,22,1.0710
COP2223-210,,"HOSPITALITY, TOURISM AND EVENTS MANAGEMENT",Uva Wellassa University of Sri Lanka,BADULLA,1.2249,value,8,22,1.2249
COP2223-210,,"HOSPITALITY, TOURISM AND EVENTS MANAGEMENT",Uva Wellassa University of Sri Lanka,MONARAGALA,1.0519,value,8,22,1.0519
COP2223-210,,"HOSPITALITY, TOURISM AND EVENTS MANAGEMENT",Uva Wellassa University of Sri Lanka,KEGALLE,1.2393,value,8,22,1.2393
COP2223-210,,"HOSPITALITY, TOURISM AND EVENTS MANAGEMENT",Uva Wellassa University of Sri Lanka,RATNAPURA,1.2733,value,8,22,1.2733
COP2223-211,,ENGLISH LANGUAGE & APPLIED LINGUISTICS,Uva Wellassa University of Sri Lanka,COLOMBO,1.4101,value,8,23,1.4101
COP2223-211,,ENGLISH LANGUAGE & APPLIED LINGUISTICS,Uva Wellassa University of Sri Lanka,GAMPAHA,1.3601,value,8,23,1.3601
COP2223-211,,ENGLISH LANGUAGE & APPLIED LINGUISTICS,Uva Wellassa University of Sri Lanka,KALUTARA,1.4323,value,8,23,1.4323
COP2223-211,,ENGLISH LANGUAGE & APPLIED LINGUISTICS,Uva Wellassa University of Sri Lanka,MATALE,1.5115,value,8,23,1.5115
COP2223-211,,ENGLISH LANGUAGE & APPLIED LINGUISTICS,Uva Wellassa University of Sri Lanka,KANDY,1.4723,value,8,23,1.4723
COP2223-211,,ENGLISH LANGUAGE & APPLIED LINGUISTICS,Uva Wellassa University of Sri Lanka,NUWARA ELIYA,1.5522,value,8,23,1.5522
COP2223-211,,ENGLISH LANGUAGE & APPLIED LINGUISTICS,Uva Wellassa University of Sri Lanka,GALLE,1.4373,value,8,23,1.4373
COP2223-211,,ENGLISH LANGUAGE & APPLIED LINGUISTICS,Uva Wellassa University of Sri Lanka,MATARA,1.5183,value,8,23,1.5183
COP2223-211,,ENGLISH LANGUAGE & APPLIED LINGUISTICS,Uva Wellassa University of Sri Lanka,HAMBANTOTA,1.5221,value,8,23,1.5221
COP2223-211,,ENGLISH LANGUAGE & APPLIED LINGUISTICS,Uva Wellassa University of Sri Lanka,JAFFNA,1.5936,value,8,23,1.5936
COP2223-211,,ENGLISH LANGUAGE & APPLIED LINGUISTICS,Uva Wellassa University of Sri Lanka,KILINOCHCHI,1.4479,value,8,23,1.4479
COP2223-211,,ENGLISH LANGUAGE & APPLIED LINGUISTICS,Uva Wellassa University of Sri Lanka,MANNAR,1.4857,value,8,23,1.4857
COP2223-211,,ENGLISH LANGUAGE & APPLIED LINGUISTICS,Uva Wellassa University of Sri Lanka,MULLAITIVU,1.1513,value,8,23,1.1513
COP2223-211,,ENGLISH LANGUAGE & APPLIED LINGUISTICS,Uva Wellassa University of Sri Lanka,VAVUNIYA,1.5280,value,8,23,1.5280
COP2223-211,,ENGLISH LANGUAGE & APPLIED LINGUISTICS,Uva Wellassa University of Sri Lanka,TRINCOMALEE,1.5847,value,8,23,1.5847
COP2223-211,,ENGLISH LANGUAGE & APPLIED LINGUISTICS,Uva Wellassa University of Sri Lanka,BATTICALOA,1.5599,value,8,23,1.5599
COP2223-211,,ENGLISH LANGUAGE & APPLIED LINGUISTICS,Uva Wellassa University of Sri Lanka,AMPARA,1.5817,value,8,23,1.5817
COP2223-211,,ENGLISH LANGUAGE & APPLIED LINGUISTICS,Uva Wellassa University of Sri Lanka,PUTTALAM,1.4694,value,8,23,1.4694
COP2223-211,,ENGLISH LANGUAGE & APPLIED LINGUISTICS,Uva Wellassa University of Sri Lanka,KURUNEGALA,1.4497,value,8,23,1.4497
COP2223-211,,ENGLISH LANGUAGE & APPLIED LINGUISTICS,Uva Wellassa University of Sri Lanka,ANURADHAPURA,1.4585,value,8,23,1.4585
COP2223-211,,ENGLISH LANGUAGE & APPLIED LINGUISTICS,Uva Wellassa University of Sri Lanka,POLONNARUWA,1.4342,value,8,23,1.4342
COP2223-211,,ENGLISH LANGUAGE & APPLIED LINGUISTICS,Uva Wellassa University of Sri Lanka,BADULLA,1.5813,value,8,23,1.5813
COP2223-211,,ENGLISH LANGUAGE & APPLIED LINGUISTICS,Uva Wellassa University of Sri Lanka,MONARAGALA,1.5784,value,8,23,1.5784
COP2223-211,,ENGLISH LANGUAGE & APPLIED LINGUISTICS,Uva Wellassa University of Sri Lanka,KEGALLE,1.5876,value,8,23,1.5876
COP2223-211,,ENGLISH LANGUAGE & APPLIED LINGUISTICS,Uva Wellassa University of Sri Lanka,RATNAPURA,1.4209,value,8,23,1.4209
COP2223-212,,PLANTATION MANAGEMENT AND TECHNOLOGY,Uva Wellassa University of Sri Lanka,COLOMBO,0.5741,value,8,24,0.5741
COP2223-212,,PLANTATION MANAGEMENT AND TECHNOLOGY,Uva Wellassa University of Sri Lanka,GAMPAHA,0.6009,value,8,24,0.6009
COP2223-212,,PLANTATION MANAGEMENT AND TECHNOLOGY,Uva Wellassa University of Sri Lanka,KALUTARA,0.6723,value,8,24,0.6723
COP2223-212,,PLANTATION MANAGEMENT AND TECHNOLOGY,Uva Wellassa University of Sri Lanka,MATALE,0.5582,value,8,24,0.5582
COP2223-212,,PLANTATION MANAGEMENT AND TECHNOLOGY,Uva Wellassa University of Sri Lanka,KANDY,0.6124,value,8,24,0.6124
COP2223-212,,PLANTATION MANAGEMENT AND TECHNOLOGY,Uva Wellassa University of Sri Lanka,NUWARA ELIYA,0.4775,value,8,24,0.4775
COP2223-212,,PLANTATION MANAGEMENT AND TECHNOLOGY,Uva Wellassa University of Sri Lanka,GALLE,0.6795,value,8,24,0.6795
COP2223-212,,PLANTATION MANAGEMENT AND TECHNOLOGY,Uva Wellassa University of Sri Lanka,MATARA,0.6569,value,8,24,0.6569
COP2223-212,,PLANTATION MANAGEMENT AND TECHNOLOGY,Uva Wellassa University of Sri Lanka,HAMBANTOTA,0.6543,value,8,24,0.6543
COP2223-212,,PLANTATION MANAGEMENT AND TECHNOLOGY,Uva Wellassa University of Sri Lanka,JAFFNA,0.6486,value,8,24,0.6486
COP2223-212,,PLANTATION MANAGEMENT AND TECHNOLOGY,Uva Wellassa University of Sri Lanka,KILINOCHCHI,0.4770,value,8,24,0.4770
COP2223-212,,PLANTATION MANAGEMENT AND TECHNOLOGY,Uva Wellassa University of Sri Lanka,MANNAR,0.2077,value,8,24,0.2077
COP2223-212,,PLANTATION MANAGEMENT AND TECHNOLOGY,Uva Wellassa University of Sri Lanka,MULLAITIVU,0.2664,value,8,24,0.2664
COP2223-212,,PLANTATION MANAGEMENT AND TECHNOLOGY,Uva Wellassa University of Sri Lanka,VAVUNIYA,0.4625,value,8,24,0.4625
COP2223-212,,PLANTATION MANAGEMENT AND TECHNOLOGY,Uva Wellassa University of Sri Lanka,TRINCOMALEE,0.4967,value,8,24,0.4967
COP2223-212,,PLANTATION MANAGEMENT AND TECHNOLOGY,Uva Wellassa University of Sri Lanka,BATTICALOA,0.5157,value,8,24,0.5157
COP2223-212,,PLANTATION MANAGEMENT AND TECHNOLOGY,Uva Wellassa University of Sri Lanka,AMPARA,0.5370,value,8,24,0.5370
COP2223-212,,PLANTATION MANAGEMENT AND TECHNOLOGY,Uva Wellassa University of Sri Lanka,PUTTALAM,0.4018,value,8,24,0.4018
COP2223-212,,PLANTATION MANAGEMENT AND TECHNOLOGY,Uva Wellassa University of Sri Lanka,KURUNEGALA,0.6595,value,8,24,0.6595
COP2223-212,,PLANTATION MANAGEMENT AND TECHNOLOGY,Uva Wellassa University of Sri Lanka,ANURADHAPURA,0.4957,value,8,24,0.4957
COP2223-212,,PLANTATION MANAGEMENT AND TECHNOLOGY,Uva Wellassa University of Sri Lanka,POLONNARUWA,0.4619,value,8,24,0.4619
COP2223-212,,PLANTATION MANAGEMENT AND TECHNOLOGY,Uva Wellassa University of Sri Lanka,BADULLA,0.5913,value,8,24,0.5913
COP2223-212,,PLANTATION MANAGEMENT AND TECHNOLOGY,Uva Wellassa University of Sri Lanka,MONARAGALA,0.5748,value,8,24,0.5748
COP2223-212,,PLANTATION MANAGEMENT AND TECHNOLOGY,Uva Wellassa University of Sri Lanka,KEGALLE,0.6279,value,8,24,0.6279
COP2223-212,,PLANTATION MANAGEMENT AND TECHNOLOGY,Uva Wellassa University of Sri Lanka,RATNAPURA,0.5380,value,8,24,0.5380
COP2223-213,,ENGINEERING TECHNOLOGY (ET),University of Colombo,COLOMBO,1.7916,value,8,25,1.7916
COP2223-213,,ENGINEERING TECHNOLOGY (ET),University of Colombo,GAMPAHA,1.7798,value,8,25,1.7798
COP2223-213,,ENGINEERING TECHNOLOGY (ET),University of Colombo,KALUTARA,1.7798,value,8,25,1.7798
COP2223-213,,ENGINEERING TECHNOLOGY (ET),University of Colombo,MATALE,1.7553,value,8,25,1.7553
COP2223-213,,ENGINEERING TECHNOLOGY (ET),University of Colombo,KANDY,1.7588,value,8,25,1.7588
COP2223-213,,ENGINEERING TECHNOLOGY (ET),University of Colombo,NUWARA ELIYA,1.8890,value,8,25,1.8890
COP2223-213,,ENGINEERING TECHNOLOGY (ET),University of Colombo,GALLE,1.7665,value,8,25,1.7665
COP2223-213,,ENGINEERING TECHNOLOGY (ET),University of Colombo,MATARA,1.7598,value,8,25,1.7598
COP2223-213,,ENGINEERING TECHNOLOGY (ET),University of Colombo,HAMBANTOTA,1.7827,value,8,25,1.7827
COP2223-213,,ENGINEERING TECHNOLOGY (ET),University of Colombo,JAFFNA,1.8646,value,8,25,1.8646
COP2223-213,,ENGINEERING TECHNOLOGY (ET),University of Colombo,KILINOCHCHI,1.8774,value,8,25,1.8774
COP2223-213,,ENGINEERING TECHNOLOGY (ET),University of Colombo,MANNAR,,NQC,8,25,NQC
COP2223-213,,ENGINEERING TECHNOLOGY (ET),University of Colombo,MULLAITIVU,,NQC,8,25,NQC
COP2223-213,,ENGINEERING TECHNOLOGY (ET),University of Colombo,VAVUNIYA,,NQC,8,25,NQC
COP2223-213,,ENGINEERING TECHNOLOGY (ET),University of Colombo,TRINCOMALEE,1.7613,value,8,25,1.7613
COP2223-213,,ENGINEERING TECHNOLOGY (ET),University of Colombo,BATTICALOA,1.7827,value,8,25,1.7827
COP2223-213,,ENGINEERING TECHNOLOGY (ET),University of Colombo,AMPARA,,NQC,8,25,NQC
COP2223-213,,ENGINEERING TECHNOLOGY (ET),University of Colombo,PUTTALAM,1.8230,value,8,25,1.8230
COP2223-213,,ENGINEERING TECHNOLOGY (ET),University of Colombo,KURUNEGALA,1.7725,value,8,25,1.7725
COP2223-213,,ENGINEERING TECHNOLOGY (ET),University of Colombo,ANURADHAPURA,1.7830,value,8,25,1.7830
COP2223-213,,ENGINEERING TECHNOLOGY (ET),University of Colombo,POLONNARUWA,,NQC,8,25,NQC
COP2223-213,,ENGINEERING TECHNOLOGY (ET),University of Colombo,BADULLA,1.7891,value,8,25,1.7891
COP2223-213,,ENGINEERING TECHNOLOGY (ET),University of Colombo,MONARAGALA,1.8538,value,8,25,1.8538
COP2223-213,,ENGINEERING TECHNOLOGY (ET),University of Colombo,KEGALLE,1.8327,value,8,25,1.8327
COP2223-213,,ENGINEERING TECHNOLOGY (ET),University of Colombo,RATNAPURA,1.8044,value,8,25,1.8044
COP2223-214,,ENGINEERING TECHNOLOGY (ET),University of Sri Jayewardenepura,COLOMBO,1.9509,value,8,26,1.9509
COP2223-214,,ENGINEERING TECHNOLOGY (ET),University of Sri Jayewardenepura,GAMPAHA,1.9400,value,8,26,1.9400
COP2223-214,,ENGINEERING TECHNOLOGY (ET),University of Sri Jayewardenepura,KALUTARA,1.9259,value,8,26,1.9259
COP2223-214,,ENGINEERING TECHNOLOGY (ET),University of Sri Jayewardenepura,MATALE,1.9103,value,8,26,1.9103
COP2223-214,,ENGINEERING TECHNOLOGY (ET),University of Sri Jayewardenepura,KANDY,2.0072,value,8,26,2.0072
COP2223-214,,ENGINEERING TECHNOLOGY (ET),University of Sri Jayewardenepura,NUWARA ELIYA,1.9312,value,8,26,1.9312
COP2223-214,,ENGINEERING TECHNOLOGY (ET),University of Sri Jayewardenepura,GALLE,1.9102,value,8,26,1.9102
COP2223-214,,ENGINEERING TECHNOLOGY (ET),University of Sri Jayewardenepura,MATARA,1.9196,value,8,26,1.9196
COP2223-214,,ENGINEERING TECHNOLOGY (ET),University of Sri Jayewardenepura,HAMBANTOTA,,NQC,8,26,NQC
COP2223-214,,ENGINEERING TECHNOLOGY (ET),University of Sri Jayewardenepura,JAFFNA,1.9351,value,8,26,1.9351
COP2223-214,,ENGINEERING TECHNOLOGY (ET),University of Sri Jayewardenepura,KILINOCHCHI,2.0729,value,8,26,2.0729
COP2223-214,,ENGINEERING TECHNOLOGY (ET),University of Sri Jayewardenepura,MANNAR,,NQC,8,26,NQC
COP2223-214,,ENGINEERING TECHNOLOGY (ET),University of Sri Jayewardenepura,MULLAITIVU,,NQC,8,26,NQC
COP2223-214,,ENGINEERING TECHNOLOGY (ET),University of Sri Jayewardenepura,VAVUNIYA,,NQC,8,26,NQC
COP2223-214,,ENGINEERING TECHNOLOGY (ET),University of Sri Jayewardenepura,TRINCOMALEE,2.2248,value,8,26,2.2248
COP2223-214,,ENGINEERING TECHNOLOGY (ET),University of Sri Jayewardenepura,BATTICALOA,1.9269,value,8,26,1.9269
COP2223-214,,ENGINEERING TECHNOLOGY (ET),University of Sri Jayewardenepura,AMPARA,2.1379,value,8,26,2.1379
COP2223-214,,ENGINEERING TECHNOLOGY (ET),University of Sri Jayewardenepura,PUTTALAM,2.0283,value,8,26,2.0283
COP2223-214,,ENGINEERING TECHNOLOGY (ET),University of Sri Jayewardenepura,KURUNEGALA,1.9116,value,8,26,1.9116
COP2223-214,,ENGINEERING TECHNOLOGY (ET),University of Sri Jayewardenepura,ANURADHAPURA,1.9146,value,8,26,1.9146
COP2223-214,,ENGINEERING TECHNOLOGY (ET),University of Sri Jayewardenepura,POLONNARUWA,,NQC,8,26,NQC
COP2223-214,,ENGINEERING TECHNOLOGY (ET),University of Sri Jayewardenepura,BADULLA,1.9190,value,8,26,1.9190
COP2223-214,,ENGINEERING TECHNOLOGY (ET),University of Sri Jayewardenepura,MONARAGALA,2.0072,value,8,26,2.0072
COP2223-214,,ENGINEERING TECHNOLOGY (ET),University of Sri Jayewardenepura,KEGALLE,2.1312,value,8,26,2.1312
COP2223-214,,ENGINEERING TECHNOLOGY (ET),University of Sri Jayewardenepura,RATNAPURA,1.9326,value,8,26,1.9326
COP2223-215,,ENGINEERING TECHNOLOGY (ET),University of Kelaniya,COLOMBO,1.6559,value,9,1,1.6559
COP2223-215,,ENGINEERING TECHNOLOGY (ET),University of Kelaniya,GAMPAHA,1.6534,value,9,1,1.6534
COP2223-215,,ENGINEERING TECHNOLOGY (ET),University of Kelaniya,KALUTARA,1.6480,value,9,1,1.6480
COP2223-215,,ENGINEERING TECHNOLOGY (ET),University of Kelaniya,MATALE,1.6926,value,9,1,1.6926
COP2223-215,,ENGINEERING TECHNOLOGY (ET),University of Kelaniya,KANDY,1.6514,value,9,1,1.6514
COP2223-215,,ENGINEERING TECHNOLOGY (ET),University of Kelaniya,NUWARA ELIYA,1.7028,value,9,1,1.7028
COP2223-215,,ENGINEERING TECHNOLOGY (ET),University of Kelaniya,GALLE,1.6549,value,9,1,1.6549
COP2223-215,,ENGINEERING TECHNOLOGY (ET),University of Kelaniya,MATARA,1.6526,value,9,1,1.6526
COP2223-215,,ENGINEERING TECHNOLOGY (ET),University of Kelaniya,HAMBANTOTA,1.6672,value,9,1,1.6672
COP2223-215,,ENGINEERING TECHNOLOGY (ET),University of Kelaniya,JAFFNA,1.6823,value,9,1,1.6823
COP2223-215,,ENGINEERING TECHNOLOGY (ET),University of Kelaniya,KILINOCHCHI,,NQC,9,1,NQC
COP2223-215,,ENGINEERING TECHNOLOGY (ET),University of Kelaniya,MANNAR,,NQC,9,1,NQC
COP2223-215,,ENGINEERING TECHNOLOGY (ET),University of Kelaniya,MULLAITIVU,,NQC,9,1,NQC
COP2223-215,,ENGINEERING TECHNOLOGY (ET),University of Kelaniya,VAVUNIYA,,NQC,9,1,NQC
COP2223-215,,ENGINEERING TECHNOLOGY (ET),University of Kelaniya,TRINCOMALEE,1.7241,value,9,1,1.7241
COP2223-215,,ENGINEERING TECHNOLOGY (ET),University of Kelaniya,BATTICALOA,1.6570,value,9,1,1.6570
COP2223-215,,ENGINEERING TECHNOLOGY (ET),University of Kelaniya,AMPARA,1.6995,value,9,1,1.6995
COP2223-215,,ENGINEERING TECHNOLOGY (ET),University of Kelaniya,PUTTALAM,1.7054,value,9,1,1.7054
COP2223-215,,ENGINEERING TECHNOLOGY (ET),University of Kelaniya,KURUNEGALA,1.6475,value,9,1,1.6475
COP2223-215,,ENGINEERING TECHNOLOGY (ET),University of Kelaniya,ANURADHAPURA,1.6682,value,9,1,1.6682
COP2223-215,,ENGINEERING TECHNOLOGY (ET),University of Kelaniya,POLONNARUWA,1.6681,value,9,1,1.6681
COP2223-215,,ENGINEERING TECHNOLOGY (ET),University of Kelaniya,BADULLA,1.6578,value,9,1,1.6578
COP2223-215,,ENGINEERING TECHNOLOGY (ET),University of Kelaniya,MONARAGALA,,NQC,9,1,NQC
COP2223-215,,ENGINEERING TECHNOLOGY (ET),University of Kelaniya,KEGALLE,1.6593,value,9,1,1.6593
COP2223-215,,ENGINEERING TECHNOLOGY (ET),University of Kelaniya,RATNAPURA,1.6637,value,9,1,1.6637
COP2223-216,,ENGINEERING TECHNOLOGY (ET),University of Jaffna,COLOMBO,1.0845,value,9,2,1.0845
COP2223-216,,ENGINEERING TECHNOLOGY (ET),University of Jaffna,GAMPAHA,1.0934,value,9,2,1.0934
COP2223-216,,ENGINEERING TECHNOLOGY (ET),University of Jaffna,KALUTARA,1.1722,value,9,2,1.1722
COP2223-216,,ENGINEERING TECHNOLOGY (ET),University of Jaffna,MATALE,1.1816,value,9,2,1.1816
COP2223-216,,ENGINEERING TECHNOLOGY (ET),University of Jaffna,KANDY,0.9870,value,9,2,0.9870
COP2223-216,,ENGINEERING TECHNOLOGY (ET),University of Jaffna,NUWARA ELIYA,0.9164,value,9,2,0.9164
COP2223-216,,ENGINEERING TECHNOLOGY (ET),University of Jaffna,GALLE,1.2399,value,9,2,1.2399
COP2223-216,,ENGINEERING TECHNOLOGY (ET),University of Jaffna,MATARA,1.3020,value,9,2,1.3020
COP2223-216,,ENGINEERING TECHNOLOGY (ET),University of Jaffna,HAMBANTOTA,1.1762,value,9,2,1.1762
COP2223-216,,ENGINEERING TECHNOLOGY (ET),University of Jaffna,JAFFNA,0.7821,value,9,2,0.7821
COP2223-216,,ENGINEERING TECHNOLOGY (ET),University of Jaffna,KILINOCHCHI,0.0642,value,9,2,0.0642
COP2223-216,,ENGINEERING TECHNOLOGY (ET),University of Jaffna,MANNAR,0.4322,value,9,2,0.4322
COP2223-216,,ENGINEERING TECHNOLOGY (ET),University of Jaffna,MULLAITIVU,0.5534,value,9,2,0.5534
COP2223-216,,ENGINEERING TECHNOLOGY (ET),University of Jaffna,VAVUNIYA,0.2225,value,9,2,0.2225
COP2223-216,,ENGINEERING TECHNOLOGY (ET),University of Jaffna,TRINCOMALEE,0.5950,value,9,2,0.5950
COP2223-216,,ENGINEERING TECHNOLOGY (ET),University of Jaffna,BATTICALOA,0.9831,value,9,2,0.9831
COP2223-216,,ENGINEERING TECHNOLOGY (ET),University of Jaffna,AMPARA,0.7647,value,9,2,0.7647
COP2223-216,,ENGINEERING TECHNOLOGY (ET),University of Jaffna,PUTTALAM,0.6744,value,9,2,0.6744
COP2223-216,,ENGINEERING TECHNOLOGY (ET),University of Jaffna,KURUNEGALA,1.1684,value,9,2,1.1684
COP2223-216,,ENGINEERING TECHNOLOGY (ET),University of Jaffna,ANURADHAPURA,0.9217,value,9,2,0.9217
COP2223-216,,ENGINEERING TECHNOLOGY (ET),University of Jaffna,POLONNARUWA,0.7440,value,9,2,0.7440
COP2223-216,,ENGINEERING TECHNOLOGY (ET),University of Jaffna,BADULLA,1.1227,value,9,2,1.1227
COP2223-216,,ENGINEERING TECHNOLOGY (ET),University of Jaffna,MONARAGALA,0.7680,value,9,2,0.7680
COP2223-216,,ENGINEERING TECHNOLOGY (ET),University of Jaffna,KEGALLE,1.3712,value,9,2,1.3712
COP2223-216,,ENGINEERING TECHNOLOGY (ET),University of Jaffna,RATNAPURA,1.0801,value,9,2,1.0801
COP2223-217,,ENGINEERING TECHNOLOGY (ET),University of Ruhuna,COLOMBO,1.3305,value,9,3,1.3305
COP2223-217,,ENGINEERING TECHNOLOGY (ET),University of Ruhuna,GAMPAHA,1.3324,value,9,3,1.3324
COP2223-217,,ENGINEERING TECHNOLOGY (ET),University of Ruhuna,KALUTARA,1.3432,value,9,3,1.3432
COP2223-217,,ENGINEERING TECHNOLOGY (ET),University of Ruhuna,MATALE,1.3594,value,9,3,1.3594
COP2223-217,,ENGINEERING TECHNOLOGY (ET),University of Ruhuna,KANDY,1.3364,value,9,3,1.3364
COP2223-217,,ENGINEERING TECHNOLOGY (ET),University of Ruhuna,NUWARA ELIYA,1.3314,value,9,3,1.3314
COP2223-217,,ENGINEERING TECHNOLOGY (ET),University of Ruhuna,GALLE,1.3448,value,9,3,1.3448
COP2223-217,,ENGINEERING TECHNOLOGY (ET),University of Ruhuna,MATARA,1.3384,value,9,3,1.3384
COP2223-217,,ENGINEERING TECHNOLOGY (ET),University of Ruhuna,HAMBANTOTA,1.3703,value,9,3,1.3703
COP2223-217,,ENGINEERING TECHNOLOGY (ET),University of Ruhuna,JAFFNA,,NQC,9,3,NQC
COP2223-217,,ENGINEERING TECHNOLOGY (ET),University of Ruhuna,KILINOCHCHI,,NQC,9,3,NQC
COP2223-217,,ENGINEERING TECHNOLOGY (ET),University of Ruhuna,MANNAR,,NQC,9,3,NQC
COP2223-217,,ENGINEERING TECHNOLOGY (ET),University of Ruhuna,MULLAITIVU,1.4436,value,9,3,1.4436
COP2223-217,,ENGINEERING TECHNOLOGY (ET),University of Ruhuna,VAVUNIYA,,NQC,9,3,NQC
COP2223-217,,ENGINEERING TECHNOLOGY (ET),University of Ruhuna,TRINCOMALEE,1.5264,value,9,3,1.5264
COP2223-217,,ENGINEERING TECHNOLOGY (ET),University of Ruhuna,BATTICALOA,1.6356,value,9,3,1.6356
COP2223-217,,ENGINEERING TECHNOLOGY (ET),University of Ruhuna,AMPARA,1.5802,value,9,3,1.5802
COP2223-217,,ENGINEERING TECHNOLOGY (ET),University of Ruhuna,PUTTALAM,1.5422,value,9,3,1.5422
COP2223-217,,ENGINEERING TECHNOLOGY (ET),University of Ruhuna,KURUNEGALA,1.3397,value,9,3,1.3397
COP2223-217,,ENGINEERING TECHNOLOGY (ET),University of Ruhuna,ANURADHAPURA,1.3960,value,9,3,1.3960
COP2223-217,,ENGINEERING TECHNOLOGY (ET),University of Ruhuna,POLONNARUWA,1.4564,value,9,3,1.4564
COP2223-217,,ENGINEERING TECHNOLOGY (ET),University of Ruhuna,BADULLA,1.3429,value,9,3,1.3429
COP2223-217,,ENGINEERING TECHNOLOGY (ET),University of Ruhuna,MONARAGALA,1.3838,value,9,3,1.3838
COP2223-217,,ENGINEERING TECHNOLOGY (ET),University of Ruhuna,KEGALLE,1.3500,value,9,3,1.3500
COP2223-217,,ENGINEERING TECHNOLOGY (ET),University of Ruhuna,RATNAPURA,1.3427,value,9,3,1.3427
COP2223-218,,ENGINEERING TECHNOLOGY (ET),Rajarata University of Sri Lanka,COLOMBO,1.0776,value,9,4,1.0776
COP2223-218,,ENGINEERING TECHNOLOGY (ET),Rajarata University of Sri Lanka,GAMPAHA,1.0672,value,9,4,1.0672
COP2223-218,,ENGINEERING TECHNOLOGY (ET),Rajarata University of Sri Lanka,KALUTARA,1.0766,value,9,4,1.0766
COP2223-218,,ENGINEERING TECHNOLOGY (ET),Rajarata University of Sri Lanka,MATALE,1.2354,value,9,4,1.2354
COP2223-218,,ENGINEERING TECHNOLOGY (ET),Rajarata University of Sri Lanka,KANDY,0.9805,value,9,4,0.9805
COP2223-218,,ENGINEERING TECHNOLOGY (ET),Rajarata University of Sri Lanka,NUWARA ELIYA,0.9125,value,9,4,0.9125
COP2223-218,,ENGINEERING TECHNOLOGY (ET),Rajarata University of Sri Lanka,GALLE,1.2663,value,9,4,1.2663
COP2223-218,,ENGINEERING TECHNOLOGY (ET),Rajarata University of Sri Lanka,MATARA,1.4843,value,9,4,1.4843
COP2223-218,,ENGINEERING TECHNOLOGY (ET),Rajarata University of Sri Lanka,HAMBANTOTA,,NQC,9,4,NQC
COP2223-218,,ENGINEERING TECHNOLOGY (ET),Rajarata University of Sri Lanka,JAFFNA,1.0437,value,9,4,1.0437
COP2223-218,,ENGINEERING TECHNOLOGY (ET),Rajarata University of Sri Lanka,KILINOCHCHI,,NQC,9,4,NQC
COP2223-218,,ENGINEERING TECHNOLOGY (ET),Rajarata University of Sri Lanka,MANNAR,,NQC,9,4,NQC
COP2223-218,,ENGINEERING TECHNOLOGY (ET),Rajarata University of Sri Lanka,MULLAITIVU,,NQC,9,4,NQC
COP2223-218,,ENGINEERING TECHNOLOGY (ET),Rajarata University of Sri Lanka,VAVUNIYA,0.9334,value,9,4,0.9334
COP2223-218,,ENGINEERING TECHNOLOGY (ET),Rajarata University of Sri Lanka,TRINCOMALEE,0.9775,value,9,4,0.9775
COP2223-218,,ENGINEERING TECHNOLOGY (ET),Rajarata University of Sri Lanka,BATTICALOA,1.0002,value,9,4,1.0002
COP2223-218,,ENGINEERING TECHNOLOGY (ET),Rajarata University of Sri Lanka,AMPARA,0.9684,value,9,4,0.9684
COP2223-218,,ENGINEERING TECHNOLOGY (ET),Rajarata University of Sri Lanka,PUTTALAM,0.9488,value,9,4,0.9488
COP2223-218,,ENGINEERING TECHNOLOGY (ET),Rajarata University of Sri Lanka,KURUNEGALA,1.1712,value,9,4,1.1712
COP2223-218,,ENGINEERING TECHNOLOGY (ET),Rajarata University of Sri Lanka,ANURADHAPURA,0.9205,value,9,4,0.9205
COP2223-218,,ENGINEERING TECHNOLOGY (ET),Rajarata University of Sri Lanka,POLONNARUWA,0.9219,value,9,4,0.9219
COP2223-218,,ENGINEERING TECHNOLOGY (ET),Rajarata University of Sri Lanka,BADULLA,1.1501,value,9,4,1.1501
COP2223-218,,ENGINEERING TECHNOLOGY (ET),Rajarata University of Sri Lanka,MONARAGALA,0.9738,value,9,4,0.9738
COP2223-218,,ENGINEERING TECHNOLOGY (ET),Rajarata University of Sri Lanka,KEGALLE,1.1298,value,9,4,1.1298
COP2223-218,,ENGINEERING TECHNOLOGY (ET),Rajarata University of Sri Lanka,RATNAPURA,1.0947,value,9,4,1.0947
COP2223-219,,ENGINEERING TECHNOLOGY (ET),Sabaragamuwa University of Sri Lanka,COLOMBO,1.1389,value,9,5,1.1389
COP2223-219,,ENGINEERING TECHNOLOGY (ET),Sabaragamuwa University of Sri Lanka,GAMPAHA,1.1374,value,9,5,1.1374
COP2223-219,,ENGINEERING TECHNOLOGY (ET),Sabaragamuwa University of Sri Lanka,KALUTARA,1.1472,value,9,5,1.1472
COP2223-219,,ENGINEERING TECHNOLOGY (ET),Sabaragamuwa University of Sri Lanka,MATALE,1.2403,value,9,5,1.2403
COP2223-219,,ENGINEERING TECHNOLOGY (ET),Sabaragamuwa University of Sri Lanka,KANDY,1.1482,value,9,5,1.1482
COP2223-219,,ENGINEERING TECHNOLOGY (ET),Sabaragamuwa University of Sri Lanka,NUWARA ELIYA,1.2403,value,9,5,1.2403
COP2223-219,,ENGINEERING TECHNOLOGY (ET),Sabaragamuwa University of Sri Lanka,GALLE,1.1767,value,9,5,1.1767
COP2223-219,,ENGINEERING TECHNOLOGY (ET),Sabaragamuwa University of Sri Lanka,MATARA,1.3418,value,9,5,1.3418
COP2223-219,,ENGINEERING TECHNOLOGY (ET),Sabaragamuwa University of Sri Lanka,HAMBANTOTA,1.1694,value,9,5,1.1694
COP2223-219,,ENGINEERING TECHNOLOGY (ET),Sabaragamuwa University of Sri Lanka,JAFFNA,,NQC,9,5,NQC
COP2223-219,,ENGINEERING TECHNOLOGY (ET),Sabaragamuwa University of Sri Lanka,KILINOCHCHI,,NQC,9,5,NQC
COP2223-219,,ENGINEERING TECHNOLOGY (ET),Sabaragamuwa University of Sri Lanka,MANNAR,,NQC,9,5,NQC
COP2223-219,,ENGINEERING TECHNOLOGY (ET),Sabaragamuwa University of Sri Lanka,MULLAITIVU,1.1804,value,9,5,1.1804
COP2223-219,,ENGINEERING TECHNOLOGY (ET),Sabaragamuwa University of Sri Lanka,VAVUNIYA,1.5407,value,9,5,1.5407
COP2223-219,,ENGINEERING TECHNOLOGY (ET),Sabaragamuwa University of Sri Lanka,TRINCOMALEE,,NQC,9,5,NQC
COP2223-219,,ENGINEERING TECHNOLOGY (ET),Sabaragamuwa University of Sri Lanka,BATTICALOA,1.2859,value,9,5,1.2859
COP2223-219,,ENGINEERING TECHNOLOGY (ET),Sabaragamuwa University of Sri Lanka,AMPARA,1.1709,value,9,5,1.1709
COP2223-219,,ENGINEERING TECHNOLOGY (ET),Sabaragamuwa University of Sri Lanka,PUTTALAM,1.1810,value,9,5,1.1810
COP2223-219,,ENGINEERING TECHNOLOGY (ET),Sabaragamuwa University of Sri Lanka,KURUNEGALA,1.1884,value,9,5,1.1884
COP2223-219,,ENGINEERING TECHNOLOGY (ET),Sabaragamuwa University of Sri Lanka,ANURADHAPURA,1.1829,value,9,5,1.1829
COP2223-219,,ENGINEERING TECHNOLOGY (ET),Sabaragamuwa University of Sri Lanka,POLONNARUWA,,NQC,9,5,NQC
COP2223-219,,ENGINEERING TECHNOLOGY (ET),Sabaragamuwa University of Sri Lanka,BADULLA,1.1399,value,9,5,1.1399
COP2223-219,,ENGINEERING TECHNOLOGY (ET),Sabaragamuwa University of Sri Lanka,MONARAGALA,1.1678,value,9,5,1.1678
COP2223-219,,ENGINEERING TECHNOLOGY (ET),Sabaragamuwa University of Sri Lanka,KEGALLE,1.1409,value,9,5,1.1409
COP2223-219,,ENGINEERING TECHNOLOGY (ET),Sabaragamuwa University of Sri Lanka,RATNAPURA,1.1389,value,9,5,1.1389
COP2223-220,,ENGINEERING TECHNOLOGY (ET),Wayamba University of Sri Lanka,COLOMBO,1.2138,value,9,6,1.2138
COP2223-220,,ENGINEERING TECHNOLOGY (ET),Wayamba University of Sri Lanka,GAMPAHA,1.2094,value,9,6,1.2094
COP2223-220,,ENGINEERING TECHNOLOGY (ET),Wayamba University of Sri Lanka,KALUTARA,1.2399,value,9,6,1.2399
COP2223-220,,ENGINEERING TECHNOLOGY (ET),Wayamba University of Sri Lanka,MATALE,1.2222,value,9,6,1.2222
COP2223-220,,ENGINEERING TECHNOLOGY (ET),Wayamba University of Sri Lanka,KANDY,1.2194,value,9,6,1.2194
COP2223-220,,ENGINEERING TECHNOLOGY (ET),Wayamba University of Sri Lanka,NUWARA ELIYA,1.2109,value,9,6,1.2109
COP2223-220,,ENGINEERING TECHNOLOGY (ET),Wayamba University of Sri Lanka,GALLE,1.2163,value,9,6,1.2163
COP2223-220,,ENGINEERING TECHNOLOGY (ET),Wayamba University of Sri Lanka,MATARA,1.3251,value,9,6,1.3251
COP2223-220,,ENGINEERING TECHNOLOGY (ET),Wayamba University of Sri Lanka,HAMBANTOTA,1.2114,value,9,6,1.2114
COP2223-220,,ENGINEERING TECHNOLOGY (ET),Wayamba University of Sri Lanka,JAFFNA,1.2638,value,9,6,1.2638
COP2223-220,,ENGINEERING TECHNOLOGY (ET),Wayamba University of Sri Lanka,KILINOCHCHI,,NQC,9,6,NQC
COP2223-220,,ENGINEERING TECHNOLOGY (ET),Wayamba University of Sri Lanka,MANNAR,,NQC,9,6,NQC
COP2223-220,,ENGINEERING TECHNOLOGY (ET),Wayamba University of Sri Lanka,MULLAITIVU,,NQC,9,6,NQC
COP2223-220,,ENGINEERING TECHNOLOGY (ET),Wayamba University of Sri Lanka,VAVUNIYA,,NQC,9,6,NQC
COP2223-220,,ENGINEERING TECHNOLOGY (ET),Wayamba University of Sri Lanka,TRINCOMALEE,1.2614,value,9,6,1.2614
COP2223-220,,ENGINEERING TECHNOLOGY (ET),Wayamba University of Sri Lanka,BATTICALOA,1.2088,value,9,6,1.2088
COP2223-220,,ENGINEERING TECHNOLOGY (ET),Wayamba University of Sri Lanka,AMPARA,1.2379,value,9,6,1.2379
COP2223-220,,ENGINEERING TECHNOLOGY (ET),Wayamba University of Sri Lanka,PUTTALAM,1.2221,value,9,6,1.2221
COP2223-220,,ENGINEERING TECHNOLOGY (ET),Wayamba University of Sri Lanka,KURUNEGALA,1.2134,value,9,6,1.2134
COP2223-220,,ENGINEERING TECHNOLOGY (ET),Wayamba University of Sri Lanka,ANURADHAPURA,1.2119,value,9,6,1.2119
COP2223-220,,ENGINEERING TECHNOLOGY (ET),Wayamba University of Sri Lanka,POLONNARUWA,1.5420,value,9,6,1.5420
COP2223-220,,ENGINEERING TECHNOLOGY (ET),Wayamba University of Sri Lanka,BADULLA,1.2260,value,9,6,1.2260
COP2223-220,,ENGINEERING TECHNOLOGY (ET),Wayamba University of Sri Lanka,MONARAGALA,1.2055,value,9,6,1.2055
COP2223-220,,ENGINEERING TECHNOLOGY (ET),Wayamba University of Sri Lanka,KEGALLE,1.2144,value,9,6,1.2144
COP2223-220,,ENGINEERING TECHNOLOGY (ET),Wayamba University of Sri Lanka,RATNAPURA,1.2139,value,9,6,1.2139
COP2223-221,,ENGINEERING TECHNOLOGY (ET),Uva Wellassa University of Sri Lanka,COLOMBO,1.0934,value,9,7,1.0934
COP2223-221,,ENGINEERING TECHNOLOGY (ET),Uva Wellassa University of Sri Lanka,GAMPAHA,1.0757,value,9,7,1.0757
COP2223-221,,ENGINEERING TECHNOLOGY (ET),Uva Wellassa University of Sri Lanka,KALUTARA,1.0733,value,9,7,1.0733
COP2223-221,,ENGINEERING TECHNOLOGY (ET),Uva Wellassa University of Sri Lanka,MATALE,1.1874,value,9,7,1.1874
COP2223-221,,ENGINEERING TECHNOLOGY (ET),Uva Wellassa University of Sri Lanka,KANDY,1.0243,value,9,7,1.0243
COP2223-221,,ENGINEERING TECHNOLOGY (ET),Uva Wellassa University of Sri Lanka,NUWARA ELIYA,1.0223,value,9,7,1.0223
COP2223-221,,ENGINEERING TECHNOLOGY (ET),Uva Wellassa University of Sri Lanka,GALLE,1.1782,value,9,7,1.1782
COP2223-221,,ENGINEERING TECHNOLOGY (ET),Uva Wellassa University of Sri Lanka,MATARA,1.3046,value,9,7,1.3046
COP2223-221,,ENGINEERING TECHNOLOGY (ET),Uva Wellassa University of Sri Lanka,HAMBANTOTA,1.2055,value,9,7,1.2055
COP2223-221,,ENGINEERING TECHNOLOGY (ET),Uva Wellassa University of Sri Lanka,JAFFNA,1.0287,value,9,7,1.0287
COP2223-221,,ENGINEERING TECHNOLOGY (ET),Uva Wellassa University of Sri Lanka,KILINOCHCHI,,NQC,9,7,NQC
COP2223-221,,ENGINEERING TECHNOLOGY (ET),Uva Wellassa University of Sri Lanka,MANNAR,,NQC,9,7,NQC
COP2223-221,,ENGINEERING TECHNOLOGY (ET),Uva Wellassa University of Sri Lanka,MULLAITIVU,,NQC,9,7,NQC
COP2223-221,,ENGINEERING TECHNOLOGY (ET),Uva Wellassa University of Sri Lanka,VAVUNIYA,1.0215,value,9,7,1.0215
COP2223-221,,ENGINEERING TECHNOLOGY (ET),Uva Wellassa University of Sri Lanka,TRINCOMALEE,1.1551,value,9,7,1.1551
COP2223-221,,ENGINEERING TECHNOLOGY (ET),Uva Wellassa University of Sri Lanka,BATTICALOA,1.0721,value,9,7,1.0721
COP2223-221,,ENGINEERING TECHNOLOGY (ET),Uva Wellassa University of Sri Lanka,AMPARA,0.9938,value,9,7,0.9938
COP2223-221,,ENGINEERING TECHNOLOGY (ET),Uva Wellassa University of Sri Lanka,PUTTALAM,1.0835,value,9,7,1.0835
COP2223-221,,ENGINEERING TECHNOLOGY (ET),Uva Wellassa University of Sri Lanka,KURUNEGALA,1.2148,value,9,7,1.2148
COP2223-221,,ENGINEERING TECHNOLOGY (ET),Uva Wellassa University of Sri Lanka,ANURADHAPURA,1.0047,value,9,7,1.0047
COP2223-221,,ENGINEERING TECHNOLOGY (ET),Uva Wellassa University of Sri Lanka,POLONNARUWA,1.0262,value,9,7,1.0262
COP2223-221,,ENGINEERING TECHNOLOGY (ET),Uva Wellassa University of Sri Lanka,BADULLA,1.0948,value,9,7,1.0948
COP2223-221,,ENGINEERING TECHNOLOGY (ET),Uva Wellassa University of Sri Lanka,MONARAGALA,0.9880,value,9,7,0.9880
COP2223-221,,ENGINEERING TECHNOLOGY (ET),Uva Wellassa University of Sri Lanka,KEGALLE,1.1452,value,9,7,1.1452
COP2223-221,,ENGINEERING TECHNOLOGY (ET),Uva Wellassa University of Sri Lanka,RATNAPURA,1.1187,value,9,7,1.1187
COP2223-222,,BIOSYSTEMS TECHNOLOGY (BST),University of Colombo,COLOMBO,1.7011,value,9,8,1.7011
COP2223-222,,BIOSYSTEMS TECHNOLOGY (BST),University of Colombo,GAMPAHA,1.6256,value,9,8,1.6256
COP2223-222,,BIOSYSTEMS TECHNOLOGY (BST),University of Colombo,KALUTARA,1.6699,value,9,8,1.6699
COP2223-222,,BIOSYSTEMS TECHNOLOGY (BST),University of Colombo,MATALE,1.6552,value,9,8,1.6552
COP2223-222,,BIOSYSTEMS TECHNOLOGY (BST),University of Colombo,KANDY,1.6894,value,9,8,1.6894
COP2223-222,,BIOSYSTEMS TECHNOLOGY (BST),University of Colombo,NUWARA ELIYA,1.6240,value,9,8,1.6240
COP2223-222,,BIOSYSTEMS TECHNOLOGY (BST),University of Colombo,GALLE,1.6564,value,9,8,1.6564
COP2223-222,,BIOSYSTEMS TECHNOLOGY (BST),University of Colombo,MATARA,1.6347,value,9,8,1.6347
COP2223-222,,BIOSYSTEMS TECHNOLOGY (BST),University of Colombo,HAMBANTOTA,1.6236,value,9,8,1.6236
COP2223-222,,BIOSYSTEMS TECHNOLOGY (BST),University of Colombo,JAFFNA,1.8488,value,9,8,1.8488
COP2223-222,,BIOSYSTEMS TECHNOLOGY (BST),University of Colombo,KILINOCHCHI,,NQC,9,8,NQC
COP2223-222,,BIOSYSTEMS TECHNOLOGY (BST),University of Colombo,MANNAR,,NQC,9,8,NQC
COP2223-222,,BIOSYSTEMS TECHNOLOGY (BST),University of Colombo,MULLAITIVU,1.6709,value,9,8,1.6709
COP2223-222,,BIOSYSTEMS TECHNOLOGY (BST),University of Colombo,VAVUNIYA,,NQC,9,8,NQC
COP2223-222,,BIOSYSTEMS TECHNOLOGY (BST),University of Colombo,TRINCOMALEE,1.6355,value,9,8,1.6355
COP2223-222,,BIOSYSTEMS TECHNOLOGY (BST),University of Colombo,BATTICALOA,1.7305,value,9,8,1.7305
COP2223-222,,BIOSYSTEMS TECHNOLOGY (BST),University of Colombo,AMPARA,1.7506,value,9,8,1.7506
COP2223-222,,BIOSYSTEMS TECHNOLOGY (BST),University of Colombo,PUTTALAM,1.6433,value,9,8,1.6433
COP2223-222,,BIOSYSTEMS TECHNOLOGY (BST),University of Colombo,KURUNEGALA,1.6345,value,9,8,1.6345
COP2223-222,,BIOSYSTEMS TECHNOLOGY (BST),University of Colombo,ANURADHAPURA,1.6543,value,9,8,1.6543
COP2223-222,,BIOSYSTEMS TECHNOLOGY (BST),University of Colombo,POLONNARUWA,,NQC,9,8,NQC
COP2223-222,,BIOSYSTEMS TECHNOLOGY (BST),University of Colombo,BADULLA,1.6552,value,9,8,1.6552
COP2223-222,,BIOSYSTEMS TECHNOLOGY (BST),University of Colombo,MONARAGALA,2.2985,value,9,8,2.2985
COP2223-222,,BIOSYSTEMS TECHNOLOGY (BST),University of Colombo,KEGALLE,1.6243,value,9,8,1.6243
COP2223-222,,BIOSYSTEMS TECHNOLOGY (BST),University of Colombo,RATNAPURA,1.6512,value,9,8,1.6512
COP2223-223,,BIOSYSTEMS TECHNOLOGY (BST),University of Sri Jayewardenepura,COLOMBO,1.9350,value,9,9,1.9350
COP2223-223,,BIOSYSTEMS TECHNOLOGY (BST),University of Sri Jayewardenepura,GAMPAHA,1.8915,value,9,9,1.8915
COP2223-223,,BIOSYSTEMS TECHNOLOGY (BST),University of Sri Jayewardenepura,KALUTARA,1.8943,value,9,9,1.8943
COP2223-223,,BIOSYSTEMS TECHNOLOGY (BST),University of Sri Jayewardenepura,MATALE,2.0212,value,9,9,2.0212
COP2223-223,,BIOSYSTEMS TECHNOLOGY (BST),University of Sri Jayewardenepura,KANDY,1.9352,value,9,9,1.9352
COP2223-223,,BIOSYSTEMS TECHNOLOGY (BST),University of Sri Jayewardenepura,NUWARA ELIYA,2.0122,value,9,9,2.0122
COP2223-223,,BIOSYSTEMS TECHNOLOGY (BST),University of Sri Jayewardenepura,GALLE,1.9062,value,9,9,1.9062
COP2223-223,,BIOSYSTEMS TECHNOLOGY (BST),University of Sri Jayewardenepura,MATARA,1.9476,value,9,9,1.9476
COP2223-223,,BIOSYSTEMS TECHNOLOGY (BST),University of Sri Jayewardenepura,HAMBANTOTA,1.9303,value,9,9,1.9303
COP2223-223,,BIOSYSTEMS TECHNOLOGY (BST),University of Sri Jayewardenepura,JAFFNA,2.0881,value,9,9,2.0881
COP2223-223,,BIOSYSTEMS TECHNOLOGY (BST),University of Sri Jayewardenepura,KILINOCHCHI,,NQC,9,9,NQC
COP2223-223,,BIOSYSTEMS TECHNOLOGY (BST),University of Sri Jayewardenepura,MANNAR,,NQC,9,9,NQC
COP2223-223,,BIOSYSTEMS TECHNOLOGY (BST),University of Sri Jayewardenepura,MULLAITIVU,,NQC,9,9,NQC
COP2223-223,,BIOSYSTEMS TECHNOLOGY (BST),University of Sri Jayewardenepura,VAVUNIYA,,NQC,9,9,NQC
COP2223-223,,BIOSYSTEMS TECHNOLOGY (BST),University of Sri Jayewardenepura,TRINCOMALEE,2.0765,value,9,9,2.0765
COP2223-223,,BIOSYSTEMS TECHNOLOGY (BST),University of Sri Jayewardenepura,BATTICALOA,1.8957,value,9,9,1.8957
COP2223-223,,BIOSYSTEMS TECHNOLOGY (BST),University of Sri Jayewardenepura,AMPARA,1.9967,value,9,9,1.9967
COP2223-223,,BIOSYSTEMS TECHNOLOGY (BST),University of Sri Jayewardenepura,PUTTALAM,2.8457,value,9,9,2.8457
COP2223-223,,BIOSYSTEMS TECHNOLOGY (BST),University of Sri Jayewardenepura,KURUNEGALA,2.0403,value,9,9,2.0403
COP2223-223,,BIOSYSTEMS TECHNOLOGY (BST),University of Sri Jayewardenepura,ANURADHAPURA,1.9157,value,9,9,1.9157
COP2223-223,,BIOSYSTEMS TECHNOLOGY (BST),University of Sri Jayewardenepura,POLONNARUWA,1.9195,value,9,9,1.9195
COP2223-223,,BIOSYSTEMS TECHNOLOGY (BST),University of Sri Jayewardenepura,BADULLA,1.9126,value,9,9,1.9126
COP2223-223,,BIOSYSTEMS TECHNOLOGY (BST),University of Sri Jayewardenepura,MONARAGALA,2.0695,value,9,9,2.0695
COP2223-223,,BIOSYSTEMS TECHNOLOGY (BST),University of Sri Jayewardenepura,KEGALLE,1.9288,value,9,9,1.9288
COP2223-223,,BIOSYSTEMS TECHNOLOGY (BST),University of Sri Jayewardenepura,RATNAPURA,1.9088,value,9,9,1.9088
COP2223-224,,BIOSYSTEMS TECHNOLOGY (BST),University of Jaffna,COLOMBO,0.8181,value,9,10,0.8181
COP2223-224,,BIOSYSTEMS TECHNOLOGY (BST),University of Jaffna,GAMPAHA,0.8056,value,9,10,0.8056
COP2223-224,,BIOSYSTEMS TECHNOLOGY (BST),University of Jaffna,KALUTARA,0.8846,value,9,10,0.8846
COP2223-224,,BIOSYSTEMS TECHNOLOGY (BST),University of Jaffna,MATALE,1.1028,value,9,10,1.1028
COP2223-224,,BIOSYSTEMS TECHNOLOGY (BST),University of Jaffna,KANDY,0.9489,value,9,10,0.9489
COP2223-224,,BIOSYSTEMS TECHNOLOGY (BST),University of Jaffna,NUWARA ELIYA,0.8727,value,9,10,0.8727
COP2223-224,,BIOSYSTEMS TECHNOLOGY (BST),University of Jaffna,GALLE,1.0020,value,9,10,1.0020
COP2223-224,,BIOSYSTEMS TECHNOLOGY (BST),University of Jaffna,MATARA,,NQC,9,10,NQC
COP2223-224,,BIOSYSTEMS TECHNOLOGY (BST),University of Jaffna,HAMBANTOTA,1.0592,value,9,10,1.0592
COP2223-224,,BIOSYSTEMS TECHNOLOGY (BST),University of Jaffna,JAFFNA,0.8051,value,9,10,0.8051
COP2223-224,,BIOSYSTEMS TECHNOLOGY (BST),University of Jaffna,KILINOCHCHI,,NQC,9,10,NQC
COP2223-224,,BIOSYSTEMS TECHNOLOGY (BST),University of Jaffna,MANNAR,,NQC,9,10,NQC
COP2223-224,,BIOSYSTEMS TECHNOLOGY (BST),University of Jaffna,MULLAITIVU,,NQC,9,10,NQC
COP2223-224,,BIOSYSTEMS TECHNOLOGY (BST),University of Jaffna,VAVUNIYA,0.8241,value,9,10,0.8241
COP2223-224,,BIOSYSTEMS TECHNOLOGY (BST),University of Jaffna,TRINCOMALEE,0.9341,value,9,10,0.9341
COP2223-224,,BIOSYSTEMS TECHNOLOGY (BST),University of Jaffna,BATTICALOA,0.8730,value,9,10,0.8730
COP2223-224,,BIOSYSTEMS TECHNOLOGY (BST),University of Jaffna,AMPARA,0.9533,value,9,10,0.9533
COP2223-224,,BIOSYSTEMS TECHNOLOGY (BST),University of Jaffna,PUTTALAM,0.8061,value,9,10,0.8061
COP2223-224,,BIOSYSTEMS TECHNOLOGY (BST),University of Jaffna,KURUNEGALA,1.0150,value,9,10,1.0150
COP2223-224,,BIOSYSTEMS TECHNOLOGY (BST),University of Jaffna,ANURADHAPURA,0.9981,value,9,10,0.9981
COP2223-224,,BIOSYSTEMS TECHNOLOGY (BST),University of Jaffna,POLONNARUWA,0.8136,value,9,10,0.8136
COP2223-224,,BIOSYSTEMS TECHNOLOGY (BST),University of Jaffna,BADULLA,1.1218,value,9,10,1.1218
COP2223-224,,BIOSYSTEMS TECHNOLOGY (BST),University of Jaffna,MONARAGALA,0.9894,value,9,10,0.9894
COP2223-224,,BIOSYSTEMS TECHNOLOGY (BST),University of Jaffna,KEGALLE,,NQC,9,10,NQC
COP2223-224,,BIOSYSTEMS TECHNOLOGY (BST),University of Jaffna,RATNAPURA,0.9367,value,9,10,0.9367
COP2223-225,,BIOSYSTEMS TECHNOLOGY (BST),University of Ruhuna,COLOMBO,1.4331,value,9,11,1.4331
COP2223-225,,BIOSYSTEMS TECHNOLOGY (BST),University of Ruhuna,GAMPAHA,1.4198,value,9,11,1.4198
COP2223-225,,BIOSYSTEMS TECHNOLOGY (BST),University of Ruhuna,KALUTARA,1.4293,value,9,11,1.4293
COP2223-225,,BIOSYSTEMS TECHNOLOGY (BST),University of Ruhuna,MATALE,,NQC,9,11,NQC
COP2223-225,,BIOSYSTEMS TECHNOLOGY (BST),University of Ruhuna,KANDY,1.4457,value,9,11,1.4457
COP2223-225,,BIOSYSTEMS TECHNOLOGY (BST),University of Ruhuna,NUWARA ELIYA,1.4823,value,9,11,1.4823
COP2223-225,,BIOSYSTEMS TECHNOLOGY (BST),University of Ruhuna,GALLE,1.4506,value,9,11,1.4506
COP2223-225,,BIOSYSTEMS TECHNOLOGY (BST),University of Ruhuna,MATARA,1.4648,value,9,11,1.4648
COP2223-225,,BIOSYSTEMS TECHNOLOGY (BST),University of Ruhuna,HAMBANTOTA,1.5426,value,9,11,1.5426
COP2223-225,,BIOSYSTEMS TECHNOLOGY (BST),University of Ruhuna,JAFFNA,,NQC,9,11,NQC
COP2223-225,,BIOSYSTEMS TECHNOLOGY (BST),University of Ruhuna,KILINOCHCHI,,NQC,9,11,NQC
COP2223-225,,BIOSYSTEMS TECHNOLOGY (BST),University of Ruhuna,MANNAR,1.4963,value,9,11,1.4963
COP2223-225,,BIOSYSTEMS TECHNOLOGY (BST),University of Ruhuna,MULLAITIVU,,NQC,9,11,NQC
COP2223-225,,BIOSYSTEMS TECHNOLOGY (BST),University of Ruhuna,VAVUNIYA,,NQC,9,11,NQC
COP2223-225,,BIOSYSTEMS TECHNOLOGY (BST),University of Ruhuna,TRINCOMALEE,1.5564,value,9,11,1.5564
COP2223-225,,BIOSYSTEMS TECHNOLOGY (BST),University of Ruhuna,BATTICALOA,,NQC,9,11,NQC
COP2223-225,,BIOSYSTEMS TECHNOLOGY (BST),University of Ruhuna,AMPARA,1.4465,value,9,11,1.4465
COP2223-225,,BIOSYSTEMS TECHNOLOGY (BST),University of Ruhuna,PUTTALAM,,NQC,9,11,NQC
COP2223-225,,BIOSYSTEMS TECHNOLOGY (BST),University of Ruhuna,KURUNEGALA,1.4225,value,9,11,1.4225
COP2223-225,,BIOSYSTEMS TECHNOLOGY (BST),University of Ruhuna,ANURADHAPURA,1.4193,value,9,11,1.4193
COP2223-225,,BIOSYSTEMS TECHNOLOGY (BST),University of Ruhuna,POLONNARUWA,,NQC,9,11,NQC
COP2223-225,,BIOSYSTEMS TECHNOLOGY (BST),University of Ruhuna,BADULLA,1.4861,value,9,11,1.4861
COP2223-225,,BIOSYSTEMS TECHNOLOGY (BST),University of Ruhuna,MONARAGALA,1.4434,value,9,11,1.4434
COP2223-225,,BIOSYSTEMS TECHNOLOGY (BST),University of Ruhuna,KEGALLE,1.4191,value,9,11,1.4191
COP2223-225,,BIOSYSTEMS TECHNOLOGY (BST),University of Ruhuna,RATNAPURA,1.4192,value,9,11,1.4192
COP2223-226,,BIOSYSTEMS TECHNOLOGY (BST),"Eastern University, Sri Lanka",COLOMBO,0.4505,value,9,12,0.4505
COP2223-226,,BIOSYSTEMS TECHNOLOGY (BST),"Eastern University, Sri Lanka",GAMPAHA,0.6740,value,9,12,0.6740
COP2223-226,,BIOSYSTEMS TECHNOLOGY (BST),"Eastern University, Sri Lanka",KALUTARA,0.9300,value,9,12,0.9300
COP2223-226,,BIOSYSTEMS TECHNOLOGY (BST),"Eastern University, Sri Lanka",MATALE,,NQC,9,12,NQC
COP2223-226,,BIOSYSTEMS TECHNOLOGY (BST),"Eastern University, Sri Lanka",KANDY,1.0142,value,9,12,1.0142
COP2223-226,,BIOSYSTEMS TECHNOLOGY (BST),"Eastern University, Sri Lanka",NUWARA ELIYA,0.8509,value,9,12,0.8509
COP2223-226,,BIOSYSTEMS TECHNOLOGY (BST),"Eastern University, Sri Lanka",GALLE,0.7175,value,9,12,0.7175
COP2223-226,,BIOSYSTEMS TECHNOLOGY (BST),"Eastern University, Sri Lanka",MATARA,,NQC,9,12,NQC
COP2223-226,,BIOSYSTEMS TECHNOLOGY (BST),"Eastern University, Sri Lanka",HAMBANTOTA,1.0748,value,9,12,1.0748
COP2223-226,,BIOSYSTEMS TECHNOLOGY (BST),"Eastern University, Sri Lanka",JAFFNA,0.4389,value,9,12,0.4389
COP2223-226,,BIOSYSTEMS TECHNOLOGY (BST),"Eastern University, Sri Lanka",KILINOCHCHI,0.0815,value,9,12,0.0815
COP2223-226,,BIOSYSTEMS TECHNOLOGY (BST),"Eastern University, Sri Lanka",MANNAR,0.6483,value,9,12,0.6483
COP2223-226,,BIOSYSTEMS TECHNOLOGY (BST),"Eastern University, Sri Lanka",MULLAITIVU,0.1977,value,9,12,0.1977
COP2223-226,,BIOSYSTEMS TECHNOLOGY (BST),"Eastern University, Sri Lanka",VAVUNIYA,0.5622,value,9,12,0.5622
COP2223-226,,BIOSYSTEMS TECHNOLOGY (BST),"Eastern University, Sri Lanka",TRINCOMALEE,0.6076,value,9,12,0.6076
COP2223-226,,BIOSYSTEMS TECHNOLOGY (BST),"Eastern University, Sri Lanka",BATTICALOA,0.9926,value,9,12,0.9926
COP2223-226,,BIOSYSTEMS TECHNOLOGY (BST),"Eastern University, Sri Lanka",AMPARA,1.3297,value,9,12,1.3297
COP2223-226,,BIOSYSTEMS TECHNOLOGY (BST),"Eastern University, Sri Lanka",PUTTALAM,0.7654,value,9,12,0.7654
COP2223-226,,BIOSYSTEMS TECHNOLOGY (BST),"Eastern University, Sri Lanka",KURUNEGALA,1.0276,value,9,12,1.0276
COP2223-226,,BIOSYSTEMS TECHNOLOGY (BST),"Eastern University, Sri Lanka",ANURADHAPURA,1.0094,value,9,12,1.0094
COP2223-226,,BIOSYSTEMS TECHNOLOGY (BST),"Eastern University, Sri Lanka",POLONNARUWA,0.7598,value,9,12,0.7598
COP2223-226,,BIOSYSTEMS TECHNOLOGY (BST),"Eastern University, Sri Lanka",BADULLA,1.1276,value,9,12,1.1276
COP2223-226,,BIOSYSTEMS TECHNOLOGY (BST),"Eastern University, Sri Lanka",MONARAGALA,0.8823,value,9,12,0.8823
COP2223-226,,BIOSYSTEMS TECHNOLOGY (BST),"Eastern University, Sri Lanka",KEGALLE,,NQC,9,12,NQC
COP2223-226,,BIOSYSTEMS TECHNOLOGY (BST),"Eastern University, Sri Lanka",RATNAPURA,0.9579,value,9,12,0.9579
COP2223-227,,BIOSYSTEMS TECHNOLOGY (BST),South Eastern University of Sri Lanka,COLOMBO,0.4282,value,9,13,0.4282
COP2223-227,,BIOSYSTEMS TECHNOLOGY (BST),South Eastern University of Sri Lanka,GAMPAHA,0.6711,value,9,13,0.6711
COP2223-227,,BIOSYSTEMS TECHNOLOGY (BST),South Eastern University of Sri Lanka,KALUTARA,0.9123,value,9,13,0.9123
COP2223-227,,BIOSYSTEMS TECHNOLOGY (BST),South Eastern University of Sri Lanka,MATALE,,NQC,9,13,NQC
COP2223-227,,BIOSYSTEMS TECHNOLOGY (BST),South Eastern University of Sri Lanka,KANDY,0.9851,value,9,13,0.9851
COP2223-227,,BIOSYSTEMS TECHNOLOGY (BST),South Eastern University of Sri Lanka,NUWARA ELIYA,0.8014,value,9,13,0.8014
COP2223-227,,BIOSYSTEMS TECHNOLOGY (BST),South Eastern University of Sri Lanka,GALLE,0.6873,value,9,13,0.6873
COP2223-227,,BIOSYSTEMS TECHNOLOGY (BST),South Eastern University of Sri Lanka,MATARA,,NQC,9,13,NQC
COP2223-227,,BIOSYSTEMS TECHNOLOGY (BST),South Eastern University of Sri Lanka,HAMBANTOTA,,NQC,9,13,NQC
COP2223-227,,BIOSYSTEMS TECHNOLOGY (BST),South Eastern University of Sri Lanka,JAFFNA,0.4207,value,9,13,0.4207
COP2223-227,,BIOSYSTEMS TECHNOLOGY (BST),South Eastern University of Sri Lanka,KILINOCHCHI,0.5054,value,9,13,0.5054
COP2223-227,,BIOSYSTEMS TECHNOLOGY (BST),South Eastern University of Sri Lanka,MANNAR,0.6748,value,9,13,0.6748
COP2223-227,,BIOSYSTEMS TECHNOLOGY (BST),South Eastern University of Sri Lanka,MULLAITIVU,,NQC,9,13,NQC
COP2223-227,,BIOSYSTEMS TECHNOLOGY (BST),South Eastern University of Sri Lanka,VAVUNIYA,0.4994,value,9,13,0.4994
COP2223-227,,BIOSYSTEMS TECHNOLOGY (BST),South Eastern University of Sri Lanka,TRINCOMALEE,0.6722,value,9,13,0.6722
COP2223-227,,BIOSYSTEMS TECHNOLOGY (BST),South Eastern University of Sri Lanka,BATTICALOA,1.1852,value,9,13,1.1852
COP2223-227,,BIOSYSTEMS TECHNOLOGY (BST),South Eastern University of Sri Lanka,AMPARA,0.9778,value,9,13,0.9778
COP2223-227,,BIOSYSTEMS TECHNOLOGY (BST),South Eastern University of Sri Lanka,PUTTALAM,0.8261,value,9,13,0.8261
COP2223-227,,BIOSYSTEMS TECHNOLOGY (BST),South Eastern University of Sri Lanka,KURUNEGALA,1.0485,value,9,13,1.0485
COP2223-227,,BIOSYSTEMS TECHNOLOGY (BST),South Eastern University of Sri Lanka,ANURADHAPURA,,NQC,9,13,NQC
COP2223-227,,BIOSYSTEMS TECHNOLOGY (BST),South Eastern University of Sri Lanka,POLONNARUWA,0.6787,value,9,13,0.6787
COP2223-227,,BIOSYSTEMS TECHNOLOGY (BST),South Eastern University of Sri Lanka,BADULLA,1.1268,value,9,13,1.1268
COP2223-227,,BIOSYSTEMS TECHNOLOGY (BST),South Eastern University of Sri Lanka,MONARAGALA,0.9414,value,9,13,0.9414
COP2223-227,,BIOSYSTEMS TECHNOLOGY (BST),South Eastern University of Sri Lanka,KEGALLE,,NQC,9,13,NQC
COP2223-227,,BIOSYSTEMS TECHNOLOGY (BST),South Eastern University of Sri Lanka,RATNAPURA,0.9593,value,9,13,0.9593
COP2223-228,,BIOSYSTEMS TECHNOLOGY (BST),Rajarata University of Sri Lanka,COLOMBO,1.1045,value,9,14,1.1045
COP2223-228,,BIOSYSTEMS TECHNOLOGY (BST),Rajarata University of Sri Lanka,GAMPAHA,1.1069,value,9,14,1.1069
COP2223-228,,BIOSYSTEMS TECHNOLOGY (BST),Rajarata University of Sri Lanka,KALUTARA,1.1074,value,9,14,1.1074
COP2223-228,,BIOSYSTEMS TECHNOLOGY (BST),Rajarata University of Sri Lanka,MATALE,1.1011,value,9,14,1.1011
COP2223-228,,BIOSYSTEMS TECHNOLOGY (BST),Rajarata University of Sri Lanka,KANDY,1.1036,value,9,14,1.1036
COP2223-228,,BIOSYSTEMS TECHNOLOGY (BST),Rajarata University of Sri Lanka,NUWARA ELIYA,1.2979,value,9,14,1.2979
COP2223-228,,BIOSYSTEMS TECHNOLOGY (BST),Rajarata University of Sri Lanka,GALLE,1.1071,value,9,14,1.1071
COP2223-228,,BIOSYSTEMS TECHNOLOGY (BST),Rajarata University of Sri Lanka,MATARA,1.3619,value,9,14,1.3619
COP2223-228,,BIOSYSTEMS TECHNOLOGY (BST),Rajarata University of Sri Lanka,HAMBANTOTA,1.1025,value,9,14,1.1025
COP2223-228,,BIOSYSTEMS TECHNOLOGY (BST),Rajarata University of Sri Lanka,JAFFNA,1.3054,value,9,14,1.3054
COP2223-228,,BIOSYSTEMS TECHNOLOGY (BST),Rajarata University of Sri Lanka,KILINOCHCHI,,NQC,9,14,NQC
COP2223-228,,BIOSYSTEMS TECHNOLOGY (BST),Rajarata University of Sri Lanka,MANNAR,,NQC,9,14,NQC
COP2223-228,,BIOSYSTEMS TECHNOLOGY (BST),Rajarata University of Sri Lanka,MULLAITIVU,,NQC,9,14,NQC
COP2223-228,,BIOSYSTEMS TECHNOLOGY (BST),Rajarata University of Sri Lanka,VAVUNIYA,,NQC,9,14,NQC
COP2223-228,,BIOSYSTEMS TECHNOLOGY (BST),Rajarata University of Sri Lanka,TRINCOMALEE,1.2816,value,9,14,1.2816
COP2223-228,,BIOSYSTEMS TECHNOLOGY (BST),Rajarata University of Sri Lanka,BATTICALOA,1.1164,value,9,14,1.1164
COP2223-228,,BIOSYSTEMS TECHNOLOGY (BST),Rajarata University of Sri Lanka,AMPARA,,NQC,9,14,NQC
COP2223-228,,BIOSYSTEMS TECHNOLOGY (BST),Rajarata University of Sri Lanka,PUTTALAM,1.1188,value,9,14,1.1188
COP2223-228,,BIOSYSTEMS TECHNOLOGY (BST),Rajarata University of Sri Lanka,KURUNEGALA,1.1157,value,9,14,1.1157
COP2223-228,,BIOSYSTEMS TECHNOLOGY (BST),Rajarata University of Sri Lanka,ANURADHAPURA,1.1094,value,9,14,1.1094
COP2223-228,,BIOSYSTEMS TECHNOLOGY (BST),Rajarata University of Sri Lanka,POLONNARUWA,,NQC,9,14,NQC
COP2223-228,,BIOSYSTEMS TECHNOLOGY (BST),Rajarata University of Sri Lanka,BADULLA,1.1227,value,9,14,1.1227
COP2223-228,,BIOSYSTEMS TECHNOLOGY (BST),Rajarata University of Sri Lanka,MONARAGALA,1.1224,value,9,14,1.1224
COP2223-228,,BIOSYSTEMS TECHNOLOGY (BST),Rajarata University of Sri Lanka,KEGALLE,1.1227,value,9,14,1.1227
COP2223-228,,BIOSYSTEMS TECHNOLOGY (BST),Rajarata University of Sri Lanka,RATNAPURA,1.1143,value,9,14,1.1143
COP2223-229,,BIOSYSTEMS TECHNOLOGY (BST),Sabaragamuwa University of Sri Lanka,COLOMBO,1.2020,value,9,15,1.2020
COP2223-229,,BIOSYSTEMS TECHNOLOGY (BST),Sabaragamuwa University of Sri Lanka,GAMPAHA,1.2185,value,9,15,1.2185
COP2223-229,,BIOSYSTEMS TECHNOLOGY (BST),Sabaragamuwa University of Sri Lanka,KALUTARA,1.2119,value,9,15,1.2119
COP2223-229,,BIOSYSTEMS TECHNOLOGY (BST),Sabaragamuwa University of Sri Lanka,MATALE,1.3209,value,9,15,1.3209
COP2223-229,,BIOSYSTEMS TECHNOLOGY (BST),Sabaragamuwa University of Sri Lanka,KANDY,1.1942,value,9,15,1.1942
COP2223-229,,BIOSYSTEMS TECHNOLOGY (BST),Sabaragamuwa University of Sri Lanka,NUWARA ELIYA,1.1940,value,9,15,1.1940
COP2223-229,,BIOSYSTEMS TECHNOLOGY (BST),Sabaragamuwa University of Sri Lanka,GALLE,1.2103,value,9,15,1.2103
COP2223-229,,BIOSYSTEMS TECHNOLOGY (BST),Sabaragamuwa University of Sri Lanka,MATARA,1.1956,value,9,15,1.1956
COP2223-229,,BIOSYSTEMS TECHNOLOGY (BST),Sabaragamuwa University of Sri Lanka,HAMBANTOTA,1.1885,value,9,15,1.1885
COP2223-229,,BIOSYSTEMS TECHNOLOGY (BST),Sabaragamuwa University of Sri Lanka,JAFFNA,,NQC,9,15,NQC
COP2223-229,,BIOSYSTEMS TECHNOLOGY (BST),Sabaragamuwa University of Sri Lanka,KILINOCHCHI,,NQC,9,15,NQC
COP2223-229,,BIOSYSTEMS TECHNOLOGY (BST),Sabaragamuwa University of Sri Lanka,MANNAR,1.2247,value,9,15,1.2247
COP2223-229,,BIOSYSTEMS TECHNOLOGY (BST),Sabaragamuwa University of Sri Lanka,MULLAITIVU,,NQC,9,15,NQC
COP2223-229,,BIOSYSTEMS TECHNOLOGY (BST),Sabaragamuwa University of Sri Lanka,VAVUNIYA,,NQC,9,15,NQC
COP2223-229,,BIOSYSTEMS TECHNOLOGY (BST),Sabaragamuwa University of Sri Lanka,TRINCOMALEE,,NQC,9,15,NQC
COP2223-229,,BIOSYSTEMS TECHNOLOGY (BST),Sabaragamuwa University of Sri Lanka,BATTICALOA,1.6174,value,9,15,1.6174
COP2223-229,,BIOSYSTEMS TECHNOLOGY (BST),Sabaragamuwa University of Sri Lanka,AMPARA,1.2470,value,9,15,1.2470
COP2223-229,,BIOSYSTEMS TECHNOLOGY (BST),Sabaragamuwa University of Sri Lanka,PUTTALAM,1.1945,value,9,15,1.1945
COP2223-229,,BIOSYSTEMS TECHNOLOGY (BST),Sabaragamuwa University of Sri Lanka,KURUNEGALA,1.1883,value,9,15,1.1883
COP2223-229,,BIOSYSTEMS TECHNOLOGY (BST),Sabaragamuwa University of Sri Lanka,ANURADHAPURA,1.1997,value,9,15,1.1997
COP2223-229,,BIOSYSTEMS TECHNOLOGY (BST),Sabaragamuwa University of Sri Lanka,POLONNARUWA,1.3367,value,9,15,1.3367
COP2223-229,,BIOSYSTEMS TECHNOLOGY (BST),Sabaragamuwa University of Sri Lanka,BADULLA,1.1894,value,9,15,1.1894
COP2223-229,,BIOSYSTEMS TECHNOLOGY (BST),Sabaragamuwa University of Sri Lanka,MONARAGALA,1.2130,value,9,15,1.2130
COP2223-229,,BIOSYSTEMS TECHNOLOGY (BST),Sabaragamuwa University of Sri Lanka,KEGALLE,1.1895,value,9,15,1.1895
COP2223-229,,BIOSYSTEMS TECHNOLOGY (BST),Sabaragamuwa University of Sri Lanka,RATNAPURA,1.2063,value,9,15,1.2063
COP2223-230,,BIOSYSTEMS TECHNOLOGY (BST),Wayamba University of Sri Lanka,COLOMBO,1.3115,value,9,16,1.3115
COP2223-230,,BIOSYSTEMS TECHNOLOGY (BST),Wayamba University of Sri Lanka,GAMPAHA,1.2845,value,9,16,1.2845
COP2223-230,,BIOSYSTEMS TECHNOLOGY (BST),Wayamba University of Sri Lanka,KALUTARA,1.3059,value,9,16,1.3059
COP2223-230,,BIOSYSTEMS TECHNOLOGY (BST),Wayamba University of Sri Lanka,MATALE,1.3021,value,9,16,1.3021
COP2223-230,,BIOSYSTEMS TECHNOLOGY (BST),Wayamba University of Sri Lanka,KANDY,1.3500,value,9,16,1.3500
COP2223-230,,BIOSYSTEMS TECHNOLOGY (BST),Wayamba University of Sri Lanka,NUWARA ELIYA,1.5024,value,9,16,1.5024
COP2223-230,,BIOSYSTEMS TECHNOLOGY (BST),Wayamba University of Sri Lanka,GALLE,1.3731,value,9,16,1.3731
COP2223-230,,BIOSYSTEMS TECHNOLOGY (BST),Wayamba University of Sri Lanka,MATARA,1.2998,value,9,16,1.2998
COP2223-230,,BIOSYSTEMS TECHNOLOGY (BST),Wayamba University of Sri Lanka,HAMBANTOTA,1.2959,value,9,16,1.2959
COP2223-230,,BIOSYSTEMS TECHNOLOGY (BST),Wayamba University of Sri Lanka,JAFFNA,,NQC,9,16,NQC
COP2223-230,,BIOSYSTEMS TECHNOLOGY (BST),Wayamba University of Sri Lanka,KILINOCHCHI,1.3952,value,9,16,1.3952
COP2223-230,,BIOSYSTEMS TECHNOLOGY (BST),Wayamba University of Sri Lanka,MANNAR,1.3073,value,9,16,1.3073
COP2223-230,,BIOSYSTEMS TECHNOLOGY (BST),Wayamba University of Sri Lanka,MULLAITIVU,,NQC,9,16,NQC
COP2223-230,,BIOSYSTEMS TECHNOLOGY (BST),Wayamba University of Sri Lanka,VAVUNIYA,,NQC,9,16,NQC
COP2223-230,,BIOSYSTEMS TECHNOLOGY (BST),Wayamba University of Sri Lanka,TRINCOMALEE,1.4643,value,9,16,1.4643
COP2223-230,,BIOSYSTEMS TECHNOLOGY (BST),Wayamba University of Sri Lanka,BATTICALOA,1.4707,value,9,16,1.4707
COP2223-230,,BIOSYSTEMS TECHNOLOGY (BST),Wayamba University of Sri Lanka,AMPARA,1.3013,value,9,16,1.3013
COP2223-230,,BIOSYSTEMS TECHNOLOGY (BST),Wayamba University of Sri Lanka,PUTTALAM,1.2947,value,9,16,1.2947
COP2223-230,,BIOSYSTEMS TECHNOLOGY (BST),Wayamba University of Sri Lanka,KURUNEGALA,1.3399,value,9,16,1.3399
COP2223-230,,BIOSYSTEMS TECHNOLOGY (BST),Wayamba University of Sri Lanka,ANURADHAPURA,1.2827,value,9,16,1.2827
COP2223-230,,BIOSYSTEMS TECHNOLOGY (BST),Wayamba University of Sri Lanka,POLONNARUWA,1.5222,value,9,16,1.5222
COP2223-230,,BIOSYSTEMS TECHNOLOGY (BST),Wayamba University of Sri Lanka,BADULLA,1.2904,value,9,16,1.2904
COP2223-230,,BIOSYSTEMS TECHNOLOGY (BST),Wayamba University of Sri Lanka,MONARAGALA,1.2984,value,9,16,1.2984
COP2223-230,,BIOSYSTEMS TECHNOLOGY (BST),Wayamba University of Sri Lanka,KEGALLE,1.3118,value,9,16,1.3118
COP2223-230,,BIOSYSTEMS TECHNOLOGY (BST),Wayamba University of Sri Lanka,RATNAPURA,1.3437,value,9,16,1.3437
COP2223-231,,BIOSYSTEMS TECHNOLOGY (BST),Uva Wellassa University of Sri Lanka,COLOMBO,1.1466,value,9,17,1.1466
COP2223-231,,BIOSYSTEMS TECHNOLOGY (BST),Uva Wellassa University of Sri Lanka,GAMPAHA,1.1423,value,9,17,1.1423
COP2223-231,,BIOSYSTEMS TECHNOLOGY (BST),Uva Wellassa University of Sri Lanka,KALUTARA,1.1392,value,9,17,1.1392
COP2223-231,,BIOSYSTEMS TECHNOLOGY (BST),Uva Wellassa University of Sri Lanka,MATALE,1.4005,value,9,17,1.4005
COP2223-231,,BIOSYSTEMS TECHNOLOGY (BST),Uva Wellassa University of Sri Lanka,KANDY,1.1435,value,9,17,1.1435
COP2223-231,,BIOSYSTEMS TECHNOLOGY (BST),Uva Wellassa University of Sri Lanka,NUWARA ELIYA,1.1323,value,9,17,1.1323
COP2223-231,,BIOSYSTEMS TECHNOLOGY (BST),Uva Wellassa University of Sri Lanka,GALLE,1.2831,value,9,17,1.2831
COP2223-231,,BIOSYSTEMS TECHNOLOGY (BST),Uva Wellassa University of Sri Lanka,MATARA,1.1920,value,9,17,1.1920
COP2223-231,,BIOSYSTEMS TECHNOLOGY (BST),Uva Wellassa University of Sri Lanka,HAMBANTOTA,1.1367,value,9,17,1.1367
COP2223-231,,BIOSYSTEMS TECHNOLOGY (BST),Uva Wellassa University of Sri Lanka,JAFFNA,1.4436,value,9,17,1.4436
COP2223-231,,BIOSYSTEMS TECHNOLOGY (BST),Uva Wellassa University of Sri Lanka,KILINOCHCHI,,NQC,9,17,NQC
COP2223-231,,BIOSYSTEMS TECHNOLOGY (BST),Uva Wellassa University of Sri Lanka,MANNAR,,NQC,9,17,NQC
COP2223-231,,BIOSYSTEMS TECHNOLOGY (BST),Uva Wellassa University of Sri Lanka,MULLAITIVU,,NQC,9,17,NQC
COP2223-231,,BIOSYSTEMS TECHNOLOGY (BST),Uva Wellassa University of Sri Lanka,VAVUNIYA,1.1446,value,9,17,1.1446
COP2223-231,,BIOSYSTEMS TECHNOLOGY (BST),Uva Wellassa University of Sri Lanka,TRINCOMALEE,,NQC,9,17,NQC
COP2223-231,,BIOSYSTEMS TECHNOLOGY (BST),Uva Wellassa University of Sri Lanka,BATTICALOA,1.1487,value,9,17,1.1487
COP2223-231,,BIOSYSTEMS TECHNOLOGY (BST),Uva Wellassa University of Sri Lanka,AMPARA,1.1408,value,9,17,1.1408
COP2223-231,,BIOSYSTEMS TECHNOLOGY (BST),Uva Wellassa University of Sri Lanka,PUTTALAM,,NQC,9,17,NQC
COP2223-231,,BIOSYSTEMS TECHNOLOGY (BST),Uva Wellassa University of Sri Lanka,KURUNEGALA,1.1463,value,9,17,1.1463
COP2223-231,,BIOSYSTEMS TECHNOLOGY (BST),Uva Wellassa University of Sri Lanka,ANURADHAPURA,1.1522,value,9,17,1.1522
COP2223-231,,BIOSYSTEMS TECHNOLOGY (BST),Uva Wellassa University of Sri Lanka,POLONNARUWA,1.2411,value,9,17,1.2411
COP2223-231,,BIOSYSTEMS TECHNOLOGY (BST),Uva Wellassa University of Sri Lanka,BADULLA,1.1403,value,9,17,1.1403
COP2223-231,,BIOSYSTEMS TECHNOLOGY (BST),Uva Wellassa University of Sri Lanka,MONARAGALA,1.1313,value,9,17,1.1313
COP2223-231,,BIOSYSTEMS TECHNOLOGY (BST),Uva Wellassa University of Sri Lanka,KEGALLE,1.1638,value,9,17,1.1638
COP2223-231,,BIOSYSTEMS TECHNOLOGY (BST),Uva Wellassa University of Sri Lanka,RATNAPURA,1.1338,value,9,17,1.1338
COP2223-232,,INFORMATION COMMUNICATION TECHNOLOGY,University of Colombo,COLOMBO,2.0302,value,9,18,2.0302
COP2223-232,,INFORMATION COMMUNICATION TECHNOLOGY,University of Colombo,GAMPAHA,2.0519,value,9,18,2.0519
COP2223-232,,INFORMATION COMMUNICATION TECHNOLOGY,University of Colombo,KALUTARA,2.0287,value,9,18,2.0287
COP2223-232,,INFORMATION COMMUNICATION TECHNOLOGY,University of Colombo,MATALE,2.0708,value,9,18,2.0708
COP2223-232,,INFORMATION COMMUNICATION TECHNOLOGY,University of Colombo,KANDY,2.0953,value,9,18,2.0953
COP2223-232,,INFORMATION COMMUNICATION TECHNOLOGY,University of Colombo,NUWARA ELIYA,2.0682,value,9,18,2.0682
COP2223-232,,INFORMATION COMMUNICATION TECHNOLOGY,University of Colombo,GALLE,2.0443,value,9,18,2.0443
COP2223-232,,INFORMATION COMMUNICATION TECHNOLOGY,University of Colombo,MATARA,2.0278,value,9,18,2.0278
COP2223-232,,INFORMATION COMMUNICATION TECHNOLOGY,University of Colombo,HAMBANTOTA,2.0748,value,9,18,2.0748
COP2223-232,,INFORMATION COMMUNICATION TECHNOLOGY,University of Colombo,JAFFNA,2.0449,value,9,18,2.0449
COP2223-232,,INFORMATION COMMUNICATION TECHNOLOGY,University of Colombo,KILINOCHCHI,,NQC,9,18,NQC
COP2223-232,,INFORMATION COMMUNICATION TECHNOLOGY,University of Colombo,MANNAR,,NQC,9,18,NQC
COP2223-232,,INFORMATION COMMUNICATION TECHNOLOGY,University of Colombo,MULLAITIVU,,NQC,9,18,NQC
COP2223-232,,INFORMATION COMMUNICATION TECHNOLOGY,University of Colombo,VAVUNIYA,,NQC,9,18,NQC
COP2223-232,,INFORMATION COMMUNICATION TECHNOLOGY,University of Colombo,TRINCOMALEE,2.1626,value,9,18,2.1626
COP2223-232,,INFORMATION COMMUNICATION TECHNOLOGY,University of Colombo,BATTICALOA,2.2895,value,9,18,2.2895
COP2223-232,,INFORMATION COMMUNICATION TECHNOLOGY,University of Colombo,AMPARA,2.0736,value,9,18,2.0736
COP2223-232,,INFORMATION COMMUNICATION TECHNOLOGY,University of Colombo,PUTTALAM,2.2166,value,9,18,2.2166
COP2223-232,,INFORMATION COMMUNICATION TECHNOLOGY,University of Colombo,KURUNEGALA,2.0660,value,9,18,2.0660
COP2223-232,,INFORMATION COMMUNICATION TECHNOLOGY,University of Colombo,ANURADHAPURA,2.0410,value,9,18,2.0410
COP2223-232,,INFORMATION COMMUNICATION TECHNOLOGY,University of Colombo,POLONNARUWA,2.0605,value,9,18,2.0605
COP2223-232,,INFORMATION COMMUNICATION TECHNOLOGY,University of Colombo,BADULLA,2.0492,value,9,18,2.0492
COP2223-232,,INFORMATION COMMUNICATION TECHNOLOGY,University of Colombo,MONARAGALA,2.0420,value,9,18,2.0420
COP2223-232,,INFORMATION COMMUNICATION TECHNOLOGY,University of Colombo,KEGALLE,,NQC,9,18,NQC
COP2223-232,,INFORMATION COMMUNICATION TECHNOLOGY,University of Colombo,RATNAPURA,2.0827,value,9,18,2.0827
COP2223-233,,INFORMATION COMMUNICATION TECHNOLOGY,University of Sri Jayewardenepura,COLOMBO,2.2594,value,9,19,2.2594
COP2223-233,,INFORMATION COMMUNICATION TECHNOLOGY,University of Sri Jayewardenepura,GAMPAHA,2.2575,value,9,19,2.2575
COP2223-233,,INFORMATION COMMUNICATION TECHNOLOGY,University of Sri Jayewardenepura,KALUTARA,2.2523,value,9,19,2.2523
COP2223-233,,INFORMATION COMMUNICATION TECHNOLOGY,University of Sri Jayewardenepura,MATALE,2.2375,value,9,19,2.2375
COP2223-233,,INFORMATION COMMUNICATION TECHNOLOGY,University of Sri Jayewardenepura,KANDY,2.2748,value,9,19,2.2748
COP2223-233,,INFORMATION COMMUNICATION TECHNOLOGY,University of Sri Jayewardenepura,NUWARA ELIYA,2.2490,value,9,19,2.2490
COP2223-233,,INFORMATION COMMUNICATION TECHNOLOGY,University of Sri Jayewardenepura,GALLE,2.2330,value,9,19,2.2330
COP2223-233,,INFORMATION COMMUNICATION TECHNOLOGY,University of Sri Jayewardenepura,MATARA,2.2341,value,9,19,2.2341
COP2223-233,,INFORMATION COMMUNICATION TECHNOLOGY,University of Sri Jayewardenepura,HAMBANTOTA,2.3179,value,9,19,2.3179
COP2223-233,,INFORMATION COMMUNICATION TECHNOLOGY,University of Sri Jayewardenepura,JAFFNA,2.2743,value,9,19,2.2743
COP2223-233,,INFORMATION COMMUNICATION TECHNOLOGY,University of Sri Jayewardenepura,KILINOCHCHI,,NQC,9,19,NQC
COP2223-233,,INFORMATION COMMUNICATION TECHNOLOGY,University of Sri Jayewardenepura,MANNAR,,NQC,9,19,NQC
COP2223-233,,INFORMATION COMMUNICATION TECHNOLOGY,University of Sri Jayewardenepura,MULLAITIVU,,NQC,9,19,NQC
COP2223-233,,INFORMATION COMMUNICATION TECHNOLOGY,University of Sri Jayewardenepura,VAVUNIYA,,NQC,9,19,NQC
COP2223-233,,INFORMATION COMMUNICATION TECHNOLOGY,University of Sri Jayewardenepura,TRINCOMALEE,2.2778,value,9,19,2.2778
COP2223-233,,INFORMATION COMMUNICATION TECHNOLOGY,University of Sri Jayewardenepura,BATTICALOA,2.2707,value,9,19,2.2707
COP2223-233,,INFORMATION COMMUNICATION TECHNOLOGY,University of Sri Jayewardenepura,AMPARA,2.4197,value,9,19,2.4197
COP2223-233,,INFORMATION COMMUNICATION TECHNOLOGY,University of Sri Jayewardenepura,PUTTALAM,2.2483,value,9,19,2.2483
COP2223-233,,INFORMATION COMMUNICATION TECHNOLOGY,University of Sri Jayewardenepura,KURUNEGALA,2.3076,value,9,19,2.3076
COP2223-233,,INFORMATION COMMUNICATION TECHNOLOGY,University of Sri Jayewardenepura,ANURADHAPURA,2.3644,value,9,19,2.3644
COP2223-233,,INFORMATION COMMUNICATION TECHNOLOGY,University of Sri Jayewardenepura,POLONNARUWA,3.1166,value,9,19,3.1166
COP2223-233,,INFORMATION COMMUNICATION TECHNOLOGY,University of Sri Jayewardenepura,BADULLA,2.2533,value,9,19,2.2533
COP2223-233,,INFORMATION COMMUNICATION TECHNOLOGY,University of Sri Jayewardenepura,MONARAGALA,2.2375,value,9,19,2.2375
COP2223-233,,INFORMATION COMMUNICATION TECHNOLOGY,University of Sri Jayewardenepura,KEGALLE,2.2542,value,9,19,2.2542
COP2223-233,,INFORMATION COMMUNICATION TECHNOLOGY,University of Sri Jayewardenepura,RATNAPURA,2.3350,value,9,19,2.3350
COP2223-234,,INFORMATION COMMUNICATION TECHNOLOGY,University of Kelaniya,COLOMBO,1.9023,value,9,20,1.9023
COP2223-234,,INFORMATION COMMUNICATION TECHNOLOGY,University of Kelaniya,GAMPAHA,1.9146,value,9,20,1.9146
COP2223-234,,INFORMATION COMMUNICATION TECHNOLOGY,University of Kelaniya,KALUTARA,1.9073,value,9,20,1.9073
COP2223-234,,INFORMATION COMMUNICATION TECHNOLOGY,University of Kelaniya,MATALE,1.9106,value,9,20,1.9106
COP2223-234,,INFORMATION COMMUNICATION TECHNOLOGY,University of Kelaniya,KANDY,1.9205,value,9,20,1.9205
COP2223-234,,INFORMATION COMMUNICATION TECHNOLOGY,University of Kelaniya,NUWARA ELIYA,2.0037,value,9,20,2.0037
COP2223-234,,INFORMATION COMMUNICATION TECHNOLOGY,University of Kelaniya,GALLE,1.9038,value,9,20,1.9038
COP2223-234,,INFORMATION COMMUNICATION TECHNOLOGY,University of Kelaniya,MATARA,1.9567,value,9,20,1.9567
COP2223-234,,INFORMATION COMMUNICATION TECHNOLOGY,University of Kelaniya,HAMBANTOTA,1.9451,value,9,20,1.9451
COP2223-234,,INFORMATION COMMUNICATION TECHNOLOGY,University of Kelaniya,JAFFNA,1.9039,value,9,20,1.9039
COP2223-234,,INFORMATION COMMUNICATION TECHNOLOGY,University of Kelaniya,KILINOCHCHI,,NQC,9,20,NQC
COP2223-234,,INFORMATION COMMUNICATION TECHNOLOGY,University of Kelaniya,MANNAR,,NQC,9,20,NQC
COP2223-234,,INFORMATION COMMUNICATION TECHNOLOGY,University of Kelaniya,MULLAITIVU,,NQC,9,20,NQC
COP2223-234,,INFORMATION COMMUNICATION TECHNOLOGY,University of Kelaniya,VAVUNIYA,,NQC,9,20,NQC
COP2223-234,,INFORMATION COMMUNICATION TECHNOLOGY,University of Kelaniya,TRINCOMALEE,1.9857,value,9,20,1.9857
COP2223-234,,INFORMATION COMMUNICATION TECHNOLOGY,University of Kelaniya,BATTICALOA,1.9048,value,9,20,1.9048
COP2223-234,,INFORMATION COMMUNICATION TECHNOLOGY,University of Kelaniya,AMPARA,2.0068,value,9,20,2.0068
COP2223-234,,INFORMATION COMMUNICATION TECHNOLOGY,University of Kelaniya,PUTTALAM,1.9019,value,9,20,1.9019
COP2223-234,,INFORMATION COMMUNICATION TECHNOLOGY,University of Kelaniya,KURUNEGALA,1.9087,value,9,20,1.9087
COP2223-234,,INFORMATION COMMUNICATION TECHNOLOGY,University of Kelaniya,ANURADHAPURA,1.9023,value,9,20,1.9023
COP2223-234,,INFORMATION COMMUNICATION TECHNOLOGY,University of Kelaniya,POLONNARUWA,1.9857,value,9,20,1.9857
COP2223-234,,INFORMATION COMMUNICATION TECHNOLOGY,University of Kelaniya,BADULLA,1.9184,value,9,20,1.9184
COP2223-234,,INFORMATION COMMUNICATION TECHNOLOGY,University of Kelaniya,MONARAGALA,1.9940,value,9,20,1.9940
COP2223-234,,INFORMATION COMMUNICATION TECHNOLOGY,University of Kelaniya,KEGALLE,1.9378,value,9,20,1.9378
COP2223-234,,INFORMATION COMMUNICATION TECHNOLOGY,University of Kelaniya,RATNAPURA,1.9812,value,9,20,1.9812
COP2223-235,,INFORMATION COMMUNICATION TECHNOLOGY,University of Ruhuna,COLOMBO,1.6931,value,9,21,1.6931
COP2223-235,,INFORMATION COMMUNICATION TECHNOLOGY,University of Ruhuna,GAMPAHA,1.6873,value,9,21,1.6873
COP2223-235,,INFORMATION COMMUNICATION TECHNOLOGY,University of Ruhuna,KALUTARA,1.6794,value,9,21,1.6794
COP2223-235,,INFORMATION COMMUNICATION TECHNOLOGY,University of Ruhuna,MATALE,1.6922,value,9,21,1.6922
COP2223-235,,INFORMATION COMMUNICATION TECHNOLOGY,University of Ruhuna,KANDY,1.7525,value,9,21,1.7525
COP2223-235,,INFORMATION COMMUNICATION TECHNOLOGY,University of Ruhuna,NUWARA ELIYA,1.7607,value,9,21,1.7607
COP2223-235,,INFORMATION COMMUNICATION TECHNOLOGY,University of Ruhuna,GALLE,1.6740,value,9,21,1.6740
COP2223-235,,INFORMATION COMMUNICATION TECHNOLOGY,University of Ruhuna,MATARA,1.6745,value,9,21,1.6745
COP2223-235,,INFORMATION COMMUNICATION TECHNOLOGY,University of Ruhuna,HAMBANTOTA,1.6927,value,9,21,1.6927
COP2223-235,,INFORMATION COMMUNICATION TECHNOLOGY,University of Ruhuna,JAFFNA,,NQC,9,21,NQC
COP2223-235,,INFORMATION COMMUNICATION TECHNOLOGY,University of Ruhuna,KILINOCHCHI,,NQC,9,21,NQC
COP2223-235,,INFORMATION COMMUNICATION TECHNOLOGY,University of Ruhuna,MANNAR,,NQC,9,21,NQC
COP2223-235,,INFORMATION COMMUNICATION TECHNOLOGY,University of Ruhuna,MULLAITIVU,,NQC,9,21,NQC
COP2223-235,,INFORMATION COMMUNICATION TECHNOLOGY,University of Ruhuna,VAVUNIYA,,NQC,9,21,NQC
COP2223-235,,INFORMATION COMMUNICATION TECHNOLOGY,University of Ruhuna,TRINCOMALEE,,NQC,9,21,NQC
COP2223-235,,INFORMATION COMMUNICATION TECHNOLOGY,University of Ruhuna,BATTICALOA,1.6993,value,9,21,1.6993
COP2223-235,,INFORMATION COMMUNICATION TECHNOLOGY,University of Ruhuna,AMPARA,1.8338,value,9,21,1.8338
COP2223-235,,INFORMATION COMMUNICATION TECHNOLOGY,University of Ruhuna,PUTTALAM,,NQC,9,21,NQC
COP2223-235,,INFORMATION COMMUNICATION TECHNOLOGY,University of Ruhuna,KURUNEGALA,1.7529,value,9,21,1.7529
COP2223-235,,INFORMATION COMMUNICATION TECHNOLOGY,University of Ruhuna,ANURADHAPURA,1.6760,value,9,21,1.6760
COP2223-235,,INFORMATION COMMUNICATION TECHNOLOGY,University of Ruhuna,POLONNARUWA,,NQC,9,21,NQC
COP2223-235,,INFORMATION COMMUNICATION TECHNOLOGY,University of Ruhuna,BADULLA,1.6766,value,9,21,1.6766
COP2223-235,,INFORMATION COMMUNICATION TECHNOLOGY,University of Ruhuna,MONARAGALA,,NQC,9,21,NQC
COP2223-235,,INFORMATION COMMUNICATION TECHNOLOGY,University of Ruhuna,KEGALLE,1.7883,value,9,21,1.7883
COP2223-235,,INFORMATION COMMUNICATION TECHNOLOGY,University of Ruhuna,RATNAPURA,1.6966,value,9,21,1.6966
COP2223-236,,INFORMATION COMMUNICATION TECHNOLOGY,South Eastern University of Sri Lanka,COLOMBO,1.0585,value,9,22,1.0585
COP2223-236,,INFORMATION COMMUNICATION TECHNOLOGY,South Eastern University of Sri Lanka,GAMPAHA,1.1511,value,9,22,1.1511
COP2223-236,,INFORMATION COMMUNICATION TECHNOLOGY,South Eastern University of Sri Lanka,KALUTARA,1.2266,value,9,22,1.2266
COP2223-236,,INFORMATION COMMUNICATION TECHNOLOGY,South Eastern University of Sri Lanka,MATALE,1.3633,value,9,22,1.3633
COP2223-236,,INFORMATION COMMUNICATION TECHNOLOGY,South Eastern University of Sri Lanka,KANDY,1.0538,value,9,22,1.0538
COP2223-236,,INFORMATION COMMUNICATION TECHNOLOGY,South Eastern University of Sri Lanka,NUWARA ELIYA,1.1672,value,9,22,1.1672
COP2223-236,,INFORMATION COMMUNICATION TECHNOLOGY,South Eastern University of Sri Lanka,GALLE,1.4967,value,9,22,1.4967
COP2223-236,,INFORMATION COMMUNICATION TECHNOLOGY,South Eastern University of Sri Lanka,MATARA,,NQC,9,22,NQC
COP2223-236,,INFORMATION COMMUNICATION TECHNOLOGY,South Eastern University of Sri Lanka,HAMBANTOTA,1.3243,value,9,22,1.3243
COP2223-236,,INFORMATION COMMUNICATION TECHNOLOGY,South Eastern University of Sri Lanka,JAFFNA,1.0821,value,9,22,1.0821
COP2223-236,,INFORMATION COMMUNICATION TECHNOLOGY,South Eastern University of Sri Lanka,KILINOCHCHI,1.0748,value,9,22,1.0748
COP2223-236,,INFORMATION COMMUNICATION TECHNOLOGY,South Eastern University of Sri Lanka,MANNAR,,NQC,9,22,NQC
COP2223-236,,INFORMATION COMMUNICATION TECHNOLOGY,South Eastern University of Sri Lanka,MULLAITIVU,,NQC,9,22,NQC
COP2223-236,,INFORMATION COMMUNICATION TECHNOLOGY,South Eastern University of Sri Lanka,VAVUNIYA,1.2590,value,9,22,1.2590
COP2223-236,,INFORMATION COMMUNICATION TECHNOLOGY,South Eastern University of Sri Lanka,TRINCOMALEE,1.6671,value,9,22,1.6671
COP2223-236,,INFORMATION COMMUNICATION TECHNOLOGY,South Eastern University of Sri Lanka,BATTICALOA,,NQC,9,22,NQC
COP2223-236,,INFORMATION COMMUNICATION TECHNOLOGY,South Eastern University of Sri Lanka,AMPARA,1.0832,value,9,22,1.0832
COP2223-236,,INFORMATION COMMUNICATION TECHNOLOGY,South Eastern University of Sri Lanka,PUTTALAM,1.0772,value,9,22,1.0772
COP2223-236,,INFORMATION COMMUNICATION TECHNOLOGY,South Eastern University of Sri Lanka,KURUNEGALA,1.3026,value,9,22,1.3026
COP2223-236,,INFORMATION COMMUNICATION TECHNOLOGY,South Eastern University of Sri Lanka,ANURADHAPURA,1.1131,value,9,22,1.1131
COP2223-236,,INFORMATION COMMUNICATION TECHNOLOGY,South Eastern University of Sri Lanka,POLONNARUWA,1.1115,value,9,22,1.1115
COP2223-236,,INFORMATION COMMUNICATION TECHNOLOGY,South Eastern University of Sri Lanka,BADULLA,1.1762,value,9,22,1.1762
COP2223-236,,INFORMATION COMMUNICATION TECHNOLOGY,South Eastern University of Sri Lanka,MONARAGALA,1.1086,value,9,22,1.1086
COP2223-236,,INFORMATION COMMUNICATION TECHNOLOGY,South Eastern University of Sri Lanka,KEGALLE,1.2169,value,9,22,1.2169
COP2223-236,,INFORMATION COMMUNICATION TECHNOLOGY,South Eastern University of Sri Lanka,RATNAPURA,1.0523,value,9,22,1.0523
COP2223-237,,INFORMATION COMMUNICATION TECHNOLOGY,Rajarata University of Sri Lanka,COLOMBO,1.4153,value,9,23,1.4153
COP2223-237,,INFORMATION COMMUNICATION TECHNOLOGY,Rajarata University of Sri Lanka,GAMPAHA,1.3908,value,9,23,1.3908
COP2223-237,,INFORMATION COMMUNICATION TECHNOLOGY,Rajarata University of Sri Lanka,KALUTARA,1.3820,value,9,23,1.3820
COP2223-237,,INFORMATION COMMUNICATION TECHNOLOGY,Rajarata University of Sri Lanka,MATALE,1.3976,value,9,23,1.3976
COP2223-237,,INFORMATION COMMUNICATION TECHNOLOGY,Rajarata University of Sri Lanka,KANDY,1.4247,value,9,23,1.4247
COP2223-237,,INFORMATION COMMUNICATION TECHNOLOGY,Rajarata University of Sri Lanka,NUWARA ELIYA,1.3969,value,9,23,1.3969
COP2223-237,,INFORMATION COMMUNICATION TECHNOLOGY,Rajarata University of Sri Lanka,GALLE,1.4452,value,9,23,1.4452
COP2223-237,,INFORMATION COMMUNICATION TECHNOLOGY,Rajarata University of Sri Lanka,MATARA,1.5320,value,9,23,1.5320
COP2223-237,,INFORMATION COMMUNICATION TECHNOLOGY,Rajarata University of Sri Lanka,HAMBANTOTA,1.3884,value,9,23,1.3884
COP2223-237,,INFORMATION COMMUNICATION TECHNOLOGY,Rajarata University of Sri Lanka,JAFFNA,1.3859,value,9,23,1.3859
COP2223-237,,INFORMATION COMMUNICATION TECHNOLOGY,Rajarata University of Sri Lanka,KILINOCHCHI,1.5104,value,9,23,1.5104
COP2223-237,,INFORMATION COMMUNICATION TECHNOLOGY,Rajarata University of Sri Lanka,MANNAR,,NQC,9,23,NQC
COP2223-237,,INFORMATION COMMUNICATION TECHNOLOGY,Rajarata University of Sri Lanka,MULLAITIVU,,NQC,9,23,NQC
COP2223-237,,INFORMATION COMMUNICATION TECHNOLOGY,Rajarata University of Sri Lanka,VAVUNIYA,,NQC,9,23,NQC
COP2223-237,,INFORMATION COMMUNICATION TECHNOLOGY,Rajarata University of Sri Lanka,TRINCOMALEE,,NQC,9,23,NQC
COP2223-237,,INFORMATION COMMUNICATION TECHNOLOGY,Rajarata University of Sri Lanka,BATTICALOA,1.3815,value,9,23,1.3815
COP2223-237,,INFORMATION COMMUNICATION TECHNOLOGY,Rajarata University of Sri Lanka,AMPARA,1.3810,value,9,23,1.3810
COP2223-237,,INFORMATION COMMUNICATION TECHNOLOGY,Rajarata University of Sri Lanka,PUTTALAM,1.3821,value,9,23,1.3821
COP2223-237,,INFORMATION COMMUNICATION TECHNOLOGY,Rajarata University of Sri Lanka,KURUNEGALA,1.3785,value,9,23,1.3785
COP2223-237,,INFORMATION COMMUNICATION TECHNOLOGY,Rajarata University of Sri Lanka,ANURADHAPURA,1.4027,value,9,23,1.4027
COP2223-237,,INFORMATION COMMUNICATION TECHNOLOGY,Rajarata University of Sri Lanka,POLONNARUWA,,NQC,9,23,NQC
COP2223-237,,INFORMATION COMMUNICATION TECHNOLOGY,Rajarata University of Sri Lanka,BADULLA,1.3785,value,9,23,1.3785
COP2223-237,,INFORMATION COMMUNICATION TECHNOLOGY,Rajarata University of Sri Lanka,MONARAGALA,1.5211,value,9,23,1.5211
COP2223-237,,INFORMATION COMMUNICATION TECHNOLOGY,Rajarata University of Sri Lanka,KEGALLE,1.3879,value,9,23,1.3879
COP2223-237,,INFORMATION COMMUNICATION TECHNOLOGY,Rajarata University of Sri Lanka,RATNAPURA,1.4266,value,9,23,1.4266
COP2223-238,,INFORMATION COMMUNICATION TECHNOLOGY,"University of Vavuniya, Sri Lanka",COLOMBO,0.9974,value,9,24,0.9974
COP2223-238,,INFORMATION COMMUNICATION TECHNOLOGY,"University of Vavuniya, Sri Lanka",GAMPAHA,1.0193,value,9,24,1.0193
COP2223-238,,INFORMATION COMMUNICATION TECHNOLOGY,"University of Vavuniya, Sri Lanka",KALUTARA,1.4977,value,9,24,1.4977
COP2223-238,,INFORMATION COMMUNICATION TECHNOLOGY,"University of Vavuniya, Sri Lanka",MATALE,,NQC,9,24,NQC
COP2223-238,,INFORMATION COMMUNICATION TECHNOLOGY,"University of Vavuniya, Sri Lanka",KANDY,0.9404,value,9,24,0.9404
COP2223-238,,INFORMATION COMMUNICATION TECHNOLOGY,"University of Vavuniya, Sri Lanka",NUWARA ELIYA,0.8619,value,9,24,0.8619
COP2223-238,,INFORMATION COMMUNICATION TECHNOLOGY,"University of Vavuniya, Sri Lanka",GALLE,,NQC,9,24,NQC
COP2223-238,,INFORMATION COMMUNICATION TECHNOLOGY,"University of Vavuniya, Sri Lanka",MATARA,,NQC,9,24,NQC
COP2223-238,,INFORMATION COMMUNICATION TECHNOLOGY,"University of Vavuniya, Sri Lanka",HAMBANTOTA,1.3141,value,9,24,1.3141
COP2223-238,,INFORMATION COMMUNICATION TECHNOLOGY,"University of Vavuniya, Sri Lanka",JAFFNA,0.8547,value,9,24,0.8547
COP2223-238,,INFORMATION COMMUNICATION TECHNOLOGY,"University of Vavuniya, Sri Lanka",KILINOCHCHI,0.8913,value,9,24,0.8913
COP2223-238,,INFORMATION COMMUNICATION TECHNOLOGY,"University of Vavuniya, Sri Lanka",MANNAR,0.5081,value,9,24,0.5081
COP2223-238,,INFORMATION COMMUNICATION TECHNOLOGY,"University of Vavuniya, Sri Lanka",MULLAITIVU,0.2412,value,9,24,0.2412
COP2223-238,,INFORMATION COMMUNICATION TECHNOLOGY,"University of Vavuniya, Sri Lanka",VAVUNIYA,0.1369,value,9,24,0.1369
COP2223-238,,INFORMATION COMMUNICATION TECHNOLOGY,"University of Vavuniya, Sri Lanka",TRINCOMALEE,0.7518,value,9,24,0.7518
COP2223-238,,INFORMATION COMMUNICATION TECHNOLOGY,"University of Vavuniya, Sri Lanka",BATTICALOA,1.3603,value,9,24,1.3603
COP2223-238,,INFORMATION COMMUNICATION TECHNOLOGY,"University of Vavuniya, Sri Lanka",AMPARA,0.8812,value,9,24,0.8812
COP2223-238,,INFORMATION COMMUNICATION TECHNOLOGY,"University of Vavuniya, Sri Lanka",PUTTALAM,0.8199,value,9,24,0.8199
COP2223-238,,INFORMATION COMMUNICATION TECHNOLOGY,"University of Vavuniya, Sri Lanka",KURUNEGALA,1.3026,value,9,24,1.3026
COP2223-238,,INFORMATION COMMUNICATION TECHNOLOGY,"University of Vavuniya, Sri Lanka",ANURADHAPURA,1.0335,value,9,24,1.0335
COP2223-238,,INFORMATION COMMUNICATION TECHNOLOGY,"University of Vavuniya, Sri Lanka",POLONNARUWA,0.6690,value,9,24,0.6690
COP2223-238,,INFORMATION COMMUNICATION TECHNOLOGY,"University of Vavuniya, Sri Lanka",BADULLA,1.2276,value,9,24,1.2276
COP2223-238,,INFORMATION COMMUNICATION TECHNOLOGY,"University of Vavuniya, Sri Lanka",MONARAGALA,0.7886,value,9,24,0.7886
COP2223-238,,INFORMATION COMMUNICATION TECHNOLOGY,"University of Vavuniya, Sri Lanka",KEGALLE,1.2555,value,9,24,1.2555
COP2223-238,,INFORMATION COMMUNICATION TECHNOLOGY,"University of Vavuniya, Sri Lanka",RATNAPURA,1.0482,value,9,24,1.0482
COP2223-239,,INFORMATION COMMUNICATION TECHNOLOGY,Uva Wellassa University of Sri Lanka,COLOMBO,1.5338,value,9,25,1.5338
COP2223-239,,INFORMATION COMMUNICATION TECHNOLOGY,Uva Wellassa University of Sri Lanka,GAMPAHA,1.5746,value,9,25,1.5746
COP2223-239,,INFORMATION COMMUNICATION TECHNOLOGY,Uva Wellassa University of Sri Lanka,KALUTARA,1.5374,value,9,25,1.5374
COP2223-239,,INFORMATION COMMUNICATION TECHNOLOGY,Uva Wellassa University of Sri Lanka,MATALE,1.5794,value,9,25,1.5794
COP2223-239,,INFORMATION COMMUNICATION TECHNOLOGY,Uva Wellassa University of Sri Lanka,KANDY,1.5392,value,9,25,1.5392
COP2223-239,,INFORMATION COMMUNICATION TECHNOLOGY,Uva Wellassa University of Sri Lanka,NUWARA ELIYA,1.6373,value,9,25,1.6373
COP2223-239,,INFORMATION COMMUNICATION TECHNOLOGY,Uva Wellassa University of Sri Lanka,GALLE,1.5480,value,9,25,1.5480
COP2223-239,,INFORMATION COMMUNICATION TECHNOLOGY,Uva Wellassa University of Sri Lanka,MATARA,1.5540,value,9,25,1.5540
COP2223-239,,INFORMATION COMMUNICATION TECHNOLOGY,Uva Wellassa University of Sri Lanka,HAMBANTOTA,1.5584,value,9,25,1.5584
COP2223-239,,INFORMATION COMMUNICATION TECHNOLOGY,Uva Wellassa University of Sri Lanka,JAFFNA,1.8565,value,9,25,1.8565
COP2223-239,,INFORMATION COMMUNICATION TECHNOLOGY,Uva Wellassa University of Sri Lanka,KILINOCHCHI,,NQC,9,25,NQC
COP2223-239,,INFORMATION COMMUNICATION TECHNOLOGY,Uva Wellassa University of Sri Lanka,MANNAR,,NQC,9,25,NQC
COP2223-239,,INFORMATION COMMUNICATION TECHNOLOGY,Uva Wellassa University of Sri Lanka,MULLAITIVU,,NQC,9,25,NQC
COP2223-239,,INFORMATION COMMUNICATION TECHNOLOGY,Uva Wellassa University of Sri Lanka,VAVUNIYA,,NQC,9,25,NQC
COP2223-239,,INFORMATION COMMUNICATION TECHNOLOGY,Uva Wellassa University of Sri Lanka,TRINCOMALEE,1.7729,value,9,25,1.7729
COP2223-239,,INFORMATION COMMUNICATION TECHNOLOGY,Uva Wellassa University of Sri Lanka,BATTICALOA,1.5967,value,9,25,1.5967
COP2223-239,,INFORMATION COMMUNICATION TECHNOLOGY,Uva Wellassa University of Sri Lanka,AMPARA,1.6034,value,9,25,1.6034
COP2223-239,,INFORMATION COMMUNICATION TECHNOLOGY,Uva Wellassa University of Sri Lanka,PUTTALAM,1.6217,value,9,25,1.6217
COP2223-239,,INFORMATION COMMUNICATION TECHNOLOGY,Uva Wellassa University of Sri Lanka,KURUNEGALA,1.5324,value,9,25,1.5324
COP2223-239,,INFORMATION COMMUNICATION TECHNOLOGY,Uva Wellassa University of Sri Lanka,ANURADHAPURA,1.5535,value,9,25,1.5535
COP2223-239,,INFORMATION COMMUNICATION TECHNOLOGY,Uva Wellassa University of Sri Lanka,POLONNARUWA,1.8568,value,9,25,1.8568
COP2223-239,,INFORMATION COMMUNICATION TECHNOLOGY,Uva Wellassa University of Sri Lanka,BADULLA,1.5882,value,9,25,1.5882
COP2223-239,,INFORMATION COMMUNICATION TECHNOLOGY,Uva Wellassa University of Sri Lanka,MONARAGALA,1.5603,value,9,25,1.5603
COP2223-239,,INFORMATION COMMUNICATION TECHNOLOGY,Uva Wellassa University of Sri Lanka,KEGALLE,1.5584,value,9,25,1.5584
COP2223-239,,INFORMATION COMMUNICATION TECHNOLOGY,Uva Wellassa University of Sri Lanka,RATNAPURA,1.5407,value,9,25,1.5407
COP2223-240,,PHYSICAL SCIENCE -ICT,University of Sri Jayewardenepura,COLOMBO,0.9679,value,9,26,0.9679
COP2223-240,,PHYSICAL SCIENCE -ICT,University of Sri Jayewardenepura,GAMPAHA,0.9607,value,9,26,0.9607
COP2223-240,,PHYSICAL SCIENCE -ICT,University of Sri Jayewardenepura,KALUTARA,0.9734,value,9,26,0.9734
COP2223-240,,PHYSICAL SCIENCE -ICT,University of Sri Jayewardenepura,MATALE,1.2561,value,9,26,1.2561
COP2223-240,,PHYSICAL SCIENCE -ICT,University of Sri Jayewardenepura,KANDY,1.0196,value,9,26,1.0196
COP2223-240,,PHYSICAL SCIENCE -ICT,University of Sri Jayewardenepura,NUWARA ELIYA,,NQC,9,26,NQC
COP2223-240,,PHYSICAL SCIENCE -ICT,University of Sri Jayewardenepura,GALLE,0.9758,value,9,26,0.9758
COP2223-240,,PHYSICAL SCIENCE -ICT,University of Sri Jayewardenepura,MATARA,0.9772,value,9,26,0.9772
COP2223-240,,PHYSICAL SCIENCE -ICT,University of Sri Jayewardenepura,HAMBANTOTA,0.9620,value,9,26,0.9620
COP2223-240,,PHYSICAL SCIENCE -ICT,University of Sri Jayewardenepura,JAFFNA,0.9819,value,9,26,0.9819
COP2223-240,,PHYSICAL SCIENCE -ICT,University of Sri Jayewardenepura,KILINOCHCHI,,NQC,9,26,NQC
COP2223-240,,PHYSICAL SCIENCE -ICT,University of Sri Jayewardenepura,MANNAR,,NQC,9,26,NQC
COP2223-240,,PHYSICAL SCIENCE -ICT,University of Sri Jayewardenepura,MULLAITIVU,,NQC,9,26,NQC
COP2223-240,,PHYSICAL SCIENCE -ICT,University of Sri Jayewardenepura,VAVUNIYA,,NQC,9,26,NQC
COP2223-240,,PHYSICAL SCIENCE -ICT,University of Sri Jayewardenepura,TRINCOMALEE,,NQC,9,26,NQC
COP2223-240,,PHYSICAL SCIENCE -ICT,University of Sri Jayewardenepura,BATTICALOA,0.9607,value,9,26,0.9607
COP2223-240,,PHYSICAL SCIENCE -ICT,University of Sri Jayewardenepura,AMPARA,,NQC,9,26,NQC
COP2223-240,,PHYSICAL SCIENCE -ICT,University of Sri Jayewardenepura,PUTTALAM,1.3494,value,9,26,1.3494
COP2223-240,,PHYSICAL SCIENCE -ICT,University of Sri Jayewardenepura,KURUNEGALA,0.9763,value,9,26,0.9763
COP2223-240,,PHYSICAL SCIENCE -ICT,University of Sri Jayewardenepura,ANURADHAPURA,0.9904,value,9,26,0.9904
COP2223-240,,PHYSICAL SCIENCE -ICT,University of Sri Jayewardenepura,POLONNARUWA,,NQC,9,26,NQC
COP2223-240,,PHYSICAL SCIENCE -ICT,University of Sri Jayewardenepura,BADULLA,,NQC,9,26,NQC
COP2223-240,,PHYSICAL SCIENCE -ICT,University of Sri Jayewardenepura,MONARAGALA,,NQC,9,26,NQC
COP2223-240,,PHYSICAL SCIENCE -ICT,University of Sri Jayewardenepura,KEGALLE,1.0390,value,9,26,1.0390
COP2223-240,,PHYSICAL SCIENCE -ICT,University of Sri Jayewardenepura,RATNAPURA,0.9947,value,9,26,0.9947
COP2223-241,,PHYSICAL SCIENCE -ICT,University of Kelaniya,COLOMBO,0.8942,value,10,1,0.8942
COP2223-241,,PHYSICAL SCIENCE -ICT,University of Kelaniya,GAMPAHA,0.8843,value,10,1,0.8843
COP2223-241,,PHYSICAL SCIENCE -ICT,University of Kelaniya,KALUTARA,0.9089,value,10,1,0.9089
COP2223-241,,PHYSICAL SCIENCE -ICT,University of Kelaniya,MATALE,0.4549,value,10,1,0.4549
COP2223-241,,PHYSICAL SCIENCE -ICT,University of Kelaniya,KANDY,0.6295,value,10,1,0.6295
COP2223-241,,PHYSICAL SCIENCE -ICT,University of Kelaniya,NUWARA ELIYA,0.4319,value,10,1,0.4319
COP2223-241,,PHYSICAL SCIENCE -ICT,University of Kelaniya,GALLE,0.9235,value,10,1,0.9235
COP2223-241,,PHYSICAL SCIENCE -ICT,University of Kelaniya,MATARA,1.3015,value,10,1,1.3015
COP2223-241,,PHYSICAL SCIENCE -ICT,University of Kelaniya,HAMBANTOTA,0.7725,value,10,1,0.7725
COP2223-241,,PHYSICAL SCIENCE -ICT,University of Kelaniya,JAFFNA,0.9422,value,10,1,0.9422
COP2223-241,,PHYSICAL SCIENCE -ICT,University of Kelaniya,KILINOCHCHI,-0.0832,value,10,1,-0.0832
COP2223-241,,PHYSICAL SCIENCE -ICT,University of Kelaniya,MANNAR,,NQC,10,1,NQC
COP2223-241,,PHYSICAL SCIENCE -ICT,University of Kelaniya,MULLAITIVU,-0.2476,value,10,1,-0.2476
COP2223-241,,PHYSICAL SCIENCE -ICT,University of Kelaniya,VAVUNIYA,0.4188,value,10,1,0.4188
COP2223-241,,PHYSICAL SCIENCE -ICT,University of Kelaniya,TRINCOMALEE,0.5883,value,10,1,0.5883
COP2223-241,,PHYSICAL SCIENCE -ICT,University of Kelaniya,BATTICALOA,0.5258,value,10,1,0.5258
COP2223-241,,PHYSICAL SCIENCE -ICT,University of Kelaniya,AMPARA,-0.0818,value,10,1,-0.0818
COP2223-241,,PHYSICAL SCIENCE -ICT,University of Kelaniya,PUTTALAM,0.1980,value,10,1,0.1980
COP2223-241,,PHYSICAL SCIENCE -ICT,University of Kelaniya,KURUNEGALA,0.8810,value,10,1,0.8810
COP2223-241,,PHYSICAL SCIENCE -ICT,University of Kelaniya,ANURADHAPURA,0.6726,value,10,1,0.6726
COP2223-241,,PHYSICAL SCIENCE -ICT,University of Kelaniya,POLONNARUWA,0.2815,value,10,1,0.2815
COP2223-241,,PHYSICAL SCIENCE -ICT,University of Kelaniya,BADULLA,0.5365,value,10,1,0.5365
COP2223-241,,PHYSICAL SCIENCE -ICT,University of Kelaniya,MONARAGALA,0.8387,value,10,1,0.8387
COP2223-241,,PHYSICAL SCIENCE -ICT,University of Kelaniya,KEGALLE,0.7501,value,10,1,0.7501
COP2223-241,,PHYSICAL SCIENCE -ICT,University of Kelaniya,RATNAPURA,0.6155,value,10,1,0.6155
COP2223-242,,TRANSLATION STUDIES,University of Kelaniya,COLOMBO,1.3257,value,10,2,1.3257
COP2223-242,,TRANSLATION STUDIES,University of Kelaniya,GAMPAHA,1.3795,value,10,2,1.3795
COP2223-242,,TRANSLATION STUDIES,University of Kelaniya,KALUTARA,1.2803,value,10,2,1.2803
COP2223-242,,TRANSLATION STUDIES,University of Kelaniya,MATALE,1.3401,value,10,2,1.3401
COP2223-242,,TRANSLATION STUDIES,University of Kelaniya,KANDY,1.2902,value,10,2,1.2902
COP2223-242,,TRANSLATION STUDIES,University of Kelaniya,NUWARA ELIYA,,NQC,10,2,NQC
COP2223-242,,TRANSLATION STUDIES,University of Kelaniya,GALLE,1.3169,value,10,2,1.3169
COP2223-242,,TRANSLATION STUDIES,University of Kelaniya,MATARA,1.3136,value,10,2,1.3136
COP2223-242,,TRANSLATION STUDIES,University of Kelaniya,HAMBANTOTA,1.2827,value,10,2,1.2827
COP2223-242,,TRANSLATION STUDIES,University of Kelaniya,JAFFNA,,NQC,10,2,NQC
COP2223-242,,TRANSLATION STUDIES,University of Kelaniya,KILINOCHCHI,,NQC,10,2,NQC
COP2223-242,,TRANSLATION STUDIES,University of Kelaniya,MANNAR,,NQC,10,2,NQC
COP2223-242,,TRANSLATION STUDIES,University of Kelaniya,MULLAITIVU,,NQC,10,2,NQC
COP2223-242,,TRANSLATION STUDIES,University of Kelaniya,VAVUNIYA,,NQC,10,2,NQC
COP2223-242,,TRANSLATION STUDIES,University of Kelaniya,TRINCOMALEE,,NQC,10,2,NQC
COP2223-242,,TRANSLATION STUDIES,University of Kelaniya,BATTICALOA,,NQC,10,2,NQC
COP2223-242,,TRANSLATION STUDIES,University of Kelaniya,AMPARA,,NQC,10,2,NQC
COP2223-242,,TRANSLATION STUDIES,University of Kelaniya,PUTTALAM,,NQC,10,2,NQC
COP2223-242,,TRANSLATION STUDIES,University of Kelaniya,KURUNEGALA,,NQC,10,2,NQC
COP2223-242,,TRANSLATION STUDIES,University of Kelaniya,ANURADHAPURA,1.3924,value,10,2,1.3924
COP2223-242,,TRANSLATION STUDIES,University of Kelaniya,POLONNARUWA,,NQC,10,2,NQC
COP2223-242,,TRANSLATION STUDIES,University of Kelaniya,BADULLA,1.3606,value,10,2,1.3606
COP2223-242,,TRANSLATION STUDIES,University of Kelaniya,MONARAGALA,,NQC,10,2,NQC
COP2223-242,,TRANSLATION STUDIES,University of Kelaniya,KEGALLE,,NQC,10,2,NQC
COP2223-242,,TRANSLATION STUDIES,University of Kelaniya,RATNAPURA,,NQC,10,2,NQC
COP2223-243,,TRANSLATION STUDIES,University of Jaffna,COLOMBO,0.3594,value,10,3,0.3594
COP2223-243,,TRANSLATION STUDIES,University of Jaffna,GAMPAHA,,NQC,10,3,NQC
COP2223-243,,TRANSLATION STUDIES,University of Jaffna,KALUTARA,0.5809,value,10,3,0.5809
COP2223-243,,TRANSLATION STUDIES,University of Jaffna,MATALE,,NQC,10,3,NQC
COP2223-243,,TRANSLATION STUDIES,University of Jaffna,KANDY,0.6802,value,10,3,0.6802
COP2223-243,,TRANSLATION STUDIES,University of Jaffna,NUWARA ELIYA,0.7378,value,10,3,0.7378
COP2223-243,,TRANSLATION STUDIES,University of Jaffna,GALLE,,NQC,10,3,NQC
COP2223-243,,TRANSLATION STUDIES,University of Jaffna,MATARA,0.2825,value,10,3,0.2825
COP2223-243,,TRANSLATION STUDIES,University of Jaffna,HAMBANTOTA,,NQC,10,3,NQC
COP2223-243,,TRANSLATION STUDIES,University of Jaffna,JAFFNA,0.9260,value,10,3,0.9260
COP2223-243,,TRANSLATION STUDIES,University of Jaffna,KILINOCHCHI,0.6382,value,10,3,0.6382
COP2223-243,,TRANSLATION STUDIES,University of Jaffna,MANNAR,0.8658,value,10,3,0.8658
COP2223-243,,TRANSLATION STUDIES,University of Jaffna,MULLAITIVU,0.9694,value,10,3,0.9694
COP2223-243,,TRANSLATION STUDIES,University of Jaffna,VAVUNIYA,0.9181,value,10,3,0.9181
COP2223-243,,TRANSLATION STUDIES,University of Jaffna,TRINCOMALEE,0.1045,value,10,3,0.1045
COP2223-243,,TRANSLATION STUDIES,University of Jaffna,BATTICALOA,0.9021,value,10,3,0.9021
COP2223-243,,TRANSLATION STUDIES,University of Jaffna,AMPARA,0.5429,value,10,3,0.5429
COP2223-243,,TRANSLATION STUDIES,University of Jaffna,PUTTALAM,0.8910,value,10,3,0.8910
COP2223-243,,TRANSLATION STUDIES,University of Jaffna,KURUNEGALA,0.3170,value,10,3,0.3170
COP2223-243,,TRANSLATION STUDIES,University of Jaffna,ANURADHAPURA,-0.3788,value,10,3,-0.3788
COP2223-243,,TRANSLATION STUDIES,University of Jaffna,POLONNARUWA,,NQC,10,3,NQC
COP2223-243,,TRANSLATION STUDIES,University of Jaffna,BADULLA,0.3080,value,10,3,0.3080
COP2223-243,,TRANSLATION STUDIES,University of Jaffna,MONARAGALA,,NQC,10,3,NQC
COP2223-243,,TRANSLATION STUDIES,University of Jaffna,KEGALLE,0.6421,value,10,3,0.6421
COP2223-243,,TRANSLATION STUDIES,University of Jaffna,RATNAPURA,0.5192,value,10,3,0.5192
COP2223-244,,TRANSLATION STUDIES,"Eastern University, Sri Lanka",COLOMBO,0.6717,value,10,4,0.6717
COP2223-244,,TRANSLATION STUDIES,"Eastern University, Sri Lanka",GAMPAHA,0.9240,value,10,4,0.9240
COP2223-244,,TRANSLATION STUDIES,"Eastern University, Sri Lanka",KALUTARA,0.7276,value,10,4,0.7276
COP2223-244,,TRANSLATION STUDIES,"Eastern University, Sri Lanka",MATALE,0.6232,value,10,4,0.6232
COP2223-244,,TRANSLATION STUDIES,"Eastern University, Sri Lanka",KANDY,0.7095,value,10,4,0.7095
COP2223-244,,TRANSLATION STUDIES,"Eastern University, Sri Lanka",NUWARA ELIYA,1.3782,value,10,4,1.3782
COP2223-244,,TRANSLATION STUDIES,"Eastern University, Sri Lanka",GALLE,0.8917,value,10,4,0.8917
COP2223-244,,TRANSLATION STUDIES,"Eastern University, Sri Lanka",MATARA,,NQC,10,4,NQC
COP2223-244,,TRANSLATION STUDIES,"Eastern University, Sri Lanka",HAMBANTOTA,,NQC,10,4,NQC
COP2223-244,,TRANSLATION STUDIES,"Eastern University, Sri Lanka",JAFFNA,,NQC,10,4,NQC
COP2223-244,,TRANSLATION STUDIES,"Eastern University, Sri Lanka",KILINOCHCHI,,NQC,10,4,NQC
COP2223-244,,TRANSLATION STUDIES,"Eastern University, Sri Lanka",MANNAR,,NQC,10,4,NQC
COP2223-244,,TRANSLATION STUDIES,"Eastern University, Sri Lanka",MULLAITIVU,,NQC,10,4,NQC
COP2223-244,,TRANSLATION STUDIES,"Eastern University, Sri Lanka",VAVUNIYA,,NQC,10,4,NQC
COP2223-244,,TRANSLATION STUDIES,"Eastern University, Sri Lanka",TRINCOMALEE,0.7570,value,10,4,0.7570
COP2223-244,,TRANSLATION STUDIES,"Eastern University, Sri Lanka",BATTICALOA,0.8875,value,10,4,0.8875
COP2223-244,,TRANSLATION STUDIES,"Eastern University, Sri Lanka",AMPARA,0.5850,value,10,4,0.5850
COP2223-244,,TRANSLATION STUDIES,"Eastern University, Sri Lanka",PUTTALAM,1.2304,value,10,4,1.2304
COP2223-244,,TRANSLATION STUDIES,"Eastern University, Sri Lanka",KURUNEGALA,0.7734,value,10,4,0.7734
COP2223-244,,TRANSLATION STUDIES,"Eastern University, Sri Lanka",ANURADHAPURA,0.6794,value,10,4,0.6794
COP2223-244,,TRANSLATION STUDIES,"Eastern University, Sri Lanka",POLONNARUWA,,NQC,10,4,NQC
COP2223-244,,TRANSLATION STUDIES,"Eastern University, Sri Lanka",BADULLA,1.2677,value,10,4,1.2677
COP2223-244,,TRANSLATION STUDIES,"Eastern University, Sri Lanka",MONARAGALA,,NQC,10,4,NQC
COP2223-244,,TRANSLATION STUDIES,"Eastern University, Sri Lanka",KEGALLE,0.6656,value,10,4,0.6656
COP2223-244,,TRANSLATION STUDIES,"Eastern University, Sri Lanka",RATNAPURA,,NQC,10,4,NQC
COP2223-245,,TRANSLATION STUDIES,Sabaragamuwa University of Sri Lanka,COLOMBO,1.1138,value,10,5,1.1138
COP2223-245,,TRANSLATION STUDIES,Sabaragamuwa University of Sri Lanka,GAMPAHA,0.8462,value,10,5,0.8462
COP2223-245,,TRANSLATION STUDIES,Sabaragamuwa University of Sri Lanka,KALUTARA,1.0886,value,10,5,1.0886
COP2223-245,,TRANSLATION STUDIES,Sabaragamuwa University of Sri Lanka,MATALE,0.9007,value,10,5,0.9007
COP2223-245,,TRANSLATION STUDIES,Sabaragamuwa University of Sri Lanka,KANDY,0.9852,value,10,5,0.9852
COP2223-245,,TRANSLATION STUDIES,Sabaragamuwa University of Sri Lanka,NUWARA ELIYA,,NQC,10,5,NQC
COP2223-245,,TRANSLATION STUDIES,Sabaragamuwa University of Sri Lanka,GALLE,1.1879,value,10,5,1.1879
COP2223-245,,TRANSLATION STUDIES,Sabaragamuwa University of Sri Lanka,MATARA,1.1603,value,10,5,1.1603
COP2223-245,,TRANSLATION STUDIES,Sabaragamuwa University of Sri Lanka,HAMBANTOTA,1.0815,value,10,5,1.0815
COP2223-245,,TRANSLATION STUDIES,Sabaragamuwa University of Sri Lanka,JAFFNA,,NQC,10,5,NQC
COP2223-245,,TRANSLATION STUDIES,Sabaragamuwa University of Sri Lanka,KILINOCHCHI,,NQC,10,5,NQC
COP2223-245,,TRANSLATION STUDIES,Sabaragamuwa University of Sri Lanka,MANNAR,,NQC,10,5,NQC
COP2223-245,,TRANSLATION STUDIES,Sabaragamuwa University of Sri Lanka,MULLAITIVU,,NQC,10,5,NQC
COP2223-245,,TRANSLATION STUDIES,Sabaragamuwa University of Sri Lanka,VAVUNIYA,,NQC,10,5,NQC
COP2223-245,,TRANSLATION STUDIES,Sabaragamuwa University of Sri Lanka,TRINCOMALEE,,NQC,10,5,NQC
COP2223-245,,TRANSLATION STUDIES,Sabaragamuwa University of Sri Lanka,BATTICALOA,,NQC,10,5,NQC
COP2223-245,,TRANSLATION STUDIES,Sabaragamuwa University of Sri Lanka,AMPARA,,NQC,10,5,NQC
COP2223-245,,TRANSLATION STUDIES,Sabaragamuwa University of Sri Lanka,PUTTALAM,0.7059,value,10,5,0.7059
COP2223-245,,TRANSLATION STUDIES,Sabaragamuwa University of Sri Lanka,KURUNEGALA,0.6582,value,10,5,0.6582
COP2223-245,,TRANSLATION STUDIES,Sabaragamuwa University of Sri Lanka,ANURADHAPURA,1.0974,value,10,5,1.0974
COP2223-245,,TRANSLATION STUDIES,Sabaragamuwa University of Sri Lanka,POLONNARUWA,0.9177,value,10,5,0.9177
COP2223-245,,TRANSLATION STUDIES,Sabaragamuwa University of Sri Lanka,BADULLA,1.0347,value,10,5,1.0347
COP2223-245,,TRANSLATION STUDIES,Sabaragamuwa University of Sri Lanka,MONARAGALA,,NQC,10,5,NQC
COP2223-245,,TRANSLATION STUDIES,Sabaragamuwa University of Sri Lanka,KEGALLE,0.9974,value,10,5,0.9974
COP2223-245,,TRANSLATION STUDIES,Sabaragamuwa University of Sri Lanka,RATNAPURA,1.0633,value,10,5,1.0633
COP2223-246,,FILM & TELEVISION STUDIES,University of Kelaniya,COLOMBO,1.0316,value,10,6,1.0316
COP2223-246,,FILM & TELEVISION STUDIES,University of Kelaniya,GAMPAHA,0.8714,value,10,6,0.8714
COP2223-246,,FILM & TELEVISION STUDIES,University of Kelaniya,KALUTARA,1.0585,value,10,6,1.0585
COP2223-246,,FILM & TELEVISION STUDIES,University of Kelaniya,MATALE,,NQC,10,6,NQC
COP2223-246,,FILM & TELEVISION STUDIES,University of Kelaniya,KANDY,0.7936,value,10,6,0.7936
COP2223-246,,FILM & TELEVISION STUDIES,University of Kelaniya,NUWARA ELIYA,0.5150,value,10,6,0.5150
COP2223-246,,FILM & TELEVISION STUDIES,University of Kelaniya,GALLE,1.1485,value,10,6,1.1485
COP2223-246,,FILM & TELEVISION STUDIES,University of Kelaniya,MATARA,1.1187,value,10,6,1.1187
COP2223-246,,FILM & TELEVISION STUDIES,University of Kelaniya,HAMBANTOTA,1.1990,value,10,6,1.1990
COP2223-246,,FILM & TELEVISION STUDIES,University of Kelaniya,JAFFNA,,NQC,10,6,NQC
COP2223-246,,FILM & TELEVISION STUDIES,University of Kelaniya,KILINOCHCHI,,NQC,10,6,NQC
COP2223-246,,FILM & TELEVISION STUDIES,University of Kelaniya,MANNAR,,NQC,10,6,NQC
COP2223-246,,FILM & TELEVISION STUDIES,University of Kelaniya,MULLAITIVU,,NQC,10,6,NQC
COP2223-246,,FILM & TELEVISION STUDIES,University of Kelaniya,VAVUNIYA,,NQC,10,6,NQC
COP2223-246,,FILM & TELEVISION STUDIES,University of Kelaniya,TRINCOMALEE,,NQC,10,6,NQC
COP2223-246,,FILM & TELEVISION STUDIES,University of Kelaniya,BATTICALOA,,NQC,10,6,NQC
COP2223-246,,FILM & TELEVISION STUDIES,University of Kelaniya,AMPARA,0.7682,value,10,6,0.7682
COP2223-246,,FILM & TELEVISION STUDIES,University of Kelaniya,PUTTALAM,0.6505,value,10,6,0.6505
COP2223-246,,FILM & TELEVISION STUDIES,University of Kelaniya,KURUNEGALA,1.0794,value,10,6,1.0794
COP2223-246,,FILM & TELEVISION STUDIES,University of Kelaniya,ANURADHAPURA,0.9846,value,10,6,0.9846
COP2223-246,,FILM & TELEVISION STUDIES,University of Kelaniya,POLONNARUWA,1.4126,value,10,6,1.4126
COP2223-246,,FILM & TELEVISION STUDIES,University of Kelaniya,BADULLA,1.1250,value,10,6,1.1250
COP2223-246,,FILM & TELEVISION STUDIES,University of Kelaniya,MONARAGALA,1.0550,value,10,6,1.0550
COP2223-246,,FILM & TELEVISION STUDIES,University of Kelaniya,KEGALLE,1.2090,value,10,6,1.2090
COP2223-246,,FILM & TELEVISION STUDIES,University of Kelaniya,RATNAPURA,1.0389,value,10,6,1.0389
COP2223-247,,PROJECT MANAGEMENT,"University of Vavuniya, Sri Lanka",COLOMBO,1.3184,value,10,7,1.3184
COP2223-247,,PROJECT MANAGEMENT,"University of Vavuniya, Sri Lanka",GAMPAHA,1.3040,value,10,7,1.3040
COP2223-247,,PROJECT MANAGEMENT,"University of Vavuniya, Sri Lanka",KALUTARA,1.3114,value,10,7,1.3114
COP2223-247,,PROJECT MANAGEMENT,"University of Vavuniya, Sri Lanka",MATALE,1.4221,value,10,7,1.4221
COP2223-247,,PROJECT MANAGEMENT,"University of Vavuniya, Sri Lanka",KANDY,1.3343,value,10,7,1.3343
COP2223-247,,PROJECT MANAGEMENT,"University of Vavuniya, Sri Lanka",NUWARA ELIYA,1.3940,value,10,7,1.3940
COP2223-247,,PROJECT MANAGEMENT,"University of Vavuniya, Sri Lanka",GALLE,1.3229,value,10,7,1.3229
COP2223-247,,PROJECT MANAGEMENT,"University of Vavuniya, Sri Lanka",MATARA,1.3183,value,10,7,1.3183
COP2223-247,,PROJECT MANAGEMENT,"University of Vavuniya, Sri Lanka",HAMBANTOTA,1.3170,value,10,7,1.3170
COP2223-247,,PROJECT MANAGEMENT,"University of Vavuniya, Sri Lanka",JAFFNA,1.4395,value,10,7,1.4395
COP2223-247,,PROJECT MANAGEMENT,"University of Vavuniya, Sri Lanka",KILINOCHCHI,1.2347,value,10,7,1.2347
COP2223-247,,PROJECT MANAGEMENT,"University of Vavuniya, Sri Lanka",MANNAR,1.2516,value,10,7,1.2516
COP2223-247,,PROJECT MANAGEMENT,"University of Vavuniya, Sri Lanka",MULLAITIVU,1.1682,value,10,7,1.1682
COP2223-247,,PROJECT MANAGEMENT,"University of Vavuniya, Sri Lanka",VAVUNIYA,1.4837,value,10,7,1.4837
COP2223-247,,PROJECT MANAGEMENT,"University of Vavuniya, Sri Lanka",TRINCOMALEE,1.4830,value,10,7,1.4830
COP2223-247,,PROJECT MANAGEMENT,"University of Vavuniya, Sri Lanka",BATTICALOA,1.4334,value,10,7,1.4334
COP2223-247,,PROJECT MANAGEMENT,"University of Vavuniya, Sri Lanka",AMPARA,1.4135,value,10,7,1.4135
COP2223-247,,PROJECT MANAGEMENT,"University of Vavuniya, Sri Lanka",PUTTALAM,1.4858,value,10,7,1.4858
COP2223-247,,PROJECT MANAGEMENT,"University of Vavuniya, Sri Lanka",KURUNEGALA,1.4250,value,10,7,1.4250
COP2223-247,,PROJECT MANAGEMENT,"University of Vavuniya, Sri Lanka",ANURADHAPURA,1.3737,value,10,7,1.3737
COP2223-247,,PROJECT MANAGEMENT,"University of Vavuniya, Sri Lanka",POLONNARUWA,1.4168,value,10,7,1.4168
COP2223-247,,PROJECT MANAGEMENT,"University of Vavuniya, Sri Lanka",BADULLA,1.3095,value,10,7,1.3095
COP2223-247,,PROJECT MANAGEMENT,"University of Vavuniya, Sri Lanka",MONARAGALA,1.4320,value,10,7,1.4320
COP2223-247,,PROJECT MANAGEMENT,"University of Vavuniya, Sri Lanka",KEGALLE,1.4662,value,10,7,1.4662
COP2223-247,,PROJECT MANAGEMENT,"University of Vavuniya, Sri Lanka",RATNAPURA,1.3480,value,10,7,1.3480
COP2223-248,,TEACHING ENGLISH AS A SECOND LANGUAGE (TESL),University of Sri Jayewardenepura,COLOMBO,1.0633,value,10,8,1.0633
COP2223-248,,TEACHING ENGLISH AS A SECOND LANGUAGE (TESL),University of Sri Jayewardenepura,GAMPAHA,1.0633,value,10,8,1.0633
COP2223-248,,TEACHING ENGLISH AS A SECOND LANGUAGE (TESL),University of Sri Jayewardenepura,KALUTARA,1.0633,value,10,8,1.0633
COP2223-248,,TEACHING ENGLISH AS A SECOND LANGUAGE (TESL),University of Sri Jayewardenepura,MATALE,1.0633,value,10,8,1.0633
COP2223-248,,TEACHING ENGLISH AS A SECOND LANGUAGE (TESL),University of Sri Jayewardenepura,KANDY,1.0633,value,10,8,1.0633
COP2223-248,,TEACHING ENGLISH AS A SECOND LANGUAGE (TESL),University of Sri Jayewardenepura,NUWARA ELIYA,1.0633,value,10,8,1.0633
COP2223-248,,TEACHING ENGLISH AS A SECOND LANGUAGE (TESL),University of Sri Jayewardenepura,GALLE,1.0633,value,10,8,1.0633
COP2223-248,,TEACHING ENGLISH AS A SECOND LANGUAGE (TESL),University of Sri Jayewardenepura,MATARA,1.0633,value,10,8,1.0633
COP2223-248,,TEACHING ENGLISH AS A SECOND LANGUAGE (TESL),University of Sri Jayewardenepura,HAMBANTOTA,1.0633,value,10,8,1.0633
COP2223-248,,TEACHING ENGLISH AS A SECOND LANGUAGE (TESL),University of Sri Jayewardenepura,JAFFNA,1.0633,value,10,8,1.0633
COP2223-248,,TEACHING ENGLISH AS A SECOND LANGUAGE (TESL),University of Sri Jayewardenepura,KILINOCHCHI,1.0633,value,10,8,1.0633
COP2223-248,,TEACHING ENGLISH AS A SECOND LANGUAGE (TESL),University of Sri Jayewardenepura,MANNAR,1.0633,value,10,8,1.0633
COP2223-248,,TEACHING ENGLISH AS A SECOND LANGUAGE (TESL),University of Sri Jayewardenepura,MULLAITIVU,1.0633,value,10,8,1.0633
COP2223-248,,TEACHING ENGLISH AS A SECOND LANGUAGE (TESL),University of Sri Jayewardenepura,VAVUNIYA,1.0633,value,10,8,1.0633
COP2223-248,,TEACHING ENGLISH AS A SECOND LANGUAGE (TESL),University of Sri Jayewardenepura,TRINCOMALEE,1.0633,value,10,8,1.0633
COP2223-248,,TEACHING ENGLISH AS A SECOND LANGUAGE (TESL),University of Sri Jayewardenepura,BATTICALOA,1.0633,value,10,8,1.0633
COP2223-248,,TEACHING ENGLISH AS A SECOND LANGUAGE (TESL),University of Sri Jayewardenepura,AMPARA,1.0633,value,10,8,1.0633
COP2223-248,,TEACHING ENGLISH AS A SECOND LANGUAGE (TESL),University of Sri Jayewardenepura,PUTTALAM,1.0633,value,10,8,1.0633
COP2223-248,,TEACHING ENGLISH AS A SECOND LANGUAGE (TESL),University of Sri Jayewardenepura,KURUNEGALA,1.0633,value,10,8,1.0633
COP2223-248,,TEACHING ENGLISH AS A SECOND LANGUAGE (TESL),University of Sri Jayewardenepura,ANURADHAPURA,1.0633,value,10,8,1.0633
COP2223-248,,TEACHING ENGLISH AS A SECOND LANGUAGE (TESL),University of Sri Jayewardenepura,POLONNARUWA,1.0633,value,10,8,1.0633
COP2223-248,,TEACHING ENGLISH AS A SECOND LANGUAGE (TESL),University of Sri Jayewardenepura,BADULLA,1.0633,value,10,8,1.0633
COP2223-248,,TEACHING ENGLISH AS A SECOND LANGUAGE (TESL),University of Sri Jayewardenepura,MONARAGALA,1.0633,value,10,8,1.0633
COP2223-248,,TEACHING ENGLISH AS A SECOND LANGUAGE (TESL),University of Sri Jayewardenepura,KEGALLE,1.0633,value,10,8,1.0633
COP2223-248,,TEACHING ENGLISH AS A SECOND LANGUAGE (TESL),University of Sri Jayewardenepura,RATNAPURA,1.0633,value,10,8,1.0633
COP2223-249,,TEACHING ENGLISH AS A SECOND LANGUAGE (TESL),University of Kelaniya,COLOMBO,1.0999,value,10,9,1.0999
COP2223-249,,TEACHING ENGLISH AS A SECOND LANGUAGE (TESL),University of Kelaniya,GAMPAHA,1.0999,value,10,9,1.0999
COP2223-249,,TEACHING ENGLISH AS A SECOND LANGUAGE (TESL),University of Kelaniya,KALUTARA,1.0999,value,10,9,1.0999
COP2223-249,,TEACHING ENGLISH AS A SECOND LANGUAGE (TESL),University of Kelaniya,MATALE,1.0999,value,10,9,1.0999
COP2223-249,,TEACHING ENGLISH AS A SECOND LANGUAGE (TESL),University of Kelaniya,KANDY,1.0999,value,10,9,1.0999
COP2223-249,,TEACHING ENGLISH AS A SECOND LANGUAGE (TESL),University of Kelaniya,NUWARA ELIYA,1.0999,value,10,9,1.0999
COP2223-249,,TEACHING ENGLISH AS A SECOND LANGUAGE (TESL),University of Kelaniya,GALLE,1.0999,value,10,9,1.0999
COP2223-249,,TEACHING ENGLISH AS A SECOND LANGUAGE (TESL),University of Kelaniya,MATARA,1.0999,value,10,9,1.0999
COP2223-249,,TEACHING ENGLISH AS A SECOND LANGUAGE (TESL),University of Kelaniya,HAMBANTOTA,1.0999,value,10,9,1.0999
COP2223-249,,TEACHING ENGLISH AS A SECOND LANGUAGE (TESL),University of Kelaniya,JAFFNA,1.0999,value,10,9,1.0999
COP2223-249,,TEACHING ENGLISH AS A SECOND LANGUAGE (TESL),University of Kelaniya,KILINOCHCHI,1.0999,value,10,9,1.0999
COP2223-249,,TEACHING ENGLISH AS A SECOND LANGUAGE (TESL),University of Kelaniya,MANNAR,1.0999,value,10,9,1.0999
COP2223-249,,TEACHING ENGLISH AS A SECOND LANGUAGE (TESL),University of Kelaniya,MULLAITIVU,1.0999,value,10,9,1.0999
COP2223-249,,TEACHING ENGLISH AS A SECOND LANGUAGE (TESL),University of Kelaniya,VAVUNIYA,1.0999,value,10,9,1.0999
COP2223-249,,TEACHING ENGLISH AS A SECOND LANGUAGE (TESL),University of Kelaniya,TRINCOMALEE,1.0999,value,10,9,1.0999
COP2223-249,,TEACHING ENGLISH AS A SECOND LANGUAGE (TESL),University of Kelaniya,BATTICALOA,1.0999,value,10,9,1.0999
COP2223-249,,TEACHING ENGLISH AS A SECOND LANGUAGE (TESL),University of Kelaniya,AMPARA,1.0999,value,10,9,1.0999
COP2223-249,,TEACHING ENGLISH AS A SECOND LANGUAGE (TESL),University of Kelaniya,PUTTALAM,1.0999,value,10,9,1.0999
COP2223-249,,TEACHING ENGLISH AS A SECOND LANGUAGE (TESL),University of Kelaniya,KURUNEGALA,1.0999,value,10,9,1.0999
COP2223-249,,TEACHING ENGLISH AS A SECOND LANGUAGE (TESL),University of Kelaniya,ANURADHAPURA,1.0999,value,10,9,1.0999
COP2223-249,,TEACHING ENGLISH AS A SECOND LANGUAGE (TESL),University of Kelaniya,POLONNARUWA,1.0999,value,10,9,1.0999
COP2223-249,,TEACHING ENGLISH AS A SECOND LANGUAGE (TESL),University of Kelaniya,BADULLA,1.0999,value,10,9,1.0999
COP2223-249,,TEACHING ENGLISH AS A SECOND LANGUAGE (TESL),University of Kelaniya,MONARAGALA,1.0999,value,10,9,1.0999
COP2223-249,,TEACHING ENGLISH AS A SECOND LANGUAGE (TESL),University of Kelaniya,KEGALLE,1.0999,value,10,9,1.0999
COP2223-249,,TEACHING ENGLISH AS A SECOND LANGUAGE (TESL),University of Kelaniya,RATNAPURA,1.0999,value,10,9,1.0999
COP2223-250,,VISUAL ARTS,University of the Visual & Performing Arts,COLOMBO,0.8758,value,10,10,0.8758
COP2223-250,,VISUAL ARTS,University of the Visual & Performing Arts,GAMPAHA,0.6020,value,10,10,0.6020
COP2223-250,,VISUAL ARTS,University of the Visual & Performing Arts,KALUTARA,0.9569,value,10,10,0.9569
COP2223-250,,VISUAL ARTS,University of the Visual & Performing Arts,MATALE,1.2767,value,10,10,1.2767
COP2223-250,,VISUAL ARTS,University of the Visual & Performing Arts,KANDY,0.9707,value,10,10,0.9707
COP2223-250,,VISUAL ARTS,University of the Visual & Performing Arts,NUWARA ELIYA,0.7268,value,10,10,0.7268
COP2223-250,,VISUAL ARTS,University of the Visual & Performing Arts,GALLE,0.1914,value,10,10,0.1914
COP2223-250,,VISUAL ARTS,University of the Visual & Performing Arts,MATARA,1.2467,value,10,10,1.2467
COP2223-250,,VISUAL ARTS,University of the Visual & Performing Arts,HAMBANTOTA,1.1013,value,10,10,1.1013
COP2223-250,,VISUAL ARTS,University of the Visual & Performing Arts,JAFFNA,,NQC,10,10,NQC
COP2223-250,,VISUAL ARTS,University of the Visual & Performing Arts,KILINOCHCHI,,NQC,10,10,NQC
COP2223-250,,VISUAL ARTS,University of the Visual & Performing Arts,MANNAR,,NQC,10,10,NQC
COP2223-250,,VISUAL ARTS,University of the Visual & Performing Arts,MULLAITIVU,,NQC,10,10,NQC
COP2223-250,,VISUAL ARTS,University of the Visual & Performing Arts,VAVUNIYA,,NQC,10,10,NQC
COP2223-250,,VISUAL ARTS,University of the Visual & Performing Arts,TRINCOMALEE,1.1231,value,10,10,1.1231
COP2223-250,,VISUAL ARTS,University of the Visual & Performing Arts,BATTICALOA,,NQC,10,10,NQC
COP2223-250,,VISUAL ARTS,University of the Visual & Performing Arts,AMPARA,0.4630,value,10,10,0.4630
COP2223-250,,VISUAL ARTS,University of the Visual & Performing Arts,PUTTALAM,0.6723,value,10,10,0.6723
COP2223-250,,VISUAL ARTS,University of the Visual & Performing Arts,KURUNEGALA,1.0532,value,10,10,1.0532
COP2223-250,,VISUAL ARTS,University of the Visual & Performing Arts,ANURADHAPURA,0.9405,value,10,10,0.9405
COP2223-250,,VISUAL ARTS,University of the Visual & Performing Arts,POLONNARUWA,1.0939,value,10,10,1.0939
COP2223-250,,VISUAL ARTS,University of the Visual & Performing Arts,BADULLA,0.5424,value,10,10,0.5424
COP2223-250,,VISUAL ARTS,University of the Visual & Performing Arts,MONARAGALA,1.1041,value,10,10,1.1041
COP2223-250,,VISUAL ARTS,University of the Visual & Performing Arts,KEGALLE,1.0478,value,10,10,1.0478
COP2223-250,,VISUAL ARTS,University of the Visual & Performing Arts,RATNAPURA,0.9832,value,10,10,0.9832
COP2223-251,,MUSIC,University of Sri Jayewardenepura,COLOMBO,0.7807,value,10,11,0.7807
COP2223-251,,MUSIC,University of Sri Jayewardenepura,GAMPAHA,-0.0905,value,10,11,-0.0905
COP2223-251,,MUSIC,University of Sri Jayewardenepura,KALUTARA,0.3424,value,10,11,0.3424
COP2223-251,,MUSIC,University of Sri Jayewardenepura,MATALE,0.5595,value,10,11,0.5595
COP2223-251,,MUSIC,University of Sri Jayewardenepura,KANDY,0.0659,value,10,11,0.0659
COP2223-251,,MUSIC,University of Sri Jayewardenepura,NUWARA ELIYA,0.6688,value,10,11,0.6688
COP2223-251,,MUSIC,University of Sri Jayewardenepura,GALLE,1.7660,value,10,11,1.7660
COP2223-251,,MUSIC,University of Sri Jayewardenepura,MATARA,0.8580,value,10,11,0.8580
COP2223-251,,MUSIC,University of Sri Jayewardenepura,HAMBANTOTA,0.9397,value,10,11,0.9397
COP2223-251,,MUSIC,University of Sri Jayewardenepura,JAFFNA,,NQC,10,11,NQC
COP2223-251,,MUSIC,University of Sri Jayewardenepura,KILINOCHCHI,,NQC,10,11,NQC
COP2223-251,,MUSIC,University of Sri Jayewardenepura,MANNAR,,NQC,10,11,NQC
COP2223-251,,MUSIC,University of Sri Jayewardenepura,MULLAITIVU,,NQC,10,11,NQC
COP2223-251,,MUSIC,University of Sri Jayewardenepura,VAVUNIYA,,NQC,10,11,NQC
COP2223-251,,MUSIC,University of Sri Jayewardenepura,TRINCOMALEE,,NQC,10,11,NQC
COP2223-251,,MUSIC,University of Sri Jayewardenepura,BATTICALOA,,NQC,10,11,NQC
COP2223-251,,MUSIC,University of Sri Jayewardenepura,AMPARA,1.2128,value,10,11,1.2128
COP2223-251,,MUSIC,University of Sri Jayewardenepura,PUTTALAM,,NQC,10,11,NQC
COP2223-251,,MUSIC,University of Sri Jayewardenepura,KURUNEGALA,0.9007,value,10,11,0.9007
COP2223-251,,MUSIC,University of Sri Jayewardenepura,ANURADHAPURA,0.9304,value,10,11,0.9304
COP2223-251,,MUSIC,University of Sri Jayewardenepura,POLONNARUWA,0.5276,value,10,11,0.5276
COP2223-251,,MUSIC,University of Sri Jayewardenepura,BADULLA,1.0123,value,10,11,1.0123
COP2223-251,,MUSIC,University of Sri Jayewardenepura,MONARAGALA,0.5185,value,10,11,0.5185
COP2223-251,,MUSIC,University of Sri Jayewardenepura,KEGALLE,0.8921,value,10,11,0.8921
COP2223-251,,MUSIC,University of Sri Jayewardenepura,RATNAPURA,0.7336,value,10,11,0.7336
COP2223-252,,MUSIC,University of the Visual & Performing Arts,COLOMBO,0.2977,value,10,12,0.2977
COP2223-252,,MUSIC,University of the Visual & Performing Arts,GAMPAHA,0.2155,value,10,12,0.2155
COP2223-252,,MUSIC,University of the Visual & Performing Arts,KALUTARA,0.5951,value,10,12,0.5951
COP2223-252,,MUSIC,University of the Visual & Performing Arts,MATALE,0.9793,value,10,12,0.9793
COP2223-252,,MUSIC,University of the Visual & Performing Arts,KANDY,0.8065,value,10,12,0.8065
COP2223-252,,MUSIC,University of the Visual & Performing Arts,NUWARA ELIYA,0.3023,value,10,12,0.3023
COP2223-252,,MUSIC,University of the Visual & Performing Arts,GALLE,0.9002,value,10,12,0.9002
COP2223-252,,MUSIC,University of the Visual & Performing Arts,MATARA,0.8851,value,10,12,0.8851
COP2223-252,,MUSIC,University of the Visual & Performing Arts,HAMBANTOTA,0.4056,value,10,12,0.4056
COP2223-252,,MUSIC,University of the Visual & Performing Arts,JAFFNA,-0.2374,value,10,12,-0.2374
COP2223-252,,MUSIC,University of the Visual & Performing Arts,KILINOCHCHI,,NQC,10,12,NQC
COP2223-252,,MUSIC,University of the Visual & Performing Arts,MANNAR,,NQC,10,12,NQC
COP2223-252,,MUSIC,University of the Visual & Performing Arts,MULLAITIVU,,NQC,10,12,NQC
COP2223-252,,MUSIC,University of the Visual & Performing Arts,VAVUNIYA,1.4451,value,10,12,1.4451
COP2223-252,,MUSIC,University of the Visual & Performing Arts,TRINCOMALEE,0.6958,value,10,12,0.6958
COP2223-252,,MUSIC,University of the Visual & Performing Arts,BATTICALOA,-0.2295,value,10,12,-0.2295
COP2223-252,,MUSIC,University of the Visual & Performing Arts,AMPARA,0.3449,value,10,12,0.3449
COP2223-252,,MUSIC,University of the Visual & Performing Arts,PUTTALAM,0.4423,value,10,12,0.4423
COP2223-252,,MUSIC,University of the Visual & Performing Arts,KURUNEGALA,0.8633,value,10,12,0.8633
COP2223-252,,MUSIC,University of the Visual & Performing Arts,ANURADHAPURA,0.8027,value,10,12,0.8027
COP2223-252,,MUSIC,University of the Visual & Performing Arts,POLONNARUWA,0.8736,value,10,12,0.8736
COP2223-252,,MUSIC,University of the Visual & Performing Arts,BADULLA,0.7726,value,10,12,0.7726
COP2223-252,,MUSIC,University of the Visual & Performing Arts,MONARAGALA,0.7226,value,10,12,0.7226
COP2223-252,,MUSIC,University of the Visual & Performing Arts,KEGALLE,0.9599,value,10,12,0.9599
COP2223-252,,MUSIC,University of the Visual & Performing Arts,RATNAPURA,0.8004,value,10,12,0.8004
COP2223-253,,DANCE,University of the Visual & Performing Arts,COLOMBO,0.7756,value,10,13,0.7756
COP2223-253,,DANCE,University of the Visual & Performing Arts,GAMPAHA,0.8958,value,10,13,0.8958
COP2223-253,,DANCE,University of the Visual & Performing Arts,KALUTARA,0.9194,value,10,13,0.9194
COP2223-253,,DANCE,University of the Visual & Performing Arts,MATALE,0.9385,value,10,13,0.9385
COP2223-253,,DANCE,University of the Visual & Performing Arts,KANDY,0.9312,value,10,13,0.9312
COP2223-253,,DANCE,University of the Visual & Performing Arts,NUWARA ELIYA,-0.1693,value,10,13,-0.1693
COP2223-253,,DANCE,University of the Visual & Performing Arts,GALLE,1.0293,value,10,13,1.0293
COP2223-253,,DANCE,University of the Visual & Performing Arts,MATARA,1.0088,value,10,13,1.0088
COP2223-253,,DANCE,University of the Visual & Performing Arts,HAMBANTOTA,0.6664,value,10,13,0.6664
COP2223-253,,DANCE,University of the Visual & Performing Arts,JAFFNA,,NQC,10,13,NQC
COP2223-253,,DANCE,University of the Visual & Performing Arts,KILINOCHCHI,,NQC,10,13,NQC
COP2223-253,,DANCE,University of the Visual & Performing Arts,MANNAR,,NQC,10,13,NQC
COP2223-253,,DANCE,University of the Visual & Performing Arts,MULLAITIVU,,NQC,10,13,NQC
COP2223-253,,DANCE,University of the Visual & Performing Arts,VAVUNIYA,1.1050,value,10,13,1.1050
COP2223-253,,DANCE,University of the Visual & Performing Arts,TRINCOMALEE,0.8009,value,10,13,0.8009
COP2223-253,,DANCE,University of the Visual & Performing Arts,BATTICALOA,,NQC,10,13,NQC
COP2223-253,,DANCE,University of the Visual & Performing Arts,AMPARA,0.6324,value,10,13,0.6324
COP2223-253,,DANCE,University of the Visual & Performing Arts,PUTTALAM,0.0388,value,10,13,0.0388
COP2223-253,,DANCE,University of the Visual & Performing Arts,KURUNEGALA,0.9299,value,10,13,0.9299
COP2223-253,,DANCE,University of the Visual & Performing Arts,ANURADHAPURA,0.9710,value,10,13,0.9710
COP2223-253,,DANCE,University of the Visual & Performing Arts,POLONNARUWA,0.7846,value,10,13,0.7846
COP2223-253,,DANCE,University of the Visual & Performing Arts,BADULLA,0.6111,value,10,13,0.6111
COP2223-253,,DANCE,University of the Visual & Performing Arts,MONARAGALA,0.9871,value,10,13,0.9871
COP2223-253,,DANCE,University of the Visual & Performing Arts,KEGALLE,1.0320,value,10,13,1.0320
COP2223-253,,DANCE,University of the Visual & Performing Arts,RATNAPURA,0.6529,value,10,13,0.6529
COP2223-254,,DRAMA & THEATRE,University of the Visual & Performing Arts,COLOMBO,0.9184,value,10,14,0.9184
COP2223-254,,DRAMA & THEATRE,University of the Visual & Performing Arts,GAMPAHA,0.7873,value,10,14,0.7873
COP2223-254,,DRAMA & THEATRE,University of the Visual & Performing Arts,KALUTARA,0.4765,value,10,14,0.4765
COP2223-254,,DRAMA & THEATRE,University of the Visual & Performing Arts,MATALE,1.0223,value,10,14,1.0223
COP2223-254,,DRAMA & THEATRE,University of the Visual & Performing Arts,KANDY,0.5006,value,10,14,0.5006
COP2223-254,,DRAMA & THEATRE,University of the Visual & Performing Arts,NUWARA ELIYA,0.3940,value,10,14,0.3940
COP2223-254,,DRAMA & THEATRE,University of the Visual & Performing Arts,GALLE,0.3861,value,10,14,0.3861
COP2223-254,,DRAMA & THEATRE,University of the Visual & Performing Arts,MATARA,0.9872,value,10,14,0.9872
COP2223-254,,DRAMA & THEATRE,University of the Visual & Performing Arts,HAMBANTOTA,,NQC,10,14,NQC
COP2223-254,,DRAMA & THEATRE,University of the Visual & Performing Arts,JAFFNA,,NQC,10,14,NQC
COP2223-254,,DRAMA & THEATRE,University of the Visual & Performing Arts,KILINOCHCHI,,NQC,10,14,NQC
COP2223-254,,DRAMA & THEATRE,University of the Visual & Performing Arts,MANNAR,,NQC,10,14,NQC
COP2223-254,,DRAMA & THEATRE,University of the Visual & Performing Arts,MULLAITIVU,,NQC,10,14,NQC
COP2223-254,,DRAMA & THEATRE,University of the Visual & Performing Arts,VAVUNIYA,,NQC,10,14,NQC
COP2223-254,,DRAMA & THEATRE,University of the Visual & Performing Arts,TRINCOMALEE,0.7855,value,10,14,0.7855
COP2223-254,,DRAMA & THEATRE,University of the Visual & Performing Arts,BATTICALOA,,NQC,10,14,NQC
COP2223-254,,DRAMA & THEATRE,University of the Visual & Performing Arts,AMPARA,0.4125,value,10,14,0.4125
COP2223-254,,DRAMA & THEATRE,University of the Visual & Performing Arts,PUTTALAM,0.9381,value,10,14,0.9381
COP2223-254,,DRAMA & THEATRE,University of the Visual & Performing Arts,KURUNEGALA,1.0478,value,10,14,1.0478
COP2223-254,,DRAMA & THEATRE,University of the Visual & Performing Arts,ANURADHAPURA,0.9686,value,10,14,0.9686
COP2223-254,,DRAMA & THEATRE,University of the Visual & Performing Arts,POLONNARUWA,0.8736,value,10,14,0.8736
COP2223-254,,DRAMA & THEATRE,University of the Visual & Performing Arts,BADULLA,1.0374,value,10,14,1.0374
COP2223-254,,DRAMA & THEATRE,University of the Visual & Performing Arts,MONARAGALA,1.0565,value,10,14,1.0565
COP2223-254,,DRAMA & THEATRE,University of the Visual & Performing Arts,KEGALLE,1.0519,value,10,14,1.0519
COP2223-254,,DRAMA & THEATRE,University of the Visual & Performing Arts,RATNAPURA,0.7332,value,10,14,0.7332
COP2223-255,,ART & DESIGN,University of Jaffna,COLOMBO,,NQC,10,15,NQC
COP2223-255,,ART & DESIGN,University of Jaffna,GAMPAHA,1.2643,value,10,15,1.2643
COP2223-255,,ART & DESIGN,University of Jaffna,KALUTARA,,NQC,10,15,NQC
COP2223-255,,ART & DESIGN,University of Jaffna,MATALE,0.5481,value,10,15,0.5481
COP2223-255,,ART & DESIGN,University of Jaffna,KANDY,,NQC,10,15,NQC
COP2223-255,,ART & DESIGN,University of Jaffna,NUWARA ELIYA,-0.2382,value,10,15,-0.2382
COP2223-255,,ART & DESIGN,University of Jaffna,GALLE,1.3809,value,10,15,1.3809
COP2223-255,,ART & DESIGN,University of Jaffna,MATARA,0.7901,value,10,15,0.7901
COP2223-255,,ART & DESIGN,University of Jaffna,HAMBANTOTA,,NQC,10,15,NQC
COP2223-255,,ART & DESIGN,University of Jaffna,JAFFNA,0.3750,value,10,15,0.3750
COP2223-255,,ART & DESIGN,University of Jaffna,KILINOCHCHI,-0.0806,value,10,15,-0.0806
COP2223-255,,ART & DESIGN,University of Jaffna,MANNAR,0.7050,value,10,15,0.7050
COP2223-255,,ART & DESIGN,University of Jaffna,MULLAITIVU,0.5589,value,10,15,0.5589
COP2223-255,,ART & DESIGN,University of Jaffna,VAVUNIYA,0.9317,value,10,15,0.9317
COP2223-255,,ART & DESIGN,University of Jaffna,TRINCOMALEE,0.3538,value,10,15,0.3538
COP2223-255,,ART & DESIGN,University of Jaffna,BATTICALOA,-0.2254,value,10,15,-0.2254
COP2223-255,,ART & DESIGN,University of Jaffna,AMPARA,0.3170,value,10,15,0.3170
COP2223-255,,ART & DESIGN,University of Jaffna,PUTTALAM,0.4301,value,10,15,0.4301
COP2223-255,,ART & DESIGN,University of Jaffna,KURUNEGALA,,NQC,10,15,NQC
COP2223-255,,ART & DESIGN,University of Jaffna,ANURADHAPURA,-0.0400,value,10,15,-0.0400
COP2223-255,,ART & DESIGN,University of Jaffna,POLONNARUWA,,NQC,10,15,NQC
COP2223-255,,ART & DESIGN,University of Jaffna,BADULLA,0.0831,value,10,15,0.0831
COP2223-255,,ART & DESIGN,University of Jaffna,MONARAGALA,0.2499,value,10,15,0.2499
COP2223-255,,ART & DESIGN,University of Jaffna,KEGALLE,0.2188,value,10,15,0.2188
COP2223-255,,ART & DESIGN,University of Jaffna,RATNAPURA,0.4776,value,10,15,0.4776
COP2223-256,,MUSIC,University of Jaffna,COLOMBO,0.0672,value,10,16,0.0672
COP2223-256,,MUSIC,University of Jaffna,GAMPAHA,,NQC,10,16,NQC
COP2223-256,,MUSIC,University of Jaffna,KALUTARA,0.4778,value,10,16,0.4778
COP2223-256,,MUSIC,University of Jaffna,MATALE,0.2740,value,10,16,0.2740
COP2223-256,,MUSIC,University of Jaffna,KANDY,0.1218,value,10,16,0.1218
COP2223-256,,MUSIC,University of Jaffna,NUWARA ELIYA,0.4185,value,10,16,0.4185
COP2223-256,,MUSIC,University of Jaffna,GALLE,,NQC,10,16,NQC
COP2223-256,,MUSIC,University of Jaffna,MATARA,-0.0609,value,10,16,-0.0609
COP2223-256,,MUSIC,University of Jaffna,HAMBANTOTA,,NQC,10,16,NQC
COP2223-256,,MUSIC,University of Jaffna,JAFFNA,0.5709,value,10,16,0.5709
COP2223-256,,MUSIC,University of Jaffna,KILINOCHCHI,0.3848,value,10,16,0.3848
COP2223-256,,MUSIC,University of Jaffna,MANNAR,0.5690,value,10,16,0.5690
COP2223-256,,MUSIC,University of Jaffna,MULLAITIVU,0.6667,value,10,16,0.6667
COP2223-256,,MUSIC,University of Jaffna,VAVUNIYA,0.4882,value,10,16,0.4882
COP2223-256,,MUSIC,University of Jaffna,TRINCOMALEE,-0.2208,value,10,16,-0.2208
COP2223-256,,MUSIC,University of Jaffna,BATTICALOA,0.5115,value,10,16,0.5115
COP2223-256,,MUSIC,University of Jaffna,AMPARA,-0.8079,value,10,16,-0.8079
COP2223-256,,MUSIC,University of Jaffna,PUTTALAM,0.7703,value,10,16,0.7703
COP2223-256,,MUSIC,University of Jaffna,KURUNEGALA,,NQC,10,16,NQC
COP2223-256,,MUSIC,University of Jaffna,ANURADHAPURA,,NQC,10,16,NQC
COP2223-256,,MUSIC,University of Jaffna,POLONNARUWA,,NQC,10,16,NQC
COP2223-256,,MUSIC,University of Jaffna,BADULLA,-0.3555,value,10,16,-0.3555
COP2223-256,,MUSIC,University of Jaffna,MONARAGALA,0.4180,value,10,16,0.4180
COP2223-256,,MUSIC,University of Jaffna,KEGALLE,0.8706,value,10,16,0.8706
COP2223-256,,MUSIC,University of Jaffna,RATNAPURA,,NQC,10,16,NQC
COP2223-257,,DANCE,University of Jaffna,COLOMBO,0.0655,value,10,17,0.0655
COP2223-257,,DANCE,University of Jaffna,GAMPAHA,-0.4526,value,10,17,-0.4526
COP2223-257,,DANCE,University of Jaffna,KALUTARA,-0.5592,value,10,17,-0.5592
COP2223-257,,DANCE,University of Jaffna,MATALE,0.4399,value,10,17,0.4399
COP2223-257,,DANCE,University of Jaffna,KANDY,-0.0591,value,10,17,-0.0591
COP2223-257,,DANCE,University of Jaffna,NUWARA ELIYA,0.1365,value,10,17,0.1365
COP2223-257,,DANCE,University of Jaffna,GALLE,,NQC,10,17,NQC
COP2223-257,,DANCE,University of Jaffna,MATARA,,NQC,10,17,NQC
COP2223-257,,DANCE,University of Jaffna,HAMBANTOTA,,NQC,10,17,NQC
COP2223-257,,DANCE,University of Jaffna,JAFFNA,0.4859,value,10,17,0.4859
COP2223-257,,DANCE,University of Jaffna,KILINOCHCHI,0.3409,value,10,17,0.3409
COP2223-257,,DANCE,University of Jaffna,MANNAR,0.1749,value,10,17,0.1749
COP2223-257,,DANCE,University of Jaffna,MULLAITIVU,0.4024,value,10,17,0.4024
COP2223-257,,DANCE,University of Jaffna,VAVUNIYA,0.4496,value,10,17,0.4496
COP2223-257,,DANCE,University of Jaffna,TRINCOMALEE,-0.0199,value,10,17,-0.0199
COP2223-257,,DANCE,University of Jaffna,BATTICALOA,0.4023,value,10,17,0.4023
COP2223-257,,DANCE,University of Jaffna,AMPARA,-0.2764,value,10,17,-0.2764
COP2223-257,,DANCE,University of Jaffna,PUTTALAM,-0.4137,value,10,17,-0.4137
COP2223-257,,DANCE,University of Jaffna,KURUNEGALA,,NQC,10,17,NQC
COP2223-257,,DANCE,University of Jaffna,ANURADHAPURA,,NQC,10,17,NQC
COP2223-257,,DANCE,University of Jaffna,POLONNARUWA,,NQC,10,17,NQC
COP2223-257,,DANCE,University of Jaffna,BADULLA,0.2607,value,10,17,0.2607
COP2223-257,,DANCE,University of Jaffna,MONARAGALA,,NQC,10,17,NQC
COP2223-257,,DANCE,University of Jaffna,KEGALLE,0.9244,value,10,17,0.9244
COP2223-257,,DANCE,University of Jaffna,RATNAPURA,-0.1878,value,10,17,-0.1878
COP2223-258,,VISUAL & TECHNOLOGICAL ARTS,Swami Vipulananda Institute of Aesthetic Studies,COLOMBO,,NQC,10,18,NQC
COP2223-258,,VISUAL & TECHNOLOGICAL ARTS,Swami Vipulananda Institute of Aesthetic Studies,GAMPAHA,,NQC,10,18,NQC
COP2223-258,,VISUAL & TECHNOLOGICAL ARTS,Swami Vipulananda Institute of Aesthetic Studies,KALUTARA,-0.4372,value,10,18,-0.4372
COP2223-258,,VISUAL & TECHNOLOGICAL ARTS,Swami Vipulananda Institute of Aesthetic Studies,MATALE,0.4670,value,10,18,0.4670
COP2223-258,,VISUAL & TECHNOLOGICAL ARTS,Swami Vipulananda Institute of Aesthetic Studies,KANDY,-0.0373,value,10,18,-0.0373
COP2223-258,,VISUAL & TECHNOLOGICAL ARTS,Swami Vipulananda Institute of Aesthetic Studies,NUWARA ELIYA,0.2056,value,10,18,0.2056
COP2223-258,,VISUAL & TECHNOLOGICAL ARTS,Swami Vipulananda Institute of Aesthetic Studies,GALLE,,NQC,10,18,NQC
COP2223-258,,VISUAL & TECHNOLOGICAL ARTS,Swami Vipulananda Institute of Aesthetic Studies,MATARA,-0.1418,value,10,18,-0.1418
COP2223-258,,VISUAL & TECHNOLOGICAL ARTS,Swami Vipulananda Institute of Aesthetic Studies,HAMBANTOTA,-0.0806,value,10,18,-0.0806
COP2223-258,,VISUAL & TECHNOLOGICAL ARTS,Swami Vipulananda Institute of Aesthetic Studies,JAFFNA,0.2134,value,10,18,0.2134
COP2223-258,,VISUAL & TECHNOLOGICAL ARTS,Swami Vipulananda Institute of Aesthetic Studies,KILINOCHCHI,0.9594,value,10,18,0.9594
COP2223-258,,VISUAL & TECHNOLOGICAL ARTS,Swami Vipulananda Institute of Aesthetic Studies,MANNAR,0.4944,value,10,18,0.4944
COP2223-258,,VISUAL & TECHNOLOGICAL ARTS,Swami Vipulananda Institute of Aesthetic Studies,MULLAITIVU,0.4468,value,10,18,0.4468
COP2223-258,,VISUAL & TECHNOLOGICAL ARTS,Swami Vipulananda Institute of Aesthetic Studies,VAVUNIYA,,NQC,10,18,NQC
COP2223-258,,VISUAL & TECHNOLOGICAL ARTS,Swami Vipulananda Institute of Aesthetic Studies,TRINCOMALEE,0.3400,value,10,18,0.3400
COP2223-258,,VISUAL & TECHNOLOGICAL ARTS,Swami Vipulananda Institute of Aesthetic Studies,BATTICALOA,0.6957,value,10,18,0.6957
COP2223-258,,VISUAL & TECHNOLOGICAL ARTS,Swami Vipulananda Institute of Aesthetic Studies,AMPARA,0.5714,value,10,18,0.5714
COP2223-258,,VISUAL & TECHNOLOGICAL ARTS,Swami Vipulananda Institute of Aesthetic Studies,PUTTALAM,0.2398,value,10,18,0.2398
COP2223-258,,VISUAL & TECHNOLOGICAL ARTS,Swami Vipulananda Institute of Aesthetic Studies,KURUNEGALA,0.3450,value,10,18,0.3450
COP2223-258,,VISUAL & TECHNOLOGICAL ARTS,Swami Vipulananda Institute of Aesthetic Studies,ANURADHAPURA,0.1912,value,10,18,0.1912
COP2223-258,,VISUAL & TECHNOLOGICAL ARTS,Swami Vipulananda Institute of Aesthetic Studies,POLONNARUWA,-0.2883,value,10,18,-0.2883
COP2223-258,,VISUAL & TECHNOLOGICAL ARTS,Swami Vipulananda Institute of Aesthetic Studies,BADULLA,0.1355,value,10,18,0.1355
COP2223-258,,VISUAL & TECHNOLOGICAL ARTS,Swami Vipulananda Institute of Aesthetic Studies,MONARAGALA,0.0474,value,10,18,0.0474
COP2223-258,,VISUAL & TECHNOLOGICAL ARTS,Swami Vipulananda Institute of Aesthetic Studies,KEGALLE,-0.5133,value,10,18,-0.5133
COP2223-258,,VISUAL & TECHNOLOGICAL ARTS,Swami Vipulananda Institute of Aesthetic Studies,RATNAPURA,0.1522,value,10,18,0.1522
COP2223-259,,MUSIC,Swami Vipulananda Institute of Aesthetic Studies,COLOMBO,,NQC,10,19,NQC
COP2223-259,,MUSIC,Swami Vipulananda Institute of Aesthetic Studies,GAMPAHA,,NQC,10,19,NQC
COP2223-259,,MUSIC,Swami Vipulananda Institute of Aesthetic Studies,KALUTARA,0.6484,value,10,19,0.6484
COP2223-259,,MUSIC,Swami Vipulananda Institute of Aesthetic Studies,MATALE,-0.2345,value,10,19,-0.2345
COP2223-259,,MUSIC,Swami Vipulananda Institute of Aesthetic Studies,KANDY,-0.5822,value,10,19,-0.5822
COP2223-259,,MUSIC,Swami Vipulananda Institute of Aesthetic Studies,NUWARA ELIYA,0.5513,value,10,19,0.5513
COP2223-259,,MUSIC,Swami Vipulananda Institute of Aesthetic Studies,GALLE,-0.9468,value,10,19,-0.9468
COP2223-259,,MUSIC,Swami Vipulananda Institute of Aesthetic Studies,MATARA,0.2380,value,10,19,0.2380
COP2223-259,,MUSIC,Swami Vipulananda Institute of Aesthetic Studies,HAMBANTOTA,,NQC,10,19,NQC
COP2223-259,,MUSIC,Swami Vipulananda Institute of Aesthetic Studies,JAFFNA,0.5660,value,10,19,0.5660
COP2223-259,,MUSIC,Swami Vipulananda Institute of Aesthetic Studies,KILINOCHCHI,0.5767,value,10,19,0.5767
COP2223-259,,MUSIC,Swami Vipulananda Institute of Aesthetic Studies,MANNAR,0.5640,value,10,19,0.5640
COP2223-259,,MUSIC,Swami Vipulananda Institute of Aesthetic Studies,MULLAITIVU,0.6064,value,10,19,0.6064
COP2223-259,,MUSIC,Swami Vipulananda Institute of Aesthetic Studies,VAVUNIYA,-0.0913,value,10,19,-0.0913
COP2223-259,,MUSIC,Swami Vipulananda Institute of Aesthetic Studies,TRINCOMALEE,0.5759,value,10,19,0.5759
COP2223-259,,MUSIC,Swami Vipulananda Institute of Aesthetic Studies,BATTICALOA,0.7486,value,10,19,0.7486
COP2223-259,,MUSIC,Swami Vipulananda Institute of Aesthetic Studies,AMPARA,0.0929,value,10,19,0.0929
COP2223-259,,MUSIC,Swami Vipulananda Institute of Aesthetic Studies,PUTTALAM,,NQC,10,19,NQC
COP2223-259,,MUSIC,Swami Vipulananda Institute of Aesthetic Studies,KURUNEGALA,,NQC,10,19,NQC
COP2223-259,,MUSIC,Swami Vipulananda Institute of Aesthetic Studies,ANURADHAPURA,,NQC,10,19,NQC
COP2223-259,,MUSIC,Swami Vipulananda Institute of Aesthetic Studies,POLONNARUWA,0.1868,value,10,19,0.1868
COP2223-259,,MUSIC,Swami Vipulananda Institute of Aesthetic Studies,BADULLA,-0.1891,value,10,19,-0.1891
COP2223-259,,MUSIC,Swami Vipulananda Institute of Aesthetic Studies,MONARAGALA,,NQC,10,19,NQC
COP2223-259,,MUSIC,Swami Vipulananda Institute of Aesthetic Studies,KEGALLE,0.5523,value,10,19,0.5523
COP2223-259,,MUSIC,Swami Vipulananda Institute of Aesthetic Studies,RATNAPURA,-0.0469,value,10,19,-0.0469
COP2223-260,,DANCE,Swami Vipulananda Institute of Aesthetic Studies,COLOMBO,0.2439,value,10,20,0.2439
COP2223-260,,DANCE,Swami Vipulananda Institute of Aesthetic Studies,GAMPAHA,,NQC,10,20,NQC
COP2223-260,,DANCE,Swami Vipulananda Institute of Aesthetic Studies,KALUTARA,0.7635,value,10,20,0.7635
COP2223-260,,DANCE,Swami Vipulananda Institute of Aesthetic Studies,MATALE,-0.1395,value,10,20,-0.1395
COP2223-260,,DANCE,Swami Vipulananda Institute of Aesthetic Studies,KANDY,-0.6296,value,10,20,-0.6296
COP2223-260,,DANCE,Swami Vipulananda Institute of Aesthetic Studies,NUWARA ELIYA,0.0173,value,10,20,0.0173
COP2223-260,,DANCE,Swami Vipulananda Institute of Aesthetic Studies,GALLE,,NQC,10,20,NQC
COP2223-260,,DANCE,Swami Vipulananda Institute of Aesthetic Studies,MATARA,,NQC,10,20,NQC
COP2223-260,,DANCE,Swami Vipulananda Institute of Aesthetic Studies,HAMBANTOTA,,NQC,10,20,NQC
COP2223-260,,DANCE,Swami Vipulananda Institute of Aesthetic Studies,JAFFNA,0.4060,value,10,20,0.4060
COP2223-260,,DANCE,Swami Vipulananda Institute of Aesthetic Studies,KILINOCHCHI,0.4378,value,10,20,0.4378
COP2223-260,,DANCE,Swami Vipulananda Institute of Aesthetic Studies,MANNAR,0.5766,value,10,20,0.5766
COP2223-260,,DANCE,Swami Vipulananda Institute of Aesthetic Studies,MULLAITIVU,0.3287,value,10,20,0.3287
COP2223-260,,DANCE,Swami Vipulananda Institute of Aesthetic Studies,VAVUNIYA,-0.3866,value,10,20,-0.3866
COP2223-260,,DANCE,Swami Vipulananda Institute of Aesthetic Studies,TRINCOMALEE,0.9836,value,10,20,0.9836
COP2223-260,,DANCE,Swami Vipulananda Institute of Aesthetic Studies,BATTICALOA,0.4710,value,10,20,0.4710
COP2223-260,,DANCE,Swami Vipulananda Institute of Aesthetic Studies,AMPARA,-0.1534,value,10,20,-0.1534
COP2223-260,,DANCE,Swami Vipulananda Institute of Aesthetic Studies,PUTTALAM,,NQC,10,20,NQC
COP2223-260,,DANCE,Swami Vipulananda Institute of Aesthetic Studies,KURUNEGALA,,NQC,10,20,NQC
COP2223-260,,DANCE,Swami Vipulananda Institute of Aesthetic Studies,ANURADHAPURA,,NQC,10,20,NQC
COP2223-260,,DANCE,Swami Vipulananda Institute of Aesthetic Studies,POLONNARUWA,,NQC,10,20,NQC
COP2223-260,,DANCE,Swami Vipulananda Institute of Aesthetic Studies,BADULLA,-0.2628,value,10,20,-0.2628
COP2223-260,,DANCE,Swami Vipulananda Institute of Aesthetic Studies,MONARAGALA,,NQC,10,20,NQC
COP2223-260,,DANCE,Swami Vipulananda Institute of Aesthetic Studies,KEGALLE,,NQC,10,20,NQC
COP2223-260,,DANCE,Swami Vipulananda Institute of Aesthetic Studies,RATNAPURA,,NQC,10,20,NQC
COP2223-261,,DRAMA & THEATRE,Swami Vipulananda Institute of Aesthetic Studies,COLOMBO,-0.3643,value,10,21,-0.3643
COP2223-261,,DRAMA & THEATRE,Swami Vipulananda Institute of Aesthetic Studies,GAMPAHA,,NQC,10,21,NQC
COP2223-261,,DRAMA & THEATRE,Swami Vipulananda Institute of Aesthetic Studies,KALUTARA,0.0772,value,10,21,0.0772
COP2223-261,,DRAMA & THEATRE,Swami Vipulananda Institute of Aesthetic Studies,MATALE,0.4405,value,10,21,0.4405
COP2223-261,,DRAMA & THEATRE,Swami Vipulananda Institute of Aesthetic Studies,KANDY,-0.1319,value,10,21,-0.1319
COP2223-261,,DRAMA & THEATRE,Swami Vipulananda Institute of Aesthetic Studies,NUWARA ELIYA,0.3666,value,10,21,0.3666
COP2223-261,,DRAMA & THEATRE,Swami Vipulananda Institute of Aesthetic Studies,GALLE,,NQC,10,21,NQC
COP2223-261,,DRAMA & THEATRE,Swami Vipulananda Institute of Aesthetic Studies,MATARA,,NQC,10,21,NQC
COP2223-261,,DRAMA & THEATRE,Swami Vipulananda Institute of Aesthetic Studies,HAMBANTOTA,,NQC,10,21,NQC
COP2223-261,,DRAMA & THEATRE,Swami Vipulananda Institute of Aesthetic Studies,JAFFNA,0.9743,value,10,21,0.9743
COP2223-261,,DRAMA & THEATRE,Swami Vipulananda Institute of Aesthetic Studies,KILINOCHCHI,1.0107,value,10,21,1.0107
COP2223-261,,DRAMA & THEATRE,Swami Vipulananda Institute of Aesthetic Studies,MANNAR,0.8425,value,10,21,0.8425
COP2223-261,,DRAMA & THEATRE,Swami Vipulananda Institute of Aesthetic Studies,MULLAITIVU,0.9723,value,10,21,0.9723
COP2223-261,,DRAMA & THEATRE,Swami Vipulananda Institute of Aesthetic Studies,VAVUNIYA,0.3932,value,10,21,0.3932
COP2223-261,,DRAMA & THEATRE,Swami Vipulananda Institute of Aesthetic Studies,TRINCOMALEE,0.9159,value,10,21,0.9159
COP2223-261,,DRAMA & THEATRE,Swami Vipulananda Institute of Aesthetic Studies,BATTICALOA,0.9995,value,10,21,0.9995
COP2223-261,,DRAMA & THEATRE,Swami Vipulananda Institute of Aesthetic Studies,AMPARA,0.7860,value,10,21,0.7860
COP2223-261,,DRAMA & THEATRE,Swami Vipulananda Institute of Aesthetic Studies,PUTTALAM,0.4275,value,10,21,0.4275
COP2223-261,,DRAMA & THEATRE,Swami Vipulananda Institute of Aesthetic Studies,KURUNEGALA,0.0571,value,10,21,0.0571
COP2223-261,,DRAMA & THEATRE,Swami Vipulananda Institute of Aesthetic Studies,ANURADHAPURA,,NQC,10,21,NQC
COP2223-261,,DRAMA & THEATRE,Swami Vipulananda Institute of Aesthetic Studies,POLONNARUWA,-0.9508,value,10,21,-0.9508
COP2223-261,,DRAMA & THEATRE,Swami Vipulananda Institute of Aesthetic Studies,BADULLA,-0.0167,value,10,21,-0.0167
COP2223-261,,DRAMA & THEATRE,Swami Vipulananda Institute of Aesthetic Studies,MONARAGALA,,NQC,10,21,NQC
COP2223-261,,DRAMA & THEATRE,Swami Vipulananda Institute of Aesthetic Studies,KEGALLE,0.7294,value,10,21,0.7294
COP2223-261,,DRAMA & THEATRE,Swami Vipulananda Institute of Aesthetic Studies,RATNAPURA,0.4033,value,10,21,0.4033
