offering_id,course_code,course_name,university,district,cutoff_z,status,page_number,column_on_page,raw_cell
COP2122-001,,MEDICINE,University of Colombo,COLOMBO,2.3291,value,1,1,2.3291
COP2122-001,,MEDICINE,University of Colombo,GAMPAHA,2.3707,value,1,1,2.3707
COP2122-001,,MEDICINE,University of Colombo,KALUTARA,2.3290,value,1,1,2.3290
COP2122-001,,MEDICINE,University of Colombo,MATALE,,NQC,1,1,NQC
COP2122-001,,MEDICINE,University of Colombo,KANDY,2.3559,value,1,1,2.3559
COP2122-001,,MEDICINE,University of Colombo,NUWARA ELIYA,2.3427,value,1,1,2.3427
COP2122-001,,MEDICINE,University of Colombo,GALLE,2.3357,value,1,1,2.3357
COP2122-001,,MEDICINE,University of Colombo,MATARA,2.3413,value,1,1,2.3413
COP2122-001,,MEDICINE,University of Colombo,HAMBANTOTA,2.3664,value,1,1,2.3664
COP2122-001,,MEDICINE,University of Colombo,JAFFNA,2.3523,value,1,1,2.3523
COP2122-001,,MEDICINE,University of Colombo,KILINOCHCHI,2.3312,value,1,1,2.3312
COP2122-001,,MEDICINE,University of Colombo,MANNAR,,NQC,1,1,NQC
COP2122-001,,MEDICINE,University of Colombo,MULLAITIVU,2.6035,value,1,1,2.6035
COP2122-001,,MEDICINE,University of Colombo,VAVUNIYA,2.3430,value,1,1,2.3430
COP2122-001,,MEDICINE,University of Colombo,TRINCOMALEE,2.3366,value,1,1,2.3366
COP2122-001,,MEDICINE,University of Colombo,BATTICALOA,2.3427,value,1,1,2.3427
COP2122-001,,MEDICINE,University of Colombo,AMPARA,2.3439,value,1,1,2.3439
COP2122-001,,MEDICINE,University of Colombo,PUTTALAM,2.3609,value,1,1,2.3609
COP2122-001,,MEDICINE,University of Colombo,KURUNEGALA,2.3717,value,1,1,2.3717
COP2122-001,,MEDICINE,University of Colombo,ANURADHAPURA,2.3478,value,1,1,2.3478
COP2122-001,,MEDICINE,University of Colombo,POLONNARUWA,2.4901,value,1,1,2.4901
COP2122-001,,MEDICINE,University of Colombo,BADULLA,2.3860,value,1,1,2.3860
COP2122-001,,MEDICINE,University of Colombo,MONARAGALA,,NQC,1,1,NQC
COP2122-001,,MEDICINE,University of Colombo,KEGALLE,2.3958,value,1,1,2.3958
COP2122-001,,MEDICINE,University of Colombo,RATNAPURA,2.3374,value,1,1,2.3374
COP2122-002,,MEDICINE,University of Peradeniya,COLOMBO,2.1807,value,1,2,2.1807
COP2122-002,,MEDICINE,University of Peradeniya,GAMPAHA,2.1855,value,1,2,2.1855
COP2122-002,,MEDICINE,University of Peradeniya,KALUTARA,2.2109,value,1,2,2.2109
COP2122-002,,MEDICINE,University of Peradeniya,MATALE,2.2968,value,1,2,2.2968
COP2122-002,,MEDICINE,University of Peradeniya,KANDY,2.1825,value,1,2,2.1825
COP2122-002,,MEDICINE,University of Peradeniya,NUWARA ELIYA,2.2089,value,1,2,2.2089
COP2122-002,,MEDICINE,University of Peradeniya,GALLE,2.1812,value,1,2,2.1812
COP2122-002,,MEDICINE,University of Peradeniya,MATARA,2.1867,value,1,2,2.1867
COP2122-002,,MEDICINE,University of Peradeniya,HAMBANTOTA,2.1972,value,1,2,2.1972
COP2122-002,,MEDICINE,University of Peradeniya,JAFFNA,2.1868,value,1,2,2.1868
COP2122-002,,MEDICINE,University of Peradeniya,KILINOCHCHI,,NQC,1,2,NQC
COP2122-002,,MEDICINE,University of Peradeniya,MANNAR,,NQC,1,2,NQC
COP2122-002,,MEDICINE,University of Peradeniya,MULLAITIVU,,NQC,1,2,NQC
COP2122-002,,MEDICINE,University of Peradeniya,VAVUNIYA,2.2299,value,1,2,2.2299
COP2122-002,,MEDICINE,University of Peradeniya,TRINCOMALEE,,NQC,1,2,NQC
COP2122-002,,MEDICINE,University of Peradeniya,BATTICALOA,2.1827,value,1,2,2.1827
COP2122-002,,MEDICINE,University of Peradeniya,AMPARA,2.2954,value,1,2,2.2954
COP2122-002,,MEDICINE,University of Peradeniya,PUTTALAM,2.1997,value,1,2,2.1997
COP2122-002,,MEDICINE,University of Peradeniya,KURUNEGALA,2.1811,value,1,2,2.1811
COP2122-002,,MEDICINE,University of Peradeniya,ANURADHAPURA,2.1850,value,1,2,2.1850
COP2122-002,,MEDICINE,University of Peradeniya,POLONNARUWA,2.2280,value,1,2,2.2280
COP2122-002,,MEDICINE,University of Peradeniya,BADULLA,2.1834,value,1,2,2.1834
COP2122-002,,MEDICINE,University of Peradeniya,MONARAGALA,2.1977,value,1,2,2.1977
COP2122-002,,MEDICINE,University of Peradeniya,KEGALLE,2.1815,value,1,2,2.1815
COP2122-002,,MEDICINE,University of Peradeniya,RATNAPURA,2.1809,value,1,2,2.1809
COP2122-003,,MEDICINE,University of Sri Jayewardenepura,COLOMBO,2.1282,value,1,3,2.1282
COP2122-003,,MEDICINE,University of Sri Jayewardenepura,GAMPAHA,2.1374,value,1,3,2.1374
COP2122-003,,MEDICINE,University of Sri Jayewardenepura,KALUTARA,2.1294,value,1,3,2.1294
COP2122-003,,MEDICINE,University of Sri Jayewardenepura,MATALE,,NQC,1,3,NQC
COP2122-003,,MEDICINE,University of Sri Jayewardenepura,KANDY,2.1436,value,1,3,2.1436
COP2122-003,,MEDICINE,University of Sri Jayewardenepura,NUWARA ELIYA,,NQC,1,3,NQC
COP2122-003,,MEDICINE,University of Sri Jayewardenepura,GALLE,2.1291,value,1,3,2.1291
COP2122-003,,MEDICINE,University of Sri Jayewardenepura,MATARA,2.1302,value,1,3,2.1302
COP2122-003,,MEDICINE,University of Sri Jayewardenepura,HAMBANTOTA,2.1466,value,1,3,2.1466
COP2122-003,,MEDICINE,University of Sri Jayewardenepura,JAFFNA,2.1331,value,1,3,2.1331
COP2122-003,,MEDICINE,University of Sri Jayewardenepura,KILINOCHCHI,2.1628,value,1,3,2.1628
COP2122-003,,MEDICINE,University of Sri Jayewardenepura,MANNAR,,NQC,1,3,NQC
COP2122-003,,MEDICINE,University of Sri Jayewardenepura,MULLAITIVU,,NQC,1,3,NQC
COP2122-003,,MEDICINE,University of Sri Jayewardenepura,VAVUNIYA,2.1625,value,1,3,2.1625
COP2122-003,,MEDICINE,University of Sri Jayewardenepura,TRINCOMALEE,2.1399,value,1,3,2.1399
COP2122-003,,MEDICINE,University of Sri Jayewardenepura,BATTICALOA,2.1449,value,1,3,2.1449
COP2122-003,,MEDICINE,University of Sri Jayewardenepura,AMPARA,2.1300,value,1,3,2.1300
COP2122-003,,MEDICINE,University of Sri Jayewardenepura,PUTTALAM,2.1282,value,1,3,2.1282
COP2122-003,,MEDICINE,University of Sri Jayewardenepura,KURUNEGALA,2.1311,value,1,3,2.1311
COP2122-003,,MEDICINE,University of Sri Jayewardenepura,ANURADHAPURA,2.1362,value,1,3,2.1362
COP2122-003,,MEDICINE,University of Sri Jayewardenepura,POLONNARUWA,2.1644,value,1,3,2.1644
COP2122-003,,MEDICINE,University of Sri Jayewardenepura,BADULLA,2.1701,value,1,3,2.1701
COP2122-003,,MEDICINE,University of Sri Jayewardenepura,MONARAGALA,,NQC,1,3,NQC
COP2122-003,,MEDICINE,University of Sri Jayewardenepura,KEGALLE,2.1407,value,1,3,2.1407
COP2122-003,,MEDICINE,University of Sri Jayewardenepura,RATNAPURA,2.1463,value,1,3,2.1463
COP2122-004,,MEDICINE,University of Kelaniya,COLOMBO,2.0511,value,1,4,2.0511
COP2122-004,,MEDICINE,University of Kelaniya,GAMPAHA,2.0542,value,1,4,2.0542
COP2122-004,,MEDICINE,University of Kelaniya,KALUTARA,2.0739,value,1,4,2.0739
COP2122-004,,MEDICINE,University of Kelaniya,MATALE,2.0739,value,1,4,2.0739
COP2122-004,,MEDICINE,University of Kelaniya,KANDY,2.0513,value,1,4,2.0513
COP2122-004,,MEDICINE,University of Kelaniya,NUWARA ELIYA,,NQC,1,4,NQC
COP2122-004,,MEDICINE,University of Kelaniya,GALLE,2.0745,value,1,4,2.0745
COP2122-004,,MEDICINE,University of Kelaniya,MATARA,2.0513,value,1,4,2.0513
COP2122-004,,MEDICINE,University of Kelaniya,HAMBANTOTA,2.0552,value,1,4,2.0552
COP2122-004,,MEDICINE,University of Kelaniya,JAFFNA,,NQC,1,4,NQC
COP2122-004,,MEDICINE,University of Kelaniya,KILINOCHCHI,,NQC,1,4,NQC
COP2122-004,,MEDICINE,University of Kelaniya,MANNAR,,NQC,1,4,NQC
COP2122-004,,MEDICINE,University of Kelaniya,MULLAITIVU,,NQC,1,4,NQC
COP2122-004,,MEDICINE,University of Kelaniya,VAVUNIYA,2.0804,value,1,4,2.0804
COP2122-004,,MEDICINE,University of Kelaniya,TRINCOMALEE,2.0635,value,1,4,2.0635
COP2122-004,,MEDICINE,University of Kelaniya,BATTICALOA,2.0524,value,1,4,2.0524
COP2122-004,,MEDICINE,University of Kelaniya,AMPARA,2.0562,value,1,4,2.0562
COP2122-004,,MEDICINE,University of Kelaniya,PUTTALAM,2.0544,value,1,4,2.0544
COP2122-004,,MEDICINE,University of Kelaniya,KURUNEGALA,2.0518,value,1,4,2.0518
COP2122-004,,MEDICINE,University of Kelaniya,ANURADHAPURA,2.1113,value,1,4,2.1113
COP2122-004,,MEDICINE,University of Kelaniya,POLONNARUWA,2.0980,value,1,4,2.0980
COP2122-004,,MEDICINE,University of Kelaniya,BADULLA,2.0548,value,1,4,2.0548
COP2122-004,,MEDICINE,University of Kelaniya,MONARAGALA,2.0601,value,1,4,2.0601
COP2122-004,,MEDICINE,University of Kelaniya,KEGALLE,2.0546,value,1,4,2.0546
COP2122-004,,MEDICINE,University of Kelaniya,RATNAPURA,2.0527,value,1,4,2.0527
COP2122-005,,MEDICINE,University of Jaffna,COLOMBO,1.9284,value,1,5,1.9284
COP2122-005,,MEDICINE,University of Jaffna,GAMPAHA,1.7173,value,1,5,1.7173
COP2122-005,,MEDICINE,University of Jaffna,KALUTARA,1.7933,value,1,5,1.7933
COP2122-005,,MEDICINE,University of Jaffna,MATALE,1.7872,value,1,5,1.7872
COP2122-005,,MEDICINE,University of Jaffna,KANDY,1.8311,value,1,5,1.8311
COP2122-005,,MEDICINE,University of Jaffna,NUWARA ELIYA,1.7018,value,1,5,1.7018
COP2122-005,,MEDICINE,University of Jaffna,GALLE,2.0383,value,1,5,2.0383
COP2122-005,,MEDICINE,University of Jaffna,MATARA,,NQC,1,5,NQC
COP2122-005,,MEDICINE,University of Jaffna,HAMBANTOTA,1.8669,value,1,5,1.8669
COP2122-005,,MEDICINE,University of Jaffna,JAFFNA,1.8700,value,1,5,1.8700
COP2122-005,,MEDICINE,University of Jaffna,KILINOCHCHI,1.7085,value,1,5,1.7085
COP2122-005,,MEDICINE,University of Jaffna,MANNAR,1.7153,value,1,5,1.7153
COP2122-005,,MEDICINE,University of Jaffna,MULLAITIVU,1.7161,value,1,5,1.7161
COP2122-005,,MEDICINE,University of Jaffna,VAVUNIYA,1.7178,value,1,5,1.7178
COP2122-005,,MEDICINE,University of Jaffna,TRINCOMALEE,1.7032,value,1,5,1.7032
COP2122-005,,MEDICINE,University of Jaffna,BATTICALOA,1.8369,value,1,5,1.8369
COP2122-005,,MEDICINE,University of Jaffna,AMPARA,1.7939,value,1,5,1.7939
COP2122-005,,MEDICINE,University of Jaffna,PUTTALAM,1.7014,value,1,5,1.7014
COP2122-005,,MEDICINE,University of Jaffna,KURUNEGALA,1.8317,value,1,5,1.8317
COP2122-005,,MEDICINE,University of Jaffna,ANURADHAPURA,1.7029,value,1,5,1.7029
COP2122-005,,MEDICINE,University of Jaffna,POLONNARUWA,1.7790,value,1,5,1.7790
COP2122-005,,MEDICINE,University of Jaffna,BADULLA,1.7012,value,1,5,1.7012
COP2122-005,,MEDICINE,University of Jaffna,MONARAGALA,1.7648,value,1,5,1.7648
COP2122-005,,MEDICINE,University of Jaffna,KEGALLE,1.7941,value,1,5,1.7941
COP2122-005,,MEDICINE,University of Jaffna,RATNAPURA,1.7713,value,1,5,1.7713
COP2122-006,,MEDICINE,University of Ruhuna,COLOMBO,1.9632,value,1,6,1.9632
COP2122-006,,MEDICINE,University of Ruhuna,GAMPAHA,1.9682,value,1,6,1.9682
COP2122-006,,MEDICINE,University of Ruhuna,KALUTARA,1.9664,value,1,6,1.9664
COP2122-006,,MEDICINE,University of Ruhuna,MATALE,1.9687,value,1,6,1.9687
COP2122-006,,MEDICINE,University of Ruhuna,KANDY,1.9900,value,1,6,1.9900
COP2122-006,,MEDICINE,University of Ruhuna,NUWARA ELIYA,1.9859,value,1,6,1.9859
COP2122-006,,MEDICINE,University of Ruhuna,GALLE,1.9683,value,1,6,1.9683
COP2122-006,,MEDICINE,University of Ruhuna,MATARA,1.9661,value,1,6,1.9661
COP2122-006,,MEDICINE,University of Ruhuna,HAMBANTOTA,1.9932,value,1,6,1.9932
COP2122-006,,MEDICINE,University of Ruhuna,JAFFNA,,NQC,1,6,NQC
COP2122-006,,MEDICINE,University of Ruhuna,KILINOCHCHI,,NQC,1,6,NQC
COP2122-006,,MEDICINE,University of Ruhuna,MANNAR,2.0080,value,1,6,2.0080
COP2122-006,,MEDICINE,University of Ruhuna,MULLAITIVU,,NQC,1,6,NQC
COP2122-006,,MEDICINE,University of Ruhuna,VAVUNIYA,,NQC,1,6,NQC
COP2122-006,,MEDICINE,University of Ruhuna,TRINCOMALEE,1.9769,value,1,6,1.9769
COP2122-006,,MEDICINE,University of Ruhuna,BATTICALOA,2.0273,value,1,6,2.0273
COP2122-006,,MEDICINE,University of Ruhuna,AMPARA,1.9645,value,1,6,1.9645
COP2122-006,,MEDICINE,University of Ruhuna,PUTTALAM,1.9934,value,1,6,1.9934
COP2122-006,,MEDICINE,University of Ruhuna,KURUNEGALA,1.9628,value,1,6,1.9628
COP2122-006,,MEDICINE,University of Ruhuna,ANURADHAPURA,1.9675,value,1,6,1.9675
COP2122-006,,MEDICINE,University of Ruhuna,POLONNARUWA,1.9648,value,1,6,1.9648
COP2122-006,,MEDICINE,University of Ruhuna,BADULLA,1.9627,value,1,6,1.9627
COP2122-006,,MEDICINE,University of Ruhuna,MONARAGALA,1.9966,value,1,6,1.9966
COP2122-006,,MEDICINE,University of Ruhuna,KEGALLE,1.9692,value,1,6,1.9692
COP2122-006,,MEDICINE,University of Ruhuna,RATNAPURA,1.9663,value,1,6,1.9663
COP2122-007,,MEDICINE,University of Moratuwa,COLOMBO,1.9220,value,1,7,1.9220
COP2122-007,,MEDICINE,University of Moratuwa,GAMPAHA,1.9214,value,1,7,1.9214
COP2122-007,,MEDICINE,University of Moratuwa,KALUTARA,1.9138,value,1,7,1.9138
COP2122-007,,MEDICINE,University of Moratuwa,MATALE,,NQC,1,7,NQC
COP2122-007,,MEDICINE,University of Moratuwa,KANDY,1.9032,value,1,7,1.9032
COP2122-007,,MEDICINE,University of Moratuwa,NUWARA ELIYA,,NQC,1,7,NQC
COP2122-007,,MEDICINE,University of Moratuwa,GALLE,1.8991,value,1,7,1.8991
COP2122-007,,MEDICINE,University of Moratuwa,MATARA,1.9236,value,1,7,1.9236
COP2122-007,,MEDICINE,University of Moratuwa,HAMBANTOTA,1.9090,value,1,7,1.9090
COP2122-007,,MEDICINE,University of Moratuwa,JAFFNA,1.9043,value,1,7,1.9043
COP2122-007,,MEDICINE,University of Moratuwa,KILINOCHCHI,,NQC,1,7,NQC
COP2122-007,,MEDICINE,University of Moratuwa,MANNAR,,NQC,1,7,NQC
COP2122-007,,MEDICINE,University of Moratuwa,MULLAITIVU,,NQC,1,7,NQC
COP2122-007,,MEDICINE,University of Moratuwa,VAVUNIYA,2.0106,value,1,7,2.0106
COP2122-007,,MEDICINE,University of Moratuwa,TRINCOMALEE,1.9682,value,1,7,1.9682
COP2122-007,,MEDICINE,University of Moratuwa,BATTICALOA,1.9193,value,1,7,1.9193
COP2122-007,,MEDICINE,University of Moratuwa,AMPARA,2.0042,value,1,7,2.0042
COP2122-007,,MEDICINE,University of Moratuwa,PUTTALAM,1.9593,value,1,7,1.9593
COP2122-007,,MEDICINE,University of Moratuwa,KURUNEGALA,1.9167,value,1,7,1.9167
COP2122-007,,MEDICINE,University of Moratuwa,ANURADHAPURA,1.9516,value,1,7,1.9516
COP2122-007,,MEDICINE,University of Moratuwa,POLONNARUWA,,NQC,1,7,NQC
COP2122-007,,MEDICINE,University of Moratuwa,BADULLA,1.9425,value,1,7,1.9425
COP2122-007,,MEDICINE,University of Moratuwa,MONARAGALA,,NQC,1,7,NQC
COP2122-007,,MEDICINE,University of Moratuwa,KEGALLE,1.9024,value,1,7,1.9024
COP2122-007,,MEDICINE,University of Moratuwa,RATNAPURA,1.9451,value,1,7,1.9451
COP2122-008,,MEDICINE,"Eastern University, Sri Lanka",COLOMBO,1.9192,value,1,8,1.9192
COP2122-008,,MEDICINE,"Eastern University, Sri Lanka",GAMPAHA,,NQC,1,8,NQC
COP2122-008,,MEDICINE,"Eastern University, Sri Lanka",KALUTARA,,NQC,1,8,NQC
COP2122-008,,MEDICINE,"Eastern University, Sri Lanka",MATALE,,NQC,1,8,NQC
COP2122-008,,MEDICINE,"Eastern University, Sri Lanka",KANDY,,NQC,1,8,NQC
COP2122-008,,MEDICINE,"Eastern University, Sri Lanka",NUWARA ELIYA,1.4755,value,1,8,1.4755
COP2122-008,,MEDICINE,"Eastern University, Sri Lanka",GALLE,,NQC,1,8,NQC
COP2122-008,,MEDICINE,"Eastern University, Sri Lanka",MATARA,,NQC,1,8,NQC
COP2122-008,,MEDICINE,"Eastern University, Sri Lanka",HAMBANTOTA,1.8476,value,1,8,1.8476
COP2122-008,,MEDICINE,"Eastern University, Sri Lanka",JAFFNA,,NQC,1,8,NQC
COP2122-008,,MEDICINE,"Eastern University, Sri Lanka",KILINOCHCHI,1.4665,value,1,8,1.4665
COP2122-008,,MEDICINE,"Eastern University, Sri Lanka",MANNAR,,NQC,1,8,NQC
COP2122-008,,MEDICINE,"Eastern University, Sri Lanka",MULLAITIVU,,NQC,1,8,NQC
COP2122-008,,MEDICINE,"Eastern University, Sri Lanka",VAVUNIYA,,NQC,1,8,NQC
COP2122-008,,MEDICINE,"Eastern University, Sri Lanka",TRINCOMALEE,1.9139,value,1,8,1.9139
COP2122-008,,MEDICINE,"Eastern University, Sri Lanka",BATTICALOA,1.8755,value,1,8,1.8755
COP2122-008,,MEDICINE,"Eastern University, Sri Lanka",AMPARA,1.8026,value,1,8,1.8026
COP2122-008,,MEDICINE,"Eastern University, Sri Lanka",PUTTALAM,,NQC,1,8,NQC
COP2122-008,,MEDICINE,"Eastern University, Sri Lanka",KURUNEGALA,,NQC,1,8,NQC
COP2122-008,,MEDICINE,"Eastern University, Sri Lanka",ANURADHAPURA,1.4950,value,1,8,1.4950
COP2122-008,,MEDICINE,"Eastern University, Sri Lanka",POLONNARUWA,1.5706,value,1,8,1.5706
COP2122-008,,MEDICINE,"Eastern University, Sri Lanka",BADULLA,1.6782,value,1,8,1.6782
COP2122-008,,MEDICINE,"Eastern University, Sri Lanka",MONARAGALA,1.4059,value,1,8,1.4059
COP2122-008,,MEDICINE,"Eastern University, Sri Lanka",KEGALLE,,NQC,1,8,NQC
COP2122-008,,MEDICINE,"Eastern University, Sri Lanka",RATNAPURA,,NQC,1,8,NQC
COP2122-009,,MEDICINE,Rajarata University of Sri Lanka,COLOMBO,1.9330,value,1,9,1.9330
COP2122-009,,MEDICINE,Rajarata University of Sri Lanka,GAMPAHA,1.8387,value,1,9,1.8387
COP2122-009,,MEDICINE,Rajarata University of Sri Lanka,KALUTARA,1.8743,value,1,9,1.8743
COP2122-009,,MEDICINE,Rajarata University of Sri Lanka,MATALE,1.8363,value,1,9,1.8363
COP2122-009,,MEDICINE,Rajarata University of Sri Lanka,KANDY,1.8596,value,1,9,1.8596
COP2122-009,,MEDICINE,Rajarata University of Sri Lanka,NUWARA ELIYA,1.8460,value,1,9,1.8460
COP2122-009,,MEDICINE,Rajarata University of Sri Lanka,GALLE,1.9164,value,1,9,1.9164
COP2122-009,,MEDICINE,Rajarata University of Sri Lanka,MATARA,1.9440,value,1,9,1.9440
COP2122-009,,MEDICINE,Rajarata University of Sri Lanka,HAMBANTOTA,1.8934,value,1,9,1.8934
COP2122-009,,MEDICINE,Rajarata University of Sri Lanka,JAFFNA,,NQC,1,9,NQC
COP2122-009,,MEDICINE,Rajarata University of Sri Lanka,KILINOCHCHI,,NQC,1,9,NQC
COP2122-009,,MEDICINE,Rajarata University of Sri Lanka,MANNAR,,NQC,1,9,NQC
COP2122-009,,MEDICINE,Rajarata University of Sri Lanka,MULLAITIVU,,NQC,1,9,NQC
COP2122-009,,MEDICINE,Rajarata University of Sri Lanka,VAVUNIYA,,NQC,1,9,NQC
COP2122-009,,MEDICINE,Rajarata University of Sri Lanka,TRINCOMALEE,1.8458,value,1,9,1.8458
COP2122-009,,MEDICINE,Rajarata University of Sri Lanka,BATTICALOA,1.8609,value,1,9,1.8609
COP2122-009,,MEDICINE,Rajarata University of Sri Lanka,AMPARA,1.8444,value,1,9,1.8444
COP2122-009,,MEDICINE,Rajarata University of Sri Lanka,PUTTALAM,1.8379,value,1,9,1.8379
COP2122-009,,MEDICINE,Rajarata University of Sri Lanka,KURUNEGALA,1.8368,value,1,9,1.8368
COP2122-009,,MEDICINE,Rajarata University of Sri Lanka,ANURADHAPURA,1.8668,value,1,9,1.8668
COP2122-009,,MEDICINE,Rajarata University of Sri Lanka,POLONNARUWA,1.8391,value,1,9,1.8391
COP2122-009,,MEDICINE,Rajarata University of Sri Lanka,BADULLA,1.8362,value,1,9,1.8362
COP2122-009,,MEDICINE,Rajarata University of Sri Lanka,MONARAGALA,1.8720,value,1,9,1.8720
COP2122-009,,MEDICINE,Rajarata University of Sri Lanka,KEGALLE,1.8414,value,1,9,1.8414
COP2122-009,,MEDICINE,Rajarata University of Sri Lanka,RATNAPURA,1.8622,value,1,9,1.8622
COP2122-010,,MEDICINE,Sabaragamuwa University of Sri Lanka,COLOMBO,1.9256,value,1,10,1.9256
COP2122-010,,MEDICINE,Sabaragamuwa University of Sri Lanka,GAMPAHA,1.6995,value,1,10,1.6995
COP2122-010,,MEDICINE,Sabaragamuwa University of Sri Lanka,KALUTARA,1.7943,value,1,10,1.7943
COP2122-010,,MEDICINE,Sabaragamuwa University of Sri Lanka,MATALE,,NQC,1,10,NQC
COP2122-010,,MEDICINE,Sabaragamuwa University of Sri Lanka,KANDY,1.8493,value,1,10,1.8493
COP2122-010,,MEDICINE,Sabaragamuwa University of Sri Lanka,NUWARA ELIYA,,NQC,1,10,NQC
COP2122-010,,MEDICINE,Sabaragamuwa University of Sri Lanka,GALLE,1.8923,value,1,10,1.8923
COP2122-010,,MEDICINE,Sabaragamuwa University of Sri Lanka,MATARA,1.9279,value,1,10,1.9279
COP2122-010,,MEDICINE,Sabaragamuwa University of Sri Lanka,HAMBANTOTA,1.8530,value,1,10,1.8530
COP2122-010,,MEDICINE,Sabaragamuwa University of Sri Lanka,JAFFNA,,NQC,1,10,NQC
COP2122-010,,MEDICINE,Sabaragamuwa University of Sri Lanka,KILINOCHCHI,,NQC,1,10,NQC
COP2122-010,,MEDICINE,Sabaragamuwa University of Sri Lanka,MANNAR,,NQC,1,10,NQC
COP2122-010,,MEDICINE,Sabaragamuwa University of Sri Lanka,MULLAITIVU,,NQC,1,10,NQC
COP2122-010,,MEDICINE,Sabaragamuwa University of Sri Lanka,VAVUNIYA,,NQC,1,10,NQC
COP2122-010,,MEDICINE,Sabaragamuwa University of Sri Lanka,TRINCOMALEE,,NQC,1,10,NQC
COP2122-010,,MEDICINE,Sabaragamuwa University of Sri Lanka,BATTICALOA,,NQC,1,10,NQC
COP2122-010,,MEDICINE,Sabaragamuwa University of Sri Lanka,AMPARA,1.8129,value,1,10,1.8129
COP2122-010,,MEDICINE,Sabaragamuwa University of Sri Lanka,PUTTALAM,1.7307,value,1,10,1.7307
COP2122-010,,MEDICINE,Sabaragamuwa University of Sri Lanka,KURUNEGALA,1.9561,value,1,10,1.9561
COP2122-010,,MEDICINE,Sabaragamuwa University of Sri Lanka,ANURADHAPURA,1.8704,value,1,10,1.8704
COP2122-010,,MEDICINE,Sabaragamuwa University of Sri Lanka,POLONNARUWA,1.7713,value,1,10,1.7713
COP2122-010,,MEDICINE,Sabaragamuwa University of Sri Lanka,BADULLA,1.6983,value,1,10,1.6983
COP2122-010,,MEDICINE,Sabaragamuwa University of Sri Lanka,MONARAGALA,1.7540,value,1,10,1.7540
COP2122-010,,MEDICINE,Sabaragamuwa University of Sri Lanka,KEGALLE,1.8019,value,1,10,1.8019
COP2122-010,,MEDICINE,Sabaragamuwa University of Sri Lanka,RATNAPURA,1.7850,value,1,10,1.7850
COP2122-011,,MEDICINE,Wayamba University of Sri Lanka,COLOMBO,1.9313,value,1,11,1.9313
COP2122-011,,MEDICINE,Wayamba University of Sri Lanka,GAMPAHA,1.7018,value,1,11,1.7018
COP2122-011,,MEDICINE,Wayamba University of Sri Lanka,KALUTARA,1.7883,value,1,11,1.7883
COP2122-011,,MEDICINE,Wayamba University of Sri Lanka,MATALE,1.7716,value,1,11,1.7716
COP2122-011,,MEDICINE,Wayamba University of Sri Lanka,KANDY,1.8217,value,1,11,1.8217
COP2122-011,,MEDICINE,Wayamba University of Sri Lanka,NUWARA ELIYA,1.6030,value,1,11,1.6030
COP2122-011,,MEDICINE,Wayamba University of Sri Lanka,GALLE,1.8930,value,1,11,1.8930
COP2122-011,,MEDICINE,Wayamba University of Sri Lanka,MATARA,1.9625,value,1,11,1.9625
COP2122-011,,MEDICINE,Wayamba University of Sri Lanka,HAMBANTOTA,,NQC,1,11,NQC
COP2122-011,,MEDICINE,Wayamba University of Sri Lanka,JAFFNA,,NQC,1,11,NQC
COP2122-011,,MEDICINE,Wayamba University of Sri Lanka,KILINOCHCHI,,NQC,1,11,NQC
COP2122-011,,MEDICINE,Wayamba University of Sri Lanka,MANNAR,,NQC,1,11,NQC
COP2122-011,,MEDICINE,Wayamba University of Sri Lanka,MULLAITIVU,,NQC,1,11,NQC
COP2122-011,,MEDICINE,Wayamba University of Sri Lanka,VAVUNIYA,,NQC,1,11,NQC
COP2122-011,,MEDICINE,Wayamba University of Sri Lanka,TRINCOMALEE,1.6985,value,1,11,1.6985
COP2122-011,,MEDICINE,Wayamba University of Sri Lanka,BATTICALOA,,NQC,1,11,NQC
COP2122-011,,MEDICINE,Wayamba University of Sri Lanka,AMPARA,1.8203,value,1,11,1.8203
COP2122-011,,MEDICINE,Wayamba University of Sri Lanka,PUTTALAM,1.6878,value,1,11,1.6878
COP2122-011,,MEDICINE,Wayamba University of Sri Lanka,KURUNEGALA,1.8327,value,1,11,1.8327
COP2122-011,,MEDICINE,Wayamba University of Sri Lanka,ANURADHAPURA,1.5990,value,1,11,1.5990
COP2122-011,,MEDICINE,Wayamba University of Sri Lanka,POLONNARUWA,1.5923,value,1,11,1.5923
COP2122-011,,MEDICINE,Wayamba University of Sri Lanka,BADULLA,1.6794,value,1,11,1.6794
COP2122-011,,MEDICINE,Wayamba University of Sri Lanka,MONARAGALA,1.5885,value,1,11,1.5885
COP2122-011,,MEDICINE,Wayamba University of Sri Lanka,KEGALLE,1.7787,value,1,11,1.7787
COP2122-011,,MEDICINE,Wayamba University of Sri Lanka,RATNAPURA,,NQC,1,11,NQC
COP2122-012,,DENTAL SURGERY,University of Peradeniya,COLOMBO,1.8534,value,1,12,1.8534
COP2122-012,,DENTAL SURGERY,University of Peradeniya,GAMPAHA,1.6740,value,1,12,1.6740
COP2122-012,,DENTAL SURGERY,University of Peradeniya,KALUTARA,1.7794,value,1,12,1.7794
COP2122-012,,DENTAL SURGERY,University of Peradeniya,MATALE,1.7449,value,1,12,1.7449
COP2122-012,,DENTAL SURGERY,University of Peradeniya,KANDY,1.8114,value,1,12,1.8114
COP2122-012,,DENTAL SURGERY,University of Peradeniya,NUWARA ELIYA,,NQC,1,12,NQC
COP2122-012,,DENTAL SURGERY,University of Peradeniya,GALLE,1.8577,value,1,12,1.8577
COP2122-012,,DENTAL SURGERY,University of Peradeniya,MATARA,1.8652,value,1,12,1.8652
COP2122-012,,DENTAL SURGERY,University of Peradeniya,HAMBANTOTA,1.8249,value,1,12,1.8249
COP2122-012,,DENTAL SURGERY,University of Peradeniya,JAFFNA,1.8516,value,1,12,1.8516
COP2122-012,,DENTAL SURGERY,University of Peradeniya,KILINOCHCHI,,NQC,1,12,NQC
COP2122-012,,DENTAL SURGERY,University of Peradeniya,MANNAR,1.6981,value,1,12,1.6981
COP2122-012,,DENTAL SURGERY,University of Peradeniya,MULLAITIVU,,NQC,1,12,NQC
COP2122-012,,DENTAL SURGERY,University of Peradeniya,VAVUNIYA,1.7105,value,1,12,1.7105
COP2122-012,,DENTAL SURGERY,University of Peradeniya,TRINCOMALEE,1.6941,value,1,12,1.6941
COP2122-012,,DENTAL SURGERY,University of Peradeniya,BATTICALOA,1.8133,value,1,12,1.8133
COP2122-012,,DENTAL SURGERY,University of Peradeniya,AMPARA,1.7805,value,1,12,1.7805
COP2122-012,,DENTAL SURGERY,University of Peradeniya,PUTTALAM,1.6673,value,1,12,1.6673
COP2122-012,,DENTAL SURGERY,University of Peradeniya,KURUNEGALA,1.8081,value,1,12,1.8081
COP2122-012,,DENTAL SURGERY,University of Peradeniya,ANURADHAPURA,1.5067,value,1,12,1.5067
COP2122-012,,DENTAL SURGERY,University of Peradeniya,POLONNARUWA,1.5502,value,1,12,1.5502
COP2122-012,,DENTAL SURGERY,University of Peradeniya,BADULLA,1.6466,value,1,12,1.6466
COP2122-012,,DENTAL SURGERY,University of Peradeniya,MONARAGALA,1.4966,value,1,12,1.4966
COP2122-012,,DENTAL SURGERY,University of Peradeniya,KEGALLE,1.7638,value,1,12,1.7638
COP2122-012,,DENTAL SURGERY,University of Peradeniya,RATNAPURA,1.7587,value,1,12,1.7587
COP2122-013,,DENTAL SURGERY,University of Sri Jayewardenepura,COLOMBO,1.8590,value,1,13,1.8590
COP2122-013,,DENTAL SURGERY,University of Sri Jayewardenepura,GAMPAHA,1.6856,value,1,13,1.6856
COP2122-013,,DENTAL SURGERY,University of Sri Jayewardenepura,KALUTARA,,NQC,1,13,NQC
COP2122-013,,DENTAL SURGERY,University of Sri Jayewardenepura,MATALE,,NQC,1,13,NQC
COP2122-013,,DENTAL SURGERY,University of Sri Jayewardenepura,KANDY,,NQC,1,13,NQC
COP2122-013,,DENTAL SURGERY,University of Sri Jayewardenepura,NUWARA ELIYA,1.4637,value,1,13,1.4637
COP2122-013,,DENTAL SURGERY,University of Sri Jayewardenepura,GALLE,1.8520,value,1,13,1.8520
COP2122-013,,DENTAL SURGERY,University of Sri Jayewardenepura,MATARA,1.8631,value,1,13,1.8631
COP2122-013,,DENTAL SURGERY,University of Sri Jayewardenepura,HAMBANTOTA,,NQC,1,13,NQC
COP2122-013,,DENTAL SURGERY,University of Sri Jayewardenepura,JAFFNA,,NQC,1,13,NQC
COP2122-013,,DENTAL SURGERY,University of Sri Jayewardenepura,KILINOCHCHI,1.4595,value,1,13,1.4595
COP2122-013,,DENTAL SURGERY,University of Sri Jayewardenepura,MANNAR,,NQC,1,13,NQC
COP2122-013,,DENTAL SURGERY,University of Sri Jayewardenepura,MULLAITIVU,1.7104,value,1,13,1.7104
COP2122-013,,DENTAL SURGERY,University of Sri Jayewardenepura,VAVUNIYA,,NQC,1,13,NQC
COP2122-013,,DENTAL SURGERY,University of Sri Jayewardenepura,TRINCOMALEE,,NQC,1,13,NQC
COP2122-013,,DENTAL SURGERY,University of Sri Jayewardenepura,BATTICALOA,,NQC,1,13,NQC
COP2122-013,,DENTAL SURGERY,University of Sri Jayewardenepura,AMPARA,1.7829,value,1,13,1.7829
COP2122-013,,DENTAL SURGERY,University of Sri Jayewardenepura,PUTTALAM,,NQC,1,13,NQC
COP2122-013,,DENTAL SURGERY,University of Sri Jayewardenepura,KURUNEGALA,,NQC,1,13,NQC
COP2122-013,,DENTAL SURGERY,University of Sri Jayewardenepura,ANURADHAPURA,1.4877,value,1,13,1.4877
COP2122-013,,DENTAL SURGERY,University of Sri Jayewardenepura,POLONNARUWA,,NQC,1,13,NQC
COP2122-013,,DENTAL SURGERY,University of Sri Jayewardenepura,BADULLA,,NQC,1,13,NQC
COP2122-013,,DENTAL SURGERY,University of Sri Jayewardenepura,MONARAGALA,1.4042,value,1,13,1.4042
COP2122-013,,DENTAL SURGERY,University of Sri Jayewardenepura,KEGALLE,,NQC,1,13,NQC
COP2122-013,,DENTAL SURGERY,University of Sri Jayewardenepura,RATNAPURA,,NQC,1,13,NQC
COP2122-014,,VETERINARY SCIENCE,University of Peradeniya,COLOMBO,1.7397,value,1,14,1.7397
COP2122-014,,VETERINARY SCIENCE,University of Peradeniya,GAMPAHA,1.6297,value,1,14,1.6297
COP2122-014,,VETERINARY SCIENCE,University of Peradeniya,KALUTARA,1.7389,value,1,14,1.7389
COP2122-014,,VETERINARY SCIENCE,University of Peradeniya,MATALE,1.6640,value,1,14,1.6640
COP2122-014,,VETERINARY SCIENCE,University of Peradeniya,KANDY,1.7606,value,1,14,1.7606
COP2122-014,,VETERINARY SCIENCE,University of Peradeniya,NUWARA ELIYA,1.4199,value,1,14,1.4199
COP2122-014,,VETERINARY SCIENCE,University of Peradeniya,GALLE,1.7700,value,1,14,1.7700
COP2122-014,,VETERINARY SCIENCE,University of Peradeniya,MATARA,1.7838,value,1,14,1.7838
COP2122-014,,VETERINARY SCIENCE,University of Peradeniya,HAMBANTOTA,1.7700,value,1,14,1.7700
COP2122-014,,VETERINARY SCIENCE,University of Peradeniya,JAFFNA,1.7417,value,1,14,1.7417
COP2122-014,,VETERINARY SCIENCE,University of Peradeniya,KILINOCHCHI,1.4482,value,1,14,1.4482
COP2122-014,,VETERINARY SCIENCE,University of Peradeniya,MANNAR,1.6781,value,1,14,1.6781
COP2122-014,,VETERINARY SCIENCE,University of Peradeniya,MULLAITIVU,1.7033,value,1,14,1.7033
COP2122-014,,VETERINARY SCIENCE,University of Peradeniya,VAVUNIYA,1.7061,value,1,14,1.7061
COP2122-014,,VETERINARY SCIENCE,University of Peradeniya,TRINCOMALEE,1.6596,value,1,14,1.6596
COP2122-014,,VETERINARY SCIENCE,University of Peradeniya,BATTICALOA,1.6827,value,1,14,1.6827
COP2122-014,,VETERINARY SCIENCE,University of Peradeniya,AMPARA,1.7165,value,1,14,1.7165
COP2122-014,,VETERINARY SCIENCE,University of Peradeniya,PUTTALAM,1.5761,value,1,14,1.5761
COP2122-014,,VETERINARY SCIENCE,University of Peradeniya,KURUNEGALA,1.7771,value,1,14,1.7771
COP2122-014,,VETERINARY SCIENCE,University of Peradeniya,ANURADHAPURA,1.4641,value,1,14,1.4641
COP2122-014,,VETERINARY SCIENCE,University of Peradeniya,POLONNARUWA,1.4370,value,1,14,1.4370
COP2122-014,,VETERINARY SCIENCE,University of Peradeniya,BADULLA,1.6042,value,1,14,1.6042
COP2122-014,,VETERINARY SCIENCE,University of Peradeniya,MONARAGALA,1.3783,value,1,14,1.3783
COP2122-014,,VETERINARY SCIENCE,University of Peradeniya,KEGALLE,1.7447,value,1,14,1.7447
COP2122-014,,VETERINARY SCIENCE,University of Peradeniya,RATNAPURA,1.7264,value,1,14,1.7264
COP2122-015,,BIOCHEMISTRY & MOLECULAR BIOLOGY,University of Colombo,COLOMBO,1.7966,value,1,15,1.7966
COP2122-015,,BIOCHEMISTRY & MOLECULAR BIOLOGY,University of Colombo,GAMPAHA,1.6299,value,1,15,1.6299
COP2122-015,,BIOCHEMISTRY & MOLECULAR BIOLOGY,University of Colombo,KALUTARA,1.7536,value,1,15,1.7536
COP2122-015,,BIOCHEMISTRY & MOLECULAR BIOLOGY,University of Colombo,MATALE,1.7408,value,1,15,1.7408
COP2122-015,,BIOCHEMISTRY & MOLECULAR BIOLOGY,University of Colombo,KANDY,1.8032,value,1,15,1.8032
COP2122-015,,BIOCHEMISTRY & MOLECULAR BIOLOGY,University of Colombo,NUWARA ELIYA,1.4124,value,1,15,1.4124
COP2122-015,,BIOCHEMISTRY & MOLECULAR BIOLOGY,University of Colombo,GALLE,1.8109,value,1,15,1.8109
COP2122-015,,BIOCHEMISTRY & MOLECULAR BIOLOGY,University of Colombo,MATARA,1.8085,value,1,15,1.8085
COP2122-015,,BIOCHEMISTRY & MOLECULAR BIOLOGY,University of Colombo,HAMBANTOTA,1.7882,value,1,15,1.7882
COP2122-015,,BIOCHEMISTRY & MOLECULAR BIOLOGY,University of Colombo,JAFFNA,1.8149,value,1,15,1.8149
COP2122-015,,BIOCHEMISTRY & MOLECULAR BIOLOGY,University of Colombo,KILINOCHCHI,1.2509,value,1,15,1.2509
COP2122-015,,BIOCHEMISTRY & MOLECULAR BIOLOGY,University of Colombo,MANNAR,1.6198,value,1,15,1.6198
COP2122-015,,BIOCHEMISTRY & MOLECULAR BIOLOGY,University of Colombo,MULLAITIVU,1.4887,value,1,15,1.4887
COP2122-015,,BIOCHEMISTRY & MOLECULAR BIOLOGY,University of Colombo,VAVUNIYA,1.6437,value,1,15,1.6437
COP2122-015,,BIOCHEMISTRY & MOLECULAR BIOLOGY,University of Colombo,TRINCOMALEE,1.6851,value,1,15,1.6851
COP2122-015,,BIOCHEMISTRY & MOLECULAR BIOLOGY,University of Colombo,BATTICALOA,1.7347,value,1,15,1.7347
COP2122-015,,BIOCHEMISTRY & MOLECULAR BIOLOGY,University of Colombo,AMPARA,1.6605,value,1,15,1.6605
COP2122-015,,BIOCHEMISTRY & MOLECULAR BIOLOGY,University of Colombo,PUTTALAM,1.6327,value,1,15,1.6327
COP2122-015,,BIOCHEMISTRY & MOLECULAR BIOLOGY,University of Colombo,KURUNEGALA,1.8007,value,1,15,1.8007
COP2122-015,,BIOCHEMISTRY & MOLECULAR BIOLOGY,University of Colombo,ANURADHAPURA,1.4658,value,1,15,1.4658
COP2122-015,,BIOCHEMISTRY & MOLECULAR BIOLOGY,University of Colombo,POLONNARUWA,1.5321,value,1,15,1.5321
COP2122-015,,BIOCHEMISTRY & MOLECULAR BIOLOGY,University of Colombo,BADULLA,1.6073,value,1,15,1.6073
COP2122-015,,BIOCHEMISTRY & MOLECULAR BIOLOGY,University of Colombo,MONARAGALA,1.3628,value,1,15,1.3628
COP2122-015,,BIOCHEMISTRY & MOLECULAR BIOLOGY,University of Colombo,KEGALLE,1.7460,value,1,15,1.7460
COP2122-015,,BIOCHEMISTRY & MOLECULAR BIOLOGY,University of Colombo,RATNAPURA,1.7379,value,1,15,1.7379
COP2122-016,,AGRICULTURAL TECHNOLOGY & MANAGEMENT,University of Peradeniya,COLOMBO,1.2522,value,1,16,1.2522
COP2122-016,,AGRICULTURAL TECHNOLOGY & MANAGEMENT,University of Peradeniya,GAMPAHA,1.2548,value,1,16,1.2548
COP2122-016,,AGRICULTURAL TECHNOLOGY & MANAGEMENT,University of Peradeniya,KALUTARA,1.3334,value,1,16,1.3334
COP2122-016,,AGRICULTURAL TECHNOLOGY & MANAGEMENT,University of Peradeniya,MATALE,1.4595,value,1,16,1.4595
COP2122-016,,AGRICULTURAL TECHNOLOGY & MANAGEMENT,University of Peradeniya,KANDY,1.4388,value,1,16,1.4388
COP2122-016,,AGRICULTURAL TECHNOLOGY & MANAGEMENT,University of Peradeniya,NUWARA ELIYA,1.3029,value,1,16,1.3029
COP2122-016,,AGRICULTURAL TECHNOLOGY & MANAGEMENT,University of Peradeniya,GALLE,1.3776,value,1,16,1.3776
COP2122-016,,AGRICULTURAL TECHNOLOGY & MANAGEMENT,University of Peradeniya,MATARA,1.4518,value,1,16,1.4518
COP2122-016,,AGRICULTURAL TECHNOLOGY & MANAGEMENT,University of Peradeniya,HAMBANTOTA,1.4396,value,1,16,1.4396
COP2122-016,,AGRICULTURAL TECHNOLOGY & MANAGEMENT,University of Peradeniya,JAFFNA,1.3860,value,1,16,1.3860
COP2122-016,,AGRICULTURAL TECHNOLOGY & MANAGEMENT,University of Peradeniya,KILINOCHCHI,1.0146,value,1,16,1.0146
COP2122-016,,AGRICULTURAL TECHNOLOGY & MANAGEMENT,University of Peradeniya,MANNAR,1.2516,value,1,16,1.2516
COP2122-016,,AGRICULTURAL TECHNOLOGY & MANAGEMENT,University of Peradeniya,MULLAITIVU,1.3775,value,1,16,1.3775
COP2122-016,,AGRICULTURAL TECHNOLOGY & MANAGEMENT,University of Peradeniya,VAVUNIYA,1.4734,value,1,16,1.4734
COP2122-016,,AGRICULTURAL TECHNOLOGY & MANAGEMENT,University of Peradeniya,TRINCOMALEE,1.2107,value,1,16,1.2107
COP2122-016,,AGRICULTURAL TECHNOLOGY & MANAGEMENT,University of Peradeniya,BATTICALOA,1.3868,value,1,16,1.3868
COP2122-016,,AGRICULTURAL TECHNOLOGY & MANAGEMENT,University of Peradeniya,AMPARA,1.2763,value,1,16,1.2763
COP2122-016,,AGRICULTURAL TECHNOLOGY & MANAGEMENT,University of Peradeniya,PUTTALAM,1.3032,value,1,16,1.3032
COP2122-016,,AGRICULTURAL TECHNOLOGY & MANAGEMENT,University of Peradeniya,KURUNEGALA,1.4227,value,1,16,1.4227
COP2122-016,,AGRICULTURAL TECHNOLOGY & MANAGEMENT,University of Peradeniya,ANURADHAPURA,1.3600,value,1,16,1.3600
COP2122-016,,AGRICULTURAL TECHNOLOGY & MANAGEMENT,University of Peradeniya,POLONNARUWA,1.1486,value,1,16,1.1486
COP2122-016,,AGRICULTURAL TECHNOLOGY & MANAGEMENT,University of Peradeniya,BADULLA,1.3364,value,1,16,1.3364
COP2122-016,,AGRICULTURAL TECHNOLOGY & MANAGEMENT,University of Peradeniya,MONARAGALA,1.2875,value,1,16,1.2875
COP2122-016,,AGRICULTURAL TECHNOLOGY & MANAGEMENT,University of Peradeniya,KEGALLE,1.4116,value,1,16,1.4116
COP2122-016,,AGRICULTURAL TECHNOLOGY & MANAGEMENT,University of Peradeniya,RATNAPURA,1.3181,value,1,16,1.3181
COP2122-017,,AGRICULTURE,University of Jaffna,COLOMBO,0.5565,value,1,17,0.5565
COP2122-017,,AGRICULTURE,University of Jaffna,GAMPAHA,0.5238,value,1,17,0.5238
COP2122-017,,AGRICULTURE,University of Jaffna,KALUTARA,0.6754,value,1,17,0.6754
COP2122-017,,AGRICULTURE,University of Jaffna,MATALE,0.7933,value,1,17,0.7933
COP2122-017,,AGRICULTURE,University of Jaffna,KANDY,0.6872,value,1,17,0.6872
COP2122-017,,AGRICULTURE,University of Jaffna,NUWARA ELIYA,0.5198,value,1,17,0.5198
COP2122-017,,AGRICULTURE,University of Jaffna,GALLE,0.6863,value,1,17,0.6863
COP2122-017,,AGRICULTURE,University of Jaffna,MATARA,0.7699,value,1,17,0.7699
COP2122-017,,AGRICULTURE,University of Jaffna,HAMBANTOTA,0.7509,value,1,17,0.7509
COP2122-017,,AGRICULTURE,University of Jaffna,JAFFNA,0.7140,value,1,17,0.7140
COP2122-017,,AGRICULTURE,University of Jaffna,KILINOCHCHI,0.5335,value,1,17,0.5335
COP2122-017,,AGRICULTURE,University of Jaffna,MANNAR,0.6559,value,1,17,0.6559
COP2122-017,,AGRICULTURE,University of Jaffna,MULLAITIVU,0.5586,value,1,17,0.5586
COP2122-017,,AGRICULTURE,University of Jaffna,VAVUNIYA,0.5778,value,1,17,0.5778
COP2122-017,,AGRICULTURE,University of Jaffna,TRINCOMALEE,0.5091,value,1,17,0.5091
COP2122-017,,AGRICULTURE,University of Jaffna,BATTICALOA,0.5646,value,1,17,0.5646
COP2122-017,,AGRICULTURE,University of Jaffna,AMPARA,0.7229,value,1,17,0.7229
COP2122-017,,AGRICULTURE,University of Jaffna,PUTTALAM,0.5142,value,1,17,0.5142
COP2122-017,,AGRICULTURE,University of Jaffna,KURUNEGALA,0.6879,value,1,17,0.6879
COP2122-017,,AGRICULTURE,University of Jaffna,ANURADHAPURA,0.5445,value,1,17,0.5445
COP2122-017,,AGRICULTURE,University of Jaffna,POLONNARUWA,0.6401,value,1,17,0.6401
COP2122-017,,AGRICULTURE,University of Jaffna,BADULLA,0.6024,value,1,17,0.6024
COP2122-017,,AGRICULTURE,University of Jaffna,MONARAGALA,0.5389,value,1,17,0.5389
COP2122-017,,AGRICULTURE,University of Jaffna,KEGALLE,0.7329,value,1,17,0.7329
COP2122-017,,AGRICULTURE,University of Jaffna,RATNAPURA,0.5764,value,1,17,0.5764
COP2122-018,,AGRICULTURE,"Eastern University, Sri Lanka",COLOMBO,0.5619,value,1,18,0.5619
COP2122-018,,AGRICULTURE,"Eastern University, Sri Lanka",GAMPAHA,0.4569,value,1,18,0.4569
COP2122-018,,AGRICULTURE,"Eastern University, Sri Lanka",KALUTARA,0.6839,value,1,18,0.6839
COP2122-018,,AGRICULTURE,"Eastern University, Sri Lanka",MATALE,0.6612,value,1,18,0.6612
COP2122-018,,AGRICULTURE,"Eastern University, Sri Lanka",KANDY,0.7180,value,1,18,0.7180
COP2122-018,,AGRICULTURE,"Eastern University, Sri Lanka",NUWARA ELIYA,0.4581,value,1,18,0.4581
COP2122-018,,AGRICULTURE,"Eastern University, Sri Lanka",GALLE,0.6604,value,1,18,0.6604
COP2122-018,,AGRICULTURE,"Eastern University, Sri Lanka",MATARA,0.7230,value,1,18,0.7230
COP2122-018,,AGRICULTURE,"Eastern University, Sri Lanka",HAMBANTOTA,,NQC,1,18,NQC
COP2122-018,,AGRICULTURE,"Eastern University, Sri Lanka",JAFFNA,0.8409,value,1,18,0.8409
COP2122-018,,AGRICULTURE,"Eastern University, Sri Lanka",KILINOCHCHI,0.4842,value,1,18,0.4842
COP2122-018,,AGRICULTURE,"Eastern University, Sri Lanka",MANNAR,0.4941,value,1,18,0.4941
COP2122-018,,AGRICULTURE,"Eastern University, Sri Lanka",MULLAITIVU,0.6111,value,1,18,0.6111
COP2122-018,,AGRICULTURE,"Eastern University, Sri Lanka",VAVUNIYA,0.4353,value,1,18,0.4353
COP2122-018,,AGRICULTURE,"Eastern University, Sri Lanka",TRINCOMALEE,0.4778,value,1,18,0.4778
COP2122-018,,AGRICULTURE,"Eastern University, Sri Lanka",BATTICALOA,0.5431,value,1,18,0.5431
COP2122-018,,AGRICULTURE,"Eastern University, Sri Lanka",AMPARA,0.7065,value,1,18,0.7065
COP2122-018,,AGRICULTURE,"Eastern University, Sri Lanka",PUTTALAM,0.4543,value,1,18,0.4543
COP2122-018,,AGRICULTURE,"Eastern University, Sri Lanka",KURUNEGALA,0.6814,value,1,18,0.6814
COP2122-018,,AGRICULTURE,"Eastern University, Sri Lanka",ANURADHAPURA,0.5516,value,1,18,0.5516
COP2122-018,,AGRICULTURE,"Eastern University, Sri Lanka",POLONNARUWA,0.3941,value,1,18,0.3941
COP2122-018,,AGRICULTURE,"Eastern University, Sri Lanka",BADULLA,0.6650,value,1,18,0.6650
COP2122-018,,AGRICULTURE,"Eastern University, Sri Lanka",MONARAGALA,0.5033,value,1,18,0.5033
COP2122-018,,AGRICULTURE,"Eastern University, Sri Lanka",KEGALLE,0.7265,value,1,18,0.7265
COP2122-018,,AGRICULTURE,"Eastern University, Sri Lanka",RATNAPURA,0.5787,value,1,18,0.5787
COP2122-019,,AGRICULTURE,Rajarata University of Sri Lanka,COLOMBO,0.6095,value,1,19,0.6095
COP2122-019,,AGRICULTURE,Rajarata University of Sri Lanka,GAMPAHA,0.6179,value,1,19,0.6179
COP2122-019,,AGRICULTURE,Rajarata University of Sri Lanka,KALUTARA,0.6882,value,1,19,0.6882
COP2122-019,,AGRICULTURE,Rajarata University of Sri Lanka,MATALE,0.6106,value,1,19,0.6106
COP2122-019,,AGRICULTURE,Rajarata University of Sri Lanka,KANDY,0.6807,value,1,19,0.6807
COP2122-019,,AGRICULTURE,Rajarata University of Sri Lanka,NUWARA ELIYA,0.6229,value,1,19,0.6229
COP2122-019,,AGRICULTURE,Rajarata University of Sri Lanka,GALLE,0.6428,value,1,19,0.6428
COP2122-019,,AGRICULTURE,Rajarata University of Sri Lanka,MATARA,0.7073,value,1,19,0.7073
COP2122-019,,AGRICULTURE,Rajarata University of Sri Lanka,HAMBANTOTA,0.6806,value,1,19,0.6806
COP2122-019,,AGRICULTURE,Rajarata University of Sri Lanka,JAFFNA,0.7042,value,1,19,0.7042
COP2122-019,,AGRICULTURE,Rajarata University of Sri Lanka,KILINOCHCHI,,NQC,1,19,NQC
COP2122-019,,AGRICULTURE,Rajarata University of Sri Lanka,MANNAR,0.8485,value,1,19,0.8485
COP2122-019,,AGRICULTURE,Rajarata University of Sri Lanka,MULLAITIVU,,NQC,1,19,NQC
COP2122-019,,AGRICULTURE,Rajarata University of Sri Lanka,VAVUNIYA,0.6133,value,1,19,0.6133
COP2122-019,,AGRICULTURE,Rajarata University of Sri Lanka,TRINCOMALEE,,NQC,1,19,NQC
COP2122-019,,AGRICULTURE,Rajarata University of Sri Lanka,BATTICALOA,0.6726,value,1,19,0.6726
COP2122-019,,AGRICULTURE,Rajarata University of Sri Lanka,AMPARA,0.6795,value,1,19,0.6795
COP2122-019,,AGRICULTURE,Rajarata University of Sri Lanka,PUTTALAM,0.6682,value,1,19,0.6682
COP2122-019,,AGRICULTURE,Rajarata University of Sri Lanka,KURUNEGALA,0.6755,value,1,19,0.6755
COP2122-019,,AGRICULTURE,Rajarata University of Sri Lanka,ANURADHAPURA,0.6138,value,1,19,0.6138
COP2122-019,,AGRICULTURE,Rajarata University of Sri Lanka,POLONNARUWA,0.7512,value,1,19,0.7512
COP2122-019,,AGRICULTURE,Rajarata University of Sri Lanka,BADULLA,0.6151,value,1,19,0.6151
COP2122-019,,AGRICULTURE,Rajarata University of Sri Lanka,MONARAGALA,0.6299,value,1,19,0.6299
COP2122-019,,AGRICULTURE,Rajarata University of Sri Lanka,KEGALLE,0.7104,value,1,19,0.7104
COP2122-019,,AGRICULTURE,Rajarata University of Sri Lanka,RATNAPURA,0.6218,value,1,19,0.6218
COP2122-020,,AGRICULTURE,Sabaragamuwa University of Sri Lanka,COLOMBO,0.7397,value,1,20,0.7397
COP2122-020,,AGRICULTURE,Sabaragamuwa University of Sri Lanka,GAMPAHA,0.7908,value,1,20,0.7908
COP2122-020,,AGRICULTURE,Sabaragamuwa University of Sri Lanka,KALUTARA,0.7605,value,1,20,0.7605
COP2122-020,,AGRICULTURE,Sabaragamuwa University of Sri Lanka,MATALE,0.7691,value,1,20,0.7691
COP2122-020,,AGRICULTURE,Sabaragamuwa University of Sri Lanka,KANDY,0.7545,value,1,20,0.7545
COP2122-020,,AGRICULTURE,Sabaragamuwa University of Sri Lanka,NUWARA ELIYA,0.8013,value,1,20,0.8013
COP2122-020,,AGRICULTURE,Sabaragamuwa University of Sri Lanka,GALLE,0.7414,value,1,20,0.7414
COP2122-020,,AGRICULTURE,Sabaragamuwa University of Sri Lanka,MATARA,0.7522,value,1,20,0.7522
COP2122-020,,AGRICULTURE,Sabaragamuwa University of Sri Lanka,HAMBANTOTA,0.7376,value,1,20,0.7376
COP2122-020,,AGRICULTURE,Sabaragamuwa University of Sri Lanka,JAFFNA,0.9988,value,1,20,0.9988
COP2122-020,,AGRICULTURE,Sabaragamuwa University of Sri Lanka,KILINOCHCHI,,NQC,1,20,NQC
COP2122-020,,AGRICULTURE,Sabaragamuwa University of Sri Lanka,MANNAR,,NQC,1,20,NQC
COP2122-020,,AGRICULTURE,Sabaragamuwa University of Sri Lanka,MULLAITIVU,,NQC,1,20,NQC
COP2122-020,,AGRICULTURE,Sabaragamuwa University of Sri Lanka,VAVUNIYA,0.8363,value,1,20,0.8363
COP2122-020,,AGRICULTURE,Sabaragamuwa University of Sri Lanka,TRINCOMALEE,,NQC,1,20,NQC
COP2122-020,,AGRICULTURE,Sabaragamuwa University of Sri Lanka,BATTICALOA,,NQC,1,20,NQC
COP2122-020,,AGRICULTURE,Sabaragamuwa University of Sri Lanka,AMPARA,,NQC,1,20,NQC
COP2122-020,,AGRICULTURE,Sabaragamuwa University of Sri Lanka,PUTTALAM,0.7987,value,1,20,0.7987
COP2122-020,,AGRICULTURE,Sabaragamuwa University of Sri Lanka,KURUNEGALA,0.7497,value,1,20,0.7497
COP2122-020,,AGRICULTURE,Sabaragamuwa University of Sri Lanka,ANURADHAPURA,0.7472,value,1,20,0.7472
COP2122-020,,AGRICULTURE,Sabaragamuwa University of Sri Lanka,POLONNARUWA,0.8213,value,1,20,0.8213
COP2122-020,,AGRICULTURE,Sabaragamuwa University of Sri Lanka,BADULLA,0.7392,value,1,20,0.7392
COP2122-020,,AGRICULTURE,Sabaragamuwa University of Sri Lanka,MONARAGALA,0.7412,value,1,20,0.7412
COP2122-020,,AGRICULTURE,Sabaragamuwa University of Sri Lanka,KEGALLE,0.7529,value,1,20,0.7529
COP2122-020,,AGRICULTURE,Sabaragamuwa University of Sri Lanka,RATNAPURA,0.7608,value,1,20,0.7608
COP2122-021,,AGRICULTURE,Wayamba University of Sri Lanka,COLOMBO,0.6247,value,1,21,0.6247
COP2122-021,,AGRICULTURE,Wayamba University of Sri Lanka,GAMPAHA,0.6284,value,1,21,0.6284
COP2122-021,,AGRICULTURE,Wayamba University of Sri Lanka,KALUTARA,0.6734,value,1,21,0.6734
COP2122-021,,AGRICULTURE,Wayamba University of Sri Lanka,MATALE,0.6643,value,1,21,0.6643
COP2122-021,,AGRICULTURE,Wayamba University of Sri Lanka,KANDY,0.6825,value,1,21,0.6825
COP2122-021,,AGRICULTURE,Wayamba University of Sri Lanka,NUWARA ELIYA,0.8534,value,1,21,0.8534
COP2122-021,,AGRICULTURE,Wayamba University of Sri Lanka,GALLE,0.6488,value,1,21,0.6488
COP2122-021,,AGRICULTURE,Wayamba University of Sri Lanka,MATARA,0.7096,value,1,21,0.7096
COP2122-021,,AGRICULTURE,Wayamba University of Sri Lanka,HAMBANTOTA,0.6840,value,1,21,0.6840
COP2122-021,,AGRICULTURE,Wayamba University of Sri Lanka,JAFFNA,0.7370,value,1,21,0.7370
COP2122-021,,AGRICULTURE,Wayamba University of Sri Lanka,KILINOCHCHI,,NQC,1,21,NQC
COP2122-021,,AGRICULTURE,Wayamba University of Sri Lanka,MANNAR,,NQC,1,21,NQC
COP2122-021,,AGRICULTURE,Wayamba University of Sri Lanka,MULLAITIVU,0.6587,value,1,21,0.6587
COP2122-021,,AGRICULTURE,Wayamba University of Sri Lanka,VAVUNIYA,,NQC,1,21,NQC
COP2122-021,,AGRICULTURE,Wayamba University of Sri Lanka,TRINCOMALEE,,NQC,1,21,NQC
COP2122-021,,AGRICULTURE,Wayamba University of Sri Lanka,BATTICALOA,0.7841,value,1,21,0.7841
COP2122-021,,AGRICULTURE,Wayamba University of Sri Lanka,AMPARA,0.6941,value,1,21,0.6941
COP2122-021,,AGRICULTURE,Wayamba University of Sri Lanka,PUTTALAM,0.6546,value,1,21,0.6546
COP2122-021,,AGRICULTURE,Wayamba University of Sri Lanka,KURUNEGALA,0.6738,value,1,21,0.6738
COP2122-021,,AGRICULTURE,Wayamba University of Sri Lanka,ANURADHAPURA,0.6677,value,1,21,0.6677
COP2122-021,,AGRICULTURE,Wayamba University of Sri Lanka,POLONNARUWA,,NQC,1,21,NQC
COP2122-021,,AGRICULTURE,Wayamba University of Sri Lanka,BADULLA,0.6920,value,1,21,0.6920
COP2122-021,,AGRICULTURE,Wayamba University of Sri Lanka,MONARAGALA,0.6316,value,1,21,0.6316
COP2122-021,,AGRICULTURE,Wayamba University of Sri Lanka,KEGALLE,0.7114,value,1,21,0.7114
COP2122-021,,AGRICULTURE,Wayamba University of Sri Lanka,RATNAPURA,0.6280,value,1,21,0.6280
COP2122-022,,FOOD SCIENCE & NUTRITION,Wayamba University of Sri Lanka,COLOMBO,1.1348,value,1,22,1.1348
COP2122-022,,FOOD SCIENCE & NUTRITION,Wayamba University of Sri Lanka,GAMPAHA,1.1721,value,1,22,1.1721
COP2122-022,,FOOD SCIENCE & NUTRITION,Wayamba University of Sri Lanka,KALUTARA,1.2384,value,1,22,1.2384
COP2122-022,,FOOD SCIENCE & NUTRITION,Wayamba University of Sri Lanka,MATALE,1.2096,value,1,22,1.2096
COP2122-022,,FOOD SCIENCE & NUTRITION,Wayamba University of Sri Lanka,KANDY,1.2612,value,1,22,1.2612
COP2122-022,,FOOD SCIENCE & NUTRITION,Wayamba University of Sri Lanka,NUWARA ELIYA,1.1471,value,1,22,1.1471
COP2122-022,,FOOD SCIENCE & NUTRITION,Wayamba University of Sri Lanka,GALLE,1.2553,value,1,22,1.2553
COP2122-022,,FOOD SCIENCE & NUTRITION,Wayamba University of Sri Lanka,MATARA,1.2592,value,1,22,1.2592
COP2122-022,,FOOD SCIENCE & NUTRITION,Wayamba University of Sri Lanka,HAMBANTOTA,1.2473,value,1,22,1.2473
COP2122-022,,FOOD SCIENCE & NUTRITION,Wayamba University of Sri Lanka,JAFFNA,1.1919,value,1,22,1.1919
COP2122-022,,FOOD SCIENCE & NUTRITION,Wayamba University of Sri Lanka,KILINOCHCHI,0.6139,value,1,22,0.6139
COP2122-022,,FOOD SCIENCE & NUTRITION,Wayamba University of Sri Lanka,MANNAR,1.0077,value,1,22,1.0077
COP2122-022,,FOOD SCIENCE & NUTRITION,Wayamba University of Sri Lanka,MULLAITIVU,1.0195,value,1,22,1.0195
COP2122-022,,FOOD SCIENCE & NUTRITION,Wayamba University of Sri Lanka,VAVUNIYA,1.2736,value,1,22,1.2736
COP2122-022,,FOOD SCIENCE & NUTRITION,Wayamba University of Sri Lanka,TRINCOMALEE,1.1069,value,1,22,1.1069
COP2122-022,,FOOD SCIENCE & NUTRITION,Wayamba University of Sri Lanka,BATTICALOA,1.2342,value,1,22,1.2342
COP2122-022,,FOOD SCIENCE & NUTRITION,Wayamba University of Sri Lanka,AMPARA,1.2792,value,1,22,1.2792
COP2122-022,,FOOD SCIENCE & NUTRITION,Wayamba University of Sri Lanka,PUTTALAM,1.2013,value,1,22,1.2013
COP2122-022,,FOOD SCIENCE & NUTRITION,Wayamba University of Sri Lanka,KURUNEGALA,1.2473,value,1,22,1.2473
COP2122-022,,FOOD SCIENCE & NUTRITION,Wayamba University of Sri Lanka,ANURADHAPURA,1.0938,value,1,22,1.0938
COP2122-022,,FOOD SCIENCE & NUTRITION,Wayamba University of Sri Lanka,POLONNARUWA,1.1167,value,1,22,1.1167
COP2122-022,,FOOD SCIENCE & NUTRITION,Wayamba University of Sri Lanka,BADULLA,1.1482,value,1,22,1.1482
COP2122-022,,FOOD SCIENCE & NUTRITION,Wayamba University of Sri Lanka,MONARAGALA,1.0817,value,1,22,1.0817
COP2122-022,,FOOD SCIENCE & NUTRITION,Wayamba University of Sri Lanka,KEGALLE,1.2850,value,1,22,1.2850
COP2122-022,,FOOD SCIENCE & NUTRITION,Wayamba University of Sri Lanka,RATNAPURA,1.1789,value,1,22,1.1789
COP2122-023,,FOOD SCIENCE & TECHNOLOGY,University of Peradeniya,COLOMBO,1.5913,value,1,23,1.5913
COP2122-023,,FOOD SCIENCE & TECHNOLOGY,University of Peradeniya,GAMPAHA,1.5884,value,1,23,1.5884
COP2122-023,,FOOD SCIENCE & TECHNOLOGY,University of Peradeniya,KALUTARA,1.6106,value,1,23,1.6106
COP2122-023,,FOOD SCIENCE & TECHNOLOGY,University of Peradeniya,MATALE,1.5956,value,1,23,1.5956
COP2122-023,,FOOD SCIENCE & TECHNOLOGY,University of Peradeniya,KANDY,1.5993,value,1,23,1.5993
COP2122-023,,FOOD SCIENCE & TECHNOLOGY,University of Peradeniya,NUWARA ELIYA,,NQC,1,23,NQC
COP2122-023,,FOOD SCIENCE & TECHNOLOGY,University of Peradeniya,GALLE,1.5909,value,1,23,1.5909
COP2122-023,,FOOD SCIENCE & TECHNOLOGY,University of Peradeniya,MATARA,1.6169,value,1,23,1.6169
COP2122-023,,FOOD SCIENCE & TECHNOLOGY,University of Peradeniya,HAMBANTOTA,1.6022,value,1,23,1.6022
COP2122-023,,FOOD SCIENCE & TECHNOLOGY,University of Peradeniya,JAFFNA,1.6961,value,1,23,1.6961
COP2122-023,,FOOD SCIENCE & TECHNOLOGY,University of Peradeniya,KILINOCHCHI,,NQC,1,23,NQC
COP2122-023,,FOOD SCIENCE & TECHNOLOGY,University of Peradeniya,MANNAR,,NQC,1,23,NQC
COP2122-023,,FOOD SCIENCE & TECHNOLOGY,University of Peradeniya,MULLAITIVU,,NQC,1,23,NQC
COP2122-023,,FOOD SCIENCE & TECHNOLOGY,University of Peradeniya,VAVUNIYA,,NQC,1,23,NQC
COP2122-023,,FOOD SCIENCE & TECHNOLOGY,University of Peradeniya,TRINCOMALEE,,NQC,1,23,NQC
COP2122-023,,FOOD SCIENCE & TECHNOLOGY,University of Peradeniya,BATTICALOA,,NQC,1,23,NQC
COP2122-023,,FOOD SCIENCE & TECHNOLOGY,University of Peradeniya,AMPARA,,NQC,1,23,NQC
COP2122-023,,FOOD SCIENCE & TECHNOLOGY,University of Peradeniya,PUTTALAM,,NQC,1,23,NQC
COP2122-023,,FOOD SCIENCE & TECHNOLOGY,University of Peradeniya,KURUNEGALA,1.6404,value,1,23,1.6404
COP2122-023,,FOOD SCIENCE & TECHNOLOGY,University of Peradeniya,ANURADHAPURA,,NQC,1,23,NQC
COP2122-023,,FOOD SCIENCE & TECHNOLOGY,University of Peradeniya,POLONNARUWA,,NQC,1,23,NQC
COP2122-023,,FOOD SCIENCE & TECHNOLOGY,University of Peradeniya,BADULLA,,NQC,1,23,NQC
COP2122-023,,FOOD SCIENCE & TECHNOLOGY,University of Peradeniya,MONARAGALA,,NQC,1,23,NQC
COP2122-023,,FOOD SCIENCE & TECHNOLOGY,University of Peradeniya,KEGALLE,1.5859,value,1,23,1.5859
COP2122-023,,FOOD SCIENCE & TECHNOLOGY,University of Peradeniya,RATNAPURA,1.5929,value,1,23,1.5929
COP2122-024,,FOOD SCIENCE & TECHNOLOGY,University of Sri Jayewardenepura,COLOMBO,1.5482,value,1,24,1.5482
COP2122-024,,FOOD SCIENCE & TECHNOLOGY,University of Sri Jayewardenepura,GAMPAHA,1.5471,value,1,24,1.5471
COP2122-024,,FOOD SCIENCE & TECHNOLOGY,University of Sri Jayewardenepura,KALUTARA,1.5525,value,1,24,1.5525
COP2122-024,,FOOD SCIENCE & TECHNOLOGY,University of Sri Jayewardenepura,MATALE,1.5786,value,1,24,1.5786
COP2122-024,,FOOD SCIENCE & TECHNOLOGY,University of Sri Jayewardenepura,KANDY,1.5708,value,1,24,1.5708
COP2122-024,,FOOD SCIENCE & TECHNOLOGY,University of Sri Jayewardenepura,NUWARA ELIYA,,NQC,1,24,NQC
COP2122-024,,FOOD SCIENCE & TECHNOLOGY,University of Sri Jayewardenepura,GALLE,1.5497,value,1,24,1.5497
COP2122-024,,FOOD SCIENCE & TECHNOLOGY,University of Sri Jayewardenepura,MATARA,1.5713,value,1,24,1.5713
COP2122-024,,FOOD SCIENCE & TECHNOLOGY,University of Sri Jayewardenepura,HAMBANTOTA,1.5500,value,1,24,1.5500
COP2122-024,,FOOD SCIENCE & TECHNOLOGY,University of Sri Jayewardenepura,JAFFNA,1.5807,value,1,24,1.5807
COP2122-024,,FOOD SCIENCE & TECHNOLOGY,University of Sri Jayewardenepura,KILINOCHCHI,,NQC,1,24,NQC
COP2122-024,,FOOD SCIENCE & TECHNOLOGY,University of Sri Jayewardenepura,MANNAR,,NQC,1,24,NQC
COP2122-024,,FOOD SCIENCE & TECHNOLOGY,University of Sri Jayewardenepura,MULLAITIVU,,NQC,1,24,NQC
COP2122-024,,FOOD SCIENCE & TECHNOLOGY,University of Sri Jayewardenepura,VAVUNIYA,,NQC,1,24,NQC
COP2122-024,,FOOD SCIENCE & TECHNOLOGY,University of Sri Jayewardenepura,TRINCOMALEE,1.5479,value,1,24,1.5479
COP2122-024,,FOOD SCIENCE & TECHNOLOGY,University of Sri Jayewardenepura,BATTICALOA,,NQC,1,24,NQC
COP2122-024,,FOOD SCIENCE & TECHNOLOGY,University of Sri Jayewardenepura,AMPARA,,NQC,1,24,NQC
COP2122-024,,FOOD SCIENCE & TECHNOLOGY,University of Sri Jayewardenepura,PUTTALAM,,NQC,1,24,NQC
COP2122-024,,FOOD SCIENCE & TECHNOLOGY,University of Sri Jayewardenepura,KURUNEGALA,1.5463,value,1,24,1.5463
COP2122-024,,FOOD SCIENCE & TECHNOLOGY,University of Sri Jayewardenepura,ANURADHAPURA,,NQC,1,24,NQC
COP2122-024,,FOOD SCIENCE & TECHNOLOGY,University of Sri Jayewardenepura,POLONNARUWA,,NQC,1,24,NQC
COP2122-024,,FOOD SCIENCE & TECHNOLOGY,University of Sri Jayewardenepura,BADULLA,,NQC,1,24,NQC
COP2122-024,,FOOD SCIENCE & TECHNOLOGY,University of Sri Jayewardenepura,MONARAGALA,,NQC,1,24,NQC
COP2122-024,,FOOD SCIENCE & TECHNOLOGY,University of Sri Jayewardenepura,KEGALLE,1.5597,value,1,24,1.5597
COP2122-024,,FOOD SCIENCE & TECHNOLOGY,University of Sri Jayewardenepura,RATNAPURA,1.5658,value,1,24,1.5658
COP2122-025,,FOOD SCIENCE & TECHNOLOGY,Sabaragamuwa University of Sri Lanka,COLOMBO,1.4507,value,1,25,1.4507
COP2122-025,,FOOD SCIENCE & TECHNOLOGY,Sabaragamuwa University of Sri Lanka,GAMPAHA,1.3456,value,1,25,1.3456
COP2122-025,,FOOD SCIENCE & TECHNOLOGY,Sabaragamuwa University of Sri Lanka,KALUTARA,1.5376,value,1,25,1.5376
COP2122-025,,FOOD SCIENCE & TECHNOLOGY,Sabaragamuwa University of Sri Lanka,MATALE,1.3450,value,1,25,1.3450
COP2122-025,,FOOD SCIENCE & TECHNOLOGY,Sabaragamuwa University of Sri Lanka,KANDY,1.2652,value,1,25,1.2652
COP2122-025,,FOOD SCIENCE & TECHNOLOGY,Sabaragamuwa University of Sri Lanka,NUWARA ELIYA,1.1380,value,1,25,1.1380
COP2122-025,,FOOD SCIENCE & TECHNOLOGY,Sabaragamuwa University of Sri Lanka,GALLE,1.5446,value,1,25,1.5446
COP2122-025,,FOOD SCIENCE & TECHNOLOGY,Sabaragamuwa University of Sri Lanka,MATARA,,NQC,1,25,NQC
COP2122-025,,FOOD SCIENCE & TECHNOLOGY,Sabaragamuwa University of Sri Lanka,HAMBANTOTA,1.4340,value,1,25,1.4340
COP2122-025,,FOOD SCIENCE & TECHNOLOGY,Sabaragamuwa University of Sri Lanka,JAFFNA,1.3579,value,1,25,1.3579
COP2122-025,,FOOD SCIENCE & TECHNOLOGY,Sabaragamuwa University of Sri Lanka,KILINOCHCHI,0.5559,value,1,25,0.5559
COP2122-025,,FOOD SCIENCE & TECHNOLOGY,Sabaragamuwa University of Sri Lanka,MANNAR,0.9024,value,1,25,0.9024
COP2122-025,,FOOD SCIENCE & TECHNOLOGY,Sabaragamuwa University of Sri Lanka,MULLAITIVU,0.8715,value,1,25,0.8715
COP2122-025,,FOOD SCIENCE & TECHNOLOGY,Sabaragamuwa University of Sri Lanka,VAVUNIYA,1.2494,value,1,25,1.2494
COP2122-025,,FOOD SCIENCE & TECHNOLOGY,Sabaragamuwa University of Sri Lanka,TRINCOMALEE,1.1226,value,1,25,1.1226
COP2122-025,,FOOD SCIENCE & TECHNOLOGY,Sabaragamuwa University of Sri Lanka,BATTICALOA,1.0066,value,1,25,1.0066
COP2122-025,,FOOD SCIENCE & TECHNOLOGY,Sabaragamuwa University of Sri Lanka,AMPARA,1.2324,value,1,25,1.2324
COP2122-025,,FOOD SCIENCE & TECHNOLOGY,Sabaragamuwa University of Sri Lanka,PUTTALAM,1.1680,value,1,25,1.1680
COP2122-025,,FOOD SCIENCE & TECHNOLOGY,Sabaragamuwa University of Sri Lanka,KURUNEGALA,1.3363,value,1,25,1.3363
COP2122-025,,FOOD SCIENCE & TECHNOLOGY,Sabaragamuwa University of Sri Lanka,ANURADHAPURA,1.0831,value,1,25,1.0831
COP2122-025,,FOOD SCIENCE & TECHNOLOGY,Sabaragamuwa University of Sri Lanka,POLONNARUWA,0.9823,value,1,25,0.9823
COP2122-025,,FOOD SCIENCE & TECHNOLOGY,Sabaragamuwa University of Sri Lanka,BADULLA,1.2004,value,1,25,1.2004
COP2122-025,,FOOD SCIENCE & TECHNOLOGY,Sabaragamuwa University of Sri Lanka,MONARAGALA,1.2393,value,1,25,1.2393
COP2122-025,,FOOD SCIENCE & TECHNOLOGY,Sabaragamuwa University of Sri Lanka,KEGALLE,1.4642,value,1,25,1.4642
COP2122-025,,FOOD SCIENCE & TECHNOLOGY,Sabaragamuwa University of Sri Lanka,RATNAPURA,1.2087,value,1,25,1.2087
COP2122-026,,BIOLOGICAL SCIENCE,University of Colombo,COLOMBO,1.6014,value,1,26,1.6014
COP2122-026,,BIOLOGICAL SCIENCE,University of Colombo,GAMPAHA,1.6194,value,1,26,1.6194
COP2122-026,,BIOLOGICAL SCIENCE,University of Colombo,KALUTARA,1.6262,value,1,26,1.6262
COP2122-026,,BIOLOGICAL SCIENCE,University of Colombo,MATALE,1.7145,value,1,26,1.7145
COP2122-026,,BIOLOGICAL SCIENCE,University of Colombo,KANDY,1.5986,value,1,26,1.5986
COP2122-026,,BIOLOGICAL SCIENCE,University of Colombo,NUWARA ELIYA,,NQC,1,26,NQC
COP2122-026,,BIOLOGICAL SCIENCE,University of Colombo,GALLE,1.6182,value,1,26,1.6182
COP2122-026,,BIOLOGICAL SCIENCE,University of Colombo,MATARA,1.6143,value,1,26,1.6143
COP2122-026,,BIOLOGICAL SCIENCE,University of Colombo,HAMBANTOTA,1.6232,value,1,26,1.6232
COP2122-026,,BIOLOGICAL SCIENCE,University of Colombo,JAFFNA,1.6818,value,1,26,1.6818
COP2122-026,,BIOLOGICAL SCIENCE,University of Colombo,KILINOCHCHI,,NQC,1,26,NQC
COP2122-026,,BIOLOGICAL SCIENCE,University of Colombo,MANNAR,,NQC,1,26,NQC
COP2122-026,,BIOLOGICAL SCIENCE,University of Colombo,MULLAITIVU,,NQC,1,26,NQC
COP2122-026,,BIOLOGICAL SCIENCE,University of Colombo,VAVUNIYA,,NQC,1,26,NQC
COP2122-026,,BIOLOGICAL SCIENCE,University of Colombo,TRINCOMALEE,,NQC,1,26,NQC
COP2122-026,,BIOLOGICAL SCIENCE,University of Colombo,BATTICALOA,,NQC,1,26,NQC
COP2122-026,,BIOLOGICAL SCIENCE,University of Colombo,AMPARA,,NQC,1,26,NQC
COP2122-026,,BIOLOGICAL SCIENCE,University of Colombo,PUTTALAM,1.6070,value,1,26,1.6070
COP2122-026,,BIOLOGICAL SCIENCE,University of Colombo,KURUNEGALA,1.6359,value,1,26,1.6359
COP2122-026,,BIOLOGICAL SCIENCE,University of Colombo,ANURADHAPURA,,NQC,1,26,NQC
COP2122-026,,BIOLOGICAL SCIENCE,University of Colombo,POLONNARUWA,,NQC,1,26,NQC
COP2122-026,,BIOLOGICAL SCIENCE,University of Colombo,BADULLA,1.7710,value,1,26,1.7710
COP2122-026,,BIOLOGICAL SCIENCE,University of Colombo,MONARAGALA,,NQC,1,26,NQC
COP2122-026,,BIOLOGICAL SCIENCE,University of Colombo,KEGALLE,1.6138,value,1,26,1.6138
COP2122-026,,BIOLOGICAL SCIENCE,University of Colombo,RATNAPURA,1.6134,value,1,26,1.6134
COP2122-027,,BIOLOGICAL SCIENCE,University of Peradeniya,COLOMBO,1.4529,value,1,27,1.4529
COP2122-027,,BIOLOGICAL SCIENCE,University of Peradeniya,GAMPAHA,1.4541,value,1,27,1.4541
COP2122-027,,BIOLOGICAL SCIENCE,University of Peradeniya,KALUTARA,1.4561,value,1,27,1.4561
COP2122-027,,BIOLOGICAL SCIENCE,University of Peradeniya,MATALE,1.4542,value,1,27,1.4542
COP2122-027,,BIOLOGICAL SCIENCE,University of Peradeniya,KANDY,1.4570,value,1,27,1.4570
COP2122-027,,BIOLOGICAL SCIENCE,University of Peradeniya,NUWARA ELIYA,,NQC,1,27,NQC
COP2122-027,,BIOLOGICAL SCIENCE,University of Peradeniya,GALLE,1.4810,value,1,27,1.4810
COP2122-027,,BIOLOGICAL SCIENCE,University of Peradeniya,MATARA,1.4632,value,1,27,1.4632
COP2122-027,,BIOLOGICAL SCIENCE,University of Peradeniya,HAMBANTOTA,1.4689,value,1,27,1.4689
COP2122-027,,BIOLOGICAL SCIENCE,University of Peradeniya,JAFFNA,1.4530,value,1,27,1.4530
COP2122-027,,BIOLOGICAL SCIENCE,University of Peradeniya,KILINOCHCHI,,NQC,1,27,NQC
COP2122-027,,BIOLOGICAL SCIENCE,University of Peradeniya,MANNAR,,NQC,1,27,NQC
COP2122-027,,BIOLOGICAL SCIENCE,University of Peradeniya,MULLAITIVU,,NQC,1,27,NQC
COP2122-027,,BIOLOGICAL SCIENCE,University of Peradeniya,VAVUNIYA,1.4623,value,1,27,1.4623
COP2122-027,,BIOLOGICAL SCIENCE,University of Peradeniya,TRINCOMALEE,,NQC,1,27,NQC
COP2122-027,,BIOLOGICAL SCIENCE,University of Peradeniya,BATTICALOA,1.4664,value,1,27,1.4664
COP2122-027,,BIOLOGICAL SCIENCE,University of Peradeniya,AMPARA,1.4635,value,1,27,1.4635
COP2122-027,,BIOLOGICAL SCIENCE,University of Peradeniya,PUTTALAM,1.4550,value,1,27,1.4550
COP2122-027,,BIOLOGICAL SCIENCE,University of Peradeniya,KURUNEGALA,1.4650,value,1,27,1.4650
COP2122-027,,BIOLOGICAL SCIENCE,University of Peradeniya,ANURADHAPURA,,NQC,1,27,NQC
COP2122-027,,BIOLOGICAL SCIENCE,University of Peradeniya,POLONNARUWA,,NQC,1,27,NQC
COP2122-027,,BIOLOGICAL SCIENCE,University of Peradeniya,BADULLA,1.4560,value,1,27,1.4560
COP2122-027,,BIOLOGICAL SCIENCE,University of Peradeniya,MONARAGALA,1.5404,value,1,27,1.5404
COP2122-027,,BIOLOGICAL SCIENCE,University of Peradeniya,KEGALLE,1.4564,value,1,27,1.4564
COP2122-027,,BIOLOGICAL SCIENCE,University of Peradeniya,RATNAPURA,1.4560,value,1,27,1.4560
COP2122-028,,BIOLOGICAL SCIENCE,University of Sri Jayewardenepura,COLOMBO,1.3382,value,1,28,1.3382
COP2122-028,,BIOLOGICAL SCIENCE,University of Sri Jayewardenepura,GAMPAHA,1.3416,value,1,28,1.3416
COP2122-028,,BIOLOGICAL SCIENCE,University of Sri Jayewardenepura,KALUTARA,1.3449,value,1,28,1.3449
COP2122-028,,BIOLOGICAL SCIENCE,University of Sri Jayewardenepura,MATALE,1.3581,value,1,28,1.3581
COP2122-028,,BIOLOGICAL SCIENCE,University of Sri Jayewardenepura,KANDY,1.3415,value,1,28,1.3415
COP2122-028,,BIOLOGICAL SCIENCE,University of Sri Jayewardenepura,NUWARA ELIYA,,NQC,1,28,NQC
COP2122-028,,BIOLOGICAL SCIENCE,University of Sri Jayewardenepura,GALLE,1.3421,value,1,28,1.3421
COP2122-028,,BIOLOGICAL SCIENCE,University of Sri Jayewardenepura,MATARA,1.3388,value,1,28,1.3388
COP2122-028,,BIOLOGICAL SCIENCE,University of Sri Jayewardenepura,HAMBANTOTA,1.3393,value,1,28,1.3393
COP2122-028,,BIOLOGICAL SCIENCE,University of Sri Jayewardenepura,JAFFNA,1.3579,value,1,28,1.3579
COP2122-028,,BIOLOGICAL SCIENCE,University of Sri Jayewardenepura,KILINOCHCHI,,NQC,1,28,NQC
COP2122-028,,BIOLOGICAL SCIENCE,University of Sri Jayewardenepura,MANNAR,,NQC,1,28,NQC
COP2122-028,,BIOLOGICAL SCIENCE,University of Sri Jayewardenepura,MULLAITIVU,,NQC,1,28,NQC
COP2122-028,,BIOLOGICAL SCIENCE,University of Sri Jayewardenepura,VAVUNIYA,1.3554,value,1,28,1.3554
COP2122-028,,BIOLOGICAL SCIENCE,University of Sri Jayewardenepura,TRINCOMALEE,1.4306,value,1,28,1.4306
COP2122-028,,BIOLOGICAL SCIENCE,University of Sri Jayewardenepura,BATTICALOA,1.4738,value,1,28,1.4738
COP2122-028,,BIOLOGICAL SCIENCE,University of Sri Jayewardenepura,AMPARA,1.3617,value,1,28,1.3617
COP2122-028,,BIOLOGICAL SCIENCE,University of Sri Jayewardenepura,PUTTALAM,1.3533,value,1,28,1.3533
COP2122-028,,BIOLOGICAL SCIENCE,University of Sri Jayewardenepura,KURUNEGALA,1.3566,value,1,28,1.3566
COP2122-028,,BIOLOGICAL SCIENCE,University of Sri Jayewardenepura,ANURADHAPURA,1.3577,value,1,28,1.3577
COP2122-028,,BIOLOGICAL SCIENCE,University of Sri Jayewardenepura,POLONNARUWA,1.3914,value,1,28,1.3914
COP2122-028,,BIOLOGICAL SCIENCE,University of Sri Jayewardenepura,BADULLA,1.3379,value,1,28,1.3379
COP2122-028,,BIOLOGICAL SCIENCE,University of Sri Jayewardenepura,MONARAGALA,,NQC,1,28,NQC
COP2122-028,,BIOLOGICAL SCIENCE,University of Sri Jayewardenepura,KEGALLE,1.3599,value,1,28,1.3599
COP2122-028,,BIOLOGICAL SCIENCE,University of Sri Jayewardenepura,RATNAPURA,1.3420,value,1,28,1.3420
COP2122-029,,BIOLOGICAL SCIENCE,University of Kelaniya,COLOMBO,1.2516,value,1,29,1.2516
COP2122-029,,BIOLOGICAL SCIENCE,University of Kelaniya,GAMPAHA,1.2572,value,1,29,1.2572
COP2122-029,,BIOLOGICAL SCIENCE,University of Kelaniya,KALUTARA,1.2610,value,1,29,1.2610
COP2122-029,,BIOLOGICAL SCIENCE,University of Kelaniya,MATALE,1.2755,value,1,29,1.2755
COP2122-029,,BIOLOGICAL SCIENCE,University of Kelaniya,KANDY,1.2514,value,1,29,1.2514
COP2122-029,,BIOLOGICAL SCIENCE,University of Kelaniya,NUWARA ELIYA,1.2856,value,1,29,1.2856
COP2122-029,,BIOLOGICAL SCIENCE,University of Kelaniya,GALLE,1.2611,value,1,29,1.2611
COP2122-029,,BIOLOGICAL SCIENCE,University of Kelaniya,MATARA,1.2519,value,1,29,1.2519
COP2122-029,,BIOLOGICAL SCIENCE,University of Kelaniya,HAMBANTOTA,1.2680,value,1,29,1.2680
COP2122-029,,BIOLOGICAL SCIENCE,University of Kelaniya,JAFFNA,1.2545,value,1,29,1.2545
COP2122-029,,BIOLOGICAL SCIENCE,University of Kelaniya,KILINOCHCHI,,NQC,1,29,NQC
COP2122-029,,BIOLOGICAL SCIENCE,University of Kelaniya,MANNAR,,NQC,1,29,NQC
COP2122-029,,BIOLOGICAL SCIENCE,University of Kelaniya,MULLAITIVU,,NQC,1,29,NQC
COP2122-029,,BIOLOGICAL SCIENCE,University of Kelaniya,VAVUNIYA,1.3039,value,1,29,1.3039
COP2122-029,,BIOLOGICAL SCIENCE,University of Kelaniya,TRINCOMALEE,1.3004,value,1,29,1.3004
COP2122-029,,BIOLOGICAL SCIENCE,University of Kelaniya,BATTICALOA,1.2657,value,1,29,1.2657
COP2122-029,,BIOLOGICAL SCIENCE,University of Kelaniya,AMPARA,1.2568,value,1,29,1.2568
COP2122-029,,BIOLOGICAL SCIENCE,University of Kelaniya,PUTTALAM,1.2516,value,1,29,1.2516
COP2122-029,,BIOLOGICAL SCIENCE,University of Kelaniya,KURUNEGALA,1.2502,value,1,29,1.2502
COP2122-029,,BIOLOGICAL SCIENCE,University of Kelaniya,ANURADHAPURA,1.2681,value,1,29,1.2681
COP2122-029,,BIOLOGICAL SCIENCE,University of Kelaniya,POLONNARUWA,,NQC,1,29,NQC
COP2122-029,,BIOLOGICAL SCIENCE,University of Kelaniya,BADULLA,1.2510,value,1,29,1.2510
COP2122-029,,BIOLOGICAL SCIENCE,University of Kelaniya,MONARAGALA,,NQC,1,29,NQC
COP2122-029,,BIOLOGICAL SCIENCE,University of Kelaniya,KEGALLE,1.2602,value,1,29,1.2602
COP2122-029,,BIOLOGICAL SCIENCE,University of Kelaniya,RATNAPURA,1.2668,value,1,29,1.2668
COP2122-030,,BIOLOGICAL SCIENCE,University of Jaffna,COLOMBO,1.0364,value,1,30,1.0364
COP2122-030,,BIOLOGICAL SCIENCE,University of Jaffna,GAMPAHA,0.9267,value,1,30,0.9267
COP2122-030,,BIOLOGICAL SCIENCE,University of Jaffna,KALUTARA,,NQC,1,30,NQC
COP2122-030,,BIOLOGICAL SCIENCE,University of Jaffna,MATALE,0.9328,value,1,30,0.9328
COP2122-030,,BIOLOGICAL SCIENCE,University of Jaffna,KANDY,1.1642,value,1,30,1.1642
COP2122-030,,BIOLOGICAL SCIENCE,University of Jaffna,NUWARA ELIYA,0.9545,value,1,30,0.9545
COP2122-030,,BIOLOGICAL SCIENCE,University of Jaffna,GALLE,1.0895,value,1,30,1.0895
COP2122-030,,BIOLOGICAL SCIENCE,University of Jaffna,MATARA,,NQC,1,30,NQC
COP2122-030,,BIOLOGICAL SCIENCE,University of Jaffna,HAMBANTOTA,,NQC,1,30,NQC
COP2122-030,,BIOLOGICAL SCIENCE,University of Jaffna,JAFFNA,1.0460,value,1,30,1.0460
COP2122-030,,BIOLOGICAL SCIENCE,University of Jaffna,KILINOCHCHI,0.9321,value,1,30,0.9321
COP2122-030,,BIOLOGICAL SCIENCE,University of Jaffna,MANNAR,,NQC,1,30,NQC
COP2122-030,,BIOLOGICAL SCIENCE,University of Jaffna,MULLAITIVU,1.1797,value,1,30,1.1797
COP2122-030,,BIOLOGICAL SCIENCE,University of Jaffna,VAVUNIYA,0.9382,value,1,30,0.9382
COP2122-030,,BIOLOGICAL SCIENCE,University of Jaffna,TRINCOMALEE,1.1801,value,1,30,1.1801
COP2122-030,,BIOLOGICAL SCIENCE,University of Jaffna,BATTICALOA,0.9413,value,1,30,0.9413
COP2122-030,,BIOLOGICAL SCIENCE,University of Jaffna,AMPARA,0.9892,value,1,30,0.9892
COP2122-030,,BIOLOGICAL SCIENCE,University of Jaffna,PUTTALAM,0.9288,value,1,30,0.9288
COP2122-030,,BIOLOGICAL SCIENCE,University of Jaffna,KURUNEGALA,1.0389,value,1,30,1.0389
COP2122-030,,BIOLOGICAL SCIENCE,University of Jaffna,ANURADHAPURA,0.9307,value,1,30,0.9307
COP2122-030,,BIOLOGICAL SCIENCE,University of Jaffna,POLONNARUWA,0.9436,value,1,30,0.9436
COP2122-030,,BIOLOGICAL SCIENCE,University of Jaffna,BADULLA,0.9363,value,1,30,0.9363
COP2122-030,,BIOLOGICAL SCIENCE,University of Jaffna,MONARAGALA,0.9289,value,1,30,0.9289
COP2122-030,,BIOLOGICAL SCIENCE,University of Jaffna,KEGALLE,1.1179,value,1,30,1.1179
COP2122-030,,BIOLOGICAL SCIENCE,University of Jaffna,RATNAPURA,0.9351,value,1,30,0.9351
COP2122-031,,BIOLOGICAL SCIENCE,University of Ruhuna,COLOMBO,1.1122,value,1,31,1.1122
COP2122-031,,BIOLOGICAL SCIENCE,University of Ruhuna,GAMPAHA,1.1131,value,1,31,1.1131
COP2122-031,,BIOLOGICAL SCIENCE,University of Ruhuna,KALUTARA,1.1162,value,1,31,1.1162
COP2122-031,,BIOLOGICAL SCIENCE,University of Ruhuna,MATALE,1.1383,value,1,31,1.1383
COP2122-031,,BIOLOGICAL SCIENCE,University of Ruhuna,KANDY,1.1637,value,1,31,1.1637
COP2122-031,,BIOLOGICAL SCIENCE,University of Ruhuna,NUWARA ELIYA,1.1921,value,1,31,1.1921
COP2122-031,,BIOLOGICAL SCIENCE,University of Ruhuna,GALLE,1.1172,value,1,31,1.1172
COP2122-031,,BIOLOGICAL SCIENCE,University of Ruhuna,MATARA,1.1377,value,1,31,1.1377
COP2122-031,,BIOLOGICAL SCIENCE,University of Ruhuna,HAMBANTOTA,1.1427,value,1,31,1.1427
COP2122-031,,BIOLOGICAL SCIENCE,University of Ruhuna,JAFFNA,,NQC,1,31,NQC
COP2122-031,,BIOLOGICAL SCIENCE,University of Ruhuna,KILINOCHCHI,,NQC,1,31,NQC
COP2122-031,,BIOLOGICAL SCIENCE,University of Ruhuna,MANNAR,,NQC,1,31,NQC
COP2122-031,,BIOLOGICAL SCIENCE,University of Ruhuna,MULLAITIVU,,NQC,1,31,NQC
COP2122-031,,BIOLOGICAL SCIENCE,University of Ruhuna,VAVUNIYA,,NQC,1,31,NQC
COP2122-031,,BIOLOGICAL SCIENCE,University of Ruhuna,TRINCOMALEE,,NQC,1,31,NQC
COP2122-031,,BIOLOGICAL SCIENCE,University of Ruhuna,BATTICALOA,,NQC,1,31,NQC
COP2122-031,,BIOLOGICAL SCIENCE,University of Ruhuna,AMPARA,1.1444,value,1,31,1.1444
COP2122-031,,BIOLOGICAL SCIENCE,University of Ruhuna,PUTTALAM,1.1239,value,1,31,1.1239
COP2122-031,,BIOLOGICAL SCIENCE,University of Ruhuna,KURUNEGALA,1.1122,value,1,31,1.1122
COP2122-031,,BIOLOGICAL SCIENCE,University of Ruhuna,ANURADHAPURA,1.1698,value,1,31,1.1698
COP2122-031,,BIOLOGICAL SCIENCE,University of Ruhuna,POLONNARUWA,1.2074,value,1,31,1.2074
COP2122-031,,BIOLOGICAL SCIENCE,University of Ruhuna,BADULLA,1.1226,value,1,31,1.1226
COP2122-031,,BIOLOGICAL SCIENCE,University of Ruhuna,MONARAGALA,1.1352,value,1,31,1.1352
COP2122-031,,BIOLOGICAL SCIENCE,University of Ruhuna,KEGALLE,1.1137,value,1,31,1.1137
COP2122-031,,BIOLOGICAL SCIENCE,University of Ruhuna,RATNAPURA,1.1240,value,1,31,1.1240
COP2122-032,,BIOLOGICAL SCIENCE,"Eastern University, Sri Lanka",COLOMBO,1.0310,value,1,32,1.0310
COP2122-032,,BIOLOGICAL SCIENCE,"Eastern University, Sri Lanka",GAMPAHA,0.8122,value,1,32,0.8122
COP2122-032,,BIOLOGICAL SCIENCE,"Eastern University, Sri Lanka",KALUTARA,,NQC,1,32,NQC
COP2122-032,,BIOLOGICAL SCIENCE,"Eastern University, Sri Lanka",MATALE,1.1028,value,1,32,1.1028
COP2122-032,,BIOLOGICAL SCIENCE,"Eastern University, Sri Lanka",KANDY,,NQC,1,32,NQC
COP2122-032,,BIOLOGICAL SCIENCE,"Eastern University, Sri Lanka",NUWARA ELIYA,0.7924,value,1,32,0.7924
COP2122-032,,BIOLOGICAL SCIENCE,"Eastern University, Sri Lanka",GALLE,1.1021,value,1,32,1.1021
COP2122-032,,BIOLOGICAL SCIENCE,"Eastern University, Sri Lanka",MATARA,,NQC,1,32,NQC
COP2122-032,,BIOLOGICAL SCIENCE,"Eastern University, Sri Lanka",HAMBANTOTA,0.8080,value,1,32,0.8080
COP2122-032,,BIOLOGICAL SCIENCE,"Eastern University, Sri Lanka",JAFFNA,,NQC,1,32,NQC
COP2122-032,,BIOLOGICAL SCIENCE,"Eastern University, Sri Lanka",KILINOCHCHI,,NQC,1,32,NQC
COP2122-032,,BIOLOGICAL SCIENCE,"Eastern University, Sri Lanka",MANNAR,,NQC,1,32,NQC
COP2122-032,,BIOLOGICAL SCIENCE,"Eastern University, Sri Lanka",MULLAITIVU,0.8400,value,1,32,0.8400
COP2122-032,,BIOLOGICAL SCIENCE,"Eastern University, Sri Lanka",VAVUNIYA,,NQC,1,32,NQC
COP2122-032,,BIOLOGICAL SCIENCE,"Eastern University, Sri Lanka",TRINCOMALEE,0.8232,value,1,32,0.8232
COP2122-032,,BIOLOGICAL SCIENCE,"Eastern University, Sri Lanka",BATTICALOA,0.7976,value,1,32,0.7976
COP2122-032,,BIOLOGICAL SCIENCE,"Eastern University, Sri Lanka",AMPARA,0.7875,value,1,32,0.7875
COP2122-032,,BIOLOGICAL SCIENCE,"Eastern University, Sri Lanka",PUTTALAM,0.8000,value,1,32,0.8000
COP2122-032,,BIOLOGICAL SCIENCE,"Eastern University, Sri Lanka",KURUNEGALA,1.0611,value,1,32,1.0611
COP2122-032,,BIOLOGICAL SCIENCE,"Eastern University, Sri Lanka",ANURADHAPURA,0.7815,value,1,32,0.7815
COP2122-032,,BIOLOGICAL SCIENCE,"Eastern University, Sri Lanka",POLONNARUWA,0.8421,value,1,32,0.8421
COP2122-032,,BIOLOGICAL SCIENCE,"Eastern University, Sri Lanka",BADULLA,0.7868,value,1,32,0.7868
COP2122-032,,BIOLOGICAL SCIENCE,"Eastern University, Sri Lanka",MONARAGALA,0.7909,value,1,32,0.7909
COP2122-032,,BIOLOGICAL SCIENCE,"Eastern University, Sri Lanka",KEGALLE,1.1049,value,1,32,1.1049
COP2122-032,,BIOLOGICAL SCIENCE,"Eastern University, Sri Lanka",RATNAPURA,0.7920,value,1,32,0.7920
COP2122-033,,BIOLOGICAL SCIENCE,South Eastern University of Sri Lanka,COLOMBO,1.0762,value,2,1,1.0762
COP2122-033,,BIOLOGICAL SCIENCE,South Eastern University of Sri Lanka,GAMPAHA,0.7285,value,2,1,0.7285
COP2122-033,,BIOLOGICAL SCIENCE,South Eastern University of Sri Lanka,KALUTARA,,NQC,2,1,NQC
COP2122-033,,BIOLOGICAL SCIENCE,South Eastern University of Sri Lanka,MATALE,1.1412,value,2,1,1.1412
COP2122-033,,BIOLOGICAL SCIENCE,South Eastern University of Sri Lanka,KANDY,,NQC,2,1,NQC
COP2122-033,,BIOLOGICAL SCIENCE,South Eastern University of Sri Lanka,NUWARA ELIYA,0.4780,value,2,1,0.4780
COP2122-033,,BIOLOGICAL SCIENCE,South Eastern University of Sri Lanka,GALLE,,NQC,2,1,NQC
COP2122-033,,BIOLOGICAL SCIENCE,South Eastern University of Sri Lanka,MATARA,,NQC,2,1,NQC
COP2122-033,,BIOLOGICAL SCIENCE,South Eastern University of Sri Lanka,HAMBANTOTA,0.9064,value,2,1,0.9064
COP2122-033,,BIOLOGICAL SCIENCE,South Eastern University of Sri Lanka,JAFFNA,,NQC,2,1,NQC
COP2122-033,,BIOLOGICAL SCIENCE,South Eastern University of Sri Lanka,KILINOCHCHI,0.5231,value,2,1,0.5231
COP2122-033,,BIOLOGICAL SCIENCE,South Eastern University of Sri Lanka,MANNAR,0.2473,value,2,1,0.2473
COP2122-033,,BIOLOGICAL SCIENCE,South Eastern University of Sri Lanka,MULLAITIVU,0.6450,value,2,1,0.6450
COP2122-033,,BIOLOGICAL SCIENCE,South Eastern University of Sri Lanka,VAVUNIYA,0.4784,value,2,1,0.4784
COP2122-033,,BIOLOGICAL SCIENCE,South Eastern University of Sri Lanka,TRINCOMALEE,0.5556,value,2,1,0.5556
COP2122-033,,BIOLOGICAL SCIENCE,South Eastern University of Sri Lanka,BATTICALOA,0.5383,value,2,1,0.5383
COP2122-033,,BIOLOGICAL SCIENCE,South Eastern University of Sri Lanka,AMPARA,0.7763,value,2,1,0.7763
COP2122-033,,BIOLOGICAL SCIENCE,South Eastern University of Sri Lanka,PUTTALAM,0.7031,value,2,1,0.7031
COP2122-033,,BIOLOGICAL SCIENCE,South Eastern University of Sri Lanka,KURUNEGALA,,NQC,2,1,NQC
COP2122-033,,BIOLOGICAL SCIENCE,South Eastern University of Sri Lanka,ANURADHAPURA,0.4899,value,2,1,0.4899
COP2122-033,,BIOLOGICAL SCIENCE,South Eastern University of Sri Lanka,POLONNARUWA,0.5709,value,2,1,0.5709
COP2122-033,,BIOLOGICAL SCIENCE,South Eastern University of Sri Lanka,BADULLA,0.7318,value,2,1,0.7318
COP2122-033,,BIOLOGICAL SCIENCE,South Eastern University of Sri Lanka,MONARAGALA,0.4953,value,2,1,0.4953
COP2122-033,,BIOLOGICAL SCIENCE,South Eastern University of Sri Lanka,KEGALLE,,NQC,2,1,NQC
COP2122-033,,BIOLOGICAL SCIENCE,South Eastern University of Sri Lanka,RATNAPURA,0.6881,value,2,1,0.6881
COP2122-034,,APPLIED SCIENCES (BIO.SC),Rajarata University of Sri Lanka,COLOMBO,0.8520,value,2,2,0.8520
COP2122-034,,APPLIED SCIENCES (BIO.SC),Rajarata University of Sri Lanka,GAMPAHA,0.8863,value,2,2,0.8863
COP2122-034,,APPLIED SCIENCES (BIO.SC),Rajarata University of Sri Lanka,KALUTARA,0.8461,value,2,2,0.8461
COP2122-034,,APPLIED SCIENCES (BIO.SC),Rajarata University of Sri Lanka,MATALE,0.8831,value,2,2,0.8831
COP2122-034,,APPLIED SCIENCES (BIO.SC),Rajarata University of Sri Lanka,KANDY,0.8953,value,2,2,0.8953
COP2122-034,,APPLIED SCIENCES (BIO.SC),Rajarata University of Sri Lanka,NUWARA ELIYA,0.8860,value,2,2,0.8860
COP2122-034,,APPLIED SCIENCES (BIO.SC),Rajarata University of Sri Lanka,GALLE,0.8821,value,2,2,0.8821
COP2122-034,,APPLIED SCIENCES (BIO.SC),Rajarata University of Sri Lanka,MATARA,0.9336,value,2,2,0.9336
COP2122-034,,APPLIED SCIENCES (BIO.SC),Rajarata University of Sri Lanka,HAMBANTOTA,0.8490,value,2,2,0.8490
COP2122-034,,APPLIED SCIENCES (BIO.SC),Rajarata University of Sri Lanka,JAFFNA,0.8772,value,2,2,0.8772
COP2122-034,,APPLIED SCIENCES (BIO.SC),Rajarata University of Sri Lanka,KILINOCHCHI,,NQC,2,2,NQC
COP2122-034,,APPLIED SCIENCES (BIO.SC),Rajarata University of Sri Lanka,MANNAR,,NQC,2,2,NQC
COP2122-034,,APPLIED SCIENCES (BIO.SC),Rajarata University of Sri Lanka,MULLAITIVU,,NQC,2,2,NQC
COP2122-034,,APPLIED SCIENCES (BIO.SC),Rajarata University of Sri Lanka,VAVUNIYA,,NQC,2,2,NQC
COP2122-034,,APPLIED SCIENCES (BIO.SC),Rajarata University of Sri Lanka,TRINCOMALEE,0.9137,value,2,2,0.9137
COP2122-034,,APPLIED SCIENCES (BIO.SC),Rajarata University of Sri Lanka,BATTICALOA,0.8694,value,2,2,0.8694
COP2122-034,,APPLIED SCIENCES (BIO.SC),Rajarata University of Sri Lanka,AMPARA,0.9039,value,2,2,0.9039
COP2122-034,,APPLIED SCIENCES (BIO.SC),Rajarata University of Sri Lanka,PUTTALAM,0.8669,value,2,2,0.8669
COP2122-034,,APPLIED SCIENCES (BIO.SC),Rajarata University of Sri Lanka,KURUNEGALA,0.8461,value,2,2,0.8461
COP2122-034,,APPLIED SCIENCES (BIO.SC),Rajarata University of Sri Lanka,ANURADHAPURA,0.8497,value,2,2,0.8497
COP2122-034,,APPLIED SCIENCES (BIO.SC),Rajarata University of Sri Lanka,POLONNARUWA,,NQC,2,2,NQC
COP2122-034,,APPLIED SCIENCES (BIO.SC),Rajarata University of Sri Lanka,BADULLA,0.8869,value,2,2,0.8869
COP2122-034,,APPLIED SCIENCES (BIO.SC),Rajarata University of Sri Lanka,MONARAGALA,0.8516,value,2,2,0.8516
COP2122-034,,APPLIED SCIENCES (BIO.SC),Rajarata University of Sri Lanka,KEGALLE,0.9084,value,2,2,0.9084
COP2122-034,,APPLIED SCIENCES (BIO.SC),Rajarata University of Sri Lanka,RATNAPURA,0.8567,value,2,2,0.8567
COP2122-035,,APPLIED SCIENCES (BIO.SC),Sabaragamuwa University of Sri Lanka,COLOMBO,0.9558,value,2,3,0.9558
COP2122-035,,APPLIED SCIENCES (BIO.SC),Sabaragamuwa University of Sri Lanka,GAMPAHA,0.9408,value,2,3,0.9408
COP2122-035,,APPLIED SCIENCES (BIO.SC),Sabaragamuwa University of Sri Lanka,KALUTARA,0.9576,value,2,3,0.9576
COP2122-035,,APPLIED SCIENCES (BIO.SC),Sabaragamuwa University of Sri Lanka,MATALE,,NQC,2,3,NQC
COP2122-035,,APPLIED SCIENCES (BIO.SC),Sabaragamuwa University of Sri Lanka,KANDY,0.9452,value,2,3,0.9452
COP2122-035,,APPLIED SCIENCES (BIO.SC),Sabaragamuwa University of Sri Lanka,NUWARA ELIYA,,NQC,2,3,NQC
COP2122-035,,APPLIED SCIENCES (BIO.SC),Sabaragamuwa University of Sri Lanka,GALLE,0.9524,value,2,3,0.9524
COP2122-035,,APPLIED SCIENCES (BIO.SC),Sabaragamuwa University of Sri Lanka,MATARA,0.9469,value,2,3,0.9469
COP2122-035,,APPLIED SCIENCES (BIO.SC),Sabaragamuwa University of Sri Lanka,HAMBANTOTA,0.9519,value,2,3,0.9519
COP2122-035,,APPLIED SCIENCES (BIO.SC),Sabaragamuwa University of Sri Lanka,JAFFNA,,NQC,2,3,NQC
COP2122-035,,APPLIED SCIENCES (BIO.SC),Sabaragamuwa University of Sri Lanka,KILINOCHCHI,,NQC,2,3,NQC
COP2122-035,,APPLIED SCIENCES (BIO.SC),Sabaragamuwa University of Sri Lanka,MANNAR,,NQC,2,3,NQC
COP2122-035,,APPLIED SCIENCES (BIO.SC),Sabaragamuwa University of Sri Lanka,MULLAITIVU,,NQC,2,3,NQC
COP2122-035,,APPLIED SCIENCES (BIO.SC),Sabaragamuwa University of Sri Lanka,VAVUNIYA,,NQC,2,3,NQC
COP2122-035,,APPLIED SCIENCES (BIO.SC),Sabaragamuwa University of Sri Lanka,TRINCOMALEE,,NQC,2,3,NQC
COP2122-035,,APPLIED SCIENCES (BIO.SC),Sabaragamuwa University of Sri Lanka,BATTICALOA,,NQC,2,3,NQC
COP2122-035,,APPLIED SCIENCES (BIO.SC),Sabaragamuwa University of Sri Lanka,AMPARA,1.0388,value,2,3,1.0388
COP2122-035,,APPLIED SCIENCES (BIO.SC),Sabaragamuwa University of Sri Lanka,PUTTALAM,,NQC,2,3,NQC
COP2122-035,,APPLIED SCIENCES (BIO.SC),Sabaragamuwa University of Sri Lanka,KURUNEGALA,0.9740,value,2,3,0.9740
COP2122-035,,APPLIED SCIENCES (BIO.SC),Sabaragamuwa University of Sri Lanka,ANURADHAPURA,,NQC,2,3,NQC
COP2122-035,,APPLIED SCIENCES (BIO.SC),Sabaragamuwa University of Sri Lanka,POLONNARUWA,,NQC,2,3,NQC
COP2122-035,,APPLIED SCIENCES (BIO.SC),Sabaragamuwa University of Sri Lanka,BADULLA,0.9620,value,2,3,0.9620
COP2122-035,,APPLIED SCIENCES (BIO.SC),Sabaragamuwa University of Sri Lanka,MONARAGALA,,NQC,2,3,NQC
COP2122-035,,APPLIED SCIENCES (BIO.SC),Sabaragamuwa University of Sri Lanka,KEGALLE,0.9593,value,2,3,0.9593
COP2122-035,,APPLIED SCIENCES (BIO.SC),Sabaragamuwa University of Sri Lanka,RATNAPURA,0.9513,value,2,3,0.9513
COP2122-036,,APPLIED SCIENCES (BIO.SC),"University of Vavuniya, Sri Lanka",COLOMBO,0.7172,value,2,4,0.7172
COP2122-036,,APPLIED SCIENCES (BIO.SC),"University of Vavuniya, Sri Lanka",GAMPAHA,0.5815,value,2,4,0.5815
COP2122-036,,APPLIED SCIENCES (BIO.SC),"University of Vavuniya, Sri Lanka",KALUTARA,0.8333,value,2,4,0.8333
COP2122-036,,APPLIED SCIENCES (BIO.SC),"University of Vavuniya, Sri Lanka",MATALE,0.7147,value,2,4,0.7147
COP2122-036,,APPLIED SCIENCES (BIO.SC),"University of Vavuniya, Sri Lanka",KANDY,,NQC,2,4,NQC
COP2122-036,,APPLIED SCIENCES (BIO.SC),"University of Vavuniya, Sri Lanka",NUWARA ELIYA,0.4038,value,2,4,0.4038
COP2122-036,,APPLIED SCIENCES (BIO.SC),"University of Vavuniya, Sri Lanka",GALLE,,NQC,2,4,NQC
COP2122-036,,APPLIED SCIENCES (BIO.SC),"University of Vavuniya, Sri Lanka",MATARA,,NQC,2,4,NQC
COP2122-036,,APPLIED SCIENCES (BIO.SC),"University of Vavuniya, Sri Lanka",HAMBANTOTA,0.7247,value,2,4,0.7247
COP2122-036,,APPLIED SCIENCES (BIO.SC),"University of Vavuniya, Sri Lanka",JAFFNA,0.8133,value,2,4,0.8133
COP2122-036,,APPLIED SCIENCES (BIO.SC),"University of Vavuniya, Sri Lanka",KILINOCHCHI,0.4054,value,2,4,0.4054
COP2122-036,,APPLIED SCIENCES (BIO.SC),"University of Vavuniya, Sri Lanka",MANNAR,0.4127,value,2,4,0.4127
COP2122-036,,APPLIED SCIENCES (BIO.SC),"University of Vavuniya, Sri Lanka",MULLAITIVU,0.8253,value,2,4,0.8253
COP2122-036,,APPLIED SCIENCES (BIO.SC),"University of Vavuniya, Sri Lanka",VAVUNIYA,0.4250,value,2,4,0.4250
COP2122-036,,APPLIED SCIENCES (BIO.SC),"University of Vavuniya, Sri Lanka",TRINCOMALEE,0.5157,value,2,4,0.5157
COP2122-036,,APPLIED SCIENCES (BIO.SC),"University of Vavuniya, Sri Lanka",BATTICALOA,0.4999,value,2,4,0.4999
COP2122-036,,APPLIED SCIENCES (BIO.SC),"University of Vavuniya, Sri Lanka",AMPARA,0.6766,value,2,4,0.6766
COP2122-036,,APPLIED SCIENCES (BIO.SC),"University of Vavuniya, Sri Lanka",PUTTALAM,0.5565,value,2,4,0.5565
COP2122-036,,APPLIED SCIENCES (BIO.SC),"University of Vavuniya, Sri Lanka",KURUNEGALA,0.8290,value,2,4,0.8290
COP2122-036,,APPLIED SCIENCES (BIO.SC),"University of Vavuniya, Sri Lanka",ANURADHAPURA,0.5093,value,2,4,0.5093
COP2122-036,,APPLIED SCIENCES (BIO.SC),"University of Vavuniya, Sri Lanka",POLONNARUWA,0.4866,value,2,4,0.4866
COP2122-036,,APPLIED SCIENCES (BIO.SC),"University of Vavuniya, Sri Lanka",BADULLA,0.6846,value,2,4,0.6846
COP2122-036,,APPLIED SCIENCES (BIO.SC),"University of Vavuniya, Sri Lanka",MONARAGALA,0.4712,value,2,4,0.4712
COP2122-036,,APPLIED SCIENCES (BIO.SC),"University of Vavuniya, Sri Lanka",KEGALLE,,NQC,2,4,NQC
COP2122-036,,APPLIED SCIENCES (BIO.SC),"University of Vavuniya, Sri Lanka",RATNAPURA,0.6325,value,2,4,0.6325
COP2122-037,,ENGINEERING,University of Peradeniya,COLOMBO,1.9344,value,2,5,1.9344
COP2122-037,,ENGINEERING,University of Peradeniya,GAMPAHA,1.9372,value,2,5,1.9372
COP2122-037,,ENGINEERING,University of Peradeniya,KALUTARA,1.9365,value,2,5,1.9365
COP2122-037,,ENGINEERING,University of Peradeniya,MATALE,1.9409,value,2,5,1.9409
COP2122-037,,ENGINEERING,University of Peradeniya,KANDY,1.9388,value,2,5,1.9388
COP2122-037,,ENGINEERING,University of Peradeniya,NUWARA ELIYA,1.9378,value,2,5,1.9378
COP2122-037,,ENGINEERING,University of Peradeniya,GALLE,1.9345,value,2,5,1.9345
COP2122-037,,ENGINEERING,University of Peradeniya,MATARA,1.9343,value,2,5,1.9343
COP2122-037,,ENGINEERING,University of Peradeniya,HAMBANTOTA,1.9344,value,2,5,1.9344
COP2122-037,,ENGINEERING,University of Peradeniya,JAFFNA,1.9419,value,2,5,1.9419
COP2122-037,,ENGINEERING,University of Peradeniya,KILINOCHCHI,2.0605,value,2,5,2.0605
COP2122-037,,ENGINEERING,University of Peradeniya,MANNAR,1.9976,value,2,5,1.9976
COP2122-037,,ENGINEERING,University of Peradeniya,MULLAITIVU,1.9619,value,2,5,1.9619
COP2122-037,,ENGINEERING,University of Peradeniya,VAVUNIYA,1.9625,value,2,5,1.9625
COP2122-037,,ENGINEERING,University of Peradeniya,TRINCOMALEE,1.9344,value,2,5,1.9344
COP2122-037,,ENGINEERING,University of Peradeniya,BATTICALOA,1.9475,value,2,5,1.9475
COP2122-037,,ENGINEERING,University of Peradeniya,AMPARA,1.9457,value,2,5,1.9457
COP2122-037,,ENGINEERING,University of Peradeniya,PUTTALAM,1.9537,value,2,5,1.9537
COP2122-037,,ENGINEERING,University of Peradeniya,KURUNEGALA,1.9388,value,2,5,1.9388
COP2122-037,,ENGINEERING,University of Peradeniya,ANURADHAPURA,1.9368,value,2,5,1.9368
COP2122-037,,ENGINEERING,University of Peradeniya,POLONNARUWA,1.9788,value,2,5,1.9788
COP2122-037,,ENGINEERING,University of Peradeniya,BADULLA,1.9410,value,2,5,1.9410
COP2122-037,,ENGINEERING,University of Peradeniya,MONARAGALA,1.9507,value,2,5,1.9507
COP2122-037,,ENGINEERING,University of Peradeniya,KEGALLE,1.9441,value,2,5,1.9441
COP2122-037,,ENGINEERING,University of Peradeniya,RATNAPURA,1.9395,value,2,5,1.9395
COP2122-038,,ENGINEERING,University of Sri Jayewardenepura,COLOMBO,1.7920,value,2,6,1.7920
COP2122-038,,ENGINEERING,University of Sri Jayewardenepura,GAMPAHA,1.7698,value,2,6,1.7698
COP2122-038,,ENGINEERING,University of Sri Jayewardenepura,KALUTARA,1.7828,value,2,6,1.7828
COP2122-038,,ENGINEERING,University of Sri Jayewardenepura,MATALE,,NQC,2,6,NQC
COP2122-038,,ENGINEERING,University of Sri Jayewardenepura,KANDY,1.7947,value,2,6,1.7947
COP2122-038,,ENGINEERING,University of Sri Jayewardenepura,NUWARA ELIYA,1.8383,value,2,6,1.8383
COP2122-038,,ENGINEERING,University of Sri Jayewardenepura,GALLE,1.8072,value,2,6,1.8072
COP2122-038,,ENGINEERING,University of Sri Jayewardenepura,MATARA,1.7824,value,2,6,1.7824
COP2122-038,,ENGINEERING,University of Sri Jayewardenepura,HAMBANTOTA,1.7777,value,2,6,1.7777
COP2122-038,,ENGINEERING,University of Sri Jayewardenepura,JAFFNA,1.8251,value,2,6,1.8251
COP2122-038,,ENGINEERING,University of Sri Jayewardenepura,KILINOCHCHI,,NQC,2,6,NQC
COP2122-038,,ENGINEERING,University of Sri Jayewardenepura,MANNAR,,NQC,2,6,NQC
COP2122-038,,ENGINEERING,University of Sri Jayewardenepura,MULLAITIVU,,NQC,2,6,NQC
COP2122-038,,ENGINEERING,University of Sri Jayewardenepura,VAVUNIYA,1.7838,value,2,6,1.7838
COP2122-038,,ENGINEERING,University of Sri Jayewardenepura,TRINCOMALEE,1.8091,value,2,6,1.8091
COP2122-038,,ENGINEERING,University of Sri Jayewardenepura,BATTICALOA,1.8055,value,2,6,1.8055
COP2122-038,,ENGINEERING,University of Sri Jayewardenepura,AMPARA,,NQC,2,6,NQC
COP2122-038,,ENGINEERING,University of Sri Jayewardenepura,PUTTALAM,1.7979,value,2,6,1.7979
COP2122-038,,ENGINEERING,University of Sri Jayewardenepura,KURUNEGALA,1.7994,value,2,6,1.7994
COP2122-038,,ENGINEERING,University of Sri Jayewardenepura,ANURADHAPURA,1.7945,value,2,6,1.7945
COP2122-038,,ENGINEERING,University of Sri Jayewardenepura,POLONNARUWA,,NQC,2,6,NQC
COP2122-038,,ENGINEERING,University of Sri Jayewardenepura,BADULLA,,NQC,2,6,NQC
COP2122-038,,ENGINEERING,University of Sri Jayewardenepura,MONARAGALA,1.9726,value,2,6,1.9726
COP2122-038,,ENGINEERING,University of Sri Jayewardenepura,KEGALLE,1.9250,value,2,6,1.9250
COP2122-038,,ENGINEERING,University of Sri Jayewardenepura,RATNAPURA,,NQC,2,6,NQC
COP2122-039,,ENGINEERING,University of Jaffna,COLOMBO,,NQC,2,7,NQC
COP2122-039,,ENGINEERING,University of Jaffna,GAMPAHA,1.4869,value,2,7,1.4869
COP2122-039,,ENGINEERING,University of Jaffna,KALUTARA,,NQC,2,7,NQC
COP2122-039,,ENGINEERING,University of Jaffna,MATALE,1.4228,value,2,7,1.4228
COP2122-039,,ENGINEERING,University of Jaffna,KANDY,,NQC,2,7,NQC
COP2122-039,,ENGINEERING,University of Jaffna,NUWARA ELIYA,1.3966,value,2,7,1.3966
COP2122-039,,ENGINEERING,University of Jaffna,GALLE,,NQC,2,7,NQC
COP2122-039,,ENGINEERING,University of Jaffna,MATARA,,NQC,2,7,NQC
COP2122-039,,ENGINEERING,University of Jaffna,HAMBANTOTA,,NQC,2,7,NQC
COP2122-039,,ENGINEERING,University of Jaffna,JAFFNA,1.8914,value,2,7,1.8914
COP2122-039,,ENGINEERING,University of Jaffna,KILINOCHCHI,1.4655,value,2,7,1.4655
COP2122-039,,ENGINEERING,University of Jaffna,MANNAR,1.4485,value,2,7,1.4485
COP2122-039,,ENGINEERING,University of Jaffna,MULLAITIVU,1.4262,value,2,7,1.4262
COP2122-039,,ENGINEERING,University of Jaffna,VAVUNIYA,1.4379,value,2,7,1.4379
COP2122-039,,ENGINEERING,University of Jaffna,TRINCOMALEE,1.3990,value,2,7,1.3990
COP2122-039,,ENGINEERING,University of Jaffna,BATTICALOA,1.4967,value,2,7,1.4967
COP2122-039,,ENGINEERING,University of Jaffna,AMPARA,1.4846,value,2,7,1.4846
COP2122-039,,ENGINEERING,University of Jaffna,PUTTALAM,1.3893,value,2,7,1.3893
COP2122-039,,ENGINEERING,University of Jaffna,KURUNEGALA,,NQC,2,7,NQC
COP2122-039,,ENGINEERING,University of Jaffna,ANURADHAPURA,1.3930,value,2,7,1.3930
COP2122-039,,ENGINEERING,University of Jaffna,POLONNARUWA,1.4186,value,2,7,1.4186
COP2122-039,,ENGINEERING,University of Jaffna,BADULLA,1.6211,value,2,7,1.6211
COP2122-039,,ENGINEERING,University of Jaffna,MONARAGALA,1.4519,value,2,7,1.4519
COP2122-039,,ENGINEERING,University of Jaffna,KEGALLE,,NQC,2,7,NQC
COP2122-039,,ENGINEERING,University of Jaffna,RATNAPURA,1.3954,value,2,7,1.3954
COP2122-040,,ENGINEERING,University of Ruhuna,COLOMBO,1.7920,value,2,8,1.7920
COP2122-040,,ENGINEERING,University of Ruhuna,GAMPAHA,1.6519,value,2,8,1.6519
COP2122-040,,ENGINEERING,University of Ruhuna,KALUTARA,1.6522,value,2,8,1.6522
COP2122-040,,ENGINEERING,University of Ruhuna,MATALE,1.6780,value,2,8,1.6780
COP2122-040,,ENGINEERING,University of Ruhuna,KANDY,1.6797,value,2,8,1.6797
COP2122-040,,ENGINEERING,University of Ruhuna,NUWARA ELIYA,1.6680,value,2,8,1.6680
COP2122-040,,ENGINEERING,University of Ruhuna,GALLE,1.8072,value,2,8,1.8072
COP2122-040,,ENGINEERING,University of Ruhuna,MATARA,1.7489,value,2,8,1.7489
COP2122-040,,ENGINEERING,University of Ruhuna,HAMBANTOTA,1.7119,value,2,8,1.7119
COP2122-040,,ENGINEERING,University of Ruhuna,JAFFNA,,NQC,2,8,NQC
COP2122-040,,ENGINEERING,University of Ruhuna,KILINOCHCHI,1.7530,value,2,8,1.7530
COP2122-040,,ENGINEERING,University of Ruhuna,MANNAR,1.7453,value,2,8,1.7453
COP2122-040,,ENGINEERING,University of Ruhuna,MULLAITIVU,1.7797,value,2,8,1.7797
COP2122-040,,ENGINEERING,University of Ruhuna,VAVUNIYA,1.6966,value,2,8,1.6966
COP2122-040,,ENGINEERING,University of Ruhuna,TRINCOMALEE,1.6623,value,2,8,1.6623
COP2122-040,,ENGINEERING,University of Ruhuna,BATTICALOA,1.6679,value,2,8,1.6679
COP2122-040,,ENGINEERING,University of Ruhuna,AMPARA,1.6605,value,2,8,1.6605
COP2122-040,,ENGINEERING,University of Ruhuna,PUTTALAM,1.6559,value,2,8,1.6559
COP2122-040,,ENGINEERING,University of Ruhuna,KURUNEGALA,1.6829,value,2,8,1.6829
COP2122-040,,ENGINEERING,University of Ruhuna,ANURADHAPURA,1.6665,value,2,8,1.6665
COP2122-040,,ENGINEERING,University of Ruhuna,POLONNARUWA,1.6694,value,2,8,1.6694
COP2122-040,,ENGINEERING,University of Ruhuna,BADULLA,1.6512,value,2,8,1.6512
COP2122-040,,ENGINEERING,University of Ruhuna,MONARAGALA,1.6553,value,2,8,1.6553
COP2122-040,,ENGINEERING,University of Ruhuna,KEGALLE,1.6845,value,2,8,1.6845
COP2122-040,,ENGINEERING,University of Ruhuna,RATNAPURA,1.6542,value,2,8,1.6542
COP2122-041,,ENGINEERING,University of Moratuwa,COLOMBO,2.0822,value,2,9,2.0822
COP2122-041,,ENGINEERING,University of Moratuwa,GAMPAHA,2.0990,value,2,9,2.0990
COP2122-041,,ENGINEERING,University of Moratuwa,KALUTARA,2.0979,value,2,9,2.0979
COP2122-041,,ENGINEERING,University of Moratuwa,MATALE,2.1655,value,2,9,2.1655
COP2122-041,,ENGINEERING,University of Moratuwa,KANDY,2.0884,value,2,9,2.0884
COP2122-041,,ENGINEERING,University of Moratuwa,NUWARA ELIYA,2.0784,value,2,9,2.0784
COP2122-041,,ENGINEERING,University of Moratuwa,GALLE,2.0817,value,2,9,2.0817
COP2122-041,,ENGINEERING,University of Moratuwa,MATARA,2.0874,value,2,9,2.0874
COP2122-041,,ENGINEERING,University of Moratuwa,HAMBANTOTA,2.0882,value,2,9,2.0882
COP2122-041,,ENGINEERING,University of Moratuwa,JAFFNA,2.0855,value,2,9,2.0855
COP2122-041,,ENGINEERING,University of Moratuwa,KILINOCHCHI,2.5733,value,2,9,2.5733
COP2122-041,,ENGINEERING,University of Moratuwa,MANNAR,2.0987,value,2,9,2.0987
COP2122-041,,ENGINEERING,University of Moratuwa,MULLAITIVU,2.3472,value,2,9,2.3472
COP2122-041,,ENGINEERING,University of Moratuwa,VAVUNIYA,2.0832,value,2,9,2.0832
COP2122-041,,ENGINEERING,University of Moratuwa,TRINCOMALEE,2.0848,value,2,9,2.0848
COP2122-041,,ENGINEERING,University of Moratuwa,BATTICALOA,2.0881,value,2,9,2.0881
COP2122-041,,ENGINEERING,University of Moratuwa,AMPARA,2.1903,value,2,9,2.1903
COP2122-041,,ENGINEERING,University of Moratuwa,PUTTALAM,2.1331,value,2,9,2.1331
COP2122-041,,ENGINEERING,University of Moratuwa,KURUNEGALA,2.0822,value,2,9,2.0822
COP2122-041,,ENGINEERING,University of Moratuwa,ANURADHAPURA,2.1239,value,2,9,2.1239
COP2122-041,,ENGINEERING,University of Moratuwa,POLONNARUWA,2.2150,value,2,9,2.2150
COP2122-041,,ENGINEERING,University of Moratuwa,BADULLA,2.0849,value,2,9,2.0849
COP2122-041,,ENGINEERING,University of Moratuwa,MONARAGALA,2.1580,value,2,9,2.1580
COP2122-041,,ENGINEERING,University of Moratuwa,KEGALLE,2.1001,value,2,9,2.1001
COP2122-041,,ENGINEERING,University of Moratuwa,RATNAPURA,2.0893,value,2,9,2.0893
COP2122-042,,ENGINEERING,South Eastern University of Sri Lanka,COLOMBO,,NQC,2,10,NQC
COP2122-042,,ENGINEERING,South Eastern University of Sri Lanka,GAMPAHA,,NQC,2,10,NQC
COP2122-042,,ENGINEERING,South Eastern University of Sri Lanka,KALUTARA,,NQC,2,10,NQC
COP2122-042,,ENGINEERING,South Eastern University of Sri Lanka,MATALE,,NQC,2,10,NQC
COP2122-042,,ENGINEERING,South Eastern University of Sri Lanka,KANDY,,NQC,2,10,NQC
COP2122-042,,ENGINEERING,South Eastern University of Sri Lanka,NUWARA ELIYA,0.9990,value,2,10,0.9990
COP2122-042,,ENGINEERING,South Eastern University of Sri Lanka,GALLE,,NQC,2,10,NQC
COP2122-042,,ENGINEERING,South Eastern University of Sri Lanka,MATARA,,NQC,2,10,NQC
COP2122-042,,ENGINEERING,South Eastern University of Sri Lanka,HAMBANTOTA,,NQC,2,10,NQC
COP2122-042,,ENGINEERING,South Eastern University of Sri Lanka,JAFFNA,,NQC,2,10,NQC
COP2122-042,,ENGINEERING,South Eastern University of Sri Lanka,KILINOCHCHI,,NQC,2,10,NQC
COP2122-042,,ENGINEERING,South Eastern University of Sri Lanka,MANNAR,1.1641,value,2,10,1.1641
COP2122-042,,ENGINEERING,South Eastern University of Sri Lanka,MULLAITIVU,1.2297,value,2,10,1.2297
COP2122-042,,ENGINEERING,South Eastern University of Sri Lanka,VAVUNIYA,,NQC,2,10,NQC
COP2122-042,,ENGINEERING,South Eastern University of Sri Lanka,TRINCOMALEE,1.2124,value,2,10,1.2124
COP2122-042,,ENGINEERING,South Eastern University of Sri Lanka,BATTICALOA,,NQC,2,10,NQC
COP2122-042,,ENGINEERING,South Eastern University of Sri Lanka,AMPARA,1.5553,value,2,10,1.5553
COP2122-042,,ENGINEERING,South Eastern University of Sri Lanka,PUTTALAM,1.2293,value,2,10,1.2293
COP2122-042,,ENGINEERING,South Eastern University of Sri Lanka,KURUNEGALA,,NQC,2,10,NQC
COP2122-042,,ENGINEERING,South Eastern University of Sri Lanka,ANURADHAPURA,1.3443,value,2,10,1.3443
COP2122-042,,ENGINEERING,South Eastern University of Sri Lanka,POLONNARUWA,1.0566,value,2,10,1.0566
COP2122-042,,ENGINEERING,South Eastern University of Sri Lanka,BADULLA,,NQC,2,10,NQC
COP2122-042,,ENGINEERING,South Eastern University of Sri Lanka,MONARAGALA,1.1700,value,2,10,1.1700
COP2122-042,,ENGINEERING,South Eastern University of Sri Lanka,KEGALLE,,NQC,2,10,NQC
COP2122-042,,ENGINEERING,South Eastern University of Sri Lanka,RATNAPURA,1.3763,value,2,10,1.3763
COP2122-043,,ENGINEERING (EM),University of Moratuwa,COLOMBO,1.6112,value,2,11,1.6112
COP2122-043,,ENGINEERING (EM),University of Moratuwa,GAMPAHA,1.4385,value,2,11,1.4385
COP2122-043,,ENGINEERING (EM),University of Moratuwa,KALUTARA,1.5898,value,2,11,1.5898
COP2122-043,,ENGINEERING (EM),University of Moratuwa,MATALE,1.5586,value,2,11,1.5586
COP2122-043,,ENGINEERING (EM),University of Moratuwa,KANDY,1.5922,value,2,11,1.5922
COP2122-043,,ENGINEERING (EM),University of Moratuwa,NUWARA ELIYA,1.3472,value,2,11,1.3472
COP2122-043,,ENGINEERING (EM),University of Moratuwa,GALLE,1.6046,value,2,11,1.6046
COP2122-043,,ENGINEERING (EM),University of Moratuwa,MATARA,1.6087,value,2,11,1.6087
COP2122-043,,ENGINEERING (EM),University of Moratuwa,HAMBANTOTA,1.6049,value,2,11,1.6049
COP2122-043,,ENGINEERING (EM),University of Moratuwa,JAFFNA,1.5397,value,2,11,1.5397
COP2122-043,,ENGINEERING (EM),University of Moratuwa,KILINOCHCHI,1.3518,value,2,11,1.3518
COP2122-043,,ENGINEERING (EM),University of Moratuwa,MANNAR,1.0452,value,2,11,1.0452
COP2122-043,,ENGINEERING (EM),University of Moratuwa,MULLAITIVU,1.1790,value,2,11,1.1790
COP2122-043,,ENGINEERING (EM),University of Moratuwa,VAVUNIYA,1.1315,value,2,11,1.1315
COP2122-043,,ENGINEERING (EM),University of Moratuwa,TRINCOMALEE,1.4911,value,2,11,1.4911
COP2122-043,,ENGINEERING (EM),University of Moratuwa,BATTICALOA,1.4766,value,2,11,1.4766
COP2122-043,,ENGINEERING (EM),University of Moratuwa,AMPARA,1.4626,value,2,11,1.4626
COP2122-043,,ENGINEERING (EM),University of Moratuwa,PUTTALAM,1.2926,value,2,11,1.2926
COP2122-043,,ENGINEERING (EM),University of Moratuwa,KURUNEGALA,1.6057,value,2,11,1.6057
COP2122-043,,ENGINEERING (EM),University of Moratuwa,ANURADHAPURA,1.3429,value,2,11,1.3429
COP2122-043,,ENGINEERING (EM),University of Moratuwa,POLONNARUWA,1.2446,value,2,11,1.2446
COP2122-043,,ENGINEERING (EM),University of Moratuwa,BADULLA,1.6085,value,2,11,1.6085
COP2122-043,,ENGINEERING (EM),University of Moratuwa,MONARAGALA,1.4660,value,2,11,1.4660
COP2122-043,,ENGINEERING (EM),University of Moratuwa,KEGALLE,1.6235,value,2,11,1.6235
COP2122-043,,ENGINEERING (EM),University of Moratuwa,RATNAPURA,1.4571,value,2,11,1.4571
COP2122-044,,ENGINEERING (TM),University of Moratuwa,COLOMBO,1.6035,value,2,12,1.6035
COP2122-044,,ENGINEERING (TM),University of Moratuwa,GAMPAHA,1.5005,value,2,12,1.5005
COP2122-044,,ENGINEERING (TM),University of Moratuwa,KALUTARA,1.5975,value,2,12,1.5975
COP2122-044,,ENGINEERING (TM),University of Moratuwa,MATALE,1.4806,value,2,12,1.4806
COP2122-044,,ENGINEERING (TM),University of Moratuwa,KANDY,1.5673,value,2,12,1.5673
COP2122-044,,ENGINEERING (TM),University of Moratuwa,NUWARA ELIYA,1.1419,value,2,12,1.1419
COP2122-044,,ENGINEERING (TM),University of Moratuwa,GALLE,1.6142,value,2,12,1.6142
COP2122-044,,ENGINEERING (TM),University of Moratuwa,MATARA,1.6208,value,2,12,1.6208
COP2122-044,,ENGINEERING (TM),University of Moratuwa,HAMBANTOTA,1.5969,value,2,12,1.5969
COP2122-044,,ENGINEERING (TM),University of Moratuwa,JAFFNA,1.5124,value,2,12,1.5124
COP2122-044,,ENGINEERING (TM),University of Moratuwa,KILINOCHCHI,1.3448,value,2,12,1.3448
COP2122-044,,ENGINEERING (TM),University of Moratuwa,MANNAR,0.8333,value,2,12,0.8333
COP2122-044,,ENGINEERING (TM),University of Moratuwa,MULLAITIVU,0.7776,value,2,12,0.7776
COP2122-044,,ENGINEERING (TM),University of Moratuwa,VAVUNIYA,1.0342,value,2,12,1.0342
COP2122-044,,ENGINEERING (TM),University of Moratuwa,TRINCOMALEE,1.2805,value,2,12,1.2805
COP2122-044,,ENGINEERING (TM),University of Moratuwa,BATTICALOA,1.4277,value,2,12,1.4277
COP2122-044,,ENGINEERING (TM),University of Moratuwa,AMPARA,1.4599,value,2,12,1.4599
COP2122-044,,ENGINEERING (TM),University of Moratuwa,PUTTALAM,1.4120,value,2,12,1.4120
COP2122-044,,ENGINEERING (TM),University of Moratuwa,KURUNEGALA,1.6137,value,2,12,1.6137
COP2122-044,,ENGINEERING (TM),University of Moratuwa,ANURADHAPURA,1.3907,value,2,12,1.3907
COP2122-044,,ENGINEERING (TM),University of Moratuwa,POLONNARUWA,1.3770,value,2,12,1.3770
COP2122-044,,ENGINEERING (TM),University of Moratuwa,BADULLA,1.6179,value,2,12,1.6179
COP2122-044,,ENGINEERING (TM),University of Moratuwa,MONARAGALA,1.5103,value,2,12,1.5103
COP2122-044,,ENGINEERING (TM),University of Moratuwa,KEGALLE,1.5981,value,2,12,1.5981
COP2122-044,,ENGINEERING (TM),University of Moratuwa,RATNAPURA,1.5608,value,2,12,1.5608
COP2122-045,,QUANTITY SURVEYING,University of Moratuwa,COLOMBO,1.4676,value,2,13,1.4676
COP2122-045,,QUANTITY SURVEYING,University of Moratuwa,GAMPAHA,1.4058,value,2,13,1.4058
COP2122-045,,QUANTITY SURVEYING,University of Moratuwa,KALUTARA,1.4616,value,2,13,1.4616
COP2122-045,,QUANTITY SURVEYING,University of Moratuwa,MATALE,1.3141,value,2,13,1.3141
COP2122-045,,QUANTITY SURVEYING,University of Moratuwa,KANDY,1.4570,value,2,13,1.4570
COP2122-045,,QUANTITY SURVEYING,University of Moratuwa,NUWARA ELIYA,0.9854,value,2,13,0.9854
COP2122-045,,QUANTITY SURVEYING,University of Moratuwa,GALLE,1.4916,value,2,13,1.4916
COP2122-045,,QUANTITY SURVEYING,University of Moratuwa,MATARA,1.4949,value,2,13,1.4949
COP2122-045,,QUANTITY SURVEYING,University of Moratuwa,HAMBANTOTA,1.4718,value,2,13,1.4718
COP2122-045,,QUANTITY SURVEYING,University of Moratuwa,JAFFNA,1.4683,value,2,13,1.4683
COP2122-045,,QUANTITY SURVEYING,University of Moratuwa,KILINOCHCHI,1.2235,value,2,13,1.2235
COP2122-045,,QUANTITY SURVEYING,University of Moratuwa,MANNAR,0.9041,value,2,13,0.9041
COP2122-045,,QUANTITY SURVEYING,University of Moratuwa,MULLAITIVU,1.0459,value,2,13,1.0459
COP2122-045,,QUANTITY SURVEYING,University of Moratuwa,VAVUNIYA,1.0856,value,2,13,1.0856
COP2122-045,,QUANTITY SURVEYING,University of Moratuwa,TRINCOMALEE,1.2412,value,2,13,1.2412
COP2122-045,,QUANTITY SURVEYING,University of Moratuwa,BATTICALOA,1.3873,value,2,13,1.3873
COP2122-045,,QUANTITY SURVEYING,University of Moratuwa,AMPARA,1.4404,value,2,13,1.4404
COP2122-045,,QUANTITY SURVEYING,University of Moratuwa,PUTTALAM,1.2000,value,2,13,1.2000
COP2122-045,,QUANTITY SURVEYING,University of Moratuwa,KURUNEGALA,1.4798,value,2,13,1.4798
COP2122-045,,QUANTITY SURVEYING,University of Moratuwa,ANURADHAPURA,1.2699,value,2,13,1.2699
COP2122-045,,QUANTITY SURVEYING,University of Moratuwa,POLONNARUWA,0.9754,value,2,13,0.9754
COP2122-045,,QUANTITY SURVEYING,University of Moratuwa,BADULLA,1.4655,value,2,13,1.4655
COP2122-045,,QUANTITY SURVEYING,University of Moratuwa,MONARAGALA,1.1243,value,2,13,1.1243
COP2122-045,,QUANTITY SURVEYING,University of Moratuwa,KEGALLE,1.4813,value,2,13,1.4813
COP2122-045,,QUANTITY SURVEYING,University of Moratuwa,RATNAPURA,1.3403,value,2,13,1.3403
COP2122-046,,COMPUTER SCIENCE,University of Kelaniya,COLOMBO,1.5512,value,2,14,1.5512
COP2122-046,,COMPUTER SCIENCE,University of Kelaniya,GAMPAHA,1.5557,value,2,14,1.5557
COP2122-046,,COMPUTER SCIENCE,University of Kelaniya,KALUTARA,1.5598,value,2,14,1.5598
COP2122-046,,COMPUTER SCIENCE,University of Kelaniya,MATALE,,NQC,2,14,NQC
COP2122-046,,COMPUTER SCIENCE,University of Kelaniya,KANDY,1.5612,value,2,14,1.5612
COP2122-046,,COMPUTER SCIENCE,University of Kelaniya,NUWARA ELIYA,,NQC,2,14,NQC
COP2122-046,,COMPUTER SCIENCE,University of Kelaniya,GALLE,1.5517,value,2,14,1.5517
COP2122-046,,COMPUTER SCIENCE,University of Kelaniya,MATARA,1.5499,value,2,14,1.5499
COP2122-046,,COMPUTER SCIENCE,University of Kelaniya,HAMBANTOTA,1.5658,value,2,14,1.5658
COP2122-046,,COMPUTER SCIENCE,University of Kelaniya,JAFFNA,1.5580,value,2,14,1.5580
COP2122-046,,COMPUTER SCIENCE,University of Kelaniya,KILINOCHCHI,,NQC,2,14,NQC
COP2122-046,,COMPUTER SCIENCE,University of Kelaniya,MANNAR,,NQC,2,14,NQC
COP2122-046,,COMPUTER SCIENCE,University of Kelaniya,MULLAITIVU,,NQC,2,14,NQC
COP2122-046,,COMPUTER SCIENCE,University of Kelaniya,VAVUNIYA,,NQC,2,14,NQC
COP2122-046,,COMPUTER SCIENCE,University of Kelaniya,TRINCOMALEE,,NQC,2,14,NQC
COP2122-046,,COMPUTER SCIENCE,University of Kelaniya,BATTICALOA,,NQC,2,14,NQC
COP2122-046,,COMPUTER SCIENCE,University of Kelaniya,AMPARA,,NQC,2,14,NQC
COP2122-046,,COMPUTER SCIENCE,University of Kelaniya,PUTTALAM,,NQC,2,14,NQC
COP2122-046,,COMPUTER SCIENCE,University of Kelaniya,KURUNEGALA,1.5516,value,2,14,1.5516
COP2122-046,,COMPUTER SCIENCE,University of Kelaniya,ANURADHAPURA,,NQC,2,14,NQC
COP2122-046,,COMPUTER SCIENCE,University of Kelaniya,POLONNARUWA,,NQC,2,14,NQC
COP2122-046,,COMPUTER SCIENCE,University of Kelaniya,BADULLA,1.5737,value,2,14,1.5737
COP2122-046,,COMPUTER SCIENCE,University of Kelaniya,MONARAGALA,,NQC,2,14,NQC
COP2122-046,,COMPUTER SCIENCE,University of Kelaniya,KEGALLE,1.5488,value,2,14,1.5488
COP2122-046,,COMPUTER SCIENCE,University of Kelaniya,RATNAPURA,,NQC,2,14,NQC
COP2122-047,,COMPUTER SCIENCE,University of Jaffna,COLOMBO,1.3650,value,2,15,1.3650
COP2122-047,,COMPUTER SCIENCE,University of Jaffna,GAMPAHA,1.2145,value,2,15,1.2145
COP2122-047,,COMPUTER SCIENCE,University of Jaffna,KALUTARA,1.3225,value,2,15,1.3225
COP2122-047,,COMPUTER SCIENCE,University of Jaffna,MATALE,1.1854,value,2,15,1.1854
COP2122-047,,COMPUTER SCIENCE,University of Jaffna,KANDY,1.1902,value,2,15,1.1902
COP2122-047,,COMPUTER SCIENCE,University of Jaffna,NUWARA ELIYA,,NQC,2,15,NQC
COP2122-047,,COMPUTER SCIENCE,University of Jaffna,GALLE,,NQC,2,15,NQC
COP2122-047,,COMPUTER SCIENCE,University of Jaffna,MATARA,,NQC,2,15,NQC
COP2122-047,,COMPUTER SCIENCE,University of Jaffna,HAMBANTOTA,,NQC,2,15,NQC
COP2122-047,,COMPUTER SCIENCE,University of Jaffna,JAFFNA,1.4099,value,2,15,1.4099
COP2122-047,,COMPUTER SCIENCE,University of Jaffna,KILINOCHCHI,1.1310,value,2,15,1.1310
COP2122-047,,COMPUTER SCIENCE,University of Jaffna,MANNAR,,NQC,2,15,NQC
COP2122-047,,COMPUTER SCIENCE,University of Jaffna,MULLAITIVU,,NQC,2,15,NQC
COP2122-047,,COMPUTER SCIENCE,University of Jaffna,VAVUNIYA,,NQC,2,15,NQC
COP2122-047,,COMPUTER SCIENCE,University of Jaffna,TRINCOMALEE,1.2289,value,2,15,1.2289
COP2122-047,,COMPUTER SCIENCE,University of Jaffna,BATTICALOA,1.1583,value,2,15,1.1583
COP2122-047,,COMPUTER SCIENCE,University of Jaffna,AMPARA,1.1277,value,2,15,1.1277
COP2122-047,,COMPUTER SCIENCE,University of Jaffna,PUTTALAM,1.1296,value,2,15,1.1296
COP2122-047,,COMPUTER SCIENCE,University of Jaffna,KURUNEGALA,1.2575,value,2,15,1.2575
COP2122-047,,COMPUTER SCIENCE,University of Jaffna,ANURADHAPURA,1.1447,value,2,15,1.1447
COP2122-047,,COMPUTER SCIENCE,University of Jaffna,POLONNARUWA,,NQC,2,15,NQC
COP2122-047,,COMPUTER SCIENCE,University of Jaffna,BADULLA,1.3256,value,2,15,1.3256
COP2122-047,,COMPUTER SCIENCE,University of Jaffna,MONARAGALA,,NQC,2,15,NQC
COP2122-047,,COMPUTER SCIENCE,University of Jaffna,KEGALLE,1.2515,value,2,15,1.2515
COP2122-047,,COMPUTER SCIENCE,University of Jaffna,RATNAPURA,1.2098,value,2,15,1.2098
COP2122-048,,COMPUTER SCIENCE,University of Ruhuna,COLOMBO,1.3887,value,2,16,1.3887
COP2122-048,,COMPUTER SCIENCE,University of Ruhuna,GAMPAHA,1.3905,value,2,16,1.3905
COP2122-048,,COMPUTER SCIENCE,University of Ruhuna,KALUTARA,1.3905,value,2,16,1.3905
COP2122-048,,COMPUTER SCIENCE,University of Ruhuna,MATALE,1.4010,value,2,16,1.4010
COP2122-048,,COMPUTER SCIENCE,University of Ruhuna,KANDY,1.3908,value,2,16,1.3908
COP2122-048,,COMPUTER SCIENCE,University of Ruhuna,NUWARA ELIYA,,NQC,2,16,NQC
COP2122-048,,COMPUTER SCIENCE,University of Ruhuna,GALLE,1.4627,value,2,16,1.4627
COP2122-048,,COMPUTER SCIENCE,University of Ruhuna,MATARA,1.4374,value,2,16,1.4374
COP2122-048,,COMPUTER SCIENCE,University of Ruhuna,HAMBANTOTA,1.4324,value,2,16,1.4324
COP2122-048,,COMPUTER SCIENCE,University of Ruhuna,JAFFNA,1.4369,value,2,16,1.4369
COP2122-048,,COMPUTER SCIENCE,University of Ruhuna,KILINOCHCHI,,NQC,2,16,NQC
COP2122-048,,COMPUTER SCIENCE,University of Ruhuna,MANNAR,,NQC,2,16,NQC
COP2122-048,,COMPUTER SCIENCE,University of Ruhuna,MULLAITIVU,,NQC,2,16,NQC
COP2122-048,,COMPUTER SCIENCE,University of Ruhuna,VAVUNIYA,,NQC,2,16,NQC
COP2122-048,,COMPUTER SCIENCE,University of Ruhuna,TRINCOMALEE,,NQC,2,16,NQC
COP2122-048,,COMPUTER SCIENCE,University of Ruhuna,BATTICALOA,1.3966,value,2,16,1.3966
COP2122-048,,COMPUTER SCIENCE,University of Ruhuna,AMPARA,1.3919,value,2,16,1.3919
COP2122-048,,COMPUTER SCIENCE,University of Ruhuna,PUTTALAM,,NQC,2,16,NQC
COP2122-048,,COMPUTER SCIENCE,University of Ruhuna,KURUNEGALA,1.3884,value,2,16,1.3884
COP2122-048,,COMPUTER SCIENCE,University of Ruhuna,ANURADHAPURA,,NQC,2,16,NQC
COP2122-048,,COMPUTER SCIENCE,University of Ruhuna,POLONNARUWA,,NQC,2,16,NQC
COP2122-048,,COMPUTER SCIENCE,University of Ruhuna,BADULLA,1.3996,value,2,16,1.3996
COP2122-048,,COMPUTER SCIENCE,University of Ruhuna,MONARAGALA,,NQC,2,16,NQC
COP2122-048,,COMPUTER SCIENCE,University of Ruhuna,KEGALLE,1.4173,value,2,16,1.4173
COP2122-048,,COMPUTER SCIENCE,University of Ruhuna,RATNAPURA,1.4758,value,2,16,1.4758
COP2122-049,,COMPUTER SCIENCE,University of Colombo School of Computing,COLOMBO,1.6318,value,2,17,1.6318
COP2122-049,,COMPUTER SCIENCE,University of Colombo School of Computing,GAMPAHA,1.6971,value,2,17,1.6971
COP2122-049,,COMPUTER SCIENCE,University of Colombo School of Computing,KALUTARA,1.6326,value,2,17,1.6326
COP2122-049,,COMPUTER SCIENCE,University of Colombo School of Computing,MATALE,,NQC,2,17,NQC
COP2122-049,,COMPUTER SCIENCE,University of Colombo School of Computing,KANDY,1.6383,value,2,17,1.6383
COP2122-049,,COMPUTER SCIENCE,University of Colombo School of Computing,NUWARA ELIYA,2.1144,value,2,17,2.1144
COP2122-049,,COMPUTER SCIENCE,University of Colombo School of Computing,GALLE,1.6311,value,2,17,1.6311
COP2122-049,,COMPUTER SCIENCE,University of Colombo School of Computing,MATARA,1.6330,value,2,17,1.6330
COP2122-049,,COMPUTER SCIENCE,University of Colombo School of Computing,HAMBANTOTA,1.6384,value,2,17,1.6384
COP2122-049,,COMPUTER SCIENCE,University of Colombo School of Computing,JAFFNA,1.6661,value,2,17,1.6661
COP2122-049,,COMPUTER SCIENCE,University of Colombo School of Computing,KILINOCHCHI,,NQC,2,17,NQC
COP2122-049,,COMPUTER SCIENCE,University of Colombo School of Computing,MANNAR,,NQC,2,17,NQC
COP2122-049,,COMPUTER SCIENCE,University of Colombo School of Computing,MULLAITIVU,,NQC,2,17,NQC
COP2122-049,,COMPUTER SCIENCE,University of Colombo School of Computing,VAVUNIYA,,NQC,2,17,NQC
COP2122-049,,COMPUTER SCIENCE,University of Colombo School of Computing,TRINCOMALEE,,NQC,2,17,NQC
COP2122-049,,COMPUTER SCIENCE,University of Colombo School of Computing,BATTICALOA,2.1836,value,2,17,2.1836
COP2122-049,,COMPUTER SCIENCE,University of Colombo School of Computing,AMPARA,,NQC,2,17,NQC
COP2122-049,,COMPUTER SCIENCE,University of Colombo School of Computing,PUTTALAM,1.8478,value,2,17,1.8478
COP2122-049,,COMPUTER SCIENCE,University of Colombo School of Computing,KURUNEGALA,1.6366,value,2,17,1.6366
COP2122-049,,COMPUTER SCIENCE,University of Colombo School of Computing,ANURADHAPURA,,NQC,2,17,NQC
COP2122-049,,COMPUTER SCIENCE,University of Colombo School of Computing,POLONNARUWA,,NQC,2,17,NQC
COP2122-049,,COMPUTER SCIENCE,University of Colombo School of Computing,BADULLA,1.6333,value,2,17,1.6333
COP2122-049,,COMPUTER SCIENCE,University of Colombo School of Computing,MONARAGALA,,NQC,2,17,NQC
COP2122-049,,COMPUTER SCIENCE,University of Colombo School of Computing,KEGALLE,1.6495,value,2,17,1.6495
COP2122-049,,COMPUTER SCIENCE,University of Colombo School of Computing,RATNAPURA,1.7032,value,2,17,1.7032
COP2122-050,,COMPUTER SCIENCE,Eastern University - Trincomalee Campus,COLOMBO,1.3776,value,2,18,1.3776
COP2122-050,,COMPUTER SCIENCE,Eastern University - Trincomalee Campus,GAMPAHA,1.2181,value,2,18,1.2181
COP2122-050,,COMPUTER SCIENCE,Eastern University - Trincomalee Campus,KALUTARA,1.2521,value,2,18,1.2521
COP2122-050,,COMPUTER SCIENCE,Eastern University - Trincomalee Campus,MATALE,0.9575,value,2,18,0.9575
COP2122-050,,COMPUTER SCIENCE,Eastern University - Trincomalee Campus,KANDY,,NQC,2,18,NQC
COP2122-050,,COMPUTER SCIENCE,Eastern University - Trincomalee Campus,NUWARA ELIYA,0.5758,value,2,18,0.5758
COP2122-050,,COMPUTER SCIENCE,Eastern University - Trincomalee Campus,GALLE,,NQC,2,18,NQC
COP2122-050,,COMPUTER SCIENCE,Eastern University - Trincomalee Campus,MATARA,,NQC,2,18,NQC
COP2122-050,,COMPUTER SCIENCE,Eastern University - Trincomalee Campus,HAMBANTOTA,,NQC,2,18,NQC
COP2122-050,,COMPUTER SCIENCE,Eastern University - Trincomalee Campus,JAFFNA,,NQC,2,18,NQC
COP2122-050,,COMPUTER SCIENCE,Eastern University - Trincomalee Campus,KILINOCHCHI,1.0441,value,2,18,1.0441
COP2122-050,,COMPUTER SCIENCE,Eastern University - Trincomalee Campus,MANNAR,0.5143,value,2,18,0.5143
COP2122-050,,COMPUTER SCIENCE,Eastern University - Trincomalee Campus,MULLAITIVU,0.5433,value,2,18,0.5433
COP2122-050,,COMPUTER SCIENCE,Eastern University - Trincomalee Campus,VAVUNIYA,0.6107,value,2,18,0.6107
COP2122-050,,COMPUTER SCIENCE,Eastern University - Trincomalee Campus,TRINCOMALEE,0.6438,value,2,18,0.6438
COP2122-050,,COMPUTER SCIENCE,Eastern University - Trincomalee Campus,BATTICALOA,1.0121,value,2,18,1.0121
COP2122-050,,COMPUTER SCIENCE,Eastern University - Trincomalee Campus,AMPARA,1.0274,value,2,18,1.0274
COP2122-050,,COMPUTER SCIENCE,Eastern University - Trincomalee Campus,PUTTALAM,0.7563,value,2,18,0.7563
COP2122-050,,COMPUTER SCIENCE,Eastern University - Trincomalee Campus,KURUNEGALA,,NQC,2,18,NQC
COP2122-050,,COMPUTER SCIENCE,Eastern University - Trincomalee Campus,ANURADHAPURA,0.9125,value,2,18,0.9125
COP2122-050,,COMPUTER SCIENCE,Eastern University - Trincomalee Campus,POLONNARUWA,0.6918,value,2,18,0.6918
COP2122-050,,COMPUTER SCIENCE,Eastern University - Trincomalee Campus,BADULLA,1.3494,value,2,18,1.3494
COP2122-050,,COMPUTER SCIENCE,Eastern University - Trincomalee Campus,MONARAGALA,0.7431,value,2,18,0.7431
COP2122-050,,COMPUTER SCIENCE,Eastern University - Trincomalee Campus,KEGALLE,,NQC,2,18,NQC
COP2122-050,,COMPUTER SCIENCE,Eastern University - Trincomalee Campus,RATNAPURA,0.7605,value,2,18,0.7605
COP2122-051,,COMPUTER SCIENCE,University of Sri Jayewardenepura,COLOMBO,1.5406,value,2,19,1.5406
COP2122-051,,COMPUTER SCIENCE,University of Sri Jayewardenepura,GAMPAHA,1.5421,value,2,19,1.5421
COP2122-051,,COMPUTER SCIENCE,University of Sri Jayewardenepura,KALUTARA,1.5588,value,2,19,1.5588
COP2122-051,,COMPUTER SCIENCE,University of Sri Jayewardenepura,MATALE,,NQC,2,19,NQC
COP2122-051,,COMPUTER SCIENCE,University of Sri Jayewardenepura,KANDY,1.5434,value,2,19,1.5434
COP2122-051,,COMPUTER SCIENCE,University of Sri Jayewardenepura,NUWARA ELIYA,,NQC,2,19,NQC
COP2122-051,,COMPUTER SCIENCE,University of Sri Jayewardenepura,GALLE,1.5405,value,2,19,1.5405
COP2122-051,,COMPUTER SCIENCE,University of Sri Jayewardenepura,MATARA,1.5399,value,2,19,1.5399
COP2122-051,,COMPUTER SCIENCE,University of Sri Jayewardenepura,HAMBANTOTA,1.5416,value,2,19,1.5416
COP2122-051,,COMPUTER SCIENCE,University of Sri Jayewardenepura,JAFFNA,1.5702,value,2,19,1.5702
COP2122-051,,COMPUTER SCIENCE,University of Sri Jayewardenepura,KILINOCHCHI,,NQC,2,19,NQC
COP2122-051,,COMPUTER SCIENCE,University of Sri Jayewardenepura,MANNAR,,NQC,2,19,NQC
COP2122-051,,COMPUTER SCIENCE,University of Sri Jayewardenepura,MULLAITIVU,,NQC,2,19,NQC
COP2122-051,,COMPUTER SCIENCE,University of Sri Jayewardenepura,VAVUNIYA,,NQC,2,19,NQC
COP2122-051,,COMPUTER SCIENCE,University of Sri Jayewardenepura,TRINCOMALEE,,NQC,2,19,NQC
COP2122-051,,COMPUTER SCIENCE,University of Sri Jayewardenepura,BATTICALOA,,NQC,2,19,NQC
COP2122-051,,COMPUTER SCIENCE,University of Sri Jayewardenepura,AMPARA,,NQC,2,19,NQC
COP2122-051,,COMPUTER SCIENCE,University of Sri Jayewardenepura,PUTTALAM,,NQC,2,19,NQC
COP2122-051,,COMPUTER SCIENCE,University of Sri Jayewardenepura,KURUNEGALA,1.5408,value,2,19,1.5408
COP2122-051,,COMPUTER SCIENCE,University of Sri Jayewardenepura,ANURADHAPURA,,NQC,2,19,NQC
COP2122-051,,COMPUTER SCIENCE,University of Sri Jayewardenepura,POLONNARUWA,,NQC,2,19,NQC
COP2122-051,,COMPUTER SCIENCE,University of Sri Jayewardenepura,BADULLA,,NQC,2,19,NQC
COP2122-051,,COMPUTER SCIENCE,University of Sri Jayewardenepura,MONARAGALA,,NQC,2,19,NQC
COP2122-051,,COMPUTER SCIENCE,University of Sri Jayewardenepura,KEGALLE,1.5406,value,2,19,1.5406
COP2122-051,,COMPUTER SCIENCE,University of Sri Jayewardenepura,RATNAPURA,1.6225,value,2,19,1.6225
COP2122-052,,PHYSICAL SCIENCE,University of Colombo,COLOMBO,1.3125,value,2,20,1.3125
COP2122-052,,PHYSICAL SCIENCE,University of Colombo,GAMPAHA,1.3211,value,2,20,1.3211
COP2122-052,,PHYSICAL SCIENCE,University of Colombo,KALUTARA,1.3232,value,2,20,1.3232
COP2122-052,,PHYSICAL SCIENCE,University of Colombo,MATALE,1.5311,value,2,20,1.5311
COP2122-052,,PHYSICAL SCIENCE,University of Colombo,KANDY,1.3178,value,2,20,1.3178
COP2122-052,,PHYSICAL SCIENCE,University of Colombo,NUWARA ELIYA,,NQC,2,20,NQC
COP2122-052,,PHYSICAL SCIENCE,University of Colombo,GALLE,1.3117,value,2,20,1.3117
COP2122-052,,PHYSICAL SCIENCE,University of Colombo,MATARA,1.3251,value,2,20,1.3251
COP2122-052,,PHYSICAL SCIENCE,University of Colombo,HAMBANTOTA,1.3213,value,2,20,1.3213
COP2122-052,,PHYSICAL SCIENCE,University of Colombo,JAFFNA,1.3920,value,2,20,1.3920
COP2122-052,,PHYSICAL SCIENCE,University of Colombo,KILINOCHCHI,,NQC,2,20,NQC
COP2122-052,,PHYSICAL SCIENCE,University of Colombo,MANNAR,,NQC,2,20,NQC
COP2122-052,,PHYSICAL SCIENCE,University of Colombo,MULLAITIVU,,NQC,2,20,NQC
COP2122-052,,PHYSICAL SCIENCE,University of Colombo,VAVUNIYA,,NQC,2,20,NQC
COP2122-052,,PHYSICAL SCIENCE,University of Colombo,TRINCOMALEE,,NQC,2,20,NQC
COP2122-052,,PHYSICAL SCIENCE,University of Colombo,BATTICALOA,,NQC,2,20,NQC
COP2122-052,,PHYSICAL SCIENCE,University of Colombo,AMPARA,,NQC,2,20,NQC
COP2122-052,,PHYSICAL SCIENCE,University of Colombo,PUTTALAM,1.7209,value,2,20,1.7209
COP2122-052,,PHYSICAL SCIENCE,University of Colombo,KURUNEGALA,1.3144,value,2,20,1.3144
COP2122-052,,PHYSICAL SCIENCE,University of Colombo,ANURADHAPURA,1.3141,value,2,20,1.3141
COP2122-052,,PHYSICAL SCIENCE,University of Colombo,POLONNARUWA,,NQC,2,20,NQC
COP2122-052,,PHYSICAL SCIENCE,University of Colombo,BADULLA,1.3180,value,2,20,1.3180
COP2122-052,,PHYSICAL SCIENCE,University of Colombo,MONARAGALA,,NQC,2,20,NQC
COP2122-052,,PHYSICAL SCIENCE,University of Colombo,KEGALLE,1.3206,value,2,20,1.3206
COP2122-052,,PHYSICAL SCIENCE,University of Colombo,RATNAPURA,1.3337,value,2,20,1.3337
COP2122-053,,PHYSICAL SCIENCE,University of Peradeniya,COLOMBO,1.2039,value,2,21,1.2039
COP2122-053,,PHYSICAL SCIENCE,University of Peradeniya,GAMPAHA,1.2051,value,2,21,1.2051
COP2122-053,,PHYSICAL SCIENCE,University of Peradeniya,KALUTARA,1.2060,value,2,21,1.2060
COP2122-053,,PHYSICAL SCIENCE,University of Peradeniya,MATALE,1.2341,value,2,21,1.2341
COP2122-053,,PHYSICAL SCIENCE,University of Peradeniya,KANDY,1.2056,value,2,21,1.2056
COP2122-053,,PHYSICAL SCIENCE,University of Peradeniya,NUWARA ELIYA,,NQC,2,21,NQC
COP2122-053,,PHYSICAL SCIENCE,University of Peradeniya,GALLE,1.2076,value,2,21,1.2076
COP2122-053,,PHYSICAL SCIENCE,University of Peradeniya,MATARA,1.2050,value,2,21,1.2050
COP2122-053,,PHYSICAL SCIENCE,University of Peradeniya,HAMBANTOTA,1.2103,value,2,21,1.2103
COP2122-053,,PHYSICAL SCIENCE,University of Peradeniya,JAFFNA,1.2579,value,2,21,1.2579
COP2122-053,,PHYSICAL SCIENCE,University of Peradeniya,KILINOCHCHI,,NQC,2,21,NQC
COP2122-053,,PHYSICAL SCIENCE,University of Peradeniya,MANNAR,,NQC,2,21,NQC
COP2122-053,,PHYSICAL SCIENCE,University of Peradeniya,MULLAITIVU,,NQC,2,21,NQC
COP2122-053,,PHYSICAL SCIENCE,University of Peradeniya,VAVUNIYA,,NQC,2,21,NQC
COP2122-053,,PHYSICAL SCIENCE,University of Peradeniya,TRINCOMALEE,,NQC,2,21,NQC
COP2122-053,,PHYSICAL SCIENCE,University of Peradeniya,BATTICALOA,1.2452,value,2,21,1.2452
COP2122-053,,PHYSICAL SCIENCE,University of Peradeniya,AMPARA,1.2397,value,2,21,1.2397
COP2122-053,,PHYSICAL SCIENCE,University of Peradeniya,PUTTALAM,1.2267,value,2,21,1.2267
COP2122-053,,PHYSICAL SCIENCE,University of Peradeniya,KURUNEGALA,1.2041,value,2,21,1.2041
COP2122-053,,PHYSICAL SCIENCE,University of Peradeniya,ANURADHAPURA,1.2215,value,2,21,1.2215
COP2122-053,,PHYSICAL SCIENCE,University of Peradeniya,POLONNARUWA,1.2186,value,2,21,1.2186
COP2122-053,,PHYSICAL SCIENCE,University of Peradeniya,BADULLA,1.2133,value,2,21,1.2133
COP2122-053,,PHYSICAL SCIENCE,University of Peradeniya,MONARAGALA,,NQC,2,21,NQC
COP2122-053,,PHYSICAL SCIENCE,University of Peradeniya,KEGALLE,1.2103,value,2,21,1.2103
COP2122-053,,PHYSICAL SCIENCE,University of Peradeniya,RATNAPURA,1.2080,value,2,21,1.2080
COP2122-054,,PHYSICAL SCIENCE,University of Sri Jayewardenepura,COLOMBO,1.1214,value,2,22,1.1214
COP2122-054,,PHYSICAL SCIENCE,University of Sri Jayewardenepura,GAMPAHA,1.1208,value,2,22,1.1208
COP2122-054,,PHYSICAL SCIENCE,University of Sri Jayewardenepura,KALUTARA,1.1209,value,2,22,1.1209
COP2122-054,,PHYSICAL SCIENCE,University of Sri Jayewardenepura,MATALE,,NQC,2,22,NQC
COP2122-054,,PHYSICAL SCIENCE,University of Sri Jayewardenepura,KANDY,1.1348,value,2,22,1.1348
COP2122-054,,PHYSICAL SCIENCE,University of Sri Jayewardenepura,NUWARA ELIYA,,NQC,2,22,NQC
COP2122-054,,PHYSICAL SCIENCE,University of Sri Jayewardenepura,GALLE,1.1282,value,2,22,1.1282
COP2122-054,,PHYSICAL SCIENCE,University of Sri Jayewardenepura,MATARA,1.1209,value,2,22,1.1209
COP2122-054,,PHYSICAL SCIENCE,University of Sri Jayewardenepura,HAMBANTOTA,1.1282,value,2,22,1.1282
COP2122-054,,PHYSICAL SCIENCE,University of Sri Jayewardenepura,JAFFNA,1.1264,value,2,22,1.1264
COP2122-054,,PHYSICAL SCIENCE,University of Sri Jayewardenepura,KILINOCHCHI,,NQC,2,22,NQC
COP2122-054,,PHYSICAL SCIENCE,University of Sri Jayewardenepura,MANNAR,,NQC,2,22,NQC
COP2122-054,,PHYSICAL SCIENCE,University of Sri Jayewardenepura,MULLAITIVU,,NQC,2,22,NQC
COP2122-054,,PHYSICAL SCIENCE,University of Sri Jayewardenepura,VAVUNIYA,,NQC,2,22,NQC
COP2122-054,,PHYSICAL SCIENCE,University of Sri Jayewardenepura,TRINCOMALEE,,NQC,2,22,NQC
COP2122-054,,PHYSICAL SCIENCE,University of Sri Jayewardenepura,BATTICALOA,1.1447,value,2,22,1.1447
COP2122-054,,PHYSICAL SCIENCE,University of Sri Jayewardenepura,AMPARA,,NQC,2,22,NQC
COP2122-054,,PHYSICAL SCIENCE,University of Sri Jayewardenepura,PUTTALAM,1.1373,value,2,22,1.1373
COP2122-054,,PHYSICAL SCIENCE,University of Sri Jayewardenepura,KURUNEGALA,1.1306,value,2,22,1.1306
COP2122-054,,PHYSICAL SCIENCE,University of Sri Jayewardenepura,ANURADHAPURA,,NQC,2,22,NQC
COP2122-054,,PHYSICAL SCIENCE,University of Sri Jayewardenepura,POLONNARUWA,,NQC,2,22,NQC
COP2122-054,,PHYSICAL SCIENCE,University of Sri Jayewardenepura,BADULLA,1.1325,value,2,22,1.1325
COP2122-054,,PHYSICAL SCIENCE,University of Sri Jayewardenepura,MONARAGALA,1.1448,value,2,22,1.1448
COP2122-054,,PHYSICAL SCIENCE,University of Sri Jayewardenepura,KEGALLE,1.1324,value,2,22,1.1324
COP2122-054,,PHYSICAL SCIENCE,University of Sri Jayewardenepura,RATNAPURA,1.1293,value,2,22,1.1293
COP2122-055,,PHYSICAL SCIENCE,University of Kelaniya,COLOMBO,1.0119,value,2,23,1.0119
COP2122-055,,PHYSICAL SCIENCE,University of Kelaniya,GAMPAHA,1.0149,value,2,23,1.0149
COP2122-055,,PHYSICAL SCIENCE,University of Kelaniya,KALUTARA,1.0114,value,2,23,1.0114
COP2122-055,,PHYSICAL SCIENCE,University of Kelaniya,MATALE,1.0258,value,2,23,1.0258
COP2122-055,,PHYSICAL SCIENCE,University of Kelaniya,KANDY,1.0120,value,2,23,1.0120
COP2122-055,,PHYSICAL SCIENCE,University of Kelaniya,NUWARA ELIYA,,NQC,2,23,NQC
COP2122-055,,PHYSICAL SCIENCE,University of Kelaniya,GALLE,1.0156,value,2,23,1.0156
COP2122-055,,PHYSICAL SCIENCE,University of Kelaniya,MATARA,1.0118,value,2,23,1.0118
COP2122-055,,PHYSICAL SCIENCE,University of Kelaniya,HAMBANTOTA,1.0249,value,2,23,1.0249
COP2122-055,,PHYSICAL SCIENCE,University of Kelaniya,JAFFNA,1.0270,value,2,23,1.0270
COP2122-055,,PHYSICAL SCIENCE,University of Kelaniya,KILINOCHCHI,1.0433,value,2,23,1.0433
COP2122-055,,PHYSICAL SCIENCE,University of Kelaniya,MANNAR,,NQC,2,23,NQC
COP2122-055,,PHYSICAL SCIENCE,University of Kelaniya,MULLAITIVU,,NQC,2,23,NQC
COP2122-055,,PHYSICAL SCIENCE,University of Kelaniya,VAVUNIYA,,NQC,2,23,NQC
COP2122-055,,PHYSICAL SCIENCE,University of Kelaniya,TRINCOMALEE,,NQC,2,23,NQC
COP2122-055,,PHYSICAL SCIENCE,University of Kelaniya,BATTICALOA,1.0694,value,2,23,1.0694
COP2122-055,,PHYSICAL SCIENCE,University of Kelaniya,AMPARA,1.0163,value,2,23,1.0163
COP2122-055,,PHYSICAL SCIENCE,University of Kelaniya,PUTTALAM,,NQC,2,23,NQC
COP2122-055,,PHYSICAL SCIENCE,University of Kelaniya,KURUNEGALA,1.0144,value,2,23,1.0144
COP2122-055,,PHYSICAL SCIENCE,University of Kelaniya,ANURADHAPURA,1.0118,value,2,23,1.0118
COP2122-055,,PHYSICAL SCIENCE,University of Kelaniya,POLONNARUWA,1.0240,value,2,23,1.0240
COP2122-055,,PHYSICAL SCIENCE,University of Kelaniya,BADULLA,1.0315,value,2,23,1.0315
COP2122-055,,PHYSICAL SCIENCE,University of Kelaniya,MONARAGALA,1.0516,value,2,23,1.0516
COP2122-055,,PHYSICAL SCIENCE,University of Kelaniya,KEGALLE,1.0157,value,2,23,1.0157
COP2122-055,,PHYSICAL SCIENCE,University of Kelaniya,RATNAPURA,1.0208,value,2,23,1.0208
COP2122-056,,PHYSICAL SCIENCE,University of Jaffna,COLOMBO,0.8342,value,2,24,0.8342
COP2122-056,,PHYSICAL SCIENCE,University of Jaffna,GAMPAHA,0.7551,value,2,24,0.7551
COP2122-056,,PHYSICAL SCIENCE,University of Jaffna,KALUTARA,0.8430,value,2,24,0.8430
COP2122-056,,PHYSICAL SCIENCE,University of Jaffna,MATALE,0.6861,value,2,24,0.6861
COP2122-056,,PHYSICAL SCIENCE,University of Jaffna,KANDY,0.7715,value,2,24,0.7715
COP2122-056,,PHYSICAL SCIENCE,University of Jaffna,NUWARA ELIYA,0.7215,value,2,24,0.7215
COP2122-056,,PHYSICAL SCIENCE,University of Jaffna,GALLE,0.8888,value,2,24,0.8888
COP2122-056,,PHYSICAL SCIENCE,University of Jaffna,MATARA,0.9951,value,2,24,0.9951
COP2122-056,,PHYSICAL SCIENCE,University of Jaffna,HAMBANTOTA,0.7785,value,2,24,0.7785
COP2122-056,,PHYSICAL SCIENCE,University of Jaffna,JAFFNA,0.7778,value,2,24,0.7778
COP2122-056,,PHYSICAL SCIENCE,University of Jaffna,KILINOCHCHI,0.7627,value,2,24,0.7627
COP2122-056,,PHYSICAL SCIENCE,University of Jaffna,MANNAR,,NQC,2,24,NQC
COP2122-056,,PHYSICAL SCIENCE,University of Jaffna,MULLAITIVU,,NQC,2,24,NQC
COP2122-056,,PHYSICAL SCIENCE,University of Jaffna,VAVUNIYA,0.7015,value,2,24,0.7015
COP2122-056,,PHYSICAL SCIENCE,University of Jaffna,TRINCOMALEE,0.6945,value,2,24,0.6945
COP2122-056,,PHYSICAL SCIENCE,University of Jaffna,BATTICALOA,0.7211,value,2,24,0.7211
COP2122-056,,PHYSICAL SCIENCE,University of Jaffna,AMPARA,0.7198,value,2,24,0.7198
COP2122-056,,PHYSICAL SCIENCE,University of Jaffna,PUTTALAM,0.6962,value,2,24,0.6962
COP2122-056,,PHYSICAL SCIENCE,University of Jaffna,KURUNEGALA,0.8638,value,2,24,0.8638
COP2122-056,,PHYSICAL SCIENCE,University of Jaffna,ANURADHAPURA,0.6848,value,2,24,0.6848
COP2122-056,,PHYSICAL SCIENCE,University of Jaffna,POLONNARUWA,0.7219,value,2,24,0.7219
COP2122-056,,PHYSICAL SCIENCE,University of Jaffna,BADULLA,0.7495,value,2,24,0.7495
COP2122-056,,PHYSICAL SCIENCE,University of Jaffna,MONARAGALA,0.7024,value,2,24,0.7024
COP2122-056,,PHYSICAL SCIENCE,University of Jaffna,KEGALLE,0.9253,value,2,24,0.9253
COP2122-056,,PHYSICAL SCIENCE,University of Jaffna,RATNAPURA,0.6900,value,2,24,0.6900
COP2122-057,,PHYSICAL SCIENCE,University of Ruhuna,COLOMBO,0.9337,value,2,25,0.9337
COP2122-057,,PHYSICAL SCIENCE,University of Ruhuna,GAMPAHA,0.9362,value,2,25,0.9362
COP2122-057,,PHYSICAL SCIENCE,University of Ruhuna,KALUTARA,0.9315,value,2,25,0.9315
COP2122-057,,PHYSICAL SCIENCE,University of Ruhuna,MATALE,0.9426,value,2,25,0.9426
COP2122-057,,PHYSICAL SCIENCE,University of Ruhuna,KANDY,0.9366,value,2,25,0.9366
COP2122-057,,PHYSICAL SCIENCE,University of Ruhuna,NUWARA ELIYA,0.9413,value,2,25,0.9413
COP2122-057,,PHYSICAL SCIENCE,University of Ruhuna,GALLE,0.9323,value,2,25,0.9323
COP2122-057,,PHYSICAL SCIENCE,University of Ruhuna,MATARA,0.9615,value,2,25,0.9615
COP2122-057,,PHYSICAL SCIENCE,University of Ruhuna,HAMBANTOTA,0.9340,value,2,25,0.9340
COP2122-057,,PHYSICAL SCIENCE,University of Ruhuna,JAFFNA,0.9539,value,2,25,0.9539
COP2122-057,,PHYSICAL SCIENCE,University of Ruhuna,KILINOCHCHI,0.9343,value,2,25,0.9343
COP2122-057,,PHYSICAL SCIENCE,University of Ruhuna,MANNAR,,NQC,2,25,NQC
COP2122-057,,PHYSICAL SCIENCE,University of Ruhuna,MULLAITIVU,,NQC,2,25,NQC
COP2122-057,,PHYSICAL SCIENCE,University of Ruhuna,VAVUNIYA,0.9689,value,2,25,0.9689
COP2122-057,,PHYSICAL SCIENCE,University of Ruhuna,TRINCOMALEE,,NQC,2,25,NQC
COP2122-057,,PHYSICAL SCIENCE,University of Ruhuna,BATTICALOA,0.9421,value,2,25,0.9421
COP2122-057,,PHYSICAL SCIENCE,University of Ruhuna,AMPARA,0.9618,value,2,25,0.9618
COP2122-057,,PHYSICAL SCIENCE,University of Ruhuna,PUTTALAM,0.9795,value,2,25,0.9795
COP2122-057,,PHYSICAL SCIENCE,University of Ruhuna,KURUNEGALA,0.9331,value,2,25,0.9331
COP2122-057,,PHYSICAL SCIENCE,University of Ruhuna,ANURADHAPURA,0.9339,value,2,25,0.9339
COP2122-057,,PHYSICAL SCIENCE,University of Ruhuna,POLONNARUWA,,NQC,2,25,NQC
COP2122-057,,PHYSICAL SCIENCE,University of Ruhuna,BADULLA,0.9413,value,2,25,0.9413
COP2122-057,,PHYSICAL SCIENCE,University of Ruhuna,MONARAGALA,0.9386,value,2,25,0.9386
COP2122-057,,PHYSICAL SCIENCE,University of Ruhuna,KEGALLE,0.9385,value,2,25,0.9385
COP2122-057,,PHYSICAL SCIENCE,University of Ruhuna,RATNAPURA,0.9333,value,2,25,0.9333
COP2122-058,,PHYSICAL SCIENCE,"Eastern University, Sri Lanka",COLOMBO,0.8325,value,2,26,0.8325
COP2122-058,,PHYSICAL SCIENCE,"Eastern University, Sri Lanka",GAMPAHA,0.8174,value,2,26,0.8174
COP2122-058,,PHYSICAL SCIENCE,"Eastern University, Sri Lanka",KALUTARA,0.8346,value,2,26,0.8346
COP2122-058,,PHYSICAL SCIENCE,"Eastern University, Sri Lanka",MATALE,0.5816,value,2,26,0.5816
COP2122-058,,PHYSICAL SCIENCE,"Eastern University, Sri Lanka",KANDY,0.7689,value,2,26,0.7689
COP2122-058,,PHYSICAL SCIENCE,"Eastern University, Sri Lanka",NUWARA ELIYA,0.4292,value,2,26,0.4292
COP2122-058,,PHYSICAL SCIENCE,"Eastern University, Sri Lanka",GALLE,,NQC,2,26,NQC
COP2122-058,,PHYSICAL SCIENCE,"Eastern University, Sri Lanka",MATARA,0.9617,value,2,26,0.9617
COP2122-058,,PHYSICAL SCIENCE,"Eastern University, Sri Lanka",HAMBANTOTA,0.8211,value,2,26,0.8211
COP2122-058,,PHYSICAL SCIENCE,"Eastern University, Sri Lanka",JAFFNA,0.8052,value,2,26,0.8052
COP2122-058,,PHYSICAL SCIENCE,"Eastern University, Sri Lanka",KILINOCHCHI,0.6012,value,2,26,0.6012
COP2122-058,,PHYSICAL SCIENCE,"Eastern University, Sri Lanka",MANNAR,,NQC,2,26,NQC
COP2122-058,,PHYSICAL SCIENCE,"Eastern University, Sri Lanka",MULLAITIVU,0.4528,value,2,26,0.4528
COP2122-058,,PHYSICAL SCIENCE,"Eastern University, Sri Lanka",VAVUNIYA,0.4523,value,2,26,0.4523
COP2122-058,,PHYSICAL SCIENCE,"Eastern University, Sri Lanka",TRINCOMALEE,0.4447,value,2,26,0.4447
COP2122-058,,PHYSICAL SCIENCE,"Eastern University, Sri Lanka",BATTICALOA,0.4464,value,2,26,0.4464
COP2122-058,,PHYSICAL SCIENCE,"Eastern University, Sri Lanka",AMPARA,0.6413,value,2,26,0.6413
COP2122-058,,PHYSICAL SCIENCE,"Eastern University, Sri Lanka",PUTTALAM,0.4649,value,2,26,0.4649
COP2122-058,,PHYSICAL SCIENCE,"Eastern University, Sri Lanka",KURUNEGALA,0.8743,value,2,26,0.8743
COP2122-058,,PHYSICAL SCIENCE,"Eastern University, Sri Lanka",ANURADHAPURA,0.5559,value,2,26,0.5559
COP2122-058,,PHYSICAL SCIENCE,"Eastern University, Sri Lanka",POLONNARUWA,0.4336,value,2,26,0.4336
COP2122-058,,PHYSICAL SCIENCE,"Eastern University, Sri Lanka",BADULLA,0.7997,value,2,26,0.7997
COP2122-058,,PHYSICAL SCIENCE,"Eastern University, Sri Lanka",MONARAGALA,0.5323,value,2,26,0.5323
COP2122-058,,PHYSICAL SCIENCE,"Eastern University, Sri Lanka",KEGALLE,,NQC,2,26,NQC
COP2122-058,,PHYSICAL SCIENCE,"Eastern University, Sri Lanka",RATNAPURA,0.5665,value,2,26,0.5665
COP2122-059,,PHYSICAL SCIENCE,South Eastern University of Sri Lanka,COLOMBO,0.8762,value,2,27,0.8762
COP2122-059,,PHYSICAL SCIENCE,South Eastern University of Sri Lanka,GAMPAHA,0.7607,value,2,27,0.7607
COP2122-059,,PHYSICAL SCIENCE,South Eastern University of Sri Lanka,KALUTARA,0.8280,value,2,27,0.8280
COP2122-059,,PHYSICAL SCIENCE,South Eastern University of Sri Lanka,MATALE,0.5710,value,2,27,0.5710
COP2122-059,,PHYSICAL SCIENCE,South Eastern University of Sri Lanka,KANDY,0.7916,value,2,27,0.7916
COP2122-059,,PHYSICAL SCIENCE,South Eastern University of Sri Lanka,NUWARA ELIYA,0.2757,value,2,27,0.2757
COP2122-059,,PHYSICAL SCIENCE,South Eastern University of Sri Lanka,GALLE,0.9263,value,2,27,0.9263
COP2122-059,,PHYSICAL SCIENCE,South Eastern University of Sri Lanka,MATARA,,NQC,2,27,NQC
COP2122-059,,PHYSICAL SCIENCE,South Eastern University of Sri Lanka,HAMBANTOTA,0.7259,value,2,27,0.7259
COP2122-059,,PHYSICAL SCIENCE,South Eastern University of Sri Lanka,JAFFNA,,NQC,2,27,NQC
COP2122-059,,PHYSICAL SCIENCE,South Eastern University of Sri Lanka,KILINOCHCHI,0.6590,value,2,27,0.6590
COP2122-059,,PHYSICAL SCIENCE,South Eastern University of Sri Lanka,MANNAR,-0.0549,value,2,27,-0.0549
COP2122-059,,PHYSICAL SCIENCE,South Eastern University of Sri Lanka,MULLAITIVU,0.2124,value,2,27,0.2124
COP2122-059,,PHYSICAL SCIENCE,South Eastern University of Sri Lanka,VAVUNIYA,0.2170,value,2,27,0.2170
COP2122-059,,PHYSICAL SCIENCE,South Eastern University of Sri Lanka,TRINCOMALEE,0.3274,value,2,27,0.3274
COP2122-059,,PHYSICAL SCIENCE,South Eastern University of Sri Lanka,BATTICALOA,0.5855,value,2,27,0.5855
COP2122-059,,PHYSICAL SCIENCE,South Eastern University of Sri Lanka,AMPARA,0.6366,value,2,27,0.6366
COP2122-059,,PHYSICAL SCIENCE,South Eastern University of Sri Lanka,PUTTALAM,0.3965,value,2,27,0.3965
COP2122-059,,PHYSICAL SCIENCE,South Eastern University of Sri Lanka,KURUNEGALA,0.8745,value,2,27,0.8745
COP2122-059,,PHYSICAL SCIENCE,South Eastern University of Sri Lanka,ANURADHAPURA,0.5643,value,2,27,0.5643
COP2122-059,,PHYSICAL SCIENCE,South Eastern University of Sri Lanka,POLONNARUWA,0.4573,value,2,27,0.4573
COP2122-059,,PHYSICAL SCIENCE,South Eastern University of Sri Lanka,BADULLA,0.7468,value,2,27,0.7468
COP2122-059,,PHYSICAL SCIENCE,South Eastern University of Sri Lanka,MONARAGALA,0.5809,value,2,27,0.5809
COP2122-059,,PHYSICAL SCIENCE,South Eastern University of Sri Lanka,KEGALLE,0.9213,value,2,27,0.9213
COP2122-059,,PHYSICAL SCIENCE,South Eastern University of Sri Lanka,RATNAPURA,0.5615,value,2,27,0.5615
COP2122-060,,SURVEYING SCIENCE,Sabaragamuwa University of Sri Lanka,COLOMBO,1.0020,value,2,28,1.0020
COP2122-060,,SURVEYING SCIENCE,Sabaragamuwa University of Sri Lanka,GAMPAHA,1.0268,value,2,28,1.0268
COP2122-060,,SURVEYING SCIENCE,Sabaragamuwa University of Sri Lanka,KALUTARA,1.2658,value,2,28,1.2658
COP2122-060,,SURVEYING SCIENCE,Sabaragamuwa University of Sri Lanka,MATALE,0.9429,value,2,28,0.9429
COP2122-060,,SURVEYING SCIENCE,Sabaragamuwa University of Sri Lanka,KANDY,0.9669,value,2,28,0.9669
COP2122-060,,SURVEYING SCIENCE,Sabaragamuwa University of Sri Lanka,NUWARA ELIYA,0.8777,value,2,28,0.8777
COP2122-060,,SURVEYING SCIENCE,Sabaragamuwa University of Sri Lanka,GALLE,1.2342,value,2,28,1.2342
COP2122-060,,SURVEYING SCIENCE,Sabaragamuwa University of Sri Lanka,MATARA,1.2406,value,2,28,1.2406
COP2122-060,,SURVEYING SCIENCE,Sabaragamuwa University of Sri Lanka,HAMBANTOTA,1.2864,value,2,28,1.2864
COP2122-060,,SURVEYING SCIENCE,Sabaragamuwa University of Sri Lanka,JAFFNA,1.2887,value,2,28,1.2887
COP2122-060,,SURVEYING SCIENCE,Sabaragamuwa University of Sri Lanka,KILINOCHCHI,1.1850,value,2,28,1.1850
COP2122-060,,SURVEYING SCIENCE,Sabaragamuwa University of Sri Lanka,MANNAR,0.7668,value,2,28,0.7668
COP2122-060,,SURVEYING SCIENCE,Sabaragamuwa University of Sri Lanka,MULLAITIVU,0.9119,value,2,28,0.9119
COP2122-060,,SURVEYING SCIENCE,Sabaragamuwa University of Sri Lanka,VAVUNIYA,1.0034,value,2,28,1.0034
COP2122-060,,SURVEYING SCIENCE,Sabaragamuwa University of Sri Lanka,TRINCOMALEE,1.1073,value,2,28,1.1073
COP2122-060,,SURVEYING SCIENCE,Sabaragamuwa University of Sri Lanka,BATTICALOA,1.1299,value,2,28,1.1299
COP2122-060,,SURVEYING SCIENCE,Sabaragamuwa University of Sri Lanka,AMPARA,1.1098,value,2,28,1.1098
COP2122-060,,SURVEYING SCIENCE,Sabaragamuwa University of Sri Lanka,PUTTALAM,0.8383,value,2,28,0.8383
COP2122-060,,SURVEYING SCIENCE,Sabaragamuwa University of Sri Lanka,KURUNEGALA,1.1901,value,2,28,1.1901
COP2122-060,,SURVEYING SCIENCE,Sabaragamuwa University of Sri Lanka,ANURADHAPURA,1.0576,value,2,28,1.0576
COP2122-060,,SURVEYING SCIENCE,Sabaragamuwa University of Sri Lanka,POLONNARUWA,0.9410,value,2,28,0.9410
COP2122-060,,SURVEYING SCIENCE,Sabaragamuwa University of Sri Lanka,BADULLA,1.2523,value,2,28,1.2523
COP2122-060,,SURVEYING SCIENCE,Sabaragamuwa University of Sri Lanka,MONARAGALA,1.0834,value,2,28,1.0834
COP2122-060,,SURVEYING SCIENCE,Sabaragamuwa University of Sri Lanka,KEGALLE,1.2485,value,2,28,1.2485
COP2122-060,,SURVEYING SCIENCE,Sabaragamuwa University of Sri Lanka,RATNAPURA,1.1879,value,2,28,1.1879
COP2122-061,,APPLIED SCIENCES (PHY.SC),Rajarata University of Sri Lanka,COLOMBO,0.7898,value,2,29,0.7898
COP2122-061,,APPLIED SCIENCES (PHY.SC),Rajarata University of Sri Lanka,GAMPAHA,0.7977,value,2,29,0.7977
COP2122-061,,APPLIED SCIENCES (PHY.SC),Rajarata University of Sri Lanka,KALUTARA,0.7906,value,2,29,0.7906
COP2122-061,,APPLIED SCIENCES (PHY.SC),Rajarata University of Sri Lanka,MATALE,0.8192,value,2,29,0.8192
COP2122-061,,APPLIED SCIENCES (PHY.SC),Rajarata University of Sri Lanka,KANDY,0.8161,value,2,29,0.8161
COP2122-061,,APPLIED SCIENCES (PHY.SC),Rajarata University of Sri Lanka,NUWARA ELIYA,0.9832,value,2,29,0.9832
COP2122-061,,APPLIED SCIENCES (PHY.SC),Rajarata University of Sri Lanka,GALLE,0.8100,value,2,29,0.8100
COP2122-061,,APPLIED SCIENCES (PHY.SC),Rajarata University of Sri Lanka,MATARA,0.7992,value,2,29,0.7992
COP2122-061,,APPLIED SCIENCES (PHY.SC),Rajarata University of Sri Lanka,HAMBANTOTA,0.7946,value,2,29,0.7946
COP2122-061,,APPLIED SCIENCES (PHY.SC),Rajarata University of Sri Lanka,JAFFNA,0.7921,value,2,29,0.7921
COP2122-061,,APPLIED SCIENCES (PHY.SC),Rajarata University of Sri Lanka,KILINOCHCHI,,NQC,2,29,NQC
COP2122-061,,APPLIED SCIENCES (PHY.SC),Rajarata University of Sri Lanka,MANNAR,,NQC,2,29,NQC
COP2122-061,,APPLIED SCIENCES (PHY.SC),Rajarata University of Sri Lanka,MULLAITIVU,,NQC,2,29,NQC
COP2122-061,,APPLIED SCIENCES (PHY.SC),Rajarata University of Sri Lanka,VAVUNIYA,,NQC,2,29,NQC
COP2122-061,,APPLIED SCIENCES (PHY.SC),Rajarata University of Sri Lanka,TRINCOMALEE,,NQC,2,29,NQC
COP2122-061,,APPLIED SCIENCES (PHY.SC),Rajarata University of Sri Lanka,BATTICALOA,0.8449,value,2,29,0.8449
COP2122-061,,APPLIED SCIENCES (PHY.SC),Rajarata University of Sri Lanka,AMPARA,0.8068,value,2,29,0.8068
COP2122-061,,APPLIED SCIENCES (PHY.SC),Rajarata University of Sri Lanka,PUTTALAM,,NQC,2,29,NQC
COP2122-061,,APPLIED SCIENCES (PHY.SC),Rajarata University of Sri Lanka,KURUNEGALA,0.7895,value,2,29,0.7895
COP2122-061,,APPLIED SCIENCES (PHY.SC),Rajarata University of Sri Lanka,ANURADHAPURA,0.8514,value,2,29,0.8514
COP2122-061,,APPLIED SCIENCES (PHY.SC),Rajarata University of Sri Lanka,POLONNARUWA,,NQC,2,29,NQC
COP2122-061,,APPLIED SCIENCES (PHY.SC),Rajarata University of Sri Lanka,BADULLA,0.8098,value,2,29,0.8098
COP2122-061,,APPLIED SCIENCES (PHY.SC),Rajarata University of Sri Lanka,MONARAGALA,0.8475,value,2,29,0.8475
COP2122-061,,APPLIED SCIENCES (PHY.SC),Rajarata University of Sri Lanka,KEGALLE,0.7947,value,2,29,0.7947
COP2122-061,,APPLIED SCIENCES (PHY.SC),Rajarata University of Sri Lanka,RATNAPURA,0.7991,value,2,29,0.7991
COP2122-062,,APPLIED SCIENCES (PHY.SC),Sabaragamuwa University of Sri Lanka,COLOMBO,0.8779,value,2,30,0.8779
COP2122-062,,APPLIED SCIENCES (PHY.SC),Sabaragamuwa University of Sri Lanka,GAMPAHA,0.8973,value,2,30,0.8973
COP2122-062,,APPLIED SCIENCES (PHY.SC),Sabaragamuwa University of Sri Lanka,KALUTARA,0.8834,value,2,30,0.8834
COP2122-062,,APPLIED SCIENCES (PHY.SC),Sabaragamuwa University of Sri Lanka,MATALE,,NQC,2,30,NQC
COP2122-062,,APPLIED SCIENCES (PHY.SC),Sabaragamuwa University of Sri Lanka,KANDY,0.9221,value,2,30,0.9221
COP2122-062,,APPLIED SCIENCES (PHY.SC),Sabaragamuwa University of Sri Lanka,NUWARA ELIYA,,NQC,2,30,NQC
COP2122-062,,APPLIED SCIENCES (PHY.SC),Sabaragamuwa University of Sri Lanka,GALLE,0.8779,value,2,30,0.8779
COP2122-062,,APPLIED SCIENCES (PHY.SC),Sabaragamuwa University of Sri Lanka,MATARA,0.8843,value,2,30,0.8843
COP2122-062,,APPLIED SCIENCES (PHY.SC),Sabaragamuwa University of Sri Lanka,HAMBANTOTA,0.8779,value,2,30,0.8779
COP2122-062,,APPLIED SCIENCES (PHY.SC),Sabaragamuwa University of Sri Lanka,JAFFNA,0.9464,value,2,30,0.9464
COP2122-062,,APPLIED SCIENCES (PHY.SC),Sabaragamuwa University of Sri Lanka,KILINOCHCHI,,NQC,2,30,NQC
COP2122-062,,APPLIED SCIENCES (PHY.SC),Sabaragamuwa University of Sri Lanka,MANNAR,,NQC,2,30,NQC
COP2122-062,,APPLIED SCIENCES (PHY.SC),Sabaragamuwa University of Sri Lanka,MULLAITIVU,,NQC,2,30,NQC
COP2122-062,,APPLIED SCIENCES (PHY.SC),Sabaragamuwa University of Sri Lanka,VAVUNIYA,,NQC,2,30,NQC
COP2122-062,,APPLIED SCIENCES (PHY.SC),Sabaragamuwa University of Sri Lanka,TRINCOMALEE,,NQC,2,30,NQC
COP2122-062,,APPLIED SCIENCES (PHY.SC),Sabaragamuwa University of Sri Lanka,BATTICALOA,,NQC,2,30,NQC
COP2122-062,,APPLIED SCIENCES (PHY.SC),Sabaragamuwa University of Sri Lanka,AMPARA,,NQC,2,30,NQC
COP2122-062,,APPLIED SCIENCES (PHY.SC),Sabaragamuwa University of Sri Lanka,PUTTALAM,,NQC,2,30,NQC
COP2122-062,,APPLIED SCIENCES (PHY.SC),Sabaragamuwa University of Sri Lanka,KURUNEGALA,0.8880,value,2,30,0.8880
COP2122-062,,APPLIED SCIENCES (PHY.SC),Sabaragamuwa University of Sri Lanka,ANURADHAPURA,0.8801,value,2,30,0.8801
COP2122-062,,APPLIED SCIENCES (PHY.SC),Sabaragamuwa University of Sri Lanka,POLONNARUWA,,NQC,2,30,NQC
COP2122-062,,APPLIED SCIENCES (PHY.SC),Sabaragamuwa University of Sri Lanka,BADULLA,0.9300,value,2,30,0.9300
COP2122-062,,APPLIED SCIENCES (PHY.SC),Sabaragamuwa University of Sri Lanka,MONARAGALA,,NQC,2,30,NQC
COP2122-062,,APPLIED SCIENCES (PHY.SC),Sabaragamuwa University of Sri Lanka,KEGALLE,0.9068,value,2,30,0.9068
COP2122-062,,APPLIED SCIENCES (PHY.SC),Sabaragamuwa University of Sri Lanka,RATNAPURA,0.8859,value,2,30,0.8859
COP2122-063,,APPLIED SCIENCES (PHY.SC),Wayamba University of Sri Lanka,COLOMBO,0.7477,value,2,31,0.7477
COP2122-063,,APPLIED SCIENCES (PHY.SC),Wayamba University of Sri Lanka,GAMPAHA,0.7455,value,2,31,0.7455
COP2122-063,,APPLIED SCIENCES (PHY.SC),Wayamba University of Sri Lanka,KALUTARA,0.7560,value,2,31,0.7560
COP2122-063,,APPLIED SCIENCES (PHY.SC),Wayamba University of Sri Lanka,MATALE,0.7686,value,2,31,0.7686
COP2122-063,,APPLIED SCIENCES (PHY.SC),Wayamba University of Sri Lanka,KANDY,0.7461,value,2,31,0.7461
COP2122-063,,APPLIED SCIENCES (PHY.SC),Wayamba University of Sri Lanka,NUWARA ELIYA,,NQC,2,31,NQC
COP2122-063,,APPLIED SCIENCES (PHY.SC),Wayamba University of Sri Lanka,GALLE,0.7548,value,2,31,0.7548
COP2122-063,,APPLIED SCIENCES (PHY.SC),Wayamba University of Sri Lanka,MATARA,0.7815,value,2,31,0.7815
COP2122-063,,APPLIED SCIENCES (PHY.SC),Wayamba University of Sri Lanka,HAMBANTOTA,0.7498,value,2,31,0.7498
COP2122-063,,APPLIED SCIENCES (PHY.SC),Wayamba University of Sri Lanka,JAFFNA,0.7628,value,2,31,0.7628
COP2122-063,,APPLIED SCIENCES (PHY.SC),Wayamba University of Sri Lanka,KILINOCHCHI,,NQC,2,31,NQC
COP2122-063,,APPLIED SCIENCES (PHY.SC),Wayamba University of Sri Lanka,MANNAR,,NQC,2,31,NQC
COP2122-063,,APPLIED SCIENCES (PHY.SC),Wayamba University of Sri Lanka,MULLAITIVU,,NQC,2,31,NQC
COP2122-063,,APPLIED SCIENCES (PHY.SC),Wayamba University of Sri Lanka,VAVUNIYA,,NQC,2,31,NQC
COP2122-063,,APPLIED SCIENCES (PHY.SC),Wayamba University of Sri Lanka,TRINCOMALEE,,NQC,2,31,NQC
COP2122-063,,APPLIED SCIENCES (PHY.SC),Wayamba University of Sri Lanka,BATTICALOA,,NQC,2,31,NQC
COP2122-063,,APPLIED SCIENCES (PHY.SC),Wayamba University of Sri Lanka,AMPARA,0.7502,value,2,31,0.7502
COP2122-063,,APPLIED SCIENCES (PHY.SC),Wayamba University of Sri Lanka,PUTTALAM,0.8356,value,2,31,0.8356
COP2122-063,,APPLIED SCIENCES (PHY.SC),Wayamba University of Sri Lanka,KURUNEGALA,0.7475,value,2,31,0.7475
COP2122-063,,APPLIED SCIENCES (PHY.SC),Wayamba University of Sri Lanka,ANURADHAPURA,0.8023,value,2,31,0.8023
COP2122-063,,APPLIED SCIENCES (PHY.SC),Wayamba University of Sri Lanka,POLONNARUWA,,NQC,2,31,NQC
COP2122-063,,APPLIED SCIENCES (PHY.SC),Wayamba University of Sri Lanka,BADULLA,0.8348,value,2,31,0.8348
COP2122-063,,APPLIED SCIENCES (PHY.SC),Wayamba University of Sri Lanka,MONARAGALA,1.0368,value,2,31,1.0368
COP2122-063,,APPLIED SCIENCES (PHY.SC),Wayamba University of Sri Lanka,KEGALLE,0.7616,value,2,31,0.7616
COP2122-063,,APPLIED SCIENCES (PHY.SC),Wayamba University of Sri Lanka,RATNAPURA,0.7523,value,2,31,0.7523
COP2122-064,,APPLIED SCIENCES (PHY.SC),"University of Vavuniya, Sri Lanka",COLOMBO,0.7425,value,2,32,0.7425
COP2122-064,,APPLIED SCIENCES (PHY.SC),"University of Vavuniya, Sri Lanka",GAMPAHA,0.7223,value,2,32,0.7223
COP2122-064,,APPLIED SCIENCES (PHY.SC),"University of Vavuniya, Sri Lanka",KALUTARA,,NQC,2,32,NQC
COP2122-064,,APPLIED SCIENCES (PHY.SC),"University of Vavuniya, Sri Lanka",MATALE,0.5330,value,2,32,0.5330
COP2122-064,,APPLIED SCIENCES (PHY.SC),"University of Vavuniya, Sri Lanka",KANDY,0.7200,value,2,32,0.7200
COP2122-064,,APPLIED SCIENCES (PHY.SC),"University of Vavuniya, Sri Lanka",NUWARA ELIYA,,NQC,2,32,NQC
COP2122-064,,APPLIED SCIENCES (PHY.SC),"University of Vavuniya, Sri Lanka",GALLE,0.7330,value,2,32,0.7330
COP2122-064,,APPLIED SCIENCES (PHY.SC),"University of Vavuniya, Sri Lanka",MATARA,0.8091,value,2,32,0.8091
COP2122-064,,APPLIED SCIENCES (PHY.SC),"University of Vavuniya, Sri Lanka",HAMBANTOTA,0.7333,value,2,32,0.7333
COP2122-064,,APPLIED SCIENCES (PHY.SC),"University of Vavuniya, Sri Lanka",JAFFNA,0.7280,value,2,32,0.7280
COP2122-064,,APPLIED SCIENCES (PHY.SC),"University of Vavuniya, Sri Lanka",KILINOCHCHI,0.6301,value,2,32,0.6301
COP2122-064,,APPLIED SCIENCES (PHY.SC),"University of Vavuniya, Sri Lanka",MANNAR,,NQC,2,32,NQC
COP2122-064,,APPLIED SCIENCES (PHY.SC),"University of Vavuniya, Sri Lanka",MULLAITIVU,,NQC,2,32,NQC
COP2122-064,,APPLIED SCIENCES (PHY.SC),"University of Vavuniya, Sri Lanka",VAVUNIYA,,NQC,2,32,NQC
COP2122-064,,APPLIED SCIENCES (PHY.SC),"University of Vavuniya, Sri Lanka",TRINCOMALEE,0.4498,value,2,32,0.4498
COP2122-064,,APPLIED SCIENCES (PHY.SC),"University of Vavuniya, Sri Lanka",BATTICALOA,0.5437,value,2,32,0.5437
COP2122-064,,APPLIED SCIENCES (PHY.SC),"University of Vavuniya, Sri Lanka",AMPARA,0.5571,value,2,32,0.5571
COP2122-064,,APPLIED SCIENCES (PHY.SC),"University of Vavuniya, Sri Lanka",PUTTALAM,0.4693,value,2,32,0.4693
COP2122-064,,APPLIED SCIENCES (PHY.SC),"University of Vavuniya, Sri Lanka",KURUNEGALA,0.7234,value,2,32,0.7234
COP2122-064,,APPLIED SCIENCES (PHY.SC),"University of Vavuniya, Sri Lanka",ANURADHAPURA,0.5196,value,2,32,0.5196
COP2122-064,,APPLIED SCIENCES (PHY.SC),"University of Vavuniya, Sri Lanka",POLONNARUWA,0.4518,value,2,32,0.4518
COP2122-064,,APPLIED SCIENCES (PHY.SC),"University of Vavuniya, Sri Lanka",BADULLA,0.6155,value,2,32,0.6155
COP2122-064,,APPLIED SCIENCES (PHY.SC),"University of Vavuniya, Sri Lanka",MONARAGALA,0.4885,value,2,32,0.4885
COP2122-064,,APPLIED SCIENCES (PHY.SC),"University of Vavuniya, Sri Lanka",KEGALLE,,NQC,2,32,NQC
COP2122-064,,APPLIED SCIENCES (PHY.SC),"University of Vavuniya, Sri Lanka",RATNAPURA,0.5084,value,2,32,0.5084
COP2122-065,,APPLIED SCIENCES (PHY.SC),Eastern University - Trincomalee Campus,COLOMBO,,NQC,3,1,NQC
COP2122-065,,APPLIED SCIENCES (PHY.SC),Eastern University - Trincomalee Campus,GAMPAHA,0.7295,value,3,1,0.7295
COP2122-065,,APPLIED SCIENCES (PHY.SC),Eastern University - Trincomalee Campus,KALUTARA,,NQC,3,1,NQC
COP2122-065,,APPLIED SCIENCES (PHY.SC),Eastern University - Trincomalee Campus,MATALE,0.5416,value,3,1,0.5416
COP2122-065,,APPLIED SCIENCES (PHY.SC),Eastern University - Trincomalee Campus,KANDY,0.7022,value,3,1,0.7022
COP2122-065,,APPLIED SCIENCES (PHY.SC),Eastern University - Trincomalee Campus,NUWARA ELIYA,0.1403,value,3,1,0.1403
COP2122-065,,APPLIED SCIENCES (PHY.SC),Eastern University - Trincomalee Campus,GALLE,0.7638,value,3,1,0.7638
COP2122-065,,APPLIED SCIENCES (PHY.SC),Eastern University - Trincomalee Campus,MATARA,,NQC,3,1,NQC
COP2122-065,,APPLIED SCIENCES (PHY.SC),Eastern University - Trincomalee Campus,HAMBANTOTA,0.7025,value,3,1,0.7025
COP2122-065,,APPLIED SCIENCES (PHY.SC),Eastern University - Trincomalee Campus,JAFFNA,,NQC,3,1,NQC
COP2122-065,,APPLIED SCIENCES (PHY.SC),Eastern University - Trincomalee Campus,KILINOCHCHI,0.3690,value,3,1,0.3690
COP2122-065,,APPLIED SCIENCES (PHY.SC),Eastern University - Trincomalee Campus,MANNAR,-0.1471,value,3,1,-0.1471
COP2122-065,,APPLIED SCIENCES (PHY.SC),Eastern University - Trincomalee Campus,MULLAITIVU,0.1879,value,3,1,0.1879
COP2122-065,,APPLIED SCIENCES (PHY.SC),Eastern University - Trincomalee Campus,VAVUNIYA,0.2128,value,3,1,0.2128
COP2122-065,,APPLIED SCIENCES (PHY.SC),Eastern University - Trincomalee Campus,TRINCOMALEE,0.2722,value,3,1,0.2722
COP2122-065,,APPLIED SCIENCES (PHY.SC),Eastern University - Trincomalee Campus,BATTICALOA,0.6169,value,3,1,0.6169
COP2122-065,,APPLIED SCIENCES (PHY.SC),Eastern University - Trincomalee Campus,AMPARA,0.5683,value,3,1,0.5683
COP2122-065,,APPLIED SCIENCES (PHY.SC),Eastern University - Trincomalee Campus,PUTTALAM,0.3170,value,3,1,0.3170
COP2122-065,,APPLIED SCIENCES (PHY.SC),Eastern University - Trincomalee Campus,KURUNEGALA,0.7186,value,3,1,0.7186
COP2122-065,,APPLIED SCIENCES (PHY.SC),Eastern University - Trincomalee Campus,ANURADHAPURA,0.5197,value,3,1,0.5197
COP2122-065,,APPLIED SCIENCES (PHY.SC),Eastern University - Trincomalee Campus,POLONNARUWA,0.3095,value,3,1,0.3095
COP2122-065,,APPLIED SCIENCES (PHY.SC),Eastern University - Trincomalee Campus,BADULLA,0.6565,value,3,1,0.6565
COP2122-065,,APPLIED SCIENCES (PHY.SC),Eastern University - Trincomalee Campus,MONARAGALA,0.4246,value,3,1,0.4246
COP2122-065,,APPLIED SCIENCES (PHY.SC),Eastern University - Trincomalee Campus,KEGALLE,0.7646,value,3,1,0.7646
COP2122-065,,APPLIED SCIENCES (PHY.SC),Eastern University - Trincomalee Campus,RATNAPURA,0.5251,value,3,1,0.5251
COP2122-066,,MANAGEMENT,University of Colombo,COLOMBO,1.7286,value,3,2,1.7286
COP2122-066,,MANAGEMENT,University of Colombo,GAMPAHA,1.7287,value,3,2,1.7287
COP2122-066,,MANAGEMENT,University of Colombo,KALUTARA,1.7307,value,3,2,1.7307
COP2122-066,,MANAGEMENT,University of Colombo,MATALE,1.7346,value,3,2,1.7346
COP2122-066,,MANAGEMENT,University of Colombo,KANDY,1.7272,value,3,2,1.7272
COP2122-066,,MANAGEMENT,University of Colombo,NUWARA ELIYA,1.7297,value,3,2,1.7297
COP2122-066,,MANAGEMENT,University of Colombo,GALLE,1.7296,value,3,2,1.7296
COP2122-066,,MANAGEMENT,University of Colombo,MATARA,1.7289,value,3,2,1.7289
COP2122-066,,MANAGEMENT,University of Colombo,HAMBANTOTA,1.7300,value,3,2,1.7300
COP2122-066,,MANAGEMENT,University of Colombo,JAFFNA,1.7396,value,3,2,1.7396
COP2122-066,,MANAGEMENT,University of Colombo,KILINOCHCHI,1.7376,value,3,2,1.7376
COP2122-066,,MANAGEMENT,University of Colombo,MANNAR,,NQC,3,2,NQC
COP2122-066,,MANAGEMENT,University of Colombo,MULLAITIVU,,NQC,3,2,NQC
COP2122-066,,MANAGEMENT,University of Colombo,VAVUNIYA,1.7296,value,3,2,1.7296
COP2122-066,,MANAGEMENT,University of Colombo,TRINCOMALEE,1.7685,value,3,2,1.7685
COP2122-066,,MANAGEMENT,University of Colombo,BATTICALOA,1.7743,value,3,2,1.7743
COP2122-066,,MANAGEMENT,University of Colombo,AMPARA,1.7465,value,3,2,1.7465
COP2122-066,,MANAGEMENT,University of Colombo,PUTTALAM,1.7267,value,3,2,1.7267
COP2122-066,,MANAGEMENT,University of Colombo,KURUNEGALA,1.7306,value,3,2,1.7306
COP2122-066,,MANAGEMENT,University of Colombo,ANURADHAPURA,1.7384,value,3,2,1.7384
COP2122-066,,MANAGEMENT,University of Colombo,POLONNARUWA,1.7366,value,3,2,1.7366
COP2122-066,,MANAGEMENT,University of Colombo,BADULLA,1.7481,value,3,2,1.7481
COP2122-066,,MANAGEMENT,University of Colombo,MONARAGALA,1.7288,value,3,2,1.7288
COP2122-066,,MANAGEMENT,University of Colombo,KEGALLE,1.7290,value,3,2,1.7290
COP2122-066,,MANAGEMENT,University of Colombo,RATNAPURA,1.7332,value,3,2,1.7332
COP2122-067,,MANAGEMENT,University of Peradeniya,COLOMBO,1.5947,value,3,3,1.5947
COP2122-067,,MANAGEMENT,University of Peradeniya,GAMPAHA,1.5951,value,3,3,1.5951
COP2122-067,,MANAGEMENT,University of Peradeniya,KALUTARA,1.5942,value,3,3,1.5942
COP2122-067,,MANAGEMENT,University of Peradeniya,MATALE,1.6051,value,3,3,1.6051
COP2122-067,,MANAGEMENT,University of Peradeniya,KANDY,1.5950,value,3,3,1.5950
COP2122-067,,MANAGEMENT,University of Peradeniya,NUWARA ELIYA,1.5953,value,3,3,1.5953
COP2122-067,,MANAGEMENT,University of Peradeniya,GALLE,1.5999,value,3,3,1.5999
COP2122-067,,MANAGEMENT,University of Peradeniya,MATARA,1.6066,value,3,3,1.6066
COP2122-067,,MANAGEMENT,University of Peradeniya,HAMBANTOTA,1.5990,value,3,3,1.5990
COP2122-067,,MANAGEMENT,University of Peradeniya,JAFFNA,1.6017,value,3,3,1.6017
COP2122-067,,MANAGEMENT,University of Peradeniya,KILINOCHCHI,1.6299,value,3,3,1.6299
COP2122-067,,MANAGEMENT,University of Peradeniya,MANNAR,1.6041,value,3,3,1.6041
COP2122-067,,MANAGEMENT,University of Peradeniya,MULLAITIVU,1.6423,value,3,3,1.6423
COP2122-067,,MANAGEMENT,University of Peradeniya,VAVUNIYA,,NQC,3,3,NQC
COP2122-067,,MANAGEMENT,University of Peradeniya,TRINCOMALEE,1.5994,value,3,3,1.5994
COP2122-067,,MANAGEMENT,University of Peradeniya,BATTICALOA,1.6021,value,3,3,1.6021
COP2122-067,,MANAGEMENT,University of Peradeniya,AMPARA,1.5996,value,3,3,1.5996
COP2122-067,,MANAGEMENT,University of Peradeniya,PUTTALAM,1.6048,value,3,3,1.6048
COP2122-067,,MANAGEMENT,University of Peradeniya,KURUNEGALA,1.5964,value,3,3,1.5964
COP2122-067,,MANAGEMENT,University of Peradeniya,ANURADHAPURA,1.6090,value,3,3,1.6090
COP2122-067,,MANAGEMENT,University of Peradeniya,POLONNARUWA,,NQC,3,3,NQC
COP2122-067,,MANAGEMENT,University of Peradeniya,BADULLA,1.6024,value,3,3,1.6024
COP2122-067,,MANAGEMENT,University of Peradeniya,MONARAGALA,1.6485,value,3,3,1.6485
COP2122-067,,MANAGEMENT,University of Peradeniya,KEGALLE,1.6251,value,3,3,1.6251
COP2122-067,,MANAGEMENT,University of Peradeniya,RATNAPURA,1.5969,value,3,3,1.5969
COP2122-068,,MANAGEMENT,University of Sri Jayewardenepura,COLOMBO,1.7857,value,3,4,1.7857
COP2122-068,,MANAGEMENT,University of Sri Jayewardenepura,GAMPAHA,1.7872,value,3,4,1.7872
COP2122-068,,MANAGEMENT,University of Sri Jayewardenepura,KALUTARA,1.8093,value,3,4,1.8093
COP2122-068,,MANAGEMENT,University of Sri Jayewardenepura,MATALE,1.7977,value,3,4,1.7977
COP2122-068,,MANAGEMENT,University of Sri Jayewardenepura,KANDY,1.7921,value,3,4,1.7921
COP2122-068,,MANAGEMENT,University of Sri Jayewardenepura,NUWARA ELIYA,1.7948,value,3,4,1.7948
COP2122-068,,MANAGEMENT,University of Sri Jayewardenepura,GALLE,1.7894,value,3,4,1.7894
COP2122-068,,MANAGEMENT,University of Sri Jayewardenepura,MATARA,1.7904,value,3,4,1.7904
COP2122-068,,MANAGEMENT,University of Sri Jayewardenepura,HAMBANTOTA,1.8202,value,3,4,1.8202
COP2122-068,,MANAGEMENT,University of Sri Jayewardenepura,JAFFNA,1.7855,value,3,4,1.7855
COP2122-068,,MANAGEMENT,University of Sri Jayewardenepura,KILINOCHCHI,1.8028,value,3,4,1.8028
COP2122-068,,MANAGEMENT,University of Sri Jayewardenepura,MANNAR,1.8025,value,3,4,1.8025
COP2122-068,,MANAGEMENT,University of Sri Jayewardenepura,MULLAITIVU,1.8128,value,3,4,1.8128
COP2122-068,,MANAGEMENT,University of Sri Jayewardenepura,VAVUNIYA,1.8071,value,3,4,1.8071
COP2122-068,,MANAGEMENT,University of Sri Jayewardenepura,TRINCOMALEE,1.8106,value,3,4,1.8106
COP2122-068,,MANAGEMENT,University of Sri Jayewardenepura,BATTICALOA,1.7954,value,3,4,1.7954
COP2122-068,,MANAGEMENT,University of Sri Jayewardenepura,AMPARA,1.8656,value,3,4,1.8656
COP2122-068,,MANAGEMENT,University of Sri Jayewardenepura,PUTTALAM,1.7892,value,3,4,1.7892
COP2122-068,,MANAGEMENT,University of Sri Jayewardenepura,KURUNEGALA,1.7851,value,3,4,1.7851
COP2122-068,,MANAGEMENT,University of Sri Jayewardenepura,ANURADHAPURA,1.8210,value,3,4,1.8210
COP2122-068,,MANAGEMENT,University of Sri Jayewardenepura,POLONNARUWA,1.8192,value,3,4,1.8192
COP2122-068,,MANAGEMENT,University of Sri Jayewardenepura,BADULLA,1.7872,value,3,4,1.7872
COP2122-068,,MANAGEMENT,University of Sri Jayewardenepura,MONARAGALA,1.7855,value,3,4,1.7855
COP2122-068,,MANAGEMENT,University of Sri Jayewardenepura,KEGALLE,1.7912,value,3,4,1.7912
COP2122-068,,MANAGEMENT,University of Sri Jayewardenepura,RATNAPURA,1.7882,value,3,4,1.7882
COP2122-069,,MANAGEMENT,University of Kelaniya,COLOMBO,1.6366,value,3,5,1.6366
COP2122-069,,MANAGEMENT,University of Kelaniya,GAMPAHA,1.6388,value,3,5,1.6388
COP2122-069,,MANAGEMENT,University of Kelaniya,KALUTARA,1.6385,value,3,5,1.6385
COP2122-069,,MANAGEMENT,University of Kelaniya,MATALE,1.6386,value,3,5,1.6386
COP2122-069,,MANAGEMENT,University of Kelaniya,KANDY,1.6366,value,3,5,1.6366
COP2122-069,,MANAGEMENT,University of Kelaniya,NUWARA ELIYA,1.6374,value,3,5,1.6374
COP2122-069,,MANAGEMENT,University of Kelaniya,GALLE,1.6379,value,3,5,1.6379
COP2122-069,,MANAGEMENT,University of Kelaniya,MATARA,1.6393,value,3,5,1.6393
COP2122-069,,MANAGEMENT,University of Kelaniya,HAMBANTOTA,1.6422,value,3,5,1.6422
COP2122-069,,MANAGEMENT,University of Kelaniya,JAFFNA,,NQC,3,5,NQC
COP2122-069,,MANAGEMENT,University of Kelaniya,KILINOCHCHI,,NQC,3,5,NQC
COP2122-069,,MANAGEMENT,University of Kelaniya,MANNAR,,NQC,3,5,NQC
COP2122-069,,MANAGEMENT,University of Kelaniya,MULLAITIVU,,NQC,3,5,NQC
COP2122-069,,MANAGEMENT,University of Kelaniya,VAVUNIYA,,NQC,3,5,NQC
COP2122-069,,MANAGEMENT,University of Kelaniya,TRINCOMALEE,1.6832,value,3,5,1.6832
COP2122-069,,MANAGEMENT,University of Kelaniya,BATTICALOA,1.6695,value,3,5,1.6695
COP2122-069,,MANAGEMENT,University of Kelaniya,AMPARA,1.6534,value,3,5,1.6534
COP2122-069,,MANAGEMENT,University of Kelaniya,PUTTALAM,1.6579,value,3,5,1.6579
COP2122-069,,MANAGEMENT,University of Kelaniya,KURUNEGALA,1.6355,value,3,5,1.6355
COP2122-069,,MANAGEMENT,University of Kelaniya,ANURADHAPURA,1.6432,value,3,5,1.6432
COP2122-069,,MANAGEMENT,University of Kelaniya,POLONNARUWA,1.6595,value,3,5,1.6595
COP2122-069,,MANAGEMENT,University of Kelaniya,BADULLA,1.6388,value,3,5,1.6388
COP2122-069,,MANAGEMENT,University of Kelaniya,MONARAGALA,1.6393,value,3,5,1.6393
COP2122-069,,MANAGEMENT,University of Kelaniya,KEGALLE,1.6382,value,3,5,1.6382
COP2122-069,,MANAGEMENT,University of Kelaniya,RATNAPURA,1.6406,value,3,5,1.6406
COP2122-070,,MANAGEMENT,University of Jaffna,COLOMBO,1.3351,value,3,6,1.3351
COP2122-070,,MANAGEMENT,University of Jaffna,GAMPAHA,1.2844,value,3,6,1.2844
COP2122-070,,MANAGEMENT,University of Jaffna,KALUTARA,1.5296,value,3,6,1.5296
COP2122-070,,MANAGEMENT,University of Jaffna,MATALE,1.2803,value,3,6,1.2803
COP2122-070,,MANAGEMENT,University of Jaffna,KANDY,1.2716,value,3,6,1.2716
COP2122-070,,MANAGEMENT,University of Jaffna,NUWARA ELIYA,1.1822,value,3,6,1.1822
COP2122-070,,MANAGEMENT,University of Jaffna,GALLE,,NQC,3,6,NQC
COP2122-070,,MANAGEMENT,University of Jaffna,MATARA,,NQC,3,6,NQC
COP2122-070,,MANAGEMENT,University of Jaffna,HAMBANTOTA,1.1516,value,3,6,1.1516
COP2122-070,,MANAGEMENT,University of Jaffna,JAFFNA,1.1938,value,3,6,1.1938
COP2122-070,,MANAGEMENT,University of Jaffna,KILINOCHCHI,1.1442,value,3,6,1.1442
COP2122-070,,MANAGEMENT,University of Jaffna,MANNAR,1.1732,value,3,6,1.1732
COP2122-070,,MANAGEMENT,University of Jaffna,MULLAITIVU,1.2115,value,3,6,1.2115
COP2122-070,,MANAGEMENT,University of Jaffna,VAVUNIYA,1.1510,value,3,6,1.1510
COP2122-070,,MANAGEMENT,University of Jaffna,TRINCOMALEE,1.1452,value,3,6,1.1452
COP2122-070,,MANAGEMENT,University of Jaffna,BATTICALOA,1.1497,value,3,6,1.1497
COP2122-070,,MANAGEMENT,University of Jaffna,AMPARA,1.1215,value,3,6,1.1215
COP2122-070,,MANAGEMENT,University of Jaffna,PUTTALAM,1.1944,value,3,6,1.1944
COP2122-070,,MANAGEMENT,University of Jaffna,KURUNEGALA,1.3061,value,3,6,1.3061
COP2122-070,,MANAGEMENT,University of Jaffna,ANURADHAPURA,1.1181,value,3,6,1.1181
COP2122-070,,MANAGEMENT,University of Jaffna,POLONNARUWA,1.1901,value,3,6,1.1901
COP2122-070,,MANAGEMENT,University of Jaffna,BADULLA,1.2219,value,3,6,1.2219
COP2122-070,,MANAGEMENT,University of Jaffna,MONARAGALA,1.4025,value,3,6,1.4025
COP2122-070,,MANAGEMENT,University of Jaffna,KEGALLE,,NQC,3,6,NQC
COP2122-070,,MANAGEMENT,University of Jaffna,RATNAPURA,1.2555,value,3,6,1.2555
COP2122-071,,MANAGEMENT,University of Ruhuna,COLOMBO,1.4089,value,3,7,1.4089
COP2122-071,,MANAGEMENT,University of Ruhuna,GAMPAHA,1.4147,value,3,7,1.4147
COP2122-071,,MANAGEMENT,University of Ruhuna,KALUTARA,1.4119,value,3,7,1.4119
COP2122-071,,MANAGEMENT,University of Ruhuna,MATALE,1.4366,value,3,7,1.4366
COP2122-071,,MANAGEMENT,University of Ruhuna,KANDY,1.4152,value,3,7,1.4152
COP2122-071,,MANAGEMENT,University of Ruhuna,NUWARA ELIYA,1.4165,value,3,7,1.4165
COP2122-071,,MANAGEMENT,University of Ruhuna,GALLE,1.4093,value,3,7,1.4093
COP2122-071,,MANAGEMENT,University of Ruhuna,MATARA,1.4138,value,3,7,1.4138
COP2122-071,,MANAGEMENT,University of Ruhuna,HAMBANTOTA,1.4221,value,3,7,1.4221
COP2122-071,,MANAGEMENT,University of Ruhuna,JAFFNA,1.5870,value,3,7,1.5870
COP2122-071,,MANAGEMENT,University of Ruhuna,KILINOCHCHI,,NQC,3,7,NQC
COP2122-071,,MANAGEMENT,University of Ruhuna,MANNAR,,NQC,3,7,NQC
COP2122-071,,MANAGEMENT,University of Ruhuna,MULLAITIVU,,NQC,3,7,NQC
COP2122-071,,MANAGEMENT,University of Ruhuna,VAVUNIYA,,NQC,3,7,NQC
COP2122-071,,MANAGEMENT,University of Ruhuna,TRINCOMALEE,1.4553,value,3,7,1.4553
COP2122-071,,MANAGEMENT,University of Ruhuna,BATTICALOA,1.4687,value,3,7,1.4687
COP2122-071,,MANAGEMENT,University of Ruhuna,AMPARA,1.4279,value,3,7,1.4279
COP2122-071,,MANAGEMENT,University of Ruhuna,PUTTALAM,1.4580,value,3,7,1.4580
COP2122-071,,MANAGEMENT,University of Ruhuna,KURUNEGALA,1.4249,value,3,7,1.4249
COP2122-071,,MANAGEMENT,University of Ruhuna,ANURADHAPURA,1.4091,value,3,7,1.4091
COP2122-071,,MANAGEMENT,University of Ruhuna,POLONNARUWA,1.4112,value,3,7,1.4112
COP2122-071,,MANAGEMENT,University of Ruhuna,BADULLA,1.4209,value,3,7,1.4209
COP2122-071,,MANAGEMENT,University of Ruhuna,MONARAGALA,1.4112,value,3,7,1.4112
COP2122-071,,MANAGEMENT,University of Ruhuna,KEGALLE,1.4178,value,3,7,1.4178
COP2122-071,,MANAGEMENT,University of Ruhuna,RATNAPURA,1.4102,value,3,7,1.4102
COP2122-072,,MANAGEMENT,"Eastern University, Sri Lanka",COLOMBO,1.3427,value,3,8,1.3427
COP2122-072,,MANAGEMENT,"Eastern University, Sri Lanka",GAMPAHA,1.2860,value,3,8,1.2860
COP2122-072,,MANAGEMENT,"Eastern University, Sri Lanka",KALUTARA,1.3453,value,3,8,1.3453
COP2122-072,,MANAGEMENT,"Eastern University, Sri Lanka",MATALE,,NQC,3,8,NQC
COP2122-072,,MANAGEMENT,"Eastern University, Sri Lanka",KANDY,1.2786,value,3,8,1.2786
COP2122-072,,MANAGEMENT,"Eastern University, Sri Lanka",NUWARA ELIYA,1.1807,value,3,8,1.1807
COP2122-072,,MANAGEMENT,"Eastern University, Sri Lanka",GALLE,,NQC,3,8,NQC
COP2122-072,,MANAGEMENT,"Eastern University, Sri Lanka",MATARA,,NQC,3,8,NQC
COP2122-072,,MANAGEMENT,"Eastern University, Sri Lanka",HAMBANTOTA,1.1095,value,3,8,1.1095
COP2122-072,,MANAGEMENT,"Eastern University, Sri Lanka",JAFFNA,1.3750,value,3,8,1.3750
COP2122-072,,MANAGEMENT,"Eastern University, Sri Lanka",KILINOCHCHI,,NQC,3,8,NQC
COP2122-072,,MANAGEMENT,"Eastern University, Sri Lanka",MANNAR,,NQC,3,8,NQC
COP2122-072,,MANAGEMENT,"Eastern University, Sri Lanka",MULLAITIVU,1.5934,value,3,8,1.5934
COP2122-072,,MANAGEMENT,"Eastern University, Sri Lanka",VAVUNIYA,0.6814,value,3,8,0.6814
COP2122-072,,MANAGEMENT,"Eastern University, Sri Lanka",TRINCOMALEE,1.0110,value,3,8,1.0110
COP2122-072,,MANAGEMENT,"Eastern University, Sri Lanka",BATTICALOA,1.0042,value,3,8,1.0042
COP2122-072,,MANAGEMENT,"Eastern University, Sri Lanka",AMPARA,1.0851,value,3,8,1.0851
COP2122-072,,MANAGEMENT,"Eastern University, Sri Lanka",PUTTALAM,1.2640,value,3,8,1.2640
COP2122-072,,MANAGEMENT,"Eastern University, Sri Lanka",KURUNEGALA,1.3495,value,3,8,1.3495
COP2122-072,,MANAGEMENT,"Eastern University, Sri Lanka",ANURADHAPURA,1.0967,value,3,8,1.0967
COP2122-072,,MANAGEMENT,"Eastern University, Sri Lanka",POLONNARUWA,1.2437,value,3,8,1.2437
COP2122-072,,MANAGEMENT,"Eastern University, Sri Lanka",BADULLA,1.2295,value,3,8,1.2295
COP2122-072,,MANAGEMENT,"Eastern University, Sri Lanka",MONARAGALA,,NQC,3,8,NQC
COP2122-072,,MANAGEMENT,"Eastern University, Sri Lanka",KEGALLE,1.2955,value,3,8,1.2955
COP2122-072,,MANAGEMENT,"Eastern University, Sri Lanka",RATNAPURA,1.2530,value,3,8,1.2530
COP2122-073,,MANAGEMENT,South Eastern University of Sri Lanka,COLOMBO,1.3929,value,3,9,1.3929
COP2122-073,,MANAGEMENT,South Eastern University of Sri Lanka,GAMPAHA,1.3713,value,3,9,1.3713
COP2122-073,,MANAGEMENT,South Eastern University of Sri Lanka,KALUTARA,,NQC,3,9,NQC
COP2122-073,,MANAGEMENT,South Eastern University of Sri Lanka,MATALE,,NQC,3,9,NQC
COP2122-073,,MANAGEMENT,South Eastern University of Sri Lanka,KANDY,1.3265,value,3,9,1.3265
COP2122-073,,MANAGEMENT,South Eastern University of Sri Lanka,NUWARA ELIYA,1.2214,value,3,9,1.2214
COP2122-073,,MANAGEMENT,South Eastern University of Sri Lanka,GALLE,1.3322,value,3,9,1.3322
COP2122-073,,MANAGEMENT,South Eastern University of Sri Lanka,MATARA,,NQC,3,9,NQC
COP2122-073,,MANAGEMENT,South Eastern University of Sri Lanka,HAMBANTOTA,1.1039,value,3,9,1.1039
COP2122-073,,MANAGEMENT,South Eastern University of Sri Lanka,JAFFNA,,NQC,3,9,NQC
COP2122-073,,MANAGEMENT,South Eastern University of Sri Lanka,KILINOCHCHI,,NQC,3,9,NQC
COP2122-073,,MANAGEMENT,South Eastern University of Sri Lanka,MANNAR,,NQC,3,9,NQC
COP2122-073,,MANAGEMENT,South Eastern University of Sri Lanka,MULLAITIVU,,NQC,3,9,NQC
COP2122-073,,MANAGEMENT,South Eastern University of Sri Lanka,VAVUNIYA,0.7208,value,3,9,0.7208
COP2122-073,,MANAGEMENT,South Eastern University of Sri Lanka,TRINCOMALEE,1.0150,value,3,9,1.0150
COP2122-073,,MANAGEMENT,South Eastern University of Sri Lanka,BATTICALOA,1.0118,value,3,9,1.0118
COP2122-073,,MANAGEMENT,South Eastern University of Sri Lanka,AMPARA,1.0872,value,3,9,1.0872
COP2122-073,,MANAGEMENT,South Eastern University of Sri Lanka,PUTTALAM,1.2491,value,3,9,1.2491
COP2122-073,,MANAGEMENT,South Eastern University of Sri Lanka,KURUNEGALA,,NQC,3,9,NQC
COP2122-073,,MANAGEMENT,South Eastern University of Sri Lanka,ANURADHAPURA,1.0967,value,3,9,1.0967
COP2122-073,,MANAGEMENT,South Eastern University of Sri Lanka,POLONNARUWA,1.2624,value,3,9,1.2624
COP2122-073,,MANAGEMENT,South Eastern University of Sri Lanka,BADULLA,1.2268,value,3,9,1.2268
COP2122-073,,MANAGEMENT,South Eastern University of Sri Lanka,MONARAGALA,,NQC,3,9,NQC
COP2122-073,,MANAGEMENT,South Eastern University of Sri Lanka,KEGALLE,1.2892,value,3,9,1.2892
COP2122-073,,MANAGEMENT,South Eastern University of Sri Lanka,RATNAPURA,1.2662,value,3,9,1.2662
COP2122-074,,MANAGEMENT,Rajarata University of Sri Lanka,COLOMBO,1.3248,value,3,10,1.3248
COP2122-074,,MANAGEMENT,Rajarata University of Sri Lanka,GAMPAHA,1.2881,value,3,10,1.2881
COP2122-074,,MANAGEMENT,Rajarata University of Sri Lanka,KALUTARA,1.3377,value,3,10,1.3377
COP2122-074,,MANAGEMENT,Rajarata University of Sri Lanka,MATALE,1.2976,value,3,10,1.2976
COP2122-074,,MANAGEMENT,Rajarata University of Sri Lanka,KANDY,1.2899,value,3,10,1.2899
COP2122-074,,MANAGEMENT,Rajarata University of Sri Lanka,NUWARA ELIYA,1.2925,value,3,10,1.2925
COP2122-074,,MANAGEMENT,Rajarata University of Sri Lanka,GALLE,1.3279,value,3,10,1.3279
COP2122-074,,MANAGEMENT,Rajarata University of Sri Lanka,MATARA,,NQC,3,10,NQC
COP2122-074,,MANAGEMENT,Rajarata University of Sri Lanka,HAMBANTOTA,1.2901,value,3,10,1.2901
COP2122-074,,MANAGEMENT,Rajarata University of Sri Lanka,JAFFNA,1.4015,value,3,10,1.4015
COP2122-074,,MANAGEMENT,Rajarata University of Sri Lanka,KILINOCHCHI,,NQC,3,10,NQC
COP2122-074,,MANAGEMENT,Rajarata University of Sri Lanka,MANNAR,,NQC,3,10,NQC
COP2122-074,,MANAGEMENT,Rajarata University of Sri Lanka,MULLAITIVU,,NQC,3,10,NQC
COP2122-074,,MANAGEMENT,Rajarata University of Sri Lanka,VAVUNIYA,,NQC,3,10,NQC
COP2122-074,,MANAGEMENT,Rajarata University of Sri Lanka,TRINCOMALEE,1.3112,value,3,10,1.3112
COP2122-074,,MANAGEMENT,Rajarata University of Sri Lanka,BATTICALOA,1.2925,value,3,10,1.2925
COP2122-074,,MANAGEMENT,Rajarata University of Sri Lanka,AMPARA,1.3165,value,3,10,1.3165
COP2122-074,,MANAGEMENT,Rajarata University of Sri Lanka,PUTTALAM,1.2979,value,3,10,1.2979
COP2122-074,,MANAGEMENT,Rajarata University of Sri Lanka,KURUNEGALA,1.3061,value,3,10,1.3061
COP2122-074,,MANAGEMENT,Rajarata University of Sri Lanka,ANURADHAPURA,1.2982,value,3,10,1.2982
COP2122-074,,MANAGEMENT,Rajarata University of Sri Lanka,POLONNARUWA,1.2933,value,3,10,1.2933
COP2122-074,,MANAGEMENT,Rajarata University of Sri Lanka,BADULLA,1.2903,value,3,10,1.2903
COP2122-074,,MANAGEMENT,Rajarata University of Sri Lanka,MONARAGALA,1.3521,value,3,10,1.3521
COP2122-074,,MANAGEMENT,Rajarata University of Sri Lanka,KEGALLE,1.2926,value,3,10,1.2926
COP2122-074,,MANAGEMENT,Rajarata University of Sri Lanka,RATNAPURA,1.2869,value,3,10,1.2869
COP2122-075,,MANAGEMENT,Sabaragamuwa University of Sri Lanka,COLOMBO,1.3488,value,3,11,1.3488
COP2122-075,,MANAGEMENT,Sabaragamuwa University of Sri Lanka,GAMPAHA,1.3487,value,3,11,1.3487
COP2122-075,,MANAGEMENT,Sabaragamuwa University of Sri Lanka,KALUTARA,1.3496,value,3,11,1.3496
COP2122-075,,MANAGEMENT,Sabaragamuwa University of Sri Lanka,MATALE,1.3515,value,3,11,1.3515
COP2122-075,,MANAGEMENT,Sabaragamuwa University of Sri Lanka,KANDY,1.3513,value,3,11,1.3513
COP2122-075,,MANAGEMENT,Sabaragamuwa University of Sri Lanka,NUWARA ELIYA,1.3521,value,3,11,1.3521
COP2122-075,,MANAGEMENT,Sabaragamuwa University of Sri Lanka,GALLE,1.3489,value,3,11,1.3489
COP2122-075,,MANAGEMENT,Sabaragamuwa University of Sri Lanka,MATARA,1.4271,value,3,11,1.4271
COP2122-075,,MANAGEMENT,Sabaragamuwa University of Sri Lanka,HAMBANTOTA,1.3534,value,3,11,1.3534
COP2122-075,,MANAGEMENT,Sabaragamuwa University of Sri Lanka,JAFFNA,,NQC,3,11,NQC
COP2122-075,,MANAGEMENT,Sabaragamuwa University of Sri Lanka,KILINOCHCHI,1.4106,value,3,11,1.4106
COP2122-075,,MANAGEMENT,Sabaragamuwa University of Sri Lanka,MANNAR,1.5103,value,3,11,1.5103
COP2122-075,,MANAGEMENT,Sabaragamuwa University of Sri Lanka,MULLAITIVU,,NQC,3,11,NQC
COP2122-075,,MANAGEMENT,Sabaragamuwa University of Sri Lanka,VAVUNIYA,,NQC,3,11,NQC
COP2122-075,,MANAGEMENT,Sabaragamuwa University of Sri Lanka,TRINCOMALEE,1.3716,value,3,11,1.3716
COP2122-075,,MANAGEMENT,Sabaragamuwa University of Sri Lanka,BATTICALOA,,NQC,3,11,NQC
COP2122-075,,MANAGEMENT,Sabaragamuwa University of Sri Lanka,AMPARA,1.4070,value,3,11,1.4070
COP2122-075,,MANAGEMENT,Sabaragamuwa University of Sri Lanka,PUTTALAM,1.3547,value,3,11,1.3547
COP2122-075,,MANAGEMENT,Sabaragamuwa University of Sri Lanka,KURUNEGALA,1.3527,value,3,11,1.3527
COP2122-075,,MANAGEMENT,Sabaragamuwa University of Sri Lanka,ANURADHAPURA,1.3626,value,3,11,1.3626
COP2122-075,,MANAGEMENT,Sabaragamuwa University of Sri Lanka,POLONNARUWA,1.3603,value,3,11,1.3603
COP2122-075,,MANAGEMENT,Sabaragamuwa University of Sri Lanka,BADULLA,1.3495,value,3,11,1.3495
COP2122-075,,MANAGEMENT,Sabaragamuwa University of Sri Lanka,MONARAGALA,1.3596,value,3,11,1.3596
COP2122-075,,MANAGEMENT,Sabaragamuwa University of Sri Lanka,KEGALLE,1.3489,value,3,11,1.3489
COP2122-075,,MANAGEMENT,Sabaragamuwa University of Sri Lanka,RATNAPURA,1.3507,value,3,11,1.3507
COP2122-076,,MANAGEMENT,Wayamba University of Sri Lanka,COLOMBO,1.3746,value,3,12,1.3746
COP2122-076,,MANAGEMENT,Wayamba University of Sri Lanka,GAMPAHA,1.3754,value,3,12,1.3754
COP2122-076,,MANAGEMENT,Wayamba University of Sri Lanka,KALUTARA,1.4056,value,3,12,1.4056
COP2122-076,,MANAGEMENT,Wayamba University of Sri Lanka,MATALE,1.3770,value,3,12,1.3770
COP2122-076,,MANAGEMENT,Wayamba University of Sri Lanka,KANDY,1.3737,value,3,12,1.3737
COP2122-076,,MANAGEMENT,Wayamba University of Sri Lanka,NUWARA ELIYA,1.3981,value,3,12,1.3981
COP2122-076,,MANAGEMENT,Wayamba University of Sri Lanka,GALLE,,NQC,3,12,NQC
COP2122-076,,MANAGEMENT,Wayamba University of Sri Lanka,MATARA,,NQC,3,12,NQC
COP2122-076,,MANAGEMENT,Wayamba University of Sri Lanka,HAMBANTOTA,1.4009,value,3,12,1.4009
COP2122-076,,MANAGEMENT,Wayamba University of Sri Lanka,JAFFNA,,NQC,3,12,NQC
COP2122-076,,MANAGEMENT,Wayamba University of Sri Lanka,KILINOCHCHI,,NQC,3,12,NQC
COP2122-076,,MANAGEMENT,Wayamba University of Sri Lanka,MANNAR,,NQC,3,12,NQC
COP2122-076,,MANAGEMENT,Wayamba University of Sri Lanka,MULLAITIVU,,NQC,3,12,NQC
COP2122-076,,MANAGEMENT,Wayamba University of Sri Lanka,VAVUNIYA,,NQC,3,12,NQC
COP2122-076,,MANAGEMENT,Wayamba University of Sri Lanka,TRINCOMALEE,1.3852,value,3,12,1.3852
COP2122-076,,MANAGEMENT,Wayamba University of Sri Lanka,BATTICALOA,,NQC,3,12,NQC
COP2122-076,,MANAGEMENT,Wayamba University of Sri Lanka,AMPARA,1.4042,value,3,12,1.4042
COP2122-076,,MANAGEMENT,Wayamba University of Sri Lanka,PUTTALAM,1.3739,value,3,12,1.3739
COP2122-076,,MANAGEMENT,Wayamba University of Sri Lanka,KURUNEGALA,1.3761,value,3,12,1.3761
COP2122-076,,MANAGEMENT,Wayamba University of Sri Lanka,ANURADHAPURA,1.3762,value,3,12,1.3762
COP2122-076,,MANAGEMENT,Wayamba University of Sri Lanka,POLONNARUWA,1.3770,value,3,12,1.3770
COP2122-076,,MANAGEMENT,Wayamba University of Sri Lanka,BADULLA,1.3796,value,3,12,1.3796
COP2122-076,,MANAGEMENT,Wayamba University of Sri Lanka,MONARAGALA,1.3744,value,3,12,1.3744
COP2122-076,,MANAGEMENT,Wayamba University of Sri Lanka,KEGALLE,1.3787,value,3,12,1.3787
COP2122-076,,MANAGEMENT,Wayamba University of Sri Lanka,RATNAPURA,1.3771,value,3,12,1.3771
COP2122-077,,ESTATE MANAGEMENT & VALUATION,University of Sri Jayewardenepura,COLOMBO,1.5730,value,3,13,1.5730
COP2122-077,,ESTATE MANAGEMENT & VALUATION,University of Sri Jayewardenepura,GAMPAHA,1.4850,value,3,13,1.4850
COP2122-077,,ESTATE MANAGEMENT & VALUATION,University of Sri Jayewardenepura,KALUTARA,1.5471,value,3,13,1.5471
COP2122-077,,ESTATE MANAGEMENT & VALUATION,University of Sri Jayewardenepura,MATALE,1.5813,value,3,13,1.5813
COP2122-077,,ESTATE MANAGEMENT & VALUATION,University of Sri Jayewardenepura,KANDY,1.5859,value,3,13,1.5859
COP2122-077,,ESTATE MANAGEMENT & VALUATION,University of Sri Jayewardenepura,NUWARA ELIYA,1.4538,value,3,13,1.4538
COP2122-077,,ESTATE MANAGEMENT & VALUATION,University of Sri Jayewardenepura,GALLE,1.5358,value,3,13,1.5358
COP2122-077,,ESTATE MANAGEMENT & VALUATION,University of Sri Jayewardenepura,MATARA,1.5995,value,3,13,1.5995
COP2122-077,,ESTATE MANAGEMENT & VALUATION,University of Sri Jayewardenepura,HAMBANTOTA,1.5996,value,3,13,1.5996
COP2122-077,,ESTATE MANAGEMENT & VALUATION,University of Sri Jayewardenepura,JAFFNA,1.3846,value,3,13,1.3846
COP2122-077,,ESTATE MANAGEMENT & VALUATION,University of Sri Jayewardenepura,KILINOCHCHI,1.4520,value,3,13,1.4520
COP2122-077,,ESTATE MANAGEMENT & VALUATION,University of Sri Jayewardenepura,MANNAR,1.3490,value,3,13,1.3490
COP2122-077,,ESTATE MANAGEMENT & VALUATION,University of Sri Jayewardenepura,MULLAITIVU,1.2077,value,3,13,1.2077
COP2122-077,,ESTATE MANAGEMENT & VALUATION,University of Sri Jayewardenepura,VAVUNIYA,1.5624,value,3,13,1.5624
COP2122-077,,ESTATE MANAGEMENT & VALUATION,University of Sri Jayewardenepura,TRINCOMALEE,1.4728,value,3,13,1.4728
COP2122-077,,ESTATE MANAGEMENT & VALUATION,University of Sri Jayewardenepura,BATTICALOA,1.4437,value,3,13,1.4437
COP2122-077,,ESTATE MANAGEMENT & VALUATION,University of Sri Jayewardenepura,AMPARA,1.3095,value,3,13,1.3095
COP2122-077,,ESTATE MANAGEMENT & VALUATION,University of Sri Jayewardenepura,PUTTALAM,1.4558,value,3,13,1.4558
COP2122-077,,ESTATE MANAGEMENT & VALUATION,University of Sri Jayewardenepura,KURUNEGALA,1.5654,value,3,13,1.5654
COP2122-077,,ESTATE MANAGEMENT & VALUATION,University of Sri Jayewardenepura,ANURADHAPURA,1.4925,value,3,13,1.4925
COP2122-077,,ESTATE MANAGEMENT & VALUATION,University of Sri Jayewardenepura,POLONNARUWA,1.4484,value,3,13,1.4484
COP2122-077,,ESTATE MANAGEMENT & VALUATION,University of Sri Jayewardenepura,BADULLA,1.5864,value,3,13,1.5864
COP2122-077,,ESTATE MANAGEMENT & VALUATION,University of Sri Jayewardenepura,MONARAGALA,1.5676,value,3,13,1.5676
COP2122-077,,ESTATE MANAGEMENT & VALUATION,University of Sri Jayewardenepura,KEGALLE,1.5695,value,3,13,1.5695
COP2122-077,,ESTATE MANAGEMENT & VALUATION,University of Sri Jayewardenepura,RATNAPURA,1.5729,value,3,13,1.5729
COP2122-078,,COMMERCE,University of Sri Jayewardenepura,COLOMBO,1.6016,value,3,14,1.6016
COP2122-078,,COMMERCE,University of Sri Jayewardenepura,GAMPAHA,1.6019,value,3,14,1.6019
COP2122-078,,COMMERCE,University of Sri Jayewardenepura,KALUTARA,1.6076,value,3,14,1.6076
COP2122-078,,COMMERCE,University of Sri Jayewardenepura,MATALE,1.6285,value,3,14,1.6285
COP2122-078,,COMMERCE,University of Sri Jayewardenepura,KANDY,1.6133,value,3,14,1.6133
COP2122-078,,COMMERCE,University of Sri Jayewardenepura,NUWARA ELIYA,1.6235,value,3,14,1.6235
COP2122-078,,COMMERCE,University of Sri Jayewardenepura,GALLE,1.6063,value,3,14,1.6063
COP2122-078,,COMMERCE,University of Sri Jayewardenepura,MATARA,1.6137,value,3,14,1.6137
COP2122-078,,COMMERCE,University of Sri Jayewardenepura,HAMBANTOTA,1.6418,value,3,14,1.6418
COP2122-078,,COMMERCE,University of Sri Jayewardenepura,JAFFNA,,NQC,3,14,NQC
COP2122-078,,COMMERCE,University of Sri Jayewardenepura,KILINOCHCHI,,NQC,3,14,NQC
COP2122-078,,COMMERCE,University of Sri Jayewardenepura,MANNAR,,NQC,3,14,NQC
COP2122-078,,COMMERCE,University of Sri Jayewardenepura,MULLAITIVU,,NQC,3,14,NQC
COP2122-078,,COMMERCE,University of Sri Jayewardenepura,VAVUNIYA,1.6363,value,3,14,1.6363
COP2122-078,,COMMERCE,University of Sri Jayewardenepura,TRINCOMALEE,,NQC,3,14,NQC
COP2122-078,,COMMERCE,University of Sri Jayewardenepura,BATTICALOA,,NQC,3,14,NQC
COP2122-078,,COMMERCE,University of Sri Jayewardenepura,AMPARA,1.6145,value,3,14,1.6145
COP2122-078,,COMMERCE,University of Sri Jayewardenepura,PUTTALAM,1.6321,value,3,14,1.6321
COP2122-078,,COMMERCE,University of Sri Jayewardenepura,KURUNEGALA,1.6095,value,3,14,1.6095
COP2122-078,,COMMERCE,University of Sri Jayewardenepura,ANURADHAPURA,1.6315,value,3,14,1.6315
COP2122-078,,COMMERCE,University of Sri Jayewardenepura,POLONNARUWA,1.6875,value,3,14,1.6875
COP2122-078,,COMMERCE,University of Sri Jayewardenepura,BADULLA,1.6020,value,3,14,1.6020
COP2122-078,,COMMERCE,University of Sri Jayewardenepura,MONARAGALA,,NQC,3,14,NQC
COP2122-078,,COMMERCE,University of Sri Jayewardenepura,KEGALLE,1.6060,value,3,14,1.6060
COP2122-078,,COMMERCE,University of Sri Jayewardenepura,RATNAPURA,1.6048,value,3,14,1.6048
COP2122-079,,COMMERCE,University of Kelaniya,COLOMBO,1.4858,value,3,15,1.4858
COP2122-079,,COMMERCE,University of Kelaniya,GAMPAHA,1.4877,value,3,15,1.4877
COP2122-079,,COMMERCE,University of Kelaniya,KALUTARA,1.4881,value,3,15,1.4881
COP2122-079,,COMMERCE,University of Kelaniya,MATALE,1.4947,value,3,15,1.4947
COP2122-079,,COMMERCE,University of Kelaniya,KANDY,1.4887,value,3,15,1.4887
COP2122-079,,COMMERCE,University of Kelaniya,NUWARA ELIYA,1.5172,value,3,15,1.5172
COP2122-079,,COMMERCE,University of Kelaniya,GALLE,1.4920,value,3,15,1.4920
COP2122-079,,COMMERCE,University of Kelaniya,MATARA,1.5090,value,3,15,1.5090
COP2122-079,,COMMERCE,University of Kelaniya,HAMBANTOTA,1.4925,value,3,15,1.4925
COP2122-079,,COMMERCE,University of Kelaniya,JAFFNA,1.5843,value,3,15,1.5843
COP2122-079,,COMMERCE,University of Kelaniya,KILINOCHCHI,,NQC,3,15,NQC
COP2122-079,,COMMERCE,University of Kelaniya,MANNAR,,NQC,3,15,NQC
COP2122-079,,COMMERCE,University of Kelaniya,MULLAITIVU,,NQC,3,15,NQC
COP2122-079,,COMMERCE,University of Kelaniya,VAVUNIYA,,NQC,3,15,NQC
COP2122-079,,COMMERCE,University of Kelaniya,TRINCOMALEE,,NQC,3,15,NQC
COP2122-079,,COMMERCE,University of Kelaniya,BATTICALOA,,NQC,3,15,NQC
COP2122-079,,COMMERCE,University of Kelaniya,AMPARA,1.5017,value,3,15,1.5017
COP2122-079,,COMMERCE,University of Kelaniya,PUTTALAM,1.5698,value,3,15,1.5698
COP2122-079,,COMMERCE,University of Kelaniya,KURUNEGALA,1.4847,value,3,15,1.4847
COP2122-079,,COMMERCE,University of Kelaniya,ANURADHAPURA,1.5396,value,3,15,1.5396
COP2122-079,,COMMERCE,University of Kelaniya,POLONNARUWA,1.5924,value,3,15,1.5924
COP2122-079,,COMMERCE,University of Kelaniya,BADULLA,1.5040,value,3,15,1.5040
COP2122-079,,COMMERCE,University of Kelaniya,MONARAGALA,1.5741,value,3,15,1.5741
COP2122-079,,COMMERCE,University of Kelaniya,KEGALLE,1.4909,value,3,15,1.4909
COP2122-079,,COMMERCE,University of Kelaniya,RATNAPURA,1.4999,value,3,15,1.4999
COP2122-080,,COMMERCE,University of Jaffna,COLOMBO,1.2840,value,3,16,1.2840
COP2122-080,,COMMERCE,University of Jaffna,GAMPAHA,1.2303,value,3,16,1.2303
COP2122-080,,COMMERCE,University of Jaffna,KALUTARA,1.3026,value,3,16,1.3026
COP2122-080,,COMMERCE,University of Jaffna,MATALE,1.2488,value,3,16,1.2488
COP2122-080,,COMMERCE,University of Jaffna,KANDY,1.2295,value,3,16,1.2295
COP2122-080,,COMMERCE,University of Jaffna,NUWARA ELIYA,1.1743,value,3,16,1.1743
COP2122-080,,COMMERCE,University of Jaffna,GALLE,1.2736,value,3,16,1.2736
COP2122-080,,COMMERCE,University of Jaffna,MATARA,1.2893,value,3,16,1.2893
COP2122-080,,COMMERCE,University of Jaffna,HAMBANTOTA,,NQC,3,16,NQC
COP2122-080,,COMMERCE,University of Jaffna,JAFFNA,1.1793,value,3,16,1.1793
COP2122-080,,COMMERCE,University of Jaffna,KILINOCHCHI,,NQC,3,16,NQC
COP2122-080,,COMMERCE,University of Jaffna,MANNAR,,NQC,3,16,NQC
COP2122-080,,COMMERCE,University of Jaffna,MULLAITIVU,1.1902,value,3,16,1.1902
COP2122-080,,COMMERCE,University of Jaffna,VAVUNIYA,,NQC,3,16,NQC
COP2122-080,,COMMERCE,University of Jaffna,TRINCOMALEE,,NQC,3,16,NQC
COP2122-080,,COMMERCE,University of Jaffna,BATTICALOA,,NQC,3,16,NQC
COP2122-080,,COMMERCE,University of Jaffna,AMPARA,,NQC,3,16,NQC
COP2122-080,,COMMERCE,University of Jaffna,PUTTALAM,1.1768,value,3,16,1.1768
COP2122-080,,COMMERCE,University of Jaffna,KURUNEGALA,1.2592,value,3,16,1.2592
COP2122-080,,COMMERCE,University of Jaffna,ANURADHAPURA,1.1782,value,3,16,1.1782
COP2122-080,,COMMERCE,University of Jaffna,POLONNARUWA,1.1799,value,3,16,1.1799
COP2122-080,,COMMERCE,University of Jaffna,BADULLA,1.1819,value,3,16,1.1819
COP2122-080,,COMMERCE,University of Jaffna,MONARAGALA,1.3012,value,3,16,1.3012
COP2122-080,,COMMERCE,University of Jaffna,KEGALLE,1.2472,value,3,16,1.2472
COP2122-080,,COMMERCE,University of Jaffna,RATNAPURA,1.1946,value,3,16,1.1946
COP2122-081,,COMMERCE,"Eastern University, Sri Lanka",COLOMBO,1.2862,value,3,17,1.2862
COP2122-081,,COMMERCE,"Eastern University, Sri Lanka",GAMPAHA,1.2321,value,3,17,1.2321
COP2122-081,,COMMERCE,"Eastern University, Sri Lanka",KALUTARA,1.2970,value,3,17,1.2970
COP2122-081,,COMMERCE,"Eastern University, Sri Lanka",MATALE,1.2491,value,3,17,1.2491
COP2122-081,,COMMERCE,"Eastern University, Sri Lanka",KANDY,1.2421,value,3,17,1.2421
COP2122-081,,COMMERCE,"Eastern University, Sri Lanka",NUWARA ELIYA,1.0869,value,3,17,1.0869
COP2122-081,,COMMERCE,"Eastern University, Sri Lanka",GALLE,1.2729,value,3,17,1.2729
COP2122-081,,COMMERCE,"Eastern University, Sri Lanka",MATARA,1.2901,value,3,17,1.2901
COP2122-081,,COMMERCE,"Eastern University, Sri Lanka",HAMBANTOTA,1.0511,value,3,17,1.0511
COP2122-081,,COMMERCE,"Eastern University, Sri Lanka",JAFFNA,1.0495,value,3,17,1.0495
COP2122-081,,COMMERCE,"Eastern University, Sri Lanka",KILINOCHCHI,1.1022,value,3,17,1.1022
COP2122-081,,COMMERCE,"Eastern University, Sri Lanka",MANNAR,1.1032,value,3,17,1.1032
COP2122-081,,COMMERCE,"Eastern University, Sri Lanka",MULLAITIVU,1.1633,value,3,17,1.1633
COP2122-081,,COMMERCE,"Eastern University, Sri Lanka",VAVUNIYA,1.0506,value,3,17,1.0506
COP2122-081,,COMMERCE,"Eastern University, Sri Lanka",TRINCOMALEE,,NQC,3,17,NQC
COP2122-081,,COMMERCE,"Eastern University, Sri Lanka",BATTICALOA,,NQC,3,17,NQC
COP2122-081,,COMMERCE,"Eastern University, Sri Lanka",AMPARA,1.0613,value,3,17,1.0613
COP2122-081,,COMMERCE,"Eastern University, Sri Lanka",PUTTALAM,1.1005,value,3,17,1.1005
COP2122-081,,COMMERCE,"Eastern University, Sri Lanka",KURUNEGALA,1.2553,value,3,17,1.2553
COP2122-081,,COMMERCE,"Eastern University, Sri Lanka",ANURADHAPURA,1.0406,value,3,17,1.0406
COP2122-081,,COMMERCE,"Eastern University, Sri Lanka",POLONNARUWA,1.1151,value,3,17,1.1151
COP2122-081,,COMMERCE,"Eastern University, Sri Lanka",BADULLA,1.1612,value,3,17,1.1612
COP2122-081,,COMMERCE,"Eastern University, Sri Lanka",MONARAGALA,1.2972,value,3,17,1.2972
COP2122-081,,COMMERCE,"Eastern University, Sri Lanka",KEGALLE,1.2473,value,3,17,1.2473
COP2122-081,,COMMERCE,"Eastern University, Sri Lanka",RATNAPURA,1.1928,value,3,17,1.1928
COP2122-082,,COMMERCE,South Eastern University of Sri Lanka,COLOMBO,1.2893,value,3,18,1.2893
COP2122-082,,COMMERCE,South Eastern University of Sri Lanka,GAMPAHA,1.2284,value,3,18,1.2284
COP2122-082,,COMMERCE,South Eastern University of Sri Lanka,KALUTARA,1.3130,value,3,18,1.3130
COP2122-082,,COMMERCE,South Eastern University of Sri Lanka,MATALE,1.2591,value,3,18,1.2591
COP2122-082,,COMMERCE,South Eastern University of Sri Lanka,KANDY,1.2461,value,3,18,1.2461
COP2122-082,,COMMERCE,South Eastern University of Sri Lanka,NUWARA ELIYA,1.1027,value,3,18,1.1027
COP2122-082,,COMMERCE,South Eastern University of Sri Lanka,GALLE,1.2740,value,3,18,1.2740
COP2122-082,,COMMERCE,South Eastern University of Sri Lanka,MATARA,1.2928,value,3,18,1.2928
COP2122-082,,COMMERCE,South Eastern University of Sri Lanka,HAMBANTOTA,1.0386,value,3,18,1.0386
COP2122-082,,COMMERCE,South Eastern University of Sri Lanka,JAFFNA,1.1047,value,3,18,1.1047
COP2122-082,,COMMERCE,South Eastern University of Sri Lanka,KILINOCHCHI,,NQC,3,18,NQC
COP2122-082,,COMMERCE,South Eastern University of Sri Lanka,MANNAR,,NQC,3,18,NQC
COP2122-082,,COMMERCE,South Eastern University of Sri Lanka,MULLAITIVU,,NQC,3,18,NQC
COP2122-082,,COMMERCE,South Eastern University of Sri Lanka,VAVUNIYA,0.6308,value,3,18,0.6308
COP2122-082,,COMMERCE,South Eastern University of Sri Lanka,TRINCOMALEE,0.9099,value,3,18,0.9099
COP2122-082,,COMMERCE,South Eastern University of Sri Lanka,BATTICALOA,0.9366,value,3,18,0.9366
COP2122-082,,COMMERCE,South Eastern University of Sri Lanka,AMPARA,1.0088,value,3,18,1.0088
COP2122-082,,COMMERCE,South Eastern University of Sri Lanka,PUTTALAM,1.0987,value,3,18,1.0987
COP2122-082,,COMMERCE,South Eastern University of Sri Lanka,KURUNEGALA,1.2563,value,3,18,1.2563
COP2122-082,,COMMERCE,South Eastern University of Sri Lanka,ANURADHAPURA,1.0340,value,3,18,1.0340
COP2122-082,,COMMERCE,South Eastern University of Sri Lanka,POLONNARUWA,1.1716,value,3,18,1.1716
COP2122-082,,COMMERCE,South Eastern University of Sri Lanka,BADULLA,1.1612,value,3,18,1.1612
COP2122-082,,COMMERCE,South Eastern University of Sri Lanka,MONARAGALA,1.2978,value,3,18,1.2978
COP2122-082,,COMMERCE,South Eastern University of Sri Lanka,KEGALLE,1.2838,value,3,18,1.2838
COP2122-082,,COMMERCE,South Eastern University of Sri Lanka,RATNAPURA,1.1875,value,3,18,1.1875
COP2122-083,,MANAGEMENT (PUBLIC) HONOURS,University of Sri Jayewardenepura,COLOMBO,1.6169,value,3,19,1.6169
COP2122-083,,MANAGEMENT (PUBLIC) HONOURS,University of Sri Jayewardenepura,GAMPAHA,1.5912,value,3,19,1.5912
COP2122-083,,MANAGEMENT (PUBLIC) HONOURS,University of Sri Jayewardenepura,KALUTARA,1.5233,value,3,19,1.5233
COP2122-083,,MANAGEMENT (PUBLIC) HONOURS,University of Sri Jayewardenepura,MATALE,1.5865,value,3,19,1.5865
COP2122-083,,MANAGEMENT (PUBLIC) HONOURS,University of Sri Jayewardenepura,KANDY,1.4953,value,3,19,1.4953
COP2122-083,,MANAGEMENT (PUBLIC) HONOURS,University of Sri Jayewardenepura,NUWARA ELIYA,1.4577,value,3,19,1.4577
COP2122-083,,MANAGEMENT (PUBLIC) HONOURS,University of Sri Jayewardenepura,GALLE,1.5671,value,3,19,1.5671
COP2122-083,,MANAGEMENT (PUBLIC) HONOURS,University of Sri Jayewardenepura,MATARA,1.6124,value,3,19,1.6124
COP2122-083,,MANAGEMENT (PUBLIC) HONOURS,University of Sri Jayewardenepura,HAMBANTOTA,1.5770,value,3,19,1.5770
COP2122-083,,MANAGEMENT (PUBLIC) HONOURS,University of Sri Jayewardenepura,JAFFNA,1.5151,value,3,19,1.5151
COP2122-083,,MANAGEMENT (PUBLIC) HONOURS,University of Sri Jayewardenepura,KILINOCHCHI,1.5710,value,3,19,1.5710
COP2122-083,,MANAGEMENT (PUBLIC) HONOURS,University of Sri Jayewardenepura,MANNAR,1.3930,value,3,19,1.3930
COP2122-083,,MANAGEMENT (PUBLIC) HONOURS,University of Sri Jayewardenepura,MULLAITIVU,1.3468,value,3,19,1.3468
COP2122-083,,MANAGEMENT (PUBLIC) HONOURS,University of Sri Jayewardenepura,VAVUNIYA,1.5084,value,3,19,1.5084
COP2122-083,,MANAGEMENT (PUBLIC) HONOURS,University of Sri Jayewardenepura,TRINCOMALEE,1.5996,value,3,19,1.5996
COP2122-083,,MANAGEMENT (PUBLIC) HONOURS,University of Sri Jayewardenepura,BATTICALOA,1.5528,value,3,19,1.5528
COP2122-083,,MANAGEMENT (PUBLIC) HONOURS,University of Sri Jayewardenepura,AMPARA,1.5708,value,3,19,1.5708
COP2122-083,,MANAGEMENT (PUBLIC) HONOURS,University of Sri Jayewardenepura,PUTTALAM,1.4328,value,3,19,1.4328
COP2122-083,,MANAGEMENT (PUBLIC) HONOURS,University of Sri Jayewardenepura,KURUNEGALA,1.5144,value,3,19,1.5144
COP2122-083,,MANAGEMENT (PUBLIC) HONOURS,University of Sri Jayewardenepura,ANURADHAPURA,1.4694,value,3,19,1.4694
COP2122-083,,MANAGEMENT (PUBLIC) HONOURS,University of Sri Jayewardenepura,POLONNARUWA,1.5426,value,3,19,1.5426
COP2122-083,,MANAGEMENT (PUBLIC) HONOURS,University of Sri Jayewardenepura,BADULLA,1.5269,value,3,19,1.5269
COP2122-083,,MANAGEMENT (PUBLIC) HONOURS,University of Sri Jayewardenepura,MONARAGALA,1.6017,value,3,19,1.6017
COP2122-083,,MANAGEMENT (PUBLIC) HONOURS,University of Sri Jayewardenepura,KEGALLE,1.6149,value,3,19,1.6149
COP2122-083,,MANAGEMENT (PUBLIC) HONOURS,University of Sri Jayewardenepura,RATNAPURA,1.5649,value,3,19,1.5649
COP2122-084,,BUSINESS INFORMATION SYSTEMS (HONOURS) (BIS),University of Sri Jayewardenepura,COLOMBO,1.8554,value,3,20,1.8554
COP2122-084,,BUSINESS INFORMATION SYSTEMS (HONOURS) (BIS),University of Sri Jayewardenepura,GAMPAHA,1.7355,value,3,20,1.7355
COP2122-084,,BUSINESS INFORMATION SYSTEMS (HONOURS) (BIS),University of Sri Jayewardenepura,KALUTARA,1.7742,value,3,20,1.7742
COP2122-084,,BUSINESS INFORMATION SYSTEMS (HONOURS) (BIS),University of Sri Jayewardenepura,MATALE,1.7037,value,3,20,1.7037
COP2122-084,,BUSINESS INFORMATION SYSTEMS (HONOURS) (BIS),University of Sri Jayewardenepura,KANDY,1.6606,value,3,20,1.6606
COP2122-084,,BUSINESS INFORMATION SYSTEMS (HONOURS) (BIS),University of Sri Jayewardenepura,NUWARA ELIYA,1.7144,value,3,20,1.7144
COP2122-084,,BUSINESS INFORMATION SYSTEMS (HONOURS) (BIS),University of Sri Jayewardenepura,GALLE,1.8215,value,3,20,1.8215
COP2122-084,,BUSINESS INFORMATION SYSTEMS (HONOURS) (BIS),University of Sri Jayewardenepura,MATARA,1.8549,value,3,20,1.8549
COP2122-084,,BUSINESS INFORMATION SYSTEMS (HONOURS) (BIS),University of Sri Jayewardenepura,HAMBANTOTA,1.6643,value,3,20,1.6643
COP2122-084,,BUSINESS INFORMATION SYSTEMS (HONOURS) (BIS),University of Sri Jayewardenepura,JAFFNA,1.6798,value,3,20,1.6798
COP2122-084,,BUSINESS INFORMATION SYSTEMS (HONOURS) (BIS),University of Sri Jayewardenepura,KILINOCHCHI,1.1520,value,3,20,1.1520
COP2122-084,,BUSINESS INFORMATION SYSTEMS (HONOURS) (BIS),University of Sri Jayewardenepura,MANNAR,1.6901,value,3,20,1.6901
COP2122-084,,BUSINESS INFORMATION SYSTEMS (HONOURS) (BIS),University of Sri Jayewardenepura,MULLAITIVU,1.3451,value,3,20,1.3451
COP2122-084,,BUSINESS INFORMATION SYSTEMS (HONOURS) (BIS),University of Sri Jayewardenepura,VAVUNIYA,1.5979,value,3,20,1.5979
COP2122-084,,BUSINESS INFORMATION SYSTEMS (HONOURS) (BIS),University of Sri Jayewardenepura,TRINCOMALEE,1.5261,value,3,20,1.5261
COP2122-084,,BUSINESS INFORMATION SYSTEMS (HONOURS) (BIS),University of Sri Jayewardenepura,BATTICALOA,1.7083,value,3,20,1.7083
COP2122-084,,BUSINESS INFORMATION SYSTEMS (HONOURS) (BIS),University of Sri Jayewardenepura,AMPARA,1.5520,value,3,20,1.5520
COP2122-084,,BUSINESS INFORMATION SYSTEMS (HONOURS) (BIS),University of Sri Jayewardenepura,PUTTALAM,1.5069,value,3,20,1.5069
COP2122-084,,BUSINESS INFORMATION SYSTEMS (HONOURS) (BIS),University of Sri Jayewardenepura,KURUNEGALA,1.6187,value,3,20,1.6187
COP2122-084,,BUSINESS INFORMATION SYSTEMS (HONOURS) (BIS),University of Sri Jayewardenepura,ANURADHAPURA,1.7267,value,3,20,1.7267
COP2122-084,,BUSINESS INFORMATION SYSTEMS (HONOURS) (BIS),University of Sri Jayewardenepura,POLONNARUWA,1.5424,value,3,20,1.5424
COP2122-084,,BUSINESS INFORMATION SYSTEMS (HONOURS) (BIS),University of Sri Jayewardenepura,BADULLA,1.6664,value,3,20,1.6664
COP2122-084,,BUSINESS INFORMATION SYSTEMS (HONOURS) (BIS),University of Sri Jayewardenepura,MONARAGALA,1.5678,value,3,20,1.5678
COP2122-084,,BUSINESS INFORMATION SYSTEMS (HONOURS) (BIS),University of Sri Jayewardenepura,KEGALLE,1.6706,value,3,20,1.6706
COP2122-084,,BUSINESS INFORMATION SYSTEMS (HONOURS) (BIS),University of Sri Jayewardenepura,RATNAPURA,1.7870,value,3,20,1.7870
COP2122-085,,FINANCIAL ENGINEERING,University of Kelaniya,COLOMBO,1.4339,value,3,21,1.4339
COP2122-085,,FINANCIAL ENGINEERING,University of Kelaniya,GAMPAHA,1.3676,value,3,21,1.3676
COP2122-085,,FINANCIAL ENGINEERING,University of Kelaniya,KALUTARA,1.3939,value,3,21,1.3939
COP2122-085,,FINANCIAL ENGINEERING,University of Kelaniya,MATALE,1.4343,value,3,21,1.4343
COP2122-085,,FINANCIAL ENGINEERING,University of Kelaniya,KANDY,1.3564,value,3,21,1.3564
COP2122-085,,FINANCIAL ENGINEERING,University of Kelaniya,NUWARA ELIYA,1.0816,value,3,21,1.0816
COP2122-085,,FINANCIAL ENGINEERING,University of Kelaniya,GALLE,1.4121,value,3,21,1.4121
COP2122-085,,FINANCIAL ENGINEERING,University of Kelaniya,MATARA,1.2953,value,3,21,1.2953
COP2122-085,,FINANCIAL ENGINEERING,University of Kelaniya,HAMBANTOTA,1.2180,value,3,21,1.2180
COP2122-085,,FINANCIAL ENGINEERING,University of Kelaniya,JAFFNA,1.0130,value,3,21,1.0130
COP2122-085,,FINANCIAL ENGINEERING,University of Kelaniya,KILINOCHCHI,,NQC,3,21,NQC
COP2122-085,,FINANCIAL ENGINEERING,University of Kelaniya,MANNAR,1.0402,value,3,21,1.0402
COP2122-085,,FINANCIAL ENGINEERING,University of Kelaniya,MULLAITIVU,1.0050,value,3,21,1.0050
COP2122-085,,FINANCIAL ENGINEERING,University of Kelaniya,VAVUNIYA,,NQC,3,21,NQC
COP2122-085,,FINANCIAL ENGINEERING,University of Kelaniya,TRINCOMALEE,1.4567,value,3,21,1.4567
COP2122-085,,FINANCIAL ENGINEERING,University of Kelaniya,BATTICALOA,1.1719,value,3,21,1.1719
COP2122-085,,FINANCIAL ENGINEERING,University of Kelaniya,AMPARA,0.8791,value,3,21,0.8791
COP2122-085,,FINANCIAL ENGINEERING,University of Kelaniya,PUTTALAM,,NQC,3,21,NQC
COP2122-085,,FINANCIAL ENGINEERING,University of Kelaniya,KURUNEGALA,1.1435,value,3,21,1.1435
COP2122-085,,FINANCIAL ENGINEERING,University of Kelaniya,ANURADHAPURA,1.2883,value,3,21,1.2883
COP2122-085,,FINANCIAL ENGINEERING,University of Kelaniya,POLONNARUWA,1.2115,value,3,21,1.2115
COP2122-085,,FINANCIAL ENGINEERING,University of Kelaniya,BADULLA,1.4444,value,3,21,1.4444
COP2122-085,,FINANCIAL ENGINEERING,University of Kelaniya,MONARAGALA,1.2057,value,3,21,1.2057
COP2122-085,,FINANCIAL ENGINEERING,University of Kelaniya,KEGALLE,1.3873,value,3,21,1.3873
COP2122-085,,FINANCIAL ENGINEERING,University of Kelaniya,RATNAPURA,1.1152,value,3,21,1.1152
COP2122-086,,BANKING & INSURANCE,"University of Vavuniya, Sri Lanka",COLOMBO,1.2671,value,3,22,1.2671
COP2122-086,,BANKING & INSURANCE,"University of Vavuniya, Sri Lanka",GAMPAHA,1.2375,value,3,22,1.2375
COP2122-086,,BANKING & INSURANCE,"University of Vavuniya, Sri Lanka",KALUTARA,1.3003,value,3,22,1.3003
COP2122-086,,BANKING & INSURANCE,"University of Vavuniya, Sri Lanka",MATALE,1.2853,value,3,22,1.2853
COP2122-086,,BANKING & INSURANCE,"University of Vavuniya, Sri Lanka",KANDY,1.2384,value,3,22,1.2384
COP2122-086,,BANKING & INSURANCE,"University of Vavuniya, Sri Lanka",NUWARA ELIYA,1.1397,value,3,22,1.1397
COP2122-086,,BANKING & INSURANCE,"University of Vavuniya, Sri Lanka",GALLE,1.3066,value,3,22,1.3066
COP2122-086,,BANKING & INSURANCE,"University of Vavuniya, Sri Lanka",MATARA,1.3032,value,3,22,1.3032
COP2122-086,,BANKING & INSURANCE,"University of Vavuniya, Sri Lanka",HAMBANTOTA,1.2062,value,3,22,1.2062
COP2122-086,,BANKING & INSURANCE,"University of Vavuniya, Sri Lanka",JAFFNA,1.2965,value,3,22,1.2965
COP2122-086,,BANKING & INSURANCE,"University of Vavuniya, Sri Lanka",KILINOCHCHI,1.1437,value,3,22,1.1437
COP2122-086,,BANKING & INSURANCE,"University of Vavuniya, Sri Lanka",MANNAR,1.0990,value,3,22,1.0990
COP2122-086,,BANKING & INSURANCE,"University of Vavuniya, Sri Lanka",MULLAITIVU,1.1324,value,3,22,1.1324
COP2122-086,,BANKING & INSURANCE,"University of Vavuniya, Sri Lanka",VAVUNIYA,1.0603,value,3,22,1.0603
COP2122-086,,BANKING & INSURANCE,"University of Vavuniya, Sri Lanka",TRINCOMALEE,1.2861,value,3,22,1.2861
COP2122-086,,BANKING & INSURANCE,"University of Vavuniya, Sri Lanka",BATTICALOA,1.3085,value,3,22,1.3085
COP2122-086,,BANKING & INSURANCE,"University of Vavuniya, Sri Lanka",AMPARA,1.0582,value,3,22,1.0582
COP2122-086,,BANKING & INSURANCE,"University of Vavuniya, Sri Lanka",PUTTALAM,1.1803,value,3,22,1.1803
COP2122-086,,BANKING & INSURANCE,"University of Vavuniya, Sri Lanka",KURUNEGALA,1.2689,value,3,22,1.2689
COP2122-086,,BANKING & INSURANCE,"University of Vavuniya, Sri Lanka",ANURADHAPURA,1.1616,value,3,22,1.1616
COP2122-086,,BANKING & INSURANCE,"University of Vavuniya, Sri Lanka",POLONNARUWA,1.1034,value,3,22,1.1034
COP2122-086,,BANKING & INSURANCE,"University of Vavuniya, Sri Lanka",BADULLA,1.2291,value,3,22,1.2291
COP2122-086,,BANKING & INSURANCE,"University of Vavuniya, Sri Lanka",MONARAGALA,1.2902,value,3,22,1.2902
COP2122-086,,BANKING & INSURANCE,"University of Vavuniya, Sri Lanka",KEGALLE,1.2935,value,3,22,1.2935
COP2122-086,,BANKING & INSURANCE,"University of Vavuniya, Sri Lanka",RATNAPURA,1.2643,value,3,22,1.2643
COP2122-087,,LAW,University of Colombo,COLOMBO,2.0202,value,3,23,2.0202
COP2122-087,,LAW,University of Colombo,GAMPAHA,2.0260,value,3,23,2.0260
COP2122-087,,LAW,University of Colombo,KALUTARA,2.0267,value,3,23,2.0267
COP2122-087,,LAW,University of Colombo,MATALE,2.0231,value,3,23,2.0231
COP2122-087,,LAW,University of Colombo,KANDY,2.0307,value,3,23,2.0307
COP2122-087,,LAW,University of Colombo,NUWARA ELIYA,2.0688,value,3,23,2.0688
COP2122-087,,LAW,University of Colombo,GALLE,2.0260,value,3,23,2.0260
COP2122-087,,LAW,University of Colombo,MATARA,2.0477,value,3,23,2.0477
COP2122-087,,LAW,University of Colombo,HAMBANTOTA,2.0288,value,3,23,2.0288
COP2122-087,,LAW,University of Colombo,JAFFNA,2.0314,value,3,23,2.0314
COP2122-087,,LAW,University of Colombo,KILINOCHCHI,,NQC,3,23,NQC
COP2122-087,,LAW,University of Colombo,MANNAR,,NQC,3,23,NQC
COP2122-087,,LAW,University of Colombo,MULLAITIVU,,NQC,3,23,NQC
COP2122-087,,LAW,University of Colombo,VAVUNIYA,2.0504,value,3,23,2.0504
COP2122-087,,LAW,University of Colombo,TRINCOMALEE,2.0431,value,3,23,2.0431
COP2122-087,,LAW,University of Colombo,BATTICALOA,2.0240,value,3,23,2.0240
COP2122-087,,LAW,University of Colombo,AMPARA,2.0505,value,3,23,2.0505
COP2122-087,,LAW,University of Colombo,PUTTALAM,2.0215,value,3,23,2.0215
COP2122-087,,LAW,University of Colombo,KURUNEGALA,2.0178,value,3,23,2.0178
COP2122-087,,LAW,University of Colombo,ANURADHAPURA,2.0225,value,3,23,2.0225
COP2122-087,,LAW,University of Colombo,POLONNARUWA,2.0371,value,3,23,2.0371
COP2122-087,,LAW,University of Colombo,BADULLA,2.0372,value,3,23,2.0372
COP2122-087,,LAW,University of Colombo,MONARAGALA,2.0431,value,3,23,2.0431
COP2122-087,,LAW,University of Colombo,KEGALLE,2.0237,value,3,23,2.0237
COP2122-087,,LAW,University of Colombo,RATNAPURA,2.0285,value,3,23,2.0285
COP2122-088,,LAW,University of Peradeniya,COLOMBO,1.9965,value,3,24,1.9965
COP2122-088,,LAW,University of Peradeniya,GAMPAHA,1.9896,value,3,24,1.9896
COP2122-088,,LAW,University of Peradeniya,KALUTARA,1.9925,value,3,24,1.9925
COP2122-088,,LAW,University of Peradeniya,MATALE,1.9908,value,3,24,1.9908
COP2122-088,,LAW,University of Peradeniya,KANDY,1.9897,value,3,24,1.9897
COP2122-088,,LAW,University of Peradeniya,NUWARA ELIYA,1.9978,value,3,24,1.9978
COP2122-088,,LAW,University of Peradeniya,GALLE,1.9971,value,3,24,1.9971
COP2122-088,,LAW,University of Peradeniya,MATARA,2.0120,value,3,24,2.0120
COP2122-088,,LAW,University of Peradeniya,HAMBANTOTA,2.0050,value,3,24,2.0050
COP2122-088,,LAW,University of Peradeniya,JAFFNA,2.0023,value,3,24,2.0023
COP2122-088,,LAW,University of Peradeniya,KILINOCHCHI,,NQC,3,24,NQC
COP2122-088,,LAW,University of Peradeniya,MANNAR,,NQC,3,24,NQC
COP2122-088,,LAW,University of Peradeniya,MULLAITIVU,,NQC,3,24,NQC
COP2122-088,,LAW,University of Peradeniya,VAVUNIYA,,NQC,3,24,NQC
COP2122-088,,LAW,University of Peradeniya,TRINCOMALEE,2.0060,value,3,24,2.0060
COP2122-088,,LAW,University of Peradeniya,BATTICALOA,2.0012,value,3,24,2.0012
COP2122-088,,LAW,University of Peradeniya,AMPARA,1.9951,value,3,24,1.9951
COP2122-088,,LAW,University of Peradeniya,PUTTALAM,1.9936,value,3,24,1.9936
COP2122-088,,LAW,University of Peradeniya,KURUNEGALA,1.9979,value,3,24,1.9979
COP2122-088,,LAW,University of Peradeniya,ANURADHAPURA,1.9998,value,3,24,1.9998
COP2122-088,,LAW,University of Peradeniya,POLONNARUWA,1.9933,value,3,24,1.9933
COP2122-088,,LAW,University of Peradeniya,BADULLA,,NQC,3,24,NQC
COP2122-088,,LAW,University of Peradeniya,MONARAGALA,1.9931,value,3,24,1.9931
COP2122-088,,LAW,University of Peradeniya,KEGALLE,2.0039,value,3,24,2.0039
COP2122-088,,LAW,University of Peradeniya,RATNAPURA,2.0017,value,3,24,2.0017
COP2122-089,,LAW,University of Jaffna,COLOMBO,1.9635,value,3,25,1.9635
COP2122-089,,LAW,University of Jaffna,GAMPAHA,1.8662,value,3,25,1.8662
COP2122-089,,LAW,University of Jaffna,KALUTARA,1.8602,value,3,25,1.8602
COP2122-089,,LAW,University of Jaffna,MATALE,1.8971,value,3,25,1.8971
COP2122-089,,LAW,University of Jaffna,KANDY,1.8426,value,3,25,1.8426
COP2122-089,,LAW,University of Jaffna,NUWARA ELIYA,1.9389,value,3,25,1.9389
COP2122-089,,LAW,University of Jaffna,GALLE,1.9432,value,3,25,1.9432
COP2122-089,,LAW,University of Jaffna,MATARA,1.9573,value,3,25,1.9573
COP2122-089,,LAW,University of Jaffna,HAMBANTOTA,1.8834,value,3,25,1.8834
COP2122-089,,LAW,University of Jaffna,JAFFNA,1.9414,value,3,25,1.9414
COP2122-089,,LAW,University of Jaffna,KILINOCHCHI,1.7645,value,3,25,1.7645
COP2122-089,,LAW,University of Jaffna,MANNAR,1.8947,value,3,25,1.8947
COP2122-089,,LAW,University of Jaffna,MULLAITIVU,1.9483,value,3,25,1.9483
COP2122-089,,LAW,University of Jaffna,VAVUNIYA,2.0173,value,3,25,2.0173
COP2122-089,,LAW,University of Jaffna,TRINCOMALEE,1.9408,value,3,25,1.9408
COP2122-089,,LAW,University of Jaffna,BATTICALOA,1.9333,value,3,25,1.9333
COP2122-089,,LAW,University of Jaffna,AMPARA,1.8527,value,3,25,1.8527
COP2122-089,,LAW,University of Jaffna,PUTTALAM,1.9213,value,3,25,1.9213
COP2122-089,,LAW,University of Jaffna,KURUNEGALA,1.9528,value,3,25,1.9528
COP2122-089,,LAW,University of Jaffna,ANURADHAPURA,1.9814,value,3,25,1.9814
COP2122-089,,LAW,University of Jaffna,POLONNARUWA,1.9769,value,3,25,1.9769
COP2122-089,,LAW,University of Jaffna,BADULLA,1.9117,value,3,25,1.9117
COP2122-089,,LAW,University of Jaffna,MONARAGALA,1.9809,value,3,25,1.9809
COP2122-089,,LAW,University of Jaffna,KEGALLE,1.9511,value,3,25,1.9511
COP2122-089,,LAW,University of Jaffna,RATNAPURA,1.8876,value,3,25,1.8876
COP2122-090,,ARTS,University of Colombo,COLOMBO,1.7686,value,3,26,1.7686
COP2122-090,,ARTS,University of Colombo,GAMPAHA,1.7686,value,3,26,1.7686
COP2122-090,,ARTS,University of Colombo,KALUTARA,1.7686,value,3,26,1.7686
COP2122-090,,ARTS,University of Colombo,MATALE,1.7686,value,3,26,1.7686
COP2122-090,,ARTS,University of Colombo,KANDY,1.7686,value,3,26,1.7686
COP2122-090,,ARTS,University of Colombo,NUWARA ELIYA,1.7686,value,3,26,1.7686
COP2122-090,,ARTS,University of Colombo,GALLE,1.7686,value,3,26,1.7686
COP2122-090,,ARTS,University of Colombo,MATARA,1.7686,value,3,26,1.7686
COP2122-090,,ARTS,University of Colombo,HAMBANTOTA,1.7686,value,3,26,1.7686
COP2122-090,,ARTS,University of Colombo,JAFFNA,1.7686,value,3,26,1.7686
COP2122-090,,ARTS,University of Colombo,KILINOCHCHI,1.7686,value,3,26,1.7686
COP2122-090,,ARTS,University of Colombo,MANNAR,1.7686,value,3,26,1.7686
COP2122-090,,ARTS,University of Colombo,MULLAITIVU,1.7686,value,3,26,1.7686
COP2122-090,,ARTS,University of Colombo,VAVUNIYA,1.7686,value,3,26,1.7686
COP2122-090,,ARTS,University of Colombo,TRINCOMALEE,1.7686,value,3,26,1.7686
COP2122-090,,ARTS,University of Colombo,BATTICALOA,1.7686,value,3,26,1.7686
COP2122-090,,ARTS,University of Colombo,AMPARA,1.7686,value,3,26,1.7686
COP2122-090,,ARTS,University of Colombo,PUTTALAM,1.7686,value,3,26,1.7686
COP2122-090,,ARTS,University of Colombo,KURUNEGALA,1.7686,value,3,26,1.7686
COP2122-090,,ARTS,University of Colombo,ANURADHAPURA,1.7686,value,3,26,1.7686
COP2122-090,,ARTS,University of Colombo,POLONNARUWA,1.7686,value,3,26,1.7686
COP2122-090,,ARTS,University of Colombo,BADULLA,1.7686,value,3,26,1.7686
COP2122-090,,ARTS,University of Colombo,MONARAGALA,1.7686,value,3,26,1.7686
COP2122-090,,ARTS,University of Colombo,KEGALLE,1.7686,value,3,26,1.7686
COP2122-090,,ARTS,University of Colombo,RATNAPURA,1.7686,value,3,26,1.7686
COP2122-091,,ARTS,University of Peradeniya,COLOMBO,1.6494,value,3,27,1.6494
COP2122-091,,ARTS,University of Peradeniya,GAMPAHA,1.6494,value,3,27,1.6494
COP2122-091,,ARTS,University of Peradeniya,KALUTARA,1.6494,value,3,27,1.6494
COP2122-091,,ARTS,University of Peradeniya,MATALE,1.6494,value,3,27,1.6494
COP2122-091,,ARTS,University of Peradeniya,KANDY,1.6494,value,3,27,1.6494
COP2122-091,,ARTS,University of Peradeniya,NUWARA ELIYA,1.6494,value,3,27,1.6494
COP2122-091,,ARTS,University of Peradeniya,GALLE,1.6494,value,3,27,1.6494
COP2122-091,,ARTS,University of Peradeniya,MATARA,1.6494,value,3,27,1.6494
COP2122-091,,ARTS,University of Peradeniya,HAMBANTOTA,1.6494,value,3,27,1.6494
COP2122-091,,ARTS,University of Peradeniya,JAFFNA,1.6494,value,3,27,1.6494
COP2122-091,,ARTS,University of Peradeniya,KILINOCHCHI,1.6494,value,3,27,1.6494
COP2122-091,,ARTS,University of Peradeniya,MANNAR,1.6494,value,3,27,1.6494
COP2122-091,,ARTS,University of Peradeniya,MULLAITIVU,1.6494,value,3,27,1.6494
COP2122-091,,ARTS,University of Peradeniya,VAVUNIYA,1.6494,value,3,27,1.6494
COP2122-091,,ARTS,University of Peradeniya,TRINCOMALEE,1.6494,value,3,27,1.6494
COP2122-091,,ARTS,University of Peradeniya,BATTICALOA,1.6494,value,3,27,1.6494
COP2122-091,,ARTS,University of Peradeniya,AMPARA,1.6494,value,3,27,1.6494
COP2122-091,,ARTS,University of Peradeniya,PUTTALAM,1.6494,value,3,27,1.6494
COP2122-091,,ARTS,University of Peradeniya,KURUNEGALA,1.6494,value,3,27,1.6494
COP2122-091,,ARTS,University of Peradeniya,ANURADHAPURA,1.6494,value,3,27,1.6494
COP2122-091,,ARTS,University of Peradeniya,POLONNARUWA,1.6494,value,3,27,1.6494
COP2122-091,,ARTS,University of Peradeniya,BADULLA,1.6494,value,3,27,1.6494
COP2122-091,,ARTS,University of Peradeniya,MONARAGALA,1.6494,value,3,27,1.6494
COP2122-091,,ARTS,University of Peradeniya,KEGALLE,1.6494,value,3,27,1.6494
COP2122-091,,ARTS,University of Peradeniya,RATNAPURA,1.6494,value,3,27,1.6494
COP2122-092,,ARTS,University of Sri Jayewardenepura,COLOMBO,1.5844,value,3,28,1.5844
COP2122-092,,ARTS,University of Sri Jayewardenepura,GAMPAHA,1.5844,value,3,28,1.5844
COP2122-092,,ARTS,University of Sri Jayewardenepura,KALUTARA,1.5844,value,3,28,1.5844
COP2122-092,,ARTS,University of Sri Jayewardenepura,MATALE,1.5844,value,3,28,1.5844
COP2122-092,,ARTS,University of Sri Jayewardenepura,KANDY,1.5844,value,3,28,1.5844
COP2122-092,,ARTS,University of Sri Jayewardenepura,NUWARA ELIYA,1.5844,value,3,28,1.5844
COP2122-092,,ARTS,University of Sri Jayewardenepura,GALLE,1.5844,value,3,28,1.5844
COP2122-092,,ARTS,University of Sri Jayewardenepura,MATARA,1.5844,value,3,28,1.5844
COP2122-092,,ARTS,University of Sri Jayewardenepura,HAMBANTOTA,1.5844,value,3,28,1.5844
COP2122-092,,ARTS,University of Sri Jayewardenepura,JAFFNA,1.5844,value,3,28,1.5844
COP2122-092,,ARTS,University of Sri Jayewardenepura,KILINOCHCHI,1.5844,value,3,28,1.5844
COP2122-092,,ARTS,University of Sri Jayewardenepura,MANNAR,1.5844,value,3,28,1.5844
COP2122-092,,ARTS,University of Sri Jayewardenepura,MULLAITIVU,1.5844,value,3,28,1.5844
COP2122-092,,ARTS,University of Sri Jayewardenepura,VAVUNIYA,1.5844,value,3,28,1.5844
COP2122-092,,ARTS,University of Sri Jayewardenepura,TRINCOMALEE,1.5844,value,3,28,1.5844
COP2122-092,,ARTS,University of Sri Jayewardenepura,BATTICALOA,1.5844,value,3,28,1.5844
COP2122-092,,ARTS,University of Sri Jayewardenepura,AMPARA,1.5844,value,3,28,1.5844
COP2122-092,,ARTS,University of Sri Jayewardenepura,PUTTALAM,1.5844,value,3,28,1.5844
COP2122-092,,ARTS,University of Sri Jayewardenepura,KURUNEGALA,1.5844,value,3,28,1.5844
COP2122-092,,ARTS,University of Sri Jayewardenepura,ANURADHAPURA,1.5844,value,3,28,1.5844
COP2122-092,,ARTS,University of Sri Jayewardenepura,POLONNARUWA,1.5844,value,3,28,1.5844
COP2122-092,,ARTS,University of Sri Jayewardenepura,BADULLA,1.5844,value,3,28,1.5844
COP2122-092,,ARTS,University of Sri Jayewardenepura,MONARAGALA,1.5844,value,3,28,1.5844
COP2122-092,,ARTS,University of Sri Jayewardenepura,KEGALLE,1.5844,value,3,28,1.5844
COP2122-092,,ARTS,University of Sri Jayewardenepura,RATNAPURA,1.5844,value,3,28,1.5844
COP2122-093,,ARTS,University of Kelaniya,COLOMBO,1.5027,value,3,29,1.5027
COP2122-093,,ARTS,University of Kelaniya,GAMPAHA,1.5027,value,3,29,1.5027
COP2122-093,,ARTS,University of Kelaniya,KALUTARA,1.5027,value,3,29,1.5027
COP2122-093,,ARTS,University of Kelaniya,MATALE,1.5027,value,3,29,1.5027
COP2122-093,,ARTS,University of Kelaniya,KANDY,1.5027,value,3,29,1.5027
COP2122-093,,ARTS,University of Kelaniya,NUWARA ELIYA,1.5027,value,3,29,1.5027
COP2122-093,,ARTS,University of Kelaniya,GALLE,1.5027,value,3,29,1.5027
COP2122-093,,ARTS,University of Kelaniya,MATARA,1.5027,value,3,29,1.5027
COP2122-093,,ARTS,University of Kelaniya,HAMBANTOTA,1.5027,value,3,29,1.5027
COP2122-093,,ARTS,University of Kelaniya,JAFFNA,1.5027,value,3,29,1.5027
COP2122-093,,ARTS,University of Kelaniya,KILINOCHCHI,1.5027,value,3,29,1.5027
COP2122-093,,ARTS,University of Kelaniya,MANNAR,1.5027,value,3,29,1.5027
COP2122-093,,ARTS,University of Kelaniya,MULLAITIVU,1.5027,value,3,29,1.5027
COP2122-093,,ARTS,University of Kelaniya,VAVUNIYA,1.5027,value,3,29,1.5027
COP2122-093,,ARTS,University of Kelaniya,TRINCOMALEE,1.5027,value,3,29,1.5027
COP2122-093,,ARTS,University of Kelaniya,BATTICALOA,1.5027,value,3,29,1.5027
COP2122-093,,ARTS,University of Kelaniya,AMPARA,1.5027,value,3,29,1.5027
COP2122-093,,ARTS,University of Kelaniya,PUTTALAM,1.5027,value,3,29,1.5027
COP2122-093,,ARTS,University of Kelaniya,KURUNEGALA,1.5027,value,3,29,1.5027
COP2122-093,,ARTS,University of Kelaniya,ANURADHAPURA,1.5027,value,3,29,1.5027
COP2122-093,,ARTS,University of Kelaniya,POLONNARUWA,1.5027,value,3,29,1.5027
COP2122-093,,ARTS,University of Kelaniya,BADULLA,1.5027,value,3,29,1.5027
COP2122-093,,ARTS,University of Kelaniya,MONARAGALA,1.5027,value,3,29,1.5027
COP2122-093,,ARTS,University of Kelaniya,KEGALLE,1.5027,value,3,29,1.5027
COP2122-093,,ARTS,University of Kelaniya,RATNAPURA,1.5027,value,3,29,1.5027
COP2122-094,,ARTS,University of Jaffna,COLOMBO,1.2716,value,3,30,1.2716
COP2122-094,,ARTS,University of Jaffna,GAMPAHA,1.2716,value,3,30,1.2716
COP2122-094,,ARTS,University of Jaffna,KALUTARA,1.2716,value,3,30,1.2716
COP2122-094,,ARTS,University of Jaffna,MATALE,1.2716,value,3,30,1.2716
COP2122-094,,ARTS,University of Jaffna,KANDY,1.2716,value,3,30,1.2716
COP2122-094,,ARTS,University of Jaffna,NUWARA ELIYA,1.2716,value,3,30,1.2716
COP2122-094,,ARTS,University of Jaffna,GALLE,1.2716,value,3,30,1.2716
COP2122-094,,ARTS,University of Jaffna,MATARA,1.2716,value,3,30,1.2716
COP2122-094,,ARTS,University of Jaffna,HAMBANTOTA,1.2716,value,3,30,1.2716
COP2122-094,,ARTS,University of Jaffna,JAFFNA,1.2716,value,3,30,1.2716
COP2122-094,,ARTS,University of Jaffna,KILINOCHCHI,1.2716,value,3,30,1.2716
COP2122-094,,ARTS,University of Jaffna,MANNAR,1.2716,value,3,30,1.2716
COP2122-094,,ARTS,University of Jaffna,MULLAITIVU,1.2716,value,3,30,1.2716
COP2122-094,,ARTS,University of Jaffna,VAVUNIYA,1.2716,value,3,30,1.2716
COP2122-094,,ARTS,University of Jaffna,TRINCOMALEE,1.2716,value,3,30,1.2716
COP2122-094,,ARTS,University of Jaffna,BATTICALOA,1.2716,value,3,30,1.2716
COP2122-094,,ARTS,University of Jaffna,AMPARA,1.2716,value,3,30,1.2716
COP2122-094,,ARTS,University of Jaffna,PUTTALAM,1.2716,value,3,30,1.2716
COP2122-094,,ARTS,University of Jaffna,KURUNEGALA,1.2716,value,3,30,1.2716
COP2122-094,,ARTS,University of Jaffna,ANURADHAPURA,1.2716,value,3,30,1.2716
COP2122-094,,ARTS,University of Jaffna,POLONNARUWA,1.2716,value,3,30,1.2716
COP2122-094,,ARTS,University of Jaffna,BADULLA,1.2716,value,3,30,1.2716
COP2122-094,,ARTS,University of Jaffna,MONARAGALA,1.2716,value,3,30,1.2716
COP2122-094,,ARTS,University of Jaffna,KEGALLE,1.2716,value,3,30,1.2716
COP2122-094,,ARTS,University of Jaffna,RATNAPURA,1.2716,value,3,30,1.2716
COP2122-095,,ARTS,University of Ruhuna,COLOMBO,1.4158,value,3,31,1.4158
COP2122-095,,ARTS,University of Ruhuna,GAMPAHA,1.4158,value,3,31,1.4158
COP2122-095,,ARTS,University of Ruhuna,KALUTARA,1.4158,value,3,31,1.4158
COP2122-095,,ARTS,University of Ruhuna,MATALE,1.4158,value,3,31,1.4158
COP2122-095,,ARTS,University of Ruhuna,KANDY,1.4158,value,3,31,1.4158
COP2122-095,,ARTS,University of Ruhuna,NUWARA ELIYA,1.4158,value,3,31,1.4158
COP2122-095,,ARTS,University of Ruhuna,GALLE,1.4158,value,3,31,1.4158
COP2122-095,,ARTS,University of Ruhuna,MATARA,1.4158,value,3,31,1.4158
COP2122-095,,ARTS,University of Ruhuna,HAMBANTOTA,1.4158,value,3,31,1.4158
COP2122-095,,ARTS,University of Ruhuna,JAFFNA,1.4158,value,3,31,1.4158
COP2122-095,,ARTS,University of Ruhuna,KILINOCHCHI,1.4158,value,3,31,1.4158
COP2122-095,,ARTS,University of Ruhuna,MANNAR,1.4158,value,3,31,1.4158
COP2122-095,,ARTS,University of Ruhuna,MULLAITIVU,1.4158,value,3,31,1.4158
COP2122-095,,ARTS,University of Ruhuna,VAVUNIYA,1.4158,value,3,31,1.4158
COP2122-095,,ARTS,University of Ruhuna,TRINCOMALEE,1.4158,value,3,31,1.4158
COP2122-095,,ARTS,University of Ruhuna,BATTICALOA,1.4158,value,3,31,1.4158
COP2122-095,,ARTS,University of Ruhuna,AMPARA,1.4158,value,3,31,1.4158
COP2122-095,,ARTS,University of Ruhuna,PUTTALAM,1.4158,value,3,31,1.4158
COP2122-095,,ARTS,University of Ruhuna,KURUNEGALA,1.4158,value,3,31,1.4158
COP2122-095,,ARTS,University of Ruhuna,ANURADHAPURA,1.4158,value,3,31,1.4158
COP2122-095,,ARTS,University of Ruhuna,POLONNARUWA,1.4158,value,3,31,1.4158
COP2122-095,,ARTS,University of Ruhuna,BADULLA,1.4158,value,3,31,1.4158
COP2122-095,,ARTS,University of Ruhuna,MONARAGALA,1.4158,value,3,31,1.4158
COP2122-095,,ARTS,University of Ruhuna,KEGALLE,1.4158,value,3,31,1.4158
COP2122-095,,ARTS,University of Ruhuna,RATNAPURA,1.4158,value,3,31,1.4158
COP2122-096,,ARTS,"Eastern University, Sri Lanka",COLOMBO,1.1925,value,3,32,1.1925
COP2122-096,,ARTS,"Eastern University, Sri Lanka",GAMPAHA,1.1925,value,3,32,1.1925
COP2122-096,,ARTS,"Eastern University, Sri Lanka",KALUTARA,1.1925,value,3,32,1.1925
COP2122-096,,ARTS,"Eastern University, Sri Lanka",MATALE,1.1925,value,3,32,1.1925
COP2122-096,,ARTS,"Eastern University, Sri Lanka",KANDY,1.1925,value,3,32,1.1925
COP2122-096,,ARTS,"Eastern University, Sri Lanka",NUWARA ELIYA,1.1925,value,3,32,1.1925
COP2122-096,,ARTS,"Eastern University, Sri Lanka",GALLE,1.1925,value,3,32,1.1925
COP2122-096,,ARTS,"Eastern University, Sri Lanka",MATARA,1.1925,value,3,32,1.1925
COP2122-096,,ARTS,"Eastern University, Sri Lanka",HAMBANTOTA,1.1925,value,3,32,1.1925
COP2122-096,,ARTS,"Eastern University, Sri Lanka",JAFFNA,1.1925,value,3,32,1.1925
COP2122-096,,ARTS,"Eastern University, Sri Lanka",KILINOCHCHI,1.1925,value,3,32,1.1925
COP2122-096,,ARTS,"Eastern University, Sri Lanka",MANNAR,1.1925,value,3,32,1.1925
COP2122-096,,ARTS,"Eastern University, Sri Lanka",MULLAITIVU,1.1925,value,3,32,1.1925
COP2122-096,,ARTS,"Eastern University, Sri Lanka",VAVUNIYA,1.1925,value,3,32,1.1925
COP2122-096,,ARTS,"Eastern University, Sri Lanka",TRINCOMALEE,1.1925,value,3,32,1.1925
COP2122-096,,ARTS,"Eastern University, Sri Lanka",BATTICALOA,1.1925,value,3,32,1.1925
COP2122-096,,ARTS,"Eastern University, Sri Lanka",AMPARA,1.1925,value,3,32,1.1925
COP2122-096,,ARTS,"Eastern University, Sri Lanka",PUTTALAM,1.1925,value,3,32,1.1925
COP2122-096,,ARTS,"Eastern University, Sri Lanka",KURUNEGALA,1.1925,value,3,32,1.1925
COP2122-096,,ARTS,"Eastern University, Sri Lanka",ANURADHAPURA,1.1925,value,3,32,1.1925
COP2122-096,,ARTS,"Eastern University, Sri Lanka",POLONNARUWA,1.1925,value,3,32,1.1925
COP2122-096,,ARTS,"Eastern University, Sri Lanka",BADULLA,1.1925,value,3,32,1.1925
COP2122-096,,ARTS,"Eastern University, Sri Lanka",MONARAGALA,1.1925,value,3,32,1.1925
COP2122-096,,ARTS,"Eastern University, Sri Lanka",KEGALLE,1.1925,value,3,32,1.1925
COP2122-096,,ARTS,"Eastern University, Sri Lanka",RATNAPURA,1.1925,value,3,32,1.1925
COP2122-097,,ARTS,South Eastern University of Sri Lanka,COLOMBO,1.3357,value,4,1,1.3357
COP2122-097,,ARTS,South Eastern University of Sri Lanka,GAMPAHA,1.3357,value,4,1,1.3357
COP2122-097,,ARTS,South Eastern University of Sri Lanka,KALUTARA,1.3357,value,4,1,1.3357
COP2122-097,,ARTS,South Eastern University of Sri Lanka,MATALE,1.3357,value,4,1,1.3357
COP2122-097,,ARTS,South Eastern University of Sri Lanka,KANDY,1.3357,value,4,1,1.3357
COP2122-097,,ARTS,South Eastern University of Sri Lanka,NUWARA ELIYA,1.3357,value,4,1,1.3357
COP2122-097,,ARTS,South Eastern University of Sri Lanka,GALLE,1.3357,value,4,1,1.3357
COP2122-097,,ARTS,South Eastern University of Sri Lanka,MATARA,1.3357,value,4,1,1.3357
COP2122-097,,ARTS,South Eastern University of Sri Lanka,HAMBANTOTA,1.3357,value,4,1,1.3357
COP2122-097,,ARTS,South Eastern University of Sri Lanka,JAFFNA,1.3357,value,4,1,1.3357
COP2122-097,,ARTS,South Eastern University of Sri Lanka,KILINOCHCHI,1.3357,value,4,1,1.3357
COP2122-097,,ARTS,South Eastern University of Sri Lanka,MANNAR,1.3357,value,4,1,1.3357
COP2122-097,,ARTS,South Eastern University of Sri Lanka,MULLAITIVU,1.3357,value,4,1,1.3357
COP2122-097,,ARTS,South Eastern University of Sri Lanka,VAVUNIYA,1.3357,value,4,1,1.3357
COP2122-097,,ARTS,South Eastern University of Sri Lanka,TRINCOMALEE,1.3357,value,4,1,1.3357
COP2122-097,,ARTS,South Eastern University of Sri Lanka,BATTICALOA,1.3357,value,4,1,1.3357
COP2122-097,,ARTS,South Eastern University of Sri Lanka,AMPARA,1.3357,value,4,1,1.3357
COP2122-097,,ARTS,South Eastern University of Sri Lanka,PUTTALAM,1.3357,value,4,1,1.3357
COP2122-097,,ARTS,South Eastern University of Sri Lanka,KURUNEGALA,1.3357,value,4,1,1.3357
COP2122-097,,ARTS,South Eastern University of Sri Lanka,ANURADHAPURA,1.3357,value,4,1,1.3357
COP2122-097,,ARTS,South Eastern University of Sri Lanka,POLONNARUWA,1.3357,value,4,1,1.3357
COP2122-097,,ARTS,South Eastern University of Sri Lanka,BADULLA,1.3357,value,4,1,1.3357
COP2122-097,,ARTS,South Eastern University of Sri Lanka,MONARAGALA,1.3357,value,4,1,1.3357
COP2122-097,,ARTS,South Eastern University of Sri Lanka,KEGALLE,1.3357,value,4,1,1.3357
COP2122-097,,ARTS,South Eastern University of Sri Lanka,RATNAPURA,1.3357,value,4,1,1.3357
COP2122-098,,ARTS,Rajarata University of Sri Lanka,COLOMBO,1.3776,value,4,2,1.3776
COP2122-098,,ARTS,Rajarata University of Sri Lanka,GAMPAHA,1.3776,value,4,2,1.3776
COP2122-098,,ARTS,Rajarata University of Sri Lanka,KALUTARA,1.3776,value,4,2,1.3776
COP2122-098,,ARTS,Rajarata University of Sri Lanka,MATALE,1.3776,value,4,2,1.3776
COP2122-098,,ARTS,Rajarata University of Sri Lanka,KANDY,1.3776,value,4,2,1.3776
COP2122-098,,ARTS,Rajarata University of Sri Lanka,NUWARA ELIYA,1.3776,value,4,2,1.3776
COP2122-098,,ARTS,Rajarata University of Sri Lanka,GALLE,1.3776,value,4,2,1.3776
COP2122-098,,ARTS,Rajarata University of Sri Lanka,MATARA,1.3776,value,4,2,1.3776
COP2122-098,,ARTS,Rajarata University of Sri Lanka,HAMBANTOTA,1.3776,value,4,2,1.3776
COP2122-098,,ARTS,Rajarata University of Sri Lanka,JAFFNA,1.3776,value,4,2,1.3776
COP2122-098,,ARTS,Rajarata University of Sri Lanka,KILINOCHCHI,1.3776,value,4,2,1.3776
COP2122-098,,ARTS,Rajarata University of Sri Lanka,MANNAR,1.3776,value,4,2,1.3776
COP2122-098,,ARTS,Rajarata University of Sri Lanka,MULLAITIVU,1.3776,value,4,2,1.3776
COP2122-098,,ARTS,Rajarata University of Sri Lanka,VAVUNIYA,1.3776,value,4,2,1.3776
COP2122-098,,ARTS,Rajarata University of Sri Lanka,TRINCOMALEE,1.3776,value,4,2,1.3776
COP2122-098,,ARTS,Rajarata University of Sri Lanka,BATTICALOA,1.3776,value,4,2,1.3776
COP2122-098,,ARTS,Rajarata University of Sri Lanka,AMPARA,1.3776,value,4,2,1.3776
COP2122-098,,ARTS,Rajarata University of Sri Lanka,PUTTALAM,1.3776,value,4,2,1.3776
COP2122-098,,ARTS,Rajarata University of Sri Lanka,KURUNEGALA,1.3776,value,4,2,1.3776
COP2122-098,,ARTS,Rajarata University of Sri Lanka,ANURADHAPURA,1.3776,value,4,2,1.3776
COP2122-098,,ARTS,Rajarata University of Sri Lanka,POLONNARUWA,1.3776,value,4,2,1.3776
COP2122-098,,ARTS,Rajarata University of Sri Lanka,BADULLA,1.3776,value,4,2,1.3776
COP2122-098,,ARTS,Rajarata University of Sri Lanka,MONARAGALA,1.3776,value,4,2,1.3776
COP2122-098,,ARTS,Rajarata University of Sri Lanka,KEGALLE,1.3776,value,4,2,1.3776
COP2122-098,,ARTS,Rajarata University of Sri Lanka,RATNAPURA,1.3776,value,4,2,1.3776
COP2122-099,,ARTS (SP) / MASS MEDIA,University of Colombo - Sri Palee Campus,COLOMBO,1.2367,value,4,3,1.2367
COP2122-099,,ARTS (SP) / MASS MEDIA,University of Colombo - Sri Palee Campus,GAMPAHA,1.2367,value,4,3,1.2367
COP2122-099,,ARTS (SP) / MASS MEDIA,University of Colombo - Sri Palee Campus,KALUTARA,1.2367,value,4,3,1.2367
COP2122-099,,ARTS (SP) / MASS MEDIA,University of Colombo - Sri Palee Campus,MATALE,1.2367,value,4,3,1.2367
COP2122-099,,ARTS (SP) / MASS MEDIA,University of Colombo - Sri Palee Campus,KANDY,1.2367,value,4,3,1.2367
COP2122-099,,ARTS (SP) / MASS MEDIA,University of Colombo - Sri Palee Campus,NUWARA ELIYA,1.2367,value,4,3,1.2367
COP2122-099,,ARTS (SP) / MASS MEDIA,University of Colombo - Sri Palee Campus,GALLE,1.2367,value,4,3,1.2367
COP2122-099,,ARTS (SP) / MASS MEDIA,University of Colombo - Sri Palee Campus,MATARA,1.2367,value,4,3,1.2367
COP2122-099,,ARTS (SP) / MASS MEDIA,University of Colombo - Sri Palee Campus,HAMBANTOTA,1.2367,value,4,3,1.2367
COP2122-099,,ARTS (SP) / MASS MEDIA,University of Colombo - Sri Palee Campus,JAFFNA,1.2367,value,4,3,1.2367
COP2122-099,,ARTS (SP) / MASS MEDIA,University of Colombo - Sri Palee Campus,KILINOCHCHI,1.2367,value,4,3,1.2367
COP2122-099,,ARTS (SP) / MASS MEDIA,University of Colombo - Sri Palee Campus,MANNAR,1.2367,value,4,3,1.2367
COP2122-099,,ARTS (SP) / MASS MEDIA,University of Colombo - Sri Palee Campus,MULLAITIVU,1.2367,value,4,3,1.2367
COP2122-099,,ARTS (SP) / MASS MEDIA,University of Colombo - Sri Palee Campus,VAVUNIYA,1.2367,value,4,3,1.2367
COP2122-099,,ARTS (SP) / MASS MEDIA,University of Colombo - Sri Palee Campus,TRINCOMALEE,1.2367,value,4,3,1.2367
COP2122-099,,ARTS (SP) / MASS MEDIA,University of Colombo - Sri Palee Campus,BATTICALOA,1.2367,value,4,3,1.2367
COP2122-099,,ARTS (SP) / MASS MEDIA,University of Colombo - Sri Palee Campus,AMPARA,1.2367,value,4,3,1.2367
COP2122-099,,ARTS (SP) / MASS MEDIA,University of Colombo - Sri Palee Campus,PUTTALAM,1.2367,value,4,3,1.2367
COP2122-099,,ARTS (SP) / MASS MEDIA,University of Colombo - Sri Palee Campus,KURUNEGALA,1.2367,value,4,3,1.2367
COP2122-099,,ARTS (SP) / MASS MEDIA,University of Colombo - Sri Palee Campus,ANURADHAPURA,1.2367,value,4,3,1.2367
COP2122-099,,ARTS (SP) / MASS MEDIA,University of Colombo - Sri Palee Campus,POLONNARUWA,1.2367,value,4,3,1.2367
COP2122-099,,ARTS (SP) / MASS MEDIA,University of Colombo - Sri Palee Campus,BADULLA,1.2367,value,4,3,1.2367
COP2122-099,,ARTS (SP) / MASS MEDIA,University of Colombo - Sri Palee Campus,MONARAGALA,1.2367,value,4,3,1.2367
COP2122-099,,ARTS (SP) / MASS MEDIA,University of Colombo - Sri Palee Campus,KEGALLE,1.2367,value,4,3,1.2367
COP2122-099,,ARTS (SP) / MASS MEDIA,University of Colombo - Sri Palee Campus,RATNAPURA,1.2367,value,4,3,1.2367
COP2122-100,,ARTS (SP) / PERFORMING ARTS,University of Colombo - Sri Palee Campus,COLOMBO,0.7248,value,4,4,0.7248
COP2122-100,,ARTS (SP) / PERFORMING ARTS,University of Colombo - Sri Palee Campus,GAMPAHA,0.7248,value,4,4,0.7248
COP2122-100,,ARTS (SP) / PERFORMING ARTS,University of Colombo - Sri Palee Campus,KALUTARA,0.7248,value,4,4,0.7248
COP2122-100,,ARTS (SP) / PERFORMING ARTS,University of Colombo - Sri Palee Campus,MATALE,0.7248,value,4,4,0.7248
COP2122-100,,ARTS (SP) / PERFORMING ARTS,University of Colombo - Sri Palee Campus,KANDY,0.7248,value,4,4,0.7248
COP2122-100,,ARTS (SP) / PERFORMING ARTS,University of Colombo - Sri Palee Campus,NUWARA ELIYA,0.7248,value,4,4,0.7248
COP2122-100,,ARTS (SP) / PERFORMING ARTS,University of Colombo - Sri Palee Campus,GALLE,0.7248,value,4,4,0.7248
COP2122-100,,ARTS (SP) / PERFORMING ARTS,University of Colombo - Sri Palee Campus,MATARA,0.7248,value,4,4,0.7248
COP2122-100,,ARTS (SP) / PERFORMING ARTS,University of Colombo - Sri Palee Campus,HAMBANTOTA,0.7248,value,4,4,0.7248
COP2122-100,,ARTS (SP) / PERFORMING ARTS,University of Colombo - Sri Palee Campus,JAFFNA,0.7248,value,4,4,0.7248
COP2122-100,,ARTS (SP) / PERFORMING ARTS,University of Colombo - Sri Palee Campus,KILINOCHCHI,0.7248,value,4,4,0.7248
COP2122-100,,ARTS (SP) / PERFORMING ARTS,University of Colombo - Sri Palee Campus,MANNAR,0.7248,value,4,4,0.7248
COP2122-100,,ARTS (SP) / PERFORMING ARTS,University of Colombo - Sri Palee Campus,MULLAITIVU,0.7248,value,4,4,0.7248
COP2122-100,,ARTS (SP) / PERFORMING ARTS,University of Colombo - Sri Palee Campus,VAVUNIYA,0.7248,value,4,4,0.7248
COP2122-100,,ARTS (SP) / PERFORMING ARTS,University of Colombo - Sri Palee Campus,TRINCOMALEE,0.7248,value,4,4,0.7248
COP2122-100,,ARTS (SP) / PERFORMING ARTS,University of Colombo - Sri Palee Campus,BATTICALOA,0.7248,value,4,4,0.7248
COP2122-100,,ARTS (SP) / PERFORMING ARTS,University of Colombo - Sri Palee Campus,AMPARA,0.7248,value,4,4,0.7248
COP2122-100,,ARTS (SP) / PERFORMING ARTS,University of Colombo - Sri Palee Campus,PUTTALAM,0.7248,value,4,4,0.7248
COP2122-100,,ARTS (SP) / PERFORMING ARTS,University of Colombo - Sri Palee Campus,KURUNEGALA,0.7248,value,4,4,0.7248
COP2122-100,,ARTS (SP) / PERFORMING ARTS,University of Colombo - Sri Palee Campus,ANURADHAPURA,0.7248,value,4,4,0.7248
COP2122-100,,ARTS (SP) / PERFORMING ARTS,University of Colombo - Sri Palee Campus,POLONNARUWA,0.7248,value,4,4,0.7248
COP2122-100,,ARTS (SP) / PERFORMING ARTS,University of Colombo - Sri Palee Campus,BADULLA,0.7248,value,4,4,0.7248
COP2122-100,,ARTS (SP) / PERFORMING ARTS,University of Colombo - Sri Palee Campus,MONARAGALA,0.7248,value,4,4,0.7248
COP2122-100,,ARTS (SP) / PERFORMING ARTS,University of Colombo - Sri Palee Campus,KEGALLE,0.7248,value,4,4,0.7248
COP2122-100,,ARTS (SP) / PERFORMING ARTS,University of Colombo - Sri Palee Campus,RATNAPURA,0.7248,value,4,4,0.7248
COP2122-101,,ARTS (SAB) - A [Arts Stream],Sabaragamuwa University of Sri Lanka,COLOMBO,1.4549,value,4,5,1.4549
COP2122-101,,ARTS (SAB) - A [Arts Stream],Sabaragamuwa University of Sri Lanka,GAMPAHA,1.4549,value,4,5,1.4549
COP2122-101,,ARTS (SAB) - A [Arts Stream],Sabaragamuwa University of Sri Lanka,KALUTARA,1.4549,value,4,5,1.4549
COP2122-101,,ARTS (SAB) - A [Arts Stream],Sabaragamuwa University of Sri Lanka,MATALE,1.4549,value,4,5,1.4549
COP2122-101,,ARTS (SAB) - A [Arts Stream],Sabaragamuwa University of Sri Lanka,KANDY,1.4549,value,4,5,1.4549
COP2122-101,,ARTS (SAB) - A [Arts Stream],Sabaragamuwa University of Sri Lanka,NUWARA ELIYA,1.4549,value,4,5,1.4549
COP2122-101,,ARTS (SAB) - A [Arts Stream],Sabaragamuwa University of Sri Lanka,GALLE,1.4549,value,4,5,1.4549
COP2122-101,,ARTS (SAB) - A [Arts Stream],Sabaragamuwa University of Sri Lanka,MATARA,1.4549,value,4,5,1.4549
COP2122-101,,ARTS (SAB) - A [Arts Stream],Sabaragamuwa University of Sri Lanka,HAMBANTOTA,1.4549,value,4,5,1.4549
COP2122-101,,ARTS (SAB) - A [Arts Stream],Sabaragamuwa University of Sri Lanka,JAFFNA,1.4549,value,4,5,1.4549
COP2122-101,,ARTS (SAB) - A [Arts Stream],Sabaragamuwa University of Sri Lanka,KILINOCHCHI,1.4549,value,4,5,1.4549
COP2122-101,,ARTS (SAB) - A [Arts Stream],Sabaragamuwa University of Sri Lanka,MANNAR,1.4549,value,4,5,1.4549
COP2122-101,,ARTS (SAB) - A [Arts Stream],Sabaragamuwa University of Sri Lanka,MULLAITIVU,1.4549,value,4,5,1.4549
COP2122-101,,ARTS (SAB) - A [Arts Stream],Sabaragamuwa University of Sri Lanka,VAVUNIYA,1.4549,value,4,5,1.4549
COP2122-101,,ARTS (SAB) - A [Arts Stream],Sabaragamuwa University of Sri Lanka,TRINCOMALEE,1.4549,value,4,5,1.4549
COP2122-101,,ARTS (SAB) - A [Arts Stream],Sabaragamuwa University of Sri Lanka,BATTICALOA,1.4549,value,4,5,1.4549
COP2122-101,,ARTS (SAB) - A [Arts Stream],Sabaragamuwa University of Sri Lanka,AMPARA,1.4549,value,4,5,1.4549
COP2122-101,,ARTS (SAB) - A [Arts Stream],Sabaragamuwa University of Sri Lanka,PUTTALAM,1.4549,value,4,5,1.4549
COP2122-101,,ARTS (SAB) - A [Arts Stream],Sabaragamuwa University of Sri Lanka,KURUNEGALA,1.4549,value,4,5,1.4549
COP2122-101,,ARTS (SAB) - A [Arts Stream],Sabaragamuwa University of Sri Lanka,ANURADHAPURA,1.4549,value,4,5,1.4549
COP2122-101,,ARTS (SAB) - A [Arts Stream],Sabaragamuwa University of Sri Lanka,POLONNARUWA,1.4549,value,4,5,1.4549
COP2122-101,,ARTS (SAB) - A [Arts Stream],Sabaragamuwa University of Sri Lanka,BADULLA,1.4549,value,4,5,1.4549
COP2122-101,,ARTS (SAB) - A [Arts Stream],Sabaragamuwa University of Sri Lanka,MONARAGALA,1.4549,value,4,5,1.4549
COP2122-101,,ARTS (SAB) - A [Arts Stream],Sabaragamuwa University of Sri Lanka,KEGALLE,1.4549,value,4,5,1.4549
COP2122-101,,ARTS (SAB) - A [Arts Stream],Sabaragamuwa University of Sri Lanka,RATNAPURA,1.4549,value,4,5,1.4549
COP2122-102,,ARTS (SAB) - B [Commerce Stream],Sabaragamuwa University of Sri Lanka,COLOMBO,1.2064,value,4,6,1.2064
COP2122-102,,ARTS (SAB) - B [Commerce Stream],Sabaragamuwa University of Sri Lanka,GAMPAHA,1.2064,value,4,6,1.2064
COP2122-102,,ARTS (SAB) - B [Commerce Stream],Sabaragamuwa University of Sri Lanka,KALUTARA,1.2064,value,4,6,1.2064
COP2122-102,,ARTS (SAB) - B [Commerce Stream],Sabaragamuwa University of Sri Lanka,MATALE,1.2064,value,4,6,1.2064
COP2122-102,,ARTS (SAB) - B [Commerce Stream],Sabaragamuwa University of Sri Lanka,KANDY,1.2064,value,4,6,1.2064
COP2122-102,,ARTS (SAB) - B [Commerce Stream],Sabaragamuwa University of Sri Lanka,NUWARA ELIYA,1.2064,value,4,6,1.2064
COP2122-102,,ARTS (SAB) - B [Commerce Stream],Sabaragamuwa University of Sri Lanka,GALLE,1.2064,value,4,6,1.2064
COP2122-102,,ARTS (SAB) - B [Commerce Stream],Sabaragamuwa University of Sri Lanka,MATARA,1.2064,value,4,6,1.2064
COP2122-102,,ARTS (SAB) - B [Commerce Stream],Sabaragamuwa University of Sri Lanka,HAMBANTOTA,1.2064,value,4,6,1.2064
COP2122-102,,ARTS (SAB) - B [Commerce Stream],Sabaragamuwa University of Sri Lanka,JAFFNA,1.2064,value,4,6,1.2064
COP2122-102,,ARTS (SAB) - B [Commerce Stream],Sabaragamuwa University of Sri Lanka,KILINOCHCHI,1.2064,value,4,6,1.2064
COP2122-102,,ARTS (SAB) - B [Commerce Stream],Sabaragamuwa University of Sri Lanka,MANNAR,1.2064,value,4,6,1.2064
COP2122-102,,ARTS (SAB) - B [Commerce Stream],Sabaragamuwa University of Sri Lanka,MULLAITIVU,1.2064,value,4,6,1.2064
COP2122-102,,ARTS (SAB) - B [Commerce Stream],Sabaragamuwa University of Sri Lanka,VAVUNIYA,1.2064,value,4,6,1.2064
COP2122-102,,ARTS (SAB) - B [Commerce Stream],Sabaragamuwa University of Sri Lanka,TRINCOMALEE,1.2064,value,4,6,1.2064
COP2122-102,,ARTS (SAB) - B [Commerce Stream],Sabaragamuwa University of Sri Lanka,BATTICALOA,1.2064,value,4,6,1.2064
COP2122-102,,ARTS (SAB) - B [Commerce Stream],Sabaragamuwa University of Sri Lanka,AMPARA,1.2064,value,4,6,1.2064
COP2122-102,,ARTS (SAB) - B [Commerce Stream],Sabaragamuwa University of Sri Lanka,PUTTALAM,1.2064,value,4,6,1.2064
COP2122-102,,ARTS (SAB) - B [Commerce Stream],Sabaragamuwa University of Sri Lanka,KURUNEGALA,1.2064,value,4,6,1.2064
COP2122-102,,ARTS (SAB) - B [Commerce Stream],Sabaragamuwa University of Sri Lanka,ANURADHAPURA,1.2064,value,4,6,1.2064
COP2122-102,,ARTS (SAB) - B [Commerce Stream],Sabaragamuwa University of Sri Lanka,POLONNARUWA,1.2064,value,4,6,1.2064
COP2122-102,,ARTS (SAB) - B [Commerce Stream],Sabaragamuwa University of Sri Lanka,BADULLA,1.2064,value,4,6,1.2064
COP2122-102,,ARTS (SAB) - B [Commerce Stream],Sabaragamuwa University of Sri Lanka,MONARAGALA,1.2064,value,4,6,1.2064
COP2122-102,,ARTS (SAB) - B [Commerce Stream],Sabaragamuwa University of Sri Lanka,KEGALLE,1.2064,value,4,6,1.2064
COP2122-102,,ARTS (SAB) - B [Commerce Stream],Sabaragamuwa University of Sri Lanka,RATNAPURA,1.2064,value,4,6,1.2064
COP2122-103,,ARTS-INFORMATION TECHNOLOGY,University of Sri Jayewardenepura,COLOMBO,1.8649,value,4,7,1.8649
COP2122-103,,ARTS-INFORMATION TECHNOLOGY,University of Sri Jayewardenepura,GAMPAHA,1.8649,value,4,7,1.8649
COP2122-103,,ARTS-INFORMATION TECHNOLOGY,University of Sri Jayewardenepura,KALUTARA,1.8649,value,4,7,1.8649
COP2122-103,,ARTS-INFORMATION TECHNOLOGY,University of Sri Jayewardenepura,MATALE,1.8649,value,4,7,1.8649
COP2122-103,,ARTS-INFORMATION TECHNOLOGY,University of Sri Jayewardenepura,KANDY,1.8649,value,4,7,1.8649
COP2122-103,,ARTS-INFORMATION TECHNOLOGY,University of Sri Jayewardenepura,NUWARA ELIYA,1.8649,value,4,7,1.8649
COP2122-103,,ARTS-INFORMATION TECHNOLOGY,University of Sri Jayewardenepura,GALLE,1.8649,value,4,7,1.8649
COP2122-103,,ARTS-INFORMATION TECHNOLOGY,University of Sri Jayewardenepura,MATARA,1.8649,value,4,7,1.8649
COP2122-103,,ARTS-INFORMATION TECHNOLOGY,University of Sri Jayewardenepura,HAMBANTOTA,1.8649,value,4,7,1.8649
COP2122-103,,ARTS-INFORMATION TECHNOLOGY,University of Sri Jayewardenepura,JAFFNA,1.8649,value,4,7,1.8649
COP2122-103,,ARTS-INFORMATION TECHNOLOGY,University of Sri Jayewardenepura,KILINOCHCHI,1.8649,value,4,7,1.8649
COP2122-103,,ARTS-INFORMATION TECHNOLOGY,University of Sri Jayewardenepura,MANNAR,1.8649,value,4,7,1.8649
COP2122-103,,ARTS-INFORMATION TECHNOLOGY,University of Sri Jayewardenepura,MULLAITIVU,1.8649,value,4,7,1.8649
COP2122-103,,ARTS-INFORMATION TECHNOLOGY,University of Sri Jayewardenepura,VAVUNIYA,1.8649,value,4,7,1.8649
COP2122-103,,ARTS-INFORMATION TECHNOLOGY,University of Sri Jayewardenepura,TRINCOMALEE,1.8649,value,4,7,1.8649
COP2122-103,,ARTS-INFORMATION TECHNOLOGY,University of Sri Jayewardenepura,BATTICALOA,1.8649,value,4,7,1.8649
COP2122-103,,ARTS-INFORMATION TECHNOLOGY,University of Sri Jayewardenepura,AMPARA,1.8649,value,4,7,1.8649
COP2122-103,,ARTS-INFORMATION TECHNOLOGY,University of Sri Jayewardenepura,PUTTALAM,1.8649,value,4,7,1.8649
COP2122-103,,ARTS-INFORMATION TECHNOLOGY,University of Sri Jayewardenepura,KURUNEGALA,1.8649,value,4,7,1.8649
COP2122-103,,ARTS-INFORMATION TECHNOLOGY,University of Sri Jayewardenepura,ANURADHAPURA,1.8649,value,4,7,1.8649
COP2122-103,,ARTS-INFORMATION TECHNOLOGY,University of Sri Jayewardenepura,POLONNARUWA,1.8649,value,4,7,1.8649
COP2122-103,,ARTS-INFORMATION TECHNOLOGY,University of Sri Jayewardenepura,BADULLA,1.8649,value,4,7,1.8649
COP2122-103,,ARTS-INFORMATION TECHNOLOGY,University of Sri Jayewardenepura,MONARAGALA,1.8649,value,4,7,1.8649
COP2122-103,,ARTS-INFORMATION TECHNOLOGY,University of Sri Jayewardenepura,KEGALLE,1.8649,value,4,7,1.8649
COP2122-103,,ARTS-INFORMATION TECHNOLOGY,University of Sri Jayewardenepura,RATNAPURA,1.8649,value,4,7,1.8649
COP2122-104,,AQUATIC BIORESOURCES,University of Sri Jayewardenepura,COLOMBO,0.9724,value,4,8,0.9724
COP2122-104,,AQUATIC BIORESOURCES,University of Sri Jayewardenepura,GAMPAHA,0.8293,value,4,8,0.8293
COP2122-104,,AQUATIC BIORESOURCES,University of Sri Jayewardenepura,KALUTARA,0.9211,value,4,8,0.9211
COP2122-104,,AQUATIC BIORESOURCES,University of Sri Jayewardenepura,MATALE,0.8755,value,4,8,0.8755
COP2122-104,,AQUATIC BIORESOURCES,University of Sri Jayewardenepura,KANDY,0.9010,value,4,8,0.9010
COP2122-104,,AQUATIC BIORESOURCES,University of Sri Jayewardenepura,NUWARA ELIYA,0.6732,value,4,8,0.6732
COP2122-104,,AQUATIC BIORESOURCES,University of Sri Jayewardenepura,GALLE,0.9710,value,4,8,0.9710
COP2122-104,,AQUATIC BIORESOURCES,University of Sri Jayewardenepura,MATARA,1.0186,value,4,8,1.0186
COP2122-104,,AQUATIC BIORESOURCES,University of Sri Jayewardenepura,HAMBANTOTA,0.8034,value,4,8,0.8034
COP2122-104,,AQUATIC BIORESOURCES,University of Sri Jayewardenepura,JAFFNA,0.9151,value,4,8,0.9151
COP2122-104,,AQUATIC BIORESOURCES,University of Sri Jayewardenepura,KILINOCHCHI,0.2401,value,4,8,0.2401
COP2122-104,,AQUATIC BIORESOURCES,University of Sri Jayewardenepura,MANNAR,0.2580,value,4,8,0.2580
COP2122-104,,AQUATIC BIORESOURCES,University of Sri Jayewardenepura,MULLAITIVU,0.7855,value,4,8,0.7855
COP2122-104,,AQUATIC BIORESOURCES,University of Sri Jayewardenepura,VAVUNIYA,0.6748,value,4,8,0.6748
COP2122-104,,AQUATIC BIORESOURCES,University of Sri Jayewardenepura,TRINCOMALEE,0.8916,value,4,8,0.8916
COP2122-104,,AQUATIC BIORESOURCES,University of Sri Jayewardenepura,BATTICALOA,0.8785,value,4,8,0.8785
COP2122-104,,AQUATIC BIORESOURCES,University of Sri Jayewardenepura,AMPARA,0.8976,value,4,8,0.8976
COP2122-104,,AQUATIC BIORESOURCES,University of Sri Jayewardenepura,PUTTALAM,0.7320,value,4,8,0.7320
COP2122-104,,AQUATIC BIORESOURCES,University of Sri Jayewardenepura,KURUNEGALA,0.7935,value,4,8,0.7935
COP2122-104,,AQUATIC BIORESOURCES,University of Sri Jayewardenepura,ANURADHAPURA,0.6747,value,4,8,0.6747
COP2122-104,,AQUATIC BIORESOURCES,University of Sri Jayewardenepura,POLONNARUWA,0.4637,value,4,8,0.4637
COP2122-104,,AQUATIC BIORESOURCES,University of Sri Jayewardenepura,BADULLA,0.9572,value,4,8,0.9572
COP2122-104,,AQUATIC BIORESOURCES,University of Sri Jayewardenepura,MONARAGALA,0.9691,value,4,8,0.9691
COP2122-104,,AQUATIC BIORESOURCES,University of Sri Jayewardenepura,KEGALLE,0.8817,value,4,8,0.8817
COP2122-104,,AQUATIC BIORESOURCES,University of Sri Jayewardenepura,RATNAPURA,1.0152,value,4,8,1.0152
COP2122-105,,URBAN BIORESOURCES,University of Sri Jayewardenepura,COLOMBO,0.8889,value,4,9,0.8889
COP2122-105,,URBAN BIORESOURCES,University of Sri Jayewardenepura,GAMPAHA,0.8634,value,4,9,0.8634
COP2122-105,,URBAN BIORESOURCES,University of Sri Jayewardenepura,KALUTARA,0.8098,value,4,9,0.8098
COP2122-105,,URBAN BIORESOURCES,University of Sri Jayewardenepura,MATALE,0.8429,value,4,9,0.8429
COP2122-105,,URBAN BIORESOURCES,University of Sri Jayewardenepura,KANDY,0.8630,value,4,9,0.8630
COP2122-105,,URBAN BIORESOURCES,University of Sri Jayewardenepura,NUWARA ELIYA,0.6955,value,4,9,0.6955
COP2122-105,,URBAN BIORESOURCES,University of Sri Jayewardenepura,GALLE,0.9118,value,4,9,0.9118
COP2122-105,,URBAN BIORESOURCES,University of Sri Jayewardenepura,MATARA,0.9153,value,4,9,0.9153
COP2122-105,,URBAN BIORESOURCES,University of Sri Jayewardenepura,HAMBANTOTA,0.8014,value,4,9,0.8014
COP2122-105,,URBAN BIORESOURCES,University of Sri Jayewardenepura,JAFFNA,0.8777,value,4,9,0.8777
COP2122-105,,URBAN BIORESOURCES,University of Sri Jayewardenepura,KILINOCHCHI,0.2624,value,4,9,0.2624
COP2122-105,,URBAN BIORESOURCES,University of Sri Jayewardenepura,MANNAR,0.1824,value,4,9,0.1824
COP2122-105,,URBAN BIORESOURCES,University of Sri Jayewardenepura,MULLAITIVU,0.3407,value,4,9,0.3407
COP2122-105,,URBAN BIORESOURCES,University of Sri Jayewardenepura,VAVUNIYA,0.5307,value,4,9,0.5307
COP2122-105,,URBAN BIORESOURCES,University of Sri Jayewardenepura,TRINCOMALEE,0.6731,value,4,9,0.6731
COP2122-105,,URBAN BIORESOURCES,University of Sri Jayewardenepura,BATTICALOA,0.6571,value,4,9,0.6571
COP2122-105,,URBAN BIORESOURCES,University of Sri Jayewardenepura,AMPARA,0.8774,value,4,9,0.8774
COP2122-105,,URBAN BIORESOURCES,University of Sri Jayewardenepura,PUTTALAM,0.6617,value,4,9,0.6617
COP2122-105,,URBAN BIORESOURCES,University of Sri Jayewardenepura,KURUNEGALA,0.7557,value,4,9,0.7557
COP2122-105,,URBAN BIORESOURCES,University of Sri Jayewardenepura,ANURADHAPURA,0.5985,value,4,9,0.5985
COP2122-105,,URBAN BIORESOURCES,University of Sri Jayewardenepura,POLONNARUWA,0.7035,value,4,9,0.7035
COP2122-105,,URBAN BIORESOURCES,University of Sri Jayewardenepura,BADULLA,0.8543,value,4,9,0.8543
COP2122-105,,URBAN BIORESOURCES,University of Sri Jayewardenepura,MONARAGALA,0.8139,value,4,9,0.8139
COP2122-105,,URBAN BIORESOURCES,University of Sri Jayewardenepura,KEGALLE,0.8705,value,4,9,0.8705
COP2122-105,,URBAN BIORESOURCES,University of Sri Jayewardenepura,RATNAPURA,0.8045,value,4,9,0.8045
COP2122-106,,SOCIAL WORK,University of Peradeniya,COLOMBO,1.8307,value,4,10,1.8307
COP2122-106,,SOCIAL WORK,University of Peradeniya,GAMPAHA,1.8307,value,4,10,1.8307
COP2122-106,,SOCIAL WORK,University of Peradeniya,KALUTARA,1.8307,value,4,10,1.8307
COP2122-106,,SOCIAL WORK,University of Peradeniya,MATALE,1.8307,value,4,10,1.8307
COP2122-106,,SOCIAL WORK,University of Peradeniya,KANDY,1.8307,value,4,10,1.8307
COP2122-106,,SOCIAL WORK,University of Peradeniya,NUWARA ELIYA,1.8307,value,4,10,1.8307
COP2122-106,,SOCIAL WORK,University of Peradeniya,GALLE,1.8307,value,4,10,1.8307
COP2122-106,,SOCIAL WORK,University of Peradeniya,MATARA,1.8307,value,4,10,1.8307
COP2122-106,,SOCIAL WORK,University of Peradeniya,HAMBANTOTA,1.8307,value,4,10,1.8307
COP2122-106,,SOCIAL WORK,University of Peradeniya,JAFFNA,1.8307,value,4,10,1.8307
COP2122-106,,SOCIAL WORK,University of Peradeniya,KILINOCHCHI,1.8307,value,4,10,1.8307
COP2122-106,,SOCIAL WORK,University of Peradeniya,MANNAR,1.8307,value,4,10,1.8307
COP2122-106,,SOCIAL WORK,University of Peradeniya,MULLAITIVU,1.8307,value,4,10,1.8307
COP2122-106,,SOCIAL WORK,University of Peradeniya,VAVUNIYA,1.8307,value,4,10,1.8307
COP2122-106,,SOCIAL WORK,University of Peradeniya,TRINCOMALEE,1.8307,value,4,10,1.8307
COP2122-106,,SOCIAL WORK,University of Peradeniya,BATTICALOA,1.8307,value,4,10,1.8307
COP2122-106,,SOCIAL WORK,University of Peradeniya,AMPARA,1.8307,value,4,10,1.8307
COP2122-106,,SOCIAL WORK,University of Peradeniya,PUTTALAM,1.8307,value,4,10,1.8307
COP2122-106,,SOCIAL WORK,University of Peradeniya,KURUNEGALA,1.8307,value,4,10,1.8307
COP2122-106,,SOCIAL WORK,University of Peradeniya,ANURADHAPURA,1.8307,value,4,10,1.8307
COP2122-106,,SOCIAL WORK,University of Peradeniya,POLONNARUWA,1.8307,value,4,10,1.8307
COP2122-106,,SOCIAL WORK,University of Peradeniya,BADULLA,1.8307,value,4,10,1.8307
COP2122-106,,SOCIAL WORK,University of Peradeniya,MONARAGALA,1.8307,value,4,10,1.8307
COP2122-106,,SOCIAL WORK,University of Peradeniya,KEGALLE,1.8307,value,4,10,1.8307
COP2122-106,,SOCIAL WORK,University of Peradeniya,RATNAPURA,1.8307,value,4,10,1.8307
COP2122-107,,HUMAN RESOURCE DEVELOPMENT,Uva Wellassa University of Sri Lanka,COLOMBO,1.4741,value,4,11,1.4741
COP2122-107,,HUMAN RESOURCE DEVELOPMENT,Uva Wellassa University of Sri Lanka,GAMPAHA,1.5911,value,4,11,1.5911
COP2122-107,,HUMAN RESOURCE DEVELOPMENT,Uva Wellassa University of Sri Lanka,KALUTARA,1.4992,value,4,11,1.4992
COP2122-107,,HUMAN RESOURCE DEVELOPMENT,Uva Wellassa University of Sri Lanka,MATALE,1.7073,value,4,11,1.7073
COP2122-107,,HUMAN RESOURCE DEVELOPMENT,Uva Wellassa University of Sri Lanka,KANDY,1.5635,value,4,11,1.5635
COP2122-107,,HUMAN RESOURCE DEVELOPMENT,Uva Wellassa University of Sri Lanka,NUWARA ELIYA,1.6462,value,4,11,1.6462
COP2122-107,,HUMAN RESOURCE DEVELOPMENT,Uva Wellassa University of Sri Lanka,GALLE,1.5315,value,4,11,1.5315
COP2122-107,,HUMAN RESOURCE DEVELOPMENT,Uva Wellassa University of Sri Lanka,MATARA,1.5698,value,4,11,1.5698
COP2122-107,,HUMAN RESOURCE DEVELOPMENT,Uva Wellassa University of Sri Lanka,HAMBANTOTA,1.5344,value,4,11,1.5344
COP2122-107,,HUMAN RESOURCE DEVELOPMENT,Uva Wellassa University of Sri Lanka,JAFFNA,1.2348,value,4,11,1.2348
COP2122-107,,HUMAN RESOURCE DEVELOPMENT,Uva Wellassa University of Sri Lanka,KILINOCHCHI,1.4893,value,4,11,1.4893
COP2122-107,,HUMAN RESOURCE DEVELOPMENT,Uva Wellassa University of Sri Lanka,MANNAR,1.5817,value,4,11,1.5817
COP2122-107,,HUMAN RESOURCE DEVELOPMENT,Uva Wellassa University of Sri Lanka,MULLAITIVU,1.5993,value,4,11,1.5993
COP2122-107,,HUMAN RESOURCE DEVELOPMENT,Uva Wellassa University of Sri Lanka,VAVUNIYA,1.4444,value,4,11,1.4444
COP2122-107,,HUMAN RESOURCE DEVELOPMENT,Uva Wellassa University of Sri Lanka,TRINCOMALEE,1.7309,value,4,11,1.7309
COP2122-107,,HUMAN RESOURCE DEVELOPMENT,Uva Wellassa University of Sri Lanka,BATTICALOA,1.6780,value,4,11,1.6780
COP2122-107,,HUMAN RESOURCE DEVELOPMENT,Uva Wellassa University of Sri Lanka,AMPARA,1.7149,value,4,11,1.7149
COP2122-107,,HUMAN RESOURCE DEVELOPMENT,Uva Wellassa University of Sri Lanka,PUTTALAM,1.6982,value,4,11,1.6982
COP2122-107,,HUMAN RESOURCE DEVELOPMENT,Uva Wellassa University of Sri Lanka,KURUNEGALA,1.5879,value,4,11,1.5879
COP2122-107,,HUMAN RESOURCE DEVELOPMENT,Uva Wellassa University of Sri Lanka,ANURADHAPURA,1.6773,value,4,11,1.6773
COP2122-107,,HUMAN RESOURCE DEVELOPMENT,Uva Wellassa University of Sri Lanka,POLONNARUWA,1.5371,value,4,11,1.5371
COP2122-107,,HUMAN RESOURCE DEVELOPMENT,Uva Wellassa University of Sri Lanka,BADULLA,1.6982,value,4,11,1.6982
COP2122-107,,HUMAN RESOURCE DEVELOPMENT,Uva Wellassa University of Sri Lanka,MONARAGALA,1.7016,value,4,11,1.7016
COP2122-107,,HUMAN RESOURCE DEVELOPMENT,Uva Wellassa University of Sri Lanka,KEGALLE,1.6495,value,4,11,1.6495
COP2122-107,,HUMAN RESOURCE DEVELOPMENT,Uva Wellassa University of Sri Lanka,RATNAPURA,1.6722,value,4,11,1.6722
COP2122-108,,MANAGEMENT STUDIES (TV) - A [Commerce Stream],"University of Vavuniya, Sri Lanka",COLOMBO,1.2134,value,4,12,1.2134
COP2122-108,,MANAGEMENT STUDIES (TV) - A [Commerce Stream],"University of Vavuniya, Sri Lanka",GAMPAHA,1.2047,value,4,12,1.2047
COP2122-108,,MANAGEMENT STUDIES (TV) - A [Commerce Stream],"University of Vavuniya, Sri Lanka",KALUTARA,1.2283,value,4,12,1.2283
COP2122-108,,MANAGEMENT STUDIES (TV) - A [Commerce Stream],"University of Vavuniya, Sri Lanka",MATALE,1.2301,value,4,12,1.2301
COP2122-108,,MANAGEMENT STUDIES (TV) - A [Commerce Stream],"University of Vavuniya, Sri Lanka",KANDY,1.2263,value,4,12,1.2263
COP2122-108,,MANAGEMENT STUDIES (TV) - A [Commerce Stream],"University of Vavuniya, Sri Lanka",NUWARA ELIYA,1.1547,value,4,12,1.1547
COP2122-108,,MANAGEMENT STUDIES (TV) - A [Commerce Stream],"University of Vavuniya, Sri Lanka",GALLE,1.2168,value,4,12,1.2168
COP2122-108,,MANAGEMENT STUDIES (TV) - A [Commerce Stream],"University of Vavuniya, Sri Lanka",MATARA,1.2232,value,4,12,1.2232
COP2122-108,,MANAGEMENT STUDIES (TV) - A [Commerce Stream],"University of Vavuniya, Sri Lanka",HAMBANTOTA,,NQC,4,12,NQC
COP2122-108,,MANAGEMENT STUDIES (TV) - A [Commerce Stream],"University of Vavuniya, Sri Lanka",JAFFNA,1.0998,value,4,12,1.0998
COP2122-108,,MANAGEMENT STUDIES (TV) - A [Commerce Stream],"University of Vavuniya, Sri Lanka",KILINOCHCHI,1.1073,value,4,12,1.1073
COP2122-108,,MANAGEMENT STUDIES (TV) - A [Commerce Stream],"University of Vavuniya, Sri Lanka",MANNAR,,NQC,4,12,NQC
COP2122-108,,MANAGEMENT STUDIES (TV) - A [Commerce Stream],"University of Vavuniya, Sri Lanka",MULLAITIVU,,NQC,4,12,NQC
COP2122-108,,MANAGEMENT STUDIES (TV) - A [Commerce Stream],"University of Vavuniya, Sri Lanka",VAVUNIYA,,NQC,4,12,NQC
COP2122-108,,MANAGEMENT STUDIES (TV) - A [Commerce Stream],"University of Vavuniya, Sri Lanka",TRINCOMALEE,,NQC,4,12,NQC
COP2122-108,,MANAGEMENT STUDIES (TV) - A [Commerce Stream],"University of Vavuniya, Sri Lanka",BATTICALOA,1.1015,value,4,12,1.1015
COP2122-108,,MANAGEMENT STUDIES (TV) - A [Commerce Stream],"University of Vavuniya, Sri Lanka",AMPARA,,NQC,4,12,NQC
COP2122-108,,MANAGEMENT STUDIES (TV) - A [Commerce Stream],"University of Vavuniya, Sri Lanka",PUTTALAM,1.0964,value,4,12,1.0964
COP2122-108,,MANAGEMENT STUDIES (TV) - A [Commerce Stream],"University of Vavuniya, Sri Lanka",KURUNEGALA,1.2167,value,4,12,1.2167
COP2122-108,,MANAGEMENT STUDIES (TV) - A [Commerce Stream],"University of Vavuniya, Sri Lanka",ANURADHAPURA,,NQC,4,12,NQC
COP2122-108,,MANAGEMENT STUDIES (TV) - A [Commerce Stream],"University of Vavuniya, Sri Lanka",POLONNARUWA,1.1014,value,4,12,1.1014
COP2122-108,,MANAGEMENT STUDIES (TV) - A [Commerce Stream],"University of Vavuniya, Sri Lanka",BADULLA,1.1530,value,4,12,1.1530
COP2122-108,,MANAGEMENT STUDIES (TV) - A [Commerce Stream],"University of Vavuniya, Sri Lanka",MONARAGALA,1.2333,value,4,12,1.2333
COP2122-108,,MANAGEMENT STUDIES (TV) - A [Commerce Stream],"University of Vavuniya, Sri Lanka",KEGALLE,1.2346,value,4,12,1.2346
COP2122-108,,MANAGEMENT STUDIES (TV) - A [Commerce Stream],"University of Vavuniya, Sri Lanka",RATNAPURA,1.1770,value,4,12,1.1770
COP2122-109,,MANAGEMENT STUDIES (TV) - A [Commerce Stream],Eastern University -Trincomalee Campus,COLOMBO,1.2255,value,4,13,1.2255
COP2122-109,,MANAGEMENT STUDIES (TV) - A [Commerce Stream],Eastern University -Trincomalee Campus,GAMPAHA,1.2013,value,4,13,1.2013
COP2122-109,,MANAGEMENT STUDIES (TV) - A [Commerce Stream],Eastern University -Trincomalee Campus,KALUTARA,1.2308,value,4,13,1.2308
COP2122-109,,MANAGEMENT STUDIES (TV) - A [Commerce Stream],Eastern University -Trincomalee Campus,MATALE,1.2385,value,4,13,1.2385
COP2122-109,,MANAGEMENT STUDIES (TV) - A [Commerce Stream],Eastern University -Trincomalee Campus,KANDY,1.2168,value,4,13,1.2168
COP2122-109,,MANAGEMENT STUDIES (TV) - A [Commerce Stream],Eastern University -Trincomalee Campus,NUWARA ELIYA,1.1478,value,4,13,1.1478
COP2122-109,,MANAGEMENT STUDIES (TV) - A [Commerce Stream],Eastern University -Trincomalee Campus,GALLE,1.1951,value,4,13,1.1951
COP2122-109,,MANAGEMENT STUDIES (TV) - A [Commerce Stream],Eastern University -Trincomalee Campus,MATARA,1.2222,value,4,13,1.2222
COP2122-109,,MANAGEMENT STUDIES (TV) - A [Commerce Stream],Eastern University -Trincomalee Campus,HAMBANTOTA,1.0341,value,4,13,1.0341
COP2122-109,,MANAGEMENT STUDIES (TV) - A [Commerce Stream],Eastern University -Trincomalee Campus,JAFFNA,1.0730,value,4,13,1.0730
COP2122-109,,MANAGEMENT STUDIES (TV) - A [Commerce Stream],Eastern University -Trincomalee Campus,KILINOCHCHI,1.0684,value,4,13,1.0684
COP2122-109,,MANAGEMENT STUDIES (TV) - A [Commerce Stream],Eastern University -Trincomalee Campus,MANNAR,1.0875,value,4,13,1.0875
COP2122-109,,MANAGEMENT STUDIES (TV) - A [Commerce Stream],Eastern University -Trincomalee Campus,MULLAITIVU,1.0755,value,4,13,1.0755
COP2122-109,,MANAGEMENT STUDIES (TV) - A [Commerce Stream],Eastern University -Trincomalee Campus,VAVUNIYA,0.9701,value,4,13,0.9701
COP2122-109,,MANAGEMENT STUDIES (TV) - A [Commerce Stream],Eastern University -Trincomalee Campus,TRINCOMALEE,0.9660,value,4,13,0.9660
COP2122-109,,MANAGEMENT STUDIES (TV) - A [Commerce Stream],Eastern University -Trincomalee Campus,BATTICALOA,0.9347,value,4,13,0.9347
COP2122-109,,MANAGEMENT STUDIES (TV) - A [Commerce Stream],Eastern University -Trincomalee Campus,AMPARA,0.9841,value,4,13,0.9841
COP2122-109,,MANAGEMENT STUDIES (TV) - A [Commerce Stream],Eastern University -Trincomalee Campus,PUTTALAM,1.0933,value,4,13,1.0933
COP2122-109,,MANAGEMENT STUDIES (TV) - A [Commerce Stream],Eastern University -Trincomalee Campus,KURUNEGALA,1.2251,value,4,13,1.2251
COP2122-109,,MANAGEMENT STUDIES (TV) - A [Commerce Stream],Eastern University -Trincomalee Campus,ANURADHAPURA,1.0287,value,4,13,1.0287
COP2122-109,,MANAGEMENT STUDIES (TV) - A [Commerce Stream],Eastern University -Trincomalee Campus,POLONNARUWA,1.1006,value,4,13,1.1006
COP2122-109,,MANAGEMENT STUDIES (TV) - A [Commerce Stream],Eastern University -Trincomalee Campus,BADULLA,,NQC,4,13,NQC
COP2122-109,,MANAGEMENT STUDIES (TV) - A [Commerce Stream],Eastern University -Trincomalee Campus,MONARAGALA,1.2370,value,4,13,1.2370
COP2122-109,,MANAGEMENT STUDIES (TV) - A [Commerce Stream],Eastern University -Trincomalee Campus,KEGALLE,1.2363,value,4,13,1.2363
COP2122-109,,MANAGEMENT STUDIES (TV) - A [Commerce Stream],Eastern University -Trincomalee Campus,RATNAPURA,1.1787,value,4,13,1.1787
COP2122-110,,MANAGEMENT STUDIES (TV) - B [Any subject combination],"University of Vavuniya, Sri Lanka",COLOMBO,1.3437,value,4,14,1.3437
COP2122-110,,MANAGEMENT STUDIES (TV) - B [Any subject combination],"University of Vavuniya, Sri Lanka",GAMPAHA,1.3458,value,4,14,1.3458
COP2122-110,,MANAGEMENT STUDIES (TV) - B [Any subject combination],"University of Vavuniya, Sri Lanka",KALUTARA,1.3443,value,4,14,1.3443
COP2122-110,,MANAGEMENT STUDIES (TV) - B [Any subject combination],"University of Vavuniya, Sri Lanka",MATALE,1.3447,value,4,14,1.3447
COP2122-110,,MANAGEMENT STUDIES (TV) - B [Any subject combination],"University of Vavuniya, Sri Lanka",KANDY,1.3507,value,4,14,1.3507
COP2122-110,,MANAGEMENT STUDIES (TV) - B [Any subject combination],"University of Vavuniya, Sri Lanka",NUWARA ELIYA,1.3471,value,4,14,1.3471
COP2122-110,,MANAGEMENT STUDIES (TV) - B [Any subject combination],"University of Vavuniya, Sri Lanka",GALLE,1.3486,value,4,14,1.3486
COP2122-110,,MANAGEMENT STUDIES (TV) - B [Any subject combination],"University of Vavuniya, Sri Lanka",MATARA,1.3456,value,4,14,1.3456
COP2122-110,,MANAGEMENT STUDIES (TV) - B [Any subject combination],"University of Vavuniya, Sri Lanka",HAMBANTOTA,1.3470,value,4,14,1.3470
COP2122-110,,MANAGEMENT STUDIES (TV) - B [Any subject combination],"University of Vavuniya, Sri Lanka",JAFFNA,,NQC,4,14,NQC
COP2122-110,,MANAGEMENT STUDIES (TV) - B [Any subject combination],"University of Vavuniya, Sri Lanka",KILINOCHCHI,1.4106,value,4,14,1.4106
COP2122-110,,MANAGEMENT STUDIES (TV) - B [Any subject combination],"University of Vavuniya, Sri Lanka",MANNAR,,NQC,4,14,NQC
COP2122-110,,MANAGEMENT STUDIES (TV) - B [Any subject combination],"University of Vavuniya, Sri Lanka",MULLAITIVU,,NQC,4,14,NQC
COP2122-110,,MANAGEMENT STUDIES (TV) - B [Any subject combination],"University of Vavuniya, Sri Lanka",VAVUNIYA,1.5877,value,4,14,1.5877
COP2122-110,,MANAGEMENT STUDIES (TV) - B [Any subject combination],"University of Vavuniya, Sri Lanka",TRINCOMALEE,1.3851,value,4,14,1.3851
COP2122-110,,MANAGEMENT STUDIES (TV) - B [Any subject combination],"University of Vavuniya, Sri Lanka",BATTICALOA,,NQC,4,14,NQC
COP2122-110,,MANAGEMENT STUDIES (TV) - B [Any subject combination],"University of Vavuniya, Sri Lanka",AMPARA,1.3660,value,4,14,1.3660
COP2122-110,,MANAGEMENT STUDIES (TV) - B [Any subject combination],"University of Vavuniya, Sri Lanka",PUTTALAM,1.3537,value,4,14,1.3537
COP2122-110,,MANAGEMENT STUDIES (TV) - B [Any subject combination],"University of Vavuniya, Sri Lanka",KURUNEGALA,1.3483,value,4,14,1.3483
COP2122-110,,MANAGEMENT STUDIES (TV) - B [Any subject combination],"University of Vavuniya, Sri Lanka",ANURADHAPURA,1.3496,value,4,14,1.3496
COP2122-110,,MANAGEMENT STUDIES (TV) - B [Any subject combination],"University of Vavuniya, Sri Lanka",POLONNARUWA,1.3477,value,4,14,1.3477
COP2122-110,,MANAGEMENT STUDIES (TV) - B [Any subject combination],"University of Vavuniya, Sri Lanka",BADULLA,1.3548,value,4,14,1.3548
COP2122-110,,MANAGEMENT STUDIES (TV) - B [Any subject combination],"University of Vavuniya, Sri Lanka",MONARAGALA,1.3548,value,4,14,1.3548
COP2122-110,,MANAGEMENT STUDIES (TV) - B [Any subject combination],"University of Vavuniya, Sri Lanka",KEGALLE,1.3518,value,4,14,1.3518
COP2122-110,,MANAGEMENT STUDIES (TV) - B [Any subject combination],"University of Vavuniya, Sri Lanka",RATNAPURA,1.3411,value,4,14,1.3411
COP2122-111,,MANAGEMENT STUDIES (TV) - B [Any subject combination],Eastern University -Trincomalee Campus,COLOMBO,1.2431,value,4,15,1.2431
COP2122-111,,MANAGEMENT STUDIES (TV) - B [Any subject combination],Eastern University -Trincomalee Campus,GAMPAHA,1.2752,value,4,15,1.2752
COP2122-111,,MANAGEMENT STUDIES (TV) - B [Any subject combination],Eastern University -Trincomalee Campus,KALUTARA,1.3384,value,4,15,1.3384
COP2122-111,,MANAGEMENT STUDIES (TV) - B [Any subject combination],Eastern University -Trincomalee Campus,MATALE,1.3585,value,4,15,1.3585
COP2122-111,,MANAGEMENT STUDIES (TV) - B [Any subject combination],Eastern University -Trincomalee Campus,KANDY,1.3196,value,4,15,1.3196
COP2122-111,,MANAGEMENT STUDIES (TV) - B [Any subject combination],Eastern University -Trincomalee Campus,NUWARA ELIYA,1.2935,value,4,15,1.2935
COP2122-111,,MANAGEMENT STUDIES (TV) - B [Any subject combination],Eastern University -Trincomalee Campus,GALLE,1.3466,value,4,15,1.3466
COP2122-111,,MANAGEMENT STUDIES (TV) - B [Any subject combination],Eastern University -Trincomalee Campus,MATARA,1.3489,value,4,15,1.3489
COP2122-111,,MANAGEMENT STUDIES (TV) - B [Any subject combination],Eastern University -Trincomalee Campus,HAMBANTOTA,1.3492,value,4,15,1.3492
COP2122-111,,MANAGEMENT STUDIES (TV) - B [Any subject combination],Eastern University -Trincomalee Campus,JAFFNA,1.1794,value,4,15,1.1794
COP2122-111,,MANAGEMENT STUDIES (TV) - B [Any subject combination],Eastern University -Trincomalee Campus,KILINOCHCHI,1.1801,value,4,15,1.1801
COP2122-111,,MANAGEMENT STUDIES (TV) - B [Any subject combination],Eastern University -Trincomalee Campus,MANNAR,1.1600,value,4,15,1.1600
COP2122-111,,MANAGEMENT STUDIES (TV) - B [Any subject combination],Eastern University -Trincomalee Campus,MULLAITIVU,1.1921,value,4,15,1.1921
COP2122-111,,MANAGEMENT STUDIES (TV) - B [Any subject combination],Eastern University -Trincomalee Campus,VAVUNIYA,1.3181,value,4,15,1.3181
COP2122-111,,MANAGEMENT STUDIES (TV) - B [Any subject combination],Eastern University -Trincomalee Campus,TRINCOMALEE,1.2779,value,4,15,1.2779
COP2122-111,,MANAGEMENT STUDIES (TV) - B [Any subject combination],Eastern University -Trincomalee Campus,BATTICALOA,1.2687,value,4,15,1.2687
COP2122-111,,MANAGEMENT STUDIES (TV) - B [Any subject combination],Eastern University -Trincomalee Campus,AMPARA,1.3322,value,4,15,1.3322
COP2122-111,,MANAGEMENT STUDIES (TV) - B [Any subject combination],Eastern University -Trincomalee Campus,PUTTALAM,1.3335,value,4,15,1.3335
COP2122-111,,MANAGEMENT STUDIES (TV) - B [Any subject combination],Eastern University -Trincomalee Campus,KURUNEGALA,1.3495,value,4,15,1.3495
COP2122-111,,MANAGEMENT STUDIES (TV) - B [Any subject combination],Eastern University -Trincomalee Campus,ANURADHAPURA,1.3388,value,4,15,1.3388
COP2122-111,,MANAGEMENT STUDIES (TV) - B [Any subject combination],Eastern University -Trincomalee Campus,POLONNARUWA,1.3470,value,4,15,1.3470
COP2122-111,,MANAGEMENT STUDIES (TV) - B [Any subject combination],Eastern University -Trincomalee Campus,BADULLA,1.3511,value,4,15,1.3511
COP2122-111,,MANAGEMENT STUDIES (TV) - B [Any subject combination],Eastern University -Trincomalee Campus,MONARAGALA,1.3523,value,4,15,1.3523
COP2122-111,,MANAGEMENT STUDIES (TV) - B [Any subject combination],Eastern University -Trincomalee Campus,KEGALLE,1.3510,value,4,15,1.3510
COP2122-111,,MANAGEMENT STUDIES (TV) - B [Any subject combination],Eastern University -Trincomalee Campus,RATNAPURA,1.3365,value,4,15,1.3365
COP2122-112,,COMMUNICATION STUDIES,Eastern University -Trincomalee Campus,COLOMBO,1.3079,value,4,16,1.3079
COP2122-112,,COMMUNICATION STUDIES,Eastern University -Trincomalee Campus,GAMPAHA,1.3079,value,4,16,1.3079
COP2122-112,,COMMUNICATION STUDIES,Eastern University -Trincomalee Campus,KALUTARA,1.3079,value,4,16,1.3079
COP2122-112,,COMMUNICATION STUDIES,Eastern University -Trincomalee Campus,MATALE,1.3079,value,4,16,1.3079
COP2122-112,,COMMUNICATION STUDIES,Eastern University -Trincomalee Campus,KANDY,1.3079,value,4,16,1.3079
COP2122-112,,COMMUNICATION STUDIES,Eastern University -Trincomalee Campus,NUWARA ELIYA,1.3079,value,4,16,1.3079
COP2122-112,,COMMUNICATION STUDIES,Eastern University -Trincomalee Campus,GALLE,1.3079,value,4,16,1.3079
COP2122-112,,COMMUNICATION STUDIES,Eastern University -Trincomalee Campus,MATARA,1.3079,value,4,16,1.3079
COP2122-112,,COMMUNICATION STUDIES,Eastern University -Trincomalee Campus,HAMBANTOTA,1.3079,value,4,16,1.3079
COP2122-112,,COMMUNICATION STUDIES,Eastern University -Trincomalee Campus,JAFFNA,1.3079,value,4,16,1.3079
COP2122-112,,COMMUNICATION STUDIES,Eastern University -Trincomalee Campus,KILINOCHCHI,1.3079,value,4,16,1.3079
COP2122-112,,COMMUNICATION STUDIES,Eastern University -Trincomalee Campus,MANNAR,1.3079,value,4,16,1.3079
COP2122-112,,COMMUNICATION STUDIES,Eastern University -Trincomalee Campus,MULLAITIVU,1.3079,value,4,16,1.3079
COP2122-112,,COMMUNICATION STUDIES,Eastern University -Trincomalee Campus,VAVUNIYA,1.3079,value,4,16,1.3079
COP2122-112,,COMMUNICATION STUDIES,Eastern University -Trincomalee Campus,TRINCOMALEE,1.3079,value,4,16,1.3079
COP2122-112,,COMMUNICATION STUDIES,Eastern University -Trincomalee Campus,BATTICALOA,1.3079,value,4,16,1.3079
COP2122-112,,COMMUNICATION STUDIES,Eastern University -Trincomalee Campus,AMPARA,1.3079,value,4,16,1.3079
COP2122-112,,COMMUNICATION STUDIES,Eastern University -Trincomalee Campus,PUTTALAM,1.3079,value,4,16,1.3079
COP2122-112,,COMMUNICATION STUDIES,Eastern University -Trincomalee Campus,KURUNEGALA,1.3079,value,4,16,1.3079
COP2122-112,,COMMUNICATION STUDIES,Eastern University -Trincomalee Campus,ANURADHAPURA,1.3079,value,4,16,1.3079
COP2122-112,,COMMUNICATION STUDIES,Eastern University -Trincomalee Campus,POLONNARUWA,1.3079,value,4,16,1.3079
COP2122-112,,COMMUNICATION STUDIES,Eastern University -Trincomalee Campus,BADULLA,1.3079,value,4,16,1.3079
COP2122-112,,COMMUNICATION STUDIES,Eastern University -Trincomalee Campus,MONARAGALA,1.3079,value,4,16,1.3079
COP2122-112,,COMMUNICATION STUDIES,Eastern University -Trincomalee Campus,KEGALLE,1.3079,value,4,16,1.3079
COP2122-112,,COMMUNICATION STUDIES,Eastern University -Trincomalee Campus,RATNAPURA,1.3079,value,4,16,1.3079
COP2122-113,,FINANCIAL ECONOMICS,University of Sri Jayewardenepura,COLOMBO,1.8325,value,4,17,1.8325
COP2122-113,,FINANCIAL ECONOMICS,University of Sri Jayewardenepura,GAMPAHA,1.7346,value,4,17,1.7346
COP2122-113,,FINANCIAL ECONOMICS,University of Sri Jayewardenepura,KALUTARA,1.8408,value,4,17,1.8408
COP2122-113,,FINANCIAL ECONOMICS,University of Sri Jayewardenepura,MATALE,1.9011,value,4,17,1.9011
COP2122-113,,FINANCIAL ECONOMICS,University of Sri Jayewardenepura,KANDY,1.8287,value,4,17,1.8287
COP2122-113,,FINANCIAL ECONOMICS,University of Sri Jayewardenepura,NUWARA ELIYA,1.6899,value,4,17,1.6899
COP2122-113,,FINANCIAL ECONOMICS,University of Sri Jayewardenepura,GALLE,1.6776,value,4,17,1.6776
COP2122-113,,FINANCIAL ECONOMICS,University of Sri Jayewardenepura,MATARA,1.6881,value,4,17,1.6881
COP2122-113,,FINANCIAL ECONOMICS,University of Sri Jayewardenepura,HAMBANTOTA,1.8310,value,4,17,1.8310
COP2122-113,,FINANCIAL ECONOMICS,University of Sri Jayewardenepura,JAFFNA,1.3571,value,4,17,1.3571
COP2122-113,,FINANCIAL ECONOMICS,University of Sri Jayewardenepura,KILINOCHCHI,1.0445,value,4,17,1.0445
COP2122-113,,FINANCIAL ECONOMICS,University of Sri Jayewardenepura,MANNAR,1.2643,value,4,17,1.2643
COP2122-113,,FINANCIAL ECONOMICS,University of Sri Jayewardenepura,MULLAITIVU,1.5505,value,4,17,1.5505
COP2122-113,,FINANCIAL ECONOMICS,University of Sri Jayewardenepura,VAVUNIYA,1.5312,value,4,17,1.5312
COP2122-113,,FINANCIAL ECONOMICS,University of Sri Jayewardenepura,TRINCOMALEE,1.4849,value,4,17,1.4849
COP2122-113,,FINANCIAL ECONOMICS,University of Sri Jayewardenepura,BATTICALOA,1.6409,value,4,17,1.6409
COP2122-113,,FINANCIAL ECONOMICS,University of Sri Jayewardenepura,AMPARA,1.5534,value,4,17,1.5534
COP2122-113,,FINANCIAL ECONOMICS,University of Sri Jayewardenepura,PUTTALAM,1.7885,value,4,17,1.7885
COP2122-113,,FINANCIAL ECONOMICS,University of Sri Jayewardenepura,KURUNEGALA,1.8098,value,4,17,1.8098
COP2122-113,,FINANCIAL ECONOMICS,University of Sri Jayewardenepura,ANURADHAPURA,1.9095,value,4,17,1.9095
COP2122-113,,FINANCIAL ECONOMICS,University of Sri Jayewardenepura,POLONNARUWA,1.8310,value,4,17,1.8310
COP2122-113,,FINANCIAL ECONOMICS,University of Sri Jayewardenepura,BADULLA,1.8227,value,4,17,1.8227
COP2122-113,,FINANCIAL ECONOMICS,University of Sri Jayewardenepura,MONARAGALA,1.7768,value,4,17,1.7768
COP2122-113,,FINANCIAL ECONOMICS,University of Sri Jayewardenepura,KEGALLE,1.8728,value,4,17,1.8728
COP2122-113,,FINANCIAL ECONOMICS,University of Sri Jayewardenepura,RATNAPURA,1.8352,value,4,17,1.8352
COP2122-114,,CREATIVE MUSIC TECHNOLOGY & PRODUCTION,University of Sri Jayewardenepura,COLOMBO,1.4649,value,4,18,1.4649
COP2122-114,,CREATIVE MUSIC TECHNOLOGY & PRODUCTION,University of Sri Jayewardenepura,GAMPAHA,1.5509,value,4,18,1.5509
COP2122-114,,CREATIVE MUSIC TECHNOLOGY & PRODUCTION,University of Sri Jayewardenepura,KALUTARA,1.4936,value,4,18,1.4936
COP2122-114,,CREATIVE MUSIC TECHNOLOGY & PRODUCTION,University of Sri Jayewardenepura,MATALE,1.3351,value,4,18,1.3351
COP2122-114,,CREATIVE MUSIC TECHNOLOGY & PRODUCTION,University of Sri Jayewardenepura,KANDY,1.5982,value,4,18,1.5982
COP2122-114,,CREATIVE MUSIC TECHNOLOGY & PRODUCTION,University of Sri Jayewardenepura,NUWARA ELIYA,1.5818,value,4,18,1.5818
COP2122-114,,CREATIVE MUSIC TECHNOLOGY & PRODUCTION,University of Sri Jayewardenepura,GALLE,1.4356,value,4,18,1.4356
COP2122-114,,CREATIVE MUSIC TECHNOLOGY & PRODUCTION,University of Sri Jayewardenepura,MATARA,1.6276,value,4,18,1.6276
COP2122-114,,CREATIVE MUSIC TECHNOLOGY & PRODUCTION,University of Sri Jayewardenepura,HAMBANTOTA,1.4122,value,4,18,1.4122
COP2122-114,,CREATIVE MUSIC TECHNOLOGY & PRODUCTION,University of Sri Jayewardenepura,JAFFNA,1.2079,value,4,18,1.2079
COP2122-114,,CREATIVE MUSIC TECHNOLOGY & PRODUCTION,University of Sri Jayewardenepura,KILINOCHCHI,1.1189,value,4,18,1.1189
COP2122-114,,CREATIVE MUSIC TECHNOLOGY & PRODUCTION,University of Sri Jayewardenepura,MANNAR,1.1337,value,4,18,1.1337
COP2122-114,,CREATIVE MUSIC TECHNOLOGY & PRODUCTION,University of Sri Jayewardenepura,MULLAITIVU,1.2635,value,4,18,1.2635
COP2122-114,,CREATIVE MUSIC TECHNOLOGY & PRODUCTION,University of Sri Jayewardenepura,VAVUNIYA,1.4750,value,4,18,1.4750
COP2122-114,,CREATIVE MUSIC TECHNOLOGY & PRODUCTION,University of Sri Jayewardenepura,TRINCOMALEE,1.3805,value,4,18,1.3805
COP2122-114,,CREATIVE MUSIC TECHNOLOGY & PRODUCTION,University of Sri Jayewardenepura,BATTICALOA,1.2439,value,4,18,1.2439
COP2122-114,,CREATIVE MUSIC TECHNOLOGY & PRODUCTION,University of Sri Jayewardenepura,AMPARA,1.3516,value,4,18,1.3516
COP2122-114,,CREATIVE MUSIC TECHNOLOGY & PRODUCTION,University of Sri Jayewardenepura,PUTTALAM,1.3951,value,4,18,1.3951
COP2122-114,,CREATIVE MUSIC TECHNOLOGY & PRODUCTION,University of Sri Jayewardenepura,KURUNEGALA,1.4929,value,4,18,1.4929
COP2122-114,,CREATIVE MUSIC TECHNOLOGY & PRODUCTION,University of Sri Jayewardenepura,ANURADHAPURA,1.5778,value,4,18,1.5778
COP2122-114,,CREATIVE MUSIC TECHNOLOGY & PRODUCTION,University of Sri Jayewardenepura,POLONNARUWA,1.3817,value,4,18,1.3817
COP2122-114,,CREATIVE MUSIC TECHNOLOGY & PRODUCTION,University of Sri Jayewardenepura,BADULLA,1.4884,value,4,18,1.4884
COP2122-114,,CREATIVE MUSIC TECHNOLOGY & PRODUCTION,University of Sri Jayewardenepura,MONARAGALA,1.4582,value,4,18,1.4582
COP2122-114,,CREATIVE MUSIC TECHNOLOGY & PRODUCTION,University of Sri Jayewardenepura,KEGALLE,1.5134,value,4,18,1.5134
COP2122-114,,CREATIVE MUSIC TECHNOLOGY & PRODUCTION,University of Sri Jayewardenepura,RATNAPURA,1.5660,value,4,18,1.5660
COP2122-115,,PEACE & CONFLICT RESOLUTION,University of Kelaniya,COLOMBO,1.7847,value,4,19,1.7847
COP2122-115,,PEACE & CONFLICT RESOLUTION,University of Kelaniya,GAMPAHA,1.7847,value,4,19,1.7847
COP2122-115,,PEACE & CONFLICT RESOLUTION,University of Kelaniya,KALUTARA,1.7847,value,4,19,1.7847
COP2122-115,,PEACE & CONFLICT RESOLUTION,University of Kelaniya,MATALE,1.7847,value,4,19,1.7847
COP2122-115,,PEACE & CONFLICT RESOLUTION,University of Kelaniya,KANDY,1.7847,value,4,19,1.7847
COP2122-115,,PEACE & CONFLICT RESOLUTION,University of Kelaniya,NUWARA ELIYA,1.7847,value,4,19,1.7847
COP2122-115,,PEACE & CONFLICT RESOLUTION,University of Kelaniya,GALLE,1.7847,value,4,19,1.7847
COP2122-115,,PEACE & CONFLICT RESOLUTION,University of Kelaniya,MATARA,1.7847,value,4,19,1.7847
COP2122-115,,PEACE & CONFLICT RESOLUTION,University of Kelaniya,HAMBANTOTA,1.7847,value,4,19,1.7847
COP2122-115,,PEACE & CONFLICT RESOLUTION,University of Kelaniya,JAFFNA,1.7847,value,4,19,1.7847
COP2122-115,,PEACE & CONFLICT RESOLUTION,University of Kelaniya,KILINOCHCHI,1.7847,value,4,19,1.7847
COP2122-115,,PEACE & CONFLICT RESOLUTION,University of Kelaniya,MANNAR,1.7847,value,4,19,1.7847
COP2122-115,,PEACE & CONFLICT RESOLUTION,University of Kelaniya,MULLAITIVU,1.7847,value,4,19,1.7847
COP2122-115,,PEACE & CONFLICT RESOLUTION,University of Kelaniya,VAVUNIYA,1.7847,value,4,19,1.7847
COP2122-115,,PEACE & CONFLICT RESOLUTION,University of Kelaniya,TRINCOMALEE,1.7847,value,4,19,1.7847
COP2122-115,,PEACE & CONFLICT RESOLUTION,University of Kelaniya,BATTICALOA,1.7847,value,4,19,1.7847
COP2122-115,,PEACE & CONFLICT RESOLUTION,University of Kelaniya,AMPARA,1.7847,value,4,19,1.7847
COP2122-115,,PEACE & CONFLICT RESOLUTION,University of Kelaniya,PUTTALAM,1.7847,value,4,19,1.7847
COP2122-115,,PEACE & CONFLICT RESOLUTION,University of Kelaniya,KURUNEGALA,1.7847,value,4,19,1.7847
COP2122-115,,PEACE & CONFLICT RESOLUTION,University of Kelaniya,ANURADHAPURA,1.7847,value,4,19,1.7847
COP2122-115,,PEACE & CONFLICT RESOLUTION,University of Kelaniya,POLONNARUWA,1.7847,value,4,19,1.7847
COP2122-115,,PEACE & CONFLICT RESOLUTION,University of Kelaniya,BADULLA,1.7847,value,4,19,1.7847
COP2122-115,,PEACE & CONFLICT RESOLUTION,University of Kelaniya,MONARAGALA,1.7847,value,4,19,1.7847
COP2122-115,,PEACE & CONFLICT RESOLUTION,University of Kelaniya,KEGALLE,1.7847,value,4,19,1.7847
COP2122-115,,PEACE & CONFLICT RESOLUTION,University of Kelaniya,RATNAPURA,1.7847,value,4,19,1.7847
COP2122-116,,ISLAMIC STUDIES,South Eastern University of Sri Lanka,COLOMBO,1.0994,value,4,20,1.0994
COP2122-116,,ISLAMIC STUDIES,South Eastern University of Sri Lanka,GAMPAHA,1.0994,value,4,20,1.0994
COP2122-116,,ISLAMIC STUDIES,South Eastern University of Sri Lanka,KALUTARA,1.0994,value,4,20,1.0994
COP2122-116,,ISLAMIC STUDIES,South Eastern University of Sri Lanka,MATALE,1.0994,value,4,20,1.0994
COP2122-116,,ISLAMIC STUDIES,South Eastern University of Sri Lanka,KANDY,1.0994,value,4,20,1.0994
COP2122-116,,ISLAMIC STUDIES,South Eastern University of Sri Lanka,NUWARA ELIYA,1.0994,value,4,20,1.0994
COP2122-116,,ISLAMIC STUDIES,South Eastern University of Sri Lanka,GALLE,1.0994,value,4,20,1.0994
COP2122-116,,ISLAMIC STUDIES,South Eastern University of Sri Lanka,MATARA,1.0994,value,4,20,1.0994
COP2122-116,,ISLAMIC STUDIES,South Eastern University of Sri Lanka,HAMBANTOTA,1.0994,value,4,20,1.0994
COP2122-116,,ISLAMIC STUDIES,South Eastern University of Sri Lanka,JAFFNA,1.0994,value,4,20,1.0994
COP2122-116,,ISLAMIC STUDIES,South Eastern University of Sri Lanka,KILINOCHCHI,1.0994,value,4,20,1.0994
COP2122-116,,ISLAMIC STUDIES,South Eastern University of Sri Lanka,MANNAR,1.0994,value,4,20,1.0994
COP2122-116,,ISLAMIC STUDIES,South Eastern University of Sri Lanka,MULLAITIVU,1.0994,value,4,20,1.0994
COP2122-116,,ISLAMIC STUDIES,South Eastern University of Sri Lanka,VAVUNIYA,1.0994,value,4,20,1.0994
COP2122-116,,ISLAMIC STUDIES,South Eastern University of Sri Lanka,TRINCOMALEE,1.0994,value,4,20,1.0994
COP2122-116,,ISLAMIC STUDIES,South Eastern University of Sri Lanka,BATTICALOA,1.0994,value,4,20,1.0994
COP2122-116,,ISLAMIC STUDIES,South Eastern University of Sri Lanka,AMPARA,1.0994,value,4,20,1.0994
COP2122-116,,ISLAMIC STUDIES,South Eastern University of Sri Lanka,PUTTALAM,1.0994,value,4,20,1.0994
COP2122-116,,ISLAMIC STUDIES,South Eastern University of Sri Lanka,KURUNEGALA,1.0994,value,4,20,1.0994
COP2122-116,,ISLAMIC STUDIES,South Eastern University of Sri Lanka,ANURADHAPURA,1.0994,value,4,20,1.0994
COP2122-116,,ISLAMIC STUDIES,South Eastern University of Sri Lanka,POLONNARUWA,1.0994,value,4,20,1.0994
COP2122-116,,ISLAMIC STUDIES,South Eastern University of Sri Lanka,BADULLA,1.0994,value,4,20,1.0994
COP2122-116,,ISLAMIC STUDIES,South Eastern University of Sri Lanka,MONARAGALA,1.0994,value,4,20,1.0994
COP2122-116,,ISLAMIC STUDIES,South Eastern University of Sri Lanka,KEGALLE,1.0994,value,4,20,1.0994
COP2122-116,,ISLAMIC STUDIES,South Eastern University of Sri Lanka,RATNAPURA,1.0994,value,4,20,1.0994
COP2122-117,,ARABIC LANGUAGE,South Eastern University of Sri Lanka,COLOMBO,0.7264,value,4,21,0.7264
COP2122-117,,ARABIC LANGUAGE,South Eastern University of Sri Lanka,GAMPAHA,0.7264,value,4,21,0.7264
COP2122-117,,ARABIC LANGUAGE,South Eastern University of Sri Lanka,KALUTARA,0.7264,value,4,21,0.7264
COP2122-117,,ARABIC LANGUAGE,South Eastern University of Sri Lanka,MATALE,0.7264,value,4,21,0.7264
COP2122-117,,ARABIC LANGUAGE,South Eastern University of Sri Lanka,KANDY,0.7264,value,4,21,0.7264
COP2122-117,,ARABIC LANGUAGE,South Eastern University of Sri Lanka,NUWARA ELIYA,0.7264,value,4,21,0.7264
COP2122-117,,ARABIC LANGUAGE,South Eastern University of Sri Lanka,GALLE,0.7264,value,4,21,0.7264
COP2122-117,,ARABIC LANGUAGE,South Eastern University of Sri Lanka,MATARA,0.7264,value,4,21,0.7264
COP2122-117,,ARABIC LANGUAGE,South Eastern University of Sri Lanka,HAMBANTOTA,0.7264,value,4,21,0.7264
COP2122-117,,ARABIC LANGUAGE,South Eastern University of Sri Lanka,JAFFNA,0.7264,value,4,21,0.7264
COP2122-117,,ARABIC LANGUAGE,South Eastern University of Sri Lanka,KILINOCHCHI,0.7264,value,4,21,0.7264
COP2122-117,,ARABIC LANGUAGE,South Eastern University of Sri Lanka,MANNAR,0.7264,value,4,21,0.7264
COP2122-117,,ARABIC LANGUAGE,South Eastern University of Sri Lanka,MULLAITIVU,0.7264,value,4,21,0.7264
COP2122-117,,ARABIC LANGUAGE,South Eastern University of Sri Lanka,VAVUNIYA,0.7264,value,4,21,0.7264
COP2122-117,,ARABIC LANGUAGE,South Eastern University of Sri Lanka,TRINCOMALEE,0.7264,value,4,21,0.7264
COP2122-117,,ARABIC LANGUAGE,South Eastern University of Sri Lanka,BATTICALOA,0.7264,value,4,21,0.7264
COP2122-117,,ARABIC LANGUAGE,South Eastern University of Sri Lanka,AMPARA,0.7264,value,4,21,0.7264
COP2122-117,,ARABIC LANGUAGE,South Eastern University of Sri Lanka,PUTTALAM,0.7264,value,4,21,0.7264
COP2122-117,,ARABIC LANGUAGE,South Eastern University of Sri Lanka,KURUNEGALA,0.7264,value,4,21,0.7264
COP2122-117,,ARABIC LANGUAGE,South Eastern University of Sri Lanka,ANURADHAPURA,0.7264,value,4,21,0.7264
COP2122-117,,ARABIC LANGUAGE,South Eastern University of Sri Lanka,POLONNARUWA,0.7264,value,4,21,0.7264
COP2122-117,,ARABIC LANGUAGE,South Eastern University of Sri Lanka,BADULLA,0.7264,value,4,21,0.7264
COP2122-117,,ARABIC LANGUAGE,South Eastern University of Sri Lanka,MONARAGALA,0.7264,value,4,21,0.7264
COP2122-117,,ARABIC LANGUAGE,South Eastern University of Sri Lanka,KEGALLE,0.7264,value,4,21,0.7264
COP2122-117,,ARABIC LANGUAGE,South Eastern University of Sri Lanka,RATNAPURA,0.7264,value,4,21,0.7264
COP2122-118,,ARCHITECTURE,University of Moratuwa,COLOMBO,0.9812,value,4,22,0.9812
COP2122-118,,ARCHITECTURE,University of Moratuwa,GAMPAHA,0.9192,value,4,22,0.9192
COP2122-118,,ARCHITECTURE,University of Moratuwa,KALUTARA,0.8626,value,4,22,0.8626
COP2122-118,,ARCHITECTURE,University of Moratuwa,MATALE,1.1105,value,4,22,1.1105
COP2122-118,,ARCHITECTURE,University of Moratuwa,KANDY,1.0483,value,4,22,1.0483
COP2122-118,,ARCHITECTURE,University of Moratuwa,NUWARA ELIYA,0.4934,value,4,22,0.4934
COP2122-118,,ARCHITECTURE,University of Moratuwa,GALLE,1.0708,value,4,22,1.0708
COP2122-118,,ARCHITECTURE,University of Moratuwa,MATARA,1.0556,value,4,22,1.0556
COP2122-118,,ARCHITECTURE,University of Moratuwa,HAMBANTOTA,-0.2320,value,4,22,-0.2320
COP2122-118,,ARCHITECTURE,University of Moratuwa,JAFFNA,1.1571,value,4,22,1.1571
COP2122-118,,ARCHITECTURE,University of Moratuwa,KILINOCHCHI,,NQC,4,22,NQC
COP2122-118,,ARCHITECTURE,University of Moratuwa,MANNAR,,NQC,4,22,NQC
COP2122-118,,ARCHITECTURE,University of Moratuwa,MULLAITIVU,,NQC,4,22,NQC
COP2122-118,,ARCHITECTURE,University of Moratuwa,VAVUNIYA,0.6541,value,4,22,0.6541
COP2122-118,,ARCHITECTURE,University of Moratuwa,TRINCOMALEE,0.5665,value,4,22,0.5665
COP2122-118,,ARCHITECTURE,University of Moratuwa,BATTICALOA,0.7215,value,4,22,0.7215
COP2122-118,,ARCHITECTURE,University of Moratuwa,AMPARA,1.2616,value,4,22,1.2616
COP2122-118,,ARCHITECTURE,University of Moratuwa,PUTTALAM,0.6892,value,4,22,0.6892
COP2122-118,,ARCHITECTURE,University of Moratuwa,KURUNEGALA,1.1809,value,4,22,1.1809
COP2122-118,,ARCHITECTURE,University of Moratuwa,ANURADHAPURA,1.1687,value,4,22,1.1687
COP2122-118,,ARCHITECTURE,University of Moratuwa,POLONNARUWA,,NQC,4,22,NQC
COP2122-118,,ARCHITECTURE,University of Moratuwa,BADULLA,1.1636,value,4,22,1.1636
COP2122-118,,ARCHITECTURE,University of Moratuwa,MONARAGALA,1.0094,value,4,22,1.0094
COP2122-118,,ARCHITECTURE,University of Moratuwa,KEGALLE,1.1283,value,4,22,1.1283
COP2122-118,,ARCHITECTURE,University of Moratuwa,RATNAPURA,0.8847,value,4,22,0.8847
COP2122-119,,DESIGN,University of Moratuwa,COLOMBO,1.0719,value,4,23,1.0719
COP2122-119,,DESIGN,University of Moratuwa,GAMPAHA,0.9177,value,4,23,0.9177
COP2122-119,,DESIGN,University of Moratuwa,KALUTARA,0.3273,value,4,23,0.3273
COP2122-119,,DESIGN,University of Moratuwa,MATALE,1.0894,value,4,23,1.0894
COP2122-119,,DESIGN,University of Moratuwa,KANDY,0.9879,value,4,23,0.9879
COP2122-119,,DESIGN,University of Moratuwa,NUWARA ELIYA,0.7753,value,4,23,0.7753
COP2122-119,,DESIGN,University of Moratuwa,GALLE,1.0089,value,4,23,1.0089
COP2122-119,,DESIGN,University of Moratuwa,MATARA,0.6952,value,4,23,0.6952
COP2122-119,,DESIGN,University of Moratuwa,HAMBANTOTA,0.2437,value,4,23,0.2437
COP2122-119,,DESIGN,University of Moratuwa,JAFFNA,,NQC,4,23,NQC
COP2122-119,,DESIGN,University of Moratuwa,KILINOCHCHI,,NQC,4,23,NQC
COP2122-119,,DESIGN,University of Moratuwa,MANNAR,,NQC,4,23,NQC
COP2122-119,,DESIGN,University of Moratuwa,MULLAITIVU,,NQC,4,23,NQC
COP2122-119,,DESIGN,University of Moratuwa,VAVUNIYA,,NQC,4,23,NQC
COP2122-119,,DESIGN,University of Moratuwa,TRINCOMALEE,,NQC,4,23,NQC
COP2122-119,,DESIGN,University of Moratuwa,BATTICALOA,1.1262,value,4,23,1.1262
COP2122-119,,DESIGN,University of Moratuwa,AMPARA,1.1197,value,4,23,1.1197
COP2122-119,,DESIGN,University of Moratuwa,PUTTALAM,0.4946,value,4,23,0.4946
COP2122-119,,DESIGN,University of Moratuwa,KURUNEGALA,0.6025,value,4,23,0.6025
COP2122-119,,DESIGN,University of Moratuwa,ANURADHAPURA,1.1292,value,4,23,1.1292
COP2122-119,,DESIGN,University of Moratuwa,POLONNARUWA,,NQC,4,23,NQC
COP2122-119,,DESIGN,University of Moratuwa,BADULLA,1.0053,value,4,23,1.0053
COP2122-119,,DESIGN,University of Moratuwa,MONARAGALA,,NQC,4,23,NQC
COP2122-119,,DESIGN,University of Moratuwa,KEGALLE,-0.1223,value,4,23,-0.1223
COP2122-119,,DESIGN,University of Moratuwa,RATNAPURA,0.4466,value,4,23,0.4466
COP2122-120,,LANDSCAPE ARCHITECTURE,University of Moratuwa,COLOMBO,0.5700,value,4,24,0.5700
COP2122-120,,LANDSCAPE ARCHITECTURE,University of Moratuwa,GAMPAHA,0.5596,value,4,24,0.5596
COP2122-120,,LANDSCAPE ARCHITECTURE,University of Moratuwa,KALUTARA,0.4447,value,4,24,0.4447
COP2122-120,,LANDSCAPE ARCHITECTURE,University of Moratuwa,MATALE,0.2802,value,4,24,0.2802
COP2122-120,,LANDSCAPE ARCHITECTURE,University of Moratuwa,KANDY,0.3654,value,4,24,0.3654
COP2122-120,,LANDSCAPE ARCHITECTURE,University of Moratuwa,NUWARA ELIYA,0.0912,value,4,24,0.0912
COP2122-120,,LANDSCAPE ARCHITECTURE,University of Moratuwa,GALLE,0.6508,value,4,24,0.6508
COP2122-120,,LANDSCAPE ARCHITECTURE,University of Moratuwa,MATARA,0.3788,value,4,24,0.3788
COP2122-120,,LANDSCAPE ARCHITECTURE,University of Moratuwa,HAMBANTOTA,0.3916,value,4,24,0.3916
COP2122-120,,LANDSCAPE ARCHITECTURE,University of Moratuwa,JAFFNA,0.7483,value,4,24,0.7483
COP2122-120,,LANDSCAPE ARCHITECTURE,University of Moratuwa,KILINOCHCHI,,NQC,4,24,NQC
COP2122-120,,LANDSCAPE ARCHITECTURE,University of Moratuwa,MANNAR,,NQC,4,24,NQC
COP2122-120,,LANDSCAPE ARCHITECTURE,University of Moratuwa,MULLAITIVU,,NQC,4,24,NQC
COP2122-120,,LANDSCAPE ARCHITECTURE,University of Moratuwa,VAVUNIYA,,NQC,4,24,NQC
COP2122-120,,LANDSCAPE ARCHITECTURE,University of Moratuwa,TRINCOMALEE,-0.2420,value,4,24,-0.2420
COP2122-120,,LANDSCAPE ARCHITECTURE,University of Moratuwa,BATTICALOA,0.5397,value,4,24,0.5397
COP2122-120,,LANDSCAPE ARCHITECTURE,University of Moratuwa,AMPARA,0.2712,value,4,24,0.2712
COP2122-120,,LANDSCAPE ARCHITECTURE,University of Moratuwa,PUTTALAM,-0.3795,value,4,24,-0.3795
COP2122-120,,LANDSCAPE ARCHITECTURE,University of Moratuwa,KURUNEGALA,0.6434,value,4,24,0.6434
COP2122-120,,LANDSCAPE ARCHITECTURE,University of Moratuwa,ANURADHAPURA,0.1867,value,4,24,0.1867
COP2122-120,,LANDSCAPE ARCHITECTURE,University of Moratuwa,POLONNARUWA,1.6880,value,4,24,1.6880
COP2122-120,,LANDSCAPE ARCHITECTURE,University of Moratuwa,BADULLA,0.6705,value,4,24,0.6705
COP2122-120,,LANDSCAPE ARCHITECTURE,University of Moratuwa,MONARAGALA,,NQC,4,24,NQC
COP2122-120,,LANDSCAPE ARCHITECTURE,University of Moratuwa,KEGALLE,0.5454,value,4,24,0.5454
COP2122-120,,LANDSCAPE ARCHITECTURE,University of Moratuwa,RATNAPURA,0.0842,value,4,24,0.0842
COP2122-121,,TOWN & COUNTRY PLANNING,University of Moratuwa,COLOMBO,1.2285,value,4,25,1.2285
COP2122-121,,TOWN & COUNTRY PLANNING,University of Moratuwa,GAMPAHA,1.1100,value,4,25,1.1100
COP2122-121,,TOWN & COUNTRY PLANNING,University of Moratuwa,KALUTARA,1.1906,value,4,25,1.1906
COP2122-121,,TOWN & COUNTRY PLANNING,University of Moratuwa,MATALE,1.2424,value,4,25,1.2424
COP2122-121,,TOWN & COUNTRY PLANNING,University of Moratuwa,KANDY,1.1154,value,4,25,1.1154
COP2122-121,,TOWN & COUNTRY PLANNING,University of Moratuwa,NUWARA ELIYA,0.9478,value,4,25,0.9478
COP2122-121,,TOWN & COUNTRY PLANNING,University of Moratuwa,GALLE,1.2382,value,4,25,1.2382
COP2122-121,,TOWN & COUNTRY PLANNING,University of Moratuwa,MATARA,1.2384,value,4,25,1.2384
COP2122-121,,TOWN & COUNTRY PLANNING,University of Moratuwa,HAMBANTOTA,1.1787,value,4,25,1.1787
COP2122-121,,TOWN & COUNTRY PLANNING,University of Moratuwa,JAFFNA,1.2224,value,4,25,1.2224
COP2122-121,,TOWN & COUNTRY PLANNING,University of Moratuwa,KILINOCHCHI,0.9769,value,4,25,0.9769
COP2122-121,,TOWN & COUNTRY PLANNING,University of Moratuwa,MANNAR,0.9099,value,4,25,0.9099
COP2122-121,,TOWN & COUNTRY PLANNING,University of Moratuwa,MULLAITIVU,0.4869,value,4,25,0.4869
COP2122-121,,TOWN & COUNTRY PLANNING,University of Moratuwa,VAVUNIYA,0.8391,value,4,25,0.8391
COP2122-121,,TOWN & COUNTRY PLANNING,University of Moratuwa,TRINCOMALEE,1.2028,value,4,25,1.2028
COP2122-121,,TOWN & COUNTRY PLANNING,University of Moratuwa,BATTICALOA,1.2077,value,4,25,1.2077
COP2122-121,,TOWN & COUNTRY PLANNING,University of Moratuwa,AMPARA,1.2481,value,4,25,1.2481
COP2122-121,,TOWN & COUNTRY PLANNING,University of Moratuwa,PUTTALAM,0.8825,value,4,25,0.8825
COP2122-121,,TOWN & COUNTRY PLANNING,University of Moratuwa,KURUNEGALA,1.1277,value,4,25,1.1277
COP2122-121,,TOWN & COUNTRY PLANNING,University of Moratuwa,ANURADHAPURA,1.0456,value,4,25,1.0456
COP2122-121,,TOWN & COUNTRY PLANNING,University of Moratuwa,POLONNARUWA,1.0010,value,4,25,1.0010
COP2122-121,,TOWN & COUNTRY PLANNING,University of Moratuwa,BADULLA,1.1982,value,4,25,1.1982
COP2122-121,,TOWN & COUNTRY PLANNING,University of Moratuwa,MONARAGALA,0.9236,value,4,25,0.9236
COP2122-121,,TOWN & COUNTRY PLANNING,University of Moratuwa,KEGALLE,1.2708,value,4,25,1.2708
COP2122-121,,TOWN & COUNTRY PLANNING,University of Moratuwa,RATNAPURA,1.1743,value,4,25,1.1743
COP2122-122,,FASHION DESIGN & PRODUCT DEVELOPMENT,University of Moratuwa,COLOMBO,1.2573,value,4,26,1.2573
COP2122-122,,FASHION DESIGN & PRODUCT DEVELOPMENT,University of Moratuwa,GAMPAHA,1.1903,value,4,26,1.1903
COP2122-122,,FASHION DESIGN & PRODUCT DEVELOPMENT,University of Moratuwa,KALUTARA,0.7642,value,4,26,0.7642
COP2122-122,,FASHION DESIGN & PRODUCT DEVELOPMENT,University of Moratuwa,MATALE,1.2876,value,4,26,1.2876
COP2122-122,,FASHION DESIGN & PRODUCT DEVELOPMENT,University of Moratuwa,KANDY,1.0943,value,4,26,1.0943
COP2122-122,,FASHION DESIGN & PRODUCT DEVELOPMENT,University of Moratuwa,NUWARA ELIYA,1.1927,value,4,26,1.1927
COP2122-122,,FASHION DESIGN & PRODUCT DEVELOPMENT,University of Moratuwa,GALLE,0.7368,value,4,26,0.7368
COP2122-122,,FASHION DESIGN & PRODUCT DEVELOPMENT,University of Moratuwa,MATARA,0.6819,value,4,26,0.6819
COP2122-122,,FASHION DESIGN & PRODUCT DEVELOPMENT,University of Moratuwa,HAMBANTOTA,1.0384,value,4,26,1.0384
COP2122-122,,FASHION DESIGN & PRODUCT DEVELOPMENT,University of Moratuwa,JAFFNA,,NQC,4,26,NQC
COP2122-122,,FASHION DESIGN & PRODUCT DEVELOPMENT,University of Moratuwa,KILINOCHCHI,,NQC,4,26,NQC
COP2122-122,,FASHION DESIGN & PRODUCT DEVELOPMENT,University of Moratuwa,MANNAR,,NQC,4,26,NQC
COP2122-122,,FASHION DESIGN & PRODUCT DEVELOPMENT,University of Moratuwa,MULLAITIVU,,NQC,4,26,NQC
COP2122-122,,FASHION DESIGN & PRODUCT DEVELOPMENT,University of Moratuwa,VAVUNIYA,,NQC,4,26,NQC
COP2122-122,,FASHION DESIGN & PRODUCT DEVELOPMENT,University of Moratuwa,TRINCOMALEE,0.6819,value,4,26,0.6819
COP2122-122,,FASHION DESIGN & PRODUCT DEVELOPMENT,University of Moratuwa,BATTICALOA,,NQC,4,26,NQC
COP2122-122,,FASHION DESIGN & PRODUCT DEVELOPMENT,University of Moratuwa,AMPARA,0.9985,value,4,26,0.9985
COP2122-122,,FASHION DESIGN & PRODUCT DEVELOPMENT,University of Moratuwa,PUTTALAM,,NQC,4,26,NQC
COP2122-122,,FASHION DESIGN & PRODUCT DEVELOPMENT,University of Moratuwa,KURUNEGALA,0.9457,value,4,26,0.9457
COP2122-122,,FASHION DESIGN & PRODUCT DEVELOPMENT,University of Moratuwa,ANURADHAPURA,0.6533,value,4,26,0.6533
COP2122-122,,FASHION DESIGN & PRODUCT DEVELOPMENT,University of Moratuwa,POLONNARUWA,,NQC,4,26,NQC
COP2122-122,,FASHION DESIGN & PRODUCT DEVELOPMENT,University of Moratuwa,BADULLA,0.3805,value,4,26,0.3805
COP2122-122,,FASHION DESIGN & PRODUCT DEVELOPMENT,University of Moratuwa,MONARAGALA,0.5013,value,4,26,0.5013
COP2122-122,,FASHION DESIGN & PRODUCT DEVELOPMENT,University of Moratuwa,KEGALLE,0.8064,value,4,26,0.8064
COP2122-122,,FASHION DESIGN & PRODUCT DEVELOPMENT,University of Moratuwa,RATNAPURA,0.4634,value,4,26,0.4634
COP2122-123,,ARTIFICIAL INTELLIGENCE,University of Moratuwa,COLOMBO,1.9945,value,4,27,1.9945
COP2122-123,,ARTIFICIAL INTELLIGENCE,University of Moratuwa,GAMPAHA,1.7853,value,4,27,1.7853
COP2122-123,,ARTIFICIAL INTELLIGENCE,University of Moratuwa,KALUTARA,1.7393,value,4,27,1.7393
COP2122-123,,ARTIFICIAL INTELLIGENCE,University of Moratuwa,MATALE,1.6774,value,4,27,1.6774
COP2122-123,,ARTIFICIAL INTELLIGENCE,University of Moratuwa,KANDY,1.6360,value,4,27,1.6360
COP2122-123,,ARTIFICIAL INTELLIGENCE,University of Moratuwa,NUWARA ELIYA,1.9273,value,4,27,1.9273
COP2122-123,,ARTIFICIAL INTELLIGENCE,University of Moratuwa,GALLE,2.0480,value,4,27,2.0480
COP2122-123,,ARTIFICIAL INTELLIGENCE,University of Moratuwa,MATARA,1.9428,value,4,27,1.9428
COP2122-123,,ARTIFICIAL INTELLIGENCE,University of Moratuwa,HAMBANTOTA,1.9060,value,4,27,1.9060
COP2122-123,,ARTIFICIAL INTELLIGENCE,University of Moratuwa,JAFFNA,1.9788,value,4,27,1.9788
COP2122-123,,ARTIFICIAL INTELLIGENCE,University of Moratuwa,KILINOCHCHI,1.2668,value,4,27,1.2668
COP2122-123,,ARTIFICIAL INTELLIGENCE,University of Moratuwa,MANNAR,1.6332,value,4,27,1.6332
COP2122-123,,ARTIFICIAL INTELLIGENCE,University of Moratuwa,MULLAITIVU,0.9891,value,4,27,0.9891
COP2122-123,,ARTIFICIAL INTELLIGENCE,University of Moratuwa,VAVUNIYA,1.5170,value,4,27,1.5170
COP2122-123,,ARTIFICIAL INTELLIGENCE,University of Moratuwa,TRINCOMALEE,1.6664,value,4,27,1.6664
COP2122-123,,ARTIFICIAL INTELLIGENCE,University of Moratuwa,BATTICALOA,1.4432,value,4,27,1.4432
COP2122-123,,ARTIFICIAL INTELLIGENCE,University of Moratuwa,AMPARA,1.5725,value,4,27,1.5725
COP2122-123,,ARTIFICIAL INTELLIGENCE,University of Moratuwa,PUTTALAM,1.5990,value,4,27,1.5990
COP2122-123,,ARTIFICIAL INTELLIGENCE,University of Moratuwa,KURUNEGALA,1.9225,value,4,27,1.9225
COP2122-123,,ARTIFICIAL INTELLIGENCE,University of Moratuwa,ANURADHAPURA,1.5125,value,4,27,1.5125
COP2122-123,,ARTIFICIAL INTELLIGENCE,University of Moratuwa,POLONNARUWA,1.4392,value,4,27,1.4392
COP2122-123,,ARTIFICIAL INTELLIGENCE,University of Moratuwa,BADULLA,1.7190,value,4,27,1.7190
COP2122-123,,ARTIFICIAL INTELLIGENCE,University of Moratuwa,MONARAGALA,1.7272,value,4,27,1.7272
COP2122-123,,ARTIFICIAL INTELLIGENCE,University of Moratuwa,KEGALLE,2.0050,value,4,27,2.0050
COP2122-123,,ARTIFICIAL INTELLIGENCE,University of Moratuwa,RATNAPURA,2.0646,value,4,27,2.0646
COP2122-124,,INFORMATION TECHNOLOGY (IT),University of Moratuwa,COLOMBO,1.7175,value,4,28,1.7175
COP2122-124,,INFORMATION TECHNOLOGY (IT),University of Moratuwa,GAMPAHA,1.5874,value,4,28,1.5874
COP2122-124,,INFORMATION TECHNOLOGY (IT),University of Moratuwa,KALUTARA,1.6676,value,4,28,1.6676
COP2122-124,,INFORMATION TECHNOLOGY (IT),University of Moratuwa,MATALE,1.4862,value,4,28,1.4862
COP2122-124,,INFORMATION TECHNOLOGY (IT),University of Moratuwa,KANDY,1.5978,value,4,28,1.5978
COP2122-124,,INFORMATION TECHNOLOGY (IT),University of Moratuwa,NUWARA ELIYA,1.3657,value,4,28,1.3657
COP2122-124,,INFORMATION TECHNOLOGY (IT),University of Moratuwa,GALLE,1.7159,value,4,28,1.7159
COP2122-124,,INFORMATION TECHNOLOGY (IT),University of Moratuwa,MATARA,1.7420,value,4,28,1.7420
COP2122-124,,INFORMATION TECHNOLOGY (IT),University of Moratuwa,HAMBANTOTA,1.7080,value,4,28,1.7080
COP2122-124,,INFORMATION TECHNOLOGY (IT),University of Moratuwa,JAFFNA,1.7590,value,4,28,1.7590
COP2122-124,,INFORMATION TECHNOLOGY (IT),University of Moratuwa,KILINOCHCHI,1.3525,value,4,28,1.3525
COP2122-124,,INFORMATION TECHNOLOGY (IT),University of Moratuwa,MANNAR,1.5420,value,4,28,1.5420
COP2122-124,,INFORMATION TECHNOLOGY (IT),University of Moratuwa,MULLAITIVU,1.2152,value,4,28,1.2152
COP2122-124,,INFORMATION TECHNOLOGY (IT),University of Moratuwa,VAVUNIYA,1.5435,value,4,28,1.5435
COP2122-124,,INFORMATION TECHNOLOGY (IT),University of Moratuwa,TRINCOMALEE,1.4904,value,4,28,1.4904
COP2122-124,,INFORMATION TECHNOLOGY (IT),University of Moratuwa,BATTICALOA,1.5509,value,4,28,1.5509
COP2122-124,,INFORMATION TECHNOLOGY (IT),University of Moratuwa,AMPARA,1.4476,value,4,28,1.4476
COP2122-124,,INFORMATION TECHNOLOGY (IT),University of Moratuwa,PUTTALAM,1.4664,value,4,28,1.4664
COP2122-124,,INFORMATION TECHNOLOGY (IT),University of Moratuwa,KURUNEGALA,1.6508,value,4,28,1.6508
COP2122-124,,INFORMATION TECHNOLOGY (IT),University of Moratuwa,ANURADHAPURA,1.3879,value,4,28,1.3879
COP2122-124,,INFORMATION TECHNOLOGY (IT),University of Moratuwa,POLONNARUWA,1.2171,value,4,28,1.2171
COP2122-124,,INFORMATION TECHNOLOGY (IT),University of Moratuwa,BADULLA,1.5953,value,4,28,1.5953
COP2122-124,,INFORMATION TECHNOLOGY (IT),University of Moratuwa,MONARAGALA,1.3776,value,4,28,1.3776
COP2122-124,,INFORMATION TECHNOLOGY (IT),University of Moratuwa,KEGALLE,1.6421,value,4,28,1.6421
COP2122-124,,INFORMATION TECHNOLOGY (IT),University of Moratuwa,RATNAPURA,1.5942,value,4,28,1.5942
COP2122-125,,INFORMATION TECHNOLOGY & MANAGEMENT,University of Moratuwa,COLOMBO,1.4168,value,4,29,1.4168
COP2122-125,,INFORMATION TECHNOLOGY & MANAGEMENT,University of Moratuwa,GAMPAHA,1.1760,value,4,29,1.1760
COP2122-125,,INFORMATION TECHNOLOGY & MANAGEMENT,University of Moratuwa,KALUTARA,1.3288,value,4,29,1.3288
COP2122-125,,INFORMATION TECHNOLOGY & MANAGEMENT,University of Moratuwa,MATALE,0.8462,value,4,29,0.8462
COP2122-125,,INFORMATION TECHNOLOGY & MANAGEMENT,University of Moratuwa,KANDY,1.1397,value,4,29,1.1397
COP2122-125,,INFORMATION TECHNOLOGY & MANAGEMENT,University of Moratuwa,NUWARA ELIYA,0.5036,value,4,29,0.5036
COP2122-125,,INFORMATION TECHNOLOGY & MANAGEMENT,University of Moratuwa,GALLE,1.3822,value,4,29,1.3822
COP2122-125,,INFORMATION TECHNOLOGY & MANAGEMENT,University of Moratuwa,MATARA,1.4693,value,4,29,1.4693
COP2122-125,,INFORMATION TECHNOLOGY & MANAGEMENT,University of Moratuwa,HAMBANTOTA,0.8899,value,4,29,0.8899
COP2122-125,,INFORMATION TECHNOLOGY & MANAGEMENT,University of Moratuwa,JAFFNA,1.3066,value,4,29,1.3066
COP2122-125,,INFORMATION TECHNOLOGY & MANAGEMENT,University of Moratuwa,KILINOCHCHI,,NQC,4,29,NQC
COP2122-125,,INFORMATION TECHNOLOGY & MANAGEMENT,University of Moratuwa,MANNAR,,NQC,4,29,NQC
COP2122-125,,INFORMATION TECHNOLOGY & MANAGEMENT,University of Moratuwa,MULLAITIVU,,NQC,4,29,NQC
COP2122-125,,INFORMATION TECHNOLOGY & MANAGEMENT,University of Moratuwa,VAVUNIYA,0.6087,value,4,29,0.6087
COP2122-125,,INFORMATION TECHNOLOGY & MANAGEMENT,University of Moratuwa,TRINCOMALEE,1.9124,value,4,29,1.9124
COP2122-125,,INFORMATION TECHNOLOGY & MANAGEMENT,University of Moratuwa,BATTICALOA,0.8828,value,4,29,0.8828
COP2122-125,,INFORMATION TECHNOLOGY & MANAGEMENT,University of Moratuwa,AMPARA,0.8216,value,4,29,0.8216
COP2122-125,,INFORMATION TECHNOLOGY & MANAGEMENT,University of Moratuwa,PUTTALAM,0.6244,value,4,29,0.6244
COP2122-125,,INFORMATION TECHNOLOGY & MANAGEMENT,University of Moratuwa,KURUNEGALA,1.1220,value,4,29,1.1220
COP2122-125,,INFORMATION TECHNOLOGY & MANAGEMENT,University of Moratuwa,ANURADHAPURA,0.8841,value,4,29,0.8841
COP2122-125,,INFORMATION TECHNOLOGY & MANAGEMENT,University of Moratuwa,POLONNARUWA,0.7945,value,4,29,0.7945
COP2122-125,,INFORMATION TECHNOLOGY & MANAGEMENT,University of Moratuwa,BADULLA,1.2171,value,4,29,1.2171
COP2122-125,,INFORMATION TECHNOLOGY & MANAGEMENT,University of Moratuwa,MONARAGALA,0.9413,value,4,29,0.9413
COP2122-125,,INFORMATION TECHNOLOGY & MANAGEMENT,University of Moratuwa,KEGALLE,1.4229,value,4,29,1.4229
COP2122-125,,INFORMATION TECHNOLOGY & MANAGEMENT,University of Moratuwa,RATNAPURA,1.2559,value,4,29,1.2559
COP2122-126,,FACILITIES MANAGEMENT,University of Moratuwa,COLOMBO,1.4740,value,4,30,1.4740
COP2122-126,,FACILITIES MANAGEMENT,University of Moratuwa,GAMPAHA,1.4419,value,4,30,1.4419
COP2122-126,,FACILITIES MANAGEMENT,University of Moratuwa,KALUTARA,1.4166,value,4,30,1.4166
COP2122-126,,FACILITIES MANAGEMENT,University of Moratuwa,MATALE,1.3733,value,4,30,1.3733
COP2122-126,,FACILITIES MANAGEMENT,University of Moratuwa,KANDY,1.4389,value,4,30,1.4389
COP2122-126,,FACILITIES MANAGEMENT,University of Moratuwa,NUWARA ELIYA,1.4169,value,4,30,1.4169
COP2122-126,,FACILITIES MANAGEMENT,University of Moratuwa,GALLE,1.4789,value,4,30,1.4789
COP2122-126,,FACILITIES MANAGEMENT,University of Moratuwa,MATARA,1.4929,value,4,30,1.4929
COP2122-126,,FACILITIES MANAGEMENT,University of Moratuwa,HAMBANTOTA,1.3781,value,4,30,1.3781
COP2122-126,,FACILITIES MANAGEMENT,University of Moratuwa,JAFFNA,1.3262,value,4,30,1.3262
COP2122-126,,FACILITIES MANAGEMENT,University of Moratuwa,KILINOCHCHI,1.0274,value,4,30,1.0274
COP2122-126,,FACILITIES MANAGEMENT,University of Moratuwa,MANNAR,1.1091,value,4,30,1.1091
COP2122-126,,FACILITIES MANAGEMENT,University of Moratuwa,MULLAITIVU,1.1381,value,4,30,1.1381
COP2122-126,,FACILITIES MANAGEMENT,University of Moratuwa,VAVUNIYA,1.4463,value,4,30,1.4463
COP2122-126,,FACILITIES MANAGEMENT,University of Moratuwa,TRINCOMALEE,1.5119,value,4,30,1.5119
COP2122-126,,FACILITIES MANAGEMENT,University of Moratuwa,BATTICALOA,1.4401,value,4,30,1.4401
COP2122-126,,FACILITIES MANAGEMENT,University of Moratuwa,AMPARA,1.3714,value,4,30,1.3714
COP2122-126,,FACILITIES MANAGEMENT,University of Moratuwa,PUTTALAM,1.2290,value,4,30,1.2290
COP2122-126,,FACILITIES MANAGEMENT,University of Moratuwa,KURUNEGALA,1.3860,value,4,30,1.3860
COP2122-126,,FACILITIES MANAGEMENT,University of Moratuwa,ANURADHAPURA,1.4563,value,4,30,1.4563
COP2122-126,,FACILITIES MANAGEMENT,University of Moratuwa,POLONNARUWA,1.3417,value,4,30,1.3417
COP2122-126,,FACILITIES MANAGEMENT,University of Moratuwa,BADULLA,1.3661,value,4,30,1.3661
COP2122-126,,FACILITIES MANAGEMENT,University of Moratuwa,MONARAGALA,1.3877,value,4,30,1.3877
COP2122-126,,FACILITIES MANAGEMENT,University of Moratuwa,KEGALLE,1.4326,value,4,30,1.4326
COP2122-126,,FACILITIES MANAGEMENT,University of Moratuwa,RATNAPURA,1.3847,value,4,30,1.3847
COP2122-127,,TRANSPORT MANAGEMENT & LOGISTICS ENGINEERING (TMLE),University of Moratuwa,COLOMBO,1.6375,value,4,31,1.6375
COP2122-127,,TRANSPORT MANAGEMENT & LOGISTICS ENGINEERING (TMLE),University of Moratuwa,GAMPAHA,1.4945,value,4,31,1.4945
COP2122-127,,TRANSPORT MANAGEMENT & LOGISTICS ENGINEERING (TMLE),University of Moratuwa,KALUTARA,1.5972,value,4,31,1.5972
COP2122-127,,TRANSPORT MANAGEMENT & LOGISTICS ENGINEERING (TMLE),University of Moratuwa,MATALE,1.3364,value,4,31,1.3364
COP2122-127,,TRANSPORT MANAGEMENT & LOGISTICS ENGINEERING (TMLE),University of Moratuwa,KANDY,1.5808,value,4,31,1.5808
COP2122-127,,TRANSPORT MANAGEMENT & LOGISTICS ENGINEERING (TMLE),University of Moratuwa,NUWARA ELIYA,1.3968,value,4,31,1.3968
COP2122-127,,TRANSPORT MANAGEMENT & LOGISTICS ENGINEERING (TMLE),University of Moratuwa,GALLE,1.5786,value,4,31,1.5786
COP2122-127,,TRANSPORT MANAGEMENT & LOGISTICS ENGINEERING (TMLE),University of Moratuwa,MATARA,1.6082,value,4,31,1.6082
COP2122-127,,TRANSPORT MANAGEMENT & LOGISTICS ENGINEERING (TMLE),University of Moratuwa,HAMBANTOTA,1.6235,value,4,31,1.6235
COP2122-127,,TRANSPORT MANAGEMENT & LOGISTICS ENGINEERING (TMLE),University of Moratuwa,JAFFNA,1.5640,value,4,31,1.5640
COP2122-127,,TRANSPORT MANAGEMENT & LOGISTICS ENGINEERING (TMLE),University of Moratuwa,KILINOCHCHI,1.3318,value,4,31,1.3318
COP2122-127,,TRANSPORT MANAGEMENT & LOGISTICS ENGINEERING (TMLE),University of Moratuwa,MANNAR,0.7916,value,4,31,0.7916
COP2122-127,,TRANSPORT MANAGEMENT & LOGISTICS ENGINEERING (TMLE),University of Moratuwa,MULLAITIVU,0.5893,value,4,31,0.5893
COP2122-127,,TRANSPORT MANAGEMENT & LOGISTICS ENGINEERING (TMLE),University of Moratuwa,VAVUNIYA,1.0433,value,4,31,1.0433
COP2122-127,,TRANSPORT MANAGEMENT & LOGISTICS ENGINEERING (TMLE),University of Moratuwa,TRINCOMALEE,1.4929,value,4,31,1.4929
COP2122-127,,TRANSPORT MANAGEMENT & LOGISTICS ENGINEERING (TMLE),University of Moratuwa,BATTICALOA,1.3534,value,4,31,1.3534
COP2122-127,,TRANSPORT MANAGEMENT & LOGISTICS ENGINEERING (TMLE),University of Moratuwa,AMPARA,1.4485,value,4,31,1.4485
COP2122-127,,TRANSPORT MANAGEMENT & LOGISTICS ENGINEERING (TMLE),University of Moratuwa,PUTTALAM,1.3060,value,4,31,1.3060
COP2122-127,,TRANSPORT MANAGEMENT & LOGISTICS ENGINEERING (TMLE),University of Moratuwa,KURUNEGALA,1.5996,value,4,31,1.5996
COP2122-127,,TRANSPORT MANAGEMENT & LOGISTICS ENGINEERING (TMLE),University of Moratuwa,ANURADHAPURA,1.3696,value,4,31,1.3696
COP2122-127,,TRANSPORT MANAGEMENT & LOGISTICS ENGINEERING (TMLE),University of Moratuwa,POLONNARUWA,1.3954,value,4,31,1.3954
COP2122-127,,TRANSPORT MANAGEMENT & LOGISTICS ENGINEERING (TMLE),University of Moratuwa,BADULLA,1.5743,value,4,31,1.5743
COP2122-127,,TRANSPORT MANAGEMENT & LOGISTICS ENGINEERING (TMLE),University of Moratuwa,MONARAGALA,1.3285,value,4,31,1.3285
COP2122-127,,TRANSPORT MANAGEMENT & LOGISTICS ENGINEERING (TMLE),University of Moratuwa,KEGALLE,1.5628,value,4,31,1.5628
COP2122-127,,TRANSPORT MANAGEMENT & LOGISTICS ENGINEERING (TMLE),University of Moratuwa,RATNAPURA,1.5184,value,4,31,1.5184
COP2122-128,,BUSINESS SCIENCE,University of Moratuwa,COLOMBO,1.9032,value,4,32,1.9032
COP2122-128,,BUSINESS SCIENCE,University of Moratuwa,GAMPAHA,1.7938,value,4,32,1.7938
COP2122-128,,BUSINESS SCIENCE,University of Moratuwa,KALUTARA,1.6909,value,4,32,1.6909
COP2122-128,,BUSINESS SCIENCE,University of Moratuwa,MATALE,1.6317,value,4,32,1.6317
COP2122-128,,BUSINESS SCIENCE,University of Moratuwa,KANDY,1.6468,value,4,32,1.6468
COP2122-128,,BUSINESS SCIENCE,University of Moratuwa,NUWARA ELIYA,1.5131,value,4,32,1.5131
COP2122-128,,BUSINESS SCIENCE,University of Moratuwa,GALLE,1.7153,value,4,32,1.7153
COP2122-128,,BUSINESS SCIENCE,University of Moratuwa,MATARA,1.8520,value,4,32,1.8520
COP2122-128,,BUSINESS SCIENCE,University of Moratuwa,HAMBANTOTA,1.6921,value,4,32,1.6921
COP2122-128,,BUSINESS SCIENCE,University of Moratuwa,JAFFNA,1.2615,value,4,32,1.2615
COP2122-128,,BUSINESS SCIENCE,University of Moratuwa,KILINOCHCHI,1.0318,value,4,32,1.0318
COP2122-128,,BUSINESS SCIENCE,University of Moratuwa,MANNAR,1.1626,value,4,32,1.1626
COP2122-128,,BUSINESS SCIENCE,University of Moratuwa,MULLAITIVU,1.2692,value,4,32,1.2692
COP2122-128,,BUSINESS SCIENCE,University of Moratuwa,VAVUNIYA,1.4905,value,4,32,1.4905
COP2122-128,,BUSINESS SCIENCE,University of Moratuwa,TRINCOMALEE,1.6679,value,4,32,1.6679
COP2122-128,,BUSINESS SCIENCE,University of Moratuwa,BATTICALOA,1.3960,value,4,32,1.3960
COP2122-128,,BUSINESS SCIENCE,University of Moratuwa,AMPARA,1.6661,value,4,32,1.6661
COP2122-128,,BUSINESS SCIENCE,University of Moratuwa,PUTTALAM,1.5853,value,4,32,1.5853
COP2122-128,,BUSINESS SCIENCE,University of Moratuwa,KURUNEGALA,1.6065,value,4,32,1.6065
COP2122-128,,BUSINESS SCIENCE,University of Moratuwa,ANURADHAPURA,1.8110,value,4,32,1.8110
COP2122-128,,BUSINESS SCIENCE,University of Moratuwa,POLONNARUWA,1.5635,value,4,32,1.5635
COP2122-128,,BUSINESS SCIENCE,University of Moratuwa,BADULLA,1.7302,value,4,32,1.7302
COP2122-128,,BUSINESS SCIENCE,University of Moratuwa,MONARAGALA,1.7105,value,4,32,1.7105
COP2122-128,,BUSINESS SCIENCE,University of Moratuwa,KEGALLE,1.7107,value,4,32,1.7107
COP2122-128,,BUSINESS SCIENCE,University of Moratuwa,RATNAPURA,1.7205,value,4,32,1.7205
COP2122-129,,MANAGEMENT AND INFORMATION TECHNOLOGY (MIT),University of Kelaniya,COLOMBO,1.3011,value,5,1,1.3011
COP2122-129,,MANAGEMENT AND INFORMATION TECHNOLOGY (MIT),University of Kelaniya,GAMPAHA,1.2084,value,5,1,1.2084
COP2122-129,,MANAGEMENT AND INFORMATION TECHNOLOGY (MIT),University of Kelaniya,KALUTARA,1.2690,value,5,1,1.2690
COP2122-129,,MANAGEMENT AND INFORMATION TECHNOLOGY (MIT),University of Kelaniya,MATALE,1.0395,value,5,1,1.0395
COP2122-129,,MANAGEMENT AND INFORMATION TECHNOLOGY (MIT),University of Kelaniya,KANDY,1.2405,value,5,1,1.2405
COP2122-129,,MANAGEMENT AND INFORMATION TECHNOLOGY (MIT),University of Kelaniya,NUWARA ELIYA,0.9727,value,5,1,0.9727
COP2122-129,,MANAGEMENT AND INFORMATION TECHNOLOGY (MIT),University of Kelaniya,GALLE,1.3395,value,5,1,1.3395
COP2122-129,,MANAGEMENT AND INFORMATION TECHNOLOGY (MIT),University of Kelaniya,MATARA,1.3355,value,5,1,1.3355
COP2122-129,,MANAGEMENT AND INFORMATION TECHNOLOGY (MIT),University of Kelaniya,HAMBANTOTA,1.2990,value,5,1,1.2990
COP2122-129,,MANAGEMENT AND INFORMATION TECHNOLOGY (MIT),University of Kelaniya,JAFFNA,1.3548,value,5,1,1.3548
COP2122-129,,MANAGEMENT AND INFORMATION TECHNOLOGY (MIT),University of Kelaniya,KILINOCHCHI,,NQC,5,1,NQC
COP2122-129,,MANAGEMENT AND INFORMATION TECHNOLOGY (MIT),University of Kelaniya,MANNAR,,NQC,5,1,NQC
COP2122-129,,MANAGEMENT AND INFORMATION TECHNOLOGY (MIT),University of Kelaniya,MULLAITIVU,1.0427,value,5,1,1.0427
COP2122-129,,MANAGEMENT AND INFORMATION TECHNOLOGY (MIT),University of Kelaniya,VAVUNIYA,1.1457,value,5,1,1.1457
COP2122-129,,MANAGEMENT AND INFORMATION TECHNOLOGY (MIT),University of Kelaniya,TRINCOMALEE,0.5830,value,5,1,0.5830
COP2122-129,,MANAGEMENT AND INFORMATION TECHNOLOGY (MIT),University of Kelaniya,BATTICALOA,1.1056,value,5,1,1.1056
COP2122-129,,MANAGEMENT AND INFORMATION TECHNOLOGY (MIT),University of Kelaniya,AMPARA,1.0609,value,5,1,1.0609
COP2122-129,,MANAGEMENT AND INFORMATION TECHNOLOGY (MIT),University of Kelaniya,PUTTALAM,1.1462,value,5,1,1.1462
COP2122-129,,MANAGEMENT AND INFORMATION TECHNOLOGY (MIT),University of Kelaniya,KURUNEGALA,1.1974,value,5,1,1.1974
COP2122-129,,MANAGEMENT AND INFORMATION TECHNOLOGY (MIT),University of Kelaniya,ANURADHAPURA,0.8871,value,5,1,0.8871
COP2122-129,,MANAGEMENT AND INFORMATION TECHNOLOGY (MIT),University of Kelaniya,POLONNARUWA,0.7527,value,5,1,0.7527
COP2122-129,,MANAGEMENT AND INFORMATION TECHNOLOGY (MIT),University of Kelaniya,BADULLA,1.2030,value,5,1,1.2030
COP2122-129,,MANAGEMENT AND INFORMATION TECHNOLOGY (MIT),University of Kelaniya,MONARAGALA,0.6653,value,5,1,0.6653
COP2122-129,,MANAGEMENT AND INFORMATION TECHNOLOGY (MIT),University of Kelaniya,KEGALLE,1.2405,value,5,1,1.2405
COP2122-129,,MANAGEMENT AND INFORMATION TECHNOLOGY (MIT),University of Kelaniya,RATNAPURA,1.1207,value,5,1,1.1207
COP2122-130,,INDUSTRIAL STATISTICS & MATHEMATICAL FINANCE,University of Colombo,COLOMBO,1.3761,value,5,2,1.3761
COP2122-130,,INDUSTRIAL STATISTICS & MATHEMATICAL FINANCE,University of Colombo,GAMPAHA,1.2718,value,5,2,1.2718
COP2122-130,,INDUSTRIAL STATISTICS & MATHEMATICAL FINANCE,University of Colombo,KALUTARA,1.3538,value,5,2,1.3538
COP2122-130,,INDUSTRIAL STATISTICS & MATHEMATICAL FINANCE,University of Colombo,MATALE,1.0573,value,5,2,1.0573
COP2122-130,,INDUSTRIAL STATISTICS & MATHEMATICAL FINANCE,University of Colombo,KANDY,1.3611,value,5,2,1.3611
COP2122-130,,INDUSTRIAL STATISTICS & MATHEMATICAL FINANCE,University of Colombo,NUWARA ELIYA,0.9852,value,5,2,0.9852
COP2122-130,,INDUSTRIAL STATISTICS & MATHEMATICAL FINANCE,University of Colombo,GALLE,1.3782,value,5,2,1.3782
COP2122-130,,INDUSTRIAL STATISTICS & MATHEMATICAL FINANCE,University of Colombo,MATARA,1.3991,value,5,2,1.3991
COP2122-130,,INDUSTRIAL STATISTICS & MATHEMATICAL FINANCE,University of Colombo,HAMBANTOTA,1.3388,value,5,2,1.3388
COP2122-130,,INDUSTRIAL STATISTICS & MATHEMATICAL FINANCE,University of Colombo,JAFFNA,1.3184,value,5,2,1.3184
COP2122-130,,INDUSTRIAL STATISTICS & MATHEMATICAL FINANCE,University of Colombo,KILINOCHCHI,1.2838,value,5,2,1.2838
COP2122-130,,INDUSTRIAL STATISTICS & MATHEMATICAL FINANCE,University of Colombo,MANNAR,0.6103,value,5,2,0.6103
COP2122-130,,INDUSTRIAL STATISTICS & MATHEMATICAL FINANCE,University of Colombo,MULLAITIVU,0.5018,value,5,2,0.5018
COP2122-130,,INDUSTRIAL STATISTICS & MATHEMATICAL FINANCE,University of Colombo,VAVUNIYA,0.9095,value,5,2,0.9095
COP2122-130,,INDUSTRIAL STATISTICS & MATHEMATICAL FINANCE,University of Colombo,TRINCOMALEE,0.9854,value,5,2,0.9854
COP2122-130,,INDUSTRIAL STATISTICS & MATHEMATICAL FINANCE,University of Colombo,BATTICALOA,1.2401,value,5,2,1.2401
COP2122-130,,INDUSTRIAL STATISTICS & MATHEMATICAL FINANCE,University of Colombo,AMPARA,1.2201,value,5,2,1.2201
COP2122-130,,INDUSTRIAL STATISTICS & MATHEMATICAL FINANCE,University of Colombo,PUTTALAM,1.0801,value,5,2,1.0801
COP2122-130,,INDUSTRIAL STATISTICS & MATHEMATICAL FINANCE,University of Colombo,KURUNEGALA,1.3588,value,5,2,1.3588
COP2122-130,,INDUSTRIAL STATISTICS & MATHEMATICAL FINANCE,University of Colombo,ANURADHAPURA,1.1538,value,5,2,1.1538
COP2122-130,,INDUSTRIAL STATISTICS & MATHEMATICAL FINANCE,University of Colombo,POLONNARUWA,0.8417,value,5,2,0.8417
COP2122-130,,INDUSTRIAL STATISTICS & MATHEMATICAL FINANCE,University of Colombo,BADULLA,1.3232,value,5,2,1.3232
COP2122-130,,INDUSTRIAL STATISTICS & MATHEMATICAL FINANCE,University of Colombo,MONARAGALA,1.1553,value,5,2,1.1553
COP2122-130,,INDUSTRIAL STATISTICS & MATHEMATICAL FINANCE,University of Colombo,KEGALLE,1.3556,value,5,2,1.3556
COP2122-130,,INDUSTRIAL STATISTICS & MATHEMATICAL FINANCE,University of Colombo,RATNAPURA,1.3054,value,5,2,1.3054
COP2122-131,,FINANCIAL MATHEMATICS AND INDUSTRIAL STATISTICS,University of Ruhuna,COLOMBO,1.0826,value,5,3,1.0826
COP2122-131,,FINANCIAL MATHEMATICS AND INDUSTRIAL STATISTICS,University of Ruhuna,GAMPAHA,1.0763,value,5,3,1.0763
COP2122-131,,FINANCIAL MATHEMATICS AND INDUSTRIAL STATISTICS,University of Ruhuna,KALUTARA,1.1189,value,5,3,1.1189
COP2122-131,,FINANCIAL MATHEMATICS AND INDUSTRIAL STATISTICS,University of Ruhuna,MATALE,0.8678,value,5,3,0.8678
COP2122-131,,FINANCIAL MATHEMATICS AND INDUSTRIAL STATISTICS,University of Ruhuna,KANDY,1.0254,value,5,3,1.0254
COP2122-131,,FINANCIAL MATHEMATICS AND INDUSTRIAL STATISTICS,University of Ruhuna,NUWARA ELIYA,0.8245,value,5,3,0.8245
COP2122-131,,FINANCIAL MATHEMATICS AND INDUSTRIAL STATISTICS,University of Ruhuna,GALLE,1.1030,value,5,3,1.1030
COP2122-131,,FINANCIAL MATHEMATICS AND INDUSTRIAL STATISTICS,University of Ruhuna,MATARA,1.0816,value,5,3,1.0816
COP2122-131,,FINANCIAL MATHEMATICS AND INDUSTRIAL STATISTICS,University of Ruhuna,HAMBANTOTA,1.1569,value,5,3,1.1569
COP2122-131,,FINANCIAL MATHEMATICS AND INDUSTRIAL STATISTICS,University of Ruhuna,JAFFNA,0.9845,value,5,3,0.9845
COP2122-131,,FINANCIAL MATHEMATICS AND INDUSTRIAL STATISTICS,University of Ruhuna,KILINOCHCHI,0.7453,value,5,3,0.7453
COP2122-131,,FINANCIAL MATHEMATICS AND INDUSTRIAL STATISTICS,University of Ruhuna,MANNAR,0.6098,value,5,3,0.6098
COP2122-131,,FINANCIAL MATHEMATICS AND INDUSTRIAL STATISTICS,University of Ruhuna,MULLAITIVU,0.5258,value,5,3,0.5258
COP2122-131,,FINANCIAL MATHEMATICS AND INDUSTRIAL STATISTICS,University of Ruhuna,VAVUNIYA,0.7761,value,5,3,0.7761
COP2122-131,,FINANCIAL MATHEMATICS AND INDUSTRIAL STATISTICS,University of Ruhuna,TRINCOMALEE,0.7609,value,5,3,0.7609
COP2122-131,,FINANCIAL MATHEMATICS AND INDUSTRIAL STATISTICS,University of Ruhuna,BATTICALOA,1.1277,value,5,3,1.1277
COP2122-131,,FINANCIAL MATHEMATICS AND INDUSTRIAL STATISTICS,University of Ruhuna,AMPARA,1.1063,value,5,3,1.1063
COP2122-131,,FINANCIAL MATHEMATICS AND INDUSTRIAL STATISTICS,University of Ruhuna,PUTTALAM,0.7696,value,5,3,0.7696
COP2122-131,,FINANCIAL MATHEMATICS AND INDUSTRIAL STATISTICS,University of Ruhuna,KURUNEGALA,1.0493,value,5,3,1.0493
COP2122-131,,FINANCIAL MATHEMATICS AND INDUSTRIAL STATISTICS,University of Ruhuna,ANURADHAPURA,1.0513,value,5,3,1.0513
COP2122-131,,FINANCIAL MATHEMATICS AND INDUSTRIAL STATISTICS,University of Ruhuna,POLONNARUWA,0.6493,value,5,3,0.6493
COP2122-131,,FINANCIAL MATHEMATICS AND INDUSTRIAL STATISTICS,University of Ruhuna,BADULLA,1.0302,value,5,3,1.0302
COP2122-131,,FINANCIAL MATHEMATICS AND INDUSTRIAL STATISTICS,University of Ruhuna,MONARAGALA,1.0998,value,5,3,1.0998
COP2122-131,,FINANCIAL MATHEMATICS AND INDUSTRIAL STATISTICS,University of Ruhuna,KEGALLE,1.0570,value,5,3,1.0570
COP2122-131,,FINANCIAL MATHEMATICS AND INDUSTRIAL STATISTICS,University of Ruhuna,RATNAPURA,1.1228,value,5,3,1.1228
COP2122-132,,STATISTICS & OPERATIONS RESEARCH,University of Peradeniya,COLOMBO,1.3599,value,5,4,1.3599
COP2122-132,,STATISTICS & OPERATIONS RESEARCH,University of Peradeniya,GAMPAHA,1.2546,value,5,4,1.2546
COP2122-132,,STATISTICS & OPERATIONS RESEARCH,University of Peradeniya,KALUTARA,1.4295,value,5,4,1.4295
COP2122-132,,STATISTICS & OPERATIONS RESEARCH,University of Peradeniya,MATALE,1.2700,value,5,4,1.2700
COP2122-132,,STATISTICS & OPERATIONS RESEARCH,University of Peradeniya,KANDY,1.4031,value,5,4,1.4031
COP2122-132,,STATISTICS & OPERATIONS RESEARCH,University of Peradeniya,NUWARA ELIYA,0.9558,value,5,4,0.9558
COP2122-132,,STATISTICS & OPERATIONS RESEARCH,University of Peradeniya,GALLE,1.4284,value,5,4,1.4284
COP2122-132,,STATISTICS & OPERATIONS RESEARCH,University of Peradeniya,MATARA,1.3972,value,5,4,1.3972
COP2122-132,,STATISTICS & OPERATIONS RESEARCH,University of Peradeniya,HAMBANTOTA,1.3551,value,5,4,1.3551
COP2122-132,,STATISTICS & OPERATIONS RESEARCH,University of Peradeniya,JAFFNA,1.4093,value,5,4,1.4093
COP2122-132,,STATISTICS & OPERATIONS RESEARCH,University of Peradeniya,KILINOCHCHI,1.1686,value,5,4,1.1686
COP2122-132,,STATISTICS & OPERATIONS RESEARCH,University of Peradeniya,MANNAR,0.7196,value,5,4,0.7196
COP2122-132,,STATISTICS & OPERATIONS RESEARCH,University of Peradeniya,MULLAITIVU,0.5679,value,5,4,0.5679
COP2122-132,,STATISTICS & OPERATIONS RESEARCH,University of Peradeniya,VAVUNIYA,1.0087,value,5,4,1.0087
COP2122-132,,STATISTICS & OPERATIONS RESEARCH,University of Peradeniya,TRINCOMALEE,0.9684,value,5,4,0.9684
COP2122-132,,STATISTICS & OPERATIONS RESEARCH,University of Peradeniya,BATTICALOA,1.2612,value,5,4,1.2612
COP2122-132,,STATISTICS & OPERATIONS RESEARCH,University of Peradeniya,AMPARA,1.1752,value,5,4,1.1752
COP2122-132,,STATISTICS & OPERATIONS RESEARCH,University of Peradeniya,PUTTALAM,1.1978,value,5,4,1.1978
COP2122-132,,STATISTICS & OPERATIONS RESEARCH,University of Peradeniya,KURUNEGALA,1.4018,value,5,4,1.4018
COP2122-132,,STATISTICS & OPERATIONS RESEARCH,University of Peradeniya,ANURADHAPURA,1.2172,value,5,4,1.2172
COP2122-132,,STATISTICS & OPERATIONS RESEARCH,University of Peradeniya,POLONNARUWA,0.9933,value,5,4,0.9933
COP2122-132,,STATISTICS & OPERATIONS RESEARCH,University of Peradeniya,BADULLA,1.3552,value,5,4,1.3552
COP2122-132,,STATISTICS & OPERATIONS RESEARCH,University of Peradeniya,MONARAGALA,1.1971,value,5,4,1.1971
COP2122-132,,STATISTICS & OPERATIONS RESEARCH,University of Peradeniya,KEGALLE,1.3573,value,5,4,1.3573
COP2122-132,,STATISTICS & OPERATIONS RESEARCH,University of Peradeniya,RATNAPURA,1.3573,value,5,4,1.3573
COP2122-133,,GEOGRAPHICAL INFORMATION SCIENCE,University of Peradeniya,COLOMBO,2.0155,value,5,5,2.0155
COP2122-133,,GEOGRAPHICAL INFORMATION SCIENCE,University of Peradeniya,GAMPAHA,1.9455,value,5,5,1.9455
COP2122-133,,GEOGRAPHICAL INFORMATION SCIENCE,University of Peradeniya,KALUTARA,1.9949,value,5,5,1.9949
COP2122-133,,GEOGRAPHICAL INFORMATION SCIENCE,University of Peradeniya,MATALE,1.9398,value,5,5,1.9398
COP2122-133,,GEOGRAPHICAL INFORMATION SCIENCE,University of Peradeniya,KANDY,1.9792,value,5,5,1.9792
COP2122-133,,GEOGRAPHICAL INFORMATION SCIENCE,University of Peradeniya,NUWARA ELIYA,1.9419,value,5,5,1.9419
COP2122-133,,GEOGRAPHICAL INFORMATION SCIENCE,University of Peradeniya,GALLE,1.8940,value,5,5,1.8940
COP2122-133,,GEOGRAPHICAL INFORMATION SCIENCE,University of Peradeniya,MATARA,2.0885,value,5,5,2.0885
COP2122-133,,GEOGRAPHICAL INFORMATION SCIENCE,University of Peradeniya,HAMBANTOTA,2.0961,value,5,5,2.0961
COP2122-133,,GEOGRAPHICAL INFORMATION SCIENCE,University of Peradeniya,JAFFNA,2.0300,value,5,5,2.0300
COP2122-133,,GEOGRAPHICAL INFORMATION SCIENCE,University of Peradeniya,KILINOCHCHI,1.9687,value,5,5,1.9687
COP2122-133,,GEOGRAPHICAL INFORMATION SCIENCE,University of Peradeniya,MANNAR,2.0540,value,5,5,2.0540
COP2122-133,,GEOGRAPHICAL INFORMATION SCIENCE,University of Peradeniya,MULLAITIVU,1.7523,value,5,5,1.7523
COP2122-133,,GEOGRAPHICAL INFORMATION SCIENCE,University of Peradeniya,VAVUNIYA,1.9797,value,5,5,1.9797
COP2122-133,,GEOGRAPHICAL INFORMATION SCIENCE,University of Peradeniya,TRINCOMALEE,2.1227,value,5,5,2.1227
COP2122-133,,GEOGRAPHICAL INFORMATION SCIENCE,University of Peradeniya,BATTICALOA,2.0484,value,5,5,2.0484
COP2122-133,,GEOGRAPHICAL INFORMATION SCIENCE,University of Peradeniya,AMPARA,2.0842,value,5,5,2.0842
COP2122-133,,GEOGRAPHICAL INFORMATION SCIENCE,University of Peradeniya,PUTTALAM,1.9121,value,5,5,1.9121
COP2122-133,,GEOGRAPHICAL INFORMATION SCIENCE,University of Peradeniya,KURUNEGALA,1.9612,value,5,5,1.9612
COP2122-133,,GEOGRAPHICAL INFORMATION SCIENCE,University of Peradeniya,ANURADHAPURA,2.0097,value,5,5,2.0097
COP2122-133,,GEOGRAPHICAL INFORMATION SCIENCE,University of Peradeniya,POLONNARUWA,2.0009,value,5,5,2.0009
COP2122-133,,GEOGRAPHICAL INFORMATION SCIENCE,University of Peradeniya,BADULLA,1.9986,value,5,5,1.9986
COP2122-133,,GEOGRAPHICAL INFORMATION SCIENCE,University of Peradeniya,MONARAGALA,1.9387,value,5,5,1.9387
COP2122-133,,GEOGRAPHICAL INFORMATION SCIENCE,University of Peradeniya,KEGALLE,2.0055,value,5,5,2.0055
COP2122-133,,GEOGRAPHICAL INFORMATION SCIENCE,University of Peradeniya,RATNAPURA,2.0631,value,5,5,2.0631
COP2122-134,,INFORMATION AND COMMUNICATION TECHNOLOGY (ICT),Rajarata University of Sri Lanka,COLOMBO,0.7894,value,5,6,0.7894
COP2122-134,,INFORMATION AND COMMUNICATION TECHNOLOGY (ICT),Rajarata University of Sri Lanka,GAMPAHA,0.7940,value,5,6,0.7940
COP2122-134,,INFORMATION AND COMMUNICATION TECHNOLOGY (ICT),Rajarata University of Sri Lanka,KALUTARA,0.8341,value,5,6,0.8341
COP2122-134,,INFORMATION AND COMMUNICATION TECHNOLOGY (ICT),Rajarata University of Sri Lanka,MATALE,0.7987,value,5,6,0.7987
COP2122-134,,INFORMATION AND COMMUNICATION TECHNOLOGY (ICT),Rajarata University of Sri Lanka,KANDY,0.8043,value,5,6,0.8043
COP2122-134,,INFORMATION AND COMMUNICATION TECHNOLOGY (ICT),Rajarata University of Sri Lanka,NUWARA ELIYA,0.8155,value,5,6,0.8155
COP2122-134,,INFORMATION AND COMMUNICATION TECHNOLOGY (ICT),Rajarata University of Sri Lanka,GALLE,0.8201,value,5,6,0.8201
COP2122-134,,INFORMATION AND COMMUNICATION TECHNOLOGY (ICT),Rajarata University of Sri Lanka,MATARA,0.8756,value,5,6,0.8756
COP2122-134,,INFORMATION AND COMMUNICATION TECHNOLOGY (ICT),Rajarata University of Sri Lanka,HAMBANTOTA,0.7934,value,5,6,0.7934
COP2122-134,,INFORMATION AND COMMUNICATION TECHNOLOGY (ICT),Rajarata University of Sri Lanka,JAFFNA,0.8274,value,5,6,0.8274
COP2122-134,,INFORMATION AND COMMUNICATION TECHNOLOGY (ICT),Rajarata University of Sri Lanka,KILINOCHCHI,,NQC,5,6,NQC
COP2122-134,,INFORMATION AND COMMUNICATION TECHNOLOGY (ICT),Rajarata University of Sri Lanka,MANNAR,,NQC,5,6,NQC
COP2122-134,,INFORMATION AND COMMUNICATION TECHNOLOGY (ICT),Rajarata University of Sri Lanka,MULLAITIVU,,NQC,5,6,NQC
COP2122-134,,INFORMATION AND COMMUNICATION TECHNOLOGY (ICT),Rajarata University of Sri Lanka,VAVUNIYA,,NQC,5,6,NQC
COP2122-134,,INFORMATION AND COMMUNICATION TECHNOLOGY (ICT),Rajarata University of Sri Lanka,TRINCOMALEE,1.5813,value,5,6,1.5813
COP2122-134,,INFORMATION AND COMMUNICATION TECHNOLOGY (ICT),Rajarata University of Sri Lanka,BATTICALOA,0.9608,value,5,6,0.9608
COP2122-134,,INFORMATION AND COMMUNICATION TECHNOLOGY (ICT),Rajarata University of Sri Lanka,AMPARA,0.7888,value,5,6,0.7888
COP2122-134,,INFORMATION AND COMMUNICATION TECHNOLOGY (ICT),Rajarata University of Sri Lanka,PUTTALAM,,NQC,5,6,NQC
COP2122-134,,INFORMATION AND COMMUNICATION TECHNOLOGY (ICT),Rajarata University of Sri Lanka,KURUNEGALA,0.7980,value,5,6,0.7980
COP2122-134,,INFORMATION AND COMMUNICATION TECHNOLOGY (ICT),Rajarata University of Sri Lanka,ANURADHAPURA,0.8306,value,5,6,0.8306
COP2122-134,,INFORMATION AND COMMUNICATION TECHNOLOGY (ICT),Rajarata University of Sri Lanka,POLONNARUWA,,NQC,5,6,NQC
COP2122-134,,INFORMATION AND COMMUNICATION TECHNOLOGY (ICT),Rajarata University of Sri Lanka,BADULLA,0.7927,value,5,6,0.7927
COP2122-134,,INFORMATION AND COMMUNICATION TECHNOLOGY (ICT),Rajarata University of Sri Lanka,MONARAGALA,0.8905,value,5,6,0.8905
COP2122-134,,INFORMATION AND COMMUNICATION TECHNOLOGY (ICT),Rajarata University of Sri Lanka,KEGALLE,0.8011,value,5,6,0.8011
COP2122-134,,INFORMATION AND COMMUNICATION TECHNOLOGY (ICT),Rajarata University of Sri Lanka,RATNAPURA,0.7969,value,5,6,0.7969
COP2122-135,,INFORMATION AND COMMUNICATION TECHNOLOGY (ICT),"University of Vavuniya, Sri Lanka",COLOMBO,0.7089,value,5,7,0.7089
COP2122-135,,INFORMATION AND COMMUNICATION TECHNOLOGY (ICT),"University of Vavuniya, Sri Lanka",GAMPAHA,0.5588,value,5,7,0.5588
COP2122-135,,INFORMATION AND COMMUNICATION TECHNOLOGY (ICT),"University of Vavuniya, Sri Lanka",KALUTARA,0.5812,value,5,7,0.5812
COP2122-135,,INFORMATION AND COMMUNICATION TECHNOLOGY (ICT),"University of Vavuniya, Sri Lanka",MATALE,0.6601,value,5,7,0.6601
COP2122-135,,INFORMATION AND COMMUNICATION TECHNOLOGY (ICT),"University of Vavuniya, Sri Lanka",KANDY,0.4735,value,5,7,0.4735
COP2122-135,,INFORMATION AND COMMUNICATION TECHNOLOGY (ICT),"University of Vavuniya, Sri Lanka",NUWARA ELIYA,-0.0056,value,5,7,-0.0056
COP2122-135,,INFORMATION AND COMMUNICATION TECHNOLOGY (ICT),"University of Vavuniya, Sri Lanka",GALLE,0.6819,value,5,7,0.6819
COP2122-135,,INFORMATION AND COMMUNICATION TECHNOLOGY (ICT),"University of Vavuniya, Sri Lanka",MATARA,0.6168,value,5,7,0.6168
COP2122-135,,INFORMATION AND COMMUNICATION TECHNOLOGY (ICT),"University of Vavuniya, Sri Lanka",HAMBANTOTA,0.5209,value,5,7,0.5209
COP2122-135,,INFORMATION AND COMMUNICATION TECHNOLOGY (ICT),"University of Vavuniya, Sri Lanka",JAFFNA,0.8216,value,5,7,0.8216
COP2122-135,,INFORMATION AND COMMUNICATION TECHNOLOGY (ICT),"University of Vavuniya, Sri Lanka",KILINOCHCHI,0.3853,value,5,7,0.3853
COP2122-135,,INFORMATION AND COMMUNICATION TECHNOLOGY (ICT),"University of Vavuniya, Sri Lanka",MANNAR,,NQC,5,7,NQC
COP2122-135,,INFORMATION AND COMMUNICATION TECHNOLOGY (ICT),"University of Vavuniya, Sri Lanka",MULLAITIVU,,NQC,5,7,NQC
COP2122-135,,INFORMATION AND COMMUNICATION TECHNOLOGY (ICT),"University of Vavuniya, Sri Lanka",VAVUNIYA,0.6548,value,5,7,0.6548
COP2122-135,,INFORMATION AND COMMUNICATION TECHNOLOGY (ICT),"University of Vavuniya, Sri Lanka",TRINCOMALEE,0.2548,value,5,7,0.2548
COP2122-135,,INFORMATION AND COMMUNICATION TECHNOLOGY (ICT),"University of Vavuniya, Sri Lanka",BATTICALOA,0.7222,value,5,7,0.7222
COP2122-135,,INFORMATION AND COMMUNICATION TECHNOLOGY (ICT),"University of Vavuniya, Sri Lanka",AMPARA,0.7266,value,5,7,0.7266
COP2122-135,,INFORMATION AND COMMUNICATION TECHNOLOGY (ICT),"University of Vavuniya, Sri Lanka",PUTTALAM,0.3603,value,5,7,0.3603
COP2122-135,,INFORMATION AND COMMUNICATION TECHNOLOGY (ICT),"University of Vavuniya, Sri Lanka",KURUNEGALA,0.5958,value,5,7,0.5958
COP2122-135,,INFORMATION AND COMMUNICATION TECHNOLOGY (ICT),"University of Vavuniya, Sri Lanka",ANURADHAPURA,0.4799,value,5,7,0.4799
COP2122-135,,INFORMATION AND COMMUNICATION TECHNOLOGY (ICT),"University of Vavuniya, Sri Lanka",POLONNARUWA,0.0706,value,5,7,0.0706
COP2122-135,,INFORMATION AND COMMUNICATION TECHNOLOGY (ICT),"University of Vavuniya, Sri Lanka",BADULLA,0.5593,value,5,7,0.5593
COP2122-135,,INFORMATION AND COMMUNICATION TECHNOLOGY (ICT),"University of Vavuniya, Sri Lanka",MONARAGALA,0.1459,value,5,7,0.1459
COP2122-135,,INFORMATION AND COMMUNICATION TECHNOLOGY (ICT),"University of Vavuniya, Sri Lanka",KEGALLE,0.7407,value,5,7,0.7407
COP2122-135,,INFORMATION AND COMMUNICATION TECHNOLOGY (ICT),"University of Vavuniya, Sri Lanka",RATNAPURA,0.4560,value,5,7,0.4560
COP2122-136,,INFORMATION SYSTEMS,University of Colombo School of Computing,COLOMBO,1.1307,value,5,8,1.1307
COP2122-136,,INFORMATION SYSTEMS,University of Colombo School of Computing,GAMPAHA,0.8328,value,5,8,0.8328
COP2122-136,,INFORMATION SYSTEMS,University of Colombo School of Computing,KALUTARA,0.8076,value,5,8,0.8076
COP2122-136,,INFORMATION SYSTEMS,University of Colombo School of Computing,MATALE,0.7680,value,5,8,0.7680
COP2122-136,,INFORMATION SYSTEMS,University of Colombo School of Computing,KANDY,1.0183,value,5,8,1.0183
COP2122-136,,INFORMATION SYSTEMS,University of Colombo School of Computing,NUWARA ELIYA,0.8699,value,5,8,0.8699
COP2122-136,,INFORMATION SYSTEMS,University of Colombo School of Computing,GALLE,0.8309,value,5,8,0.8309
COP2122-136,,INFORMATION SYSTEMS,University of Colombo School of Computing,MATARA,0.8517,value,5,8,0.8517
COP2122-136,,INFORMATION SYSTEMS,University of Colombo School of Computing,HAMBANTOTA,0.7532,value,5,8,0.7532
COP2122-136,,INFORMATION SYSTEMS,University of Colombo School of Computing,JAFFNA,0.9935,value,5,8,0.9935
COP2122-136,,INFORMATION SYSTEMS,University of Colombo School of Computing,KILINOCHCHI,0.9287,value,5,8,0.9287
COP2122-136,,INFORMATION SYSTEMS,University of Colombo School of Computing,MANNAR,,NQC,5,8,NQC
COP2122-136,,INFORMATION SYSTEMS,University of Colombo School of Computing,MULLAITIVU,,NQC,5,8,NQC
COP2122-136,,INFORMATION SYSTEMS,University of Colombo School of Computing,VAVUNIYA,,NQC,5,8,NQC
COP2122-136,,INFORMATION SYSTEMS,University of Colombo School of Computing,TRINCOMALEE,0.8363,value,5,8,0.8363
COP2122-136,,INFORMATION SYSTEMS,University of Colombo School of Computing,BATTICALOA,,NQC,5,8,NQC
COP2122-136,,INFORMATION SYSTEMS,University of Colombo School of Computing,AMPARA,1.1259,value,5,8,1.1259
COP2122-136,,INFORMATION SYSTEMS,University of Colombo School of Computing,PUTTALAM,,NQC,5,8,NQC
COP2122-136,,INFORMATION SYSTEMS,University of Colombo School of Computing,KURUNEGALA,0.7554,value,5,8,0.7554
COP2122-136,,INFORMATION SYSTEMS,University of Colombo School of Computing,ANURADHAPURA,0.7631,value,5,8,0.7631
COP2122-136,,INFORMATION SYSTEMS,University of Colombo School of Computing,POLONNARUWA,0.7487,value,5,8,0.7487
COP2122-136,,INFORMATION SYSTEMS,University of Colombo School of Computing,BADULLA,0.8200,value,5,8,0.8200
COP2122-136,,INFORMATION SYSTEMS,University of Colombo School of Computing,MONARAGALA,,NQC,5,8,NQC
COP2122-136,,INFORMATION SYSTEMS,University of Colombo School of Computing,KEGALLE,0.7632,value,5,8,0.7632
COP2122-136,,INFORMATION SYSTEMS,University of Colombo School of Computing,RATNAPURA,0.8282,value,5,8,0.8282
COP2122-137,,INFORMATION SYSTEMS,University of Sri Jayewardenepura,COLOMBO,1.2184,value,5,9,1.2184
COP2122-137,,INFORMATION SYSTEMS,University of Sri Jayewardenepura,GAMPAHA,1.0153,value,5,9,1.0153
COP2122-137,,INFORMATION SYSTEMS,University of Sri Jayewardenepura,KALUTARA,1.1204,value,5,9,1.1204
COP2122-137,,INFORMATION SYSTEMS,University of Sri Jayewardenepura,MATALE,0.6986,value,5,9,0.6986
COP2122-137,,INFORMATION SYSTEMS,University of Sri Jayewardenepura,KANDY,1.0152,value,5,9,1.0152
COP2122-137,,INFORMATION SYSTEMS,University of Sri Jayewardenepura,NUWARA ELIYA,,NQC,5,9,NQC
COP2122-137,,INFORMATION SYSTEMS,University of Sri Jayewardenepura,GALLE,1.2517,value,5,9,1.2517
COP2122-137,,INFORMATION SYSTEMS,University of Sri Jayewardenepura,MATARA,0.7362,value,5,9,0.7362
COP2122-137,,INFORMATION SYSTEMS,University of Sri Jayewardenepura,HAMBANTOTA,0.5854,value,5,9,0.5854
COP2122-137,,INFORMATION SYSTEMS,University of Sri Jayewardenepura,JAFFNA,0.7287,value,5,9,0.7287
COP2122-137,,INFORMATION SYSTEMS,University of Sri Jayewardenepura,KILINOCHCHI,,NQC,5,9,NQC
COP2122-137,,INFORMATION SYSTEMS,University of Sri Jayewardenepura,MANNAR,,NQC,5,9,NQC
COP2122-137,,INFORMATION SYSTEMS,University of Sri Jayewardenepura,MULLAITIVU,,NQC,5,9,NQC
COP2122-137,,INFORMATION SYSTEMS,University of Sri Jayewardenepura,VAVUNIYA,0.5695,value,5,9,0.5695
COP2122-137,,INFORMATION SYSTEMS,University of Sri Jayewardenepura,TRINCOMALEE,0.3115,value,5,9,0.3115
COP2122-137,,INFORMATION SYSTEMS,University of Sri Jayewardenepura,BATTICALOA,0.4620,value,5,9,0.4620
COP2122-137,,INFORMATION SYSTEMS,University of Sri Jayewardenepura,AMPARA,0.4997,value,5,9,0.4997
COP2122-137,,INFORMATION SYSTEMS,University of Sri Jayewardenepura,PUTTALAM,0.5617,value,5,9,0.5617
COP2122-137,,INFORMATION SYSTEMS,University of Sri Jayewardenepura,KURUNEGALA,1.0235,value,5,9,1.0235
COP2122-137,,INFORMATION SYSTEMS,University of Sri Jayewardenepura,ANURADHAPURA,0.4218,value,5,9,0.4218
COP2122-137,,INFORMATION SYSTEMS,University of Sri Jayewardenepura,POLONNARUWA,0.3495,value,5,9,0.3495
COP2122-137,,INFORMATION SYSTEMS,University of Sri Jayewardenepura,BADULLA,0.7103,value,5,9,0.7103
COP2122-137,,INFORMATION SYSTEMS,University of Sri Jayewardenepura,MONARAGALA,0.6379,value,5,9,0.6379
COP2122-137,,INFORMATION SYSTEMS,University of Sri Jayewardenepura,KEGALLE,1.8500,value,5,9,1.8500
COP2122-137,,INFORMATION SYSTEMS,University of Sri Jayewardenepura,RATNAPURA,0.4217,value,5,9,0.4217
COP2122-138,,SOFTWARE ENGINEERING,University of Kelaniya,COLOMBO,1.5789,value,5,10,1.5789
COP2122-138,,SOFTWARE ENGINEERING,University of Kelaniya,GAMPAHA,1.5880,value,5,10,1.5880
COP2122-138,,SOFTWARE ENGINEERING,University of Kelaniya,KALUTARA,1.5795,value,5,10,1.5795
COP2122-138,,SOFTWARE ENGINEERING,University of Kelaniya,MATALE,,NQC,5,10,NQC
COP2122-138,,SOFTWARE ENGINEERING,University of Kelaniya,KANDY,1.5781,value,5,10,1.5781
COP2122-138,,SOFTWARE ENGINEERING,University of Kelaniya,NUWARA ELIYA,,NQC,5,10,NQC
COP2122-138,,SOFTWARE ENGINEERING,University of Kelaniya,GALLE,1.5754,value,5,10,1.5754
COP2122-138,,SOFTWARE ENGINEERING,University of Kelaniya,MATARA,1.5762,value,5,10,1.5762
COP2122-138,,SOFTWARE ENGINEERING,University of Kelaniya,HAMBANTOTA,1.5757,value,5,10,1.5757
COP2122-138,,SOFTWARE ENGINEERING,University of Kelaniya,JAFFNA,1.5944,value,5,10,1.5944
COP2122-138,,SOFTWARE ENGINEERING,University of Kelaniya,KILINOCHCHI,,NQC,5,10,NQC
COP2122-138,,SOFTWARE ENGINEERING,University of Kelaniya,MANNAR,,NQC,5,10,NQC
COP2122-138,,SOFTWARE ENGINEERING,University of Kelaniya,MULLAITIVU,,NQC,5,10,NQC
COP2122-138,,SOFTWARE ENGINEERING,University of Kelaniya,VAVUNIYA,,NQC,5,10,NQC
COP2122-138,,SOFTWARE ENGINEERING,University of Kelaniya,TRINCOMALEE,,NQC,5,10,NQC
COP2122-138,,SOFTWARE ENGINEERING,University of Kelaniya,BATTICALOA,2.0101,value,5,10,2.0101
COP2122-138,,SOFTWARE ENGINEERING,University of Kelaniya,AMPARA,,NQC,5,10,NQC
COP2122-138,,SOFTWARE ENGINEERING,University of Kelaniya,PUTTALAM,,NQC,5,10,NQC
COP2122-138,,SOFTWARE ENGINEERING,University of Kelaniya,KURUNEGALA,1.5882,value,5,10,1.5882
COP2122-138,,SOFTWARE ENGINEERING,University of Kelaniya,ANURADHAPURA,1.6892,value,5,10,1.6892
COP2122-138,,SOFTWARE ENGINEERING,University of Kelaniya,POLONNARUWA,,NQC,5,10,NQC
COP2122-138,,SOFTWARE ENGINEERING,University of Kelaniya,BADULLA,1.5886,value,5,10,1.5886
COP2122-138,,SOFTWARE ENGINEERING,University of Kelaniya,MONARAGALA,,NQC,5,10,NQC
COP2122-138,,SOFTWARE ENGINEERING,University of Kelaniya,KEGALLE,1.5893,value,5,10,1.5893
COP2122-138,,SOFTWARE ENGINEERING,University of Kelaniya,RATNAPURA,2.0941,value,5,10,2.0941
COP2122-139,,SOFTWARE ENGINEERING,Sabaragamuwa University of Sri Lanka,COLOMBO,,NQC,5,11,NQC
COP2122-139,,SOFTWARE ENGINEERING,Sabaragamuwa University of Sri Lanka,GAMPAHA,1.3480,value,5,11,1.3480
COP2122-139,,SOFTWARE ENGINEERING,Sabaragamuwa University of Sri Lanka,KALUTARA,1.5123,value,5,11,1.5123
COP2122-139,,SOFTWARE ENGINEERING,Sabaragamuwa University of Sri Lanka,MATALE,1.0885,value,5,11,1.0885
COP2122-139,,SOFTWARE ENGINEERING,Sabaragamuwa University of Sri Lanka,KANDY,1.4609,value,5,11,1.4609
COP2122-139,,SOFTWARE ENGINEERING,Sabaragamuwa University of Sri Lanka,NUWARA ELIYA,1.0362,value,5,11,1.0362
COP2122-139,,SOFTWARE ENGINEERING,Sabaragamuwa University of Sri Lanka,GALLE,,NQC,5,11,NQC
COP2122-139,,SOFTWARE ENGINEERING,Sabaragamuwa University of Sri Lanka,MATARA,,NQC,5,11,NQC
COP2122-139,,SOFTWARE ENGINEERING,Sabaragamuwa University of Sri Lanka,HAMBANTOTA,,NQC,5,11,NQC
COP2122-139,,SOFTWARE ENGINEERING,Sabaragamuwa University of Sri Lanka,JAFFNA,,NQC,5,11,NQC
COP2122-139,,SOFTWARE ENGINEERING,Sabaragamuwa University of Sri Lanka,KILINOCHCHI,1.1792,value,5,11,1.1792
COP2122-139,,SOFTWARE ENGINEERING,Sabaragamuwa University of Sri Lanka,MANNAR,0.8600,value,5,11,0.8600
COP2122-139,,SOFTWARE ENGINEERING,Sabaragamuwa University of Sri Lanka,MULLAITIVU,1.0104,value,5,11,1.0104
COP2122-139,,SOFTWARE ENGINEERING,Sabaragamuwa University of Sri Lanka,VAVUNIYA,1.3483,value,5,11,1.3483
COP2122-139,,SOFTWARE ENGINEERING,Sabaragamuwa University of Sri Lanka,TRINCOMALEE,1.2248,value,5,11,1.2248
COP2122-139,,SOFTWARE ENGINEERING,Sabaragamuwa University of Sri Lanka,BATTICALOA,1.2547,value,5,11,1.2547
COP2122-139,,SOFTWARE ENGINEERING,Sabaragamuwa University of Sri Lanka,AMPARA,1.3867,value,5,11,1.3867
COP2122-139,,SOFTWARE ENGINEERING,Sabaragamuwa University of Sri Lanka,PUTTALAM,1.1108,value,5,11,1.1108
COP2122-139,,SOFTWARE ENGINEERING,Sabaragamuwa University of Sri Lanka,KURUNEGALA,1.4519,value,5,11,1.4519
COP2122-139,,SOFTWARE ENGINEERING,Sabaragamuwa University of Sri Lanka,ANURADHAPURA,1.2177,value,5,11,1.2177
COP2122-139,,SOFTWARE ENGINEERING,Sabaragamuwa University of Sri Lanka,POLONNARUWA,0.9706,value,5,11,0.9706
COP2122-139,,SOFTWARE ENGINEERING,Sabaragamuwa University of Sri Lanka,BADULLA,1.4735,value,5,11,1.4735
COP2122-139,,SOFTWARE ENGINEERING,Sabaragamuwa University of Sri Lanka,MONARAGALA,1.1355,value,5,11,1.1355
COP2122-139,,SOFTWARE ENGINEERING,Sabaragamuwa University of Sri Lanka,KEGALLE,1.4304,value,5,11,1.4304
COP2122-139,,SOFTWARE ENGINEERING,Sabaragamuwa University of Sri Lanka,RATNAPURA,1.3041,value,5,11,1.3041
COP2122-140,,SOFTWARE ENGINEERING,University of Sri Jayewardenepura,COLOMBO,1.4908,value,5,12,1.4908
COP2122-140,,SOFTWARE ENGINEERING,University of Sri Jayewardenepura,GAMPAHA,1.4889,value,5,12,1.4889
COP2122-140,,SOFTWARE ENGINEERING,University of Sri Jayewardenepura,KALUTARA,1.5149,value,5,12,1.5149
COP2122-140,,SOFTWARE ENGINEERING,University of Sri Jayewardenepura,MATALE,,NQC,5,12,NQC
COP2122-140,,SOFTWARE ENGINEERING,University of Sri Jayewardenepura,KANDY,1.5025,value,5,12,1.5025
COP2122-140,,SOFTWARE ENGINEERING,University of Sri Jayewardenepura,NUWARA ELIYA,,NQC,5,12,NQC
COP2122-140,,SOFTWARE ENGINEERING,University of Sri Jayewardenepura,GALLE,1.5184,value,5,12,1.5184
COP2122-140,,SOFTWARE ENGINEERING,University of Sri Jayewardenepura,MATARA,1.5315,value,5,12,1.5315
COP2122-140,,SOFTWARE ENGINEERING,University of Sri Jayewardenepura,HAMBANTOTA,,NQC,5,12,NQC
COP2122-140,,SOFTWARE ENGINEERING,University of Sri Jayewardenepura,JAFFNA,1.5741,value,5,12,1.5741
COP2122-140,,SOFTWARE ENGINEERING,University of Sri Jayewardenepura,KILINOCHCHI,,NQC,5,12,NQC
COP2122-140,,SOFTWARE ENGINEERING,University of Sri Jayewardenepura,MANNAR,,NQC,5,12,NQC
COP2122-140,,SOFTWARE ENGINEERING,University of Sri Jayewardenepura,MULLAITIVU,,NQC,5,12,NQC
COP2122-140,,SOFTWARE ENGINEERING,University of Sri Jayewardenepura,VAVUNIYA,,NQC,5,12,NQC
COP2122-140,,SOFTWARE ENGINEERING,University of Sri Jayewardenepura,TRINCOMALEE,,NQC,5,12,NQC
COP2122-140,,SOFTWARE ENGINEERING,University of Sri Jayewardenepura,BATTICALOA,,NQC,5,12,NQC
COP2122-140,,SOFTWARE ENGINEERING,University of Sri Jayewardenepura,AMPARA,,NQC,5,12,NQC
COP2122-140,,SOFTWARE ENGINEERING,University of Sri Jayewardenepura,PUTTALAM,,NQC,5,12,NQC
COP2122-140,,SOFTWARE ENGINEERING,University of Sri Jayewardenepura,KURUNEGALA,1.4809,value,5,12,1.4809
COP2122-140,,SOFTWARE ENGINEERING,University of Sri Jayewardenepura,ANURADHAPURA,1.4958,value,5,12,1.4958
COP2122-140,,SOFTWARE ENGINEERING,University of Sri Jayewardenepura,POLONNARUWA,,NQC,5,12,NQC
COP2122-140,,SOFTWARE ENGINEERING,University of Sri Jayewardenepura,BADULLA,1.5401,value,5,12,1.5401
COP2122-140,,SOFTWARE ENGINEERING,University of Sri Jayewardenepura,MONARAGALA,,NQC,5,12,NQC
COP2122-140,,SOFTWARE ENGINEERING,University of Sri Jayewardenepura,KEGALLE,1.4887,value,5,12,1.4887
COP2122-140,,SOFTWARE ENGINEERING,University of Sri Jayewardenepura,RATNAPURA,1.4985,value,5,12,1.4985
COP2122-141,,AYURVEDIC MEDICINE & SURGERY,Institute of Indigenous Medicine,COLOMBO,1.2078,value,5,13,1.2078
COP2122-141,,AYURVEDIC MEDICINE & SURGERY,Institute of Indigenous Medicine,GAMPAHA,1.2616,value,5,13,1.2616
COP2122-141,,AYURVEDIC MEDICINE & SURGERY,Institute of Indigenous Medicine,KALUTARA,1.2077,value,5,13,1.2077
COP2122-141,,AYURVEDIC MEDICINE & SURGERY,Institute of Indigenous Medicine,MATALE,1.2619,value,5,13,1.2619
COP2122-141,,AYURVEDIC MEDICINE & SURGERY,Institute of Indigenous Medicine,KANDY,1.2394,value,5,13,1.2394
COP2122-141,,AYURVEDIC MEDICINE & SURGERY,Institute of Indigenous Medicine,NUWARA ELIYA,1.3012,value,5,13,1.3012
COP2122-141,,AYURVEDIC MEDICINE & SURGERY,Institute of Indigenous Medicine,GALLE,1.2175,value,5,13,1.2175
COP2122-141,,AYURVEDIC MEDICINE & SURGERY,Institute of Indigenous Medicine,MATARA,1.2864,value,5,13,1.2864
COP2122-141,,AYURVEDIC MEDICINE & SURGERY,Institute of Indigenous Medicine,HAMBANTOTA,1.2161,value,5,13,1.2161
COP2122-141,,AYURVEDIC MEDICINE & SURGERY,Institute of Indigenous Medicine,JAFFNA,1.2697,value,5,13,1.2697
COP2122-141,,AYURVEDIC MEDICINE & SURGERY,Institute of Indigenous Medicine,KILINOCHCHI,,NQC,5,13,NQC
COP2122-141,,AYURVEDIC MEDICINE & SURGERY,Institute of Indigenous Medicine,MANNAR,,NQC,5,13,NQC
COP2122-141,,AYURVEDIC MEDICINE & SURGERY,Institute of Indigenous Medicine,MULLAITIVU,,NQC,5,13,NQC
COP2122-141,,AYURVEDIC MEDICINE & SURGERY,Institute of Indigenous Medicine,VAVUNIYA,1.2663,value,5,13,1.2663
COP2122-141,,AYURVEDIC MEDICINE & SURGERY,Institute of Indigenous Medicine,TRINCOMALEE,1.3678,value,5,13,1.3678
COP2122-141,,AYURVEDIC MEDICINE & SURGERY,Institute of Indigenous Medicine,BATTICALOA,1.2101,value,5,13,1.2101
COP2122-141,,AYURVEDIC MEDICINE & SURGERY,Institute of Indigenous Medicine,AMPARA,1.2142,value,5,13,1.2142
COP2122-141,,AYURVEDIC MEDICINE & SURGERY,Institute of Indigenous Medicine,PUTTALAM,1.2113,value,5,13,1.2113
COP2122-141,,AYURVEDIC MEDICINE & SURGERY,Institute of Indigenous Medicine,KURUNEGALA,1.2120,value,5,13,1.2120
COP2122-141,,AYURVEDIC MEDICINE & SURGERY,Institute of Indigenous Medicine,ANURADHAPURA,1.2677,value,5,13,1.2677
COP2122-141,,AYURVEDIC MEDICINE & SURGERY,Institute of Indigenous Medicine,POLONNARUWA,1.3081,value,5,13,1.3081
COP2122-141,,AYURVEDIC MEDICINE & SURGERY,Institute of Indigenous Medicine,BADULLA,1.2178,value,5,13,1.2178
COP2122-141,,AYURVEDIC MEDICINE & SURGERY,Institute of Indigenous Medicine,MONARAGALA,1.2534,value,5,13,1.2534
COP2122-141,,AYURVEDIC MEDICINE & SURGERY,Institute of Indigenous Medicine,KEGALLE,1.2450,value,5,13,1.2450
COP2122-141,,AYURVEDIC MEDICINE & SURGERY,Institute of Indigenous Medicine,RATNAPURA,1.2177,value,5,13,1.2177
COP2122-142,,AYURVEDIC MEDICINE & SURGERY,"The Gampaha Wickramarachchi University of Indigenous Medicine, Sri Lanka",COLOMBO,1.1083,value,5,14,1.1083
COP2122-142,,AYURVEDIC MEDICINE & SURGERY,"The Gampaha Wickramarachchi University of Indigenous Medicine, Sri Lanka",GAMPAHA,1.0052,value,5,14,1.0052
COP2122-142,,AYURVEDIC MEDICINE & SURGERY,"The Gampaha Wickramarachchi University of Indigenous Medicine, Sri Lanka",KALUTARA,1.0480,value,5,14,1.0480
COP2122-142,,AYURVEDIC MEDICINE & SURGERY,"The Gampaha Wickramarachchi University of Indigenous Medicine, Sri Lanka",MATALE,1.0691,value,5,14,1.0691
COP2122-142,,AYURVEDIC MEDICINE & SURGERY,"The Gampaha Wickramarachchi University of Indigenous Medicine, Sri Lanka",KANDY,1.0130,value,5,14,1.0130
COP2122-142,,AYURVEDIC MEDICINE & SURGERY,"The Gampaha Wickramarachchi University of Indigenous Medicine, Sri Lanka",NUWARA ELIYA,1.0167,value,5,14,1.0167
COP2122-142,,AYURVEDIC MEDICINE & SURGERY,"The Gampaha Wickramarachchi University of Indigenous Medicine, Sri Lanka",GALLE,1.1580,value,5,14,1.1580
COP2122-142,,AYURVEDIC MEDICINE & SURGERY,"The Gampaha Wickramarachchi University of Indigenous Medicine, Sri Lanka",MATARA,1.1439,value,5,14,1.1439
COP2122-142,,AYURVEDIC MEDICINE & SURGERY,"The Gampaha Wickramarachchi University of Indigenous Medicine, Sri Lanka",HAMBANTOTA,1.1622,value,5,14,1.1622
COP2122-142,,AYURVEDIC MEDICINE & SURGERY,"The Gampaha Wickramarachchi University of Indigenous Medicine, Sri Lanka",JAFFNA,0.8656,value,5,14,0.8656
COP2122-142,,AYURVEDIC MEDICINE & SURGERY,"The Gampaha Wickramarachchi University of Indigenous Medicine, Sri Lanka",KILINOCHCHI,0.6477,value,5,14,0.6477
COP2122-142,,AYURVEDIC MEDICINE & SURGERY,"The Gampaha Wickramarachchi University of Indigenous Medicine, Sri Lanka",MANNAR,0.8230,value,5,14,0.8230
COP2122-142,,AYURVEDIC MEDICINE & SURGERY,"The Gampaha Wickramarachchi University of Indigenous Medicine, Sri Lanka",MULLAITIVU,1.0997,value,5,14,1.0997
COP2122-142,,AYURVEDIC MEDICINE & SURGERY,"The Gampaha Wickramarachchi University of Indigenous Medicine, Sri Lanka",VAVUNIYA,1.1625,value,5,14,1.1625
COP2122-142,,AYURVEDIC MEDICINE & SURGERY,"The Gampaha Wickramarachchi University of Indigenous Medicine, Sri Lanka",TRINCOMALEE,1.0997,value,5,14,1.0997
COP2122-142,,AYURVEDIC MEDICINE & SURGERY,"The Gampaha Wickramarachchi University of Indigenous Medicine, Sri Lanka",BATTICALOA,1.1401,value,5,14,1.1401
COP2122-142,,AYURVEDIC MEDICINE & SURGERY,"The Gampaha Wickramarachchi University of Indigenous Medicine, Sri Lanka",AMPARA,1.2582,value,5,14,1.2582
COP2122-142,,AYURVEDIC MEDICINE & SURGERY,"The Gampaha Wickramarachchi University of Indigenous Medicine, Sri Lanka",PUTTALAM,1.1888,value,5,14,1.1888
COP2122-142,,AYURVEDIC MEDICINE & SURGERY,"The Gampaha Wickramarachchi University of Indigenous Medicine, Sri Lanka",KURUNEGALA,1.0933,value,5,14,1.0933
COP2122-142,,AYURVEDIC MEDICINE & SURGERY,"The Gampaha Wickramarachchi University of Indigenous Medicine, Sri Lanka",ANURADHAPURA,1.0268,value,5,14,1.0268
COP2122-142,,AYURVEDIC MEDICINE & SURGERY,"The Gampaha Wickramarachchi University of Indigenous Medicine, Sri Lanka",POLONNARUWA,0.8950,value,5,14,0.8950
COP2122-142,,AYURVEDIC MEDICINE & SURGERY,"The Gampaha Wickramarachchi University of Indigenous Medicine, Sri Lanka",BADULLA,1.1489,value,5,14,1.1489
COP2122-142,,AYURVEDIC MEDICINE & SURGERY,"The Gampaha Wickramarachchi University of Indigenous Medicine, Sri Lanka",MONARAGALA,1.1440,value,5,14,1.1440
COP2122-142,,AYURVEDIC MEDICINE & SURGERY,"The Gampaha Wickramarachchi University of Indigenous Medicine, Sri Lanka",KEGALLE,1.1099,value,5,14,1.1099
COP2122-142,,AYURVEDIC MEDICINE & SURGERY,"The Gampaha Wickramarachchi University of Indigenous Medicine, Sri Lanka",RATNAPURA,1.0792,value,5,14,1.0792
COP2122-143,,UNANI MEDICINE & SURGERY,Institute of Indigenous Medicine,COLOMBO,0.9072,value,5,15,0.9072
COP2122-143,,UNANI MEDICINE & SURGERY,Institute of Indigenous Medicine,GAMPAHA,0.6830,value,5,15,0.6830
COP2122-143,,UNANI MEDICINE & SURGERY,Institute of Indigenous Medicine,KALUTARA,1.0577,value,5,15,1.0577
COP2122-143,,UNANI MEDICINE & SURGERY,Institute of Indigenous Medicine,MATALE,1.3762,value,5,15,1.3762
COP2122-143,,UNANI MEDICINE & SURGERY,Institute of Indigenous Medicine,KANDY,1.0177,value,5,15,1.0177
COP2122-143,,UNANI MEDICINE & SURGERY,Institute of Indigenous Medicine,NUWARA ELIYA,0.9136,value,5,15,0.9136
COP2122-143,,UNANI MEDICINE & SURGERY,Institute of Indigenous Medicine,GALLE,1.0440,value,5,15,1.0440
COP2122-143,,UNANI MEDICINE & SURGERY,Institute of Indigenous Medicine,MATARA,1.0929,value,5,15,1.0929
COP2122-143,,UNANI MEDICINE & SURGERY,Institute of Indigenous Medicine,HAMBANTOTA,0.9746,value,5,15,0.9746
COP2122-143,,UNANI MEDICINE & SURGERY,Institute of Indigenous Medicine,JAFFNA,0.7866,value,5,15,0.7866
COP2122-143,,UNANI MEDICINE & SURGERY,Institute of Indigenous Medicine,KILINOCHCHI,0.2824,value,5,15,0.2824
COP2122-143,,UNANI MEDICINE & SURGERY,Institute of Indigenous Medicine,MANNAR,1.3171,value,5,15,1.3171
COP2122-143,,UNANI MEDICINE & SURGERY,Institute of Indigenous Medicine,MULLAITIVU,1.1929,value,5,15,1.1929
COP2122-143,,UNANI MEDICINE & SURGERY,Institute of Indigenous Medicine,VAVUNIYA,1.3802,value,5,15,1.3802
COP2122-143,,UNANI MEDICINE & SURGERY,Institute of Indigenous Medicine,TRINCOMALEE,1.3739,value,5,15,1.3739
COP2122-143,,UNANI MEDICINE & SURGERY,Institute of Indigenous Medicine,BATTICALOA,1.3535,value,5,15,1.3535
COP2122-143,,UNANI MEDICINE & SURGERY,Institute of Indigenous Medicine,AMPARA,1.3648,value,5,15,1.3648
COP2122-143,,UNANI MEDICINE & SURGERY,Institute of Indigenous Medicine,PUTTALAM,1.3380,value,5,15,1.3380
COP2122-143,,UNANI MEDICINE & SURGERY,Institute of Indigenous Medicine,KURUNEGALA,1.2001,value,5,15,1.2001
COP2122-143,,UNANI MEDICINE & SURGERY,Institute of Indigenous Medicine,ANURADHAPURA,1.0237,value,5,15,1.0237
COP2122-143,,UNANI MEDICINE & SURGERY,Institute of Indigenous Medicine,POLONNARUWA,0.9975,value,5,15,0.9975
COP2122-143,,UNANI MEDICINE & SURGERY,Institute of Indigenous Medicine,BADULLA,0.8424,value,5,15,0.8424
COP2122-143,,UNANI MEDICINE & SURGERY,Institute of Indigenous Medicine,MONARAGALA,1.3444,value,5,15,1.3444
COP2122-143,,UNANI MEDICINE & SURGERY,Institute of Indigenous Medicine,KEGALLE,1.0853,value,5,15,1.0853
COP2122-143,,UNANI MEDICINE & SURGERY,Institute of Indigenous Medicine,RATNAPURA,0.9723,value,5,15,0.9723
COP2122-144,,SIDDHA MEDICINE & SURGERY,University of Jaffna,COLOMBO,0.5253,value,5,16,0.5253
COP2122-144,,SIDDHA MEDICINE & SURGERY,University of Jaffna,GAMPAHA,-0.1695,value,5,16,-0.1695
COP2122-144,,SIDDHA MEDICINE & SURGERY,University of Jaffna,KALUTARA,,NQC,5,16,NQC
COP2122-144,,SIDDHA MEDICINE & SURGERY,University of Jaffna,MATALE,0.7828,value,5,16,0.7828
COP2122-144,,SIDDHA MEDICINE & SURGERY,University of Jaffna,KANDY,0.7137,value,5,16,0.7137
COP2122-144,,SIDDHA MEDICINE & SURGERY,University of Jaffna,NUWARA ELIYA,0.4664,value,5,16,0.4664
COP2122-144,,SIDDHA MEDICINE & SURGERY,University of Jaffna,GALLE,,NQC,5,16,NQC
COP2122-144,,SIDDHA MEDICINE & SURGERY,University of Jaffna,MATARA,0.7850,value,5,16,0.7850
COP2122-144,,SIDDHA MEDICINE & SURGERY,University of Jaffna,HAMBANTOTA,,NQC,5,16,NQC
COP2122-144,,SIDDHA MEDICINE & SURGERY,University of Jaffna,JAFFNA,0.8318,value,5,16,0.8318
COP2122-144,,SIDDHA MEDICINE & SURGERY,University of Jaffna,KILINOCHCHI,0.9048,value,5,16,0.9048
COP2122-144,,SIDDHA MEDICINE & SURGERY,University of Jaffna,MANNAR,0.5950,value,5,16,0.5950
COP2122-144,,SIDDHA MEDICINE & SURGERY,University of Jaffna,MULLAITIVU,0.9153,value,5,16,0.9153
COP2122-144,,SIDDHA MEDICINE & SURGERY,University of Jaffna,VAVUNIYA,0.9133,value,5,16,0.9133
COP2122-144,,SIDDHA MEDICINE & SURGERY,University of Jaffna,TRINCOMALEE,0.8879,value,5,16,0.8879
COP2122-144,,SIDDHA MEDICINE & SURGERY,University of Jaffna,BATTICALOA,0.8744,value,5,16,0.8744
COP2122-144,,SIDDHA MEDICINE & SURGERY,University of Jaffna,AMPARA,0.8689,value,5,16,0.8689
COP2122-144,,SIDDHA MEDICINE & SURGERY,University of Jaffna,PUTTALAM,0.7491,value,5,16,0.7491
COP2122-144,,SIDDHA MEDICINE & SURGERY,University of Jaffna,KURUNEGALA,0.7052,value,5,16,0.7052
COP2122-144,,SIDDHA MEDICINE & SURGERY,University of Jaffna,ANURADHAPURA,0.3060,value,5,16,0.3060
COP2122-144,,SIDDHA MEDICINE & SURGERY,University of Jaffna,POLONNARUWA,0.2401,value,5,16,0.2401
COP2122-144,,SIDDHA MEDICINE & SURGERY,University of Jaffna,BADULLA,,NQC,5,16,NQC
COP2122-144,,SIDDHA MEDICINE & SURGERY,University of Jaffna,MONARAGALA,0.9609,value,5,16,0.9609
COP2122-144,,SIDDHA MEDICINE & SURGERY,University of Jaffna,KEGALLE,0.7564,value,5,16,0.7564
COP2122-144,,SIDDHA MEDICINE & SURGERY,University of Jaffna,RATNAPURA,,NQC,5,16,NQC
COP2122-145,,SIDDHA MEDICINE & SURGERY,Eastern University - Trincomalee Campus,COLOMBO,0.5465,value,5,17,0.5465
COP2122-145,,SIDDHA MEDICINE & SURGERY,Eastern University - Trincomalee Campus,GAMPAHA,0.5160,value,5,17,0.5160
COP2122-145,,SIDDHA MEDICINE & SURGERY,Eastern University - Trincomalee Campus,KALUTARA,0.6528,value,5,17,0.6528
COP2122-145,,SIDDHA MEDICINE & SURGERY,Eastern University - Trincomalee Campus,MATALE,0.6103,value,5,17,0.6103
COP2122-145,,SIDDHA MEDICINE & SURGERY,Eastern University - Trincomalee Campus,KANDY,0.7213,value,5,17,0.7213
COP2122-145,,SIDDHA MEDICINE & SURGERY,Eastern University - Trincomalee Campus,NUWARA ELIYA,0.4857,value,5,17,0.4857
COP2122-145,,SIDDHA MEDICINE & SURGERY,Eastern University - Trincomalee Campus,GALLE,0.5815,value,5,17,0.5815
COP2122-145,,SIDDHA MEDICINE & SURGERY,Eastern University - Trincomalee Campus,MATARA,0.7939,value,5,17,0.7939
COP2122-145,,SIDDHA MEDICINE & SURGERY,Eastern University - Trincomalee Campus,HAMBANTOTA,0.6380,value,5,17,0.6380
COP2122-145,,SIDDHA MEDICINE & SURGERY,Eastern University - Trincomalee Campus,JAFFNA,0.8971,value,5,17,0.8971
COP2122-145,,SIDDHA MEDICINE & SURGERY,Eastern University - Trincomalee Campus,KILINOCHCHI,,NQC,5,17,NQC
COP2122-145,,SIDDHA MEDICINE & SURGERY,Eastern University - Trincomalee Campus,MANNAR,,NQC,5,17,NQC
COP2122-145,,SIDDHA MEDICINE & SURGERY,Eastern University - Trincomalee Campus,MULLAITIVU,1.2804,value,5,17,1.2804
COP2122-145,,SIDDHA MEDICINE & SURGERY,Eastern University - Trincomalee Campus,VAVUNIYA,,NQC,5,17,NQC
COP2122-145,,SIDDHA MEDICINE & SURGERY,Eastern University - Trincomalee Campus,TRINCOMALEE,0.9956,value,5,17,0.9956
COP2122-145,,SIDDHA MEDICINE & SURGERY,Eastern University - Trincomalee Campus,BATTICALOA,0.9255,value,5,17,0.9255
COP2122-145,,SIDDHA MEDICINE & SURGERY,Eastern University - Trincomalee Campus,AMPARA,0.8803,value,5,17,0.8803
COP2122-145,,SIDDHA MEDICINE & SURGERY,Eastern University - Trincomalee Campus,PUTTALAM,0.7613,value,5,17,0.7613
COP2122-145,,SIDDHA MEDICINE & SURGERY,Eastern University - Trincomalee Campus,KURUNEGALA,0.7589,value,5,17,0.7589
COP2122-145,,SIDDHA MEDICINE & SURGERY,Eastern University - Trincomalee Campus,ANURADHAPURA,0.4737,value,5,17,0.4737
COP2122-145,,SIDDHA MEDICINE & SURGERY,Eastern University - Trincomalee Campus,POLONNARUWA,0.4903,value,5,17,0.4903
COP2122-145,,SIDDHA MEDICINE & SURGERY,Eastern University - Trincomalee Campus,BADULLA,0.5709,value,5,17,0.5709
COP2122-145,,SIDDHA MEDICINE & SURGERY,Eastern University - Trincomalee Campus,MONARAGALA,0.5129,value,5,17,0.5129
COP2122-145,,SIDDHA MEDICINE & SURGERY,Eastern University - Trincomalee Campus,KEGALLE,0.7135,value,5,17,0.7135
COP2122-145,,SIDDHA MEDICINE & SURGERY,Eastern University - Trincomalee Campus,RATNAPURA,0.5355,value,5,17,0.5355
COP2122-146,,INDIGENOUS MEDICINAL RESOURCES,"The Gampaha Wickramarachchi University of Indigenous Medicine, Sri Lanka",COLOMBO,0.6931,value,5,18,0.6931
COP2122-146,,INDIGENOUS MEDICINAL RESOURCES,"The Gampaha Wickramarachchi University of Indigenous Medicine, Sri Lanka",GAMPAHA,0.5979,value,5,18,0.5979
COP2122-146,,INDIGENOUS MEDICINAL RESOURCES,"The Gampaha Wickramarachchi University of Indigenous Medicine, Sri Lanka",KALUTARA,0.6718,value,5,18,0.6718
COP2122-146,,INDIGENOUS MEDICINAL RESOURCES,"The Gampaha Wickramarachchi University of Indigenous Medicine, Sri Lanka",MATALE,0.5706,value,5,18,0.5706
COP2122-146,,INDIGENOUS MEDICINAL RESOURCES,"The Gampaha Wickramarachchi University of Indigenous Medicine, Sri Lanka",KANDY,0.7613,value,5,18,0.7613
COP2122-146,,INDIGENOUS MEDICINAL RESOURCES,"The Gampaha Wickramarachchi University of Indigenous Medicine, Sri Lanka",NUWARA ELIYA,0.6441,value,5,18,0.6441
COP2122-146,,INDIGENOUS MEDICINAL RESOURCES,"The Gampaha Wickramarachchi University of Indigenous Medicine, Sri Lanka",GALLE,0.6541,value,5,18,0.6541
COP2122-146,,INDIGENOUS MEDICINAL RESOURCES,"The Gampaha Wickramarachchi University of Indigenous Medicine, Sri Lanka",MATARA,0.7583,value,5,18,0.7583
COP2122-146,,INDIGENOUS MEDICINAL RESOURCES,"The Gampaha Wickramarachchi University of Indigenous Medicine, Sri Lanka",HAMBANTOTA,0.7405,value,5,18,0.7405
COP2122-146,,INDIGENOUS MEDICINAL RESOURCES,"The Gampaha Wickramarachchi University of Indigenous Medicine, Sri Lanka",JAFFNA,0.7803,value,5,18,0.7803
COP2122-146,,INDIGENOUS MEDICINAL RESOURCES,"The Gampaha Wickramarachchi University of Indigenous Medicine, Sri Lanka",KILINOCHCHI,0.2053,value,5,18,0.2053
COP2122-146,,INDIGENOUS MEDICINAL RESOURCES,"The Gampaha Wickramarachchi University of Indigenous Medicine, Sri Lanka",MANNAR,0.5381,value,5,18,0.5381
COP2122-146,,INDIGENOUS MEDICINAL RESOURCES,"The Gampaha Wickramarachchi University of Indigenous Medicine, Sri Lanka",MULLAITIVU,0.3544,value,5,18,0.3544
COP2122-146,,INDIGENOUS MEDICINAL RESOURCES,"The Gampaha Wickramarachchi University of Indigenous Medicine, Sri Lanka",VAVUNIYA,0.3820,value,5,18,0.3820
COP2122-146,,INDIGENOUS MEDICINAL RESOURCES,"The Gampaha Wickramarachchi University of Indigenous Medicine, Sri Lanka",TRINCOMALEE,0.6993,value,5,18,0.6993
COP2122-146,,INDIGENOUS MEDICINAL RESOURCES,"The Gampaha Wickramarachchi University of Indigenous Medicine, Sri Lanka",BATTICALOA,0.7307,value,5,18,0.7307
COP2122-146,,INDIGENOUS MEDICINAL RESOURCES,"The Gampaha Wickramarachchi University of Indigenous Medicine, Sri Lanka",AMPARA,0.7386,value,5,18,0.7386
COP2122-146,,INDIGENOUS MEDICINAL RESOURCES,"The Gampaha Wickramarachchi University of Indigenous Medicine, Sri Lanka",PUTTALAM,0.6838,value,5,18,0.6838
COP2122-146,,INDIGENOUS MEDICINAL RESOURCES,"The Gampaha Wickramarachchi University of Indigenous Medicine, Sri Lanka",KURUNEGALA,0.6600,value,5,18,0.6600
COP2122-146,,INDIGENOUS MEDICINAL RESOURCES,"The Gampaha Wickramarachchi University of Indigenous Medicine, Sri Lanka",ANURADHAPURA,0.5179,value,5,18,0.5179
COP2122-146,,INDIGENOUS MEDICINAL RESOURCES,"The Gampaha Wickramarachchi University of Indigenous Medicine, Sri Lanka",POLONNARUWA,0.5446,value,5,18,0.5446
COP2122-146,,INDIGENOUS MEDICINAL RESOURCES,"The Gampaha Wickramarachchi University of Indigenous Medicine, Sri Lanka",BADULLA,0.6880,value,5,18,0.6880
COP2122-146,,INDIGENOUS MEDICINAL RESOURCES,"The Gampaha Wickramarachchi University of Indigenous Medicine, Sri Lanka",MONARAGALA,0.5773,value,5,18,0.5773
COP2122-146,,INDIGENOUS MEDICINAL RESOURCES,"The Gampaha Wickramarachchi University of Indigenous Medicine, Sri Lanka",KEGALLE,0.7166,value,5,18,0.7166
COP2122-146,,INDIGENOUS MEDICINAL RESOURCES,"The Gampaha Wickramarachchi University of Indigenous Medicine, Sri Lanka",RATNAPURA,0.6146,value,5,18,0.6146
COP2122-147,,HEALTH INFORMATION AND COMMUNICATION TECHNOLOGY,"The Gampaha Wickramarachchi University of Indigenous Medicine, Sri Lanka",COLOMBO,1.0742,value,5,19,1.0742
COP2122-147,,HEALTH INFORMATION AND COMMUNICATION TECHNOLOGY,"The Gampaha Wickramarachchi University of Indigenous Medicine, Sri Lanka",GAMPAHA,1.0635,value,5,19,1.0635
COP2122-147,,HEALTH INFORMATION AND COMMUNICATION TECHNOLOGY,"The Gampaha Wickramarachchi University of Indigenous Medicine, Sri Lanka",KALUTARA,1.0312,value,5,19,1.0312
COP2122-147,,HEALTH INFORMATION AND COMMUNICATION TECHNOLOGY,"The Gampaha Wickramarachchi University of Indigenous Medicine, Sri Lanka",MATALE,1.1599,value,5,19,1.1599
COP2122-147,,HEALTH INFORMATION AND COMMUNICATION TECHNOLOGY,"The Gampaha Wickramarachchi University of Indigenous Medicine, Sri Lanka",KANDY,1.2136,value,5,19,1.2136
COP2122-147,,HEALTH INFORMATION AND COMMUNICATION TECHNOLOGY,"The Gampaha Wickramarachchi University of Indigenous Medicine, Sri Lanka",NUWARA ELIYA,0.9698,value,5,19,0.9698
COP2122-147,,HEALTH INFORMATION AND COMMUNICATION TECHNOLOGY,"The Gampaha Wickramarachchi University of Indigenous Medicine, Sri Lanka",GALLE,1.2264,value,5,19,1.2264
COP2122-147,,HEALTH INFORMATION AND COMMUNICATION TECHNOLOGY,"The Gampaha Wickramarachchi University of Indigenous Medicine, Sri Lanka",MATARA,1.2496,value,5,19,1.2496
COP2122-147,,HEALTH INFORMATION AND COMMUNICATION TECHNOLOGY,"The Gampaha Wickramarachchi University of Indigenous Medicine, Sri Lanka",HAMBANTOTA,1.0827,value,5,19,1.0827
COP2122-147,,HEALTH INFORMATION AND COMMUNICATION TECHNOLOGY,"The Gampaha Wickramarachchi University of Indigenous Medicine, Sri Lanka",JAFFNA,0.7619,value,5,19,0.7619
COP2122-147,,HEALTH INFORMATION AND COMMUNICATION TECHNOLOGY,"The Gampaha Wickramarachchi University of Indigenous Medicine, Sri Lanka",KILINOCHCHI,0.6498,value,5,19,0.6498
COP2122-147,,HEALTH INFORMATION AND COMMUNICATION TECHNOLOGY,"The Gampaha Wickramarachchi University of Indigenous Medicine, Sri Lanka",MANNAR,0.8325,value,5,19,0.8325
COP2122-147,,HEALTH INFORMATION AND COMMUNICATION TECHNOLOGY,"The Gampaha Wickramarachchi University of Indigenous Medicine, Sri Lanka",MULLAITIVU,0.3772,value,5,19,0.3772
COP2122-147,,HEALTH INFORMATION AND COMMUNICATION TECHNOLOGY,"The Gampaha Wickramarachchi University of Indigenous Medicine, Sri Lanka",VAVUNIYA,0.5695,value,5,19,0.5695
COP2122-147,,HEALTH INFORMATION AND COMMUNICATION TECHNOLOGY,"The Gampaha Wickramarachchi University of Indigenous Medicine, Sri Lanka",TRINCOMALEE,1.1463,value,5,19,1.1463
COP2122-147,,HEALTH INFORMATION AND COMMUNICATION TECHNOLOGY,"The Gampaha Wickramarachchi University of Indigenous Medicine, Sri Lanka",BATTICALOA,1.1584,value,5,19,1.1584
COP2122-147,,HEALTH INFORMATION AND COMMUNICATION TECHNOLOGY,"The Gampaha Wickramarachchi University of Indigenous Medicine, Sri Lanka",AMPARA,1.1647,value,5,19,1.1647
COP2122-147,,HEALTH INFORMATION AND COMMUNICATION TECHNOLOGY,"The Gampaha Wickramarachchi University of Indigenous Medicine, Sri Lanka",PUTTALAM,0.9249,value,5,19,0.9249
COP2122-147,,HEALTH INFORMATION AND COMMUNICATION TECHNOLOGY,"The Gampaha Wickramarachchi University of Indigenous Medicine, Sri Lanka",KURUNEGALA,1.1849,value,5,19,1.1849
COP2122-147,,HEALTH INFORMATION AND COMMUNICATION TECHNOLOGY,"The Gampaha Wickramarachchi University of Indigenous Medicine, Sri Lanka",ANURADHAPURA,1.0702,value,5,19,1.0702
COP2122-147,,HEALTH INFORMATION AND COMMUNICATION TECHNOLOGY,"The Gampaha Wickramarachchi University of Indigenous Medicine, Sri Lanka",POLONNARUWA,0.8564,value,5,19,0.8564
COP2122-147,,HEALTH INFORMATION AND COMMUNICATION TECHNOLOGY,"The Gampaha Wickramarachchi University of Indigenous Medicine, Sri Lanka",BADULLA,1.1464,value,5,19,1.1464
COP2122-147,,HEALTH INFORMATION AND COMMUNICATION TECHNOLOGY,"The Gampaha Wickramarachchi University of Indigenous Medicine, Sri Lanka",MONARAGALA,1.0149,value,5,19,1.0149
COP2122-147,,HEALTH INFORMATION AND COMMUNICATION TECHNOLOGY,"The Gampaha Wickramarachchi University of Indigenous Medicine, Sri Lanka",KEGALLE,1.2369,value,5,19,1.2369
COP2122-147,,HEALTH INFORMATION AND COMMUNICATION TECHNOLOGY,"The Gampaha Wickramarachchi University of Indigenous Medicine, Sri Lanka",RATNAPURA,1.0418,value,5,19,1.0418
COP2122-148,,HEALTH TOURISM AND HOSPITALITY MANAGEMENT,"The Gampaha Wickramarachchi University of Indigenous Medicine, Sri Lanka",COLOMBO,1.2580,value,5,20,1.2580
COP2122-148,,HEALTH TOURISM AND HOSPITALITY MANAGEMENT,"The Gampaha Wickramarachchi University of Indigenous Medicine, Sri Lanka",GAMPAHA,1.2778,value,5,20,1.2778
COP2122-148,,HEALTH TOURISM AND HOSPITALITY MANAGEMENT,"The Gampaha Wickramarachchi University of Indigenous Medicine, Sri Lanka",KALUTARA,1.2344,value,5,20,1.2344
COP2122-148,,HEALTH TOURISM AND HOSPITALITY MANAGEMENT,"The Gampaha Wickramarachchi University of Indigenous Medicine, Sri Lanka",MATALE,1.2036,value,5,20,1.2036
COP2122-148,,HEALTH TOURISM AND HOSPITALITY MANAGEMENT,"The Gampaha Wickramarachchi University of Indigenous Medicine, Sri Lanka",KANDY,1.2039,value,5,20,1.2039
COP2122-148,,HEALTH TOURISM AND HOSPITALITY MANAGEMENT,"The Gampaha Wickramarachchi University of Indigenous Medicine, Sri Lanka",NUWARA ELIYA,1.1673,value,5,20,1.1673
COP2122-148,,HEALTH TOURISM AND HOSPITALITY MANAGEMENT,"The Gampaha Wickramarachchi University of Indigenous Medicine, Sri Lanka",GALLE,1.2925,value,5,20,1.2925
COP2122-148,,HEALTH TOURISM AND HOSPITALITY MANAGEMENT,"The Gampaha Wickramarachchi University of Indigenous Medicine, Sri Lanka",MATARA,1.2854,value,5,20,1.2854
COP2122-148,,HEALTH TOURISM AND HOSPITALITY MANAGEMENT,"The Gampaha Wickramarachchi University of Indigenous Medicine, Sri Lanka",HAMBANTOTA,1.2840,value,5,20,1.2840
COP2122-148,,HEALTH TOURISM AND HOSPITALITY MANAGEMENT,"The Gampaha Wickramarachchi University of Indigenous Medicine, Sri Lanka",JAFFNA,1.0850,value,5,20,1.0850
COP2122-148,,HEALTH TOURISM AND HOSPITALITY MANAGEMENT,"The Gampaha Wickramarachchi University of Indigenous Medicine, Sri Lanka",KILINOCHCHI,0.8551,value,5,20,0.8551
COP2122-148,,HEALTH TOURISM AND HOSPITALITY MANAGEMENT,"The Gampaha Wickramarachchi University of Indigenous Medicine, Sri Lanka",MANNAR,1.0370,value,5,20,1.0370
COP2122-148,,HEALTH TOURISM AND HOSPITALITY MANAGEMENT,"The Gampaha Wickramarachchi University of Indigenous Medicine, Sri Lanka",MULLAITIVU,1.0100,value,5,20,1.0100
COP2122-148,,HEALTH TOURISM AND HOSPITALITY MANAGEMENT,"The Gampaha Wickramarachchi University of Indigenous Medicine, Sri Lanka",VAVUNIYA,1.1769,value,5,20,1.1769
COP2122-148,,HEALTH TOURISM AND HOSPITALITY MANAGEMENT,"The Gampaha Wickramarachchi University of Indigenous Medicine, Sri Lanka",TRINCOMALEE,1.0257,value,5,20,1.0257
COP2122-148,,HEALTH TOURISM AND HOSPITALITY MANAGEMENT,"The Gampaha Wickramarachchi University of Indigenous Medicine, Sri Lanka",BATTICALOA,1.1121,value,5,20,1.1121
COP2122-148,,HEALTH TOURISM AND HOSPITALITY MANAGEMENT,"The Gampaha Wickramarachchi University of Indigenous Medicine, Sri Lanka",AMPARA,1.2271,value,5,20,1.2271
COP2122-148,,HEALTH TOURISM AND HOSPITALITY MANAGEMENT,"The Gampaha Wickramarachchi University of Indigenous Medicine, Sri Lanka",PUTTALAM,1.1519,value,5,20,1.1519
COP2122-148,,HEALTH TOURISM AND HOSPITALITY MANAGEMENT,"The Gampaha Wickramarachchi University of Indigenous Medicine, Sri Lanka",KURUNEGALA,1.2441,value,5,20,1.2441
COP2122-148,,HEALTH TOURISM AND HOSPITALITY MANAGEMENT,"The Gampaha Wickramarachchi University of Indigenous Medicine, Sri Lanka",ANURADHAPURA,1.1208,value,5,20,1.1208
COP2122-148,,HEALTH TOURISM AND HOSPITALITY MANAGEMENT,"The Gampaha Wickramarachchi University of Indigenous Medicine, Sri Lanka",POLONNARUWA,1.1539,value,5,20,1.1539
COP2122-148,,HEALTH TOURISM AND HOSPITALITY MANAGEMENT,"The Gampaha Wickramarachchi University of Indigenous Medicine, Sri Lanka",BADULLA,1.2611,value,5,20,1.2611
COP2122-148,,HEALTH TOURISM AND HOSPITALITY MANAGEMENT,"The Gampaha Wickramarachchi University of Indigenous Medicine, Sri Lanka",MONARAGALA,1.2489,value,5,20,1.2489
COP2122-148,,HEALTH TOURISM AND HOSPITALITY MANAGEMENT,"The Gampaha Wickramarachchi University of Indigenous Medicine, Sri Lanka",KEGALLE,1.2237,value,5,20,1.2237
COP2122-148,,HEALTH TOURISM AND HOSPITALITY MANAGEMENT,"The Gampaha Wickramarachchi University of Indigenous Medicine, Sri Lanka",RATNAPURA,1.1843,value,5,20,1.1843
COP2122-149,,BIOMEDICAL TECHNOLOGY,"The Gampaha Wickramarachchi University of Indigenous Medicine, Sri Lanka",COLOMBO,1.1406,value,5,21,1.1406
COP2122-149,,BIOMEDICAL TECHNOLOGY,"The Gampaha Wickramarachchi University of Indigenous Medicine, Sri Lanka",GAMPAHA,1.1953,value,5,21,1.1953
COP2122-149,,BIOMEDICAL TECHNOLOGY,"The Gampaha Wickramarachchi University of Indigenous Medicine, Sri Lanka",KALUTARA,1.1809,value,5,21,1.1809
COP2122-149,,BIOMEDICAL TECHNOLOGY,"The Gampaha Wickramarachchi University of Indigenous Medicine, Sri Lanka",MATALE,1.1829,value,5,21,1.1829
COP2122-149,,BIOMEDICAL TECHNOLOGY,"The Gampaha Wickramarachchi University of Indigenous Medicine, Sri Lanka",KANDY,1.2033,value,5,21,1.2033
COP2122-149,,BIOMEDICAL TECHNOLOGY,"The Gampaha Wickramarachchi University of Indigenous Medicine, Sri Lanka",NUWARA ELIYA,1.0688,value,5,21,1.0688
COP2122-149,,BIOMEDICAL TECHNOLOGY,"The Gampaha Wickramarachchi University of Indigenous Medicine, Sri Lanka",GALLE,1.2839,value,5,21,1.2839
COP2122-149,,BIOMEDICAL TECHNOLOGY,"The Gampaha Wickramarachchi University of Indigenous Medicine, Sri Lanka",MATARA,1.3415,value,5,21,1.3415
COP2122-149,,BIOMEDICAL TECHNOLOGY,"The Gampaha Wickramarachchi University of Indigenous Medicine, Sri Lanka",HAMBANTOTA,1.0655,value,5,21,1.0655
COP2122-149,,BIOMEDICAL TECHNOLOGY,"The Gampaha Wickramarachchi University of Indigenous Medicine, Sri Lanka",JAFFNA,0.8240,value,5,21,0.8240
COP2122-149,,BIOMEDICAL TECHNOLOGY,"The Gampaha Wickramarachchi University of Indigenous Medicine, Sri Lanka",KILINOCHCHI,1.0513,value,5,21,1.0513
COP2122-149,,BIOMEDICAL TECHNOLOGY,"The Gampaha Wickramarachchi University of Indigenous Medicine, Sri Lanka",MANNAR,0.6984,value,5,21,0.6984
COP2122-149,,BIOMEDICAL TECHNOLOGY,"The Gampaha Wickramarachchi University of Indigenous Medicine, Sri Lanka",MULLAITIVU,0.4016,value,5,21,0.4016
COP2122-149,,BIOMEDICAL TECHNOLOGY,"The Gampaha Wickramarachchi University of Indigenous Medicine, Sri Lanka",VAVUNIYA,0.5307,value,5,21,0.5307
COP2122-149,,BIOMEDICAL TECHNOLOGY,"The Gampaha Wickramarachchi University of Indigenous Medicine, Sri Lanka",TRINCOMALEE,1.3536,value,5,21,1.3536
COP2122-149,,BIOMEDICAL TECHNOLOGY,"The Gampaha Wickramarachchi University of Indigenous Medicine, Sri Lanka",BATTICALOA,1.2968,value,5,21,1.2968
COP2122-149,,BIOMEDICAL TECHNOLOGY,"The Gampaha Wickramarachchi University of Indigenous Medicine, Sri Lanka",AMPARA,1.1659,value,5,21,1.1659
COP2122-149,,BIOMEDICAL TECHNOLOGY,"The Gampaha Wickramarachchi University of Indigenous Medicine, Sri Lanka",PUTTALAM,0.8765,value,5,21,0.8765
COP2122-149,,BIOMEDICAL TECHNOLOGY,"The Gampaha Wickramarachchi University of Indigenous Medicine, Sri Lanka",KURUNEGALA,1.1934,value,5,21,1.1934
COP2122-149,,BIOMEDICAL TECHNOLOGY,"The Gampaha Wickramarachchi University of Indigenous Medicine, Sri Lanka",ANURADHAPURA,1.2635,value,5,21,1.2635
COP2122-149,,BIOMEDICAL TECHNOLOGY,"The Gampaha Wickramarachchi University of Indigenous Medicine, Sri Lanka",POLONNARUWA,1.0414,value,5,21,1.0414
COP2122-149,,BIOMEDICAL TECHNOLOGY,"The Gampaha Wickramarachchi University of Indigenous Medicine, Sri Lanka",BADULLA,1.2388,value,5,21,1.2388
COP2122-149,,BIOMEDICAL TECHNOLOGY,"The Gampaha Wickramarachchi University of Indigenous Medicine, Sri Lanka",MONARAGALA,1.1217,value,5,21,1.1217
COP2122-149,,BIOMEDICAL TECHNOLOGY,"The Gampaha Wickramarachchi University of Indigenous Medicine, Sri Lanka",KEGALLE,1.2981,value,5,21,1.2981
COP2122-149,,BIOMEDICAL TECHNOLOGY,"The Gampaha Wickramarachchi University of Indigenous Medicine, Sri Lanka",RATNAPURA,1.0704,value,5,21,1.0704
COP2122-150,,INDIGENOUS PHARMACEUTICAL TECHNOLOGY,"The Gampaha Wickramarachchi University of Indigenous Medicine, Sri Lanka",COLOMBO,1.0749,value,5,22,1.0749
COP2122-150,,INDIGENOUS PHARMACEUTICAL TECHNOLOGY,"The Gampaha Wickramarachchi University of Indigenous Medicine, Sri Lanka",GAMPAHA,1.0546,value,5,22,1.0546
COP2122-150,,INDIGENOUS PHARMACEUTICAL TECHNOLOGY,"The Gampaha Wickramarachchi University of Indigenous Medicine, Sri Lanka",KALUTARA,1.0421,value,5,22,1.0421
COP2122-150,,INDIGENOUS PHARMACEUTICAL TECHNOLOGY,"The Gampaha Wickramarachchi University of Indigenous Medicine, Sri Lanka",MATALE,1.1319,value,5,22,1.1319
COP2122-150,,INDIGENOUS PHARMACEUTICAL TECHNOLOGY,"The Gampaha Wickramarachchi University of Indigenous Medicine, Sri Lanka",KANDY,1.1848,value,5,22,1.1848
COP2122-150,,INDIGENOUS PHARMACEUTICAL TECHNOLOGY,"The Gampaha Wickramarachchi University of Indigenous Medicine, Sri Lanka",NUWARA ELIYA,0.9398,value,5,22,0.9398
COP2122-150,,INDIGENOUS PHARMACEUTICAL TECHNOLOGY,"The Gampaha Wickramarachchi University of Indigenous Medicine, Sri Lanka",GALLE,1.1927,value,5,22,1.1927
COP2122-150,,INDIGENOUS PHARMACEUTICAL TECHNOLOGY,"The Gampaha Wickramarachchi University of Indigenous Medicine, Sri Lanka",MATARA,1.1944,value,5,22,1.1944
COP2122-150,,INDIGENOUS PHARMACEUTICAL TECHNOLOGY,"The Gampaha Wickramarachchi University of Indigenous Medicine, Sri Lanka",HAMBANTOTA,1.0621,value,5,22,1.0621
COP2122-150,,INDIGENOUS PHARMACEUTICAL TECHNOLOGY,"The Gampaha Wickramarachchi University of Indigenous Medicine, Sri Lanka",JAFFNA,0.7865,value,5,22,0.7865
COP2122-150,,INDIGENOUS PHARMACEUTICAL TECHNOLOGY,"The Gampaha Wickramarachchi University of Indigenous Medicine, Sri Lanka",KILINOCHCHI,0.7187,value,5,22,0.7187
COP2122-150,,INDIGENOUS PHARMACEUTICAL TECHNOLOGY,"The Gampaha Wickramarachchi University of Indigenous Medicine, Sri Lanka",MANNAR,0.4419,value,5,22,0.4419
COP2122-150,,INDIGENOUS PHARMACEUTICAL TECHNOLOGY,"The Gampaha Wickramarachchi University of Indigenous Medicine, Sri Lanka",MULLAITIVU,0.5576,value,5,22,0.5576
COP2122-150,,INDIGENOUS PHARMACEUTICAL TECHNOLOGY,"The Gampaha Wickramarachchi University of Indigenous Medicine, Sri Lanka",VAVUNIYA,0.6695,value,5,22,0.6695
COP2122-150,,INDIGENOUS PHARMACEUTICAL TECHNOLOGY,"The Gampaha Wickramarachchi University of Indigenous Medicine, Sri Lanka",TRINCOMALEE,1.0184,value,5,22,1.0184
COP2122-150,,INDIGENOUS PHARMACEUTICAL TECHNOLOGY,"The Gampaha Wickramarachchi University of Indigenous Medicine, Sri Lanka",BATTICALOA,1.1116,value,5,22,1.1116
COP2122-150,,INDIGENOUS PHARMACEUTICAL TECHNOLOGY,"The Gampaha Wickramarachchi University of Indigenous Medicine, Sri Lanka",AMPARA,1.1640,value,5,22,1.1640
COP2122-150,,INDIGENOUS PHARMACEUTICAL TECHNOLOGY,"The Gampaha Wickramarachchi University of Indigenous Medicine, Sri Lanka",PUTTALAM,0.7377,value,5,22,0.7377
COP2122-150,,INDIGENOUS PHARMACEUTICAL TECHNOLOGY,"The Gampaha Wickramarachchi University of Indigenous Medicine, Sri Lanka",KURUNEGALA,1.1800,value,5,22,1.1800
COP2122-150,,INDIGENOUS PHARMACEUTICAL TECHNOLOGY,"The Gampaha Wickramarachchi University of Indigenous Medicine, Sri Lanka",ANURADHAPURA,1.0493,value,5,22,1.0493
COP2122-150,,INDIGENOUS PHARMACEUTICAL TECHNOLOGY,"The Gampaha Wickramarachchi University of Indigenous Medicine, Sri Lanka",POLONNARUWA,0.8394,value,5,22,0.8394
COP2122-150,,INDIGENOUS PHARMACEUTICAL TECHNOLOGY,"The Gampaha Wickramarachchi University of Indigenous Medicine, Sri Lanka",BADULLA,1.1595,value,5,22,1.1595
COP2122-150,,INDIGENOUS PHARMACEUTICAL TECHNOLOGY,"The Gampaha Wickramarachchi University of Indigenous Medicine, Sri Lanka",MONARAGALA,1.0320,value,5,22,1.0320
COP2122-150,,INDIGENOUS PHARMACEUTICAL TECHNOLOGY,"The Gampaha Wickramarachchi University of Indigenous Medicine, Sri Lanka",KEGALLE,1.1911,value,5,22,1.1911
COP2122-150,,INDIGENOUS PHARMACEUTICAL TECHNOLOGY,"The Gampaha Wickramarachchi University of Indigenous Medicine, Sri Lanka",RATNAPURA,1.0380,value,5,22,1.0380
COP2122-151,,YOGA AND PARAPSYCHOLOGY,"The Gampaha Wickramarachchi University of Indigenous Medicine, Sri Lanka",COLOMBO,1.3571,value,5,23,1.3571
COP2122-151,,YOGA AND PARAPSYCHOLOGY,"The Gampaha Wickramarachchi University of Indigenous Medicine, Sri Lanka",GAMPAHA,1.3587,value,5,23,1.3587
COP2122-151,,YOGA AND PARAPSYCHOLOGY,"The Gampaha Wickramarachchi University of Indigenous Medicine, Sri Lanka",KALUTARA,1.3464,value,5,23,1.3464
COP2122-151,,YOGA AND PARAPSYCHOLOGY,"The Gampaha Wickramarachchi University of Indigenous Medicine, Sri Lanka",MATALE,1.3524,value,5,23,1.3524
COP2122-151,,YOGA AND PARAPSYCHOLOGY,"The Gampaha Wickramarachchi University of Indigenous Medicine, Sri Lanka",KANDY,1.3597,value,5,23,1.3597
COP2122-151,,YOGA AND PARAPSYCHOLOGY,"The Gampaha Wickramarachchi University of Indigenous Medicine, Sri Lanka",NUWARA ELIYA,1.3682,value,5,23,1.3682
COP2122-151,,YOGA AND PARAPSYCHOLOGY,"The Gampaha Wickramarachchi University of Indigenous Medicine, Sri Lanka",GALLE,1.3730,value,5,23,1.3730
COP2122-151,,YOGA AND PARAPSYCHOLOGY,"The Gampaha Wickramarachchi University of Indigenous Medicine, Sri Lanka",MATARA,1.3716,value,5,23,1.3716
COP2122-151,,YOGA AND PARAPSYCHOLOGY,"The Gampaha Wickramarachchi University of Indigenous Medicine, Sri Lanka",HAMBANTOTA,1.3420,value,5,23,1.3420
COP2122-151,,YOGA AND PARAPSYCHOLOGY,"The Gampaha Wickramarachchi University of Indigenous Medicine, Sri Lanka",JAFFNA,1.1811,value,5,23,1.1811
COP2122-151,,YOGA AND PARAPSYCHOLOGY,"The Gampaha Wickramarachchi University of Indigenous Medicine, Sri Lanka",KILINOCHCHI,1.1471,value,5,23,1.1471
COP2122-151,,YOGA AND PARAPSYCHOLOGY,"The Gampaha Wickramarachchi University of Indigenous Medicine, Sri Lanka",MANNAR,1.1697,value,5,23,1.1697
COP2122-151,,YOGA AND PARAPSYCHOLOGY,"The Gampaha Wickramarachchi University of Indigenous Medicine, Sri Lanka",MULLAITIVU,1.1424,value,5,23,1.1424
COP2122-151,,YOGA AND PARAPSYCHOLOGY,"The Gampaha Wickramarachchi University of Indigenous Medicine, Sri Lanka",VAVUNIYA,1.4019,value,5,23,1.4019
COP2122-151,,YOGA AND PARAPSYCHOLOGY,"The Gampaha Wickramarachchi University of Indigenous Medicine, Sri Lanka",TRINCOMALEE,1.2566,value,5,23,1.2566
COP2122-151,,YOGA AND PARAPSYCHOLOGY,"The Gampaha Wickramarachchi University of Indigenous Medicine, Sri Lanka",BATTICALOA,1.4085,value,5,23,1.4085
COP2122-151,,YOGA AND PARAPSYCHOLOGY,"The Gampaha Wickramarachchi University of Indigenous Medicine, Sri Lanka",AMPARA,1.3950,value,5,23,1.3950
COP2122-151,,YOGA AND PARAPSYCHOLOGY,"The Gampaha Wickramarachchi University of Indigenous Medicine, Sri Lanka",PUTTALAM,1.3980,value,5,23,1.3980
COP2122-151,,YOGA AND PARAPSYCHOLOGY,"The Gampaha Wickramarachchi University of Indigenous Medicine, Sri Lanka",KURUNEGALA,1.3733,value,5,23,1.3733
COP2122-151,,YOGA AND PARAPSYCHOLOGY,"The Gampaha Wickramarachchi University of Indigenous Medicine, Sri Lanka",ANURADHAPURA,1.3744,value,5,23,1.3744
COP2122-151,,YOGA AND PARAPSYCHOLOGY,"The Gampaha Wickramarachchi University of Indigenous Medicine, Sri Lanka",POLONNARUWA,1.3743,value,5,23,1.3743
COP2122-151,,YOGA AND PARAPSYCHOLOGY,"The Gampaha Wickramarachchi University of Indigenous Medicine, Sri Lanka",BADULLA,1.3705,value,5,23,1.3705
COP2122-151,,YOGA AND PARAPSYCHOLOGY,"The Gampaha Wickramarachchi University of Indigenous Medicine, Sri Lanka",MONARAGALA,1.3613,value,5,23,1.3613
COP2122-151,,YOGA AND PARAPSYCHOLOGY,"The Gampaha Wickramarachchi University of Indigenous Medicine, Sri Lanka",KEGALLE,1.3674,value,5,23,1.3674
COP2122-151,,YOGA AND PARAPSYCHOLOGY,"The Gampaha Wickramarachchi University of Indigenous Medicine, Sri Lanka",RATNAPURA,1.3730,value,5,23,1.3730
COP2122-152,,SOCIAL STUDIES IN INDIGENOUS KNOWLEDGE,"The Gampaha Wickramarachchi University of Indigenous Medicine, Sri Lanka",COLOMBO,1.3835,value,5,24,1.3835
COP2122-152,,SOCIAL STUDIES IN INDIGENOUS KNOWLEDGE,"The Gampaha Wickramarachchi University of Indigenous Medicine, Sri Lanka",GAMPAHA,1.3714,value,5,24,1.3714
COP2122-152,,SOCIAL STUDIES IN INDIGENOUS KNOWLEDGE,"The Gampaha Wickramarachchi University of Indigenous Medicine, Sri Lanka",KALUTARA,1.3718,value,5,24,1.3718
COP2122-152,,SOCIAL STUDIES IN INDIGENOUS KNOWLEDGE,"The Gampaha Wickramarachchi University of Indigenous Medicine, Sri Lanka",MATALE,1.4150,value,5,24,1.4150
COP2122-152,,SOCIAL STUDIES IN INDIGENOUS KNOWLEDGE,"The Gampaha Wickramarachchi University of Indigenous Medicine, Sri Lanka",KANDY,1.3689,value,5,24,1.3689
COP2122-152,,SOCIAL STUDIES IN INDIGENOUS KNOWLEDGE,"The Gampaha Wickramarachchi University of Indigenous Medicine, Sri Lanka",NUWARA ELIYA,1.4695,value,5,24,1.4695
COP2122-152,,SOCIAL STUDIES IN INDIGENOUS KNOWLEDGE,"The Gampaha Wickramarachchi University of Indigenous Medicine, Sri Lanka",GALLE,1.4297,value,5,24,1.4297
COP2122-152,,SOCIAL STUDIES IN INDIGENOUS KNOWLEDGE,"The Gampaha Wickramarachchi University of Indigenous Medicine, Sri Lanka",MATARA,1.3866,value,5,24,1.3866
COP2122-152,,SOCIAL STUDIES IN INDIGENOUS KNOWLEDGE,"The Gampaha Wickramarachchi University of Indigenous Medicine, Sri Lanka",HAMBANTOTA,1.3770,value,5,24,1.3770
COP2122-152,,SOCIAL STUDIES IN INDIGENOUS KNOWLEDGE,"The Gampaha Wickramarachchi University of Indigenous Medicine, Sri Lanka",JAFFNA,1.1866,value,5,24,1.1866
COP2122-152,,SOCIAL STUDIES IN INDIGENOUS KNOWLEDGE,"The Gampaha Wickramarachchi University of Indigenous Medicine, Sri Lanka",KILINOCHCHI,1.1636,value,5,24,1.1636
COP2122-152,,SOCIAL STUDIES IN INDIGENOUS KNOWLEDGE,"The Gampaha Wickramarachchi University of Indigenous Medicine, Sri Lanka",MANNAR,1.1692,value,5,24,1.1692
COP2122-152,,SOCIAL STUDIES IN INDIGENOUS KNOWLEDGE,"The Gampaha Wickramarachchi University of Indigenous Medicine, Sri Lanka",MULLAITIVU,1.1700,value,5,24,1.1700
COP2122-152,,SOCIAL STUDIES IN INDIGENOUS KNOWLEDGE,"The Gampaha Wickramarachchi University of Indigenous Medicine, Sri Lanka",VAVUNIYA,1.4890,value,5,24,1.4890
COP2122-152,,SOCIAL STUDIES IN INDIGENOUS KNOWLEDGE,"The Gampaha Wickramarachchi University of Indigenous Medicine, Sri Lanka",TRINCOMALEE,1.3194,value,5,24,1.3194
COP2122-152,,SOCIAL STUDIES IN INDIGENOUS KNOWLEDGE,"The Gampaha Wickramarachchi University of Indigenous Medicine, Sri Lanka",BATTICALOA,1.3926,value,5,24,1.3926
COP2122-152,,SOCIAL STUDIES IN INDIGENOUS KNOWLEDGE,"The Gampaha Wickramarachchi University of Indigenous Medicine, Sri Lanka",AMPARA,1.4471,value,5,24,1.4471
COP2122-152,,SOCIAL STUDIES IN INDIGENOUS KNOWLEDGE,"The Gampaha Wickramarachchi University of Indigenous Medicine, Sri Lanka",PUTTALAM,1.3779,value,5,24,1.3779
COP2122-152,,SOCIAL STUDIES IN INDIGENOUS KNOWLEDGE,"The Gampaha Wickramarachchi University of Indigenous Medicine, Sri Lanka",KURUNEGALA,1.4120,value,5,24,1.4120
COP2122-152,,SOCIAL STUDIES IN INDIGENOUS KNOWLEDGE,"The Gampaha Wickramarachchi University of Indigenous Medicine, Sri Lanka",ANURADHAPURA,1.3726,value,5,24,1.3726
COP2122-152,,SOCIAL STUDIES IN INDIGENOUS KNOWLEDGE,"The Gampaha Wickramarachchi University of Indigenous Medicine, Sri Lanka",POLONNARUWA,1.3776,value,5,24,1.3776
COP2122-152,,SOCIAL STUDIES IN INDIGENOUS KNOWLEDGE,"The Gampaha Wickramarachchi University of Indigenous Medicine, Sri Lanka",BADULLA,1.4537,value,5,24,1.4537
COP2122-152,,SOCIAL STUDIES IN INDIGENOUS KNOWLEDGE,"The Gampaha Wickramarachchi University of Indigenous Medicine, Sri Lanka",MONARAGALA,1.3610,value,5,24,1.3610
COP2122-152,,SOCIAL STUDIES IN INDIGENOUS KNOWLEDGE,"The Gampaha Wickramarachchi University of Indigenous Medicine, Sri Lanka",KEGALLE,1.3762,value,5,24,1.3762
COP2122-152,,SOCIAL STUDIES IN INDIGENOUS KNOWLEDGE,"The Gampaha Wickramarachchi University of Indigenous Medicine, Sri Lanka",RATNAPURA,1.3647,value,5,24,1.3647
COP2122-153,,HEALTH PROMOTION,Rajarata University of Sri Lanka,COLOMBO,0.6785,value,5,25,0.6785
COP2122-153,,HEALTH PROMOTION,Rajarata University of Sri Lanka,GAMPAHA,0.5653,value,5,25,0.5653
COP2122-153,,HEALTH PROMOTION,Rajarata University of Sri Lanka,KALUTARA,0.7742,value,5,25,0.7742
COP2122-153,,HEALTH PROMOTION,Rajarata University of Sri Lanka,MATALE,0.6840,value,5,25,0.6840
COP2122-153,,HEALTH PROMOTION,Rajarata University of Sri Lanka,KANDY,0.7317,value,5,25,0.7317
COP2122-153,,HEALTH PROMOTION,Rajarata University of Sri Lanka,NUWARA ELIYA,0.7077,value,5,25,0.7077
COP2122-153,,HEALTH PROMOTION,Rajarata University of Sri Lanka,GALLE,0.7506,value,5,25,0.7506
COP2122-153,,HEALTH PROMOTION,Rajarata University of Sri Lanka,MATARA,0.7844,value,5,25,0.7844
COP2122-153,,HEALTH PROMOTION,Rajarata University of Sri Lanka,HAMBANTOTA,0.8046,value,5,25,0.8046
COP2122-153,,HEALTH PROMOTION,Rajarata University of Sri Lanka,JAFFNA,0.7000,value,5,25,0.7000
COP2122-153,,HEALTH PROMOTION,Rajarata University of Sri Lanka,KILINOCHCHI,0.3502,value,5,25,0.3502
COP2122-153,,HEALTH PROMOTION,Rajarata University of Sri Lanka,MANNAR,0.5353,value,5,25,0.5353
COP2122-153,,HEALTH PROMOTION,Rajarata University of Sri Lanka,MULLAITIVU,0.6388,value,5,25,0.6388
COP2122-153,,HEALTH PROMOTION,Rajarata University of Sri Lanka,VAVUNIYA,0.6507,value,5,25,0.6507
COP2122-153,,HEALTH PROMOTION,Rajarata University of Sri Lanka,TRINCOMALEE,0.8162,value,5,25,0.8162
COP2122-153,,HEALTH PROMOTION,Rajarata University of Sri Lanka,BATTICALOA,0.8064,value,5,25,0.8064
COP2122-153,,HEALTH PROMOTION,Rajarata University of Sri Lanka,AMPARA,0.7482,value,5,25,0.7482
COP2122-153,,HEALTH PROMOTION,Rajarata University of Sri Lanka,PUTTALAM,0.7403,value,5,25,0.7403
COP2122-153,,HEALTH PROMOTION,Rajarata University of Sri Lanka,KURUNEGALA,0.7994,value,5,25,0.7994
COP2122-153,,HEALTH PROMOTION,Rajarata University of Sri Lanka,ANURADHAPURA,0.6862,value,5,25,0.6862
COP2122-153,,HEALTH PROMOTION,Rajarata University of Sri Lanka,POLONNARUWA,0.5279,value,5,25,0.5279
COP2122-153,,HEALTH PROMOTION,Rajarata University of Sri Lanka,BADULLA,0.7966,value,5,25,0.7966
COP2122-153,,HEALTH PROMOTION,Rajarata University of Sri Lanka,MONARAGALA,0.7963,value,5,25,0.7963
COP2122-153,,HEALTH PROMOTION,Rajarata University of Sri Lanka,KEGALLE,0.7543,value,5,25,0.7543
COP2122-153,,HEALTH PROMOTION,Rajarata University of Sri Lanka,RATNAPURA,0.6609,value,5,25,0.6609
COP2122-154,,NURSING,University of Colombo,COLOMBO,1.1720,value,5,26,1.1720
COP2122-154,,NURSING,University of Colombo,GAMPAHA,1.1607,value,5,26,1.1607
COP2122-154,,NURSING,University of Colombo,KALUTARA,1.2519,value,5,26,1.2519
COP2122-154,,NURSING,University of Colombo,MATALE,1.5126,value,5,26,1.5126
COP2122-154,,NURSING,University of Colombo,KANDY,1.1684,value,5,26,1.1684
COP2122-154,,NURSING,University of Colombo,NUWARA ELIYA,,NQC,5,26,NQC
COP2122-154,,NURSING,University of Colombo,GALLE,1.1804,value,5,26,1.1804
COP2122-154,,NURSING,University of Colombo,MATARA,1.1679,value,5,26,1.1679
COP2122-154,,NURSING,University of Colombo,HAMBANTOTA,1.1769,value,5,26,1.1769
COP2122-154,,NURSING,University of Colombo,JAFFNA,1.1650,value,5,26,1.1650
COP2122-154,,NURSING,University of Colombo,KILINOCHCHI,,NQC,5,26,NQC
COP2122-154,,NURSING,University of Colombo,MANNAR,,NQC,5,26,NQC
COP2122-154,,NURSING,University of Colombo,MULLAITIVU,,NQC,5,26,NQC
COP2122-154,,NURSING,University of Colombo,VAVUNIYA,,NQC,5,26,NQC
COP2122-154,,NURSING,University of Colombo,TRINCOMALEE,1.2847,value,5,26,1.2847
COP2122-154,,NURSING,University of Colombo,BATTICALOA,1.2192,value,5,26,1.2192
COP2122-154,,NURSING,University of Colombo,AMPARA,1.1644,value,5,26,1.1644
COP2122-154,,NURSING,University of Colombo,PUTTALAM,1.1924,value,5,26,1.1924
COP2122-154,,NURSING,University of Colombo,KURUNEGALA,1.1664,value,5,26,1.1664
COP2122-154,,NURSING,University of Colombo,ANURADHAPURA,1.2107,value,5,26,1.2107
COP2122-154,,NURSING,University of Colombo,POLONNARUWA,,NQC,5,26,NQC
COP2122-154,,NURSING,University of Colombo,BADULLA,1.2086,value,5,26,1.2086
COP2122-154,,NURSING,University of Colombo,MONARAGALA,1.1919,value,5,26,1.1919
COP2122-154,,NURSING,University of Colombo,KEGALLE,1.1790,value,5,26,1.1790
COP2122-154,,NURSING,University of Colombo,RATNAPURA,1.1714,value,5,26,1.1714
COP2122-155,,NURSING,University of Peradeniya,COLOMBO,1.3979,value,5,27,1.3979
COP2122-155,,NURSING,University of Peradeniya,GAMPAHA,1.2069,value,5,27,1.2069
COP2122-155,,NURSING,University of Peradeniya,KALUTARA,1.3177,value,5,27,1.3177
COP2122-155,,NURSING,University of Peradeniya,MATALE,1.2758,value,5,27,1.2758
COP2122-155,,NURSING,University of Peradeniya,KANDY,1.1961,value,5,27,1.1961
COP2122-155,,NURSING,University of Peradeniya,NUWARA ELIYA,1.2830,value,5,27,1.2830
COP2122-155,,NURSING,University of Peradeniya,GALLE,1.2205,value,5,27,1.2205
COP2122-155,,NURSING,University of Peradeniya,MATARA,1.1975,value,5,27,1.1975
COP2122-155,,NURSING,University of Peradeniya,HAMBANTOTA,1.1984,value,5,27,1.1984
COP2122-155,,NURSING,University of Peradeniya,JAFFNA,1.2691,value,5,27,1.2691
COP2122-155,,NURSING,University of Peradeniya,KILINOCHCHI,,NQC,5,27,NQC
COP2122-155,,NURSING,University of Peradeniya,MANNAR,,NQC,5,27,NQC
COP2122-155,,NURSING,University of Peradeniya,MULLAITIVU,,NQC,5,27,NQC
COP2122-155,,NURSING,University of Peradeniya,VAVUNIYA,,NQC,5,27,NQC
COP2122-155,,NURSING,University of Peradeniya,TRINCOMALEE,1.2696,value,5,27,1.2696
COP2122-155,,NURSING,University of Peradeniya,BATTICALOA,1.2120,value,5,27,1.2120
COP2122-155,,NURSING,University of Peradeniya,AMPARA,1.1999,value,5,27,1.1999
COP2122-155,,NURSING,University of Peradeniya,PUTTALAM,,NQC,5,27,NQC
COP2122-155,,NURSING,University of Peradeniya,KURUNEGALA,1.3815,value,5,27,1.3815
COP2122-155,,NURSING,University of Peradeniya,ANURADHAPURA,1.2450,value,5,27,1.2450
COP2122-155,,NURSING,University of Peradeniya,POLONNARUWA,1.2432,value,5,27,1.2432
COP2122-155,,NURSING,University of Peradeniya,BADULLA,,NQC,5,27,NQC
COP2122-155,,NURSING,University of Peradeniya,MONARAGALA,1.2335,value,5,27,1.2335
COP2122-155,,NURSING,University of Peradeniya,KEGALLE,1.3024,value,5,27,1.3024
COP2122-155,,NURSING,University of Peradeniya,RATNAPURA,,NQC,5,27,NQC
COP2122-156,,NURSING,University of Sri Jayewardenepura,COLOMBO,1.0958,value,5,28,1.0958
COP2122-156,,NURSING,University of Sri Jayewardenepura,GAMPAHA,1.1202,value,5,28,1.1202
COP2122-156,,NURSING,University of Sri Jayewardenepura,KALUTARA,1.1361,value,5,28,1.1361
COP2122-156,,NURSING,University of Sri Jayewardenepura,MATALE,1.0996,value,5,28,1.0996
COP2122-156,,NURSING,University of Sri Jayewardenepura,KANDY,1.1266,value,5,28,1.1266
COP2122-156,,NURSING,University of Sri Jayewardenepura,NUWARA ELIYA,,NQC,5,28,NQC
COP2122-156,,NURSING,University of Sri Jayewardenepura,GALLE,1.1095,value,5,28,1.1095
COP2122-156,,NURSING,University of Sri Jayewardenepura,MATARA,1.0935,value,5,28,1.0935
COP2122-156,,NURSING,University of Sri Jayewardenepura,HAMBANTOTA,1.0974,value,5,28,1.0974
COP2122-156,,NURSING,University of Sri Jayewardenepura,JAFFNA,1.0935,value,5,28,1.0935
COP2122-156,,NURSING,University of Sri Jayewardenepura,KILINOCHCHI,,NQC,5,28,NQC
COP2122-156,,NURSING,University of Sri Jayewardenepura,MANNAR,,NQC,5,28,NQC
COP2122-156,,NURSING,University of Sri Jayewardenepura,MULLAITIVU,1.1173,value,5,28,1.1173
COP2122-156,,NURSING,University of Sri Jayewardenepura,VAVUNIYA,,NQC,5,28,NQC
COP2122-156,,NURSING,University of Sri Jayewardenepura,TRINCOMALEE,,NQC,5,28,NQC
COP2122-156,,NURSING,University of Sri Jayewardenepura,BATTICALOA,1.1187,value,5,28,1.1187
COP2122-156,,NURSING,University of Sri Jayewardenepura,AMPARA,,NQC,5,28,NQC
COP2122-156,,NURSING,University of Sri Jayewardenepura,PUTTALAM,,NQC,5,28,NQC
COP2122-156,,NURSING,University of Sri Jayewardenepura,KURUNEGALA,1.1070,value,5,28,1.1070
COP2122-156,,NURSING,University of Sri Jayewardenepura,ANURADHAPURA,1.1126,value,5,28,1.1126
COP2122-156,,NURSING,University of Sri Jayewardenepura,POLONNARUWA,1.0963,value,5,28,1.0963
COP2122-156,,NURSING,University of Sri Jayewardenepura,BADULLA,1.1605,value,5,28,1.1605
COP2122-156,,NURSING,University of Sri Jayewardenepura,MONARAGALA,1.0987,value,5,28,1.0987
COP2122-156,,NURSING,University of Sri Jayewardenepura,KEGALLE,1.1046,value,5,28,1.1046
COP2122-156,,NURSING,University of Sri Jayewardenepura,RATNAPURA,1.1189,value,5,28,1.1189
COP2122-157,,NURSING,University of Jaffna,COLOMBO,0.7920,value,5,29,0.7920
COP2122-157,,NURSING,University of Jaffna,GAMPAHA,0.8476,value,5,29,0.8476
COP2122-157,,NURSING,University of Jaffna,KALUTARA,1.0606,value,5,29,1.0606
COP2122-157,,NURSING,University of Jaffna,MATALE,1.0120,value,5,29,1.0120
COP2122-157,,NURSING,University of Jaffna,KANDY,0.7811,value,5,29,0.7811
COP2122-157,,NURSING,University of Jaffna,NUWARA ELIYA,0.8015,value,5,29,0.8015
COP2122-157,,NURSING,University of Jaffna,GALLE,,NQC,5,29,NQC
COP2122-157,,NURSING,University of Jaffna,MATARA,,NQC,5,29,NQC
COP2122-157,,NURSING,University of Jaffna,HAMBANTOTA,,NQC,5,29,NQC
COP2122-157,,NURSING,University of Jaffna,JAFFNA,0.8755,value,5,29,0.8755
COP2122-157,,NURSING,University of Jaffna,KILINOCHCHI,0.7994,value,5,29,0.7994
COP2122-157,,NURSING,University of Jaffna,MANNAR,,NQC,5,29,NQC
COP2122-157,,NURSING,University of Jaffna,MULLAITIVU,0.9648,value,5,29,0.9648
COP2122-157,,NURSING,University of Jaffna,VAVUNIYA,1.0199,value,5,29,1.0199
COP2122-157,,NURSING,University of Jaffna,TRINCOMALEE,0.8955,value,5,29,0.8955
COP2122-157,,NURSING,University of Jaffna,BATTICALOA,0.9169,value,5,29,0.9169
COP2122-157,,NURSING,University of Jaffna,AMPARA,0.8458,value,5,29,0.8458
COP2122-157,,NURSING,University of Jaffna,PUTTALAM,0.7894,value,5,29,0.7894
COP2122-157,,NURSING,University of Jaffna,KURUNEGALA,0.9288,value,5,29,0.9288
COP2122-157,,NURSING,University of Jaffna,ANURADHAPURA,0.8059,value,5,29,0.8059
COP2122-157,,NURSING,University of Jaffna,POLONNARUWA,0.9777,value,5,29,0.9777
COP2122-157,,NURSING,University of Jaffna,BADULLA,0.8446,value,5,29,0.8446
COP2122-157,,NURSING,University of Jaffna,MONARAGALA,,NQC,5,29,NQC
COP2122-157,,NURSING,University of Jaffna,KEGALLE,,NQC,5,29,NQC
COP2122-157,,NURSING,University of Jaffna,RATNAPURA,0.9253,value,5,29,0.9253
COP2122-158,,NURSING,University of Ruhuna,COLOMBO,0.8600,value,5,30,0.8600
COP2122-158,,NURSING,University of Ruhuna,GAMPAHA,0.8733,value,5,30,0.8733
COP2122-158,,NURSING,University of Ruhuna,KALUTARA,0.9305,value,5,30,0.9305
COP2122-158,,NURSING,University of Ruhuna,MATALE,0.9843,value,5,30,0.9843
COP2122-158,,NURSING,University of Ruhuna,KANDY,0.8608,value,5,30,0.8608
COP2122-158,,NURSING,University of Ruhuna,NUWARA ELIYA,0.8594,value,5,30,0.8594
COP2122-158,,NURSING,University of Ruhuna,GALLE,0.9459,value,5,30,0.9459
COP2122-158,,NURSING,University of Ruhuna,MATARA,0.9557,value,5,30,0.9557
COP2122-158,,NURSING,University of Ruhuna,HAMBANTOTA,1.0077,value,5,30,1.0077
COP2122-158,,NURSING,University of Ruhuna,JAFFNA,,NQC,5,30,NQC
COP2122-158,,NURSING,University of Ruhuna,KILINOCHCHI,,NQC,5,30,NQC
COP2122-158,,NURSING,University of Ruhuna,MANNAR,1.0327,value,5,30,1.0327
COP2122-158,,NURSING,University of Ruhuna,MULLAITIVU,,NQC,5,30,NQC
COP2122-158,,NURSING,University of Ruhuna,VAVUNIYA,1.0047,value,5,30,1.0047
COP2122-158,,NURSING,University of Ruhuna,TRINCOMALEE,0.9442,value,5,30,0.9442
COP2122-158,,NURSING,University of Ruhuna,BATTICALOA,0.9138,value,5,30,0.9138
COP2122-158,,NURSING,University of Ruhuna,AMPARA,0.8812,value,5,30,0.8812
COP2122-158,,NURSING,University of Ruhuna,PUTTALAM,0.8875,value,5,30,0.8875
COP2122-158,,NURSING,University of Ruhuna,KURUNEGALA,0.8936,value,5,30,0.8936
COP2122-158,,NURSING,University of Ruhuna,ANURADHAPURA,0.8849,value,5,30,0.8849
COP2122-158,,NURSING,University of Ruhuna,POLONNARUWA,0.9829,value,5,30,0.9829
COP2122-158,,NURSING,University of Ruhuna,BADULLA,0.8596,value,5,30,0.8596
COP2122-158,,NURSING,University of Ruhuna,MONARAGALA,0.9976,value,5,30,0.9976
COP2122-158,,NURSING,University of Ruhuna,KEGALLE,0.9595,value,5,30,0.9595
COP2122-158,,NURSING,University of Ruhuna,RATNAPURA,0.9008,value,5,30,0.9008
COP2122-159,,NURSING,"Eastern University, Sri Lanka",COLOMBO,0.8115,value,5,31,0.8115
COP2122-159,,NURSING,"Eastern University, Sri Lanka",GAMPAHA,0.5708,value,5,31,0.5708
COP2122-159,,NURSING,"Eastern University, Sri Lanka",KALUTARA,,NQC,5,31,NQC
COP2122-159,,NURSING,"Eastern University, Sri Lanka",MATALE,0.6819,value,5,31,0.6819
COP2122-159,,NURSING,"Eastern University, Sri Lanka",KANDY,0.7465,value,5,31,0.7465
COP2122-159,,NURSING,"Eastern University, Sri Lanka",NUWARA ELIYA,0.6710,value,5,31,0.6710
COP2122-159,,NURSING,"Eastern University, Sri Lanka",GALLE,1.1530,value,5,31,1.1530
COP2122-159,,NURSING,"Eastern University, Sri Lanka",MATARA,,NQC,5,31,NQC
COP2122-159,,NURSING,"Eastern University, Sri Lanka",HAMBANTOTA,,NQC,5,31,NQC
COP2122-159,,NURSING,"Eastern University, Sri Lanka",JAFFNA,,NQC,5,31,NQC
COP2122-159,,NURSING,"Eastern University, Sri Lanka",KILINOCHCHI,,NQC,5,31,NQC
COP2122-159,,NURSING,"Eastern University, Sri Lanka",MANNAR,0.7543,value,5,31,0.7543
COP2122-159,,NURSING,"Eastern University, Sri Lanka",MULLAITIVU,,NQC,5,31,NQC
COP2122-159,,NURSING,"Eastern University, Sri Lanka",VAVUNIYA,,NQC,5,31,NQC
COP2122-159,,NURSING,"Eastern University, Sri Lanka",TRINCOMALEE,,NQC,5,31,NQC
COP2122-159,,NURSING,"Eastern University, Sri Lanka",BATTICALOA,0.9279,value,5,31,0.9279
COP2122-159,,NURSING,"Eastern University, Sri Lanka",AMPARA,0.8844,value,5,31,0.8844
COP2122-159,,NURSING,"Eastern University, Sri Lanka",PUTTALAM,0.6644,value,5,31,0.6644
COP2122-159,,NURSING,"Eastern University, Sri Lanka",KURUNEGALA,,NQC,5,31,NQC
COP2122-159,,NURSING,"Eastern University, Sri Lanka",ANURADHAPURA,0.7923,value,5,31,0.7923
COP2122-159,,NURSING,"Eastern University, Sri Lanka",POLONNARUWA,,NQC,5,31,NQC
COP2122-159,,NURSING,"Eastern University, Sri Lanka",BADULLA,,NQC,5,31,NQC
COP2122-159,,NURSING,"Eastern University, Sri Lanka",MONARAGALA,,NQC,5,31,NQC
COP2122-159,,NURSING,"Eastern University, Sri Lanka",KEGALLE,,NQC,5,31,NQC
COP2122-159,,NURSING,"Eastern University, Sri Lanka",RATNAPURA,,NQC,5,31,NQC
COP2122-160,,PHARMACY,University of Peradeniya,COLOMBO,1.6460,value,6,1,1.6460
COP2122-160,,PHARMACY,University of Peradeniya,GAMPAHA,,NQC,6,1,NQC
COP2122-160,,PHARMACY,University of Peradeniya,KALUTARA,1.6379,value,6,1,1.6379
COP2122-160,,PHARMACY,University of Peradeniya,MATALE,1.6217,value,6,1,1.6217
COP2122-160,,PHARMACY,University of Peradeniya,KANDY,1.6399,value,6,1,1.6399
COP2122-160,,PHARMACY,University of Peradeniya,NUWARA ELIYA,,NQC,6,1,NQC
COP2122-160,,PHARMACY,University of Peradeniya,GALLE,,NQC,6,1,NQC
COP2122-160,,PHARMACY,University of Peradeniya,MATARA,1.6292,value,6,1,1.6292
COP2122-160,,PHARMACY,University of Peradeniya,HAMBANTOTA,1.6463,value,6,1,1.6463
COP2122-160,,PHARMACY,University of Peradeniya,JAFFNA,1.6216,value,6,1,1.6216
COP2122-160,,PHARMACY,University of Peradeniya,KILINOCHCHI,,NQC,6,1,NQC
COP2122-160,,PHARMACY,University of Peradeniya,MANNAR,,NQC,6,1,NQC
COP2122-160,,PHARMACY,University of Peradeniya,MULLAITIVU,,NQC,6,1,NQC
COP2122-160,,PHARMACY,University of Peradeniya,VAVUNIYA,,NQC,6,1,NQC
COP2122-160,,PHARMACY,University of Peradeniya,TRINCOMALEE,1.6483,value,6,1,1.6483
COP2122-160,,PHARMACY,University of Peradeniya,BATTICALOA,1.6260,value,6,1,1.6260
COP2122-160,,PHARMACY,University of Peradeniya,AMPARA,1.6491,value,6,1,1.6491
COP2122-160,,PHARMACY,University of Peradeniya,PUTTALAM,,NQC,6,1,NQC
COP2122-160,,PHARMACY,University of Peradeniya,KURUNEGALA,1.6129,value,6,1,1.6129
COP2122-160,,PHARMACY,University of Peradeniya,ANURADHAPURA,,NQC,6,1,NQC
COP2122-160,,PHARMACY,University of Peradeniya,POLONNARUWA,,NQC,6,1,NQC
COP2122-160,,PHARMACY,University of Peradeniya,BADULLA,,NQC,6,1,NQC
COP2122-160,,PHARMACY,University of Peradeniya,MONARAGALA,,NQC,6,1,NQC
COP2122-160,,PHARMACY,University of Peradeniya,KEGALLE,1.6441,value,6,1,1.6441
COP2122-160,,PHARMACY,University of Peradeniya,RATNAPURA,1.6421,value,6,1,1.6421
COP2122-161,,PHARMACY,University of Sri Jayewardenepura,COLOMBO,1.5471,value,6,2,1.5471
COP2122-161,,PHARMACY,University of Sri Jayewardenepura,GAMPAHA,1.5482,value,6,2,1.5482
COP2122-161,,PHARMACY,University of Sri Jayewardenepura,KALUTARA,1.5493,value,6,2,1.5493
COP2122-161,,PHARMACY,University of Sri Jayewardenepura,MATALE,,NQC,6,2,NQC
COP2122-161,,PHARMACY,University of Sri Jayewardenepura,KANDY,1.5888,value,6,2,1.5888
COP2122-161,,PHARMACY,University of Sri Jayewardenepura,NUWARA ELIYA,,NQC,6,2,NQC
COP2122-161,,PHARMACY,University of Sri Jayewardenepura,GALLE,1.5502,value,6,2,1.5502
COP2122-161,,PHARMACY,University of Sri Jayewardenepura,MATARA,1.5521,value,6,2,1.5521
COP2122-161,,PHARMACY,University of Sri Jayewardenepura,HAMBANTOTA,1.5590,value,6,2,1.5590
COP2122-161,,PHARMACY,University of Sri Jayewardenepura,JAFFNA,1.5538,value,6,2,1.5538
COP2122-161,,PHARMACY,University of Sri Jayewardenepura,KILINOCHCHI,,NQC,6,2,NQC
COP2122-161,,PHARMACY,University of Sri Jayewardenepura,MANNAR,,NQC,6,2,NQC
COP2122-161,,PHARMACY,University of Sri Jayewardenepura,MULLAITIVU,,NQC,6,2,NQC
COP2122-161,,PHARMACY,University of Sri Jayewardenepura,VAVUNIYA,1.5551,value,6,2,1.5551
COP2122-161,,PHARMACY,University of Sri Jayewardenepura,TRINCOMALEE,1.5508,value,6,2,1.5508
COP2122-161,,PHARMACY,University of Sri Jayewardenepura,BATTICALOA,1.5493,value,6,2,1.5493
COP2122-161,,PHARMACY,University of Sri Jayewardenepura,AMPARA,1.5477,value,6,2,1.5477
COP2122-161,,PHARMACY,University of Sri Jayewardenepura,PUTTALAM,,NQC,6,2,NQC
COP2122-161,,PHARMACY,University of Sri Jayewardenepura,KURUNEGALA,1.5534,value,6,2,1.5534
COP2122-161,,PHARMACY,University of Sri Jayewardenepura,ANURADHAPURA,,NQC,6,2,NQC
COP2122-161,,PHARMACY,University of Sri Jayewardenepura,POLONNARUWA,,NQC,6,2,NQC
COP2122-161,,PHARMACY,University of Sri Jayewardenepura,BADULLA,,NQC,6,2,NQC
COP2122-161,,PHARMACY,University of Sri Jayewardenepura,MONARAGALA,,NQC,6,2,NQC
COP2122-161,,PHARMACY,University of Sri Jayewardenepura,KEGALLE,1.5530,value,6,2,1.5530
COP2122-161,,PHARMACY,University of Sri Jayewardenepura,RATNAPURA,1.5512,value,6,2,1.5512
COP2122-162,,PHARMACY,University of Jaffna,COLOMBO,1.2103,value,6,3,1.2103
COP2122-162,,PHARMACY,University of Jaffna,GAMPAHA,1.2068,value,6,3,1.2068
COP2122-162,,PHARMACY,University of Jaffna,KALUTARA,1.4193,value,6,3,1.4193
COP2122-162,,PHARMACY,University of Jaffna,MATALE,1.2417,value,6,3,1.2417
COP2122-162,,PHARMACY,University of Jaffna,KANDY,1.2591,value,6,3,1.2591
COP2122-162,,PHARMACY,University of Jaffna,NUWARA ELIYA,1.1110,value,6,3,1.1110
COP2122-162,,PHARMACY,University of Jaffna,GALLE,,NQC,6,3,NQC
COP2122-162,,PHARMACY,University of Jaffna,MATARA,,NQC,6,3,NQC
COP2122-162,,PHARMACY,University of Jaffna,HAMBANTOTA,,NQC,6,3,NQC
COP2122-162,,PHARMACY,University of Jaffna,JAFFNA,1.5290,value,6,3,1.5290
COP2122-162,,PHARMACY,University of Jaffna,KILINOCHCHI,1.4121,value,6,3,1.4121
COP2122-162,,PHARMACY,University of Jaffna,MANNAR,1.2944,value,6,3,1.2944
COP2122-162,,PHARMACY,University of Jaffna,MULLAITIVU,1.3329,value,6,3,1.3329
COP2122-162,,PHARMACY,University of Jaffna,VAVUNIYA,1.4873,value,6,3,1.4873
COP2122-162,,PHARMACY,University of Jaffna,TRINCOMALEE,1.5323,value,6,3,1.5323
COP2122-162,,PHARMACY,University of Jaffna,BATTICALOA,1.5175,value,6,3,1.5175
COP2122-162,,PHARMACY,University of Jaffna,AMPARA,1.5249,value,6,3,1.5249
COP2122-162,,PHARMACY,University of Jaffna,PUTTALAM,1.4840,value,6,3,1.4840
COP2122-162,,PHARMACY,University of Jaffna,KURUNEGALA,1.4763,value,6,3,1.4763
COP2122-162,,PHARMACY,University of Jaffna,ANURADHAPURA,1.1664,value,6,3,1.1664
COP2122-162,,PHARMACY,University of Jaffna,POLONNARUWA,1.1416,value,6,3,1.1416
COP2122-162,,PHARMACY,University of Jaffna,BADULLA,1.3758,value,6,3,1.3758
COP2122-162,,PHARMACY,University of Jaffna,MONARAGALA,1.2632,value,6,3,1.2632
COP2122-162,,PHARMACY,University of Jaffna,KEGALLE,1.5122,value,6,3,1.5122
COP2122-162,,PHARMACY,University of Jaffna,RATNAPURA,,NQC,6,3,NQC
COP2122-163,,PHARMACY,University of Ruhuna,COLOMBO,1.4244,value,6,4,1.4244
COP2122-163,,PHARMACY,University of Ruhuna,GAMPAHA,1.4146,value,6,4,1.4146
COP2122-163,,PHARMACY,University of Ruhuna,KALUTARA,1.4823,value,6,4,1.4823
COP2122-163,,PHARMACY,University of Ruhuna,MATALE,,NQC,6,4,NQC
COP2122-163,,PHARMACY,University of Ruhuna,KANDY,1.4286,value,6,4,1.4286
COP2122-163,,PHARMACY,University of Ruhuna,NUWARA ELIYA,,NQC,6,4,NQC
COP2122-163,,PHARMACY,University of Ruhuna,GALLE,1.5217,value,6,4,1.5217
COP2122-163,,PHARMACY,University of Ruhuna,MATARA,1.4894,value,6,4,1.4894
COP2122-163,,PHARMACY,University of Ruhuna,HAMBANTOTA,1.4819,value,6,4,1.4819
COP2122-163,,PHARMACY,University of Ruhuna,JAFFNA,,NQC,6,4,NQC
COP2122-163,,PHARMACY,University of Ruhuna,KILINOCHCHI,,NQC,6,4,NQC
COP2122-163,,PHARMACY,University of Ruhuna,MANNAR,,NQC,6,4,NQC
COP2122-163,,PHARMACY,University of Ruhuna,MULLAITIVU,,NQC,6,4,NQC
COP2122-163,,PHARMACY,University of Ruhuna,VAVUNIYA,,NQC,6,4,NQC
COP2122-163,,PHARMACY,University of Ruhuna,TRINCOMALEE,,NQC,6,4,NQC
COP2122-163,,PHARMACY,University of Ruhuna,BATTICALOA,,NQC,6,4,NQC
COP2122-163,,PHARMACY,University of Ruhuna,AMPARA,1.5361,value,6,4,1.5361
COP2122-163,,PHARMACY,University of Ruhuna,PUTTALAM,1.4124,value,6,4,1.4124
COP2122-163,,PHARMACY,University of Ruhuna,KURUNEGALA,1.4490,value,6,4,1.4490
COP2122-163,,PHARMACY,University of Ruhuna,ANURADHAPURA,1.4502,value,6,4,1.4502
COP2122-163,,PHARMACY,University of Ruhuna,POLONNARUWA,,NQC,6,4,NQC
COP2122-163,,PHARMACY,University of Ruhuna,BADULLA,1.4275,value,6,4,1.4275
COP2122-163,,PHARMACY,University of Ruhuna,MONARAGALA,,NQC,6,4,NQC
COP2122-163,,PHARMACY,University of Ruhuna,KEGALLE,1.4715,value,6,4,1.4715
COP2122-163,,PHARMACY,University of Ruhuna,RATNAPURA,1.4238,value,6,4,1.4238
COP2122-164,,MEDICAL LABORATORY SCIENCES,University of Peradeniya,COLOMBO,1.7730,value,6,5,1.7730
COP2122-164,,MEDICAL LABORATORY SCIENCES,University of Peradeniya,GAMPAHA,,NQC,6,5,NQC
COP2122-164,,MEDICAL LABORATORY SCIENCES,University of Peradeniya,KALUTARA,,NQC,6,5,NQC
COP2122-164,,MEDICAL LABORATORY SCIENCES,University of Peradeniya,MATALE,,NQC,6,5,NQC
COP2122-164,,MEDICAL LABORATORY SCIENCES,University of Peradeniya,KANDY,1.7443,value,6,5,1.7443
COP2122-164,,MEDICAL LABORATORY SCIENCES,University of Peradeniya,NUWARA ELIYA,,NQC,6,5,NQC
COP2122-164,,MEDICAL LABORATORY SCIENCES,University of Peradeniya,GALLE,1.7546,value,6,5,1.7546
COP2122-164,,MEDICAL LABORATORY SCIENCES,University of Peradeniya,MATARA,1.7528,value,6,5,1.7528
COP2122-164,,MEDICAL LABORATORY SCIENCES,University of Peradeniya,HAMBANTOTA,1.7600,value,6,5,1.7600
COP2122-164,,MEDICAL LABORATORY SCIENCES,University of Peradeniya,JAFFNA,1.7464,value,6,5,1.7464
COP2122-164,,MEDICAL LABORATORY SCIENCES,University of Peradeniya,KILINOCHCHI,,NQC,6,5,NQC
COP2122-164,,MEDICAL LABORATORY SCIENCES,University of Peradeniya,MANNAR,,NQC,6,5,NQC
COP2122-164,,MEDICAL LABORATORY SCIENCES,University of Peradeniya,MULLAITIVU,,NQC,6,5,NQC
COP2122-164,,MEDICAL LABORATORY SCIENCES,University of Peradeniya,VAVUNIYA,,NQC,6,5,NQC
COP2122-164,,MEDICAL LABORATORY SCIENCES,University of Peradeniya,TRINCOMALEE,,NQC,6,5,NQC
COP2122-164,,MEDICAL LABORATORY SCIENCES,University of Peradeniya,BATTICALOA,1.7506,value,6,5,1.7506
COP2122-164,,MEDICAL LABORATORY SCIENCES,University of Peradeniya,AMPARA,1.7580,value,6,5,1.7580
COP2122-164,,MEDICAL LABORATORY SCIENCES,University of Peradeniya,PUTTALAM,,NQC,6,5,NQC
COP2122-164,,MEDICAL LABORATORY SCIENCES,University of Peradeniya,KURUNEGALA,1.7683,value,6,5,1.7683
COP2122-164,,MEDICAL LABORATORY SCIENCES,University of Peradeniya,ANURADHAPURA,,NQC,6,5,NQC
COP2122-164,,MEDICAL LABORATORY SCIENCES,University of Peradeniya,POLONNARUWA,,NQC,6,5,NQC
COP2122-164,,MEDICAL LABORATORY SCIENCES,University of Peradeniya,BADULLA,,NQC,6,5,NQC
COP2122-164,,MEDICAL LABORATORY SCIENCES,University of Peradeniya,MONARAGALA,,NQC,6,5,NQC
COP2122-164,,MEDICAL LABORATORY SCIENCES,University of Peradeniya,KEGALLE,,NQC,6,5,NQC
COP2122-164,,MEDICAL LABORATORY SCIENCES,University of Peradeniya,RATNAPURA,,NQC,6,5,NQC
COP2122-165,,MEDICAL LABORATORY SCIENCES,University of Sri Jayewardenepura,COLOMBO,1.7025,value,6,6,1.7025
COP2122-165,,MEDICAL LABORATORY SCIENCES,University of Sri Jayewardenepura,GAMPAHA,,NQC,6,6,NQC
COP2122-165,,MEDICAL LABORATORY SCIENCES,University of Sri Jayewardenepura,KALUTARA,1.7350,value,6,6,1.7350
COP2122-165,,MEDICAL LABORATORY SCIENCES,University of Sri Jayewardenepura,MATALE,1.7033,value,6,6,1.7033
COP2122-165,,MEDICAL LABORATORY SCIENCES,University of Sri Jayewardenepura,KANDY,1.7012,value,6,6,1.7012
COP2122-165,,MEDICAL LABORATORY SCIENCES,University of Sri Jayewardenepura,NUWARA ELIYA,,NQC,6,6,NQC
COP2122-165,,MEDICAL LABORATORY SCIENCES,University of Sri Jayewardenepura,GALLE,1.7002,value,6,6,1.7002
COP2122-165,,MEDICAL LABORATORY SCIENCES,University of Sri Jayewardenepura,MATARA,1.7101,value,6,6,1.7101
COP2122-165,,MEDICAL LABORATORY SCIENCES,University of Sri Jayewardenepura,HAMBANTOTA,1.7031,value,6,6,1.7031
COP2122-165,,MEDICAL LABORATORY SCIENCES,University of Sri Jayewardenepura,JAFFNA,1.7039,value,6,6,1.7039
COP2122-165,,MEDICAL LABORATORY SCIENCES,University of Sri Jayewardenepura,KILINOCHCHI,,NQC,6,6,NQC
COP2122-165,,MEDICAL LABORATORY SCIENCES,University of Sri Jayewardenepura,MANNAR,,NQC,6,6,NQC
COP2122-165,,MEDICAL LABORATORY SCIENCES,University of Sri Jayewardenepura,MULLAITIVU,,NQC,6,6,NQC
COP2122-165,,MEDICAL LABORATORY SCIENCES,University of Sri Jayewardenepura,VAVUNIYA,,NQC,6,6,NQC
COP2122-165,,MEDICAL LABORATORY SCIENCES,University of Sri Jayewardenepura,TRINCOMALEE,,NQC,6,6,NQC
COP2122-165,,MEDICAL LABORATORY SCIENCES,University of Sri Jayewardenepura,BATTICALOA,1.7077,value,6,6,1.7077
COP2122-165,,MEDICAL LABORATORY SCIENCES,University of Sri Jayewardenepura,AMPARA,1.7115,value,6,6,1.7115
COP2122-165,,MEDICAL LABORATORY SCIENCES,University of Sri Jayewardenepura,PUTTALAM,,NQC,6,6,NQC
COP2122-165,,MEDICAL LABORATORY SCIENCES,University of Sri Jayewardenepura,KURUNEGALA,1.7112,value,6,6,1.7112
COP2122-165,,MEDICAL LABORATORY SCIENCES,University of Sri Jayewardenepura,ANURADHAPURA,,NQC,6,6,NQC
COP2122-165,,MEDICAL LABORATORY SCIENCES,University of Sri Jayewardenepura,POLONNARUWA,,NQC,6,6,NQC
COP2122-165,,MEDICAL LABORATORY SCIENCES,University of Sri Jayewardenepura,BADULLA,,NQC,6,6,NQC
COP2122-165,,MEDICAL LABORATORY SCIENCES,University of Sri Jayewardenepura,MONARAGALA,,NQC,6,6,NQC
COP2122-165,,MEDICAL LABORATORY SCIENCES,University of Sri Jayewardenepura,KEGALLE,1.7134,value,6,6,1.7134
COP2122-165,,MEDICAL LABORATORY SCIENCES,University of Sri Jayewardenepura,RATNAPURA,1.7046,value,6,6,1.7046
COP2122-166,,MEDICAL LABORATORY SCIENCES,University of Jaffna,COLOMBO,1.4910,value,6,7,1.4910
COP2122-166,,MEDICAL LABORATORY SCIENCES,University of Jaffna,GAMPAHA,1.3858,value,6,7,1.3858
COP2122-166,,MEDICAL LABORATORY SCIENCES,University of Jaffna,KALUTARA,,NQC,6,7,NQC
COP2122-166,,MEDICAL LABORATORY SCIENCES,University of Jaffna,MATALE,1.6434,value,6,7,1.6434
COP2122-166,,MEDICAL LABORATORY SCIENCES,University of Jaffna,KANDY,1.4908,value,6,7,1.4908
COP2122-166,,MEDICAL LABORATORY SCIENCES,University of Jaffna,NUWARA ELIYA,1.2272,value,6,7,1.2272
COP2122-166,,MEDICAL LABORATORY SCIENCES,University of Jaffna,GALLE,,NQC,6,7,NQC
COP2122-166,,MEDICAL LABORATORY SCIENCES,University of Jaffna,MATARA,1.6634,value,6,7,1.6634
COP2122-166,,MEDICAL LABORATORY SCIENCES,University of Jaffna,HAMBANTOTA,,NQC,6,7,NQC
COP2122-166,,MEDICAL LABORATORY SCIENCES,University of Jaffna,JAFFNA,1.6748,value,6,7,1.6748
COP2122-166,,MEDICAL LABORATORY SCIENCES,University of Jaffna,KILINOCHCHI,1.4108,value,6,7,1.4108
COP2122-166,,MEDICAL LABORATORY SCIENCES,University of Jaffna,MANNAR,1.6125,value,6,7,1.6125
COP2122-166,,MEDICAL LABORATORY SCIENCES,University of Jaffna,MULLAITIVU,1.5112,value,6,7,1.5112
COP2122-166,,MEDICAL LABORATORY SCIENCES,University of Jaffna,VAVUNIYA,1.5661,value,6,7,1.5661
COP2122-166,,MEDICAL LABORATORY SCIENCES,University of Jaffna,TRINCOMALEE,1.5769,value,6,7,1.5769
COP2122-166,,MEDICAL LABORATORY SCIENCES,University of Jaffna,BATTICALOA,1.6369,value,6,7,1.6369
COP2122-166,,MEDICAL LABORATORY SCIENCES,University of Jaffna,AMPARA,,NQC,6,7,NQC
COP2122-166,,MEDICAL LABORATORY SCIENCES,University of Jaffna,PUTTALAM,1.5360,value,6,7,1.5360
COP2122-166,,MEDICAL LABORATORY SCIENCES,University of Jaffna,KURUNEGALA,,NQC,6,7,NQC
COP2122-166,,MEDICAL LABORATORY SCIENCES,University of Jaffna,ANURADHAPURA,1.2804,value,6,7,1.2804
COP2122-166,,MEDICAL LABORATORY SCIENCES,University of Jaffna,POLONNARUWA,1.2559,value,6,7,1.2559
COP2122-166,,MEDICAL LABORATORY SCIENCES,University of Jaffna,BADULLA,1.4660,value,6,7,1.4660
COP2122-166,,MEDICAL LABORATORY SCIENCES,University of Jaffna,MONARAGALA,1.3221,value,6,7,1.3221
COP2122-166,,MEDICAL LABORATORY SCIENCES,University of Jaffna,KEGALLE,1.6131,value,6,7,1.6131
COP2122-166,,MEDICAL LABORATORY SCIENCES,University of Jaffna,RATNAPURA,1.6292,value,6,7,1.6292
COP2122-167,,MEDICAL LABORATORY SCIENCES,University of Ruhuna,COLOMBO,1.6012,value,6,8,1.6012
COP2122-167,,MEDICAL LABORATORY SCIENCES,University of Ruhuna,GAMPAHA,1.6700,value,6,8,1.6700
COP2122-167,,MEDICAL LABORATORY SCIENCES,University of Ruhuna,KALUTARA,1.6244,value,6,8,1.6244
COP2122-167,,MEDICAL LABORATORY SCIENCES,University of Ruhuna,MATALE,1.6129,value,6,8,1.6129
COP2122-167,,MEDICAL LABORATORY SCIENCES,University of Ruhuna,KANDY,1.6772,value,6,8,1.6772
COP2122-167,,MEDICAL LABORATORY SCIENCES,University of Ruhuna,NUWARA ELIYA,,NQC,6,8,NQC
COP2122-167,,MEDICAL LABORATORY SCIENCES,University of Ruhuna,GALLE,1.6570,value,6,8,1.6570
COP2122-167,,MEDICAL LABORATORY SCIENCES,University of Ruhuna,MATARA,1.6869,value,6,8,1.6869
COP2122-167,,MEDICAL LABORATORY SCIENCES,University of Ruhuna,HAMBANTOTA,1.6455,value,6,8,1.6455
COP2122-167,,MEDICAL LABORATORY SCIENCES,University of Ruhuna,JAFFNA,,NQC,6,8,NQC
COP2122-167,,MEDICAL LABORATORY SCIENCES,University of Ruhuna,KILINOCHCHI,,NQC,6,8,NQC
COP2122-167,,MEDICAL LABORATORY SCIENCES,University of Ruhuna,MANNAR,,NQC,6,8,NQC
COP2122-167,,MEDICAL LABORATORY SCIENCES,University of Ruhuna,MULLAITIVU,,NQC,6,8,NQC
COP2122-167,,MEDICAL LABORATORY SCIENCES,University of Ruhuna,VAVUNIYA,,NQC,6,8,NQC
COP2122-167,,MEDICAL LABORATORY SCIENCES,University of Ruhuna,TRINCOMALEE,,NQC,6,8,NQC
COP2122-167,,MEDICAL LABORATORY SCIENCES,University of Ruhuna,BATTICALOA,,NQC,6,8,NQC
COP2122-167,,MEDICAL LABORATORY SCIENCES,University of Ruhuna,AMPARA,1.6624,value,6,8,1.6624
COP2122-167,,MEDICAL LABORATORY SCIENCES,University of Ruhuna,PUTTALAM,1.6593,value,6,8,1.6593
COP2122-167,,MEDICAL LABORATORY SCIENCES,University of Ruhuna,KURUNEGALA,1.6535,value,6,8,1.6535
COP2122-167,,MEDICAL LABORATORY SCIENCES,University of Ruhuna,ANURADHAPURA,,NQC,6,8,NQC
COP2122-167,,MEDICAL LABORATORY SCIENCES,University of Ruhuna,POLONNARUWA,,NQC,6,8,NQC
COP2122-167,,MEDICAL LABORATORY SCIENCES,University of Ruhuna,BADULLA,1.5991,value,6,8,1.5991
COP2122-167,,MEDICAL LABORATORY SCIENCES,University of Ruhuna,MONARAGALA,,NQC,6,8,NQC
COP2122-167,,MEDICAL LABORATORY SCIENCES,University of Ruhuna,KEGALLE,1.6081,value,6,8,1.6081
COP2122-167,,MEDICAL LABORATORY SCIENCES,University of Ruhuna,RATNAPURA,1.6070,value,6,8,1.6070
COP2122-168,,RADIOGRAPHY,University of Peradeniya,COLOMBO,1.4579,value,6,9,1.4579
COP2122-168,,RADIOGRAPHY,University of Peradeniya,GAMPAHA,1.5236,value,6,9,1.5236
COP2122-168,,RADIOGRAPHY,University of Peradeniya,KALUTARA,1.5567,value,6,9,1.5567
COP2122-168,,RADIOGRAPHY,University of Peradeniya,MATALE,1.4765,value,6,9,1.4765
COP2122-168,,RADIOGRAPHY,University of Peradeniya,KANDY,1.5210,value,6,9,1.5210
COP2122-168,,RADIOGRAPHY,University of Peradeniya,NUWARA ELIYA,1.3470,value,6,9,1.3470
COP2122-168,,RADIOGRAPHY,University of Peradeniya,GALLE,1.5096,value,6,9,1.5096
COP2122-168,,RADIOGRAPHY,University of Peradeniya,MATARA,1.5889,value,6,9,1.5889
COP2122-168,,RADIOGRAPHY,University of Peradeniya,HAMBANTOTA,1.4995,value,6,9,1.4995
COP2122-168,,RADIOGRAPHY,University of Peradeniya,JAFFNA,1.5890,value,6,9,1.5890
COP2122-168,,RADIOGRAPHY,University of Peradeniya,KILINOCHCHI,1.3528,value,6,9,1.3528
COP2122-168,,RADIOGRAPHY,University of Peradeniya,MANNAR,1.5054,value,6,9,1.5054
COP2122-168,,RADIOGRAPHY,University of Peradeniya,MULLAITIVU,1.5117,value,6,9,1.5117
COP2122-168,,RADIOGRAPHY,University of Peradeniya,VAVUNIYA,1.5475,value,6,9,1.5475
COP2122-168,,RADIOGRAPHY,University of Peradeniya,TRINCOMALEE,1.6093,value,6,9,1.6093
COP2122-168,,RADIOGRAPHY,University of Peradeniya,BATTICALOA,1.5760,value,6,9,1.5760
COP2122-168,,RADIOGRAPHY,University of Peradeniya,AMPARA,1.6011,value,6,9,1.6011
COP2122-168,,RADIOGRAPHY,University of Peradeniya,PUTTALAM,1.5003,value,6,9,1.5003
COP2122-168,,RADIOGRAPHY,University of Peradeniya,KURUNEGALA,1.5859,value,6,9,1.5859
COP2122-168,,RADIOGRAPHY,University of Peradeniya,ANURADHAPURA,1.4065,value,6,9,1.4065
COP2122-168,,RADIOGRAPHY,University of Peradeniya,POLONNARUWA,1.3514,value,6,9,1.3514
COP2122-168,,RADIOGRAPHY,University of Peradeniya,BADULLA,1.4817,value,6,9,1.4817
COP2122-168,,RADIOGRAPHY,University of Peradeniya,MONARAGALA,1.2695,value,6,9,1.2695
COP2122-168,,RADIOGRAPHY,University of Peradeniya,KEGALLE,1.6034,value,6,9,1.6034
COP2122-168,,RADIOGRAPHY,University of Peradeniya,RATNAPURA,1.5644,value,6,9,1.5644
COP2122-169,,PHYSIOTHERAPY,University of Colombo,COLOMBO,1.7173,value,6,10,1.7173
COP2122-169,,PHYSIOTHERAPY,University of Colombo,GAMPAHA,,NQC,6,10,NQC
COP2122-169,,PHYSIOTHERAPY,University of Colombo,KALUTARA,1.7356,value,6,10,1.7356
COP2122-169,,PHYSIOTHERAPY,University of Colombo,MATALE,1.7341,value,6,10,1.7341
COP2122-169,,PHYSIOTHERAPY,University of Colombo,KANDY,1.7010,value,6,10,1.7010
COP2122-169,,PHYSIOTHERAPY,University of Colombo,NUWARA ELIYA,,NQC,6,10,NQC
COP2122-169,,PHYSIOTHERAPY,University of Colombo,GALLE,1.7300,value,6,10,1.7300
COP2122-169,,PHYSIOTHERAPY,University of Colombo,MATARA,1.7164,value,6,10,1.7164
COP2122-169,,PHYSIOTHERAPY,University of Colombo,HAMBANTOTA,1.7363,value,6,10,1.7363
COP2122-169,,PHYSIOTHERAPY,University of Colombo,JAFFNA,1.7271,value,6,10,1.7271
COP2122-169,,PHYSIOTHERAPY,University of Colombo,KILINOCHCHI,,NQC,6,10,NQC
COP2122-169,,PHYSIOTHERAPY,University of Colombo,MANNAR,1.6932,value,6,10,1.6932
COP2122-169,,PHYSIOTHERAPY,University of Colombo,MULLAITIVU,,NQC,6,10,NQC
COP2122-169,,PHYSIOTHERAPY,University of Colombo,VAVUNIYA,,NQC,6,10,NQC
COP2122-169,,PHYSIOTHERAPY,University of Colombo,TRINCOMALEE,,NQC,6,10,NQC
COP2122-169,,PHYSIOTHERAPY,University of Colombo,BATTICALOA,,NQC,6,10,NQC
COP2122-169,,PHYSIOTHERAPY,University of Colombo,AMPARA,1.7690,value,6,10,1.7690
COP2122-169,,PHYSIOTHERAPY,University of Colombo,PUTTALAM,,NQC,6,10,NQC
COP2122-169,,PHYSIOTHERAPY,University of Colombo,KURUNEGALA,1.7238,value,6,10,1.7238
COP2122-169,,PHYSIOTHERAPY,University of Colombo,ANURADHAPURA,,NQC,6,10,NQC
COP2122-169,,PHYSIOTHERAPY,University of Colombo,POLONNARUWA,,NQC,6,10,NQC
COP2122-169,,PHYSIOTHERAPY,University of Colombo,BADULLA,,NQC,6,10,NQC
COP2122-169,,PHYSIOTHERAPY,University of Colombo,MONARAGALA,,NQC,6,10,NQC
COP2122-169,,PHYSIOTHERAPY,University of Colombo,KEGALLE,1.7340,value,6,10,1.7340
COP2122-169,,PHYSIOTHERAPY,University of Colombo,RATNAPURA,1.7109,value,6,10,1.7109
COP2122-170,,PHYSIOTHERAPY,University of Peradeniya,COLOMBO,,NQC,6,11,NQC
COP2122-170,,PHYSIOTHERAPY,University of Peradeniya,GAMPAHA,1.5924,value,6,11,1.5924
COP2122-170,,PHYSIOTHERAPY,University of Peradeniya,KALUTARA,1.7365,value,6,11,1.7365
COP2122-170,,PHYSIOTHERAPY,University of Peradeniya,MATALE,,NQC,6,11,NQC
COP2122-170,,PHYSIOTHERAPY,University of Peradeniya,KANDY,1.6766,value,6,11,1.6766
COP2122-170,,PHYSIOTHERAPY,University of Peradeniya,NUWARA ELIYA,1.3486,value,6,11,1.3486
COP2122-170,,PHYSIOTHERAPY,University of Peradeniya,GALLE,1.7300,value,6,11,1.7300
COP2122-170,,PHYSIOTHERAPY,University of Peradeniya,MATARA,1.7566,value,6,11,1.7566
COP2122-170,,PHYSIOTHERAPY,University of Peradeniya,HAMBANTOTA,,NQC,6,11,NQC
COP2122-170,,PHYSIOTHERAPY,University of Peradeniya,JAFFNA,1.6269,value,6,11,1.6269
COP2122-170,,PHYSIOTHERAPY,University of Peradeniya,KILINOCHCHI,1.4155,value,6,11,1.4155
COP2122-170,,PHYSIOTHERAPY,University of Peradeniya,MANNAR,,NQC,6,11,NQC
COP2122-170,,PHYSIOTHERAPY,University of Peradeniya,MULLAITIVU,1.5146,value,6,11,1.5146
COP2122-170,,PHYSIOTHERAPY,University of Peradeniya,VAVUNIYA,1.5219,value,6,11,1.5219
COP2122-170,,PHYSIOTHERAPY,University of Peradeniya,TRINCOMALEE,1.6458,value,6,11,1.6458
COP2122-170,,PHYSIOTHERAPY,University of Peradeniya,BATTICALOA,1.7213,value,6,11,1.7213
COP2122-170,,PHYSIOTHERAPY,University of Peradeniya,AMPARA,1.6898,value,6,11,1.6898
COP2122-170,,PHYSIOTHERAPY,University of Peradeniya,PUTTALAM,1.6107,value,6,11,1.6107
COP2122-170,,PHYSIOTHERAPY,University of Peradeniya,KURUNEGALA,1.7204,value,6,11,1.7204
COP2122-170,,PHYSIOTHERAPY,University of Peradeniya,ANURADHAPURA,1.4623,value,6,11,1.4623
COP2122-170,,PHYSIOTHERAPY,University of Peradeniya,POLONNARUWA,1.3552,value,6,11,1.3552
COP2122-170,,PHYSIOTHERAPY,University of Peradeniya,BADULLA,1.5365,value,6,11,1.5365
COP2122-170,,PHYSIOTHERAPY,University of Peradeniya,MONARAGALA,1.3403,value,6,11,1.3403
COP2122-170,,PHYSIOTHERAPY,University of Peradeniya,KEGALLE,1.7588,value,6,11,1.7588
COP2122-170,,PHYSIOTHERAPY,University of Peradeniya,RATNAPURA,,NQC,6,11,NQC
COP2122-171,,OCCUPATIONAL THERAPY,University of Kelaniya,COLOMBO,1.3397,value,6,12,1.3397
COP2122-171,,OCCUPATIONAL THERAPY,University of Kelaniya,GAMPAHA,1.2532,value,6,12,1.2532
COP2122-171,,OCCUPATIONAL THERAPY,University of Kelaniya,KALUTARA,1.3954,value,6,12,1.3954
COP2122-171,,OCCUPATIONAL THERAPY,University of Kelaniya,MATALE,1.1685,value,6,12,1.1685
COP2122-171,,OCCUPATIONAL THERAPY,University of Kelaniya,KANDY,1.2955,value,6,12,1.2955
COP2122-171,,OCCUPATIONAL THERAPY,University of Kelaniya,NUWARA ELIYA,1.2072,value,6,12,1.2072
COP2122-171,,OCCUPATIONAL THERAPY,University of Kelaniya,GALLE,1.4139,value,6,12,1.4139
COP2122-171,,OCCUPATIONAL THERAPY,University of Kelaniya,MATARA,1.4349,value,6,12,1.4349
COP2122-171,,OCCUPATIONAL THERAPY,University of Kelaniya,HAMBANTOTA,1.4833,value,6,12,1.4833
COP2122-171,,OCCUPATIONAL THERAPY,University of Kelaniya,JAFFNA,1.4636,value,6,12,1.4636
COP2122-171,,OCCUPATIONAL THERAPY,University of Kelaniya,KILINOCHCHI,0.9665,value,6,12,0.9665
COP2122-171,,OCCUPATIONAL THERAPY,University of Kelaniya,MANNAR,0.7549,value,6,12,0.7549
COP2122-171,,OCCUPATIONAL THERAPY,University of Kelaniya,MULLAITIVU,1.2491,value,6,12,1.2491
COP2122-171,,OCCUPATIONAL THERAPY,University of Kelaniya,VAVUNIYA,1.4585,value,6,12,1.4585
COP2122-171,,OCCUPATIONAL THERAPY,University of Kelaniya,TRINCOMALEE,1.4054,value,6,12,1.4054
COP2122-171,,OCCUPATIONAL THERAPY,University of Kelaniya,BATTICALOA,1.3979,value,6,12,1.3979
COP2122-171,,OCCUPATIONAL THERAPY,University of Kelaniya,AMPARA,1.4657,value,6,12,1.4657
COP2122-171,,OCCUPATIONAL THERAPY,University of Kelaniya,PUTTALAM,1.4829,value,6,12,1.4829
COP2122-171,,OCCUPATIONAL THERAPY,University of Kelaniya,KURUNEGALA,1.4411,value,6,12,1.4411
COP2122-171,,OCCUPATIONAL THERAPY,University of Kelaniya,ANURADHAPURA,1.2061,value,6,12,1.2061
COP2122-171,,OCCUPATIONAL THERAPY,University of Kelaniya,POLONNARUWA,1.3021,value,6,12,1.3021
COP2122-171,,OCCUPATIONAL THERAPY,University of Kelaniya,BADULLA,1.3060,value,6,12,1.3060
COP2122-171,,OCCUPATIONAL THERAPY,University of Kelaniya,MONARAGALA,1.2864,value,6,12,1.2864
COP2122-171,,OCCUPATIONAL THERAPY,University of Kelaniya,KEGALLE,1.4655,value,6,12,1.4655
COP2122-171,,OCCUPATIONAL THERAPY,University of Kelaniya,RATNAPURA,1.3903,value,6,12,1.3903
COP2122-172,,OPTOMETRY,University of Sri Jayewardenepura,COLOMBO,1.3509,value,6,13,1.3509
COP2122-172,,OPTOMETRY,University of Sri Jayewardenepura,GAMPAHA,1.2712,value,6,13,1.2712
COP2122-172,,OPTOMETRY,University of Sri Jayewardenepura,KALUTARA,1.3911,value,6,13,1.3911
COP2122-172,,OPTOMETRY,University of Sri Jayewardenepura,MATALE,1.3946,value,6,13,1.3946
COP2122-172,,OPTOMETRY,University of Sri Jayewardenepura,KANDY,1.4609,value,6,13,1.4609
COP2122-172,,OPTOMETRY,University of Sri Jayewardenepura,NUWARA ELIYA,1.2226,value,6,13,1.2226
COP2122-172,,OPTOMETRY,University of Sri Jayewardenepura,GALLE,1.4447,value,6,13,1.4447
COP2122-172,,OPTOMETRY,University of Sri Jayewardenepura,MATARA,1.4795,value,6,13,1.4795
COP2122-172,,OPTOMETRY,University of Sri Jayewardenepura,HAMBANTOTA,1.4698,value,6,13,1.4698
COP2122-172,,OPTOMETRY,University of Sri Jayewardenepura,JAFFNA,1.5297,value,6,13,1.5297
COP2122-172,,OPTOMETRY,University of Sri Jayewardenepura,KILINOCHCHI,1.1532,value,6,13,1.1532
COP2122-172,,OPTOMETRY,University of Sri Jayewardenepura,MANNAR,1.2601,value,6,13,1.2601
COP2122-172,,OPTOMETRY,University of Sri Jayewardenepura,MULLAITIVU,1.2984,value,6,13,1.2984
COP2122-172,,OPTOMETRY,University of Sri Jayewardenepura,VAVUNIYA,1.4844,value,6,13,1.4844
COP2122-172,,OPTOMETRY,University of Sri Jayewardenepura,TRINCOMALEE,1.5064,value,6,13,1.5064
COP2122-172,,OPTOMETRY,University of Sri Jayewardenepura,BATTICALOA,1.5131,value,6,13,1.5131
COP2122-172,,OPTOMETRY,University of Sri Jayewardenepura,AMPARA,1.5268,value,6,13,1.5268
COP2122-172,,OPTOMETRY,University of Sri Jayewardenepura,PUTTALAM,1.4773,value,6,13,1.4773
COP2122-172,,OPTOMETRY,University of Sri Jayewardenepura,KURUNEGALA,1.5391,value,6,13,1.5391
COP2122-172,,OPTOMETRY,University of Sri Jayewardenepura,ANURADHAPURA,1.2216,value,6,13,1.2216
COP2122-172,,OPTOMETRY,University of Sri Jayewardenepura,POLONNARUWA,1.3370,value,6,13,1.3370
COP2122-172,,OPTOMETRY,University of Sri Jayewardenepura,BADULLA,1.2552,value,6,13,1.2552
COP2122-172,,OPTOMETRY,University of Sri Jayewardenepura,MONARAGALA,1.1971,value,6,13,1.1971
COP2122-172,,OPTOMETRY,University of Sri Jayewardenepura,KEGALLE,1.4710,value,6,13,1.4710
COP2122-172,,OPTOMETRY,University of Sri Jayewardenepura,RATNAPURA,1.4590,value,6,13,1.4590
COP2122-173,,ENVIRONMENTAL CONSERVATION & MANAGEMENT,University of Kelaniya,COLOMBO,0.9279,value,6,14,0.9279
COP2122-173,,ENVIRONMENTAL CONSERVATION & MANAGEMENT,University of Kelaniya,GAMPAHA,0.9230,value,6,14,0.9230
COP2122-173,,ENVIRONMENTAL CONSERVATION & MANAGEMENT,University of Kelaniya,KALUTARA,0.9585,value,6,14,0.9585
COP2122-173,,ENVIRONMENTAL CONSERVATION & MANAGEMENT,University of Kelaniya,MATALE,0.8739,value,6,14,0.8739
COP2122-173,,ENVIRONMENTAL CONSERVATION & MANAGEMENT,University of Kelaniya,KANDY,1.0192,value,6,14,1.0192
COP2122-173,,ENVIRONMENTAL CONSERVATION & MANAGEMENT,University of Kelaniya,NUWARA ELIYA,0.7865,value,6,14,0.7865
COP2122-173,,ENVIRONMENTAL CONSERVATION & MANAGEMENT,University of Kelaniya,GALLE,1.0090,value,6,14,1.0090
COP2122-173,,ENVIRONMENTAL CONSERVATION & MANAGEMENT,University of Kelaniya,MATARA,1.0070,value,6,14,1.0070
COP2122-173,,ENVIRONMENTAL CONSERVATION & MANAGEMENT,University of Kelaniya,HAMBANTOTA,1.0119,value,6,14,1.0119
COP2122-173,,ENVIRONMENTAL CONSERVATION & MANAGEMENT,University of Kelaniya,JAFFNA,0.7808,value,6,14,0.7808
COP2122-173,,ENVIRONMENTAL CONSERVATION & MANAGEMENT,University of Kelaniya,KILINOCHCHI,0.3420,value,6,14,0.3420
COP2122-173,,ENVIRONMENTAL CONSERVATION & MANAGEMENT,University of Kelaniya,MANNAR,0.2004,value,6,14,0.2004
COP2122-173,,ENVIRONMENTAL CONSERVATION & MANAGEMENT,University of Kelaniya,MULLAITIVU,0.5077,value,6,14,0.5077
COP2122-173,,ENVIRONMENTAL CONSERVATION & MANAGEMENT,University of Kelaniya,VAVUNIYA,0.8864,value,6,14,0.8864
COP2122-173,,ENVIRONMENTAL CONSERVATION & MANAGEMENT,University of Kelaniya,TRINCOMALEE,0.8416,value,6,14,0.8416
COP2122-173,,ENVIRONMENTAL CONSERVATION & MANAGEMENT,University of Kelaniya,BATTICALOA,0.7867,value,6,14,0.7867
COP2122-173,,ENVIRONMENTAL CONSERVATION & MANAGEMENT,University of Kelaniya,AMPARA,0.9773,value,6,14,0.9773
COP2122-173,,ENVIRONMENTAL CONSERVATION & MANAGEMENT,University of Kelaniya,PUTTALAM,0.8233,value,6,14,0.8233
COP2122-173,,ENVIRONMENTAL CONSERVATION & MANAGEMENT,University of Kelaniya,KURUNEGALA,0.8249,value,6,14,0.8249
COP2122-173,,ENVIRONMENTAL CONSERVATION & MANAGEMENT,University of Kelaniya,ANURADHAPURA,0.8812,value,6,14,0.8812
COP2122-173,,ENVIRONMENTAL CONSERVATION & MANAGEMENT,University of Kelaniya,POLONNARUWA,0.8673,value,6,14,0.8673
COP2122-173,,ENVIRONMENTAL CONSERVATION & MANAGEMENT,University of Kelaniya,BADULLA,0.9582,value,6,14,0.9582
COP2122-173,,ENVIRONMENTAL CONSERVATION & MANAGEMENT,University of Kelaniya,MONARAGALA,0.8827,value,6,14,0.8827
COP2122-173,,ENVIRONMENTAL CONSERVATION & MANAGEMENT,University of Kelaniya,KEGALLE,1.0420,value,6,14,1.0420
COP2122-173,,ENVIRONMENTAL CONSERVATION & MANAGEMENT,University of Kelaniya,RATNAPURA,0.9225,value,6,14,0.9225
COP2122-174,,APPLIED CHEMISTRY,University of Kelaniya,COLOMBO,1.5064,value,6,15,1.5064
COP2122-174,,APPLIED CHEMISTRY,University of Kelaniya,GAMPAHA,1.4276,value,6,15,1.4276
COP2122-174,,APPLIED CHEMISTRY,University of Kelaniya,KALUTARA,1.4185,value,6,15,1.4185
COP2122-174,,APPLIED CHEMISTRY,University of Kelaniya,MATALE,1.4405,value,6,15,1.4405
COP2122-174,,APPLIED CHEMISTRY,University of Kelaniya,KANDY,1.3420,value,6,15,1.3420
COP2122-174,,APPLIED CHEMISTRY,University of Kelaniya,NUWARA ELIYA,1.2076,value,6,15,1.2076
COP2122-174,,APPLIED CHEMISTRY,University of Kelaniya,GALLE,1.4468,value,6,15,1.4468
COP2122-174,,APPLIED CHEMISTRY,University of Kelaniya,MATARA,1.4906,value,6,15,1.4906
COP2122-174,,APPLIED CHEMISTRY,University of Kelaniya,HAMBANTOTA,1.4497,value,6,15,1.4497
COP2122-174,,APPLIED CHEMISTRY,University of Kelaniya,JAFFNA,1.4693,value,6,15,1.4693
COP2122-174,,APPLIED CHEMISTRY,University of Kelaniya,KILINOCHCHI,0.9324,value,6,15,0.9324
COP2122-174,,APPLIED CHEMISTRY,University of Kelaniya,MANNAR,0.6821,value,6,15,0.6821
COP2122-174,,APPLIED CHEMISTRY,University of Kelaniya,MULLAITIVU,1.1218,value,6,15,1.1218
COP2122-174,,APPLIED CHEMISTRY,University of Kelaniya,VAVUNIYA,0.6839,value,6,15,0.6839
COP2122-174,,APPLIED CHEMISTRY,University of Kelaniya,TRINCOMALEE,1.0704,value,6,15,1.0704
COP2122-174,,APPLIED CHEMISTRY,University of Kelaniya,BATTICALOA,1.4753,value,6,15,1.4753
COP2122-174,,APPLIED CHEMISTRY,University of Kelaniya,AMPARA,1.4575,value,6,15,1.4575
COP2122-174,,APPLIED CHEMISTRY,University of Kelaniya,PUTTALAM,1.4065,value,6,15,1.4065
COP2122-174,,APPLIED CHEMISTRY,University of Kelaniya,KURUNEGALA,1.3440,value,6,15,1.3440
COP2122-174,,APPLIED CHEMISTRY,University of Kelaniya,ANURADHAPURA,1.2726,value,6,15,1.2726
COP2122-174,,APPLIED CHEMISTRY,University of Kelaniya,POLONNARUWA,1.1745,value,6,15,1.1745
COP2122-174,,APPLIED CHEMISTRY,University of Kelaniya,BADULLA,1.3433,value,6,15,1.3433
COP2122-174,,APPLIED CHEMISTRY,University of Kelaniya,MONARAGALA,1.2342,value,6,15,1.2342
COP2122-174,,APPLIED CHEMISTRY,University of Kelaniya,KEGALLE,1.4509,value,6,15,1.4509
COP2122-174,,APPLIED CHEMISTRY,University of Kelaniya,RATNAPURA,1.3441,value,6,15,1.3441
COP2122-175,,ELECTRONICS AND COMPUTER SCIENCE,University of Kelaniya,COLOMBO,1.4632,value,6,16,1.4632
COP2122-175,,ELECTRONICS AND COMPUTER SCIENCE,University of Kelaniya,GAMPAHA,1.4477,value,6,16,1.4477
COP2122-175,,ELECTRONICS AND COMPUTER SCIENCE,University of Kelaniya,KALUTARA,1.4922,value,6,16,1.4922
COP2122-175,,ELECTRONICS AND COMPUTER SCIENCE,University of Kelaniya,MATALE,1.3620,value,6,16,1.3620
COP2122-175,,ELECTRONICS AND COMPUTER SCIENCE,University of Kelaniya,KANDY,1.4421,value,6,16,1.4421
COP2122-175,,ELECTRONICS AND COMPUTER SCIENCE,University of Kelaniya,NUWARA ELIYA,1.2702,value,6,16,1.2702
COP2122-175,,ELECTRONICS AND COMPUTER SCIENCE,University of Kelaniya,GALLE,1.4933,value,6,16,1.4933
COP2122-175,,ELECTRONICS AND COMPUTER SCIENCE,University of Kelaniya,MATARA,1.5086,value,6,16,1.5086
COP2122-175,,ELECTRONICS AND COMPUTER SCIENCE,University of Kelaniya,HAMBANTOTA,1.4529,value,6,16,1.4529
COP2122-175,,ELECTRONICS AND COMPUTER SCIENCE,University of Kelaniya,JAFFNA,1.5161,value,6,16,1.5161
COP2122-175,,ELECTRONICS AND COMPUTER SCIENCE,University of Kelaniya,KILINOCHCHI,1.0716,value,6,16,1.0716
COP2122-175,,ELECTRONICS AND COMPUTER SCIENCE,University of Kelaniya,MANNAR,0.9937,value,6,16,0.9937
COP2122-175,,ELECTRONICS AND COMPUTER SCIENCE,University of Kelaniya,MULLAITIVU,0.8142,value,6,16,0.8142
COP2122-175,,ELECTRONICS AND COMPUTER SCIENCE,University of Kelaniya,VAVUNIYA,1.2762,value,6,16,1.2762
COP2122-175,,ELECTRONICS AND COMPUTER SCIENCE,University of Kelaniya,TRINCOMALEE,1.2552,value,6,16,1.2552
COP2122-175,,ELECTRONICS AND COMPUTER SCIENCE,University of Kelaniya,BATTICALOA,1.3991,value,6,16,1.3991
COP2122-175,,ELECTRONICS AND COMPUTER SCIENCE,University of Kelaniya,AMPARA,1.3709,value,6,16,1.3709
COP2122-175,,ELECTRONICS AND COMPUTER SCIENCE,University of Kelaniya,PUTTALAM,1.3127,value,6,16,1.3127
COP2122-175,,ELECTRONICS AND COMPUTER SCIENCE,University of Kelaniya,KURUNEGALA,1.4368,value,6,16,1.4368
COP2122-175,,ELECTRONICS AND COMPUTER SCIENCE,University of Kelaniya,ANURADHAPURA,1.2166,value,6,16,1.2166
COP2122-175,,ELECTRONICS AND COMPUTER SCIENCE,University of Kelaniya,POLONNARUWA,1.0713,value,6,16,1.0713
COP2122-175,,ELECTRONICS AND COMPUTER SCIENCE,University of Kelaniya,BADULLA,1.4471,value,6,16,1.4471
COP2122-175,,ELECTRONICS AND COMPUTER SCIENCE,University of Kelaniya,MONARAGALA,1.1128,value,6,16,1.1128
COP2122-175,,ELECTRONICS AND COMPUTER SCIENCE,University of Kelaniya,KEGALLE,1.4899,value,6,16,1.4899
COP2122-175,,ELECTRONICS AND COMPUTER SCIENCE,University of Kelaniya,RATNAPURA,1.3871,value,6,16,1.3871
COP2122-176,,ACCOUNTING INFORMATION SYSTEMS,University of Kelaniya,COLOMBO,1.5903,value,6,17,1.5903
COP2122-176,,ACCOUNTING INFORMATION SYSTEMS,University of Kelaniya,GAMPAHA,1.6147,value,6,17,1.6147
COP2122-176,,ACCOUNTING INFORMATION SYSTEMS,University of Kelaniya,KALUTARA,1.6163,value,6,17,1.6163
COP2122-176,,ACCOUNTING INFORMATION SYSTEMS,University of Kelaniya,MATALE,1.4708,value,6,17,1.4708
COP2122-176,,ACCOUNTING INFORMATION SYSTEMS,University of Kelaniya,KANDY,1.4245,value,6,17,1.4245
COP2122-176,,ACCOUNTING INFORMATION SYSTEMS,University of Kelaniya,NUWARA ELIYA,1.1100,value,6,17,1.1100
COP2122-176,,ACCOUNTING INFORMATION SYSTEMS,University of Kelaniya,GALLE,1.6413,value,6,17,1.6413
COP2122-176,,ACCOUNTING INFORMATION SYSTEMS,University of Kelaniya,MATARA,1.6538,value,6,17,1.6538
COP2122-176,,ACCOUNTING INFORMATION SYSTEMS,University of Kelaniya,HAMBANTOTA,1.4038,value,6,17,1.4038
COP2122-176,,ACCOUNTING INFORMATION SYSTEMS,University of Kelaniya,JAFFNA,1.6255,value,6,17,1.6255
COP2122-176,,ACCOUNTING INFORMATION SYSTEMS,University of Kelaniya,KILINOCHCHI,0.0579,value,6,17,0.0579
COP2122-176,,ACCOUNTING INFORMATION SYSTEMS,University of Kelaniya,MANNAR,0.6791,value,6,17,0.6791
COP2122-176,,ACCOUNTING INFORMATION SYSTEMS,University of Kelaniya,MULLAITIVU,,NQC,6,17,NQC
COP2122-176,,ACCOUNTING INFORMATION SYSTEMS,University of Kelaniya,VAVUNIYA,0.9706,value,6,17,0.9706
COP2122-176,,ACCOUNTING INFORMATION SYSTEMS,University of Kelaniya,TRINCOMALEE,1.3875,value,6,17,1.3875
COP2122-176,,ACCOUNTING INFORMATION SYSTEMS,University of Kelaniya,BATTICALOA,1.4652,value,6,17,1.4652
COP2122-176,,ACCOUNTING INFORMATION SYSTEMS,University of Kelaniya,AMPARA,1.2180,value,6,17,1.2180
COP2122-176,,ACCOUNTING INFORMATION SYSTEMS,University of Kelaniya,PUTTALAM,1.4117,value,6,17,1.4117
COP2122-176,,ACCOUNTING INFORMATION SYSTEMS,University of Kelaniya,KURUNEGALA,1.3900,value,6,17,1.3900
COP2122-176,,ACCOUNTING INFORMATION SYSTEMS,University of Kelaniya,ANURADHAPURA,1.5604,value,6,17,1.5604
COP2122-176,,ACCOUNTING INFORMATION SYSTEMS,University of Kelaniya,POLONNARUWA,1.3705,value,6,17,1.3705
COP2122-176,,ACCOUNTING INFORMATION SYSTEMS,University of Kelaniya,BADULLA,1.6490,value,6,17,1.6490
COP2122-176,,ACCOUNTING INFORMATION SYSTEMS,University of Kelaniya,MONARAGALA,1.6088,value,6,17,1.6088
COP2122-176,,ACCOUNTING INFORMATION SYSTEMS,University of Kelaniya,KEGALLE,1.4589,value,6,17,1.4589
COP2122-176,,ACCOUNTING INFORMATION SYSTEMS,University of Kelaniya,RATNAPURA,1.6334,value,6,17,1.6334
COP2122-177,,FISHERIES & MARINE SCIENCES,University of Ruhuna,COLOMBO,0.7541,value,6,18,0.7541
COP2122-177,,FISHERIES & MARINE SCIENCES,University of Ruhuna,GAMPAHA,0.6059,value,6,18,0.6059
COP2122-177,,FISHERIES & MARINE SCIENCES,University of Ruhuna,KALUTARA,0.8168,value,6,18,0.8168
COP2122-177,,FISHERIES & MARINE SCIENCES,University of Ruhuna,MATALE,0.6266,value,6,18,0.6266
COP2122-177,,FISHERIES & MARINE SCIENCES,University of Ruhuna,KANDY,0.7992,value,6,18,0.7992
COP2122-177,,FISHERIES & MARINE SCIENCES,University of Ruhuna,NUWARA ELIYA,0.6292,value,6,18,0.6292
COP2122-177,,FISHERIES & MARINE SCIENCES,University of Ruhuna,GALLE,0.7761,value,6,18,0.7761
COP2122-177,,FISHERIES & MARINE SCIENCES,University of Ruhuna,MATARA,0.8267,value,6,18,0.8267
COP2122-177,,FISHERIES & MARINE SCIENCES,University of Ruhuna,HAMBANTOTA,0.7900,value,6,18,0.7900
COP2122-177,,FISHERIES & MARINE SCIENCES,University of Ruhuna,JAFFNA,0.6713,value,6,18,0.6713
COP2122-177,,FISHERIES & MARINE SCIENCES,University of Ruhuna,KILINOCHCHI,0.7727,value,6,18,0.7727
COP2122-177,,FISHERIES & MARINE SCIENCES,University of Ruhuna,MANNAR,0.3764,value,6,18,0.3764
COP2122-177,,FISHERIES & MARINE SCIENCES,University of Ruhuna,MULLAITIVU,0.3665,value,6,18,0.3665
COP2122-177,,FISHERIES & MARINE SCIENCES,University of Ruhuna,VAVUNIYA,0.3939,value,6,18,0.3939
COP2122-177,,FISHERIES & MARINE SCIENCES,University of Ruhuna,TRINCOMALEE,0.6039,value,6,18,0.6039
COP2122-177,,FISHERIES & MARINE SCIENCES,University of Ruhuna,BATTICALOA,0.5639,value,6,18,0.5639
COP2122-177,,FISHERIES & MARINE SCIENCES,University of Ruhuna,AMPARA,0.6574,value,6,18,0.6574
COP2122-177,,FISHERIES & MARINE SCIENCES,University of Ruhuna,PUTTALAM,0.6126,value,6,18,0.6126
COP2122-177,,FISHERIES & MARINE SCIENCES,University of Ruhuna,KURUNEGALA,0.7305,value,6,18,0.7305
COP2122-177,,FISHERIES & MARINE SCIENCES,University of Ruhuna,ANURADHAPURA,0.6602,value,6,18,0.6602
COP2122-177,,FISHERIES & MARINE SCIENCES,University of Ruhuna,POLONNARUWA,0.4789,value,6,18,0.4789
COP2122-177,,FISHERIES & MARINE SCIENCES,University of Ruhuna,BADULLA,0.8016,value,6,18,0.8016
COP2122-177,,FISHERIES & MARINE SCIENCES,University of Ruhuna,MONARAGALA,0.7072,value,6,18,0.7072
COP2122-177,,FISHERIES & MARINE SCIENCES,University of Ruhuna,KEGALLE,0.7525,value,6,18,0.7525
COP2122-177,,FISHERIES & MARINE SCIENCES,University of Ruhuna,RATNAPURA,0.7761,value,6,18,0.7761
COP2122-178,,MARINE AND FRESHWATER SCIENCES,University of Ruhuna,COLOMBO,0.8828,value,6,19,0.8828
COP2122-178,,MARINE AND FRESHWATER SCIENCES,University of Ruhuna,GAMPAHA,0.8656,value,6,19,0.8656
COP2122-178,,MARINE AND FRESHWATER SCIENCES,University of Ruhuna,KALUTARA,0.8960,value,6,19,0.8960
COP2122-178,,MARINE AND FRESHWATER SCIENCES,University of Ruhuna,MATALE,0.7577,value,6,19,0.7577
COP2122-178,,MARINE AND FRESHWATER SCIENCES,University of Ruhuna,KANDY,0.8884,value,6,19,0.8884
COP2122-178,,MARINE AND FRESHWATER SCIENCES,University of Ruhuna,NUWARA ELIYA,0.6972,value,6,19,0.6972
COP2122-178,,MARINE AND FRESHWATER SCIENCES,University of Ruhuna,GALLE,0.9190,value,6,19,0.9190
COP2122-178,,MARINE AND FRESHWATER SCIENCES,University of Ruhuna,MATARA,0.9321,value,6,19,0.9321
COP2122-178,,MARINE AND FRESHWATER SCIENCES,University of Ruhuna,HAMBANTOTA,0.9365,value,6,19,0.9365
COP2122-178,,MARINE AND FRESHWATER SCIENCES,University of Ruhuna,JAFFNA,0.8052,value,6,19,0.8052
COP2122-178,,MARINE AND FRESHWATER SCIENCES,University of Ruhuna,KILINOCHCHI,0.2363,value,6,19,0.2363
COP2122-178,,MARINE AND FRESHWATER SCIENCES,University of Ruhuna,MANNAR,0.4836,value,6,19,0.4836
COP2122-178,,MARINE AND FRESHWATER SCIENCES,University of Ruhuna,MULLAITIVU,0.3560,value,6,19,0.3560
COP2122-178,,MARINE AND FRESHWATER SCIENCES,University of Ruhuna,VAVUNIYA,0.5040,value,6,19,0.5040
COP2122-178,,MARINE AND FRESHWATER SCIENCES,University of Ruhuna,TRINCOMALEE,0.8123,value,6,19,0.8123
COP2122-178,,MARINE AND FRESHWATER SCIENCES,University of Ruhuna,BATTICALOA,0.9012,value,6,19,0.9012
COP2122-178,,MARINE AND FRESHWATER SCIENCES,University of Ruhuna,AMPARA,0.8628,value,6,19,0.8628
COP2122-178,,MARINE AND FRESHWATER SCIENCES,University of Ruhuna,PUTTALAM,0.7234,value,6,19,0.7234
COP2122-178,,MARINE AND FRESHWATER SCIENCES,University of Ruhuna,KURUNEGALA,0.8986,value,6,19,0.8986
COP2122-178,,MARINE AND FRESHWATER SCIENCES,University of Ruhuna,ANURADHAPURA,0.8262,value,6,19,0.8262
COP2122-178,,MARINE AND FRESHWATER SCIENCES,University of Ruhuna,POLONNARUWA,0.7692,value,6,19,0.7692
COP2122-178,,MARINE AND FRESHWATER SCIENCES,University of Ruhuna,BADULLA,0.8558,value,6,19,0.8558
COP2122-178,,MARINE AND FRESHWATER SCIENCES,University of Ruhuna,MONARAGALA,0.7966,value,6,19,0.7966
COP2122-178,,MARINE AND FRESHWATER SCIENCES,University of Ruhuna,KEGALLE,0.8887,value,6,19,0.8887
COP2122-178,,MARINE AND FRESHWATER SCIENCES,University of Ruhuna,RATNAPURA,0.9229,value,6,19,0.9229
COP2122-179,,ANIMAL SCIENCE & FISHERIES,University of Peradeniya,COLOMBO,0.9927,value,6,20,0.9927
COP2122-179,,ANIMAL SCIENCE & FISHERIES,University of Peradeniya,GAMPAHA,1.0639,value,6,20,1.0639
COP2122-179,,ANIMAL SCIENCE & FISHERIES,University of Peradeniya,KALUTARA,1.0550,value,6,20,1.0550
COP2122-179,,ANIMAL SCIENCE & FISHERIES,University of Peradeniya,MATALE,1.0780,value,6,20,1.0780
COP2122-179,,ANIMAL SCIENCE & FISHERIES,University of Peradeniya,KANDY,1.1401,value,6,20,1.1401
COP2122-179,,ANIMAL SCIENCE & FISHERIES,University of Peradeniya,NUWARA ELIYA,1.0359,value,6,20,1.0359
COP2122-179,,ANIMAL SCIENCE & FISHERIES,University of Peradeniya,GALLE,1.0457,value,6,20,1.0457
COP2122-179,,ANIMAL SCIENCE & FISHERIES,University of Peradeniya,MATARA,1.0803,value,6,20,1.0803
COP2122-179,,ANIMAL SCIENCE & FISHERIES,University of Peradeniya,HAMBANTOTA,1.1308,value,6,20,1.1308
COP2122-179,,ANIMAL SCIENCE & FISHERIES,University of Peradeniya,JAFFNA,1.0821,value,6,20,1.0821
COP2122-179,,ANIMAL SCIENCE & FISHERIES,University of Peradeniya,KILINOCHCHI,1.0004,value,6,20,1.0004
COP2122-179,,ANIMAL SCIENCE & FISHERIES,University of Peradeniya,MANNAR,0.3875,value,6,20,0.3875
COP2122-179,,ANIMAL SCIENCE & FISHERIES,University of Peradeniya,MULLAITIVU,0.5245,value,6,20,0.5245
COP2122-179,,ANIMAL SCIENCE & FISHERIES,University of Peradeniya,VAVUNIYA,0.7650,value,6,20,0.7650
COP2122-179,,ANIMAL SCIENCE & FISHERIES,University of Peradeniya,TRINCOMALEE,1.0275,value,6,20,1.0275
COP2122-179,,ANIMAL SCIENCE & FISHERIES,University of Peradeniya,BATTICALOA,0.9958,value,6,20,0.9958
COP2122-179,,ANIMAL SCIENCE & FISHERIES,University of Peradeniya,AMPARA,0.8189,value,6,20,0.8189
COP2122-179,,ANIMAL SCIENCE & FISHERIES,University of Peradeniya,PUTTALAM,1.0314,value,6,20,1.0314
COP2122-179,,ANIMAL SCIENCE & FISHERIES,University of Peradeniya,KURUNEGALA,1.1435,value,6,20,1.1435
COP2122-179,,ANIMAL SCIENCE & FISHERIES,University of Peradeniya,ANURADHAPURA,0.9874,value,6,20,0.9874
COP2122-179,,ANIMAL SCIENCE & FISHERIES,University of Peradeniya,POLONNARUWA,0.8890,value,6,20,0.8890
COP2122-179,,ANIMAL SCIENCE & FISHERIES,University of Peradeniya,BADULLA,1.1382,value,6,20,1.1382
COP2122-179,,ANIMAL SCIENCE & FISHERIES,University of Peradeniya,MONARAGALA,1.1305,value,6,20,1.1305
COP2122-179,,ANIMAL SCIENCE & FISHERIES,University of Peradeniya,KEGALLE,1.0931,value,6,20,1.0931
COP2122-179,,ANIMAL SCIENCE & FISHERIES,University of Peradeniya,RATNAPURA,1.0381,value,6,20,1.0381
COP2122-180,,FOOD PRODUCTION & TECHNOLOGY MANAGEMENT,Wayamba University of Sri Lanka,COLOMBO,0.8851,value,6,21,0.8851
COP2122-180,,FOOD PRODUCTION & TECHNOLOGY MANAGEMENT,Wayamba University of Sri Lanka,GAMPAHA,0.8549,value,6,21,0.8549
COP2122-180,,FOOD PRODUCTION & TECHNOLOGY MANAGEMENT,Wayamba University of Sri Lanka,KALUTARA,0.9022,value,6,21,0.9022
COP2122-180,,FOOD PRODUCTION & TECHNOLOGY MANAGEMENT,Wayamba University of Sri Lanka,MATALE,0.9075,value,6,21,0.9075
COP2122-180,,FOOD PRODUCTION & TECHNOLOGY MANAGEMENT,Wayamba University of Sri Lanka,KANDY,0.9266,value,6,21,0.9266
COP2122-180,,FOOD PRODUCTION & TECHNOLOGY MANAGEMENT,Wayamba University of Sri Lanka,NUWARA ELIYA,0.8297,value,6,21,0.8297
COP2122-180,,FOOD PRODUCTION & TECHNOLOGY MANAGEMENT,Wayamba University of Sri Lanka,GALLE,0.9510,value,6,21,0.9510
COP2122-180,,FOOD PRODUCTION & TECHNOLOGY MANAGEMENT,Wayamba University of Sri Lanka,MATARA,0.9188,value,6,21,0.9188
COP2122-180,,FOOD PRODUCTION & TECHNOLOGY MANAGEMENT,Wayamba University of Sri Lanka,HAMBANTOTA,0.9588,value,6,21,0.9588
COP2122-180,,FOOD PRODUCTION & TECHNOLOGY MANAGEMENT,Wayamba University of Sri Lanka,JAFFNA,0.8938,value,6,21,0.8938
COP2122-180,,FOOD PRODUCTION & TECHNOLOGY MANAGEMENT,Wayamba University of Sri Lanka,KILINOCHCHI,0.2387,value,6,21,0.2387
COP2122-180,,FOOD PRODUCTION & TECHNOLOGY MANAGEMENT,Wayamba University of Sri Lanka,MANNAR,0.7548,value,6,21,0.7548
COP2122-180,,FOOD PRODUCTION & TECHNOLOGY MANAGEMENT,Wayamba University of Sri Lanka,MULLAITIVU,0.4623,value,6,21,0.4623
COP2122-180,,FOOD PRODUCTION & TECHNOLOGY MANAGEMENT,Wayamba University of Sri Lanka,VAVUNIYA,1.0130,value,6,21,1.0130
COP2122-180,,FOOD PRODUCTION & TECHNOLOGY MANAGEMENT,Wayamba University of Sri Lanka,TRINCOMALEE,0.8701,value,6,21,0.8701
COP2122-180,,FOOD PRODUCTION & TECHNOLOGY MANAGEMENT,Wayamba University of Sri Lanka,BATTICALOA,0.8050,value,6,21,0.8050
COP2122-180,,FOOD PRODUCTION & TECHNOLOGY MANAGEMENT,Wayamba University of Sri Lanka,AMPARA,0.8140,value,6,21,0.8140
COP2122-180,,FOOD PRODUCTION & TECHNOLOGY MANAGEMENT,Wayamba University of Sri Lanka,PUTTALAM,0.9543,value,6,21,0.9543
COP2122-180,,FOOD PRODUCTION & TECHNOLOGY MANAGEMENT,Wayamba University of Sri Lanka,KURUNEGALA,0.9428,value,6,21,0.9428
COP2122-180,,FOOD PRODUCTION & TECHNOLOGY MANAGEMENT,Wayamba University of Sri Lanka,ANURADHAPURA,0.9396,value,6,21,0.9396
COP2122-180,,FOOD PRODUCTION & TECHNOLOGY MANAGEMENT,Wayamba University of Sri Lanka,POLONNARUWA,0.7538,value,6,21,0.7538
COP2122-180,,FOOD PRODUCTION & TECHNOLOGY MANAGEMENT,Wayamba University of Sri Lanka,BADULLA,0.8236,value,6,21,0.8236
COP2122-180,,FOOD PRODUCTION & TECHNOLOGY MANAGEMENT,Wayamba University of Sri Lanka,MONARAGALA,0.9535,value,6,21,0.9535
COP2122-180,,FOOD PRODUCTION & TECHNOLOGY MANAGEMENT,Wayamba University of Sri Lanka,KEGALLE,0.9882,value,6,21,0.9882
COP2122-180,,FOOD PRODUCTION & TECHNOLOGY MANAGEMENT,Wayamba University of Sri Lanka,RATNAPURA,0.8481,value,6,21,0.8481
COP2122-181,,FOOD BUSINESS MANAGEMENT [Biological / Physical Science Stream],Sabaragamuwa University of Sri Lanka,COLOMBO,0.9566,value,6,22,0.9566
COP2122-181,,FOOD BUSINESS MANAGEMENT [Biological / Physical Science Stream],Sabaragamuwa University of Sri Lanka,GAMPAHA,0.8936,value,6,22,0.8936
COP2122-181,,FOOD BUSINESS MANAGEMENT [Biological / Physical Science Stream],Sabaragamuwa University of Sri Lanka,KALUTARA,0.8773,value,6,22,0.8773
COP2122-181,,FOOD BUSINESS MANAGEMENT [Biological / Physical Science Stream],Sabaragamuwa University of Sri Lanka,MATALE,0.7280,value,6,22,0.7280
COP2122-181,,FOOD BUSINESS MANAGEMENT [Biological / Physical Science Stream],Sabaragamuwa University of Sri Lanka,KANDY,0.8381,value,6,22,0.8381
COP2122-181,,FOOD BUSINESS MANAGEMENT [Biological / Physical Science Stream],Sabaragamuwa University of Sri Lanka,NUWARA ELIYA,0.7520,value,6,22,0.7520
COP2122-181,,FOOD BUSINESS MANAGEMENT [Biological / Physical Science Stream],Sabaragamuwa University of Sri Lanka,GALLE,0.9380,value,6,22,0.9380
COP2122-181,,FOOD BUSINESS MANAGEMENT [Biological / Physical Science Stream],Sabaragamuwa University of Sri Lanka,MATARA,0.9780,value,6,22,0.9780
COP2122-181,,FOOD BUSINESS MANAGEMENT [Biological / Physical Science Stream],Sabaragamuwa University of Sri Lanka,HAMBANTOTA,1.0064,value,6,22,1.0064
COP2122-181,,FOOD BUSINESS MANAGEMENT [Biological / Physical Science Stream],Sabaragamuwa University of Sri Lanka,JAFFNA,0.8405,value,6,22,0.8405
COP2122-181,,FOOD BUSINESS MANAGEMENT [Biological / Physical Science Stream],Sabaragamuwa University of Sri Lanka,KILINOCHCHI,0.3871,value,6,22,0.3871
COP2122-181,,FOOD BUSINESS MANAGEMENT [Biological / Physical Science Stream],Sabaragamuwa University of Sri Lanka,MANNAR,0.1033,value,6,22,0.1033
COP2122-181,,FOOD BUSINESS MANAGEMENT [Biological / Physical Science Stream],Sabaragamuwa University of Sri Lanka,MULLAITIVU,0.2911,value,6,22,0.2911
COP2122-181,,FOOD BUSINESS MANAGEMENT [Biological / Physical Science Stream],Sabaragamuwa University of Sri Lanka,VAVUNIYA,0.4198,value,6,22,0.4198
COP2122-181,,FOOD BUSINESS MANAGEMENT [Biological / Physical Science Stream],Sabaragamuwa University of Sri Lanka,TRINCOMALEE,0.8025,value,6,22,0.8025
COP2122-181,,FOOD BUSINESS MANAGEMENT [Biological / Physical Science Stream],Sabaragamuwa University of Sri Lanka,BATTICALOA,0.5906,value,6,22,0.5906
COP2122-181,,FOOD BUSINESS MANAGEMENT [Biological / Physical Science Stream],Sabaragamuwa University of Sri Lanka,AMPARA,0.8040,value,6,22,0.8040
COP2122-181,,FOOD BUSINESS MANAGEMENT [Biological / Physical Science Stream],Sabaragamuwa University of Sri Lanka,PUTTALAM,0.6805,value,6,22,0.6805
COP2122-181,,FOOD BUSINESS MANAGEMENT [Biological / Physical Science Stream],Sabaragamuwa University of Sri Lanka,KURUNEGALA,0.8718,value,6,22,0.8718
COP2122-181,,FOOD BUSINESS MANAGEMENT [Biological / Physical Science Stream],Sabaragamuwa University of Sri Lanka,ANURADHAPURA,0.6955,value,6,22,0.6955
COP2122-181,,FOOD BUSINESS MANAGEMENT [Biological / Physical Science Stream],Sabaragamuwa University of Sri Lanka,POLONNARUWA,0.8630,value,6,22,0.8630
COP2122-181,,FOOD BUSINESS MANAGEMENT [Biological / Physical Science Stream],Sabaragamuwa University of Sri Lanka,BADULLA,0.9309,value,6,22,0.9309
COP2122-181,,FOOD BUSINESS MANAGEMENT [Biological / Physical Science Stream],Sabaragamuwa University of Sri Lanka,MONARAGALA,0.8187,value,6,22,0.8187
COP2122-181,,FOOD BUSINESS MANAGEMENT [Biological / Physical Science Stream],Sabaragamuwa University of Sri Lanka,KEGALLE,1.0072,value,6,22,1.0072
COP2122-181,,FOOD BUSINESS MANAGEMENT [Biological / Physical Science Stream],Sabaragamuwa University of Sri Lanka,RATNAPURA,0.8875,value,6,22,0.8875
COP2122-182,,MANAGEMENT AND INFORMATION TECHNOLOGY (SEUSL),South Eastern University of Sri Lanka,COLOMBO,1.3941,value,6,23,1.3941
COP2122-182,,MANAGEMENT AND INFORMATION TECHNOLOGY (SEUSL),South Eastern University of Sri Lanka,GAMPAHA,1.4167,value,6,23,1.4167
COP2122-182,,MANAGEMENT AND INFORMATION TECHNOLOGY (SEUSL),South Eastern University of Sri Lanka,KALUTARA,1.4588,value,6,23,1.4588
COP2122-182,,MANAGEMENT AND INFORMATION TECHNOLOGY (SEUSL),South Eastern University of Sri Lanka,MATALE,1.5970,value,6,23,1.5970
COP2122-182,,MANAGEMENT AND INFORMATION TECHNOLOGY (SEUSL),South Eastern University of Sri Lanka,KANDY,1.4669,value,6,23,1.4669
COP2122-182,,MANAGEMENT AND INFORMATION TECHNOLOGY (SEUSL),South Eastern University of Sri Lanka,NUWARA ELIYA,1.4905,value,6,23,1.4905
COP2122-182,,MANAGEMENT AND INFORMATION TECHNOLOGY (SEUSL),South Eastern University of Sri Lanka,GALLE,1.4686,value,6,23,1.4686
COP2122-182,,MANAGEMENT AND INFORMATION TECHNOLOGY (SEUSL),South Eastern University of Sri Lanka,MATARA,1.4217,value,6,23,1.4217
COP2122-182,,MANAGEMENT AND INFORMATION TECHNOLOGY (SEUSL),South Eastern University of Sri Lanka,HAMBANTOTA,1.5271,value,6,23,1.5271
COP2122-182,,MANAGEMENT AND INFORMATION TECHNOLOGY (SEUSL),South Eastern University of Sri Lanka,JAFFNA,1.3972,value,6,23,1.3972
COP2122-182,,MANAGEMENT AND INFORMATION TECHNOLOGY (SEUSL),South Eastern University of Sri Lanka,KILINOCHCHI,1.2555,value,6,23,1.2555
COP2122-182,,MANAGEMENT AND INFORMATION TECHNOLOGY (SEUSL),South Eastern University of Sri Lanka,MANNAR,1.6157,value,6,23,1.6157
COP2122-182,,MANAGEMENT AND INFORMATION TECHNOLOGY (SEUSL),South Eastern University of Sri Lanka,MULLAITIVU,1.5734,value,6,23,1.5734
COP2122-182,,MANAGEMENT AND INFORMATION TECHNOLOGY (SEUSL),South Eastern University of Sri Lanka,VAVUNIYA,1.5826,value,6,23,1.5826
COP2122-182,,MANAGEMENT AND INFORMATION TECHNOLOGY (SEUSL),South Eastern University of Sri Lanka,TRINCOMALEE,1.5939,value,6,23,1.5939
COP2122-182,,MANAGEMENT AND INFORMATION TECHNOLOGY (SEUSL),South Eastern University of Sri Lanka,BATTICALOA,1.6056,value,6,23,1.6056
COP2122-182,,MANAGEMENT AND INFORMATION TECHNOLOGY (SEUSL),South Eastern University of Sri Lanka,AMPARA,1.6191,value,6,23,1.6191
COP2122-182,,MANAGEMENT AND INFORMATION TECHNOLOGY (SEUSL),South Eastern University of Sri Lanka,PUTTALAM,1.4651,value,6,23,1.4651
COP2122-182,,MANAGEMENT AND INFORMATION TECHNOLOGY (SEUSL),South Eastern University of Sri Lanka,KURUNEGALA,1.5177,value,6,23,1.5177
COP2122-182,,MANAGEMENT AND INFORMATION TECHNOLOGY (SEUSL),South Eastern University of Sri Lanka,ANURADHAPURA,1.4704,value,6,23,1.4704
COP2122-182,,MANAGEMENT AND INFORMATION TECHNOLOGY (SEUSL),South Eastern University of Sri Lanka,POLONNARUWA,1.5302,value,6,23,1.5302
COP2122-182,,MANAGEMENT AND INFORMATION TECHNOLOGY (SEUSL),South Eastern University of Sri Lanka,BADULLA,1.5419,value,6,23,1.5419
COP2122-182,,MANAGEMENT AND INFORMATION TECHNOLOGY (SEUSL),South Eastern University of Sri Lanka,MONARAGALA,1.3797,value,6,23,1.3797
COP2122-182,,MANAGEMENT AND INFORMATION TECHNOLOGY (SEUSL),South Eastern University of Sri Lanka,KEGALLE,1.5008,value,6,23,1.5008
COP2122-182,,MANAGEMENT AND INFORMATION TECHNOLOGY (SEUSL),South Eastern University of Sri Lanka,RATNAPURA,1.4216,value,6,23,1.4216
COP2122-183,,COMPUTING & INFORMATION SYSTEMS,Sabaragamuwa University of Sri Lanka,COLOMBO,1.0164,value,6,24,1.0164
COP2122-183,,COMPUTING & INFORMATION SYSTEMS,Sabaragamuwa University of Sri Lanka,GAMPAHA,1.0056,value,6,24,1.0056
COP2122-183,,COMPUTING & INFORMATION SYSTEMS,Sabaragamuwa University of Sri Lanka,KALUTARA,1.0626,value,6,24,1.0626
COP2122-183,,COMPUTING & INFORMATION SYSTEMS,Sabaragamuwa University of Sri Lanka,MATALE,0.9308,value,6,24,0.9308
COP2122-183,,COMPUTING & INFORMATION SYSTEMS,Sabaragamuwa University of Sri Lanka,KANDY,0.9018,value,6,24,0.9018
COP2122-183,,COMPUTING & INFORMATION SYSTEMS,Sabaragamuwa University of Sri Lanka,NUWARA ELIYA,0.7767,value,6,24,0.7767
COP2122-183,,COMPUTING & INFORMATION SYSTEMS,Sabaragamuwa University of Sri Lanka,GALLE,1.0826,value,6,24,1.0826
COP2122-183,,COMPUTING & INFORMATION SYSTEMS,Sabaragamuwa University of Sri Lanka,MATARA,1.1137,value,6,24,1.1137
COP2122-183,,COMPUTING & INFORMATION SYSTEMS,Sabaragamuwa University of Sri Lanka,HAMBANTOTA,1.0933,value,6,24,1.0933
COP2122-183,,COMPUTING & INFORMATION SYSTEMS,Sabaragamuwa University of Sri Lanka,JAFFNA,1.0852,value,6,24,1.0852
COP2122-183,,COMPUTING & INFORMATION SYSTEMS,Sabaragamuwa University of Sri Lanka,KILINOCHCHI,0.9658,value,6,24,0.9658
COP2122-183,,COMPUTING & INFORMATION SYSTEMS,Sabaragamuwa University of Sri Lanka,MANNAR,0.6526,value,6,24,0.6526
COP2122-183,,COMPUTING & INFORMATION SYSTEMS,Sabaragamuwa University of Sri Lanka,MULLAITIVU,0.5710,value,6,24,0.5710
COP2122-183,,COMPUTING & INFORMATION SYSTEMS,Sabaragamuwa University of Sri Lanka,VAVUNIYA,0.9151,value,6,24,0.9151
COP2122-183,,COMPUTING & INFORMATION SYSTEMS,Sabaragamuwa University of Sri Lanka,TRINCOMALEE,0.8891,value,6,24,0.8891
COP2122-183,,COMPUTING & INFORMATION SYSTEMS,Sabaragamuwa University of Sri Lanka,BATTICALOA,0.9529,value,6,24,0.9529
COP2122-183,,COMPUTING & INFORMATION SYSTEMS,Sabaragamuwa University of Sri Lanka,AMPARA,0.9097,value,6,24,0.9097
COP2122-183,,COMPUTING & INFORMATION SYSTEMS,Sabaragamuwa University of Sri Lanka,PUTTALAM,0.8917,value,6,24,0.8917
COP2122-183,,COMPUTING & INFORMATION SYSTEMS,Sabaragamuwa University of Sri Lanka,KURUNEGALA,1.0598,value,6,24,1.0598
COP2122-183,,COMPUTING & INFORMATION SYSTEMS,Sabaragamuwa University of Sri Lanka,ANURADHAPURA,0.9733,value,6,24,0.9733
COP2122-183,,COMPUTING & INFORMATION SYSTEMS,Sabaragamuwa University of Sri Lanka,POLONNARUWA,0.7720,value,6,24,0.7720
COP2122-183,,COMPUTING & INFORMATION SYSTEMS,Sabaragamuwa University of Sri Lanka,BADULLA,1.0088,value,6,24,1.0088
COP2122-183,,COMPUTING & INFORMATION SYSTEMS,Sabaragamuwa University of Sri Lanka,MONARAGALA,0.8479,value,6,24,0.8479
COP2122-183,,COMPUTING & INFORMATION SYSTEMS,Sabaragamuwa University of Sri Lanka,KEGALLE,1.0332,value,6,24,1.0332
COP2122-183,,COMPUTING & INFORMATION SYSTEMS,Sabaragamuwa University of Sri Lanka,RATNAPURA,1.0385,value,6,24,1.0385
COP2122-184,,PHYSICAL EDUCATION,University of Jaffna,COLOMBO,-0.3267,value,6,25,-0.3267
COP2122-184,,PHYSICAL EDUCATION,University of Jaffna,GAMPAHA,-0.1833,value,6,25,-0.1833
COP2122-184,,PHYSICAL EDUCATION,University of Jaffna,KALUTARA,-0.4555,value,6,25,-0.4555
COP2122-184,,PHYSICAL EDUCATION,University of Jaffna,MATALE,,NQC,6,25,NQC
COP2122-184,,PHYSICAL EDUCATION,University of Jaffna,KANDY,0.3080,value,6,25,0.3080
COP2122-184,,PHYSICAL EDUCATION,University of Jaffna,NUWARA ELIYA,0.0795,value,6,25,0.0795
COP2122-184,,PHYSICAL EDUCATION,University of Jaffna,GALLE,0.4243,value,6,25,0.4243
COP2122-184,,PHYSICAL EDUCATION,University of Jaffna,MATARA,,NQC,6,25,NQC
COP2122-184,,PHYSICAL EDUCATION,University of Jaffna,HAMBANTOTA,-0.4407,value,6,25,-0.4407
COP2122-184,,PHYSICAL EDUCATION,University of Jaffna,JAFFNA,0.5617,value,6,25,0.5617
COP2122-184,,PHYSICAL EDUCATION,University of Jaffna,KILINOCHCHI,-0.1649,value,6,25,-0.1649
COP2122-184,,PHYSICAL EDUCATION,University of Jaffna,MANNAR,0.6465,value,6,25,0.6465
COP2122-184,,PHYSICAL EDUCATION,University of Jaffna,MULLAITIVU,0.5917,value,6,25,0.5917
COP2122-184,,PHYSICAL EDUCATION,University of Jaffna,VAVUNIYA,,NQC,6,25,NQC
COP2122-184,,PHYSICAL EDUCATION,University of Jaffna,TRINCOMALEE,0.5470,value,6,25,0.5470
COP2122-184,,PHYSICAL EDUCATION,University of Jaffna,BATTICALOA,0.5357,value,6,25,0.5357
COP2122-184,,PHYSICAL EDUCATION,University of Jaffna,AMPARA,0.4201,value,6,25,0.4201
COP2122-184,,PHYSICAL EDUCATION,University of Jaffna,PUTTALAM,,NQC,6,25,NQC
COP2122-184,,PHYSICAL EDUCATION,University of Jaffna,KURUNEGALA,-0.0458,value,6,25,-0.0458
COP2122-184,,PHYSICAL EDUCATION,University of Jaffna,ANURADHAPURA,0.3401,value,6,25,0.3401
COP2122-184,,PHYSICAL EDUCATION,University of Jaffna,POLONNARUWA,,NQC,6,25,NQC
COP2122-184,,PHYSICAL EDUCATION,University of Jaffna,BADULLA,1.0380,value,6,25,1.0380
COP2122-184,,PHYSICAL EDUCATION,University of Jaffna,MONARAGALA,-0.1800,value,6,25,-0.1800
COP2122-184,,PHYSICAL EDUCATION,University of Jaffna,KEGALLE,,NQC,6,25,NQC
COP2122-184,,PHYSICAL EDUCATION,University of Jaffna,RATNAPURA,,NQC,6,25,NQC
COP2122-185,,PHYSICAL EDUCATION,Sabaragamuwa University of Sri Lanka,COLOMBO,0.4524,value,6,26,0.4524
COP2122-185,,PHYSICAL EDUCATION,Sabaragamuwa University of Sri Lanka,GAMPAHA,0.6094,value,6,26,0.6094
COP2122-185,,PHYSICAL EDUCATION,Sabaragamuwa University of Sri Lanka,KALUTARA,0.3519,value,6,26,0.3519
COP2122-185,,PHYSICAL EDUCATION,Sabaragamuwa University of Sri Lanka,MATALE,0.3412,value,6,26,0.3412
COP2122-185,,PHYSICAL EDUCATION,Sabaragamuwa University of Sri Lanka,KANDY,0.3621,value,6,26,0.3621
COP2122-185,,PHYSICAL EDUCATION,Sabaragamuwa University of Sri Lanka,NUWARA ELIYA,0.2022,value,6,26,0.2022
COP2122-185,,PHYSICAL EDUCATION,Sabaragamuwa University of Sri Lanka,GALLE,0.2611,value,6,26,0.2611
COP2122-185,,PHYSICAL EDUCATION,Sabaragamuwa University of Sri Lanka,MATARA,0.3514,value,6,26,0.3514
COP2122-185,,PHYSICAL EDUCATION,Sabaragamuwa University of Sri Lanka,HAMBANTOTA,,NQC,6,26,NQC
COP2122-185,,PHYSICAL EDUCATION,Sabaragamuwa University of Sri Lanka,JAFFNA,0.5522,value,6,26,0.5522
COP2122-185,,PHYSICAL EDUCATION,Sabaragamuwa University of Sri Lanka,KILINOCHCHI,,NQC,6,26,NQC
COP2122-185,,PHYSICAL EDUCATION,Sabaragamuwa University of Sri Lanka,MANNAR,0.7316,value,6,26,0.7316
COP2122-185,,PHYSICAL EDUCATION,Sabaragamuwa University of Sri Lanka,MULLAITIVU,0.9753,value,6,26,0.9753
COP2122-185,,PHYSICAL EDUCATION,Sabaragamuwa University of Sri Lanka,VAVUNIYA,0.4995,value,6,26,0.4995
COP2122-185,,PHYSICAL EDUCATION,Sabaragamuwa University of Sri Lanka,TRINCOMALEE,0.6100,value,6,26,0.6100
COP2122-185,,PHYSICAL EDUCATION,Sabaragamuwa University of Sri Lanka,BATTICALOA,0.6238,value,6,26,0.6238
COP2122-185,,PHYSICAL EDUCATION,Sabaragamuwa University of Sri Lanka,AMPARA,0.6071,value,6,26,0.6071
COP2122-185,,PHYSICAL EDUCATION,Sabaragamuwa University of Sri Lanka,PUTTALAM,1.2799,value,6,26,1.2799
COP2122-185,,PHYSICAL EDUCATION,Sabaragamuwa University of Sri Lanka,KURUNEGALA,0.2135,value,6,26,0.2135
COP2122-185,,PHYSICAL EDUCATION,Sabaragamuwa University of Sri Lanka,ANURADHAPURA,0.3137,value,6,26,0.3137
COP2122-185,,PHYSICAL EDUCATION,Sabaragamuwa University of Sri Lanka,POLONNARUWA,0.5300,value,6,26,0.5300
COP2122-185,,PHYSICAL EDUCATION,Sabaragamuwa University of Sri Lanka,BADULLA,0.4979,value,6,26,0.4979
COP2122-185,,PHYSICAL EDUCATION,Sabaragamuwa University of Sri Lanka,MONARAGALA,0.8363,value,6,26,0.8363
COP2122-185,,PHYSICAL EDUCATION,Sabaragamuwa University of Sri Lanka,KEGALLE,0.5504,value,6,26,0.5504
COP2122-185,,PHYSICAL EDUCATION,Sabaragamuwa University of Sri Lanka,RATNAPURA,0.2691,value,6,26,0.2691
COP2122-186,,SPORTS SCIENCE & MANAGEMENT,University of Sri Jayewardenepura,COLOMBO,0.9372,value,6,27,0.9372
COP2122-186,,SPORTS SCIENCE & MANAGEMENT,University of Sri Jayewardenepura,GAMPAHA,0.9467,value,6,27,0.9467
COP2122-186,,SPORTS SCIENCE & MANAGEMENT,University of Sri Jayewardenepura,KALUTARA,0.9595,value,6,27,0.9595
COP2122-186,,SPORTS SCIENCE & MANAGEMENT,University of Sri Jayewardenepura,MATALE,,NQC,6,27,NQC
COP2122-186,,SPORTS SCIENCE & MANAGEMENT,University of Sri Jayewardenepura,KANDY,0.9408,value,6,27,0.9408
COP2122-186,,SPORTS SCIENCE & MANAGEMENT,University of Sri Jayewardenepura,NUWARA ELIYA,,NQC,6,27,NQC
COP2122-186,,SPORTS SCIENCE & MANAGEMENT,University of Sri Jayewardenepura,GALLE,0.9711,value,6,27,0.9711
COP2122-186,,SPORTS SCIENCE & MANAGEMENT,University of Sri Jayewardenepura,MATARA,0.9760,value,6,27,0.9760
COP2122-186,,SPORTS SCIENCE & MANAGEMENT,University of Sri Jayewardenepura,HAMBANTOTA,0.9339,value,6,27,0.9339
COP2122-186,,SPORTS SCIENCE & MANAGEMENT,University of Sri Jayewardenepura,JAFFNA,1.1039,value,6,27,1.1039
COP2122-186,,SPORTS SCIENCE & MANAGEMENT,University of Sri Jayewardenepura,KILINOCHCHI,,NQC,6,27,NQC
COP2122-186,,SPORTS SCIENCE & MANAGEMENT,University of Sri Jayewardenepura,MANNAR,,NQC,6,27,NQC
COP2122-186,,SPORTS SCIENCE & MANAGEMENT,University of Sri Jayewardenepura,MULLAITIVU,1.0119,value,6,27,1.0119
COP2122-186,,SPORTS SCIENCE & MANAGEMENT,University of Sri Jayewardenepura,VAVUNIYA,,NQC,6,27,NQC
COP2122-186,,SPORTS SCIENCE & MANAGEMENT,University of Sri Jayewardenepura,TRINCOMALEE,,NQC,6,27,NQC
COP2122-186,,SPORTS SCIENCE & MANAGEMENT,University of Sri Jayewardenepura,BATTICALOA,0.9412,value,6,27,0.9412
COP2122-186,,SPORTS SCIENCE & MANAGEMENT,University of Sri Jayewardenepura,AMPARA,,NQC,6,27,NQC
COP2122-186,,SPORTS SCIENCE & MANAGEMENT,University of Sri Jayewardenepura,PUTTALAM,0.9339,value,6,27,0.9339
COP2122-186,,SPORTS SCIENCE & MANAGEMENT,University of Sri Jayewardenepura,KURUNEGALA,0.9326,value,6,27,0.9326
COP2122-186,,SPORTS SCIENCE & MANAGEMENT,University of Sri Jayewardenepura,ANURADHAPURA,1.4080,value,6,27,1.4080
COP2122-186,,SPORTS SCIENCE & MANAGEMENT,University of Sri Jayewardenepura,POLONNARUWA,1.0987,value,6,27,1.0987
COP2122-186,,SPORTS SCIENCE & MANAGEMENT,University of Sri Jayewardenepura,BADULLA,1.0401,value,6,27,1.0401
COP2122-186,,SPORTS SCIENCE & MANAGEMENT,University of Sri Jayewardenepura,MONARAGALA,,NQC,6,27,NQC
COP2122-186,,SPORTS SCIENCE & MANAGEMENT,University of Sri Jayewardenepura,KEGALLE,0.9863,value,6,27,0.9863
COP2122-186,,SPORTS SCIENCE & MANAGEMENT,University of Sri Jayewardenepura,RATNAPURA,0.9339,value,6,27,0.9339
COP2122-187,,SPORTS SCIENCE & MANAGEMENT,University of Kelaniya,COLOMBO,0.7801,value,6,28,0.7801
COP2122-187,,SPORTS SCIENCE & MANAGEMENT,University of Kelaniya,GAMPAHA,0.8641,value,6,28,0.8641
COP2122-187,,SPORTS SCIENCE & MANAGEMENT,University of Kelaniya,KALUTARA,0.7590,value,6,28,0.7590
COP2122-187,,SPORTS SCIENCE & MANAGEMENT,University of Kelaniya,MATALE,0.7599,value,6,28,0.7599
COP2122-187,,SPORTS SCIENCE & MANAGEMENT,University of Kelaniya,KANDY,0.8567,value,6,28,0.8567
COP2122-187,,SPORTS SCIENCE & MANAGEMENT,University of Kelaniya,NUWARA ELIYA,1.1022,value,6,28,1.1022
COP2122-187,,SPORTS SCIENCE & MANAGEMENT,University of Kelaniya,GALLE,0.7865,value,6,28,0.7865
COP2122-187,,SPORTS SCIENCE & MANAGEMENT,University of Kelaniya,MATARA,0.7523,value,6,28,0.7523
COP2122-187,,SPORTS SCIENCE & MANAGEMENT,University of Kelaniya,HAMBANTOTA,,NQC,6,28,NQC
COP2122-187,,SPORTS SCIENCE & MANAGEMENT,University of Kelaniya,JAFFNA,,NQC,6,28,NQC
COP2122-187,,SPORTS SCIENCE & MANAGEMENT,University of Kelaniya,KILINOCHCHI,,NQC,6,28,NQC
COP2122-187,,SPORTS SCIENCE & MANAGEMENT,University of Kelaniya,MANNAR,,NQC,6,28,NQC
COP2122-187,,SPORTS SCIENCE & MANAGEMENT,University of Kelaniya,MULLAITIVU,,NQC,6,28,NQC
COP2122-187,,SPORTS SCIENCE & MANAGEMENT,University of Kelaniya,VAVUNIYA,,NQC,6,28,NQC
COP2122-187,,SPORTS SCIENCE & MANAGEMENT,University of Kelaniya,TRINCOMALEE,,NQC,6,28,NQC
COP2122-187,,SPORTS SCIENCE & MANAGEMENT,University of Kelaniya,BATTICALOA,,NQC,6,28,NQC
COP2122-187,,SPORTS SCIENCE & MANAGEMENT,University of Kelaniya,AMPARA,,NQC,6,28,NQC
COP2122-187,,SPORTS SCIENCE & MANAGEMENT,University of Kelaniya,PUTTALAM,0.7386,value,6,28,0.7386
COP2122-187,,SPORTS SCIENCE & MANAGEMENT,University of Kelaniya,KURUNEGALA,0.7923,value,6,28,0.7923
COP2122-187,,SPORTS SCIENCE & MANAGEMENT,University of Kelaniya,ANURADHAPURA,0.7674,value,6,28,0.7674
COP2122-187,,SPORTS SCIENCE & MANAGEMENT,University of Kelaniya,POLONNARUWA,0.7521,value,6,28,0.7521
COP2122-187,,SPORTS SCIENCE & MANAGEMENT,University of Kelaniya,BADULLA,,NQC,6,28,NQC
COP2122-187,,SPORTS SCIENCE & MANAGEMENT,University of Kelaniya,MONARAGALA,,NQC,6,28,NQC
COP2122-187,,SPORTS SCIENCE & MANAGEMENT,University of Kelaniya,KEGALLE,0.8920,value,6,28,0.8920
COP2122-187,,SPORTS SCIENCE & MANAGEMENT,University of Kelaniya,RATNAPURA,0.7433,value,6,28,0.7433
COP2122-188,,SPORTS SCIENCE & MANAGEMENT,Sabaragamuwa University of Sri Lanka,COLOMBO,0.6915,value,6,29,0.6915
COP2122-188,,SPORTS SCIENCE & MANAGEMENT,Sabaragamuwa University of Sri Lanka,GAMPAHA,0.2118,value,6,29,0.2118
COP2122-188,,SPORTS SCIENCE & MANAGEMENT,Sabaragamuwa University of Sri Lanka,KALUTARA,0.5892,value,6,29,0.5892
COP2122-188,,SPORTS SCIENCE & MANAGEMENT,Sabaragamuwa University of Sri Lanka,MATALE,0.5058,value,6,29,0.5058
COP2122-188,,SPORTS SCIENCE & MANAGEMENT,Sabaragamuwa University of Sri Lanka,KANDY,0.8567,value,6,29,0.8567
COP2122-188,,SPORTS SCIENCE & MANAGEMENT,Sabaragamuwa University of Sri Lanka,NUWARA ELIYA,-0.0293,value,6,29,-0.0293
COP2122-188,,SPORTS SCIENCE & MANAGEMENT,Sabaragamuwa University of Sri Lanka,GALLE,0.8148,value,6,29,0.8148
COP2122-188,,SPORTS SCIENCE & MANAGEMENT,Sabaragamuwa University of Sri Lanka,MATARA,0.6177,value,6,29,0.6177
COP2122-188,,SPORTS SCIENCE & MANAGEMENT,Sabaragamuwa University of Sri Lanka,HAMBANTOTA,0.1914,value,6,29,0.1914
COP2122-188,,SPORTS SCIENCE & MANAGEMENT,Sabaragamuwa University of Sri Lanka,JAFFNA,0.4157,value,6,29,0.4157
COP2122-188,,SPORTS SCIENCE & MANAGEMENT,Sabaragamuwa University of Sri Lanka,KILINOCHCHI,,NQC,6,29,NQC
COP2122-188,,SPORTS SCIENCE & MANAGEMENT,Sabaragamuwa University of Sri Lanka,MANNAR,0.6874,value,6,29,0.6874
COP2122-188,,SPORTS SCIENCE & MANAGEMENT,Sabaragamuwa University of Sri Lanka,MULLAITIVU,0.3233,value,6,29,0.3233
COP2122-188,,SPORTS SCIENCE & MANAGEMENT,Sabaragamuwa University of Sri Lanka,VAVUNIYA,0.1891,value,6,29,0.1891
COP2122-188,,SPORTS SCIENCE & MANAGEMENT,Sabaragamuwa University of Sri Lanka,TRINCOMALEE,0.2565,value,6,29,0.2565
COP2122-188,,SPORTS SCIENCE & MANAGEMENT,Sabaragamuwa University of Sri Lanka,BATTICALOA,0.5267,value,6,29,0.5267
COP2122-188,,SPORTS SCIENCE & MANAGEMENT,Sabaragamuwa University of Sri Lanka,AMPARA,0.6870,value,6,29,0.6870
COP2122-188,,SPORTS SCIENCE & MANAGEMENT,Sabaragamuwa University of Sri Lanka,PUTTALAM,0.3415,value,6,29,0.3415
COP2122-188,,SPORTS SCIENCE & MANAGEMENT,Sabaragamuwa University of Sri Lanka,KURUNEGALA,0.6401,value,6,29,0.6401
COP2122-188,,SPORTS SCIENCE & MANAGEMENT,Sabaragamuwa University of Sri Lanka,ANURADHAPURA,0.4499,value,6,29,0.4499
COP2122-188,,SPORTS SCIENCE & MANAGEMENT,Sabaragamuwa University of Sri Lanka,POLONNARUWA,0.5738,value,6,29,0.5738
COP2122-188,,SPORTS SCIENCE & MANAGEMENT,Sabaragamuwa University of Sri Lanka,BADULLA,0.6642,value,6,29,0.6642
COP2122-188,,SPORTS SCIENCE & MANAGEMENT,Sabaragamuwa University of Sri Lanka,MONARAGALA,-0.0655,value,6,29,-0.0655
COP2122-188,,SPORTS SCIENCE & MANAGEMENT,Sabaragamuwa University of Sri Lanka,KEGALLE,1.0167,value,6,29,1.0167
COP2122-188,,SPORTS SCIENCE & MANAGEMENT,Sabaragamuwa University of Sri Lanka,RATNAPURA,0.8176,value,6,29,0.8176
COP2122-189,,SPEECH AND HEARING SCIENCES,University of Kelaniya,COLOMBO,0.8876,value,6,30,0.8876
COP2122-189,,SPEECH AND HEARING SCIENCES,University of Kelaniya,GAMPAHA,0.8974,value,6,30,0.8974
COP2122-189,,SPEECH AND HEARING SCIENCES,University of Kelaniya,KALUTARA,0.5798,value,6,30,0.5798
COP2122-189,,SPEECH AND HEARING SCIENCES,University of Kelaniya,MATALE,0.5047,value,6,30,0.5047
COP2122-189,,SPEECH AND HEARING SCIENCES,University of Kelaniya,KANDY,1.0943,value,6,30,1.0943
COP2122-189,,SPEECH AND HEARING SCIENCES,University of Kelaniya,NUWARA ELIYA,-0.0204,value,6,30,-0.0204
COP2122-189,,SPEECH AND HEARING SCIENCES,University of Kelaniya,GALLE,0.7789,value,6,30,0.7789
COP2122-189,,SPEECH AND HEARING SCIENCES,University of Kelaniya,MATARA,0.2701,value,6,30,0.2701
COP2122-189,,SPEECH AND HEARING SCIENCES,University of Kelaniya,HAMBANTOTA,0.5234,value,6,30,0.5234
COP2122-189,,SPEECH AND HEARING SCIENCES,University of Kelaniya,JAFFNA,0.7990,value,6,30,0.7990
COP2122-189,,SPEECH AND HEARING SCIENCES,University of Kelaniya,KILINOCHCHI,,NQC,6,30,NQC
COP2122-189,,SPEECH AND HEARING SCIENCES,University of Kelaniya,MANNAR,,NQC,6,30,NQC
COP2122-189,,SPEECH AND HEARING SCIENCES,University of Kelaniya,MULLAITIVU,0.8931,value,6,30,0.8931
COP2122-189,,SPEECH AND HEARING SCIENCES,University of Kelaniya,VAVUNIYA,0.6538,value,6,30,0.6538
COP2122-189,,SPEECH AND HEARING SCIENCES,University of Kelaniya,TRINCOMALEE,1.1027,value,6,30,1.1027
COP2122-189,,SPEECH AND HEARING SCIENCES,University of Kelaniya,BATTICALOA,0.5657,value,6,30,0.5657
COP2122-189,,SPEECH AND HEARING SCIENCES,University of Kelaniya,AMPARA,1.1393,value,6,30,1.1393
COP2122-189,,SPEECH AND HEARING SCIENCES,University of Kelaniya,PUTTALAM,0.3161,value,6,30,0.3161
COP2122-189,,SPEECH AND HEARING SCIENCES,University of Kelaniya,KURUNEGALA,0.8833,value,6,30,0.8833
COP2122-189,,SPEECH AND HEARING SCIENCES,University of Kelaniya,ANURADHAPURA,0.0616,value,6,30,0.0616
COP2122-189,,SPEECH AND HEARING SCIENCES,University of Kelaniya,POLONNARUWA,0.1624,value,6,30,0.1624
COP2122-189,,SPEECH AND HEARING SCIENCES,University of Kelaniya,BADULLA,1.2025,value,6,30,1.2025
COP2122-189,,SPEECH AND HEARING SCIENCES,University of Kelaniya,MONARAGALA,1.0552,value,6,30,1.0552
COP2122-189,,SPEECH AND HEARING SCIENCES,University of Kelaniya,KEGALLE,1.1817,value,6,30,1.1817
COP2122-189,,SPEECH AND HEARING SCIENCES,University of Kelaniya,RATNAPURA,0.5182,value,6,30,0.5182
COP2122-190,,TOURISM & HOSPITALITY MANAGEMENT,Rajarata University of Sri Lanka,COLOMBO,1.3708,value,6,31,1.3708
COP2122-190,,TOURISM & HOSPITALITY MANAGEMENT,Rajarata University of Sri Lanka,GAMPAHA,1.3960,value,6,31,1.3960
COP2122-190,,TOURISM & HOSPITALITY MANAGEMENT,Rajarata University of Sri Lanka,KALUTARA,1.4406,value,6,31,1.4406
COP2122-190,,TOURISM & HOSPITALITY MANAGEMENT,Rajarata University of Sri Lanka,MATALE,1.3812,value,6,31,1.3812
COP2122-190,,TOURISM & HOSPITALITY MANAGEMENT,Rajarata University of Sri Lanka,KANDY,1.4058,value,6,31,1.4058
COP2122-190,,TOURISM & HOSPITALITY MANAGEMENT,Rajarata University of Sri Lanka,NUWARA ELIYA,1.3937,value,6,31,1.3937
COP2122-190,,TOURISM & HOSPITALITY MANAGEMENT,Rajarata University of Sri Lanka,GALLE,1.4483,value,6,31,1.4483
COP2122-190,,TOURISM & HOSPITALITY MANAGEMENT,Rajarata University of Sri Lanka,MATARA,1.4523,value,6,31,1.4523
COP2122-190,,TOURISM & HOSPITALITY MANAGEMENT,Rajarata University of Sri Lanka,HAMBANTOTA,1.4122,value,6,31,1.4122
COP2122-190,,TOURISM & HOSPITALITY MANAGEMENT,Rajarata University of Sri Lanka,JAFFNA,1.1553,value,6,31,1.1553
COP2122-190,,TOURISM & HOSPITALITY MANAGEMENT,Rajarata University of Sri Lanka,KILINOCHCHI,,NQC,6,31,NQC
COP2122-190,,TOURISM & HOSPITALITY MANAGEMENT,Rajarata University of Sri Lanka,MANNAR,,NQC,6,31,NQC
COP2122-190,,TOURISM & HOSPITALITY MANAGEMENT,Rajarata University of Sri Lanka,MULLAITIVU,1.4154,value,6,31,1.4154
COP2122-190,,TOURISM & HOSPITALITY MANAGEMENT,Rajarata University of Sri Lanka,VAVUNIYA,1.1777,value,6,31,1.1777
COP2122-190,,TOURISM & HOSPITALITY MANAGEMENT,Rajarata University of Sri Lanka,TRINCOMALEE,1.2846,value,6,31,1.2846
COP2122-190,,TOURISM & HOSPITALITY MANAGEMENT,Rajarata University of Sri Lanka,BATTICALOA,1.1908,value,6,31,1.1908
COP2122-190,,TOURISM & HOSPITALITY MANAGEMENT,Rajarata University of Sri Lanka,AMPARA,1.3238,value,6,31,1.3238
COP2122-190,,TOURISM & HOSPITALITY MANAGEMENT,Rajarata University of Sri Lanka,PUTTALAM,1.3550,value,6,31,1.3550
COP2122-190,,TOURISM & HOSPITALITY MANAGEMENT,Rajarata University of Sri Lanka,KURUNEGALA,1.4362,value,6,31,1.4362
COP2122-190,,TOURISM & HOSPITALITY MANAGEMENT,Rajarata University of Sri Lanka,ANURADHAPURA,1.3594,value,6,31,1.3594
COP2122-190,,TOURISM & HOSPITALITY MANAGEMENT,Rajarata University of Sri Lanka,POLONNARUWA,1.3496,value,6,31,1.3496
COP2122-190,,TOURISM & HOSPITALITY MANAGEMENT,Rajarata University of Sri Lanka,BADULLA,,NQC,6,31,NQC
COP2122-190,,TOURISM & HOSPITALITY MANAGEMENT,Rajarata University of Sri Lanka,MONARAGALA,1.4434,value,6,31,1.4434
COP2122-190,,TOURISM & HOSPITALITY MANAGEMENT,Rajarata University of Sri Lanka,KEGALLE,1.4116,value,6,31,1.4116
COP2122-190,,TOURISM & HOSPITALITY MANAGEMENT,Rajarata University of Sri Lanka,RATNAPURA,1.4422,value,6,31,1.4422
COP2122-191,,TOURISM & HOSPITALITY MANAGEMENT,Sabaragamuwa University of Sri Lanka,COLOMBO,1.3773,value,6,32,1.3773
COP2122-191,,TOURISM & HOSPITALITY MANAGEMENT,Sabaragamuwa University of Sri Lanka,GAMPAHA,1.3852,value,6,32,1.3852
COP2122-191,,TOURISM & HOSPITALITY MANAGEMENT,Sabaragamuwa University of Sri Lanka,KALUTARA,1.3910,value,6,32,1.3910
COP2122-191,,TOURISM & HOSPITALITY MANAGEMENT,Sabaragamuwa University of Sri Lanka,MATALE,1.4481,value,6,32,1.4481
COP2122-191,,TOURISM & HOSPITALITY MANAGEMENT,Sabaragamuwa University of Sri Lanka,KANDY,1.4187,value,6,32,1.4187
COP2122-191,,TOURISM & HOSPITALITY MANAGEMENT,Sabaragamuwa University of Sri Lanka,NUWARA ELIYA,1.3756,value,6,32,1.3756
COP2122-191,,TOURISM & HOSPITALITY MANAGEMENT,Sabaragamuwa University of Sri Lanka,GALLE,1.4132,value,6,32,1.4132
COP2122-191,,TOURISM & HOSPITALITY MANAGEMENT,Sabaragamuwa University of Sri Lanka,MATARA,1.4330,value,6,32,1.4330
COP2122-191,,TOURISM & HOSPITALITY MANAGEMENT,Sabaragamuwa University of Sri Lanka,HAMBANTOTA,1.4394,value,6,32,1.4394
COP2122-191,,TOURISM & HOSPITALITY MANAGEMENT,Sabaragamuwa University of Sri Lanka,JAFFNA,1.4286,value,6,32,1.4286
COP2122-191,,TOURISM & HOSPITALITY MANAGEMENT,Sabaragamuwa University of Sri Lanka,KILINOCHCHI,1.4219,value,6,32,1.4219
COP2122-191,,TOURISM & HOSPITALITY MANAGEMENT,Sabaragamuwa University of Sri Lanka,MANNAR,1.4114,value,6,32,1.4114
COP2122-191,,TOURISM & HOSPITALITY MANAGEMENT,Sabaragamuwa University of Sri Lanka,MULLAITIVU,,NQC,6,32,NQC
COP2122-191,,TOURISM & HOSPITALITY MANAGEMENT,Sabaragamuwa University of Sri Lanka,VAVUNIYA,,NQC,6,32,NQC
COP2122-191,,TOURISM & HOSPITALITY MANAGEMENT,Sabaragamuwa University of Sri Lanka,TRINCOMALEE,,NQC,6,32,NQC
COP2122-191,,TOURISM & HOSPITALITY MANAGEMENT,Sabaragamuwa University of Sri Lanka,BATTICALOA,,NQC,6,32,NQC
COP2122-191,,TOURISM & HOSPITALITY MANAGEMENT,Sabaragamuwa University of Sri Lanka,AMPARA,1.4976,value,6,32,1.4976
COP2122-191,,TOURISM & HOSPITALITY MANAGEMENT,Sabaragamuwa University of Sri Lanka,PUTTALAM,1.4047,value,6,32,1.4047
COP2122-191,,TOURISM & HOSPITALITY MANAGEMENT,Sabaragamuwa University of Sri Lanka,KURUNEGALA,1.4092,value,6,32,1.4092
COP2122-191,,TOURISM & HOSPITALITY MANAGEMENT,Sabaragamuwa University of Sri Lanka,ANURADHAPURA,1.3745,value,6,32,1.3745
COP2122-191,,TOURISM & HOSPITALITY MANAGEMENT,Sabaragamuwa University of Sri Lanka,POLONNARUWA,1.4847,value,6,32,1.4847
COP2122-191,,TOURISM & HOSPITALITY MANAGEMENT,Sabaragamuwa University of Sri Lanka,BADULLA,1.3626,value,6,32,1.3626
COP2122-191,,TOURISM & HOSPITALITY MANAGEMENT,Sabaragamuwa University of Sri Lanka,MONARAGALA,1.3722,value,6,32,1.3722
COP2122-191,,TOURISM & HOSPITALITY MANAGEMENT,Sabaragamuwa University of Sri Lanka,KEGALLE,1.4198,value,6,32,1.4198
COP2122-191,,TOURISM & HOSPITALITY MANAGEMENT,Sabaragamuwa University of Sri Lanka,RATNAPURA,1.3609,value,6,32,1.3609
COP2122-192,,AGRICULTURAL RESOURCE MANAGEMENT AND TECHNOLOGY,University of Ruhuna,COLOMBO,0.7229,value,7,1,0.7229
COP2122-192,,AGRICULTURAL RESOURCE MANAGEMENT AND TECHNOLOGY,University of Ruhuna,GAMPAHA,0.6386,value,7,1,0.6386
COP2122-192,,AGRICULTURAL RESOURCE MANAGEMENT AND TECHNOLOGY,University of Ruhuna,KALUTARA,0.8260,value,7,1,0.8260
COP2122-192,,AGRICULTURAL RESOURCE MANAGEMENT AND TECHNOLOGY,University of Ruhuna,MATALE,0.8408,value,7,1,0.8408
COP2122-192,,AGRICULTURAL RESOURCE MANAGEMENT AND TECHNOLOGY,University of Ruhuna,KANDY,0.8647,value,7,1,0.8647
COP2122-192,,AGRICULTURAL RESOURCE MANAGEMENT AND TECHNOLOGY,University of Ruhuna,NUWARA ELIYA,0.6723,value,7,1,0.6723
COP2122-192,,AGRICULTURAL RESOURCE MANAGEMENT AND TECHNOLOGY,University of Ruhuna,GALLE,0.9061,value,7,1,0.9061
COP2122-192,,AGRICULTURAL RESOURCE MANAGEMENT AND TECHNOLOGY,University of Ruhuna,MATARA,0.9053,value,7,1,0.9053
COP2122-192,,AGRICULTURAL RESOURCE MANAGEMENT AND TECHNOLOGY,University of Ruhuna,HAMBANTOTA,0.8541,value,7,1,0.8541
COP2122-192,,AGRICULTURAL RESOURCE MANAGEMENT AND TECHNOLOGY,University of Ruhuna,JAFFNA,0.6315,value,7,1,0.6315
COP2122-192,,AGRICULTURAL RESOURCE MANAGEMENT AND TECHNOLOGY,University of Ruhuna,KILINOCHCHI,0.6610,value,7,1,0.6610
COP2122-192,,AGRICULTURAL RESOURCE MANAGEMENT AND TECHNOLOGY,University of Ruhuna,MANNAR,0.4713,value,7,1,0.4713
COP2122-192,,AGRICULTURAL RESOURCE MANAGEMENT AND TECHNOLOGY,University of Ruhuna,MULLAITIVU,0.3455,value,7,1,0.3455
COP2122-192,,AGRICULTURAL RESOURCE MANAGEMENT AND TECHNOLOGY,University of Ruhuna,VAVUNIYA,0.9394,value,7,1,0.9394
COP2122-192,,AGRICULTURAL RESOURCE MANAGEMENT AND TECHNOLOGY,University of Ruhuna,TRINCOMALEE,0.6247,value,7,1,0.6247
COP2122-192,,AGRICULTURAL RESOURCE MANAGEMENT AND TECHNOLOGY,University of Ruhuna,BATTICALOA,0.5726,value,7,1,0.5726
COP2122-192,,AGRICULTURAL RESOURCE MANAGEMENT AND TECHNOLOGY,University of Ruhuna,AMPARA,0.8150,value,7,1,0.8150
COP2122-192,,AGRICULTURAL RESOURCE MANAGEMENT AND TECHNOLOGY,University of Ruhuna,PUTTALAM,0.6850,value,7,1,0.6850
COP2122-192,,AGRICULTURAL RESOURCE MANAGEMENT AND TECHNOLOGY,University of Ruhuna,KURUNEGALA,0.8215,value,7,1,0.8215
COP2122-192,,AGRICULTURAL RESOURCE MANAGEMENT AND TECHNOLOGY,University of Ruhuna,ANURADHAPURA,0.8715,value,7,1,0.8715
COP2122-192,,AGRICULTURAL RESOURCE MANAGEMENT AND TECHNOLOGY,University of Ruhuna,POLONNARUWA,0.7467,value,7,1,0.7467
COP2122-192,,AGRICULTURAL RESOURCE MANAGEMENT AND TECHNOLOGY,University of Ruhuna,BADULLA,0.7769,value,7,1,0.7769
COP2122-192,,AGRICULTURAL RESOURCE MANAGEMENT AND TECHNOLOGY,University of Ruhuna,MONARAGALA,0.7690,value,7,1,0.7690
COP2122-192,,AGRICULTURAL RESOURCE MANAGEMENT AND TECHNOLOGY,University of Ruhuna,KEGALLE,0.8751,value,7,1,0.8751
COP2122-192,,AGRICULTURAL RESOURCE MANAGEMENT AND TECHNOLOGY,University of Ruhuna,RATNAPURA,0.8454,value,7,1,0.8454
COP2122-193,,AGRI BUSINESS MANAGEMENT,University of Ruhuna,COLOMBO,0.7269,value,7,2,0.7269
COP2122-193,,AGRI BUSINESS MANAGEMENT,University of Ruhuna,GAMPAHA,0.6597,value,7,2,0.6597
COP2122-193,,AGRI BUSINESS MANAGEMENT,University of Ruhuna,KALUTARA,0.7919,value,7,2,0.7919
COP2122-193,,AGRI BUSINESS MANAGEMENT,University of Ruhuna,MATALE,0.8045,value,7,2,0.8045
COP2122-193,,AGRI BUSINESS MANAGEMENT,University of Ruhuna,KANDY,0.8178,value,7,2,0.8178
COP2122-193,,AGRI BUSINESS MANAGEMENT,University of Ruhuna,NUWARA ELIYA,0.6617,value,7,2,0.6617
COP2122-193,,AGRI BUSINESS MANAGEMENT,University of Ruhuna,GALLE,0.8494,value,7,2,0.8494
COP2122-193,,AGRI BUSINESS MANAGEMENT,University of Ruhuna,MATARA,0.8442,value,7,2,0.8442
COP2122-193,,AGRI BUSINESS MANAGEMENT,University of Ruhuna,HAMBANTOTA,0.8274,value,7,2,0.8274
COP2122-193,,AGRI BUSINESS MANAGEMENT,University of Ruhuna,JAFFNA,0.6428,value,7,2,0.6428
COP2122-193,,AGRI BUSINESS MANAGEMENT,University of Ruhuna,KILINOCHCHI,0.3209,value,7,2,0.3209
COP2122-193,,AGRI BUSINESS MANAGEMENT,University of Ruhuna,MANNAR,0.2278,value,7,2,0.2278
COP2122-193,,AGRI BUSINESS MANAGEMENT,University of Ruhuna,MULLAITIVU,0.3415,value,7,2,0.3415
COP2122-193,,AGRI BUSINESS MANAGEMENT,University of Ruhuna,VAVUNIYA,0.4953,value,7,2,0.4953
COP2122-193,,AGRI BUSINESS MANAGEMENT,University of Ruhuna,TRINCOMALEE,0.5383,value,7,2,0.5383
COP2122-193,,AGRI BUSINESS MANAGEMENT,University of Ruhuna,BATTICALOA,0.5178,value,7,2,0.5178
COP2122-193,,AGRI BUSINESS MANAGEMENT,University of Ruhuna,AMPARA,0.7760,value,7,2,0.7760
COP2122-193,,AGRI BUSINESS MANAGEMENT,University of Ruhuna,PUTTALAM,0.5623,value,7,2,0.5623
COP2122-193,,AGRI BUSINESS MANAGEMENT,University of Ruhuna,KURUNEGALA,0.8083,value,7,2,0.8083
COP2122-193,,AGRI BUSINESS MANAGEMENT,University of Ruhuna,ANURADHAPURA,0.7935,value,7,2,0.7935
COP2122-193,,AGRI BUSINESS MANAGEMENT,University of Ruhuna,POLONNARUWA,0.8362,value,7,2,0.8362
COP2122-193,,AGRI BUSINESS MANAGEMENT,University of Ruhuna,BADULLA,0.7216,value,7,2,0.7216
COP2122-193,,AGRI BUSINESS MANAGEMENT,University of Ruhuna,MONARAGALA,0.7526,value,7,2,0.7526
COP2122-193,,AGRI BUSINESS MANAGEMENT,University of Ruhuna,KEGALLE,0.8240,value,7,2,0.8240
COP2122-193,,AGRI BUSINESS MANAGEMENT,University of Ruhuna,RATNAPURA,0.7893,value,7,2,0.7893
COP2122-194,,GREEN TECHNOLOGY,University of Ruhuna,COLOMBO,0.9164,value,7,3,0.9164
COP2122-194,,GREEN TECHNOLOGY,University of Ruhuna,GAMPAHA,0.7857,value,7,3,0.7857
COP2122-194,,GREEN TECHNOLOGY,University of Ruhuna,KALUTARA,0.8999,value,7,3,0.8999
COP2122-194,,GREEN TECHNOLOGY,University of Ruhuna,MATALE,0.8457,value,7,3,0.8457
COP2122-194,,GREEN TECHNOLOGY,University of Ruhuna,KANDY,0.9187,value,7,3,0.9187
COP2122-194,,GREEN TECHNOLOGY,University of Ruhuna,NUWARA ELIYA,0.8873,value,7,3,0.8873
COP2122-194,,GREEN TECHNOLOGY,University of Ruhuna,GALLE,0.9326,value,7,3,0.9326
COP2122-194,,GREEN TECHNOLOGY,University of Ruhuna,MATARA,0.9710,value,7,3,0.9710
COP2122-194,,GREEN TECHNOLOGY,University of Ruhuna,HAMBANTOTA,0.9351,value,7,3,0.9351
COP2122-194,,GREEN TECHNOLOGY,University of Ruhuna,JAFFNA,0.8503,value,7,3,0.8503
COP2122-194,,GREEN TECHNOLOGY,University of Ruhuna,KILINOCHCHI,0.3812,value,7,3,0.3812
COP2122-194,,GREEN TECHNOLOGY,University of Ruhuna,MANNAR,0.6323,value,7,3,0.6323
COP2122-194,,GREEN TECHNOLOGY,University of Ruhuna,MULLAITIVU,0.4770,value,7,3,0.4770
COP2122-194,,GREEN TECHNOLOGY,University of Ruhuna,VAVUNIYA,0.3734,value,7,3,0.3734
COP2122-194,,GREEN TECHNOLOGY,University of Ruhuna,TRINCOMALEE,0.8739,value,7,3,0.8739
COP2122-194,,GREEN TECHNOLOGY,University of Ruhuna,BATTICALOA,0.7644,value,7,3,0.7644
COP2122-194,,GREEN TECHNOLOGY,University of Ruhuna,AMPARA,0.7459,value,7,3,0.7459
COP2122-194,,GREEN TECHNOLOGY,University of Ruhuna,PUTTALAM,0.7132,value,7,3,0.7132
COP2122-194,,GREEN TECHNOLOGY,University of Ruhuna,KURUNEGALA,0.8047,value,7,3,0.8047
COP2122-194,,GREEN TECHNOLOGY,University of Ruhuna,ANURADHAPURA,0.6542,value,7,3,0.6542
COP2122-194,,GREEN TECHNOLOGY,University of Ruhuna,POLONNARUWA,0.4575,value,7,3,0.4575
COP2122-194,,GREEN TECHNOLOGY,University of Ruhuna,BADULLA,0.8808,value,7,3,0.8808
COP2122-194,,GREEN TECHNOLOGY,University of Ruhuna,MONARAGALA,0.7540,value,7,3,0.7540
COP2122-194,,GREEN TECHNOLOGY,University of Ruhuna,KEGALLE,0.9706,value,7,3,0.9706
COP2122-194,,GREEN TECHNOLOGY,University of Ruhuna,RATNAPURA,0.9231,value,7,3,0.9231
COP2122-195,,SCIENCE AND TECHNOLOGY,Uva Wellassa University of Sri Lanka,COLOMBO,0.8662,value,7,4,0.8662
COP2122-195,,SCIENCE AND TECHNOLOGY,Uva Wellassa University of Sri Lanka,GAMPAHA,0.8845,value,7,4,0.8845
COP2122-195,,SCIENCE AND TECHNOLOGY,Uva Wellassa University of Sri Lanka,KALUTARA,0.9188,value,7,4,0.9188
COP2122-195,,SCIENCE AND TECHNOLOGY,Uva Wellassa University of Sri Lanka,MATALE,0.9340,value,7,4,0.9340
COP2122-195,,SCIENCE AND TECHNOLOGY,Uva Wellassa University of Sri Lanka,KANDY,0.8886,value,7,4,0.8886
COP2122-195,,SCIENCE AND TECHNOLOGY,Uva Wellassa University of Sri Lanka,NUWARA ELIYA,0.7145,value,7,4,0.7145
COP2122-195,,SCIENCE AND TECHNOLOGY,Uva Wellassa University of Sri Lanka,GALLE,0.9616,value,7,4,0.9616
COP2122-195,,SCIENCE AND TECHNOLOGY,Uva Wellassa University of Sri Lanka,MATARA,0.9421,value,7,4,0.9421
COP2122-195,,SCIENCE AND TECHNOLOGY,Uva Wellassa University of Sri Lanka,HAMBANTOTA,0.9792,value,7,4,0.9792
COP2122-195,,SCIENCE AND TECHNOLOGY,Uva Wellassa University of Sri Lanka,JAFFNA,0.9874,value,7,4,0.9874
COP2122-195,,SCIENCE AND TECHNOLOGY,Uva Wellassa University of Sri Lanka,KILINOCHCHI,0.9496,value,7,4,0.9496
COP2122-195,,SCIENCE AND TECHNOLOGY,Uva Wellassa University of Sri Lanka,MANNAR,0.3471,value,7,4,0.3471
COP2122-195,,SCIENCE AND TECHNOLOGY,Uva Wellassa University of Sri Lanka,MULLAITIVU,0.5963,value,7,4,0.5963
COP2122-195,,SCIENCE AND TECHNOLOGY,Uva Wellassa University of Sri Lanka,VAVUNIYA,0.8065,value,7,4,0.8065
COP2122-195,,SCIENCE AND TECHNOLOGY,Uva Wellassa University of Sri Lanka,TRINCOMALEE,0.7855,value,7,4,0.7855
COP2122-195,,SCIENCE AND TECHNOLOGY,Uva Wellassa University of Sri Lanka,BATTICALOA,0.8818,value,7,4,0.8818
COP2122-195,,SCIENCE AND TECHNOLOGY,Uva Wellassa University of Sri Lanka,AMPARA,0.9411,value,7,4,0.9411
COP2122-195,,SCIENCE AND TECHNOLOGY,Uva Wellassa University of Sri Lanka,PUTTALAM,0.8438,value,7,4,0.8438
COP2122-195,,SCIENCE AND TECHNOLOGY,Uva Wellassa University of Sri Lanka,KURUNEGALA,0.8992,value,7,4,0.8992
COP2122-195,,SCIENCE AND TECHNOLOGY,Uva Wellassa University of Sri Lanka,ANURADHAPURA,0.8065,value,7,4,0.8065
COP2122-195,,SCIENCE AND TECHNOLOGY,Uva Wellassa University of Sri Lanka,POLONNARUWA,0.7431,value,7,4,0.7431
COP2122-195,,SCIENCE AND TECHNOLOGY,Uva Wellassa University of Sri Lanka,BADULLA,0.9210,value,7,4,0.9210
COP2122-195,,SCIENCE AND TECHNOLOGY,Uva Wellassa University of Sri Lanka,MONARAGALA,0.8382,value,7,4,0.8382
COP2122-195,,SCIENCE AND TECHNOLOGY,Uva Wellassa University of Sri Lanka,KEGALLE,0.8956,value,7,4,0.8956
COP2122-195,,SCIENCE AND TECHNOLOGY,Uva Wellassa University of Sri Lanka,RATNAPURA,0.8532,value,7,4,0.8532
COP2122-196,,COMPUTER SCIENCE & TECHNOLOGY,Uva Wellassa University of Sri Lanka,COLOMBO,0.8963,value,7,5,0.8963
COP2122-196,,COMPUTER SCIENCE & TECHNOLOGY,Uva Wellassa University of Sri Lanka,GAMPAHA,0.8667,value,7,5,0.8667
COP2122-196,,COMPUTER SCIENCE & TECHNOLOGY,Uva Wellassa University of Sri Lanka,KALUTARA,0.7997,value,7,5,0.7997
COP2122-196,,COMPUTER SCIENCE & TECHNOLOGY,Uva Wellassa University of Sri Lanka,MATALE,1.0165,value,7,5,1.0165
COP2122-196,,COMPUTER SCIENCE & TECHNOLOGY,Uva Wellassa University of Sri Lanka,KANDY,0.9048,value,7,5,0.9048
COP2122-196,,COMPUTER SCIENCE & TECHNOLOGY,Uva Wellassa University of Sri Lanka,NUWARA ELIYA,0.5706,value,7,5,0.5706
COP2122-196,,COMPUTER SCIENCE & TECHNOLOGY,Uva Wellassa University of Sri Lanka,GALLE,1.0531,value,7,5,1.0531
COP2122-196,,COMPUTER SCIENCE & TECHNOLOGY,Uva Wellassa University of Sri Lanka,MATARA,1.1777,value,7,5,1.1777
COP2122-196,,COMPUTER SCIENCE & TECHNOLOGY,Uva Wellassa University of Sri Lanka,HAMBANTOTA,1.0073,value,7,5,1.0073
COP2122-196,,COMPUTER SCIENCE & TECHNOLOGY,Uva Wellassa University of Sri Lanka,JAFFNA,1.1762,value,7,5,1.1762
COP2122-196,,COMPUTER SCIENCE & TECHNOLOGY,Uva Wellassa University of Sri Lanka,KILINOCHCHI,0.6331,value,7,5,0.6331
COP2122-196,,COMPUTER SCIENCE & TECHNOLOGY,Uva Wellassa University of Sri Lanka,MANNAR,0.4340,value,7,5,0.4340
COP2122-196,,COMPUTER SCIENCE & TECHNOLOGY,Uva Wellassa University of Sri Lanka,MULLAITIVU,0.3657,value,7,5,0.3657
COP2122-196,,COMPUTER SCIENCE & TECHNOLOGY,Uva Wellassa University of Sri Lanka,VAVUNIYA,0.7205,value,7,5,0.7205
COP2122-196,,COMPUTER SCIENCE & TECHNOLOGY,Uva Wellassa University of Sri Lanka,TRINCOMALEE,0.6119,value,7,5,0.6119
COP2122-196,,COMPUTER SCIENCE & TECHNOLOGY,Uva Wellassa University of Sri Lanka,BATTICALOA,0.9696,value,7,5,0.9696
COP2122-196,,COMPUTER SCIENCE & TECHNOLOGY,Uva Wellassa University of Sri Lanka,AMPARA,1.1016,value,7,5,1.1016
COP2122-196,,COMPUTER SCIENCE & TECHNOLOGY,Uva Wellassa University of Sri Lanka,PUTTALAM,0.8475,value,7,5,0.8475
COP2122-196,,COMPUTER SCIENCE & TECHNOLOGY,Uva Wellassa University of Sri Lanka,KURUNEGALA,1.0046,value,7,5,1.0046
COP2122-196,,COMPUTER SCIENCE & TECHNOLOGY,Uva Wellassa University of Sri Lanka,ANURADHAPURA,0.7168,value,7,5,0.7168
COP2122-196,,COMPUTER SCIENCE & TECHNOLOGY,Uva Wellassa University of Sri Lanka,POLONNARUWA,0.7926,value,7,5,0.7926
COP2122-196,,COMPUTER SCIENCE & TECHNOLOGY,Uva Wellassa University of Sri Lanka,BADULLA,1.0654,value,7,5,1.0654
COP2122-196,,COMPUTER SCIENCE & TECHNOLOGY,Uva Wellassa University of Sri Lanka,MONARAGALA,0.8452,value,7,5,0.8452
COP2122-196,,COMPUTER SCIENCE & TECHNOLOGY,Uva Wellassa University of Sri Lanka,KEGALLE,1.1236,value,7,5,1.1236
COP2122-196,,COMPUTER SCIENCE & TECHNOLOGY,Uva Wellassa University of Sri Lanka,RATNAPURA,0.6999,value,7,5,0.6999
COP2122-197,,ENTREPRENEURSHIP AND MANAGEMENT,Uva Wellassa University of Sri Lanka,COLOMBO,1.1359,value,7,6,1.1359
COP2122-197,,ENTREPRENEURSHIP AND MANAGEMENT,Uva Wellassa University of Sri Lanka,GAMPAHA,1.1187,value,7,6,1.1187
COP2122-197,,ENTREPRENEURSHIP AND MANAGEMENT,Uva Wellassa University of Sri Lanka,KALUTARA,1.1510,value,7,6,1.1510
COP2122-197,,ENTREPRENEURSHIP AND MANAGEMENT,Uva Wellassa University of Sri Lanka,MATALE,1.0444,value,7,6,1.0444
COP2122-197,,ENTREPRENEURSHIP AND MANAGEMENT,Uva Wellassa University of Sri Lanka,KANDY,1.1798,value,7,6,1.1798
COP2122-197,,ENTREPRENEURSHIP AND MANAGEMENT,Uva Wellassa University of Sri Lanka,NUWARA ELIYA,1.0359,value,7,6,1.0359
COP2122-197,,ENTREPRENEURSHIP AND MANAGEMENT,Uva Wellassa University of Sri Lanka,GALLE,1.1929,value,7,6,1.1929
COP2122-197,,ENTREPRENEURSHIP AND MANAGEMENT,Uva Wellassa University of Sri Lanka,MATARA,1.1850,value,7,6,1.1850
COP2122-197,,ENTREPRENEURSHIP AND MANAGEMENT,Uva Wellassa University of Sri Lanka,HAMBANTOTA,1.0071,value,7,6,1.0071
COP2122-197,,ENTREPRENEURSHIP AND MANAGEMENT,Uva Wellassa University of Sri Lanka,JAFFNA,1.0668,value,7,6,1.0668
COP2122-197,,ENTREPRENEURSHIP AND MANAGEMENT,Uva Wellassa University of Sri Lanka,KILINOCHCHI,0.8604,value,7,6,0.8604
COP2122-197,,ENTREPRENEURSHIP AND MANAGEMENT,Uva Wellassa University of Sri Lanka,MANNAR,1.0096,value,7,6,1.0096
COP2122-197,,ENTREPRENEURSHIP AND MANAGEMENT,Uva Wellassa University of Sri Lanka,MULLAITIVU,0.9429,value,7,6,0.9429
COP2122-197,,ENTREPRENEURSHIP AND MANAGEMENT,Uva Wellassa University of Sri Lanka,VAVUNIYA,0.9975,value,7,6,0.9975
COP2122-197,,ENTREPRENEURSHIP AND MANAGEMENT,Uva Wellassa University of Sri Lanka,TRINCOMALEE,1.0584,value,7,6,1.0584
COP2122-197,,ENTREPRENEURSHIP AND MANAGEMENT,Uva Wellassa University of Sri Lanka,BATTICALOA,1.0808,value,7,6,1.0808
COP2122-197,,ENTREPRENEURSHIP AND MANAGEMENT,Uva Wellassa University of Sri Lanka,AMPARA,1.1505,value,7,6,1.1505
COP2122-197,,ENTREPRENEURSHIP AND MANAGEMENT,Uva Wellassa University of Sri Lanka,PUTTALAM,1.1150,value,7,6,1.1150
COP2122-197,,ENTREPRENEURSHIP AND MANAGEMENT,Uva Wellassa University of Sri Lanka,KURUNEGALA,1.1784,value,7,6,1.1784
COP2122-197,,ENTREPRENEURSHIP AND MANAGEMENT,Uva Wellassa University of Sri Lanka,ANURADHAPURA,1.1542,value,7,6,1.1542
COP2122-197,,ENTREPRENEURSHIP AND MANAGEMENT,Uva Wellassa University of Sri Lanka,POLONNARUWA,1.1311,value,7,6,1.1311
COP2122-197,,ENTREPRENEURSHIP AND MANAGEMENT,Uva Wellassa University of Sri Lanka,BADULLA,1.0816,value,7,6,1.0816
COP2122-197,,ENTREPRENEURSHIP AND MANAGEMENT,Uva Wellassa University of Sri Lanka,MONARAGALA,1.2073,value,7,6,1.2073
COP2122-197,,ENTREPRENEURSHIP AND MANAGEMENT,Uva Wellassa University of Sri Lanka,KEGALLE,1.2192,value,7,6,1.2192
COP2122-197,,ENTREPRENEURSHIP AND MANAGEMENT,Uva Wellassa University of Sri Lanka,RATNAPURA,1.1218,value,7,6,1.1218
COP2122-198,,ANIMAL PRODUCTION AND FOOD TECHNOLOGY,Uva Wellassa University of Sri Lanka,COLOMBO,0.6376,value,7,7,0.6376
COP2122-198,,ANIMAL PRODUCTION AND FOOD TECHNOLOGY,Uva Wellassa University of Sri Lanka,GAMPAHA,0.5771,value,7,7,0.5771
COP2122-198,,ANIMAL PRODUCTION AND FOOD TECHNOLOGY,Uva Wellassa University of Sri Lanka,KALUTARA,0.7135,value,7,7,0.7135
COP2122-198,,ANIMAL PRODUCTION AND FOOD TECHNOLOGY,Uva Wellassa University of Sri Lanka,MATALE,0.5812,value,7,7,0.5812
COP2122-198,,ANIMAL PRODUCTION AND FOOD TECHNOLOGY,Uva Wellassa University of Sri Lanka,KANDY,0.7154,value,7,7,0.7154
COP2122-198,,ANIMAL PRODUCTION AND FOOD TECHNOLOGY,Uva Wellassa University of Sri Lanka,NUWARA ELIYA,0.5183,value,7,7,0.5183
COP2122-198,,ANIMAL PRODUCTION AND FOOD TECHNOLOGY,Uva Wellassa University of Sri Lanka,GALLE,0.7620,value,7,7,0.7620
COP2122-198,,ANIMAL PRODUCTION AND FOOD TECHNOLOGY,Uva Wellassa University of Sri Lanka,MATARA,0.7241,value,7,7,0.7241
COP2122-198,,ANIMAL PRODUCTION AND FOOD TECHNOLOGY,Uva Wellassa University of Sri Lanka,HAMBANTOTA,0.7233,value,7,7,0.7233
COP2122-198,,ANIMAL PRODUCTION AND FOOD TECHNOLOGY,Uva Wellassa University of Sri Lanka,JAFFNA,0.6923,value,7,7,0.6923
COP2122-198,,ANIMAL PRODUCTION AND FOOD TECHNOLOGY,Uva Wellassa University of Sri Lanka,KILINOCHCHI,0.2695,value,7,7,0.2695
COP2122-198,,ANIMAL PRODUCTION AND FOOD TECHNOLOGY,Uva Wellassa University of Sri Lanka,MANNAR,0.4775,value,7,7,0.4775
COP2122-198,,ANIMAL PRODUCTION AND FOOD TECHNOLOGY,Uva Wellassa University of Sri Lanka,MULLAITIVU,0.4380,value,7,7,0.4380
COP2122-198,,ANIMAL PRODUCTION AND FOOD TECHNOLOGY,Uva Wellassa University of Sri Lanka,VAVUNIYA,0.5457,value,7,7,0.5457
COP2122-198,,ANIMAL PRODUCTION AND FOOD TECHNOLOGY,Uva Wellassa University of Sri Lanka,TRINCOMALEE,0.7425,value,7,7,0.7425
COP2122-198,,ANIMAL PRODUCTION AND FOOD TECHNOLOGY,Uva Wellassa University of Sri Lanka,BATTICALOA,0.6475,value,7,7,0.6475
COP2122-198,,ANIMAL PRODUCTION AND FOOD TECHNOLOGY,Uva Wellassa University of Sri Lanka,AMPARA,0.6686,value,7,7,0.6686
COP2122-198,,ANIMAL PRODUCTION AND FOOD TECHNOLOGY,Uva Wellassa University of Sri Lanka,PUTTALAM,0.4596,value,7,7,0.4596
COP2122-198,,ANIMAL PRODUCTION AND FOOD TECHNOLOGY,Uva Wellassa University of Sri Lanka,KURUNEGALA,0.6732,value,7,7,0.6732
COP2122-198,,ANIMAL PRODUCTION AND FOOD TECHNOLOGY,Uva Wellassa University of Sri Lanka,ANURADHAPURA,0.5974,value,7,7,0.5974
COP2122-198,,ANIMAL PRODUCTION AND FOOD TECHNOLOGY,Uva Wellassa University of Sri Lanka,POLONNARUWA,0.4221,value,7,7,0.4221
COP2122-198,,ANIMAL PRODUCTION AND FOOD TECHNOLOGY,Uva Wellassa University of Sri Lanka,BADULLA,0.5763,value,7,7,0.5763
COP2122-198,,ANIMAL PRODUCTION AND FOOD TECHNOLOGY,Uva Wellassa University of Sri Lanka,MONARAGALA,0.5528,value,7,7,0.5528
COP2122-198,,ANIMAL PRODUCTION AND FOOD TECHNOLOGY,Uva Wellassa University of Sri Lanka,KEGALLE,0.7031,value,7,7,0.7031
COP2122-198,,ANIMAL PRODUCTION AND FOOD TECHNOLOGY,Uva Wellassa University of Sri Lanka,RATNAPURA,0.6488,value,7,7,0.6488
COP2122-199,,EXPORT AGRICULTURE,Uva Wellassa University of Sri Lanka,COLOMBO,0.6820,value,7,8,0.6820
COP2122-199,,EXPORT AGRICULTURE,Uva Wellassa University of Sri Lanka,GAMPAHA,0.6047,value,7,8,0.6047
COP2122-199,,EXPORT AGRICULTURE,Uva Wellassa University of Sri Lanka,KALUTARA,0.6554,value,7,8,0.6554
COP2122-199,,EXPORT AGRICULTURE,Uva Wellassa University of Sri Lanka,MATALE,0.6677,value,7,8,0.6677
COP2122-199,,EXPORT AGRICULTURE,Uva Wellassa University of Sri Lanka,KANDY,0.7088,value,7,8,0.7088
COP2122-199,,EXPORT AGRICULTURE,Uva Wellassa University of Sri Lanka,NUWARA ELIYA,0.5628,value,7,8,0.5628
COP2122-199,,EXPORT AGRICULTURE,Uva Wellassa University of Sri Lanka,GALLE,0.6639,value,7,8,0.6639
COP2122-199,,EXPORT AGRICULTURE,Uva Wellassa University of Sri Lanka,MATARA,0.7298,value,7,8,0.7298
COP2122-199,,EXPORT AGRICULTURE,Uva Wellassa University of Sri Lanka,HAMBANTOTA,0.7271,value,7,8,0.7271
COP2122-199,,EXPORT AGRICULTURE,Uva Wellassa University of Sri Lanka,JAFFNA,0.6560,value,7,8,0.6560
COP2122-199,,EXPORT AGRICULTURE,Uva Wellassa University of Sri Lanka,KILINOCHCHI,0.2642,value,7,8,0.2642
COP2122-199,,EXPORT AGRICULTURE,Uva Wellassa University of Sri Lanka,MANNAR,0.2019,value,7,8,0.2019
COP2122-199,,EXPORT AGRICULTURE,Uva Wellassa University of Sri Lanka,MULLAITIVU,0.3663,value,7,8,0.3663
COP2122-199,,EXPORT AGRICULTURE,Uva Wellassa University of Sri Lanka,VAVUNIYA,0.4536,value,7,8,0.4536
COP2122-199,,EXPORT AGRICULTURE,Uva Wellassa University of Sri Lanka,TRINCOMALEE,0.5859,value,7,8,0.5859
COP2122-199,,EXPORT AGRICULTURE,Uva Wellassa University of Sri Lanka,BATTICALOA,0.5568,value,7,8,0.5568
COP2122-199,,EXPORT AGRICULTURE,Uva Wellassa University of Sri Lanka,AMPARA,0.6955,value,7,8,0.6955
COP2122-199,,EXPORT AGRICULTURE,Uva Wellassa University of Sri Lanka,PUTTALAM,0.5312,value,7,8,0.5312
COP2122-199,,EXPORT AGRICULTURE,Uva Wellassa University of Sri Lanka,KURUNEGALA,0.6599,value,7,8,0.6599
COP2122-199,,EXPORT AGRICULTURE,Uva Wellassa University of Sri Lanka,ANURADHAPURA,0.6034,value,7,8,0.6034
COP2122-199,,EXPORT AGRICULTURE,Uva Wellassa University of Sri Lanka,POLONNARUWA,0.6440,value,7,8,0.6440
COP2122-199,,EXPORT AGRICULTURE,Uva Wellassa University of Sri Lanka,BADULLA,0.5889,value,7,8,0.5889
COP2122-199,,EXPORT AGRICULTURE,Uva Wellassa University of Sri Lanka,MONARAGALA,0.5101,value,7,8,0.5101
COP2122-199,,EXPORT AGRICULTURE,Uva Wellassa University of Sri Lanka,KEGALLE,0.7170,value,7,8,0.7170
COP2122-199,,EXPORT AGRICULTURE,Uva Wellassa University of Sri Lanka,RATNAPURA,0.6537,value,7,8,0.6537
COP2122-200,,TEA TECHNOLOGY & VALUE ADDITION,Uva Wellassa University of Sri Lanka,COLOMBO,0.7418,value,7,9,0.7418
COP2122-200,,TEA TECHNOLOGY & VALUE ADDITION,Uva Wellassa University of Sri Lanka,GAMPAHA,0.6948,value,7,9,0.6948
COP2122-200,,TEA TECHNOLOGY & VALUE ADDITION,Uva Wellassa University of Sri Lanka,KALUTARA,0.7341,value,7,9,0.7341
COP2122-200,,TEA TECHNOLOGY & VALUE ADDITION,Uva Wellassa University of Sri Lanka,MATALE,0.6216,value,7,9,0.6216
COP2122-200,,TEA TECHNOLOGY & VALUE ADDITION,Uva Wellassa University of Sri Lanka,KANDY,0.6941,value,7,9,0.6941
COP2122-200,,TEA TECHNOLOGY & VALUE ADDITION,Uva Wellassa University of Sri Lanka,NUWARA ELIYA,0.4774,value,7,9,0.4774
COP2122-200,,TEA TECHNOLOGY & VALUE ADDITION,Uva Wellassa University of Sri Lanka,GALLE,0.7425,value,7,9,0.7425
COP2122-200,,TEA TECHNOLOGY & VALUE ADDITION,Uva Wellassa University of Sri Lanka,MATARA,0.7855,value,7,9,0.7855
COP2122-200,,TEA TECHNOLOGY & VALUE ADDITION,Uva Wellassa University of Sri Lanka,HAMBANTOTA,0.7915,value,7,9,0.7915
COP2122-200,,TEA TECHNOLOGY & VALUE ADDITION,Uva Wellassa University of Sri Lanka,JAFFNA,0.7181,value,7,9,0.7181
COP2122-200,,TEA TECHNOLOGY & VALUE ADDITION,Uva Wellassa University of Sri Lanka,KILINOCHCHI,0.3245,value,7,9,0.3245
COP2122-200,,TEA TECHNOLOGY & VALUE ADDITION,Uva Wellassa University of Sri Lanka,MANNAR,0.1859,value,7,9,0.1859
COP2122-200,,TEA TECHNOLOGY & VALUE ADDITION,Uva Wellassa University of Sri Lanka,MULLAITIVU,0.3378,value,7,9,0.3378
COP2122-200,,TEA TECHNOLOGY & VALUE ADDITION,Uva Wellassa University of Sri Lanka,VAVUNIYA,0.3204,value,7,9,0.3204
COP2122-200,,TEA TECHNOLOGY & VALUE ADDITION,Uva Wellassa University of Sri Lanka,TRINCOMALEE,0.6350,value,7,9,0.6350
COP2122-200,,TEA TECHNOLOGY & VALUE ADDITION,Uva Wellassa University of Sri Lanka,BATTICALOA,0.6649,value,7,9,0.6649
COP2122-200,,TEA TECHNOLOGY & VALUE ADDITION,Uva Wellassa University of Sri Lanka,AMPARA,0.6405,value,7,9,0.6405
COP2122-200,,TEA TECHNOLOGY & VALUE ADDITION,Uva Wellassa University of Sri Lanka,PUTTALAM,0.4743,value,7,9,0.4743
COP2122-200,,TEA TECHNOLOGY & VALUE ADDITION,Uva Wellassa University of Sri Lanka,KURUNEGALA,0.7342,value,7,9,0.7342
COP2122-200,,TEA TECHNOLOGY & VALUE ADDITION,Uva Wellassa University of Sri Lanka,ANURADHAPURA,0.7060,value,7,9,0.7060
COP2122-200,,TEA TECHNOLOGY & VALUE ADDITION,Uva Wellassa University of Sri Lanka,POLONNARUWA,0.7273,value,7,9,0.7273
COP2122-200,,TEA TECHNOLOGY & VALUE ADDITION,Uva Wellassa University of Sri Lanka,BADULLA,0.7238,value,7,9,0.7238
COP2122-200,,TEA TECHNOLOGY & VALUE ADDITION,Uva Wellassa University of Sri Lanka,MONARAGALA,0.6034,value,7,9,0.6034
COP2122-200,,TEA TECHNOLOGY & VALUE ADDITION,Uva Wellassa University of Sri Lanka,KEGALLE,0.7876,value,7,9,0.7876
COP2122-200,,TEA TECHNOLOGY & VALUE ADDITION,Uva Wellassa University of Sri Lanka,RATNAPURA,0.7437,value,7,9,0.7437
COP2122-201,,INDUSTRIAL INFORMATION TECHNOLOGY,Uva Wellassa University of Sri Lanka,COLOMBO,0.9017,value,7,10,0.9017
COP2122-201,,INDUSTRIAL INFORMATION TECHNOLOGY,Uva Wellassa University of Sri Lanka,GAMPAHA,1.0177,value,7,10,1.0177
COP2122-201,,INDUSTRIAL INFORMATION TECHNOLOGY,Uva Wellassa University of Sri Lanka,KALUTARA,1.0792,value,7,10,1.0792
COP2122-201,,INDUSTRIAL INFORMATION TECHNOLOGY,Uva Wellassa University of Sri Lanka,MATALE,1.2520,value,7,10,1.2520
COP2122-201,,INDUSTRIAL INFORMATION TECHNOLOGY,Uva Wellassa University of Sri Lanka,KANDY,1.1461,value,7,10,1.1461
COP2122-201,,INDUSTRIAL INFORMATION TECHNOLOGY,Uva Wellassa University of Sri Lanka,NUWARA ELIYA,0.8048,value,7,10,0.8048
COP2122-201,,INDUSTRIAL INFORMATION TECHNOLOGY,Uva Wellassa University of Sri Lanka,GALLE,1.1258,value,7,10,1.1258
COP2122-201,,INDUSTRIAL INFORMATION TECHNOLOGY,Uva Wellassa University of Sri Lanka,MATARA,1.1343,value,7,10,1.1343
COP2122-201,,INDUSTRIAL INFORMATION TECHNOLOGY,Uva Wellassa University of Sri Lanka,HAMBANTOTA,0.9782,value,7,10,0.9782
COP2122-201,,INDUSTRIAL INFORMATION TECHNOLOGY,Uva Wellassa University of Sri Lanka,JAFFNA,1.1402,value,7,10,1.1402
COP2122-201,,INDUSTRIAL INFORMATION TECHNOLOGY,Uva Wellassa University of Sri Lanka,KILINOCHCHI,0.5723,value,7,10,0.5723
COP2122-201,,INDUSTRIAL INFORMATION TECHNOLOGY,Uva Wellassa University of Sri Lanka,MANNAR,1.0459,value,7,10,1.0459
COP2122-201,,INDUSTRIAL INFORMATION TECHNOLOGY,Uva Wellassa University of Sri Lanka,MULLAITIVU,0.1874,value,7,10,0.1874
COP2122-201,,INDUSTRIAL INFORMATION TECHNOLOGY,Uva Wellassa University of Sri Lanka,VAVUNIYA,0.9629,value,7,10,0.9629
COP2122-201,,INDUSTRIAL INFORMATION TECHNOLOGY,Uva Wellassa University of Sri Lanka,TRINCOMALEE,0.7944,value,7,10,0.7944
COP2122-201,,INDUSTRIAL INFORMATION TECHNOLOGY,Uva Wellassa University of Sri Lanka,BATTICALOA,1.0644,value,7,10,1.0644
COP2122-201,,INDUSTRIAL INFORMATION TECHNOLOGY,Uva Wellassa University of Sri Lanka,AMPARA,1.2495,value,7,10,1.2495
COP2122-201,,INDUSTRIAL INFORMATION TECHNOLOGY,Uva Wellassa University of Sri Lanka,PUTTALAM,0.9373,value,7,10,0.9373
COP2122-201,,INDUSTRIAL INFORMATION TECHNOLOGY,Uva Wellassa University of Sri Lanka,KURUNEGALA,1.0494,value,7,10,1.0494
COP2122-201,,INDUSTRIAL INFORMATION TECHNOLOGY,Uva Wellassa University of Sri Lanka,ANURADHAPURA,1.0522,value,7,10,1.0522
COP2122-201,,INDUSTRIAL INFORMATION TECHNOLOGY,Uva Wellassa University of Sri Lanka,POLONNARUWA,1.1091,value,7,10,1.1091
COP2122-201,,INDUSTRIAL INFORMATION TECHNOLOGY,Uva Wellassa University of Sri Lanka,BADULLA,1.1367,value,7,10,1.1367
COP2122-201,,INDUSTRIAL INFORMATION TECHNOLOGY,Uva Wellassa University of Sri Lanka,MONARAGALA,1.1576,value,7,10,1.1576
COP2122-201,,INDUSTRIAL INFORMATION TECHNOLOGY,Uva Wellassa University of Sri Lanka,KEGALLE,1.1382,value,7,10,1.1382
COP2122-201,,INDUSTRIAL INFORMATION TECHNOLOGY,Uva Wellassa University of Sri Lanka,RATNAPURA,0.9973,value,7,10,0.9973
COP2122-202,,MINERAL RESOURCES AND TECHNOLOGY,Uva Wellassa University of Sri Lanka,COLOMBO,0.7985,value,7,11,0.7985
COP2122-202,,MINERAL RESOURCES AND TECHNOLOGY,Uva Wellassa University of Sri Lanka,GAMPAHA,0.7586,value,7,11,0.7586
COP2122-202,,MINERAL RESOURCES AND TECHNOLOGY,Uva Wellassa University of Sri Lanka,KALUTARA,0.7966,value,7,11,0.7966
COP2122-202,,MINERAL RESOURCES AND TECHNOLOGY,Uva Wellassa University of Sri Lanka,MATALE,0.6729,value,7,11,0.6729
COP2122-202,,MINERAL RESOURCES AND TECHNOLOGY,Uva Wellassa University of Sri Lanka,KANDY,0.7375,value,7,11,0.7375
COP2122-202,,MINERAL RESOURCES AND TECHNOLOGY,Uva Wellassa University of Sri Lanka,NUWARA ELIYA,0.5414,value,7,11,0.5414
COP2122-202,,MINERAL RESOURCES AND TECHNOLOGY,Uva Wellassa University of Sri Lanka,GALLE,0.7976,value,7,11,0.7976
COP2122-202,,MINERAL RESOURCES AND TECHNOLOGY,Uva Wellassa University of Sri Lanka,MATARA,0.8070,value,7,11,0.8070
COP2122-202,,MINERAL RESOURCES AND TECHNOLOGY,Uva Wellassa University of Sri Lanka,HAMBANTOTA,0.8142,value,7,11,0.8142
COP2122-202,,MINERAL RESOURCES AND TECHNOLOGY,Uva Wellassa University of Sri Lanka,JAFFNA,0.8233,value,7,11,0.8233
COP2122-202,,MINERAL RESOURCES AND TECHNOLOGY,Uva Wellassa University of Sri Lanka,KILINOCHCHI,0.5668,value,7,11,0.5668
COP2122-202,,MINERAL RESOURCES AND TECHNOLOGY,Uva Wellassa University of Sri Lanka,MANNAR,0.2085,value,7,11,0.2085
COP2122-202,,MINERAL RESOURCES AND TECHNOLOGY,Uva Wellassa University of Sri Lanka,MULLAITIVU,0.5742,value,7,11,0.5742
COP2122-202,,MINERAL RESOURCES AND TECHNOLOGY,Uva Wellassa University of Sri Lanka,VAVUNIYA,0.5414,value,7,11,0.5414
COP2122-202,,MINERAL RESOURCES AND TECHNOLOGY,Uva Wellassa University of Sri Lanka,TRINCOMALEE,0.6814,value,7,11,0.6814
COP2122-202,,MINERAL RESOURCES AND TECHNOLOGY,Uva Wellassa University of Sri Lanka,BATTICALOA,0.6945,value,7,11,0.6945
COP2122-202,,MINERAL RESOURCES AND TECHNOLOGY,Uva Wellassa University of Sri Lanka,AMPARA,0.7517,value,7,11,0.7517
COP2122-202,,MINERAL RESOURCES AND TECHNOLOGY,Uva Wellassa University of Sri Lanka,PUTTALAM,0.6822,value,7,11,0.6822
COP2122-202,,MINERAL RESOURCES AND TECHNOLOGY,Uva Wellassa University of Sri Lanka,KURUNEGALA,0.7748,value,7,11,0.7748
COP2122-202,,MINERAL RESOURCES AND TECHNOLOGY,Uva Wellassa University of Sri Lanka,ANURADHAPURA,0.7364,value,7,11,0.7364
COP2122-202,,MINERAL RESOURCES AND TECHNOLOGY,Uva Wellassa University of Sri Lanka,POLONNARUWA,0.7876,value,7,11,0.7876
COP2122-202,,MINERAL RESOURCES AND TECHNOLOGY,Uva Wellassa University of Sri Lanka,BADULLA,0.7242,value,7,11,0.7242
COP2122-202,,MINERAL RESOURCES AND TECHNOLOGY,Uva Wellassa University of Sri Lanka,MONARAGALA,0.5751,value,7,11,0.5751
COP2122-202,,MINERAL RESOURCES AND TECHNOLOGY,Uva Wellassa University of Sri Lanka,KEGALLE,0.8009,value,7,11,0.8009
COP2122-202,,MINERAL RESOURCES AND TECHNOLOGY,Uva Wellassa University of Sri Lanka,RATNAPURA,0.8145,value,7,11,0.8145
COP2122-203,,AQUATIC RESOURCES TECHNOLOGY,Uva Wellassa University of Sri Lanka,COLOMBO,0.6243,value,7,12,0.6243
COP2122-203,,AQUATIC RESOURCES TECHNOLOGY,Uva Wellassa University of Sri Lanka,GAMPAHA,0.5630,value,7,12,0.5630
COP2122-203,,AQUATIC RESOURCES TECHNOLOGY,Uva Wellassa University of Sri Lanka,KALUTARA,0.6519,value,7,12,0.6519
COP2122-203,,AQUATIC RESOURCES TECHNOLOGY,Uva Wellassa University of Sri Lanka,MATALE,0.6137,value,7,12,0.6137
COP2122-203,,AQUATIC RESOURCES TECHNOLOGY,Uva Wellassa University of Sri Lanka,KANDY,0.6746,value,7,12,0.6746
COP2122-203,,AQUATIC RESOURCES TECHNOLOGY,Uva Wellassa University of Sri Lanka,NUWARA ELIYA,0.5367,value,7,12,0.5367
COP2122-203,,AQUATIC RESOURCES TECHNOLOGY,Uva Wellassa University of Sri Lanka,GALLE,0.6850,value,7,12,0.6850
COP2122-203,,AQUATIC RESOURCES TECHNOLOGY,Uva Wellassa University of Sri Lanka,MATARA,0.7028,value,7,12,0.7028
COP2122-203,,AQUATIC RESOURCES TECHNOLOGY,Uva Wellassa University of Sri Lanka,HAMBANTOTA,0.6587,value,7,12,0.6587
COP2122-203,,AQUATIC RESOURCES TECHNOLOGY,Uva Wellassa University of Sri Lanka,JAFFNA,0.6482,value,7,12,0.6482
COP2122-203,,AQUATIC RESOURCES TECHNOLOGY,Uva Wellassa University of Sri Lanka,KILINOCHCHI,0.2282,value,7,12,0.2282
COP2122-203,,AQUATIC RESOURCES TECHNOLOGY,Uva Wellassa University of Sri Lanka,MANNAR,0.1988,value,7,12,0.1988
COP2122-203,,AQUATIC RESOURCES TECHNOLOGY,Uva Wellassa University of Sri Lanka,MULLAITIVU,0.4261,value,7,12,0.4261
COP2122-203,,AQUATIC RESOURCES TECHNOLOGY,Uva Wellassa University of Sri Lanka,VAVUNIYA,0.4666,value,7,12,0.4666
COP2122-203,,AQUATIC RESOURCES TECHNOLOGY,Uva Wellassa University of Sri Lanka,TRINCOMALEE,0.5709,value,7,12,0.5709
COP2122-203,,AQUATIC RESOURCES TECHNOLOGY,Uva Wellassa University of Sri Lanka,BATTICALOA,0.5373,value,7,12,0.5373
COP2122-203,,AQUATIC RESOURCES TECHNOLOGY,Uva Wellassa University of Sri Lanka,AMPARA,0.6706,value,7,12,0.6706
COP2122-203,,AQUATIC RESOURCES TECHNOLOGY,Uva Wellassa University of Sri Lanka,PUTTALAM,0.4732,value,7,12,0.4732
COP2122-203,,AQUATIC RESOURCES TECHNOLOGY,Uva Wellassa University of Sri Lanka,KURUNEGALA,0.6608,value,7,12,0.6608
COP2122-203,,AQUATIC RESOURCES TECHNOLOGY,Uva Wellassa University of Sri Lanka,ANURADHAPURA,0.5641,value,7,12,0.5641
COP2122-203,,AQUATIC RESOURCES TECHNOLOGY,Uva Wellassa University of Sri Lanka,POLONNARUWA,0.5611,value,7,12,0.5611
COP2122-203,,AQUATIC RESOURCES TECHNOLOGY,Uva Wellassa University of Sri Lanka,BADULLA,0.5714,value,7,12,0.5714
COP2122-203,,AQUATIC RESOURCES TECHNOLOGY,Uva Wellassa University of Sri Lanka,MONARAGALA,0.4850,value,7,12,0.4850
COP2122-203,,AQUATIC RESOURCES TECHNOLOGY,Uva Wellassa University of Sri Lanka,KEGALLE,0.6880,value,7,12,0.6880
COP2122-203,,AQUATIC RESOURCES TECHNOLOGY,Uva Wellassa University of Sri Lanka,RATNAPURA,0.5978,value,7,12,0.5978
COP2122-204,,PALM AND LATEX TECHNOLOGY & VALUE ADDITION,Uva Wellassa University of Sri Lanka,COLOMBO,0.6814,value,7,13,0.6814
COP2122-204,,PALM AND LATEX TECHNOLOGY & VALUE ADDITION,Uva Wellassa University of Sri Lanka,GAMPAHA,0.6849,value,7,13,0.6849
COP2122-204,,PALM AND LATEX TECHNOLOGY & VALUE ADDITION,Uva Wellassa University of Sri Lanka,KALUTARA,0.7093,value,7,13,0.7093
COP2122-204,,PALM AND LATEX TECHNOLOGY & VALUE ADDITION,Uva Wellassa University of Sri Lanka,MATALE,0.5803,value,7,13,0.5803
COP2122-204,,PALM AND LATEX TECHNOLOGY & VALUE ADDITION,Uva Wellassa University of Sri Lanka,KANDY,0.6702,value,7,13,0.6702
COP2122-204,,PALM AND LATEX TECHNOLOGY & VALUE ADDITION,Uva Wellassa University of Sri Lanka,NUWARA ELIYA,0.4481,value,7,13,0.4481
COP2122-204,,PALM AND LATEX TECHNOLOGY & VALUE ADDITION,Uva Wellassa University of Sri Lanka,GALLE,0.7087,value,7,13,0.7087
COP2122-204,,PALM AND LATEX TECHNOLOGY & VALUE ADDITION,Uva Wellassa University of Sri Lanka,MATARA,0.7080,value,7,13,0.7080
COP2122-204,,PALM AND LATEX TECHNOLOGY & VALUE ADDITION,Uva Wellassa University of Sri Lanka,HAMBANTOTA,0.7117,value,7,13,0.7117
COP2122-204,,PALM AND LATEX TECHNOLOGY & VALUE ADDITION,Uva Wellassa University of Sri Lanka,JAFFNA,0.7064,value,7,13,0.7064
COP2122-204,,PALM AND LATEX TECHNOLOGY & VALUE ADDITION,Uva Wellassa University of Sri Lanka,KILINOCHCHI,0.3176,value,7,13,0.3176
COP2122-204,,PALM AND LATEX TECHNOLOGY & VALUE ADDITION,Uva Wellassa University of Sri Lanka,MANNAR,0.0991,value,7,13,0.0991
COP2122-204,,PALM AND LATEX TECHNOLOGY & VALUE ADDITION,Uva Wellassa University of Sri Lanka,MULLAITIVU,0.3125,value,7,13,0.3125
COP2122-204,,PALM AND LATEX TECHNOLOGY & VALUE ADDITION,Uva Wellassa University of Sri Lanka,VAVUNIYA,0.4349,value,7,13,0.4349
COP2122-204,,PALM AND LATEX TECHNOLOGY & VALUE ADDITION,Uva Wellassa University of Sri Lanka,TRINCOMALEE,0.5626,value,7,13,0.5626
COP2122-204,,PALM AND LATEX TECHNOLOGY & VALUE ADDITION,Uva Wellassa University of Sri Lanka,BATTICALOA,0.5010,value,7,13,0.5010
COP2122-204,,PALM AND LATEX TECHNOLOGY & VALUE ADDITION,Uva Wellassa University of Sri Lanka,AMPARA,0.6514,value,7,13,0.6514
COP2122-204,,PALM AND LATEX TECHNOLOGY & VALUE ADDITION,Uva Wellassa University of Sri Lanka,PUTTALAM,0.4493,value,7,13,0.4493
COP2122-204,,PALM AND LATEX TECHNOLOGY & VALUE ADDITION,Uva Wellassa University of Sri Lanka,KURUNEGALA,0.7015,value,7,13,0.7015
COP2122-204,,PALM AND LATEX TECHNOLOGY & VALUE ADDITION,Uva Wellassa University of Sri Lanka,ANURADHAPURA,0.5155,value,7,13,0.5155
COP2122-204,,PALM AND LATEX TECHNOLOGY & VALUE ADDITION,Uva Wellassa University of Sri Lanka,POLONNARUWA,0.5631,value,7,13,0.5631
COP2122-204,,PALM AND LATEX TECHNOLOGY & VALUE ADDITION,Uva Wellassa University of Sri Lanka,BADULLA,0.6708,value,7,13,0.6708
COP2122-204,,PALM AND LATEX TECHNOLOGY & VALUE ADDITION,Uva Wellassa University of Sri Lanka,MONARAGALA,0.4554,value,7,13,0.4554
COP2122-204,,PALM AND LATEX TECHNOLOGY & VALUE ADDITION,Uva Wellassa University of Sri Lanka,KEGALLE,0.7186,value,7,13,0.7186
COP2122-204,,PALM AND LATEX TECHNOLOGY & VALUE ADDITION,Uva Wellassa University of Sri Lanka,RATNAPURA,0.6782,value,7,13,0.6782
COP2122-205,,"HOSPITALITY, TOURISM AND EVENTS MANAGEMENT",Uva Wellassa University of Sri Lanka,COLOMBO,1.1918,value,7,14,1.1918
COP2122-205,,"HOSPITALITY, TOURISM AND EVENTS MANAGEMENT",Uva Wellassa University of Sri Lanka,GAMPAHA,1.1805,value,7,14,1.1805
COP2122-205,,"HOSPITALITY, TOURISM AND EVENTS MANAGEMENT",Uva Wellassa University of Sri Lanka,KALUTARA,1.2728,value,7,14,1.2728
COP2122-205,,"HOSPITALITY, TOURISM AND EVENTS MANAGEMENT",Uva Wellassa University of Sri Lanka,MATALE,1.1920,value,7,14,1.1920
COP2122-205,,"HOSPITALITY, TOURISM AND EVENTS MANAGEMENT",Uva Wellassa University of Sri Lanka,KANDY,1.2288,value,7,14,1.2288
COP2122-205,,"HOSPITALITY, TOURISM AND EVENTS MANAGEMENT",Uva Wellassa University of Sri Lanka,NUWARA ELIYA,1.1111,value,7,14,1.1111
COP2122-205,,"HOSPITALITY, TOURISM AND EVENTS MANAGEMENT",Uva Wellassa University of Sri Lanka,GALLE,1.2515,value,7,14,1.2515
COP2122-205,,"HOSPITALITY, TOURISM AND EVENTS MANAGEMENT",Uva Wellassa University of Sri Lanka,MATARA,1.2273,value,7,14,1.2273
COP2122-205,,"HOSPITALITY, TOURISM AND EVENTS MANAGEMENT",Uva Wellassa University of Sri Lanka,HAMBANTOTA,1.2174,value,7,14,1.2174
COP2122-205,,"HOSPITALITY, TOURISM AND EVENTS MANAGEMENT",Uva Wellassa University of Sri Lanka,JAFFNA,1.1538,value,7,14,1.1538
COP2122-205,,"HOSPITALITY, TOURISM AND EVENTS MANAGEMENT",Uva Wellassa University of Sri Lanka,KILINOCHCHI,1.0992,value,7,14,1.0992
COP2122-205,,"HOSPITALITY, TOURISM AND EVENTS MANAGEMENT",Uva Wellassa University of Sri Lanka,MANNAR,0.9999,value,7,14,0.9999
COP2122-205,,"HOSPITALITY, TOURISM AND EVENTS MANAGEMENT",Uva Wellassa University of Sri Lanka,MULLAITIVU,1.0568,value,7,14,1.0568
COP2122-205,,"HOSPITALITY, TOURISM AND EVENTS MANAGEMENT",Uva Wellassa University of Sri Lanka,VAVUNIYA,1.0585,value,7,14,1.0585
COP2122-205,,"HOSPITALITY, TOURISM AND EVENTS MANAGEMENT",Uva Wellassa University of Sri Lanka,TRINCOMALEE,0.8701,value,7,14,0.8701
COP2122-205,,"HOSPITALITY, TOURISM AND EVENTS MANAGEMENT",Uva Wellassa University of Sri Lanka,BATTICALOA,1.1382,value,7,14,1.1382
COP2122-205,,"HOSPITALITY, TOURISM AND EVENTS MANAGEMENT",Uva Wellassa University of Sri Lanka,AMPARA,1.2163,value,7,14,1.2163
COP2122-205,,"HOSPITALITY, TOURISM AND EVENTS MANAGEMENT",Uva Wellassa University of Sri Lanka,PUTTALAM,1.1599,value,7,14,1.1599
COP2122-205,,"HOSPITALITY, TOURISM AND EVENTS MANAGEMENT",Uva Wellassa University of Sri Lanka,KURUNEGALA,1.2245,value,7,14,1.2245
COP2122-205,,"HOSPITALITY, TOURISM AND EVENTS MANAGEMENT",Uva Wellassa University of Sri Lanka,ANURADHAPURA,1.2526,value,7,14,1.2526
COP2122-205,,"HOSPITALITY, TOURISM AND EVENTS MANAGEMENT",Uva Wellassa University of Sri Lanka,POLONNARUWA,1.2920,value,7,14,1.2920
COP2122-205,,"HOSPITALITY, TOURISM AND EVENTS MANAGEMENT",Uva Wellassa University of Sri Lanka,BADULLA,1.1490,value,7,14,1.1490
COP2122-205,,"HOSPITALITY, TOURISM AND EVENTS MANAGEMENT",Uva Wellassa University of Sri Lanka,MONARAGALA,1.1313,value,7,14,1.1313
COP2122-205,,"HOSPITALITY, TOURISM AND EVENTS MANAGEMENT",Uva Wellassa University of Sri Lanka,KEGALLE,1.3013,value,7,14,1.3013
COP2122-205,,"HOSPITALITY, TOURISM AND EVENTS MANAGEMENT",Uva Wellassa University of Sri Lanka,RATNAPURA,1.2105,value,7,14,1.2105
COP2122-206,,ENGLISH LANGUAGE & APPLIED LINGUISTICS,Uva Wellassa University of Sri Lanka,COLOMBO,1.4017,value,7,15,1.4017
COP2122-206,,ENGLISH LANGUAGE & APPLIED LINGUISTICS,Uva Wellassa University of Sri Lanka,GAMPAHA,1.4718,value,7,15,1.4718
COP2122-206,,ENGLISH LANGUAGE & APPLIED LINGUISTICS,Uva Wellassa University of Sri Lanka,KALUTARA,1.5275,value,7,15,1.5275
COP2122-206,,ENGLISH LANGUAGE & APPLIED LINGUISTICS,Uva Wellassa University of Sri Lanka,MATALE,1.5921,value,7,15,1.5921
COP2122-206,,ENGLISH LANGUAGE & APPLIED LINGUISTICS,Uva Wellassa University of Sri Lanka,KANDY,1.4957,value,7,15,1.4957
COP2122-206,,ENGLISH LANGUAGE & APPLIED LINGUISTICS,Uva Wellassa University of Sri Lanka,NUWARA ELIYA,1.5892,value,7,15,1.5892
COP2122-206,,ENGLISH LANGUAGE & APPLIED LINGUISTICS,Uva Wellassa University of Sri Lanka,GALLE,1.5627,value,7,15,1.5627
COP2122-206,,ENGLISH LANGUAGE & APPLIED LINGUISTICS,Uva Wellassa University of Sri Lanka,MATARA,1.4561,value,7,15,1.4561
COP2122-206,,ENGLISH LANGUAGE & APPLIED LINGUISTICS,Uva Wellassa University of Sri Lanka,HAMBANTOTA,1.5088,value,7,15,1.5088
COP2122-206,,ENGLISH LANGUAGE & APPLIED LINGUISTICS,Uva Wellassa University of Sri Lanka,JAFFNA,1.4172,value,7,15,1.4172
COP2122-206,,ENGLISH LANGUAGE & APPLIED LINGUISTICS,Uva Wellassa University of Sri Lanka,KILINOCHCHI,1.5582,value,7,15,1.5582
COP2122-206,,ENGLISH LANGUAGE & APPLIED LINGUISTICS,Uva Wellassa University of Sri Lanka,MANNAR,1.2317,value,7,15,1.2317
COP2122-206,,ENGLISH LANGUAGE & APPLIED LINGUISTICS,Uva Wellassa University of Sri Lanka,MULLAITIVU,1.5116,value,7,15,1.5116
COP2122-206,,ENGLISH LANGUAGE & APPLIED LINGUISTICS,Uva Wellassa University of Sri Lanka,VAVUNIYA,1.4079,value,7,15,1.4079
COP2122-206,,ENGLISH LANGUAGE & APPLIED LINGUISTICS,Uva Wellassa University of Sri Lanka,TRINCOMALEE,1.5565,value,7,15,1.5565
COP2122-206,,ENGLISH LANGUAGE & APPLIED LINGUISTICS,Uva Wellassa University of Sri Lanka,BATTICALOA,1.5665,value,7,15,1.5665
COP2122-206,,ENGLISH LANGUAGE & APPLIED LINGUISTICS,Uva Wellassa University of Sri Lanka,AMPARA,1.4995,value,7,15,1.4995
COP2122-206,,ENGLISH LANGUAGE & APPLIED LINGUISTICS,Uva Wellassa University of Sri Lanka,PUTTALAM,1.3282,value,7,15,1.3282
COP2122-206,,ENGLISH LANGUAGE & APPLIED LINGUISTICS,Uva Wellassa University of Sri Lanka,KURUNEGALA,1.4983,value,7,15,1.4983
COP2122-206,,ENGLISH LANGUAGE & APPLIED LINGUISTICS,Uva Wellassa University of Sri Lanka,ANURADHAPURA,1.5192,value,7,15,1.5192
COP2122-206,,ENGLISH LANGUAGE & APPLIED LINGUISTICS,Uva Wellassa University of Sri Lanka,POLONNARUWA,1.3053,value,7,15,1.3053
COP2122-206,,ENGLISH LANGUAGE & APPLIED LINGUISTICS,Uva Wellassa University of Sri Lanka,BADULLA,1.5575,value,7,15,1.5575
COP2122-206,,ENGLISH LANGUAGE & APPLIED LINGUISTICS,Uva Wellassa University of Sri Lanka,MONARAGALA,1.5377,value,7,15,1.5377
COP2122-206,,ENGLISH LANGUAGE & APPLIED LINGUISTICS,Uva Wellassa University of Sri Lanka,KEGALLE,1.5036,value,7,15,1.5036
COP2122-206,,ENGLISH LANGUAGE & APPLIED LINGUISTICS,Uva Wellassa University of Sri Lanka,RATNAPURA,1.5310,value,7,15,1.5310
COP2122-207,,ENGINEERING TECHNOLOGY (ET),University of Colombo,COLOMBO,1.7728,value,7,16,1.7728
COP2122-207,,ENGINEERING TECHNOLOGY (ET),University of Colombo,GAMPAHA,1.7541,value,7,16,1.7541
COP2122-207,,ENGINEERING TECHNOLOGY (ET),University of Colombo,KALUTARA,1.7671,value,7,16,1.7671
COP2122-207,,ENGINEERING TECHNOLOGY (ET),University of Colombo,MATALE,1.8856,value,7,16,1.8856
COP2122-207,,ENGINEERING TECHNOLOGY (ET),University of Colombo,KANDY,1.7680,value,7,16,1.7680
COP2122-207,,ENGINEERING TECHNOLOGY (ET),University of Colombo,NUWARA ELIYA,1.7753,value,7,16,1.7753
COP2122-207,,ENGINEERING TECHNOLOGY (ET),University of Colombo,GALLE,1.7983,value,7,16,1.7983
COP2122-207,,ENGINEERING TECHNOLOGY (ET),University of Colombo,MATARA,1.8046,value,7,16,1.8046
COP2122-207,,ENGINEERING TECHNOLOGY (ET),University of Colombo,HAMBANTOTA,1.7738,value,7,16,1.7738
COP2122-207,,ENGINEERING TECHNOLOGY (ET),University of Colombo,JAFFNA,1.8101,value,7,16,1.8101
COP2122-207,,ENGINEERING TECHNOLOGY (ET),University of Colombo,KILINOCHCHI,,NQC,7,16,NQC
COP2122-207,,ENGINEERING TECHNOLOGY (ET),University of Colombo,MANNAR,,NQC,7,16,NQC
COP2122-207,,ENGINEERING TECHNOLOGY (ET),University of Colombo,MULLAITIVU,,NQC,7,16,NQC
COP2122-207,,ENGINEERING TECHNOLOGY (ET),University of Colombo,VAVUNIYA,,NQC,7,16,NQC
COP2122-207,,ENGINEERING TECHNOLOGY (ET),University of Colombo,TRINCOMALEE,1.8292,value,7,16,1.8292
COP2122-207,,ENGINEERING TECHNOLOGY (ET),University of Colombo,BATTICALOA,1.7839,value,7,16,1.7839
COP2122-207,,ENGINEERING TECHNOLOGY (ET),University of Colombo,AMPARA,1.7709,value,7,16,1.7709
COP2122-207,,ENGINEERING TECHNOLOGY (ET),University of Colombo,PUTTALAM,1.7758,value,7,16,1.7758
COP2122-207,,ENGINEERING TECHNOLOGY (ET),University of Colombo,KURUNEGALA,1.7854,value,7,16,1.7854
COP2122-207,,ENGINEERING TECHNOLOGY (ET),University of Colombo,ANURADHAPURA,1.7796,value,7,16,1.7796
COP2122-207,,ENGINEERING TECHNOLOGY (ET),University of Colombo,POLONNARUWA,1.8495,value,7,16,1.8495
COP2122-207,,ENGINEERING TECHNOLOGY (ET),University of Colombo,BADULLA,1.7835,value,7,16,1.7835
COP2122-207,,ENGINEERING TECHNOLOGY (ET),University of Colombo,MONARAGALA,1.7680,value,7,16,1.7680
COP2122-207,,ENGINEERING TECHNOLOGY (ET),University of Colombo,KEGALLE,1.7902,value,7,16,1.7902
COP2122-207,,ENGINEERING TECHNOLOGY (ET),University of Colombo,RATNAPURA,1.7588,value,7,16,1.7588
COP2122-208,,ENGINEERING TECHNOLOGY (ET),University of Sri Jayewardenepura,COLOMBO,1.9678,value,7,17,1.9678
COP2122-208,,ENGINEERING TECHNOLOGY (ET),University of Sri Jayewardenepura,GAMPAHA,1.9888,value,7,17,1.9888
COP2122-208,,ENGINEERING TECHNOLOGY (ET),University of Sri Jayewardenepura,KALUTARA,1.9878,value,7,17,1.9878
COP2122-208,,ENGINEERING TECHNOLOGY (ET),University of Sri Jayewardenepura,MATALE,2.0972,value,7,17,2.0972
COP2122-208,,ENGINEERING TECHNOLOGY (ET),University of Sri Jayewardenepura,KANDY,2.0370,value,7,17,2.0370
COP2122-208,,ENGINEERING TECHNOLOGY (ET),University of Sri Jayewardenepura,NUWARA ELIYA,1.9772,value,7,17,1.9772
COP2122-208,,ENGINEERING TECHNOLOGY (ET),University of Sri Jayewardenepura,GALLE,2.0890,value,7,17,2.0890
COP2122-208,,ENGINEERING TECHNOLOGY (ET),University of Sri Jayewardenepura,MATARA,1.9936,value,7,17,1.9936
COP2122-208,,ENGINEERING TECHNOLOGY (ET),University of Sri Jayewardenepura,HAMBANTOTA,1.9748,value,7,17,1.9748
COP2122-208,,ENGINEERING TECHNOLOGY (ET),University of Sri Jayewardenepura,JAFFNA,2.0335,value,7,17,2.0335
COP2122-208,,ENGINEERING TECHNOLOGY (ET),University of Sri Jayewardenepura,KILINOCHCHI,,NQC,7,17,NQC
COP2122-208,,ENGINEERING TECHNOLOGY (ET),University of Sri Jayewardenepura,MANNAR,,NQC,7,17,NQC
COP2122-208,,ENGINEERING TECHNOLOGY (ET),University of Sri Jayewardenepura,MULLAITIVU,,NQC,7,17,NQC
COP2122-208,,ENGINEERING TECHNOLOGY (ET),University of Sri Jayewardenepura,VAVUNIYA,,NQC,7,17,NQC
COP2122-208,,ENGINEERING TECHNOLOGY (ET),University of Sri Jayewardenepura,TRINCOMALEE,2.2726,value,7,17,2.2726
COP2122-208,,ENGINEERING TECHNOLOGY (ET),University of Sri Jayewardenepura,BATTICALOA,1.9767,value,7,17,1.9767
COP2122-208,,ENGINEERING TECHNOLOGY (ET),University of Sri Jayewardenepura,AMPARA,2.0427,value,7,17,2.0427
COP2122-208,,ENGINEERING TECHNOLOGY (ET),University of Sri Jayewardenepura,PUTTALAM,2.0322,value,7,17,2.0322
COP2122-208,,ENGINEERING TECHNOLOGY (ET),University of Sri Jayewardenepura,KURUNEGALA,1.9878,value,7,17,1.9878
COP2122-208,,ENGINEERING TECHNOLOGY (ET),University of Sri Jayewardenepura,ANURADHAPURA,1.9830,value,7,17,1.9830
COP2122-208,,ENGINEERING TECHNOLOGY (ET),University of Sri Jayewardenepura,POLONNARUWA,2.1695,value,7,17,2.1695
COP2122-208,,ENGINEERING TECHNOLOGY (ET),University of Sri Jayewardenepura,BADULLA,1.9767,value,7,17,1.9767
COP2122-208,,ENGINEERING TECHNOLOGY (ET),University of Sri Jayewardenepura,MONARAGALA,1.9810,value,7,17,1.9810
COP2122-208,,ENGINEERING TECHNOLOGY (ET),University of Sri Jayewardenepura,KEGALLE,2.0092,value,7,17,2.0092
COP2122-208,,ENGINEERING TECHNOLOGY (ET),University of Sri Jayewardenepura,RATNAPURA,1.9791,value,7,17,1.9791
COP2122-209,,ENGINEERING TECHNOLOGY (ET),University of Kelaniya,COLOMBO,1.6683,value,7,18,1.6683
COP2122-209,,ENGINEERING TECHNOLOGY (ET),University of Kelaniya,GAMPAHA,1.6741,value,7,18,1.6741
COP2122-209,,ENGINEERING TECHNOLOGY (ET),University of Kelaniya,KALUTARA,1.6779,value,7,18,1.6779
COP2122-209,,ENGINEERING TECHNOLOGY (ET),University of Kelaniya,MATALE,1.6789,value,7,18,1.6789
COP2122-209,,ENGINEERING TECHNOLOGY (ET),University of Kelaniya,KANDY,1.6721,value,7,18,1.6721
COP2122-209,,ENGINEERING TECHNOLOGY (ET),University of Kelaniya,NUWARA ELIYA,1.6987,value,7,18,1.6987
COP2122-209,,ENGINEERING TECHNOLOGY (ET),University of Kelaniya,GALLE,1.6740,value,7,18,1.6740
COP2122-209,,ENGINEERING TECHNOLOGY (ET),University of Kelaniya,MATARA,1.6847,value,7,18,1.6847
COP2122-209,,ENGINEERING TECHNOLOGY (ET),University of Kelaniya,HAMBANTOTA,1.6750,value,7,18,1.6750
COP2122-209,,ENGINEERING TECHNOLOGY (ET),University of Kelaniya,JAFFNA,1.7323,value,7,18,1.7323
COP2122-209,,ENGINEERING TECHNOLOGY (ET),University of Kelaniya,KILINOCHCHI,,NQC,7,18,NQC
COP2122-209,,ENGINEERING TECHNOLOGY (ET),University of Kelaniya,MANNAR,1.7198,value,7,18,1.7198
COP2122-209,,ENGINEERING TECHNOLOGY (ET),University of Kelaniya,MULLAITIVU,,NQC,7,18,NQC
COP2122-209,,ENGINEERING TECHNOLOGY (ET),University of Kelaniya,VAVUNIYA,,NQC,7,18,NQC
COP2122-209,,ENGINEERING TECHNOLOGY (ET),University of Kelaniya,TRINCOMALEE,1.7233,value,7,18,1.7233
COP2122-209,,ENGINEERING TECHNOLOGY (ET),University of Kelaniya,BATTICALOA,1.7174,value,7,18,1.7174
COP2122-209,,ENGINEERING TECHNOLOGY (ET),University of Kelaniya,AMPARA,1.7170,value,7,18,1.7170
COP2122-209,,ENGINEERING TECHNOLOGY (ET),University of Kelaniya,PUTTALAM,1.6774,value,7,18,1.6774
COP2122-209,,ENGINEERING TECHNOLOGY (ET),University of Kelaniya,KURUNEGALA,1.6746,value,7,18,1.6746
COP2122-209,,ENGINEERING TECHNOLOGY (ET),University of Kelaniya,ANURADHAPURA,1.6881,value,7,18,1.6881
COP2122-209,,ENGINEERING TECHNOLOGY (ET),University of Kelaniya,POLONNARUWA,1.9386,value,7,18,1.9386
COP2122-209,,ENGINEERING TECHNOLOGY (ET),University of Kelaniya,BADULLA,1.7011,value,7,18,1.7011
COP2122-209,,ENGINEERING TECHNOLOGY (ET),University of Kelaniya,MONARAGALA,,NQC,7,18,NQC
COP2122-209,,ENGINEERING TECHNOLOGY (ET),University of Kelaniya,KEGALLE,1.6919,value,7,18,1.6919
COP2122-209,,ENGINEERING TECHNOLOGY (ET),University of Kelaniya,RATNAPURA,1.7064,value,7,18,1.7064
COP2122-210,,ENGINEERING TECHNOLOGY (ET),University of Jaffna,COLOMBO,1.1695,value,7,19,1.1695
COP2122-210,,ENGINEERING TECHNOLOGY (ET),University of Jaffna,GAMPAHA,1.1565,value,7,19,1.1565
COP2122-210,,ENGINEERING TECHNOLOGY (ET),University of Jaffna,KALUTARA,1.1282,value,7,19,1.1282
COP2122-210,,ENGINEERING TECHNOLOGY (ET),University of Jaffna,MATALE,1.2615,value,7,19,1.2615
COP2122-210,,ENGINEERING TECHNOLOGY (ET),University of Jaffna,KANDY,1.0360,value,7,19,1.0360
COP2122-210,,ENGINEERING TECHNOLOGY (ET),University of Jaffna,NUWARA ELIYA,0.9040,value,7,19,0.9040
COP2122-210,,ENGINEERING TECHNOLOGY (ET),University of Jaffna,GALLE,1.2466,value,7,19,1.2466
COP2122-210,,ENGINEERING TECHNOLOGY (ET),University of Jaffna,MATARA,1.4037,value,7,19,1.4037
COP2122-210,,ENGINEERING TECHNOLOGY (ET),University of Jaffna,HAMBANTOTA,1.1449,value,7,19,1.1449
COP2122-210,,ENGINEERING TECHNOLOGY (ET),University of Jaffna,JAFFNA,0.8447,value,7,19,0.8447
COP2122-210,,ENGINEERING TECHNOLOGY (ET),University of Jaffna,KILINOCHCHI,0.4042,value,7,19,0.4042
COP2122-210,,ENGINEERING TECHNOLOGY (ET),University of Jaffna,MANNAR,0.1165,value,7,19,0.1165
COP2122-210,,ENGINEERING TECHNOLOGY (ET),University of Jaffna,MULLAITIVU,0.3960,value,7,19,0.3960
COP2122-210,,ENGINEERING TECHNOLOGY (ET),University of Jaffna,VAVUNIYA,0.5348,value,7,19,0.5348
COP2122-210,,ENGINEERING TECHNOLOGY (ET),University of Jaffna,TRINCOMALEE,0.6635,value,7,19,0.6635
COP2122-210,,ENGINEERING TECHNOLOGY (ET),University of Jaffna,BATTICALOA,1.1753,value,7,19,1.1753
COP2122-210,,ENGINEERING TECHNOLOGY (ET),University of Jaffna,AMPARA,1.0226,value,7,19,1.0226
COP2122-210,,ENGINEERING TECHNOLOGY (ET),University of Jaffna,PUTTALAM,0.8745,value,7,19,0.8745
COP2122-210,,ENGINEERING TECHNOLOGY (ET),University of Jaffna,KURUNEGALA,1.2254,value,7,19,1.2254
COP2122-210,,ENGINEERING TECHNOLOGY (ET),University of Jaffna,ANURADHAPURA,1.1422,value,7,19,1.1422
COP2122-210,,ENGINEERING TECHNOLOGY (ET),University of Jaffna,POLONNARUWA,0.8939,value,7,19,0.8939
COP2122-210,,ENGINEERING TECHNOLOGY (ET),University of Jaffna,BADULLA,1.0876,value,7,19,1.0876
COP2122-210,,ENGINEERING TECHNOLOGY (ET),University of Jaffna,MONARAGALA,1.2418,value,7,19,1.2418
COP2122-210,,ENGINEERING TECHNOLOGY (ET),University of Jaffna,KEGALLE,1.2788,value,7,19,1.2788
COP2122-210,,ENGINEERING TECHNOLOGY (ET),University of Jaffna,RATNAPURA,1.1059,value,7,19,1.1059
COP2122-211,,ENGINEERING TECHNOLOGY (ET),University of Ruhuna,COLOMBO,1.3333,value,7,20,1.3333
COP2122-211,,ENGINEERING TECHNOLOGY (ET),University of Ruhuna,GAMPAHA,1.3469,value,7,20,1.3469
COP2122-211,,ENGINEERING TECHNOLOGY (ET),University of Ruhuna,KALUTARA,1.3420,value,7,20,1.3420
COP2122-211,,ENGINEERING TECHNOLOGY (ET),University of Ruhuna,MATALE,,NQC,7,20,NQC
COP2122-211,,ENGINEERING TECHNOLOGY (ET),University of Ruhuna,KANDY,1.3516,value,7,20,1.3516
COP2122-211,,ENGINEERING TECHNOLOGY (ET),University of Ruhuna,NUWARA ELIYA,1.3800,value,7,20,1.3800
COP2122-211,,ENGINEERING TECHNOLOGY (ET),University of Ruhuna,GALLE,1.3454,value,7,20,1.3454
COP2122-211,,ENGINEERING TECHNOLOGY (ET),University of Ruhuna,MATARA,1.3435,value,7,20,1.3435
COP2122-211,,ENGINEERING TECHNOLOGY (ET),University of Ruhuna,HAMBANTOTA,1.3694,value,7,20,1.3694
COP2122-211,,ENGINEERING TECHNOLOGY (ET),University of Ruhuna,JAFFNA,,NQC,7,20,NQC
COP2122-211,,ENGINEERING TECHNOLOGY (ET),University of Ruhuna,KILINOCHCHI,,NQC,7,20,NQC
COP2122-211,,ENGINEERING TECHNOLOGY (ET),University of Ruhuna,MANNAR,,NQC,7,20,NQC
COP2122-211,,ENGINEERING TECHNOLOGY (ET),University of Ruhuna,MULLAITIVU,,NQC,7,20,NQC
COP2122-211,,ENGINEERING TECHNOLOGY (ET),University of Ruhuna,VAVUNIYA,,NQC,7,20,NQC
COP2122-211,,ENGINEERING TECHNOLOGY (ET),University of Ruhuna,TRINCOMALEE,1.5168,value,7,20,1.5168
COP2122-211,,ENGINEERING TECHNOLOGY (ET),University of Ruhuna,BATTICALOA,1.3327,value,7,20,1.3327
COP2122-211,,ENGINEERING TECHNOLOGY (ET),University of Ruhuna,AMPARA,1.3333,value,7,20,1.3333
COP2122-211,,ENGINEERING TECHNOLOGY (ET),University of Ruhuna,PUTTALAM,1.3342,value,7,20,1.3342
COP2122-211,,ENGINEERING TECHNOLOGY (ET),University of Ruhuna,KURUNEGALA,1.3378,value,7,20,1.3378
COP2122-211,,ENGINEERING TECHNOLOGY (ET),University of Ruhuna,ANURADHAPURA,1.3660,value,7,20,1.3660
COP2122-211,,ENGINEERING TECHNOLOGY (ET),University of Ruhuna,POLONNARUWA,1.6716,value,7,20,1.6716
COP2122-211,,ENGINEERING TECHNOLOGY (ET),University of Ruhuna,BADULLA,1.3589,value,7,20,1.3589
COP2122-211,,ENGINEERING TECHNOLOGY (ET),University of Ruhuna,MONARAGALA,1.3507,value,7,20,1.3507
COP2122-211,,ENGINEERING TECHNOLOGY (ET),University of Ruhuna,KEGALLE,1.3494,value,7,20,1.3494
COP2122-211,,ENGINEERING TECHNOLOGY (ET),University of Ruhuna,RATNAPURA,1.3927,value,7,20,1.3927
COP2122-212,,ENGINEERING TECHNOLOGY (ET),Rajarata University of Sri Lanka,COLOMBO,1.1391,value,7,21,1.1391
COP2122-212,,ENGINEERING TECHNOLOGY (ET),Rajarata University of Sri Lanka,GAMPAHA,1.1502,value,7,21,1.1502
COP2122-212,,ENGINEERING TECHNOLOGY (ET),Rajarata University of Sri Lanka,KALUTARA,1.2124,value,7,21,1.2124
COP2122-212,,ENGINEERING TECHNOLOGY (ET),Rajarata University of Sri Lanka,MATALE,1.2543,value,7,21,1.2543
COP2122-212,,ENGINEERING TECHNOLOGY (ET),Rajarata University of Sri Lanka,KANDY,1.0656,value,7,21,1.0656
COP2122-212,,ENGINEERING TECHNOLOGY (ET),Rajarata University of Sri Lanka,NUWARA ELIYA,1.0572,value,7,21,1.0572
COP2122-212,,ENGINEERING TECHNOLOGY (ET),Rajarata University of Sri Lanka,GALLE,1.4678,value,7,21,1.4678
COP2122-212,,ENGINEERING TECHNOLOGY (ET),Rajarata University of Sri Lanka,MATARA,,NQC,7,21,NQC
COP2122-212,,ENGINEERING TECHNOLOGY (ET),Rajarata University of Sri Lanka,HAMBANTOTA,1.0654,value,7,21,1.0654
COP2122-212,,ENGINEERING TECHNOLOGY (ET),Rajarata University of Sri Lanka,JAFFNA,1.0702,value,7,21,1.0702
COP2122-212,,ENGINEERING TECHNOLOGY (ET),Rajarata University of Sri Lanka,KILINOCHCHI,,NQC,7,21,NQC
COP2122-212,,ENGINEERING TECHNOLOGY (ET),Rajarata University of Sri Lanka,MANNAR,,NQC,7,21,NQC
COP2122-212,,ENGINEERING TECHNOLOGY (ET),Rajarata University of Sri Lanka,MULLAITIVU,,NQC,7,21,NQC
COP2122-212,,ENGINEERING TECHNOLOGY (ET),Rajarata University of Sri Lanka,VAVUNIYA,,NQC,7,21,NQC
COP2122-212,,ENGINEERING TECHNOLOGY (ET),Rajarata University of Sri Lanka,TRINCOMALEE,1.1676,value,7,21,1.1676
COP2122-212,,ENGINEERING TECHNOLOGY (ET),Rajarata University of Sri Lanka,BATTICALOA,1.2205,value,7,21,1.2205
COP2122-212,,ENGINEERING TECHNOLOGY (ET),Rajarata University of Sri Lanka,AMPARA,1.0890,value,7,21,1.0890
COP2122-212,,ENGINEERING TECHNOLOGY (ET),Rajarata University of Sri Lanka,PUTTALAM,1.0454,value,7,21,1.0454
COP2122-212,,ENGINEERING TECHNOLOGY (ET),Rajarata University of Sri Lanka,KURUNEGALA,1.2081,value,7,21,1.2081
COP2122-212,,ENGINEERING TECHNOLOGY (ET),Rajarata University of Sri Lanka,ANURADHAPURA,1.1213,value,7,21,1.1213
COP2122-212,,ENGINEERING TECHNOLOGY (ET),Rajarata University of Sri Lanka,POLONNARUWA,1.0591,value,7,21,1.0591
COP2122-212,,ENGINEERING TECHNOLOGY (ET),Rajarata University of Sri Lanka,BADULLA,1.0880,value,7,21,1.0880
COP2122-212,,ENGINEERING TECHNOLOGY (ET),Rajarata University of Sri Lanka,MONARAGALA,1.1078,value,7,21,1.1078
COP2122-212,,ENGINEERING TECHNOLOGY (ET),Rajarata University of Sri Lanka,KEGALLE,1.2346,value,7,21,1.2346
COP2122-212,,ENGINEERING TECHNOLOGY (ET),Rajarata University of Sri Lanka,RATNAPURA,1.1040,value,7,21,1.1040
COP2122-213,,ENGINEERING TECHNOLOGY (ET),Sabaragamuwa University of Sri Lanka,COLOMBO,1.1363,value,7,22,1.1363
COP2122-213,,ENGINEERING TECHNOLOGY (ET),Sabaragamuwa University of Sri Lanka,GAMPAHA,1.1888,value,7,22,1.1888
COP2122-213,,ENGINEERING TECHNOLOGY (ET),Sabaragamuwa University of Sri Lanka,KALUTARA,1.1598,value,7,22,1.1598
COP2122-213,,ENGINEERING TECHNOLOGY (ET),Sabaragamuwa University of Sri Lanka,MATALE,1.2292,value,7,22,1.2292
COP2122-213,,ENGINEERING TECHNOLOGY (ET),Sabaragamuwa University of Sri Lanka,KANDY,1.1960,value,7,22,1.1960
COP2122-213,,ENGINEERING TECHNOLOGY (ET),Sabaragamuwa University of Sri Lanka,NUWARA ELIYA,1.1363,value,7,22,1.1363
COP2122-213,,ENGINEERING TECHNOLOGY (ET),Sabaragamuwa University of Sri Lanka,GALLE,1.2601,value,7,22,1.2601
COP2122-213,,ENGINEERING TECHNOLOGY (ET),Sabaragamuwa University of Sri Lanka,MATARA,1.3584,value,7,22,1.3584
COP2122-213,,ENGINEERING TECHNOLOGY (ET),Sabaragamuwa University of Sri Lanka,HAMBANTOTA,1.1473,value,7,22,1.1473
COP2122-213,,ENGINEERING TECHNOLOGY (ET),Sabaragamuwa University of Sri Lanka,JAFFNA,,NQC,7,22,NQC
COP2122-213,,ENGINEERING TECHNOLOGY (ET),Sabaragamuwa University of Sri Lanka,KILINOCHCHI,,NQC,7,22,NQC
COP2122-213,,ENGINEERING TECHNOLOGY (ET),Sabaragamuwa University of Sri Lanka,MANNAR,,NQC,7,22,NQC
COP2122-213,,ENGINEERING TECHNOLOGY (ET),Sabaragamuwa University of Sri Lanka,MULLAITIVU,,NQC,7,22,NQC
COP2122-213,,ENGINEERING TECHNOLOGY (ET),Sabaragamuwa University of Sri Lanka,VAVUNIYA,,NQC,7,22,NQC
COP2122-213,,ENGINEERING TECHNOLOGY (ET),Sabaragamuwa University of Sri Lanka,TRINCOMALEE,,NQC,7,22,NQC
COP2122-213,,ENGINEERING TECHNOLOGY (ET),Sabaragamuwa University of Sri Lanka,BATTICALOA,1.2581,value,7,22,1.2581
COP2122-213,,ENGINEERING TECHNOLOGY (ET),Sabaragamuwa University of Sri Lanka,AMPARA,1.1507,value,7,22,1.1507
COP2122-213,,ENGINEERING TECHNOLOGY (ET),Sabaragamuwa University of Sri Lanka,PUTTALAM,1.2712,value,7,22,1.2712
COP2122-213,,ENGINEERING TECHNOLOGY (ET),Sabaragamuwa University of Sri Lanka,KURUNEGALA,1.1922,value,7,22,1.1922
COP2122-213,,ENGINEERING TECHNOLOGY (ET),Sabaragamuwa University of Sri Lanka,ANURADHAPURA,1.1941,value,7,22,1.1941
COP2122-213,,ENGINEERING TECHNOLOGY (ET),Sabaragamuwa University of Sri Lanka,POLONNARUWA,1.2345,value,7,22,1.2345
COP2122-213,,ENGINEERING TECHNOLOGY (ET),Sabaragamuwa University of Sri Lanka,BADULLA,1.2654,value,7,22,1.2654
COP2122-213,,ENGINEERING TECHNOLOGY (ET),Sabaragamuwa University of Sri Lanka,MONARAGALA,1.2316,value,7,22,1.2316
COP2122-213,,ENGINEERING TECHNOLOGY (ET),Sabaragamuwa University of Sri Lanka,KEGALLE,1.2331,value,7,22,1.2331
COP2122-213,,ENGINEERING TECHNOLOGY (ET),Sabaragamuwa University of Sri Lanka,RATNAPURA,1.1521,value,7,22,1.1521
COP2122-214,,ENGINEERING TECHNOLOGY (ET),Wayamba University of Sri Lanka,COLOMBO,1.2979,value,7,23,1.2979
COP2122-214,,ENGINEERING TECHNOLOGY (ET),Wayamba University of Sri Lanka,GAMPAHA,1.3047,value,7,23,1.3047
COP2122-214,,ENGINEERING TECHNOLOGY (ET),Wayamba University of Sri Lanka,KALUTARA,1.3256,value,7,23,1.3256
COP2122-214,,ENGINEERING TECHNOLOGY (ET),Wayamba University of Sri Lanka,MATALE,1.3088,value,7,23,1.3088
COP2122-214,,ENGINEERING TECHNOLOGY (ET),Wayamba University of Sri Lanka,KANDY,1.3622,value,7,23,1.3622
COP2122-214,,ENGINEERING TECHNOLOGY (ET),Wayamba University of Sri Lanka,NUWARA ELIYA,1.3396,value,7,23,1.3396
COP2122-214,,ENGINEERING TECHNOLOGY (ET),Wayamba University of Sri Lanka,GALLE,1.3160,value,7,23,1.3160
COP2122-214,,ENGINEERING TECHNOLOGY (ET),Wayamba University of Sri Lanka,MATARA,1.4654,value,7,23,1.4654
COP2122-214,,ENGINEERING TECHNOLOGY (ET),Wayamba University of Sri Lanka,HAMBANTOTA,1.3102,value,7,23,1.3102
COP2122-214,,ENGINEERING TECHNOLOGY (ET),Wayamba University of Sri Lanka,JAFFNA,1.3382,value,7,23,1.3382
COP2122-214,,ENGINEERING TECHNOLOGY (ET),Wayamba University of Sri Lanka,KILINOCHCHI,,NQC,7,23,NQC
COP2122-214,,ENGINEERING TECHNOLOGY (ET),Wayamba University of Sri Lanka,MANNAR,1.6335,value,7,23,1.6335
COP2122-214,,ENGINEERING TECHNOLOGY (ET),Wayamba University of Sri Lanka,MULLAITIVU,,NQC,7,23,NQC
COP2122-214,,ENGINEERING TECHNOLOGY (ET),Wayamba University of Sri Lanka,VAVUNIYA,,NQC,7,23,NQC
COP2122-214,,ENGINEERING TECHNOLOGY (ET),Wayamba University of Sri Lanka,TRINCOMALEE,1.4186,value,7,23,1.4186
COP2122-214,,ENGINEERING TECHNOLOGY (ET),Wayamba University of Sri Lanka,BATTICALOA,1.3536,value,7,23,1.3536
COP2122-214,,ENGINEERING TECHNOLOGY (ET),Wayamba University of Sri Lanka,AMPARA,1.3150,value,7,23,1.3150
COP2122-214,,ENGINEERING TECHNOLOGY (ET),Wayamba University of Sri Lanka,PUTTALAM,1.2986,value,7,23,1.2986
COP2122-214,,ENGINEERING TECHNOLOGY (ET),Wayamba University of Sri Lanka,KURUNEGALA,1.2991,value,7,23,1.2991
COP2122-214,,ENGINEERING TECHNOLOGY (ET),Wayamba University of Sri Lanka,ANURADHAPURA,1.3068,value,7,23,1.3068
COP2122-214,,ENGINEERING TECHNOLOGY (ET),Wayamba University of Sri Lanka,POLONNARUWA,1.5358,value,7,23,1.5358
COP2122-214,,ENGINEERING TECHNOLOGY (ET),Wayamba University of Sri Lanka,BADULLA,1.3324,value,7,23,1.3324
COP2122-214,,ENGINEERING TECHNOLOGY (ET),Wayamba University of Sri Lanka,MONARAGALA,1.4582,value,7,23,1.4582
COP2122-214,,ENGINEERING TECHNOLOGY (ET),Wayamba University of Sri Lanka,KEGALLE,1.3058,value,7,23,1.3058
COP2122-214,,ENGINEERING TECHNOLOGY (ET),Wayamba University of Sri Lanka,RATNAPURA,1.3299,value,7,23,1.3299
COP2122-215,,ENGINEERING TECHNOLOGY (ET),Uva Wellassa University of Sri Lanka,COLOMBO,1.1294,value,7,24,1.1294
COP2122-215,,ENGINEERING TECHNOLOGY (ET),Uva Wellassa University of Sri Lanka,GAMPAHA,1.1579,value,7,24,1.1579
COP2122-215,,ENGINEERING TECHNOLOGY (ET),Uva Wellassa University of Sri Lanka,KALUTARA,1.1095,value,7,24,1.1095
COP2122-215,,ENGINEERING TECHNOLOGY (ET),Uva Wellassa University of Sri Lanka,MATALE,1.3681,value,7,24,1.3681
COP2122-215,,ENGINEERING TECHNOLOGY (ET),Uva Wellassa University of Sri Lanka,KANDY,1.0182,value,7,24,1.0182
COP2122-215,,ENGINEERING TECHNOLOGY (ET),Uva Wellassa University of Sri Lanka,NUWARA ELIYA,0.9859,value,7,24,0.9859
COP2122-215,,ENGINEERING TECHNOLOGY (ET),Uva Wellassa University of Sri Lanka,GALLE,1.2389,value,7,24,1.2389
COP2122-215,,ENGINEERING TECHNOLOGY (ET),Uva Wellassa University of Sri Lanka,MATARA,1.3657,value,7,24,1.3657
COP2122-215,,ENGINEERING TECHNOLOGY (ET),Uva Wellassa University of Sri Lanka,HAMBANTOTA,1.0625,value,7,24,1.0625
COP2122-215,,ENGINEERING TECHNOLOGY (ET),Uva Wellassa University of Sri Lanka,JAFFNA,1.0037,value,7,24,1.0037
COP2122-215,,ENGINEERING TECHNOLOGY (ET),Uva Wellassa University of Sri Lanka,KILINOCHCHI,,NQC,7,24,NQC
COP2122-215,,ENGINEERING TECHNOLOGY (ET),Uva Wellassa University of Sri Lanka,MANNAR,,NQC,7,24,NQC
COP2122-215,,ENGINEERING TECHNOLOGY (ET),Uva Wellassa University of Sri Lanka,MULLAITIVU,,NQC,7,24,NQC
COP2122-215,,ENGINEERING TECHNOLOGY (ET),Uva Wellassa University of Sri Lanka,VAVUNIYA,,NQC,7,24,NQC
COP2122-215,,ENGINEERING TECHNOLOGY (ET),Uva Wellassa University of Sri Lanka,TRINCOMALEE,1.2418,value,7,24,1.2418
COP2122-215,,ENGINEERING TECHNOLOGY (ET),Uva Wellassa University of Sri Lanka,BATTICALOA,1.1729,value,7,24,1.1729
COP2122-215,,ENGINEERING TECHNOLOGY (ET),Uva Wellassa University of Sri Lanka,AMPARA,1.0022,value,7,24,1.0022
COP2122-215,,ENGINEERING TECHNOLOGY (ET),Uva Wellassa University of Sri Lanka,PUTTALAM,1.1527,value,7,24,1.1527
COP2122-215,,ENGINEERING TECHNOLOGY (ET),Uva Wellassa University of Sri Lanka,KURUNEGALA,1.2204,value,7,24,1.2204
COP2122-215,,ENGINEERING TECHNOLOGY (ET),Uva Wellassa University of Sri Lanka,ANURADHAPURA,1.1450,value,7,24,1.1450
COP2122-215,,ENGINEERING TECHNOLOGY (ET),Uva Wellassa University of Sri Lanka,POLONNARUWA,0.9810,value,7,24,0.9810
COP2122-215,,ENGINEERING TECHNOLOGY (ET),Uva Wellassa University of Sri Lanka,BADULLA,1.1471,value,7,24,1.1471
COP2122-215,,ENGINEERING TECHNOLOGY (ET),Uva Wellassa University of Sri Lanka,MONARAGALA,1.1492,value,7,24,1.1492
COP2122-215,,ENGINEERING TECHNOLOGY (ET),Uva Wellassa University of Sri Lanka,KEGALLE,1.2532,value,7,24,1.2532
COP2122-215,,ENGINEERING TECHNOLOGY (ET),Uva Wellassa University of Sri Lanka,RATNAPURA,1.0976,value,7,24,1.0976
COP2122-216,,BIOSYSTEMS TECHNOLOGY (BST),University of Colombo,COLOMBO,1.7455,value,7,25,1.7455
COP2122-216,,BIOSYSTEMS TECHNOLOGY (BST),University of Colombo,GAMPAHA,1.7766,value,7,25,1.7766
COP2122-216,,BIOSYSTEMS TECHNOLOGY (BST),University of Colombo,KALUTARA,1.7734,value,7,25,1.7734
COP2122-216,,BIOSYSTEMS TECHNOLOGY (BST),University of Colombo,MATALE,1.8145,value,7,25,1.8145
COP2122-216,,BIOSYSTEMS TECHNOLOGY (BST),University of Colombo,KANDY,1.7642,value,7,25,1.7642
COP2122-216,,BIOSYSTEMS TECHNOLOGY (BST),University of Colombo,NUWARA ELIYA,1.7794,value,7,25,1.7794
COP2122-216,,BIOSYSTEMS TECHNOLOGY (BST),University of Colombo,GALLE,1.7683,value,7,25,1.7683
COP2122-216,,BIOSYSTEMS TECHNOLOGY (BST),University of Colombo,MATARA,1.7451,value,7,25,1.7451
COP2122-216,,BIOSYSTEMS TECHNOLOGY (BST),University of Colombo,HAMBANTOTA,1.8127,value,7,25,1.8127
COP2122-216,,BIOSYSTEMS TECHNOLOGY (BST),University of Colombo,JAFFNA,1.8824,value,7,25,1.8824
COP2122-216,,BIOSYSTEMS TECHNOLOGY (BST),University of Colombo,KILINOCHCHI,,NQC,7,25,NQC
COP2122-216,,BIOSYSTEMS TECHNOLOGY (BST),University of Colombo,MANNAR,2.0026,value,7,25,2.0026
COP2122-216,,BIOSYSTEMS TECHNOLOGY (BST),University of Colombo,MULLAITIVU,1.8202,value,7,25,1.8202
COP2122-216,,BIOSYSTEMS TECHNOLOGY (BST),University of Colombo,VAVUNIYA,1.8801,value,7,25,1.8801
COP2122-216,,BIOSYSTEMS TECHNOLOGY (BST),University of Colombo,TRINCOMALEE,1.8120,value,7,25,1.8120
COP2122-216,,BIOSYSTEMS TECHNOLOGY (BST),University of Colombo,BATTICALOA,1.9746,value,7,25,1.9746
COP2122-216,,BIOSYSTEMS TECHNOLOGY (BST),University of Colombo,AMPARA,1.8154,value,7,25,1.8154
COP2122-216,,BIOSYSTEMS TECHNOLOGY (BST),University of Colombo,PUTTALAM,1.8735,value,7,25,1.8735
COP2122-216,,BIOSYSTEMS TECHNOLOGY (BST),University of Colombo,KURUNEGALA,1.7464,value,7,25,1.7464
COP2122-216,,BIOSYSTEMS TECHNOLOGY (BST),University of Colombo,ANURADHAPURA,1.7476,value,7,25,1.7476
COP2122-216,,BIOSYSTEMS TECHNOLOGY (BST),University of Colombo,POLONNARUWA,1.7590,value,7,25,1.7590
COP2122-216,,BIOSYSTEMS TECHNOLOGY (BST),University of Colombo,BADULLA,1.7746,value,7,25,1.7746
COP2122-216,,BIOSYSTEMS TECHNOLOGY (BST),University of Colombo,MONARAGALA,1.7725,value,7,25,1.7725
COP2122-216,,BIOSYSTEMS TECHNOLOGY (BST),University of Colombo,KEGALLE,1.7777,value,7,25,1.7777
COP2122-216,,BIOSYSTEMS TECHNOLOGY (BST),University of Colombo,RATNAPURA,1.7546,value,7,25,1.7546
COP2122-217,,BIOSYSTEMS TECHNOLOGY (BST),University of Sri Jayewardenepura,COLOMBO,2.0424,value,7,26,2.0424
COP2122-217,,BIOSYSTEMS TECHNOLOGY (BST),University of Sri Jayewardenepura,GAMPAHA,2.0801,value,7,26,2.0801
COP2122-217,,BIOSYSTEMS TECHNOLOGY (BST),University of Sri Jayewardenepura,KALUTARA,2.0743,value,7,26,2.0743
COP2122-217,,BIOSYSTEMS TECHNOLOGY (BST),University of Sri Jayewardenepura,MATALE,2.3320,value,7,26,2.3320
COP2122-217,,BIOSYSTEMS TECHNOLOGY (BST),University of Sri Jayewardenepura,KANDY,2.0387,value,7,26,2.0387
COP2122-217,,BIOSYSTEMS TECHNOLOGY (BST),University of Sri Jayewardenepura,NUWARA ELIYA,,NQC,7,26,NQC
COP2122-217,,BIOSYSTEMS TECHNOLOGY (BST),University of Sri Jayewardenepura,GALLE,2.2984,value,7,26,2.2984
COP2122-217,,BIOSYSTEMS TECHNOLOGY (BST),University of Sri Jayewardenepura,MATARA,2.0622,value,7,26,2.0622
COP2122-217,,BIOSYSTEMS TECHNOLOGY (BST),University of Sri Jayewardenepura,HAMBANTOTA,2.7210,value,7,26,2.7210
COP2122-217,,BIOSYSTEMS TECHNOLOGY (BST),University of Sri Jayewardenepura,JAFFNA,2.4962,value,7,26,2.4962
COP2122-217,,BIOSYSTEMS TECHNOLOGY (BST),University of Sri Jayewardenepura,KILINOCHCHI,,NQC,7,26,NQC
COP2122-217,,BIOSYSTEMS TECHNOLOGY (BST),University of Sri Jayewardenepura,MANNAR,2.2382,value,7,26,2.2382
COP2122-217,,BIOSYSTEMS TECHNOLOGY (BST),University of Sri Jayewardenepura,MULLAITIVU,2.4327,value,7,26,2.4327
COP2122-217,,BIOSYSTEMS TECHNOLOGY (BST),University of Sri Jayewardenepura,VAVUNIYA,,NQC,7,26,NQC
COP2122-217,,BIOSYSTEMS TECHNOLOGY (BST),University of Sri Jayewardenepura,TRINCOMALEE,2.2416,value,7,26,2.2416
COP2122-217,,BIOSYSTEMS TECHNOLOGY (BST),University of Sri Jayewardenepura,BATTICALOA,2.0834,value,7,26,2.0834
COP2122-217,,BIOSYSTEMS TECHNOLOGY (BST),University of Sri Jayewardenepura,AMPARA,2.0771,value,7,26,2.0771
COP2122-217,,BIOSYSTEMS TECHNOLOGY (BST),University of Sri Jayewardenepura,PUTTALAM,2.0341,value,7,26,2.0341
COP2122-217,,BIOSYSTEMS TECHNOLOGY (BST),University of Sri Jayewardenepura,KURUNEGALA,2.0645,value,7,26,2.0645
COP2122-217,,BIOSYSTEMS TECHNOLOGY (BST),University of Sri Jayewardenepura,ANURADHAPURA,2.1266,value,7,26,2.1266
COP2122-217,,BIOSYSTEMS TECHNOLOGY (BST),University of Sri Jayewardenepura,POLONNARUWA,,NQC,7,26,NQC
COP2122-217,,BIOSYSTEMS TECHNOLOGY (BST),University of Sri Jayewardenepura,BADULLA,2.0743,value,7,26,2.0743
COP2122-217,,BIOSYSTEMS TECHNOLOGY (BST),University of Sri Jayewardenepura,MONARAGALA,2.1224,value,7,26,2.1224
COP2122-217,,BIOSYSTEMS TECHNOLOGY (BST),University of Sri Jayewardenepura,KEGALLE,2.0288,value,7,26,2.0288
COP2122-217,,BIOSYSTEMS TECHNOLOGY (BST),University of Sri Jayewardenepura,RATNAPURA,2.0502,value,7,26,2.0502
COP2122-218,,BIOSYSTEMS TECHNOLOGY (BST),University of Jaffna,COLOMBO,0.9139,value,7,27,0.9139
COP2122-218,,BIOSYSTEMS TECHNOLOGY (BST),University of Jaffna,GAMPAHA,0.9045,value,7,27,0.9045
COP2122-218,,BIOSYSTEMS TECHNOLOGY (BST),University of Jaffna,KALUTARA,1.0474,value,7,27,1.0474
COP2122-218,,BIOSYSTEMS TECHNOLOGY (BST),University of Jaffna,MATALE,1.2019,value,7,27,1.2019
COP2122-218,,BIOSYSTEMS TECHNOLOGY (BST),University of Jaffna,KANDY,1.2227,value,7,27,1.2227
COP2122-218,,BIOSYSTEMS TECHNOLOGY (BST),University of Jaffna,NUWARA ELIYA,1.0157,value,7,27,1.0157
COP2122-218,,BIOSYSTEMS TECHNOLOGY (BST),University of Jaffna,GALLE,1.1252,value,7,27,1.1252
COP2122-218,,BIOSYSTEMS TECHNOLOGY (BST),University of Jaffna,MATARA,1.1649,value,7,27,1.1649
COP2122-218,,BIOSYSTEMS TECHNOLOGY (BST),University of Jaffna,HAMBANTOTA,1.0684,value,7,27,1.0684
COP2122-218,,BIOSYSTEMS TECHNOLOGY (BST),University of Jaffna,JAFFNA,0.8937,value,7,27,0.8937
COP2122-218,,BIOSYSTEMS TECHNOLOGY (BST),University of Jaffna,KILINOCHCHI,,NQC,7,27,NQC
COP2122-218,,BIOSYSTEMS TECHNOLOGY (BST),University of Jaffna,MANNAR,1.0279,value,7,27,1.0279
COP2122-218,,BIOSYSTEMS TECHNOLOGY (BST),University of Jaffna,MULLAITIVU,1.6219,value,7,27,1.6219
COP2122-218,,BIOSYSTEMS TECHNOLOGY (BST),University of Jaffna,VAVUNIYA,0.9427,value,7,27,0.9427
COP2122-218,,BIOSYSTEMS TECHNOLOGY (BST),University of Jaffna,TRINCOMALEE,1.0335,value,7,27,1.0335
COP2122-218,,BIOSYSTEMS TECHNOLOGY (BST),University of Jaffna,BATTICALOA,0.9380,value,7,27,0.9380
COP2122-218,,BIOSYSTEMS TECHNOLOGY (BST),University of Jaffna,AMPARA,1.3434,value,7,27,1.3434
COP2122-218,,BIOSYSTEMS TECHNOLOGY (BST),University of Jaffna,PUTTALAM,0.9035,value,7,27,0.9035
COP2122-218,,BIOSYSTEMS TECHNOLOGY (BST),University of Jaffna,KURUNEGALA,1.1310,value,7,27,1.1310
COP2122-218,,BIOSYSTEMS TECHNOLOGY (BST),University of Jaffna,ANURADHAPURA,1.0637,value,7,27,1.0637
COP2122-218,,BIOSYSTEMS TECHNOLOGY (BST),University of Jaffna,POLONNARUWA,0.9616,value,7,27,0.9616
COP2122-218,,BIOSYSTEMS TECHNOLOGY (BST),University of Jaffna,BADULLA,1.1743,value,7,27,1.1743
COP2122-218,,BIOSYSTEMS TECHNOLOGY (BST),University of Jaffna,MONARAGALA,1.0982,value,7,27,1.0982
COP2122-218,,BIOSYSTEMS TECHNOLOGY (BST),University of Jaffna,KEGALLE,,NQC,7,27,NQC
COP2122-218,,BIOSYSTEMS TECHNOLOGY (BST),University of Jaffna,RATNAPURA,1.0091,value,7,27,1.0091
COP2122-219,,BIOSYSTEMS TECHNOLOGY (BST),University of Ruhuna,COLOMBO,1.5056,value,7,28,1.5056
COP2122-219,,BIOSYSTEMS TECHNOLOGY (BST),University of Ruhuna,GAMPAHA,1.6869,value,7,28,1.6869
COP2122-219,,BIOSYSTEMS TECHNOLOGY (BST),University of Ruhuna,KALUTARA,1.5699,value,7,28,1.5699
COP2122-219,,BIOSYSTEMS TECHNOLOGY (BST),University of Ruhuna,MATALE,1.5243,value,7,28,1.5243
COP2122-219,,BIOSYSTEMS TECHNOLOGY (BST),University of Ruhuna,KANDY,1.5363,value,7,28,1.5363
COP2122-219,,BIOSYSTEMS TECHNOLOGY (BST),University of Ruhuna,NUWARA ELIYA,1.5091,value,7,28,1.5091
COP2122-219,,BIOSYSTEMS TECHNOLOGY (BST),University of Ruhuna,GALLE,1.5758,value,7,28,1.5758
COP2122-219,,BIOSYSTEMS TECHNOLOGY (BST),University of Ruhuna,MATARA,1.5343,value,7,28,1.5343
COP2122-219,,BIOSYSTEMS TECHNOLOGY (BST),University of Ruhuna,HAMBANTOTA,1.5457,value,7,28,1.5457
COP2122-219,,BIOSYSTEMS TECHNOLOGY (BST),University of Ruhuna,JAFFNA,,NQC,7,28,NQC
COP2122-219,,BIOSYSTEMS TECHNOLOGY (BST),University of Ruhuna,KILINOCHCHI,,NQC,7,28,NQC
COP2122-219,,BIOSYSTEMS TECHNOLOGY (BST),University of Ruhuna,MANNAR,,NQC,7,28,NQC
COP2122-219,,BIOSYSTEMS TECHNOLOGY (BST),University of Ruhuna,MULLAITIVU,,NQC,7,28,NQC
COP2122-219,,BIOSYSTEMS TECHNOLOGY (BST),University of Ruhuna,VAVUNIYA,1.5527,value,7,28,1.5527
COP2122-219,,BIOSYSTEMS TECHNOLOGY (BST),University of Ruhuna,TRINCOMALEE,1.6166,value,7,28,1.6166
COP2122-219,,BIOSYSTEMS TECHNOLOGY (BST),University of Ruhuna,BATTICALOA,,NQC,7,28,NQC
COP2122-219,,BIOSYSTEMS TECHNOLOGY (BST),University of Ruhuna,AMPARA,1.5053,value,7,28,1.5053
COP2122-219,,BIOSYSTEMS TECHNOLOGY (BST),University of Ruhuna,PUTTALAM,1.6921,value,7,28,1.6921
COP2122-219,,BIOSYSTEMS TECHNOLOGY (BST),University of Ruhuna,KURUNEGALA,1.5977,value,7,28,1.5977
COP2122-219,,BIOSYSTEMS TECHNOLOGY (BST),University of Ruhuna,ANURADHAPURA,1.5307,value,7,28,1.5307
COP2122-219,,BIOSYSTEMS TECHNOLOGY (BST),University of Ruhuna,POLONNARUWA,1.5371,value,7,28,1.5371
COP2122-219,,BIOSYSTEMS TECHNOLOGY (BST),University of Ruhuna,BADULLA,1.5552,value,7,28,1.5552
COP2122-219,,BIOSYSTEMS TECHNOLOGY (BST),University of Ruhuna,MONARAGALA,1.5036,value,7,28,1.5036
COP2122-219,,BIOSYSTEMS TECHNOLOGY (BST),University of Ruhuna,KEGALLE,1.5082,value,7,28,1.5082
COP2122-219,,BIOSYSTEMS TECHNOLOGY (BST),University of Ruhuna,RATNAPURA,1.5122,value,7,28,1.5122
COP2122-220,,BIOSYSTEMS TECHNOLOGY (BST),"Eastern University, Sri Lanka",COLOMBO,0.6223,value,7,29,0.6223
COP2122-220,,BIOSYSTEMS TECHNOLOGY (BST),"Eastern University, Sri Lanka",GAMPAHA,0.7256,value,7,29,0.7256
COP2122-220,,BIOSYSTEMS TECHNOLOGY (BST),"Eastern University, Sri Lanka",KALUTARA,1.0479,value,7,29,1.0479
COP2122-220,,BIOSYSTEMS TECHNOLOGY (BST),"Eastern University, Sri Lanka",MATALE,1.1156,value,7,29,1.1156
COP2122-220,,BIOSYSTEMS TECHNOLOGY (BST),"Eastern University, Sri Lanka",KANDY,,NQC,7,29,NQC
COP2122-220,,BIOSYSTEMS TECHNOLOGY (BST),"Eastern University, Sri Lanka",NUWARA ELIYA,,NQC,7,29,NQC
COP2122-220,,BIOSYSTEMS TECHNOLOGY (BST),"Eastern University, Sri Lanka",GALLE,1.0816,value,7,29,1.0816
COP2122-220,,BIOSYSTEMS TECHNOLOGY (BST),"Eastern University, Sri Lanka",MATARA,1.1884,value,7,29,1.1884
COP2122-220,,BIOSYSTEMS TECHNOLOGY (BST),"Eastern University, Sri Lanka",HAMBANTOTA,1.0808,value,7,29,1.0808
COP2122-220,,BIOSYSTEMS TECHNOLOGY (BST),"Eastern University, Sri Lanka",JAFFNA,0.6572,value,7,29,0.6572
COP2122-220,,BIOSYSTEMS TECHNOLOGY (BST),"Eastern University, Sri Lanka",KILINOCHCHI,0.7383,value,7,29,0.7383
COP2122-220,,BIOSYSTEMS TECHNOLOGY (BST),"Eastern University, Sri Lanka",MANNAR,0.8626,value,7,29,0.8626
COP2122-220,,BIOSYSTEMS TECHNOLOGY (BST),"Eastern University, Sri Lanka",MULLAITIVU,0.7663,value,7,29,0.7663
COP2122-220,,BIOSYSTEMS TECHNOLOGY (BST),"Eastern University, Sri Lanka",VAVUNIYA,0.6321,value,7,29,0.6321
COP2122-220,,BIOSYSTEMS TECHNOLOGY (BST),"Eastern University, Sri Lanka",TRINCOMALEE,1.3691,value,7,29,1.3691
COP2122-220,,BIOSYSTEMS TECHNOLOGY (BST),"Eastern University, Sri Lanka",BATTICALOA,0.8899,value,7,29,0.8899
COP2122-220,,BIOSYSTEMS TECHNOLOGY (BST),"Eastern University, Sri Lanka",AMPARA,1.1920,value,7,29,1.1920
COP2122-220,,BIOSYSTEMS TECHNOLOGY (BST),"Eastern University, Sri Lanka",PUTTALAM,0.6505,value,7,29,0.6505
COP2122-220,,BIOSYSTEMS TECHNOLOGY (BST),"Eastern University, Sri Lanka",KURUNEGALA,1.1965,value,7,29,1.1965
COP2122-220,,BIOSYSTEMS TECHNOLOGY (BST),"Eastern University, Sri Lanka",ANURADHAPURA,1.0814,value,7,29,1.0814
COP2122-220,,BIOSYSTEMS TECHNOLOGY (BST),"Eastern University, Sri Lanka",POLONNARUWA,0.5486,value,7,29,0.5486
COP2122-220,,BIOSYSTEMS TECHNOLOGY (BST),"Eastern University, Sri Lanka",BADULLA,1.1999,value,7,29,1.1999
COP2122-220,,BIOSYSTEMS TECHNOLOGY (BST),"Eastern University, Sri Lanka",MONARAGALA,,NQC,7,29,NQC
COP2122-220,,BIOSYSTEMS TECHNOLOGY (BST),"Eastern University, Sri Lanka",KEGALLE,,NQC,7,29,NQC
COP2122-220,,BIOSYSTEMS TECHNOLOGY (BST),"Eastern University, Sri Lanka",RATNAPURA,1.0823,value,7,29,1.0823
COP2122-221,,BIOSYSTEMS TECHNOLOGY (BST),South Eastern University of Sri Lanka,COLOMBO,0.6830,value,7,30,0.6830
COP2122-221,,BIOSYSTEMS TECHNOLOGY (BST),South Eastern University of Sri Lanka,GAMPAHA,0.7327,value,7,30,0.7327
COP2122-221,,BIOSYSTEMS TECHNOLOGY (BST),South Eastern University of Sri Lanka,KALUTARA,1.0351,value,7,30,1.0351
COP2122-221,,BIOSYSTEMS TECHNOLOGY (BST),South Eastern University of Sri Lanka,MATALE,,NQC,7,30,NQC
COP2122-221,,BIOSYSTEMS TECHNOLOGY (BST),South Eastern University of Sri Lanka,KANDY,,NQC,7,30,NQC
COP2122-221,,BIOSYSTEMS TECHNOLOGY (BST),South Eastern University of Sri Lanka,NUWARA ELIYA,0.9856,value,7,30,0.9856
COP2122-221,,BIOSYSTEMS TECHNOLOGY (BST),South Eastern University of Sri Lanka,GALLE,1.0795,value,7,30,1.0795
COP2122-221,,BIOSYSTEMS TECHNOLOGY (BST),South Eastern University of Sri Lanka,MATARA,1.1790,value,7,30,1.1790
COP2122-221,,BIOSYSTEMS TECHNOLOGY (BST),South Eastern University of Sri Lanka,HAMBANTOTA,1.0748,value,7,30,1.0748
COP2122-221,,BIOSYSTEMS TECHNOLOGY (BST),South Eastern University of Sri Lanka,JAFFNA,0.6664,value,7,30,0.6664
COP2122-221,,BIOSYSTEMS TECHNOLOGY (BST),South Eastern University of Sri Lanka,KILINOCHCHI,0.6756,value,7,30,0.6756
COP2122-221,,BIOSYSTEMS TECHNOLOGY (BST),South Eastern University of Sri Lanka,MANNAR,,NQC,7,30,NQC
COP2122-221,,BIOSYSTEMS TECHNOLOGY (BST),South Eastern University of Sri Lanka,MULLAITIVU,,NQC,7,30,NQC
COP2122-221,,BIOSYSTEMS TECHNOLOGY (BST),South Eastern University of Sri Lanka,VAVUNIYA,,NQC,7,30,NQC
COP2122-221,,BIOSYSTEMS TECHNOLOGY (BST),South Eastern University of Sri Lanka,TRINCOMALEE,1.1210,value,7,30,1.1210
COP2122-221,,BIOSYSTEMS TECHNOLOGY (BST),South Eastern University of Sri Lanka,BATTICALOA,0.8971,value,7,30,0.8971
COP2122-221,,BIOSYSTEMS TECHNOLOGY (BST),South Eastern University of Sri Lanka,AMPARA,1.1828,value,7,30,1.1828
COP2122-221,,BIOSYSTEMS TECHNOLOGY (BST),South Eastern University of Sri Lanka,PUTTALAM,0.6612,value,7,30,0.6612
COP2122-221,,BIOSYSTEMS TECHNOLOGY (BST),South Eastern University of Sri Lanka,KURUNEGALA,1.1549,value,7,30,1.1549
COP2122-221,,BIOSYSTEMS TECHNOLOGY (BST),South Eastern University of Sri Lanka,ANURADHAPURA,1.1156,value,7,30,1.1156
COP2122-221,,BIOSYSTEMS TECHNOLOGY (BST),South Eastern University of Sri Lanka,POLONNARUWA,0.6846,value,7,30,0.6846
COP2122-221,,BIOSYSTEMS TECHNOLOGY (BST),South Eastern University of Sri Lanka,BADULLA,1.1798,value,7,30,1.1798
COP2122-221,,BIOSYSTEMS TECHNOLOGY (BST),South Eastern University of Sri Lanka,MONARAGALA,1.1288,value,7,30,1.1288
COP2122-221,,BIOSYSTEMS TECHNOLOGY (BST),South Eastern University of Sri Lanka,KEGALLE,1.4228,value,7,30,1.4228
COP2122-221,,BIOSYSTEMS TECHNOLOGY (BST),South Eastern University of Sri Lanka,RATNAPURA,1.0254,value,7,30,1.0254
COP2122-222,,BIOSYSTEMS TECHNOLOGY (BST),Rajarata University of Sri Lanka,COLOMBO,1.2141,value,7,31,1.2141
COP2122-222,,BIOSYSTEMS TECHNOLOGY (BST),Rajarata University of Sri Lanka,GAMPAHA,1.2185,value,7,31,1.2185
COP2122-222,,BIOSYSTEMS TECHNOLOGY (BST),Rajarata University of Sri Lanka,KALUTARA,1.2120,value,7,31,1.2120
COP2122-222,,BIOSYSTEMS TECHNOLOGY (BST),Rajarata University of Sri Lanka,MATALE,1.2531,value,7,31,1.2531
COP2122-222,,BIOSYSTEMS TECHNOLOGY (BST),Rajarata University of Sri Lanka,KANDY,1.2239,value,7,31,1.2239
COP2122-222,,BIOSYSTEMS TECHNOLOGY (BST),Rajarata University of Sri Lanka,NUWARA ELIYA,1.2177,value,7,31,1.2177
COP2122-222,,BIOSYSTEMS TECHNOLOGY (BST),Rajarata University of Sri Lanka,GALLE,1.2098,value,7,31,1.2098
COP2122-222,,BIOSYSTEMS TECHNOLOGY (BST),Rajarata University of Sri Lanka,MATARA,1.2277,value,7,31,1.2277
COP2122-222,,BIOSYSTEMS TECHNOLOGY (BST),Rajarata University of Sri Lanka,HAMBANTOTA,,NQC,7,31,NQC
COP2122-222,,BIOSYSTEMS TECHNOLOGY (BST),Rajarata University of Sri Lanka,JAFFNA,,NQC,7,31,NQC
COP2122-222,,BIOSYSTEMS TECHNOLOGY (BST),Rajarata University of Sri Lanka,KILINOCHCHI,,NQC,7,31,NQC
COP2122-222,,BIOSYSTEMS TECHNOLOGY (BST),Rajarata University of Sri Lanka,MANNAR,1.4098,value,7,31,1.4098
COP2122-222,,BIOSYSTEMS TECHNOLOGY (BST),Rajarata University of Sri Lanka,MULLAITIVU,,NQC,7,31,NQC
COP2122-222,,BIOSYSTEMS TECHNOLOGY (BST),Rajarata University of Sri Lanka,VAVUNIYA,,NQC,7,31,NQC
COP2122-222,,BIOSYSTEMS TECHNOLOGY (BST),Rajarata University of Sri Lanka,TRINCOMALEE,1.2436,value,7,31,1.2436
COP2122-222,,BIOSYSTEMS TECHNOLOGY (BST),Rajarata University of Sri Lanka,BATTICALOA,1.2234,value,7,31,1.2234
COP2122-222,,BIOSYSTEMS TECHNOLOGY (BST),Rajarata University of Sri Lanka,AMPARA,1.2197,value,7,31,1.2197
COP2122-222,,BIOSYSTEMS TECHNOLOGY (BST),Rajarata University of Sri Lanka,PUTTALAM,1.2212,value,7,31,1.2212
COP2122-222,,BIOSYSTEMS TECHNOLOGY (BST),Rajarata University of Sri Lanka,KURUNEGALA,1.2134,value,7,31,1.2134
COP2122-222,,BIOSYSTEMS TECHNOLOGY (BST),Rajarata University of Sri Lanka,ANURADHAPURA,1.2144,value,7,31,1.2144
COP2122-222,,BIOSYSTEMS TECHNOLOGY (BST),Rajarata University of Sri Lanka,POLONNARUWA,,NQC,7,31,NQC
COP2122-222,,BIOSYSTEMS TECHNOLOGY (BST),Rajarata University of Sri Lanka,BADULLA,1.2127,value,7,31,1.2127
COP2122-222,,BIOSYSTEMS TECHNOLOGY (BST),Rajarata University of Sri Lanka,MONARAGALA,1.2655,value,7,31,1.2655
COP2122-222,,BIOSYSTEMS TECHNOLOGY (BST),Rajarata University of Sri Lanka,KEGALLE,1.2797,value,7,31,1.2797
COP2122-222,,BIOSYSTEMS TECHNOLOGY (BST),Rajarata University of Sri Lanka,RATNAPURA,1.2109,value,7,31,1.2109
COP2122-223,,BIOSYSTEMS TECHNOLOGY (BST),Sabaragamuwa University of Sri Lanka,COLOMBO,1.2960,value,7,32,1.2960
COP2122-223,,BIOSYSTEMS TECHNOLOGY (BST),Sabaragamuwa University of Sri Lanka,GAMPAHA,1.2891,value,7,32,1.2891
COP2122-223,,BIOSYSTEMS TECHNOLOGY (BST),Sabaragamuwa University of Sri Lanka,KALUTARA,1.2939,value,7,32,1.2939
COP2122-223,,BIOSYSTEMS TECHNOLOGY (BST),Sabaragamuwa University of Sri Lanka,MATALE,1.3749,value,7,32,1.3749
COP2122-223,,BIOSYSTEMS TECHNOLOGY (BST),Sabaragamuwa University of Sri Lanka,KANDY,1.2949,value,7,32,1.2949
COP2122-223,,BIOSYSTEMS TECHNOLOGY (BST),Sabaragamuwa University of Sri Lanka,NUWARA ELIYA,1.4518,value,7,32,1.4518
COP2122-223,,BIOSYSTEMS TECHNOLOGY (BST),Sabaragamuwa University of Sri Lanka,GALLE,1.3053,value,7,32,1.3053
COP2122-223,,BIOSYSTEMS TECHNOLOGY (BST),Sabaragamuwa University of Sri Lanka,MATARA,1.3146,value,7,32,1.3146
COP2122-223,,BIOSYSTEMS TECHNOLOGY (BST),Sabaragamuwa University of Sri Lanka,HAMBANTOTA,1.2865,value,7,32,1.2865
COP2122-223,,BIOSYSTEMS TECHNOLOGY (BST),Sabaragamuwa University of Sri Lanka,JAFFNA,,NQC,7,32,NQC
COP2122-223,,BIOSYSTEMS TECHNOLOGY (BST),Sabaragamuwa University of Sri Lanka,KILINOCHCHI,,NQC,7,32,NQC
COP2122-223,,BIOSYSTEMS TECHNOLOGY (BST),Sabaragamuwa University of Sri Lanka,MANNAR,,NQC,7,32,NQC
COP2122-223,,BIOSYSTEMS TECHNOLOGY (BST),Sabaragamuwa University of Sri Lanka,MULLAITIVU,1.4336,value,7,32,1.4336
COP2122-223,,BIOSYSTEMS TECHNOLOGY (BST),Sabaragamuwa University of Sri Lanka,VAVUNIYA,,NQC,7,32,NQC
COP2122-223,,BIOSYSTEMS TECHNOLOGY (BST),Sabaragamuwa University of Sri Lanka,TRINCOMALEE,1.4051,value,7,32,1.4051
COP2122-223,,BIOSYSTEMS TECHNOLOGY (BST),Sabaragamuwa University of Sri Lanka,BATTICALOA,,NQC,7,32,NQC
COP2122-223,,BIOSYSTEMS TECHNOLOGY (BST),Sabaragamuwa University of Sri Lanka,AMPARA,,NQC,7,32,NQC
COP2122-223,,BIOSYSTEMS TECHNOLOGY (BST),Sabaragamuwa University of Sri Lanka,PUTTALAM,1.4156,value,7,32,1.4156
COP2122-223,,BIOSYSTEMS TECHNOLOGY (BST),Sabaragamuwa University of Sri Lanka,KURUNEGALA,1.3284,value,7,32,1.3284
COP2122-223,,BIOSYSTEMS TECHNOLOGY (BST),Sabaragamuwa University of Sri Lanka,ANURADHAPURA,1.2886,value,7,32,1.2886
COP2122-223,,BIOSYSTEMS TECHNOLOGY (BST),Sabaragamuwa University of Sri Lanka,POLONNARUWA,1.3281,value,7,32,1.3281
COP2122-223,,BIOSYSTEMS TECHNOLOGY (BST),Sabaragamuwa University of Sri Lanka,BADULLA,1.2992,value,7,32,1.2992
COP2122-223,,BIOSYSTEMS TECHNOLOGY (BST),Sabaragamuwa University of Sri Lanka,MONARAGALA,1.2868,value,7,32,1.2868
COP2122-223,,BIOSYSTEMS TECHNOLOGY (BST),Sabaragamuwa University of Sri Lanka,KEGALLE,1.3317,value,7,32,1.3317
COP2122-223,,BIOSYSTEMS TECHNOLOGY (BST),Sabaragamuwa University of Sri Lanka,RATNAPURA,1.3217,value,7,32,1.3217
COP2122-224,,BIOSYSTEMS TECHNOLOGY (BST),Wayamba University of Sri Lanka,COLOMBO,1.4581,value,8,1,1.4581
COP2122-224,,BIOSYSTEMS TECHNOLOGY (BST),Wayamba University of Sri Lanka,GAMPAHA,1.4721,value,8,1,1.4721
COP2122-224,,BIOSYSTEMS TECHNOLOGY (BST),Wayamba University of Sri Lanka,KALUTARA,1.4768,value,8,1,1.4768
COP2122-224,,BIOSYSTEMS TECHNOLOGY (BST),Wayamba University of Sri Lanka,MATALE,1.4526,value,8,1,1.4526
COP2122-224,,BIOSYSTEMS TECHNOLOGY (BST),Wayamba University of Sri Lanka,KANDY,1.4538,value,8,1,1.4538
COP2122-224,,BIOSYSTEMS TECHNOLOGY (BST),Wayamba University of Sri Lanka,NUWARA ELIYA,1.4883,value,8,1,1.4883
COP2122-224,,BIOSYSTEMS TECHNOLOGY (BST),Wayamba University of Sri Lanka,GALLE,1.4533,value,8,1,1.4533
COP2122-224,,BIOSYSTEMS TECHNOLOGY (BST),Wayamba University of Sri Lanka,MATARA,1.4760,value,8,1,1.4760
COP2122-224,,BIOSYSTEMS TECHNOLOGY (BST),Wayamba University of Sri Lanka,HAMBANTOTA,1.4778,value,8,1,1.4778
COP2122-224,,BIOSYSTEMS TECHNOLOGY (BST),Wayamba University of Sri Lanka,JAFFNA,1.6386,value,8,1,1.6386
COP2122-224,,BIOSYSTEMS TECHNOLOGY (BST),Wayamba University of Sri Lanka,KILINOCHCHI,,NQC,8,1,NQC
COP2122-224,,BIOSYSTEMS TECHNOLOGY (BST),Wayamba University of Sri Lanka,MANNAR,1.5452,value,8,1,1.5452
COP2122-224,,BIOSYSTEMS TECHNOLOGY (BST),Wayamba University of Sri Lanka,MULLAITIVU,,NQC,8,1,NQC
COP2122-224,,BIOSYSTEMS TECHNOLOGY (BST),Wayamba University of Sri Lanka,VAVUNIYA,,NQC,8,1,NQC
COP2122-224,,BIOSYSTEMS TECHNOLOGY (BST),Wayamba University of Sri Lanka,TRINCOMALEE,1.7163,value,8,1,1.7163
COP2122-224,,BIOSYSTEMS TECHNOLOGY (BST),Wayamba University of Sri Lanka,BATTICALOA,,NQC,8,1,NQC
COP2122-224,,BIOSYSTEMS TECHNOLOGY (BST),Wayamba University of Sri Lanka,AMPARA,,NQC,8,1,NQC
COP2122-224,,BIOSYSTEMS TECHNOLOGY (BST),Wayamba University of Sri Lanka,PUTTALAM,1.4719,value,8,1,1.4719
COP2122-224,,BIOSYSTEMS TECHNOLOGY (BST),Wayamba University of Sri Lanka,KURUNEGALA,1.4574,value,8,1,1.4574
COP2122-224,,BIOSYSTEMS TECHNOLOGY (BST),Wayamba University of Sri Lanka,ANURADHAPURA,1.4534,value,8,1,1.4534
COP2122-224,,BIOSYSTEMS TECHNOLOGY (BST),Wayamba University of Sri Lanka,POLONNARUWA,1.5489,value,8,1,1.5489
COP2122-224,,BIOSYSTEMS TECHNOLOGY (BST),Wayamba University of Sri Lanka,BADULLA,1.4725,value,8,1,1.4725
COP2122-224,,BIOSYSTEMS TECHNOLOGY (BST),Wayamba University of Sri Lanka,MONARAGALA,1.4619,value,8,1,1.4619
COP2122-224,,BIOSYSTEMS TECHNOLOGY (BST),Wayamba University of Sri Lanka,KEGALLE,1.4656,value,8,1,1.4656
COP2122-224,,BIOSYSTEMS TECHNOLOGY (BST),Wayamba University of Sri Lanka,RATNAPURA,1.4604,value,8,1,1.4604
COP2122-225,,BIOSYSTEMS TECHNOLOGY (BST),Uva Wellassa University of Sri Lanka,COLOMBO,1.2310,value,8,2,1.2310
COP2122-225,,BIOSYSTEMS TECHNOLOGY (BST),Uva Wellassa University of Sri Lanka,GAMPAHA,1.2353,value,8,2,1.2353
COP2122-225,,BIOSYSTEMS TECHNOLOGY (BST),Uva Wellassa University of Sri Lanka,KALUTARA,1.2738,value,8,2,1.2738
COP2122-225,,BIOSYSTEMS TECHNOLOGY (BST),Uva Wellassa University of Sri Lanka,MATALE,1.2407,value,8,2,1.2407
COP2122-225,,BIOSYSTEMS TECHNOLOGY (BST),Uva Wellassa University of Sri Lanka,KANDY,1.2318,value,8,2,1.2318
COP2122-225,,BIOSYSTEMS TECHNOLOGY (BST),Uva Wellassa University of Sri Lanka,NUWARA ELIYA,1.2490,value,8,2,1.2490
COP2122-225,,BIOSYSTEMS TECHNOLOGY (BST),Uva Wellassa University of Sri Lanka,GALLE,1.2237,value,8,2,1.2237
COP2122-225,,BIOSYSTEMS TECHNOLOGY (BST),Uva Wellassa University of Sri Lanka,MATARA,1.2399,value,8,2,1.2399
COP2122-225,,BIOSYSTEMS TECHNOLOGY (BST),Uva Wellassa University of Sri Lanka,HAMBANTOTA,1.2770,value,8,2,1.2770
COP2122-225,,BIOSYSTEMS TECHNOLOGY (BST),Uva Wellassa University of Sri Lanka,JAFFNA,1.2710,value,8,2,1.2710
COP2122-225,,BIOSYSTEMS TECHNOLOGY (BST),Uva Wellassa University of Sri Lanka,KILINOCHCHI,,NQC,8,2,NQC
COP2122-225,,BIOSYSTEMS TECHNOLOGY (BST),Uva Wellassa University of Sri Lanka,MANNAR,,NQC,8,2,NQC
COP2122-225,,BIOSYSTEMS TECHNOLOGY (BST),Uva Wellassa University of Sri Lanka,MULLAITIVU,1.4586,value,8,2,1.4586
COP2122-225,,BIOSYSTEMS TECHNOLOGY (BST),Uva Wellassa University of Sri Lanka,VAVUNIYA,1.2534,value,8,2,1.2534
COP2122-225,,BIOSYSTEMS TECHNOLOGY (BST),Uva Wellassa University of Sri Lanka,TRINCOMALEE,1.4357,value,8,2,1.4357
COP2122-225,,BIOSYSTEMS TECHNOLOGY (BST),Uva Wellassa University of Sri Lanka,BATTICALOA,1.6463,value,8,2,1.6463
COP2122-225,,BIOSYSTEMS TECHNOLOGY (BST),Uva Wellassa University of Sri Lanka,AMPARA,1.2235,value,8,2,1.2235
COP2122-225,,BIOSYSTEMS TECHNOLOGY (BST),Uva Wellassa University of Sri Lanka,PUTTALAM,1.2425,value,8,2,1.2425
COP2122-225,,BIOSYSTEMS TECHNOLOGY (BST),Uva Wellassa University of Sri Lanka,KURUNEGALA,1.2842,value,8,2,1.2842
COP2122-225,,BIOSYSTEMS TECHNOLOGY (BST),Uva Wellassa University of Sri Lanka,ANURADHAPURA,1.2584,value,8,2,1.2584
COP2122-225,,BIOSYSTEMS TECHNOLOGY (BST),Uva Wellassa University of Sri Lanka,POLONNARUWA,1.2844,value,8,2,1.2844
COP2122-225,,BIOSYSTEMS TECHNOLOGY (BST),Uva Wellassa University of Sri Lanka,BADULLA,1.2223,value,8,2,1.2223
COP2122-225,,BIOSYSTEMS TECHNOLOGY (BST),Uva Wellassa University of Sri Lanka,MONARAGALA,1.2628,value,8,2,1.2628
COP2122-225,,BIOSYSTEMS TECHNOLOGY (BST),Uva Wellassa University of Sri Lanka,KEGALLE,1.2792,value,8,2,1.2792
COP2122-225,,BIOSYSTEMS TECHNOLOGY (BST),Uva Wellassa University of Sri Lanka,RATNAPURA,1.2412,value,8,2,1.2412
COP2122-226,,INFORMATION COMMUNICATION TECHNOLOGY,University of Colombo,COLOMBO,1.9701,value,8,3,1.9701
COP2122-226,,INFORMATION COMMUNICATION TECHNOLOGY,University of Colombo,GAMPAHA,1.9030,value,8,3,1.9030
COP2122-226,,INFORMATION COMMUNICATION TECHNOLOGY,University of Colombo,KALUTARA,1.9907,value,8,3,1.9907
COP2122-226,,INFORMATION COMMUNICATION TECHNOLOGY,University of Colombo,MATALE,,NQC,8,3,NQC
COP2122-226,,INFORMATION COMMUNICATION TECHNOLOGY,University of Colombo,KANDY,1.9801,value,8,3,1.9801
COP2122-226,,INFORMATION COMMUNICATION TECHNOLOGY,University of Colombo,NUWARA ELIYA,,NQC,8,3,NQC
COP2122-226,,INFORMATION COMMUNICATION TECHNOLOGY,University of Colombo,GALLE,1.9362,value,8,3,1.9362
COP2122-226,,INFORMATION COMMUNICATION TECHNOLOGY,University of Colombo,MATARA,1.8953,value,8,3,1.8953
COP2122-226,,INFORMATION COMMUNICATION TECHNOLOGY,University of Colombo,HAMBANTOTA,1.9073,value,8,3,1.9073
COP2122-226,,INFORMATION COMMUNICATION TECHNOLOGY,University of Colombo,JAFFNA,1.9521,value,8,3,1.9521
COP2122-226,,INFORMATION COMMUNICATION TECHNOLOGY,University of Colombo,KILINOCHCHI,,NQC,8,3,NQC
COP2122-226,,INFORMATION COMMUNICATION TECHNOLOGY,University of Colombo,MANNAR,,NQC,8,3,NQC
COP2122-226,,INFORMATION COMMUNICATION TECHNOLOGY,University of Colombo,MULLAITIVU,,NQC,8,3,NQC
COP2122-226,,INFORMATION COMMUNICATION TECHNOLOGY,University of Colombo,VAVUNIYA,,NQC,8,3,NQC
COP2122-226,,INFORMATION COMMUNICATION TECHNOLOGY,University of Colombo,TRINCOMALEE,2.5906,value,8,3,2.5906
COP2122-226,,INFORMATION COMMUNICATION TECHNOLOGY,University of Colombo,BATTICALOA,,NQC,8,3,NQC
COP2122-226,,INFORMATION COMMUNICATION TECHNOLOGY,University of Colombo,AMPARA,1.9064,value,8,3,1.9064
COP2122-226,,INFORMATION COMMUNICATION TECHNOLOGY,University of Colombo,PUTTALAM,1.9170,value,8,3,1.9170
COP2122-226,,INFORMATION COMMUNICATION TECHNOLOGY,University of Colombo,KURUNEGALA,1.9589,value,8,3,1.9589
COP2122-226,,INFORMATION COMMUNICATION TECHNOLOGY,University of Colombo,ANURADHAPURA,2.0227,value,8,3,2.0227
COP2122-226,,INFORMATION COMMUNICATION TECHNOLOGY,University of Colombo,POLONNARUWA,,NQC,8,3,NQC
COP2122-226,,INFORMATION COMMUNICATION TECHNOLOGY,University of Colombo,BADULLA,1.9020,value,8,3,1.9020
COP2122-226,,INFORMATION COMMUNICATION TECHNOLOGY,University of Colombo,MONARAGALA,,NQC,8,3,NQC
COP2122-226,,INFORMATION COMMUNICATION TECHNOLOGY,University of Colombo,KEGALLE,1.9791,value,8,3,1.9791
COP2122-226,,INFORMATION COMMUNICATION TECHNOLOGY,University of Colombo,RATNAPURA,1.9355,value,8,3,1.9355
COP2122-227,,INFORMATION COMMUNICATION TECHNOLOGY,University of Sri Jayewardenepura,COLOMBO,2.0846,value,8,4,2.0846
COP2122-227,,INFORMATION COMMUNICATION TECHNOLOGY,University of Sri Jayewardenepura,GAMPAHA,2.0104,value,8,4,2.0104
COP2122-227,,INFORMATION COMMUNICATION TECHNOLOGY,University of Sri Jayewardenepura,KALUTARA,2.0297,value,8,4,2.0297
COP2122-227,,INFORMATION COMMUNICATION TECHNOLOGY,University of Sri Jayewardenepura,MATALE,2.1748,value,8,4,2.1748
COP2122-227,,INFORMATION COMMUNICATION TECHNOLOGY,University of Sri Jayewardenepura,KANDY,2.0142,value,8,4,2.0142
COP2122-227,,INFORMATION COMMUNICATION TECHNOLOGY,University of Sri Jayewardenepura,NUWARA ELIYA,,NQC,8,4,NQC
COP2122-227,,INFORMATION COMMUNICATION TECHNOLOGY,University of Sri Jayewardenepura,GALLE,2.0721,value,8,4,2.0721
COP2122-227,,INFORMATION COMMUNICATION TECHNOLOGY,University of Sri Jayewardenepura,MATARA,2.0056,value,8,4,2.0056
COP2122-227,,INFORMATION COMMUNICATION TECHNOLOGY,University of Sri Jayewardenepura,HAMBANTOTA,2.0066,value,8,4,2.0066
COP2122-227,,INFORMATION COMMUNICATION TECHNOLOGY,University of Sri Jayewardenepura,JAFFNA,2.0056,value,8,4,2.0056
COP2122-227,,INFORMATION COMMUNICATION TECHNOLOGY,University of Sri Jayewardenepura,KILINOCHCHI,,NQC,8,4,NQC
COP2122-227,,INFORMATION COMMUNICATION TECHNOLOGY,University of Sri Jayewardenepura,MANNAR,,NQC,8,4,NQC
COP2122-227,,INFORMATION COMMUNICATION TECHNOLOGY,University of Sri Jayewardenepura,MULLAITIVU,,NQC,8,4,NQC
COP2122-227,,INFORMATION COMMUNICATION TECHNOLOGY,University of Sri Jayewardenepura,VAVUNIYA,1.9969,value,8,4,1.9969
COP2122-227,,INFORMATION COMMUNICATION TECHNOLOGY,University of Sri Jayewardenepura,TRINCOMALEE,2.1911,value,8,4,2.1911
COP2122-227,,INFORMATION COMMUNICATION TECHNOLOGY,University of Sri Jayewardenepura,BATTICALOA,2.0150,value,8,4,2.0150
COP2122-227,,INFORMATION COMMUNICATION TECHNOLOGY,University of Sri Jayewardenepura,AMPARA,2.0346,value,8,4,2.0346
COP2122-227,,INFORMATION COMMUNICATION TECHNOLOGY,University of Sri Jayewardenepura,PUTTALAM,,NQC,8,4,NQC
COP2122-227,,INFORMATION COMMUNICATION TECHNOLOGY,University of Sri Jayewardenepura,KURUNEGALA,2.0254,value,8,4,2.0254
COP2122-227,,INFORMATION COMMUNICATION TECHNOLOGY,University of Sri Jayewardenepura,ANURADHAPURA,2.0586,value,8,4,2.0586
COP2122-227,,INFORMATION COMMUNICATION TECHNOLOGY,University of Sri Jayewardenepura,POLONNARUWA,,NQC,8,4,NQC
COP2122-227,,INFORMATION COMMUNICATION TECHNOLOGY,University of Sri Jayewardenepura,BADULLA,2.2562,value,8,4,2.2562
COP2122-227,,INFORMATION COMMUNICATION TECHNOLOGY,University of Sri Jayewardenepura,MONARAGALA,2.0504,value,8,4,2.0504
COP2122-227,,INFORMATION COMMUNICATION TECHNOLOGY,University of Sri Jayewardenepura,KEGALLE,2.0487,value,8,4,2.0487
COP2122-227,,INFORMATION COMMUNICATION TECHNOLOGY,University of Sri Jayewardenepura,RATNAPURA,2.0094,value,8,4,2.0094
COP2122-228,,INFORMATION COMMUNICATION TECHNOLOGY,University of Kelaniya,COLOMBO,1.7704,value,8,5,1.7704
COP2122-228,,INFORMATION COMMUNICATION TECHNOLOGY,University of Kelaniya,GAMPAHA,1.7685,value,8,5,1.7685
COP2122-228,,INFORMATION COMMUNICATION TECHNOLOGY,University of Kelaniya,KALUTARA,1.7439,value,8,5,1.7439
COP2122-228,,INFORMATION COMMUNICATION TECHNOLOGY,University of Kelaniya,MATALE,1.7970,value,8,5,1.7970
COP2122-228,,INFORMATION COMMUNICATION TECHNOLOGY,University of Kelaniya,KANDY,1.7482,value,8,5,1.7482
COP2122-228,,INFORMATION COMMUNICATION TECHNOLOGY,University of Kelaniya,NUWARA ELIYA,1.8251,value,8,5,1.8251
COP2122-228,,INFORMATION COMMUNICATION TECHNOLOGY,University of Kelaniya,GALLE,1.7916,value,8,5,1.7916
COP2122-228,,INFORMATION COMMUNICATION TECHNOLOGY,University of Kelaniya,MATARA,1.7527,value,8,5,1.7527
COP2122-228,,INFORMATION COMMUNICATION TECHNOLOGY,University of Kelaniya,HAMBANTOTA,1.7589,value,8,5,1.7589
COP2122-228,,INFORMATION COMMUNICATION TECHNOLOGY,University of Kelaniya,JAFFNA,1.7702,value,8,5,1.7702
COP2122-228,,INFORMATION COMMUNICATION TECHNOLOGY,University of Kelaniya,KILINOCHCHI,,NQC,8,5,NQC
COP2122-228,,INFORMATION COMMUNICATION TECHNOLOGY,University of Kelaniya,MANNAR,,NQC,8,5,NQC
COP2122-228,,INFORMATION COMMUNICATION TECHNOLOGY,University of Kelaniya,MULLAITIVU,,NQC,8,5,NQC
COP2122-228,,INFORMATION COMMUNICATION TECHNOLOGY,University of Kelaniya,VAVUNIYA,,NQC,8,5,NQC
COP2122-228,,INFORMATION COMMUNICATION TECHNOLOGY,University of Kelaniya,TRINCOMALEE,1.8047,value,8,5,1.8047
COP2122-228,,INFORMATION COMMUNICATION TECHNOLOGY,University of Kelaniya,BATTICALOA,1.7800,value,8,5,1.7800
COP2122-228,,INFORMATION COMMUNICATION TECHNOLOGY,University of Kelaniya,AMPARA,1.7608,value,8,5,1.7608
COP2122-228,,INFORMATION COMMUNICATION TECHNOLOGY,University of Kelaniya,PUTTALAM,1.7473,value,8,5,1.7473
COP2122-228,,INFORMATION COMMUNICATION TECHNOLOGY,University of Kelaniya,KURUNEGALA,1.7478,value,8,5,1.7478
COP2122-228,,INFORMATION COMMUNICATION TECHNOLOGY,University of Kelaniya,ANURADHAPURA,1.7916,value,8,5,1.7916
COP2122-228,,INFORMATION COMMUNICATION TECHNOLOGY,University of Kelaniya,POLONNARUWA,1.8051,value,8,5,1.8051
COP2122-228,,INFORMATION COMMUNICATION TECHNOLOGY,University of Kelaniya,BADULLA,1.7588,value,8,5,1.7588
COP2122-228,,INFORMATION COMMUNICATION TECHNOLOGY,University of Kelaniya,MONARAGALA,1.7786,value,8,5,1.7786
COP2122-228,,INFORMATION COMMUNICATION TECHNOLOGY,University of Kelaniya,KEGALLE,1.7642,value,8,5,1.7642
COP2122-228,,INFORMATION COMMUNICATION TECHNOLOGY,University of Kelaniya,RATNAPURA,1.7623,value,8,5,1.7623
COP2122-229,,INFORMATION COMMUNICATION TECHNOLOGY,University of Ruhuna,COLOMBO,1.5946,value,8,6,1.5946
COP2122-229,,INFORMATION COMMUNICATION TECHNOLOGY,University of Ruhuna,GAMPAHA,1.5945,value,8,6,1.5945
COP2122-229,,INFORMATION COMMUNICATION TECHNOLOGY,University of Ruhuna,KALUTARA,1.5849,value,8,6,1.5849
COP2122-229,,INFORMATION COMMUNICATION TECHNOLOGY,University of Ruhuna,MATALE,1.6401,value,8,6,1.6401
COP2122-229,,INFORMATION COMMUNICATION TECHNOLOGY,University of Ruhuna,KANDY,1.6413,value,8,6,1.6413
COP2122-229,,INFORMATION COMMUNICATION TECHNOLOGY,University of Ruhuna,NUWARA ELIYA,1.6100,value,8,6,1.6100
COP2122-229,,INFORMATION COMMUNICATION TECHNOLOGY,University of Ruhuna,GALLE,1.5902,value,8,6,1.5902
COP2122-229,,INFORMATION COMMUNICATION TECHNOLOGY,University of Ruhuna,MATARA,1.5820,value,8,6,1.5820
COP2122-229,,INFORMATION COMMUNICATION TECHNOLOGY,University of Ruhuna,HAMBANTOTA,1.6080,value,8,6,1.6080
COP2122-229,,INFORMATION COMMUNICATION TECHNOLOGY,University of Ruhuna,JAFFNA,1.6519,value,8,6,1.6519
COP2122-229,,INFORMATION COMMUNICATION TECHNOLOGY,University of Ruhuna,KILINOCHCHI,,NQC,8,6,NQC
COP2122-229,,INFORMATION COMMUNICATION TECHNOLOGY,University of Ruhuna,MANNAR,1.6094,value,8,6,1.6094
COP2122-229,,INFORMATION COMMUNICATION TECHNOLOGY,University of Ruhuna,MULLAITIVU,,NQC,8,6,NQC
COP2122-229,,INFORMATION COMMUNICATION TECHNOLOGY,University of Ruhuna,VAVUNIYA,,NQC,8,6,NQC
COP2122-229,,INFORMATION COMMUNICATION TECHNOLOGY,University of Ruhuna,TRINCOMALEE,,NQC,8,6,NQC
COP2122-229,,INFORMATION COMMUNICATION TECHNOLOGY,University of Ruhuna,BATTICALOA,1.6283,value,8,6,1.6283
COP2122-229,,INFORMATION COMMUNICATION TECHNOLOGY,University of Ruhuna,AMPARA,1.6056,value,8,6,1.6056
COP2122-229,,INFORMATION COMMUNICATION TECHNOLOGY,University of Ruhuna,PUTTALAM,1.7381,value,8,6,1.7381
COP2122-229,,INFORMATION COMMUNICATION TECHNOLOGY,University of Ruhuna,KURUNEGALA,1.6022,value,8,6,1.6022
COP2122-229,,INFORMATION COMMUNICATION TECHNOLOGY,University of Ruhuna,ANURADHAPURA,1.6077,value,8,6,1.6077
COP2122-229,,INFORMATION COMMUNICATION TECHNOLOGY,University of Ruhuna,POLONNARUWA,,NQC,8,6,NQC
COP2122-229,,INFORMATION COMMUNICATION TECHNOLOGY,University of Ruhuna,BADULLA,1.6032,value,8,6,1.6032
COP2122-229,,INFORMATION COMMUNICATION TECHNOLOGY,University of Ruhuna,MONARAGALA,1.6475,value,8,6,1.6475
COP2122-229,,INFORMATION COMMUNICATION TECHNOLOGY,University of Ruhuna,KEGALLE,1.5762,value,8,6,1.5762
COP2122-229,,INFORMATION COMMUNICATION TECHNOLOGY,University of Ruhuna,RATNAPURA,1.5907,value,8,6,1.5907
COP2122-230,,INFORMATION COMMUNICATION TECHNOLOGY,South Eastern University of Sri Lanka,COLOMBO,1.0948,value,8,7,1.0948
COP2122-230,,INFORMATION COMMUNICATION TECHNOLOGY,South Eastern University of Sri Lanka,GAMPAHA,1.0996,value,8,7,1.0996
COP2122-230,,INFORMATION COMMUNICATION TECHNOLOGY,South Eastern University of Sri Lanka,KALUTARA,1.1025,value,8,7,1.1025
COP2122-230,,INFORMATION COMMUNICATION TECHNOLOGY,South Eastern University of Sri Lanka,MATALE,,NQC,8,7,NQC
COP2122-230,,INFORMATION COMMUNICATION TECHNOLOGY,South Eastern University of Sri Lanka,KANDY,1.1425,value,8,7,1.1425
COP2122-230,,INFORMATION COMMUNICATION TECHNOLOGY,South Eastern University of Sri Lanka,NUWARA ELIYA,1.1203,value,8,7,1.1203
COP2122-230,,INFORMATION COMMUNICATION TECHNOLOGY,South Eastern University of Sri Lanka,GALLE,1.1945,value,8,7,1.1945
COP2122-230,,INFORMATION COMMUNICATION TECHNOLOGY,South Eastern University of Sri Lanka,MATARA,,NQC,8,7,NQC
COP2122-230,,INFORMATION COMMUNICATION TECHNOLOGY,South Eastern University of Sri Lanka,HAMBANTOTA,1.1724,value,8,7,1.1724
COP2122-230,,INFORMATION COMMUNICATION TECHNOLOGY,South Eastern University of Sri Lanka,JAFFNA,1.1955,value,8,7,1.1955
COP2122-230,,INFORMATION COMMUNICATION TECHNOLOGY,South Eastern University of Sri Lanka,KILINOCHCHI,1.1570,value,8,7,1.1570
COP2122-230,,INFORMATION COMMUNICATION TECHNOLOGY,South Eastern University of Sri Lanka,MANNAR,,NQC,8,7,NQC
COP2122-230,,INFORMATION COMMUNICATION TECHNOLOGY,South Eastern University of Sri Lanka,MULLAITIVU,,NQC,8,7,NQC
COP2122-230,,INFORMATION COMMUNICATION TECHNOLOGY,South Eastern University of Sri Lanka,VAVUNIYA,1.1261,value,8,7,1.1261
COP2122-230,,INFORMATION COMMUNICATION TECHNOLOGY,South Eastern University of Sri Lanka,TRINCOMALEE,1.1276,value,8,7,1.1276
COP2122-230,,INFORMATION COMMUNICATION TECHNOLOGY,South Eastern University of Sri Lanka,BATTICALOA,1.1627,value,8,7,1.1627
COP2122-230,,INFORMATION COMMUNICATION TECHNOLOGY,South Eastern University of Sri Lanka,AMPARA,1.1736,value,8,7,1.1736
COP2122-230,,INFORMATION COMMUNICATION TECHNOLOGY,South Eastern University of Sri Lanka,PUTTALAM,1.2646,value,8,7,1.2646
COP2122-230,,INFORMATION COMMUNICATION TECHNOLOGY,South Eastern University of Sri Lanka,KURUNEGALA,1.2138,value,8,7,1.2138
COP2122-230,,INFORMATION COMMUNICATION TECHNOLOGY,South Eastern University of Sri Lanka,ANURADHAPURA,1.1401,value,8,7,1.1401
COP2122-230,,INFORMATION COMMUNICATION TECHNOLOGY,South Eastern University of Sri Lanka,POLONNARUWA,1.1936,value,8,7,1.1936
COP2122-230,,INFORMATION COMMUNICATION TECHNOLOGY,South Eastern University of Sri Lanka,BADULLA,1.1882,value,8,7,1.1882
COP2122-230,,INFORMATION COMMUNICATION TECHNOLOGY,South Eastern University of Sri Lanka,MONARAGALA,1.2061,value,8,7,1.2061
COP2122-230,,INFORMATION COMMUNICATION TECHNOLOGY,South Eastern University of Sri Lanka,KEGALLE,1.3256,value,8,7,1.3256
COP2122-230,,INFORMATION COMMUNICATION TECHNOLOGY,South Eastern University of Sri Lanka,RATNAPURA,1.1498,value,8,7,1.1498
COP2122-231,,INFORMATION COMMUNICATION TECHNOLOGY,Rajarata University of Sri Lanka,COLOMBO,1.3107,value,8,8,1.3107
COP2122-231,,INFORMATION COMMUNICATION TECHNOLOGY,Rajarata University of Sri Lanka,GAMPAHA,1.3502,value,8,8,1.3502
COP2122-231,,INFORMATION COMMUNICATION TECHNOLOGY,Rajarata University of Sri Lanka,KALUTARA,1.3068,value,8,8,1.3068
COP2122-231,,INFORMATION COMMUNICATION TECHNOLOGY,Rajarata University of Sri Lanka,MATALE,1.4127,value,8,8,1.4127
COP2122-231,,INFORMATION COMMUNICATION TECHNOLOGY,Rajarata University of Sri Lanka,KANDY,1.3376,value,8,8,1.3376
COP2122-231,,INFORMATION COMMUNICATION TECHNOLOGY,Rajarata University of Sri Lanka,NUWARA ELIYA,1.3310,value,8,8,1.3310
COP2122-231,,INFORMATION COMMUNICATION TECHNOLOGY,Rajarata University of Sri Lanka,GALLE,1.3367,value,8,8,1.3367
COP2122-231,,INFORMATION COMMUNICATION TECHNOLOGY,Rajarata University of Sri Lanka,MATARA,1.3445,value,8,8,1.3445
COP2122-231,,INFORMATION COMMUNICATION TECHNOLOGY,Rajarata University of Sri Lanka,HAMBANTOTA,1.3194,value,8,8,1.3194
COP2122-231,,INFORMATION COMMUNICATION TECHNOLOGY,Rajarata University of Sri Lanka,JAFFNA,1.3066,value,8,8,1.3066
COP2122-231,,INFORMATION COMMUNICATION TECHNOLOGY,Rajarata University of Sri Lanka,KILINOCHCHI,,NQC,8,8,NQC
COP2122-231,,INFORMATION COMMUNICATION TECHNOLOGY,Rajarata University of Sri Lanka,MANNAR,,NQC,8,8,NQC
COP2122-231,,INFORMATION COMMUNICATION TECHNOLOGY,Rajarata University of Sri Lanka,MULLAITIVU,,NQC,8,8,NQC
COP2122-231,,INFORMATION COMMUNICATION TECHNOLOGY,Rajarata University of Sri Lanka,VAVUNIYA,1.5700,value,8,8,1.5700
COP2122-231,,INFORMATION COMMUNICATION TECHNOLOGY,Rajarata University of Sri Lanka,TRINCOMALEE,1.3882,value,8,8,1.3882
COP2122-231,,INFORMATION COMMUNICATION TECHNOLOGY,Rajarata University of Sri Lanka,BATTICALOA,1.3150,value,8,8,1.3150
COP2122-231,,INFORMATION COMMUNICATION TECHNOLOGY,Rajarata University of Sri Lanka,AMPARA,1.3221,value,8,8,1.3221
COP2122-231,,INFORMATION COMMUNICATION TECHNOLOGY,Rajarata University of Sri Lanka,PUTTALAM,1.3189,value,8,8,1.3189
COP2122-231,,INFORMATION COMMUNICATION TECHNOLOGY,Rajarata University of Sri Lanka,KURUNEGALA,1.3122,value,8,8,1.3122
COP2122-231,,INFORMATION COMMUNICATION TECHNOLOGY,Rajarata University of Sri Lanka,ANURADHAPURA,1.3078,value,8,8,1.3078
COP2122-231,,INFORMATION COMMUNICATION TECHNOLOGY,Rajarata University of Sri Lanka,POLONNARUWA,1.4379,value,8,8,1.4379
COP2122-231,,INFORMATION COMMUNICATION TECHNOLOGY,Rajarata University of Sri Lanka,BADULLA,1.3071,value,8,8,1.3071
COP2122-231,,INFORMATION COMMUNICATION TECHNOLOGY,Rajarata University of Sri Lanka,MONARAGALA,1.3709,value,8,8,1.3709
COP2122-231,,INFORMATION COMMUNICATION TECHNOLOGY,Rajarata University of Sri Lanka,KEGALLE,1.3521,value,8,8,1.3521
COP2122-231,,INFORMATION COMMUNICATION TECHNOLOGY,Rajarata University of Sri Lanka,RATNAPURA,1.3088,value,8,8,1.3088
COP2122-232,,INFORMATION COMMUNICATION TECHNOLOGY,"University of Vavuniya, Sri Lanka",COLOMBO,0.9854,value,8,9,0.9854
COP2122-232,,INFORMATION COMMUNICATION TECHNOLOGY,"University of Vavuniya, Sri Lanka",GAMPAHA,1.0245,value,8,9,1.0245
COP2122-232,,INFORMATION COMMUNICATION TECHNOLOGY,"University of Vavuniya, Sri Lanka",KALUTARA,0.9555,value,8,9,0.9555
COP2122-232,,INFORMATION COMMUNICATION TECHNOLOGY,"University of Vavuniya, Sri Lanka",MATALE,,NQC,8,9,NQC
COP2122-232,,INFORMATION COMMUNICATION TECHNOLOGY,"University of Vavuniya, Sri Lanka",KANDY,1.1449,value,8,9,1.1449
COP2122-232,,INFORMATION COMMUNICATION TECHNOLOGY,"University of Vavuniya, Sri Lanka",NUWARA ELIYA,0.8833,value,8,9,0.8833
COP2122-232,,INFORMATION COMMUNICATION TECHNOLOGY,"University of Vavuniya, Sri Lanka",GALLE,,NQC,8,9,NQC
COP2122-232,,INFORMATION COMMUNICATION TECHNOLOGY,"University of Vavuniya, Sri Lanka",MATARA,,NQC,8,9,NQC
COP2122-232,,INFORMATION COMMUNICATION TECHNOLOGY,"University of Vavuniya, Sri Lanka",HAMBANTOTA,,NQC,8,9,NQC
COP2122-232,,INFORMATION COMMUNICATION TECHNOLOGY,"University of Vavuniya, Sri Lanka",JAFFNA,1.0004,value,8,9,1.0004
COP2122-232,,INFORMATION COMMUNICATION TECHNOLOGY,"University of Vavuniya, Sri Lanka",KILINOCHCHI,0.8978,value,8,9,0.8978
COP2122-232,,INFORMATION COMMUNICATION TECHNOLOGY,"University of Vavuniya, Sri Lanka",MANNAR,0.0818,value,8,9,0.0818
COP2122-232,,INFORMATION COMMUNICATION TECHNOLOGY,"University of Vavuniya, Sri Lanka",MULLAITIVU,0.2972,value,8,9,0.2972
COP2122-232,,INFORMATION COMMUNICATION TECHNOLOGY,"University of Vavuniya, Sri Lanka",VAVUNIYA,0.9907,value,8,9,0.9907
COP2122-232,,INFORMATION COMMUNICATION TECHNOLOGY,"University of Vavuniya, Sri Lanka",TRINCOMALEE,0.9343,value,8,9,0.9343
COP2122-232,,INFORMATION COMMUNICATION TECHNOLOGY,"University of Vavuniya, Sri Lanka",BATTICALOA,1.1777,value,8,9,1.1777
COP2122-232,,INFORMATION COMMUNICATION TECHNOLOGY,"University of Vavuniya, Sri Lanka",AMPARA,1.2051,value,8,9,1.2051
COP2122-232,,INFORMATION COMMUNICATION TECHNOLOGY,"University of Vavuniya, Sri Lanka",PUTTALAM,0.6515,value,8,9,0.6515
COP2122-232,,INFORMATION COMMUNICATION TECHNOLOGY,"University of Vavuniya, Sri Lanka",KURUNEGALA,1.1905,value,8,9,1.1905
COP2122-232,,INFORMATION COMMUNICATION TECHNOLOGY,"University of Vavuniya, Sri Lanka",ANURADHAPURA,1.0293,value,8,9,1.0293
COP2122-232,,INFORMATION COMMUNICATION TECHNOLOGY,"University of Vavuniya, Sri Lanka",POLONNARUWA,0.7638,value,8,9,0.7638
COP2122-232,,INFORMATION COMMUNICATION TECHNOLOGY,"University of Vavuniya, Sri Lanka",BADULLA,1.1965,value,8,9,1.1965
COP2122-232,,INFORMATION COMMUNICATION TECHNOLOGY,"University of Vavuniya, Sri Lanka",MONARAGALA,0.9122,value,8,9,0.9122
COP2122-232,,INFORMATION COMMUNICATION TECHNOLOGY,"University of Vavuniya, Sri Lanka",KEGALLE,,NQC,8,9,NQC
COP2122-232,,INFORMATION COMMUNICATION TECHNOLOGY,"University of Vavuniya, Sri Lanka",RATNAPURA,1.0451,value,8,9,1.0451
COP2122-233,,INFORMATION COMMUNICATION TECHNOLOGY,Uva Wellassa University of Sri Lanka,COLOMBO,1.4147,value,8,10,1.4147
COP2122-233,,INFORMATION COMMUNICATION TECHNOLOGY,Uva Wellassa University of Sri Lanka,GAMPAHA,1.4119,value,8,10,1.4119
COP2122-233,,INFORMATION COMMUNICATION TECHNOLOGY,Uva Wellassa University of Sri Lanka,KALUTARA,1.4105,value,8,10,1.4105
COP2122-233,,INFORMATION COMMUNICATION TECHNOLOGY,Uva Wellassa University of Sri Lanka,MATALE,1.5035,value,8,10,1.5035
COP2122-233,,INFORMATION COMMUNICATION TECHNOLOGY,Uva Wellassa University of Sri Lanka,KANDY,1.4408,value,8,10,1.4408
COP2122-233,,INFORMATION COMMUNICATION TECHNOLOGY,Uva Wellassa University of Sri Lanka,NUWARA ELIYA,1.7087,value,8,10,1.7087
COP2122-233,,INFORMATION COMMUNICATION TECHNOLOGY,Uva Wellassa University of Sri Lanka,GALLE,1.4307,value,8,10,1.4307
COP2122-233,,INFORMATION COMMUNICATION TECHNOLOGY,Uva Wellassa University of Sri Lanka,MATARA,1.4384,value,8,10,1.4384
COP2122-233,,INFORMATION COMMUNICATION TECHNOLOGY,Uva Wellassa University of Sri Lanka,HAMBANTOTA,1.4297,value,8,10,1.4297
COP2122-233,,INFORMATION COMMUNICATION TECHNOLOGY,Uva Wellassa University of Sri Lanka,JAFFNA,1.4288,value,8,10,1.4288
COP2122-233,,INFORMATION COMMUNICATION TECHNOLOGY,Uva Wellassa University of Sri Lanka,KILINOCHCHI,1.5632,value,8,10,1.5632
COP2122-233,,INFORMATION COMMUNICATION TECHNOLOGY,Uva Wellassa University of Sri Lanka,MANNAR,,NQC,8,10,NQC
COP2122-233,,INFORMATION COMMUNICATION TECHNOLOGY,Uva Wellassa University of Sri Lanka,MULLAITIVU,,NQC,8,10,NQC
COP2122-233,,INFORMATION COMMUNICATION TECHNOLOGY,Uva Wellassa University of Sri Lanka,VAVUNIYA,,NQC,8,10,NQC
COP2122-233,,INFORMATION COMMUNICATION TECHNOLOGY,Uva Wellassa University of Sri Lanka,TRINCOMALEE,,NQC,8,10,NQC
COP2122-233,,INFORMATION COMMUNICATION TECHNOLOGY,Uva Wellassa University of Sri Lanka,BATTICALOA,,NQC,8,10,NQC
COP2122-233,,INFORMATION COMMUNICATION TECHNOLOGY,Uva Wellassa University of Sri Lanka,AMPARA,1.4129,value,8,10,1.4129
COP2122-233,,INFORMATION COMMUNICATION TECHNOLOGY,Uva Wellassa University of Sri Lanka,PUTTALAM,1.5468,value,8,10,1.5468
COP2122-233,,INFORMATION COMMUNICATION TECHNOLOGY,Uva Wellassa University of Sri Lanka,KURUNEGALA,1.4182,value,8,10,1.4182
COP2122-233,,INFORMATION COMMUNICATION TECHNOLOGY,Uva Wellassa University of Sri Lanka,ANURADHAPURA,1.4514,value,8,10,1.4514
COP2122-233,,INFORMATION COMMUNICATION TECHNOLOGY,Uva Wellassa University of Sri Lanka,POLONNARUWA,1.4108,value,8,10,1.4108
COP2122-233,,INFORMATION COMMUNICATION TECHNOLOGY,Uva Wellassa University of Sri Lanka,BADULLA,1.4100,value,8,10,1.4100
COP2122-233,,INFORMATION COMMUNICATION TECHNOLOGY,Uva Wellassa University of Sri Lanka,MONARAGALA,1.4946,value,8,10,1.4946
COP2122-233,,INFORMATION COMMUNICATION TECHNOLOGY,Uva Wellassa University of Sri Lanka,KEGALLE,1.4221,value,8,10,1.4221
COP2122-233,,INFORMATION COMMUNICATION TECHNOLOGY,Uva Wellassa University of Sri Lanka,RATNAPURA,1.4437,value,8,10,1.4437
COP2122-234,,PHYSICAL SCIENCE -ICT,University of Sri Jayewardenepura,COLOMBO,0.9176,value,8,11,0.9176
COP2122-234,,PHYSICAL SCIENCE -ICT,University of Sri Jayewardenepura,GAMPAHA,0.8691,value,8,11,0.8691
COP2122-234,,PHYSICAL SCIENCE -ICT,University of Sri Jayewardenepura,KALUTARA,0.9078,value,8,11,0.9078
COP2122-234,,PHYSICAL SCIENCE -ICT,University of Sri Jayewardenepura,MATALE,,NQC,8,11,NQC
COP2122-234,,PHYSICAL SCIENCE -ICT,University of Sri Jayewardenepura,KANDY,0.8893,value,8,11,0.8893
COP2122-234,,PHYSICAL SCIENCE -ICT,University of Sri Jayewardenepura,NUWARA ELIYA,,NQC,8,11,NQC
COP2122-234,,PHYSICAL SCIENCE -ICT,University of Sri Jayewardenepura,GALLE,0.9395,value,8,11,0.9395
COP2122-234,,PHYSICAL SCIENCE -ICT,University of Sri Jayewardenepura,MATARA,0.9424,value,8,11,0.9424
COP2122-234,,PHYSICAL SCIENCE -ICT,University of Sri Jayewardenepura,HAMBANTOTA,0.9105,value,8,11,0.9105
COP2122-234,,PHYSICAL SCIENCE -ICT,University of Sri Jayewardenepura,JAFFNA,1.0134,value,8,11,1.0134
COP2122-234,,PHYSICAL SCIENCE -ICT,University of Sri Jayewardenepura,KILINOCHCHI,,NQC,8,11,NQC
COP2122-234,,PHYSICAL SCIENCE -ICT,University of Sri Jayewardenepura,MANNAR,,NQC,8,11,NQC
COP2122-234,,PHYSICAL SCIENCE -ICT,University of Sri Jayewardenepura,MULLAITIVU,,NQC,8,11,NQC
COP2122-234,,PHYSICAL SCIENCE -ICT,University of Sri Jayewardenepura,VAVUNIYA,,NQC,8,11,NQC
COP2122-234,,PHYSICAL SCIENCE -ICT,University of Sri Jayewardenepura,TRINCOMALEE,,NQC,8,11,NQC
COP2122-234,,PHYSICAL SCIENCE -ICT,University of Sri Jayewardenepura,BATTICALOA,,NQC,8,11,NQC
COP2122-234,,PHYSICAL SCIENCE -ICT,University of Sri Jayewardenepura,AMPARA,,NQC,8,11,NQC
COP2122-234,,PHYSICAL SCIENCE -ICT,University of Sri Jayewardenepura,PUTTALAM,,NQC,8,11,NQC
COP2122-234,,PHYSICAL SCIENCE -ICT,University of Sri Jayewardenepura,KURUNEGALA,0.8836,value,8,11,0.8836
COP2122-234,,PHYSICAL SCIENCE -ICT,University of Sri Jayewardenepura,ANURADHAPURA,1.0603,value,8,11,1.0603
COP2122-234,,PHYSICAL SCIENCE -ICT,University of Sri Jayewardenepura,POLONNARUWA,,NQC,8,11,NQC
COP2122-234,,PHYSICAL SCIENCE -ICT,University of Sri Jayewardenepura,BADULLA,0.9198,value,8,11,0.9198
COP2122-234,,PHYSICAL SCIENCE -ICT,University of Sri Jayewardenepura,MONARAGALA,,NQC,8,11,NQC
COP2122-234,,PHYSICAL SCIENCE -ICT,University of Sri Jayewardenepura,KEGALLE,0.9089,value,8,11,0.9089
COP2122-234,,PHYSICAL SCIENCE -ICT,University of Sri Jayewardenepura,RATNAPURA,0.9070,value,8,11,0.9070
COP2122-235,,PHYSICAL SCIENCE -ICT,University of Kelaniya,COLOMBO,0.9260,value,8,12,0.9260
COP2122-235,,PHYSICAL SCIENCE -ICT,University of Kelaniya,GAMPAHA,0.8422,value,8,12,0.8422
COP2122-235,,PHYSICAL SCIENCE -ICT,University of Kelaniya,KALUTARA,0.7972,value,8,12,0.7972
COP2122-235,,PHYSICAL SCIENCE -ICT,University of Kelaniya,MATALE,0.4372,value,8,12,0.4372
COP2122-235,,PHYSICAL SCIENCE -ICT,University of Kelaniya,KANDY,0.8018,value,8,12,0.8018
COP2122-235,,PHYSICAL SCIENCE -ICT,University of Kelaniya,NUWARA ELIYA,0.0151,value,8,12,0.0151
COP2122-235,,PHYSICAL SCIENCE -ICT,University of Kelaniya,GALLE,0.9168,value,8,12,0.9168
COP2122-235,,PHYSICAL SCIENCE -ICT,University of Kelaniya,MATARA,,NQC,8,12,NQC
COP2122-235,,PHYSICAL SCIENCE -ICT,University of Kelaniya,HAMBANTOTA,0.7120,value,8,12,0.7120
COP2122-235,,PHYSICAL SCIENCE -ICT,University of Kelaniya,JAFFNA,0.6401,value,8,12,0.6401
COP2122-235,,PHYSICAL SCIENCE -ICT,University of Kelaniya,KILINOCHCHI,0.6618,value,8,12,0.6618
COP2122-235,,PHYSICAL SCIENCE -ICT,University of Kelaniya,MANNAR,-0.1301,value,8,12,-0.1301
COP2122-235,,PHYSICAL SCIENCE -ICT,University of Kelaniya,MULLAITIVU,,NQC,8,12,NQC
COP2122-235,,PHYSICAL SCIENCE -ICT,University of Kelaniya,VAVUNIYA,0.5541,value,8,12,0.5541
COP2122-235,,PHYSICAL SCIENCE -ICT,University of Kelaniya,TRINCOMALEE,0.6212,value,8,12,0.6212
COP2122-235,,PHYSICAL SCIENCE -ICT,University of Kelaniya,BATTICALOA,0.1741,value,8,12,0.1741
COP2122-235,,PHYSICAL SCIENCE -ICT,University of Kelaniya,AMPARA,0.2633,value,8,12,0.2633
COP2122-235,,PHYSICAL SCIENCE -ICT,University of Kelaniya,PUTTALAM,0.4267,value,8,12,0.4267
COP2122-235,,PHYSICAL SCIENCE -ICT,University of Kelaniya,KURUNEGALA,0.7852,value,8,12,0.7852
COP2122-235,,PHYSICAL SCIENCE -ICT,University of Kelaniya,ANURADHAPURA,0.8135,value,8,12,0.8135
COP2122-235,,PHYSICAL SCIENCE -ICT,University of Kelaniya,POLONNARUWA,0.4179,value,8,12,0.4179
COP2122-235,,PHYSICAL SCIENCE -ICT,University of Kelaniya,BADULLA,0.5944,value,8,12,0.5944
COP2122-235,,PHYSICAL SCIENCE -ICT,University of Kelaniya,MONARAGALA,0.7283,value,8,12,0.7283
COP2122-235,,PHYSICAL SCIENCE -ICT,University of Kelaniya,KEGALLE,0.7444,value,8,12,0.7444
COP2122-235,,PHYSICAL SCIENCE -ICT,University of Kelaniya,RATNAPURA,0.8636,value,8,12,0.8636
COP2122-236,,TRANSLATION STUDIES,University of Kelaniya,COLOMBO,1.3720,value,8,13,1.3720
COP2122-236,,TRANSLATION STUDIES,University of Kelaniya,GAMPAHA,1.2279,value,8,13,1.2279
COP2122-236,,TRANSLATION STUDIES,University of Kelaniya,KALUTARA,1.1980,value,8,13,1.1980
COP2122-236,,TRANSLATION STUDIES,University of Kelaniya,MATALE,,NQC,8,13,NQC
COP2122-236,,TRANSLATION STUDIES,University of Kelaniya,KANDY,1.2634,value,8,13,1.2634
COP2122-236,,TRANSLATION STUDIES,University of Kelaniya,NUWARA ELIYA,,NQC,8,13,NQC
COP2122-236,,TRANSLATION STUDIES,University of Kelaniya,GALLE,1.2915,value,8,13,1.2915
COP2122-236,,TRANSLATION STUDIES,University of Kelaniya,MATARA,1.2041,value,8,13,1.2041
COP2122-236,,TRANSLATION STUDIES,University of Kelaniya,HAMBANTOTA,,NQC,8,13,NQC
COP2122-236,,TRANSLATION STUDIES,University of Kelaniya,JAFFNA,,NQC,8,13,NQC
COP2122-236,,TRANSLATION STUDIES,University of Kelaniya,KILINOCHCHI,,NQC,8,13,NQC
COP2122-236,,TRANSLATION STUDIES,University of Kelaniya,MANNAR,,NQC,8,13,NQC
COP2122-236,,TRANSLATION STUDIES,University of Kelaniya,MULLAITIVU,,NQC,8,13,NQC
COP2122-236,,TRANSLATION STUDIES,University of Kelaniya,VAVUNIYA,,NQC,8,13,NQC
COP2122-236,,TRANSLATION STUDIES,University of Kelaniya,TRINCOMALEE,,NQC,8,13,NQC
COP2122-236,,TRANSLATION STUDIES,University of Kelaniya,BATTICALOA,,NQC,8,13,NQC
COP2122-236,,TRANSLATION STUDIES,University of Kelaniya,AMPARA,,NQC,8,13,NQC
COP2122-236,,TRANSLATION STUDIES,University of Kelaniya,PUTTALAM,1.2241,value,8,13,1.2241
COP2122-236,,TRANSLATION STUDIES,University of Kelaniya,KURUNEGALA,1.3058,value,8,13,1.3058
COP2122-236,,TRANSLATION STUDIES,University of Kelaniya,ANURADHAPURA,1.2412,value,8,13,1.2412
COP2122-236,,TRANSLATION STUDIES,University of Kelaniya,POLONNARUWA,1.3324,value,8,13,1.3324
COP2122-236,,TRANSLATION STUDIES,University of Kelaniya,BADULLA,1.2416,value,8,13,1.2416
COP2122-236,,TRANSLATION STUDIES,University of Kelaniya,MONARAGALA,,NQC,8,13,NQC
COP2122-236,,TRANSLATION STUDIES,University of Kelaniya,KEGALLE,1.3583,value,8,13,1.3583
COP2122-236,,TRANSLATION STUDIES,University of Kelaniya,RATNAPURA,1.3959,value,8,13,1.3959
COP2122-237,,TRANSLATION STUDIES,Sabaragamuwa University of Sri Lanka,COLOMBO,0.7676,value,8,14,0.7676
COP2122-237,,TRANSLATION STUDIES,Sabaragamuwa University of Sri Lanka,GAMPAHA,0.5670,value,8,14,0.5670
COP2122-237,,TRANSLATION STUDIES,Sabaragamuwa University of Sri Lanka,KALUTARA,0.9386,value,8,14,0.9386
COP2122-237,,TRANSLATION STUDIES,Sabaragamuwa University of Sri Lanka,MATALE,,NQC,8,14,NQC
COP2122-237,,TRANSLATION STUDIES,Sabaragamuwa University of Sri Lanka,KANDY,0.8231,value,8,14,0.8231
COP2122-237,,TRANSLATION STUDIES,Sabaragamuwa University of Sri Lanka,NUWARA ELIYA,,NQC,8,14,NQC
COP2122-237,,TRANSLATION STUDIES,Sabaragamuwa University of Sri Lanka,GALLE,1.0317,value,8,14,1.0317
COP2122-237,,TRANSLATION STUDIES,Sabaragamuwa University of Sri Lanka,MATARA,1.1409,value,8,14,1.1409
COP2122-237,,TRANSLATION STUDIES,Sabaragamuwa University of Sri Lanka,HAMBANTOTA,0.9601,value,8,14,0.9601
COP2122-237,,TRANSLATION STUDIES,Sabaragamuwa University of Sri Lanka,JAFFNA,,NQC,8,14,NQC
COP2122-237,,TRANSLATION STUDIES,Sabaragamuwa University of Sri Lanka,KILINOCHCHI,,NQC,8,14,NQC
COP2122-237,,TRANSLATION STUDIES,Sabaragamuwa University of Sri Lanka,MANNAR,,NQC,8,14,NQC
COP2122-237,,TRANSLATION STUDIES,Sabaragamuwa University of Sri Lanka,MULLAITIVU,,NQC,8,14,NQC
COP2122-237,,TRANSLATION STUDIES,Sabaragamuwa University of Sri Lanka,VAVUNIYA,,NQC,8,14,NQC
COP2122-237,,TRANSLATION STUDIES,Sabaragamuwa University of Sri Lanka,TRINCOMALEE,,NQC,8,14,NQC
COP2122-237,,TRANSLATION STUDIES,Sabaragamuwa University of Sri Lanka,BATTICALOA,,NQC,8,14,NQC
COP2122-237,,TRANSLATION STUDIES,Sabaragamuwa University of Sri Lanka,AMPARA,,NQC,8,14,NQC
COP2122-237,,TRANSLATION STUDIES,Sabaragamuwa University of Sri Lanka,PUTTALAM,0.5225,value,8,14,0.5225
COP2122-237,,TRANSLATION STUDIES,Sabaragamuwa University of Sri Lanka,KURUNEGALA,0.9968,value,8,14,0.9968
COP2122-237,,TRANSLATION STUDIES,Sabaragamuwa University of Sri Lanka,ANURADHAPURA,0.9620,value,8,14,0.9620
COP2122-237,,TRANSLATION STUDIES,Sabaragamuwa University of Sri Lanka,POLONNARUWA,,NQC,8,14,NQC
COP2122-237,,TRANSLATION STUDIES,Sabaragamuwa University of Sri Lanka,BADULLA,,NQC,8,14,NQC
COP2122-237,,TRANSLATION STUDIES,Sabaragamuwa University of Sri Lanka,MONARAGALA,1.1160,value,8,14,1.1160
COP2122-237,,TRANSLATION STUDIES,Sabaragamuwa University of Sri Lanka,KEGALLE,1.1323,value,8,14,1.1323
COP2122-237,,TRANSLATION STUDIES,Sabaragamuwa University of Sri Lanka,RATNAPURA,1.0273,value,8,14,1.0273
COP2122-238,,TRANSLATION STUDIES,University of Jaffna,COLOMBO,0.1098,value,8,15,0.1098
COP2122-238,,TRANSLATION STUDIES,University of Jaffna,GAMPAHA,,NQC,8,15,NQC
COP2122-238,,TRANSLATION STUDIES,University of Jaffna,KALUTARA,0.8299,value,8,15,0.8299
COP2122-238,,TRANSLATION STUDIES,University of Jaffna,MATALE,0.8113,value,8,15,0.8113
COP2122-238,,TRANSLATION STUDIES,University of Jaffna,KANDY,0.9040,value,8,15,0.9040
COP2122-238,,TRANSLATION STUDIES,University of Jaffna,NUWARA ELIYA,,NQC,8,15,NQC
COP2122-238,,TRANSLATION STUDIES,University of Jaffna,GALLE,,NQC,8,15,NQC
COP2122-238,,TRANSLATION STUDIES,University of Jaffna,MATARA,,NQC,8,15,NQC
COP2122-238,,TRANSLATION STUDIES,University of Jaffna,HAMBANTOTA,0.6805,value,8,15,0.6805
COP2122-238,,TRANSLATION STUDIES,University of Jaffna,JAFFNA,0.8941,value,8,15,0.8941
COP2122-238,,TRANSLATION STUDIES,University of Jaffna,KILINOCHCHI,-0.2800,value,8,15,-0.2800
COP2122-238,,TRANSLATION STUDIES,University of Jaffna,MANNAR,0.9641,value,8,15,0.9641
COP2122-238,,TRANSLATION STUDIES,University of Jaffna,MULLAITIVU,-0.4209,value,8,15,-0.4209
COP2122-238,,TRANSLATION STUDIES,University of Jaffna,VAVUNIYA,0.9894,value,8,15,0.9894
COP2122-238,,TRANSLATION STUDIES,University of Jaffna,TRINCOMALEE,1.2438,value,8,15,1.2438
COP2122-238,,TRANSLATION STUDIES,University of Jaffna,BATTICALOA,0.9227,value,8,15,0.9227
COP2122-238,,TRANSLATION STUDIES,University of Jaffna,AMPARA,0.9634,value,8,15,0.9634
COP2122-238,,TRANSLATION STUDIES,University of Jaffna,PUTTALAM,0.6866,value,8,15,0.6866
COP2122-238,,TRANSLATION STUDIES,University of Jaffna,KURUNEGALA,0.4174,value,8,15,0.4174
COP2122-238,,TRANSLATION STUDIES,University of Jaffna,ANURADHAPURA,0.4202,value,8,15,0.4202
COP2122-238,,TRANSLATION STUDIES,University of Jaffna,POLONNARUWA,,NQC,8,15,NQC
COP2122-238,,TRANSLATION STUDIES,University of Jaffna,BADULLA,0.6160,value,8,15,0.6160
COP2122-238,,TRANSLATION STUDIES,University of Jaffna,MONARAGALA,,NQC,8,15,NQC
COP2122-238,,TRANSLATION STUDIES,University of Jaffna,KEGALLE,0.4867,value,8,15,0.4867
COP2122-238,,TRANSLATION STUDIES,University of Jaffna,RATNAPURA,,NQC,8,15,NQC
COP2122-239,,TRANSLATION STUDIES,"Eastern University, Sri Lanka",COLOMBO,0.8267,value,8,16,0.8267
COP2122-239,,TRANSLATION STUDIES,"Eastern University, Sri Lanka",GAMPAHA,-0.3431,value,8,16,-0.3431
COP2122-239,,TRANSLATION STUDIES,"Eastern University, Sri Lanka",KALUTARA,0.7861,value,8,16,0.7861
COP2122-239,,TRANSLATION STUDIES,"Eastern University, Sri Lanka",MATALE,,NQC,8,16,NQC
COP2122-239,,TRANSLATION STUDIES,"Eastern University, Sri Lanka",KANDY,0.9040,value,8,16,0.9040
COP2122-239,,TRANSLATION STUDIES,"Eastern University, Sri Lanka",NUWARA ELIYA,-0.1345,value,8,16,-0.1345
COP2122-239,,TRANSLATION STUDIES,"Eastern University, Sri Lanka",GALLE,,NQC,8,16,NQC
COP2122-239,,TRANSLATION STUDIES,"Eastern University, Sri Lanka",MATARA,0.3782,value,8,16,0.3782
COP2122-239,,TRANSLATION STUDIES,"Eastern University, Sri Lanka",HAMBANTOTA,,NQC,8,16,NQC
COP2122-239,,TRANSLATION STUDIES,"Eastern University, Sri Lanka",JAFFNA,,NQC,8,16,NQC
COP2122-239,,TRANSLATION STUDIES,"Eastern University, Sri Lanka",KILINOCHCHI,,NQC,8,16,NQC
COP2122-239,,TRANSLATION STUDIES,"Eastern University, Sri Lanka",MANNAR,,NQC,8,16,NQC
COP2122-239,,TRANSLATION STUDIES,"Eastern University, Sri Lanka",MULLAITIVU,,NQC,8,16,NQC
COP2122-239,,TRANSLATION STUDIES,"Eastern University, Sri Lanka",VAVUNIYA,,NQC,8,16,NQC
COP2122-239,,TRANSLATION STUDIES,"Eastern University, Sri Lanka",TRINCOMALEE,0.8497,value,8,16,0.8497
COP2122-239,,TRANSLATION STUDIES,"Eastern University, Sri Lanka",BATTICALOA,0.9823,value,8,16,0.9823
COP2122-239,,TRANSLATION STUDIES,"Eastern University, Sri Lanka",AMPARA,0.9538,value,8,16,0.9538
COP2122-239,,TRANSLATION STUDIES,"Eastern University, Sri Lanka",PUTTALAM,1.0111,value,8,16,1.0111
COP2122-239,,TRANSLATION STUDIES,"Eastern University, Sri Lanka",KURUNEGALA,0.7291,value,8,16,0.7291
COP2122-239,,TRANSLATION STUDIES,"Eastern University, Sri Lanka",ANURADHAPURA,-0.1053,value,8,16,-0.1053
COP2122-239,,TRANSLATION STUDIES,"Eastern University, Sri Lanka",POLONNARUWA,,NQC,8,16,NQC
COP2122-239,,TRANSLATION STUDIES,"Eastern University, Sri Lanka",BADULLA,1.1517,value,8,16,1.1517
COP2122-239,,TRANSLATION STUDIES,"Eastern University, Sri Lanka",MONARAGALA,1.3857,value,8,16,1.3857
COP2122-239,,TRANSLATION STUDIES,"Eastern University, Sri Lanka",KEGALLE,0.9170,value,8,16,0.9170
COP2122-239,,TRANSLATION STUDIES,"Eastern University, Sri Lanka",RATNAPURA,,NQC,8,16,NQC
COP2122-240,,FILM & TELEVISION STUDIES,University of Kelaniya,COLOMBO,0.9799,value,8,17,0.9799
COP2122-240,,FILM & TELEVISION STUDIES,University of Kelaniya,GAMPAHA,0.7529,value,8,17,0.7529
COP2122-240,,FILM & TELEVISION STUDIES,University of Kelaniya,KALUTARA,1.0208,value,8,17,1.0208
COP2122-240,,FILM & TELEVISION STUDIES,University of Kelaniya,MATALE,,NQC,8,17,NQC
COP2122-240,,FILM & TELEVISION STUDIES,University of Kelaniya,KANDY,1.1604,value,8,17,1.1604
COP2122-240,,FILM & TELEVISION STUDIES,University of Kelaniya,NUWARA ELIYA,1.1774,value,8,17,1.1774
COP2122-240,,FILM & TELEVISION STUDIES,University of Kelaniya,GALLE,0.9857,value,8,17,0.9857
COP2122-240,,FILM & TELEVISION STUDIES,University of Kelaniya,MATARA,0.8999,value,8,17,0.8999
COP2122-240,,FILM & TELEVISION STUDIES,University of Kelaniya,HAMBANTOTA,1.1619,value,8,17,1.1619
COP2122-240,,FILM & TELEVISION STUDIES,University of Kelaniya,JAFFNA,,NQC,8,17,NQC
COP2122-240,,FILM & TELEVISION STUDIES,University of Kelaniya,KILINOCHCHI,,NQC,8,17,NQC
COP2122-240,,FILM & TELEVISION STUDIES,University of Kelaniya,MANNAR,,NQC,8,17,NQC
COP2122-240,,FILM & TELEVISION STUDIES,University of Kelaniya,MULLAITIVU,,NQC,8,17,NQC
COP2122-240,,FILM & TELEVISION STUDIES,University of Kelaniya,VAVUNIYA,,NQC,8,17,NQC
COP2122-240,,FILM & TELEVISION STUDIES,University of Kelaniya,TRINCOMALEE,,NQC,8,17,NQC
COP2122-240,,FILM & TELEVISION STUDIES,University of Kelaniya,BATTICALOA,,NQC,8,17,NQC
COP2122-240,,FILM & TELEVISION STUDIES,University of Kelaniya,AMPARA,,NQC,8,17,NQC
COP2122-240,,FILM & TELEVISION STUDIES,University of Kelaniya,PUTTALAM,1.0509,value,8,17,1.0509
COP2122-240,,FILM & TELEVISION STUDIES,University of Kelaniya,KURUNEGALA,0.8717,value,8,17,0.8717
COP2122-240,,FILM & TELEVISION STUDIES,University of Kelaniya,ANURADHAPURA,0.6686,value,8,17,0.6686
COP2122-240,,FILM & TELEVISION STUDIES,University of Kelaniya,POLONNARUWA,1.1266,value,8,17,1.1266
COP2122-240,,FILM & TELEVISION STUDIES,University of Kelaniya,BADULLA,0.3026,value,8,17,0.3026
COP2122-240,,FILM & TELEVISION STUDIES,University of Kelaniya,MONARAGALA,0.4081,value,8,17,0.4081
COP2122-240,,FILM & TELEVISION STUDIES,University of Kelaniya,KEGALLE,0.9576,value,8,17,0.9576
COP2122-240,,FILM & TELEVISION STUDIES,University of Kelaniya,RATNAPURA,1.0642,value,8,17,1.0642
COP2122-241,,PROJECT MANAGEMENT,"University of Vavuniya, Sri Lanka",COLOMBO,1.3631,value,8,18,1.3631
COP2122-241,,PROJECT MANAGEMENT,"University of Vavuniya, Sri Lanka",GAMPAHA,1.3685,value,8,18,1.3685
COP2122-241,,PROJECT MANAGEMENT,"University of Vavuniya, Sri Lanka",KALUTARA,1.3679,value,8,18,1.3679
COP2122-241,,PROJECT MANAGEMENT,"University of Vavuniya, Sri Lanka",MATALE,1.5094,value,8,18,1.5094
COP2122-241,,PROJECT MANAGEMENT,"University of Vavuniya, Sri Lanka",KANDY,1.4002,value,8,18,1.4002
COP2122-241,,PROJECT MANAGEMENT,"University of Vavuniya, Sri Lanka",NUWARA ELIYA,1.4973,value,8,18,1.4973
COP2122-241,,PROJECT MANAGEMENT,"University of Vavuniya, Sri Lanka",GALLE,1.3740,value,8,18,1.3740
COP2122-241,,PROJECT MANAGEMENT,"University of Vavuniya, Sri Lanka",MATARA,1.3930,value,8,18,1.3930
COP2122-241,,PROJECT MANAGEMENT,"University of Vavuniya, Sri Lanka",HAMBANTOTA,1.3716,value,8,18,1.3716
COP2122-241,,PROJECT MANAGEMENT,"University of Vavuniya, Sri Lanka",JAFFNA,1.2332,value,8,18,1.2332
COP2122-241,,PROJECT MANAGEMENT,"University of Vavuniya, Sri Lanka",KILINOCHCHI,1.3609,value,8,18,1.3609
COP2122-241,,PROJECT MANAGEMENT,"University of Vavuniya, Sri Lanka",MANNAR,1.3038,value,8,18,1.3038
COP2122-241,,PROJECT MANAGEMENT,"University of Vavuniya, Sri Lanka",MULLAITIVU,1.2798,value,8,18,1.2798
COP2122-241,,PROJECT MANAGEMENT,"University of Vavuniya, Sri Lanka",VAVUNIYA,1.3852,value,8,18,1.3852
COP2122-241,,PROJECT MANAGEMENT,"University of Vavuniya, Sri Lanka",TRINCOMALEE,1.5077,value,8,18,1.5077
COP2122-241,,PROJECT MANAGEMENT,"University of Vavuniya, Sri Lanka",BATTICALOA,1.4210,value,8,18,1.4210
COP2122-241,,PROJECT MANAGEMENT,"University of Vavuniya, Sri Lanka",AMPARA,1.4708,value,8,18,1.4708
COP2122-241,,PROJECT MANAGEMENT,"University of Vavuniya, Sri Lanka",PUTTALAM,1.4433,value,8,18,1.4433
COP2122-241,,PROJECT MANAGEMENT,"University of Vavuniya, Sri Lanka",KURUNEGALA,1.4140,value,8,18,1.4140
COP2122-241,,PROJECT MANAGEMENT,"University of Vavuniya, Sri Lanka",ANURADHAPURA,1.4154,value,8,18,1.4154
COP2122-241,,PROJECT MANAGEMENT,"University of Vavuniya, Sri Lanka",POLONNARUWA,1.4037,value,8,18,1.4037
COP2122-241,,PROJECT MANAGEMENT,"University of Vavuniya, Sri Lanka",BADULLA,1.3633,value,8,18,1.3633
COP2122-241,,PROJECT MANAGEMENT,"University of Vavuniya, Sri Lanka",MONARAGALA,1.4346,value,8,18,1.4346
COP2122-241,,PROJECT MANAGEMENT,"University of Vavuniya, Sri Lanka",KEGALLE,1.4524,value,8,18,1.4524
COP2122-241,,PROJECT MANAGEMENT,"University of Vavuniya, Sri Lanka",RATNAPURA,1.3696,value,8,18,1.3696
COP2122-242,,TEACHING ENGLISH AS A SECOND LANGUAGE (TESL),University of Sri Jayewardenepura,COLOMBO,1.2088,value,8,19,1.2088
COP2122-242,,TEACHING ENGLISH AS A SECOND LANGUAGE (TESL),University of Sri Jayewardenepura,GAMPAHA,1.2088,value,8,19,1.2088
COP2122-242,,TEACHING ENGLISH AS A SECOND LANGUAGE (TESL),University of Sri Jayewardenepura,KALUTARA,1.2088,value,8,19,1.2088
COP2122-242,,TEACHING ENGLISH AS A SECOND LANGUAGE (TESL),University of Sri Jayewardenepura,MATALE,1.2088,value,8,19,1.2088
COP2122-242,,TEACHING ENGLISH AS A SECOND LANGUAGE (TESL),University of Sri Jayewardenepura,KANDY,1.2088,value,8,19,1.2088
COP2122-242,,TEACHING ENGLISH AS A SECOND LANGUAGE (TESL),University of Sri Jayewardenepura,NUWARA ELIYA,1.2088,value,8,19,1.2088
COP2122-242,,TEACHING ENGLISH AS A SECOND LANGUAGE (TESL),University of Sri Jayewardenepura,GALLE,1.2088,value,8,19,1.2088
COP2122-242,,TEACHING ENGLISH AS A SECOND LANGUAGE (TESL),University of Sri Jayewardenepura,MATARA,1.2088,value,8,19,1.2088
COP2122-242,,TEACHING ENGLISH AS A SECOND LANGUAGE (TESL),University of Sri Jayewardenepura,HAMBANTOTA,1.2088,value,8,19,1.2088
COP2122-242,,TEACHING ENGLISH AS A SECOND LANGUAGE (TESL),University of Sri Jayewardenepura,JAFFNA,1.2088,value,8,19,1.2088
COP2122-242,,TEACHING ENGLISH AS A SECOND LANGUAGE (TESL),University of Sri Jayewardenepura,KILINOCHCHI,1.2088,value,8,19,1.2088
COP2122-242,,TEACHING ENGLISH AS A SECOND LANGUAGE (TESL),University of Sri Jayewardenepura,MANNAR,1.2088,value,8,19,1.2088
COP2122-242,,TEACHING ENGLISH AS A SECOND LANGUAGE (TESL),University of Sri Jayewardenepura,MULLAITIVU,1.2088,value,8,19,1.2088
COP2122-242,,TEACHING ENGLISH AS A SECOND LANGUAGE (TESL),University of Sri Jayewardenepura,VAVUNIYA,1.2088,value,8,19,1.2088
COP2122-242,,TEACHING ENGLISH AS A SECOND LANGUAGE (TESL),University of Sri Jayewardenepura,TRINCOMALEE,1.2088,value,8,19,1.2088
COP2122-242,,TEACHING ENGLISH AS A SECOND LANGUAGE (TESL),University of Sri Jayewardenepura,BATTICALOA,1.2088,value,8,19,1.2088
COP2122-242,,TEACHING ENGLISH AS A SECOND LANGUAGE (TESL),University of Sri Jayewardenepura,AMPARA,1.2088,value,8,19,1.2088
COP2122-242,,TEACHING ENGLISH AS A SECOND LANGUAGE (TESL),University of Sri Jayewardenepura,PUTTALAM,1.2088,value,8,19,1.2088
COP2122-242,,TEACHING ENGLISH AS A SECOND LANGUAGE (TESL),University of Sri Jayewardenepura,KURUNEGALA,1.2088,value,8,19,1.2088
COP2122-242,,TEACHING ENGLISH AS A SECOND LANGUAGE (TESL),University of Sri Jayewardenepura,ANURADHAPURA,1.2088,value,8,19,1.2088
COP2122-242,,TEACHING ENGLISH AS A SECOND LANGUAGE (TESL),University of Sri Jayewardenepura,POLONNARUWA,1.2088,value,8,19,1.2088
COP2122-242,,TEACHING ENGLISH AS A SECOND LANGUAGE (TESL),University of Sri Jayewardenepura,BADULLA,1.2088,value,8,19,1.2088
COP2122-242,,TEACHING ENGLISH AS A SECOND LANGUAGE (TESL),University of Sri Jayewardenepura,MONARAGALA,1.2088,value,8,19,1.2088
COP2122-242,,TEACHING ENGLISH AS A SECOND LANGUAGE (TESL),University of Sri Jayewardenepura,KEGALLE,1.2088,value,8,19,1.2088
COP2122-242,,TEACHING ENGLISH AS A SECOND LANGUAGE (TESL),University of Sri Jayewardenepura,RATNAPURA,1.2088,value,8,19,1.2088
COP2122-243,,TEACHING ENGLISH AS A SECOND LANGUAGE (TESL),University of Kelaniya,COLOMBO,1.1920,value,8,20,1.1920
COP2122-243,,TEACHING ENGLISH AS A SECOND LANGUAGE (TESL),University of Kelaniya,GAMPAHA,1.1920,value,8,20,1.1920
COP2122-243,,TEACHING ENGLISH AS A SECOND LANGUAGE (TESL),University of Kelaniya,KALUTARA,1.1920,value,8,20,1.1920
COP2122-243,,TEACHING ENGLISH AS A SECOND LANGUAGE (TESL),University of Kelaniya,MATALE,1.1920,value,8,20,1.1920
COP2122-243,,TEACHING ENGLISH AS A SECOND LANGUAGE (TESL),University of Kelaniya,KANDY,1.1920,value,8,20,1.1920
COP2122-243,,TEACHING ENGLISH AS A SECOND LANGUAGE (TESL),University of Kelaniya,NUWARA ELIYA,1.1920,value,8,20,1.1920
COP2122-243,,TEACHING ENGLISH AS A SECOND LANGUAGE (TESL),University of Kelaniya,GALLE,1.1920,value,8,20,1.1920
COP2122-243,,TEACHING ENGLISH AS A SECOND LANGUAGE (TESL),University of Kelaniya,MATARA,1.1920,value,8,20,1.1920
COP2122-243,,TEACHING ENGLISH AS A SECOND LANGUAGE (TESL),University of Kelaniya,HAMBANTOTA,1.1920,value,8,20,1.1920
COP2122-243,,TEACHING ENGLISH AS A SECOND LANGUAGE (TESL),University of Kelaniya,JAFFNA,1.1920,value,8,20,1.1920
COP2122-243,,TEACHING ENGLISH AS A SECOND LANGUAGE (TESL),University of Kelaniya,KILINOCHCHI,1.1920,value,8,20,1.1920
COP2122-243,,TEACHING ENGLISH AS A SECOND LANGUAGE (TESL),University of Kelaniya,MANNAR,1.1920,value,8,20,1.1920
COP2122-243,,TEACHING ENGLISH AS A SECOND LANGUAGE (TESL),University of Kelaniya,MULLAITIVU,1.1920,value,8,20,1.1920
COP2122-243,,TEACHING ENGLISH AS A SECOND LANGUAGE (TESL),University of Kelaniya,VAVUNIYA,1.1920,value,8,20,1.1920
COP2122-243,,TEACHING ENGLISH AS A SECOND LANGUAGE (TESL),University of Kelaniya,TRINCOMALEE,1.1920,value,8,20,1.1920
COP2122-243,,TEACHING ENGLISH AS A SECOND LANGUAGE (TESL),University of Kelaniya,BATTICALOA,1.1920,value,8,20,1.1920
COP2122-243,,TEACHING ENGLISH AS A SECOND LANGUAGE (TESL),University of Kelaniya,AMPARA,1.1920,value,8,20,1.1920
COP2122-243,,TEACHING ENGLISH AS A SECOND LANGUAGE (TESL),University of Kelaniya,PUTTALAM,1.1920,value,8,20,1.1920
COP2122-243,,TEACHING ENGLISH AS A SECOND LANGUAGE (TESL),University of Kelaniya,KURUNEGALA,1.1920,value,8,20,1.1920
COP2122-243,,TEACHING ENGLISH AS A SECOND LANGUAGE (TESL),University of Kelaniya,ANURADHAPURA,1.1920,value,8,20,1.1920
COP2122-243,,TEACHING ENGLISH AS A SECOND LANGUAGE (TESL),University of Kelaniya,POLONNARUWA,1.1920,value,8,20,1.1920
COP2122-243,,TEACHING ENGLISH AS A SECOND LANGUAGE (TESL),University of Kelaniya,BADULLA,1.1920,value,8,20,1.1920
COP2122-243,,TEACHING ENGLISH AS A SECOND LANGUAGE (TESL),University of Kelaniya,MONARAGALA,1.1920,value,8,20,1.1920
COP2122-243,,TEACHING ENGLISH AS A SECOND LANGUAGE (TESL),University of Kelaniya,KEGALLE,1.1920,value,8,20,1.1920
COP2122-243,,TEACHING ENGLISH AS A SECOND LANGUAGE (TESL),University of Kelaniya,RATNAPURA,1.1920,value,8,20,1.1920
COP2122-244,,VISUAL ARTS,University of the Visual & Performing Arts,COLOMBO,0.6674,value,8,21,0.6674
COP2122-244,,VISUAL ARTS,University of the Visual & Performing Arts,GAMPAHA,1.1435,value,8,21,1.1435
COP2122-244,,VISUAL ARTS,University of the Visual & Performing Arts,KALUTARA,1.1870,value,8,21,1.1870
COP2122-244,,VISUAL ARTS,University of the Visual & Performing Arts,MATALE,1.2883,value,8,21,1.2883
COP2122-244,,VISUAL ARTS,University of the Visual & Performing Arts,KANDY,1.1865,value,8,21,1.1865
COP2122-244,,VISUAL ARTS,University of the Visual & Performing Arts,NUWARA ELIYA,0.9725,value,8,21,0.9725
COP2122-244,,VISUAL ARTS,University of the Visual & Performing Arts,GALLE,1.0306,value,8,21,1.0306
COP2122-244,,VISUAL ARTS,University of the Visual & Performing Arts,MATARA,1.2621,value,8,21,1.2621
COP2122-244,,VISUAL ARTS,University of the Visual & Performing Arts,HAMBANTOTA,0.6085,value,8,21,0.6085
COP2122-244,,VISUAL ARTS,University of the Visual & Performing Arts,JAFFNA,,NQC,8,21,NQC
COP2122-244,,VISUAL ARTS,University of the Visual & Performing Arts,KILINOCHCHI,,NQC,8,21,NQC
COP2122-244,,VISUAL ARTS,University of the Visual & Performing Arts,MANNAR,,NQC,8,21,NQC
COP2122-244,,VISUAL ARTS,University of the Visual & Performing Arts,MULLAITIVU,,NQC,8,21,NQC
COP2122-244,,VISUAL ARTS,University of the Visual & Performing Arts,VAVUNIYA,,NQC,8,21,NQC
COP2122-244,,VISUAL ARTS,University of the Visual & Performing Arts,TRINCOMALEE,-0.0377,value,8,21,-0.0377
COP2122-244,,VISUAL ARTS,University of the Visual & Performing Arts,BATTICALOA,,NQC,8,21,NQC
COP2122-244,,VISUAL ARTS,University of the Visual & Performing Arts,AMPARA,0.9581,value,8,21,0.9581
COP2122-244,,VISUAL ARTS,University of the Visual & Performing Arts,PUTTALAM,1.2240,value,8,21,1.2240
COP2122-244,,VISUAL ARTS,University of the Visual & Performing Arts,KURUNEGALA,1.1965,value,8,21,1.1965
COP2122-244,,VISUAL ARTS,University of the Visual & Performing Arts,ANURADHAPURA,0.8605,value,8,21,0.8605
COP2122-244,,VISUAL ARTS,University of the Visual & Performing Arts,POLONNARUWA,0.9387,value,8,21,0.9387
COP2122-244,,VISUAL ARTS,University of the Visual & Performing Arts,BADULLA,1.1520,value,8,21,1.1520
COP2122-244,,VISUAL ARTS,University of the Visual & Performing Arts,MONARAGALA,1.0195,value,8,21,1.0195
COP2122-244,,VISUAL ARTS,University of the Visual & Performing Arts,KEGALLE,0.7316,value,8,21,0.7316
COP2122-244,,VISUAL ARTS,University of the Visual & Performing Arts,RATNAPURA,1.2302,value,8,21,1.2302
COP2122-245,,MUSIC,University of the Visual & Performing Arts,COLOMBO,0.9804,value,8,22,0.9804
COP2122-245,,MUSIC,University of the Visual & Performing Arts,GAMPAHA,0.8063,value,8,22,0.8063
COP2122-245,,MUSIC,University of the Visual & Performing Arts,KALUTARA,0.8237,value,8,22,0.8237
COP2122-245,,MUSIC,University of the Visual & Performing Arts,MATALE,0.8448,value,8,22,0.8448
COP2122-245,,MUSIC,University of the Visual & Performing Arts,KANDY,0.9712,value,8,22,0.9712
COP2122-245,,MUSIC,University of the Visual & Performing Arts,NUWARA ELIYA,-0.2621,value,8,22,-0.2621
COP2122-245,,MUSIC,University of the Visual & Performing Arts,GALLE,0.9834,value,8,22,0.9834
COP2122-245,,MUSIC,University of the Visual & Performing Arts,MATARA,1.0126,value,8,22,1.0126
COP2122-245,,MUSIC,University of the Visual & Performing Arts,HAMBANTOTA,0.8176,value,8,22,0.8176
COP2122-245,,MUSIC,University of the Visual & Performing Arts,JAFFNA,,NQC,8,22,NQC
COP2122-245,,MUSIC,University of the Visual & Performing Arts,KILINOCHCHI,,NQC,8,22,NQC
COP2122-245,,MUSIC,University of the Visual & Performing Arts,MANNAR,,NQC,8,22,NQC
COP2122-245,,MUSIC,University of the Visual & Performing Arts,MULLAITIVU,,NQC,8,22,NQC
COP2122-245,,MUSIC,University of the Visual & Performing Arts,VAVUNIYA,,NQC,8,22,NQC
COP2122-245,,MUSIC,University of the Visual & Performing Arts,TRINCOMALEE,0.4285,value,8,22,0.4285
COP2122-245,,MUSIC,University of the Visual & Performing Arts,BATTICALOA,,NQC,8,22,NQC
COP2122-245,,MUSIC,University of the Visual & Performing Arts,AMPARA,0.5010,value,8,22,0.5010
COP2122-245,,MUSIC,University of the Visual & Performing Arts,PUTTALAM,0.7899,value,8,22,0.7899
COP2122-245,,MUSIC,University of the Visual & Performing Arts,KURUNEGALA,0.9626,value,8,22,0.9626
COP2122-245,,MUSIC,University of the Visual & Performing Arts,ANURADHAPURA,0.7793,value,8,22,0.7793
COP2122-245,,MUSIC,University of the Visual & Performing Arts,POLONNARUWA,1.0057,value,8,22,1.0057
COP2122-245,,MUSIC,University of the Visual & Performing Arts,BADULLA,0.8345,value,8,22,0.8345
COP2122-245,,MUSIC,University of the Visual & Performing Arts,MONARAGALA,1.0023,value,8,22,1.0023
COP2122-245,,MUSIC,University of the Visual & Performing Arts,KEGALLE,1.0344,value,8,22,1.0344
COP2122-245,,MUSIC,University of the Visual & Performing Arts,RATNAPURA,0.9274,value,8,22,0.9274
COP2122-246,,DANCE,University of the Visual & Performing Arts,COLOMBO,0.7039,value,8,23,0.7039
COP2122-246,,DANCE,University of the Visual & Performing Arts,GAMPAHA,0.8383,value,8,23,0.8383
COP2122-246,,DANCE,University of the Visual & Performing Arts,KALUTARA,0.8454,value,8,23,0.8454
COP2122-246,,DANCE,University of the Visual & Performing Arts,MATALE,1.1424,value,8,23,1.1424
COP2122-246,,DANCE,University of the Visual & Performing Arts,KANDY,0.9017,value,8,23,0.9017
COP2122-246,,DANCE,University of the Visual & Performing Arts,NUWARA ELIYA,0.3100,value,8,23,0.3100
COP2122-246,,DANCE,University of the Visual & Performing Arts,GALLE,0.8711,value,8,23,0.8711
COP2122-246,,DANCE,University of the Visual & Performing Arts,MATARA,0.9896,value,8,23,0.9896
COP2122-246,,DANCE,University of the Visual & Performing Arts,HAMBANTOTA,0.9404,value,8,23,0.9404
COP2122-246,,DANCE,University of the Visual & Performing Arts,JAFFNA,,NQC,8,23,NQC
COP2122-246,,DANCE,University of the Visual & Performing Arts,KILINOCHCHI,,NQC,8,23,NQC
COP2122-246,,DANCE,University of the Visual & Performing Arts,MANNAR,,NQC,8,23,NQC
COP2122-246,,DANCE,University of the Visual & Performing Arts,MULLAITIVU,0.8886,value,8,23,0.8886
COP2122-246,,DANCE,University of the Visual & Performing Arts,VAVUNIYA,0.6003,value,8,23,0.6003
COP2122-246,,DANCE,University of the Visual & Performing Arts,TRINCOMALEE,0.4192,value,8,23,0.4192
COP2122-246,,DANCE,University of the Visual & Performing Arts,BATTICALOA,,NQC,8,23,NQC
COP2122-246,,DANCE,University of the Visual & Performing Arts,AMPARA,0.6909,value,8,23,0.6909
COP2122-246,,DANCE,University of the Visual & Performing Arts,PUTTALAM,0.9627,value,8,23,0.9627
COP2122-246,,DANCE,University of the Visual & Performing Arts,KURUNEGALA,1.0828,value,8,23,1.0828
COP2122-246,,DANCE,University of the Visual & Performing Arts,ANURADHAPURA,0.9525,value,8,23,0.9525
COP2122-246,,DANCE,University of the Visual & Performing Arts,POLONNARUWA,1.0136,value,8,23,1.0136
COP2122-246,,DANCE,University of the Visual & Performing Arts,BADULLA,0.9980,value,8,23,0.9980
COP2122-246,,DANCE,University of the Visual & Performing Arts,MONARAGALA,0.7819,value,8,23,0.7819
COP2122-246,,DANCE,University of the Visual & Performing Arts,KEGALLE,1.0993,value,8,23,1.0993
COP2122-246,,DANCE,University of the Visual & Performing Arts,RATNAPURA,1.1345,value,8,23,1.1345
COP2122-247,,DRAMA & THEATRE,University of the Visual & Performing Arts,COLOMBO,0.7306,value,8,24,0.7306
COP2122-247,,DRAMA & THEATRE,University of the Visual & Performing Arts,GAMPAHA,0.7633,value,8,24,0.7633
COP2122-247,,DRAMA & THEATRE,University of the Visual & Performing Arts,KALUTARA,0.6205,value,8,24,0.6205
COP2122-247,,DRAMA & THEATRE,University of the Visual & Performing Arts,MATALE,1.0064,value,8,24,1.0064
COP2122-247,,DRAMA & THEATRE,University of the Visual & Performing Arts,KANDY,0.9990,value,8,24,0.9990
COP2122-247,,DRAMA & THEATRE,University of the Visual & Performing Arts,NUWARA ELIYA,0.5024,value,8,24,0.5024
COP2122-247,,DRAMA & THEATRE,University of the Visual & Performing Arts,GALLE,0.9850,value,8,24,0.9850
COP2122-247,,DRAMA & THEATRE,University of the Visual & Performing Arts,MATARA,0.9472,value,8,24,0.9472
COP2122-247,,DRAMA & THEATRE,University of the Visual & Performing Arts,HAMBANTOTA,0.8565,value,8,24,0.8565
COP2122-247,,DRAMA & THEATRE,University of the Visual & Performing Arts,JAFFNA,,NQC,8,24,NQC
COP2122-247,,DRAMA & THEATRE,University of the Visual & Performing Arts,KILINOCHCHI,,NQC,8,24,NQC
COP2122-247,,DRAMA & THEATRE,University of the Visual & Performing Arts,MANNAR,,NQC,8,24,NQC
COP2122-247,,DRAMA & THEATRE,University of the Visual & Performing Arts,MULLAITIVU,,NQC,8,24,NQC
COP2122-247,,DRAMA & THEATRE,University of the Visual & Performing Arts,VAVUNIYA,,NQC,8,24,NQC
COP2122-247,,DRAMA & THEATRE,University of the Visual & Performing Arts,TRINCOMALEE,0.8105,value,8,24,0.8105
COP2122-247,,DRAMA & THEATRE,University of the Visual & Performing Arts,BATTICALOA,,NQC,8,24,NQC
COP2122-247,,DRAMA & THEATRE,University of the Visual & Performing Arts,AMPARA,0.7290,value,8,24,0.7290
COP2122-247,,DRAMA & THEATRE,University of the Visual & Performing Arts,PUTTALAM,0.9725,value,8,24,0.9725
COP2122-247,,DRAMA & THEATRE,University of the Visual & Performing Arts,KURUNEGALA,0.8308,value,8,24,0.8308
COP2122-247,,DRAMA & THEATRE,University of the Visual & Performing Arts,ANURADHAPURA,1.1101,value,8,24,1.1101
COP2122-247,,DRAMA & THEATRE,University of the Visual & Performing Arts,POLONNARUWA,0.9506,value,8,24,0.9506
COP2122-247,,DRAMA & THEATRE,University of the Visual & Performing Arts,BADULLA,0.7956,value,8,24,0.7956
COP2122-247,,DRAMA & THEATRE,University of the Visual & Performing Arts,MONARAGALA,0.4613,value,8,24,0.4613
COP2122-247,,DRAMA & THEATRE,University of the Visual & Performing Arts,KEGALLE,1.0153,value,8,24,1.0153
COP2122-247,,DRAMA & THEATRE,University of the Visual & Performing Arts,RATNAPURA,0.9659,value,8,24,0.9659
COP2122-248,,ART & DESIGN,Ramanathan Academy of Fine Arts,COLOMBO,,NQC,8,25,NQC
COP2122-248,,ART & DESIGN,Ramanathan Academy of Fine Arts,GAMPAHA,0.5323,value,8,25,0.5323
COP2122-248,,ART & DESIGN,Ramanathan Academy of Fine Arts,KALUTARA,0.4470,value,8,25,0.4470
COP2122-248,,ART & DESIGN,Ramanathan Academy of Fine Arts,MATALE,,NQC,8,25,NQC
COP2122-248,,ART & DESIGN,Ramanathan Academy of Fine Arts,KANDY,0.5986,value,8,25,0.5986
COP2122-248,,ART & DESIGN,Ramanathan Academy of Fine Arts,NUWARA ELIYA,-0.5000,value,8,25,-0.5000
COP2122-248,,ART & DESIGN,Ramanathan Academy of Fine Arts,GALLE,,NQC,8,25,NQC
COP2122-248,,ART & DESIGN,Ramanathan Academy of Fine Arts,MATARA,,NQC,8,25,NQC
COP2122-248,,ART & DESIGN,Ramanathan Academy of Fine Arts,HAMBANTOTA,,NQC,8,25,NQC
COP2122-248,,ART & DESIGN,Ramanathan Academy of Fine Arts,JAFFNA,0.0860,value,8,25,0.0860
COP2122-248,,ART & DESIGN,Ramanathan Academy of Fine Arts,KILINOCHCHI,0.2238,value,8,25,0.2238
COP2122-248,,ART & DESIGN,Ramanathan Academy of Fine Arts,MANNAR,0.3902,value,8,25,0.3902
COP2122-248,,ART & DESIGN,Ramanathan Academy of Fine Arts,MULLAITIVU,1.2842,value,8,25,1.2842
COP2122-248,,ART & DESIGN,Ramanathan Academy of Fine Arts,VAVUNIYA,0.6606,value,8,25,0.6606
COP2122-248,,ART & DESIGN,Ramanathan Academy of Fine Arts,TRINCOMALEE,0.3569,value,8,25,0.3569
COP2122-248,,ART & DESIGN,Ramanathan Academy of Fine Arts,BATTICALOA,0.4339,value,8,25,0.4339
COP2122-248,,ART & DESIGN,Ramanathan Academy of Fine Arts,AMPARA,0.3706,value,8,25,0.3706
COP2122-248,,ART & DESIGN,Ramanathan Academy of Fine Arts,PUTTALAM,0.9894,value,8,25,0.9894
COP2122-248,,ART & DESIGN,Ramanathan Academy of Fine Arts,KURUNEGALA,0.3935,value,8,25,0.3935
COP2122-248,,ART & DESIGN,Ramanathan Academy of Fine Arts,ANURADHAPURA,-0.1035,value,8,25,-0.1035
COP2122-248,,ART & DESIGN,Ramanathan Academy of Fine Arts,POLONNARUWA,1.2563,value,8,25,1.2563
COP2122-248,,ART & DESIGN,Ramanathan Academy of Fine Arts,BADULLA,0.3278,value,8,25,0.3278
COP2122-248,,ART & DESIGN,Ramanathan Academy of Fine Arts,MONARAGALA,,NQC,8,25,NQC
COP2122-248,,ART & DESIGN,Ramanathan Academy of Fine Arts,KEGALLE,,NQC,8,25,NQC
COP2122-248,,ART & DESIGN,Ramanathan Academy of Fine Arts,RATNAPURA,0.2075,value,8,25,0.2075
COP2122-249,,MUSIC,Ramanathan Academy of Fine Arts,COLOMBO,0.1274,value,8,26,0.1274
COP2122-249,,MUSIC,Ramanathan Academy of Fine Arts,GAMPAHA,,NQC,8,26,NQC
COP2122-249,,MUSIC,Ramanathan Academy of Fine Arts,KALUTARA,0.3694,value,8,26,0.3694
COP2122-249,,MUSIC,Ramanathan Academy of Fine Arts,MATALE,-0.0986,value,8,26,-0.0986
COP2122-249,,MUSIC,Ramanathan Academy of Fine Arts,KANDY,-0.2544,value,8,26,-0.2544
COP2122-249,,MUSIC,Ramanathan Academy of Fine Arts,NUWARA ELIYA,0.4427,value,8,26,0.4427
COP2122-249,,MUSIC,Ramanathan Academy of Fine Arts,GALLE,0.0432,value,8,26,0.0432
COP2122-249,,MUSIC,Ramanathan Academy of Fine Arts,MATARA,,NQC,8,26,NQC
COP2122-249,,MUSIC,Ramanathan Academy of Fine Arts,HAMBANTOTA,,NQC,8,26,NQC
COP2122-249,,MUSIC,Ramanathan Academy of Fine Arts,JAFFNA,0.7097,value,8,26,0.7097
COP2122-249,,MUSIC,Ramanathan Academy of Fine Arts,KILINOCHCHI,0.6435,value,8,26,0.6435
COP2122-249,,MUSIC,Ramanathan Academy of Fine Arts,MANNAR,0.0528,value,8,26,0.0528
COP2122-249,,MUSIC,Ramanathan Academy of Fine Arts,MULLAITIVU,0.3684,value,8,26,0.3684
COP2122-249,,MUSIC,Ramanathan Academy of Fine Arts,VAVUNIYA,0.6787,value,8,26,0.6787
COP2122-249,,MUSIC,Ramanathan Academy of Fine Arts,TRINCOMALEE,0.5141,value,8,26,0.5141
COP2122-249,,MUSIC,Ramanathan Academy of Fine Arts,BATTICALOA,0.5656,value,8,26,0.5656
COP2122-249,,MUSIC,Ramanathan Academy of Fine Arts,AMPARA,-0.5389,value,8,26,-0.5389
COP2122-249,,MUSIC,Ramanathan Academy of Fine Arts,PUTTALAM,1.2029,value,8,26,1.2029
COP2122-249,,MUSIC,Ramanathan Academy of Fine Arts,KURUNEGALA,,NQC,8,26,NQC
COP2122-249,,MUSIC,Ramanathan Academy of Fine Arts,ANURADHAPURA,,NQC,8,26,NQC
COP2122-249,,MUSIC,Ramanathan Academy of Fine Arts,POLONNARUWA,,NQC,8,26,NQC
COP2122-249,,MUSIC,Ramanathan Academy of Fine Arts,BADULLA,-0.1501,value,8,26,-0.1501
COP2122-249,,MUSIC,Ramanathan Academy of Fine Arts,MONARAGALA,0.4847,value,8,26,0.4847
COP2122-249,,MUSIC,Ramanathan Academy of Fine Arts,KEGALLE,-0.1059,value,8,26,-0.1059
COP2122-249,,MUSIC,Ramanathan Academy of Fine Arts,RATNAPURA,0.9671,value,8,26,0.9671
COP2122-250,,DANCE,Ramanathan Academy of Fine Arts,COLOMBO,-0.3151,value,8,27,-0.3151
COP2122-250,,DANCE,Ramanathan Academy of Fine Arts,GAMPAHA,-0.5365,value,8,27,-0.5365
COP2122-250,,DANCE,Ramanathan Academy of Fine Arts,KALUTARA,,NQC,8,27,NQC
COP2122-250,,DANCE,Ramanathan Academy of Fine Arts,MATALE,0.5170,value,8,27,0.5170
COP2122-250,,DANCE,Ramanathan Academy of Fine Arts,KANDY,0.2144,value,8,27,0.2144
COP2122-250,,DANCE,Ramanathan Academy of Fine Arts,NUWARA ELIYA,0.2997,value,8,27,0.2997
COP2122-250,,DANCE,Ramanathan Academy of Fine Arts,GALLE,,NQC,8,27,NQC
COP2122-250,,DANCE,Ramanathan Academy of Fine Arts,MATARA,,NQC,8,27,NQC
COP2122-250,,DANCE,Ramanathan Academy of Fine Arts,HAMBANTOTA,,NQC,8,27,NQC
COP2122-250,,DANCE,Ramanathan Academy of Fine Arts,JAFFNA,0.1629,value,8,27,0.1629
COP2122-250,,DANCE,Ramanathan Academy of Fine Arts,KILINOCHCHI,0.6556,value,8,27,0.6556
COP2122-250,,DANCE,Ramanathan Academy of Fine Arts,MANNAR,0.4478,value,8,27,0.4478
COP2122-250,,DANCE,Ramanathan Academy of Fine Arts,MULLAITIVU,0.6592,value,8,27,0.6592
COP2122-250,,DANCE,Ramanathan Academy of Fine Arts,VAVUNIYA,,NQC,8,27,NQC
COP2122-250,,DANCE,Ramanathan Academy of Fine Arts,TRINCOMALEE,0.6721,value,8,27,0.6721
COP2122-250,,DANCE,Ramanathan Academy of Fine Arts,BATTICALOA,0.5963,value,8,27,0.5963
COP2122-250,,DANCE,Ramanathan Academy of Fine Arts,AMPARA,,NQC,8,27,NQC
COP2122-250,,DANCE,Ramanathan Academy of Fine Arts,PUTTALAM,,NQC,8,27,NQC
COP2122-250,,DANCE,Ramanathan Academy of Fine Arts,KURUNEGALA,0.4074,value,8,27,0.4074
COP2122-250,,DANCE,Ramanathan Academy of Fine Arts,ANURADHAPURA,,NQC,8,27,NQC
COP2122-250,,DANCE,Ramanathan Academy of Fine Arts,POLONNARUWA,,NQC,8,27,NQC
COP2122-250,,DANCE,Ramanathan Academy of Fine Arts,BADULLA,,NQC,8,27,NQC
COP2122-250,,DANCE,Ramanathan Academy of Fine Arts,MONARAGALA,,NQC,8,27,NQC
COP2122-250,,DANCE,Ramanathan Academy of Fine Arts,KEGALLE,0.8775,value,8,27,0.8775
COP2122-250,,DANCE,Ramanathan Academy of Fine Arts,RATNAPURA,,NQC,8,27,NQC
COP2122-251,,VISUAL & TECHNOLOGICAL ARTS,Swami Vipulananda Institute of Aesthetic Studies,COLOMBO,,NQC,8,28,NQC
COP2122-251,,VISUAL & TECHNOLOGICAL ARTS,Swami Vipulananda Institute of Aesthetic Studies,GAMPAHA,,NQC,8,28,NQC
COP2122-251,,VISUAL & TECHNOLOGICAL ARTS,Swami Vipulananda Institute of Aesthetic Studies,KALUTARA,-0.1577,value,8,28,-0.1577
COP2122-251,,VISUAL & TECHNOLOGICAL ARTS,Swami Vipulananda Institute of Aesthetic Studies,MATALE,0.2516,value,8,28,0.2516
COP2122-251,,VISUAL & TECHNOLOGICAL ARTS,Swami Vipulananda Institute of Aesthetic Studies,KANDY,-0.2574,value,8,28,-0.2574
COP2122-251,,VISUAL & TECHNOLOGICAL ARTS,Swami Vipulananda Institute of Aesthetic Studies,NUWARA ELIYA,0.1198,value,8,28,0.1198
COP2122-251,,VISUAL & TECHNOLOGICAL ARTS,Swami Vipulananda Institute of Aesthetic Studies,GALLE,0.6624,value,8,28,0.6624
COP2122-251,,VISUAL & TECHNOLOGICAL ARTS,Swami Vipulananda Institute of Aesthetic Studies,MATARA,0.3960,value,8,28,0.3960
COP2122-251,,VISUAL & TECHNOLOGICAL ARTS,Swami Vipulananda Institute of Aesthetic Studies,HAMBANTOTA,,NQC,8,28,NQC
COP2122-251,,VISUAL & TECHNOLOGICAL ARTS,Swami Vipulananda Institute of Aesthetic Studies,JAFFNA,-0.0006,value,8,28,-0.0006
COP2122-251,,VISUAL & TECHNOLOGICAL ARTS,Swami Vipulananda Institute of Aesthetic Studies,KILINOCHCHI,0.1943,value,8,28,0.1943
COP2122-251,,VISUAL & TECHNOLOGICAL ARTS,Swami Vipulananda Institute of Aesthetic Studies,MANNAR,0.6544,value,8,28,0.6544
COP2122-251,,VISUAL & TECHNOLOGICAL ARTS,Swami Vipulananda Institute of Aesthetic Studies,MULLAITIVU,-0.2158,value,8,28,-0.2158
COP2122-251,,VISUAL & TECHNOLOGICAL ARTS,Swami Vipulananda Institute of Aesthetic Studies,VAVUNIYA,,NQC,8,28,NQC
COP2122-251,,VISUAL & TECHNOLOGICAL ARTS,Swami Vipulananda Institute of Aesthetic Studies,TRINCOMALEE,0.4798,value,8,28,0.4798
COP2122-251,,VISUAL & TECHNOLOGICAL ARTS,Swami Vipulananda Institute of Aesthetic Studies,BATTICALOA,0.5391,value,8,28,0.5391
COP2122-251,,VISUAL & TECHNOLOGICAL ARTS,Swami Vipulananda Institute of Aesthetic Studies,AMPARA,0.5591,value,8,28,0.5591
COP2122-251,,VISUAL & TECHNOLOGICAL ARTS,Swami Vipulananda Institute of Aesthetic Studies,PUTTALAM,-0.1140,value,8,28,-0.1140
COP2122-251,,VISUAL & TECHNOLOGICAL ARTS,Swami Vipulananda Institute of Aesthetic Studies,KURUNEGALA,,NQC,8,28,NQC
COP2122-251,,VISUAL & TECHNOLOGICAL ARTS,Swami Vipulananda Institute of Aesthetic Studies,ANURADHAPURA,0.0719,value,8,28,0.0719
COP2122-251,,VISUAL & TECHNOLOGICAL ARTS,Swami Vipulananda Institute of Aesthetic Studies,POLONNARUWA,-0.2575,value,8,28,-0.2575
COP2122-251,,VISUAL & TECHNOLOGICAL ARTS,Swami Vipulananda Institute of Aesthetic Studies,BADULLA,0.7965,value,8,28,0.7965
COP2122-251,,VISUAL & TECHNOLOGICAL ARTS,Swami Vipulananda Institute of Aesthetic Studies,MONARAGALA,-0.0528,value,8,28,-0.0528
COP2122-251,,VISUAL & TECHNOLOGICAL ARTS,Swami Vipulananda Institute of Aesthetic Studies,KEGALLE,-0.3591,value,8,28,-0.3591
COP2122-251,,VISUAL & TECHNOLOGICAL ARTS,Swami Vipulananda Institute of Aesthetic Studies,RATNAPURA,0.0188,value,8,28,0.0188
COP2122-252,,MUSIC,Swami Vipulananda Institute of Aesthetic Studies,COLOMBO,0.6899,value,8,29,0.6899
COP2122-252,,MUSIC,Swami Vipulananda Institute of Aesthetic Studies,GAMPAHA,-0.0104,value,8,29,-0.0104
COP2122-252,,MUSIC,Swami Vipulananda Institute of Aesthetic Studies,KALUTARA,0.7602,value,8,29,0.7602
COP2122-252,,MUSIC,Swami Vipulananda Institute of Aesthetic Studies,MATALE,0.2683,value,8,29,0.2683
COP2122-252,,MUSIC,Swami Vipulananda Institute of Aesthetic Studies,KANDY,-0.5642,value,8,29,-0.5642
COP2122-252,,MUSIC,Swami Vipulananda Institute of Aesthetic Studies,NUWARA ELIYA,0.3798,value,8,29,0.3798
COP2122-252,,MUSIC,Swami Vipulananda Institute of Aesthetic Studies,GALLE,-0.0863,value,8,29,-0.0863
COP2122-252,,MUSIC,Swami Vipulananda Institute of Aesthetic Studies,MATARA,,NQC,8,29,NQC
COP2122-252,,MUSIC,Swami Vipulananda Institute of Aesthetic Studies,HAMBANTOTA,,NQC,8,29,NQC
COP2122-252,,MUSIC,Swami Vipulananda Institute of Aesthetic Studies,JAFFNA,0.6380,value,8,29,0.6380
COP2122-252,,MUSIC,Swami Vipulananda Institute of Aesthetic Studies,KILINOCHCHI,0.6404,value,8,29,0.6404
COP2122-252,,MUSIC,Swami Vipulananda Institute of Aesthetic Studies,MANNAR,0.5130,value,8,29,0.5130
COP2122-252,,MUSIC,Swami Vipulananda Institute of Aesthetic Studies,MULLAITIVU,0.9019,value,8,29,0.9019
COP2122-252,,MUSIC,Swami Vipulananda Institute of Aesthetic Studies,VAVUNIYA,0.1485,value,8,29,0.1485
COP2122-252,,MUSIC,Swami Vipulananda Institute of Aesthetic Studies,TRINCOMALEE,0.6746,value,8,29,0.6746
COP2122-252,,MUSIC,Swami Vipulananda Institute of Aesthetic Studies,BATTICALOA,0.6801,value,8,29,0.6801
COP2122-252,,MUSIC,Swami Vipulananda Institute of Aesthetic Studies,AMPARA,-0.0204,value,8,29,-0.0204
COP2122-252,,MUSIC,Swami Vipulananda Institute of Aesthetic Studies,PUTTALAM,0.3035,value,8,29,0.3035
COP2122-252,,MUSIC,Swami Vipulananda Institute of Aesthetic Studies,KURUNEGALA,,NQC,8,29,NQC
COP2122-252,,MUSIC,Swami Vipulananda Institute of Aesthetic Studies,ANURADHAPURA,,NQC,8,29,NQC
COP2122-252,,MUSIC,Swami Vipulananda Institute of Aesthetic Studies,POLONNARUWA,,NQC,8,29,NQC
COP2122-252,,MUSIC,Swami Vipulananda Institute of Aesthetic Studies,BADULLA,0.5406,value,8,29,0.5406
COP2122-252,,MUSIC,Swami Vipulananda Institute of Aesthetic Studies,MONARAGALA,0.5738,value,8,29,0.5738
COP2122-252,,MUSIC,Swami Vipulananda Institute of Aesthetic Studies,KEGALLE,0.9626,value,8,29,0.9626
COP2122-252,,MUSIC,Swami Vipulananda Institute of Aesthetic Studies,RATNAPURA,-0.3596,value,8,29,-0.3596
COP2122-253,,DANCE,Swami Vipulananda Institute of Aesthetic Studies,COLOMBO,0.2975,value,8,30,0.2975
COP2122-253,,DANCE,Swami Vipulananda Institute of Aesthetic Studies,GAMPAHA,,NQC,8,30,NQC
COP2122-253,,DANCE,Swami Vipulananda Institute of Aesthetic Studies,KALUTARA,,NQC,8,30,NQC
COP2122-253,,DANCE,Swami Vipulananda Institute of Aesthetic Studies,MATALE,-0.1268,value,8,30,-0.1268
COP2122-253,,DANCE,Swami Vipulananda Institute of Aesthetic Studies,KANDY,-0.3218,value,8,30,-0.3218
COP2122-253,,DANCE,Swami Vipulananda Institute of Aesthetic Studies,NUWARA ELIYA,-0.1752,value,8,30,-0.1752
COP2122-253,,DANCE,Swami Vipulananda Institute of Aesthetic Studies,GALLE,,NQC,8,30,NQC
COP2122-253,,DANCE,Swami Vipulananda Institute of Aesthetic Studies,MATARA,,NQC,8,30,NQC
COP2122-253,,DANCE,Swami Vipulananda Institute of Aesthetic Studies,HAMBANTOTA,,NQC,8,30,NQC
COP2122-253,,DANCE,Swami Vipulananda Institute of Aesthetic Studies,JAFFNA,0.7692,value,8,30,0.7692
COP2122-253,,DANCE,Swami Vipulananda Institute of Aesthetic Studies,KILINOCHCHI,0.7346,value,8,30,0.7346
COP2122-253,,DANCE,Swami Vipulananda Institute of Aesthetic Studies,MANNAR,0.5045,value,8,30,0.5045
COP2122-253,,DANCE,Swami Vipulananda Institute of Aesthetic Studies,MULLAITIVU,0.4091,value,8,30,0.4091
COP2122-253,,DANCE,Swami Vipulananda Institute of Aesthetic Studies,VAVUNIYA,0.7708,value,8,30,0.7708
COP2122-253,,DANCE,Swami Vipulananda Institute of Aesthetic Studies,TRINCOMALEE,0.6014,value,8,30,0.6014
COP2122-253,,DANCE,Swami Vipulananda Institute of Aesthetic Studies,BATTICALOA,0.7407,value,8,30,0.7407
COP2122-253,,DANCE,Swami Vipulananda Institute of Aesthetic Studies,AMPARA,0.3785,value,8,30,0.3785
COP2122-253,,DANCE,Swami Vipulananda Institute of Aesthetic Studies,PUTTALAM,0.4770,value,8,30,0.4770
COP2122-253,,DANCE,Swami Vipulananda Institute of Aesthetic Studies,KURUNEGALA,,NQC,8,30,NQC
COP2122-253,,DANCE,Swami Vipulananda Institute of Aesthetic Studies,ANURADHAPURA,,NQC,8,30,NQC
COP2122-253,,DANCE,Swami Vipulananda Institute of Aesthetic Studies,POLONNARUWA,,NQC,8,30,NQC
COP2122-253,,DANCE,Swami Vipulananda Institute of Aesthetic Studies,BADULLA,-0.7936,value,8,30,-0.7936
COP2122-253,,DANCE,Swami Vipulananda Institute of Aesthetic Studies,MONARAGALA,,NQC,8,30,NQC
COP2122-253,,DANCE,Swami Vipulananda Institute of Aesthetic Studies,KEGALLE,,NQC,8,30,NQC
COP2122-253,,DANCE,Swami Vipulananda Institute of Aesthetic Studies,RATNAPURA,0.5790,value,8,30,0.5790
COP2122-254,,DRAMA & THEATRE,Swami Vipulananda Institute of Aesthetic Studies,COLOMBO,-0.5491,value,8,31,-0.5491
COP2122-254,,DRAMA & THEATRE,Swami Vipulananda Institute of Aesthetic Studies,GAMPAHA,,NQC,8,31,NQC
COP2122-254,,DRAMA & THEATRE,Swami Vipulananda Institute of Aesthetic Studies,KALUTARA,,NQC,8,31,NQC
COP2122-254,,DRAMA & THEATRE,Swami Vipulananda Institute of Aesthetic Studies,MATALE,0.5769,value,8,31,0.5769
COP2122-254,,DRAMA & THEATRE,Swami Vipulananda Institute of Aesthetic Studies,KANDY,-0.5927,value,8,31,-0.5927
COP2122-254,,DRAMA & THEATRE,Swami Vipulananda Institute of Aesthetic Studies,NUWARA ELIYA,0.3939,value,8,31,0.3939
COP2122-254,,DRAMA & THEATRE,Swami Vipulananda Institute of Aesthetic Studies,GALLE,,NQC,8,31,NQC
COP2122-254,,DRAMA & THEATRE,Swami Vipulananda Institute of Aesthetic Studies,MATARA,,NQC,8,31,NQC
COP2122-254,,DRAMA & THEATRE,Swami Vipulananda Institute of Aesthetic Studies,HAMBANTOTA,,NQC,8,31,NQC
COP2122-254,,DRAMA & THEATRE,Swami Vipulananda Institute of Aesthetic Studies,JAFFNA,0.9354,value,8,31,0.9354
COP2122-254,,DRAMA & THEATRE,Swami Vipulananda Institute of Aesthetic Studies,KILINOCHCHI,0.9455,value,8,31,0.9455
COP2122-254,,DRAMA & THEATRE,Swami Vipulananda Institute of Aesthetic Studies,MANNAR,0.9900,value,8,31,0.9900
COP2122-254,,DRAMA & THEATRE,Swami Vipulananda Institute of Aesthetic Studies,MULLAITIVU,0.7168,value,8,31,0.7168
COP2122-254,,DRAMA & THEATRE,Swami Vipulananda Institute of Aesthetic Studies,VAVUNIYA,0.0428,value,8,31,0.0428
COP2122-254,,DRAMA & THEATRE,Swami Vipulananda Institute of Aesthetic Studies,TRINCOMALEE,0.9483,value,8,31,0.9483
COP2122-254,,DRAMA & THEATRE,Swami Vipulananda Institute of Aesthetic Studies,BATTICALOA,0.9496,value,8,31,0.9496
COP2122-254,,DRAMA & THEATRE,Swami Vipulananda Institute of Aesthetic Studies,AMPARA,0.8653,value,8,31,0.8653
COP2122-254,,DRAMA & THEATRE,Swami Vipulananda Institute of Aesthetic Studies,PUTTALAM,0.0708,value,8,31,0.0708
COP2122-254,,DRAMA & THEATRE,Swami Vipulananda Institute of Aesthetic Studies,KURUNEGALA,,NQC,8,31,NQC
COP2122-254,,DRAMA & THEATRE,Swami Vipulananda Institute of Aesthetic Studies,ANURADHAPURA,,NQC,8,31,NQC
COP2122-254,,DRAMA & THEATRE,Swami Vipulananda Institute of Aesthetic Studies,POLONNARUWA,,NQC,8,31,NQC
COP2122-254,,DRAMA & THEATRE,Swami Vipulananda Institute of Aesthetic Studies,BADULLA,-0.0588,value,8,31,-0.0588
COP2122-254,,DRAMA & THEATRE,Swami Vipulananda Institute of Aesthetic Studies,MONARAGALA,,NQC,8,31,NQC
COP2122-254,,DRAMA & THEATRE,Swami Vipulananda Institute of Aesthetic Studies,KEGALLE,0.7552,value,8,31,0.7552
COP2122-254,,DRAMA & THEATRE,Swami Vipulananda Institute of Aesthetic Studies,RATNAPURA,0.3389,value,8,31,0.3389
COP2122-255,,FOOD BUSINESS MANAGEMENT [Commerce Stream],Sabaragamuwa University of Sri Lanka,COLOMBO,1.3138,value,8,32,1.3138
COP2122-255,,FOOD BUSINESS MANAGEMENT [Commerce Stream],Sabaragamuwa University of Sri Lanka,GAMPAHA,1.2549,value,8,32,1.2549
COP2122-255,,FOOD BUSINESS MANAGEMENT [Commerce Stream],Sabaragamuwa University of Sri Lanka,KALUTARA,1.3028,value,8,32,1.3028
COP2122-255,,FOOD BUSINESS MANAGEMENT [Commerce Stream],Sabaragamuwa University of Sri Lanka,MATALE,1.2285,value,8,32,1.2285
COP2122-255,,FOOD BUSINESS MANAGEMENT [Commerce Stream],Sabaragamuwa University of Sri Lanka,KANDY,1.2334,value,8,32,1.2334
COP2122-255,,FOOD BUSINESS MANAGEMENT [Commerce Stream],Sabaragamuwa University of Sri Lanka,NUWARA ELIYA,1.1872,value,8,32,1.1872
COP2122-255,,FOOD BUSINESS MANAGEMENT [Commerce Stream],Sabaragamuwa University of Sri Lanka,GALLE,1.3237,value,8,32,1.3237
COP2122-255,,FOOD BUSINESS MANAGEMENT [Commerce Stream],Sabaragamuwa University of Sri Lanka,MATARA,1.3225,value,8,32,1.3225
COP2122-255,,FOOD BUSINESS MANAGEMENT [Commerce Stream],Sabaragamuwa University of Sri Lanka,HAMBANTOTA,1.2792,value,8,32,1.2792
COP2122-255,,FOOD BUSINESS MANAGEMENT [Commerce Stream],Sabaragamuwa University of Sri Lanka,JAFFNA,1.0479,value,8,32,1.0479
COP2122-255,,FOOD BUSINESS MANAGEMENT [Commerce Stream],Sabaragamuwa University of Sri Lanka,KILINOCHCHI,1.0153,value,8,32,1.0153
COP2122-255,,FOOD BUSINESS MANAGEMENT [Commerce Stream],Sabaragamuwa University of Sri Lanka,MANNAR,1.0954,value,8,32,1.0954
COP2122-255,,FOOD BUSINESS MANAGEMENT [Commerce Stream],Sabaragamuwa University of Sri Lanka,MULLAITIVU,1.0715,value,8,32,1.0715
COP2122-255,,FOOD BUSINESS MANAGEMENT [Commerce Stream],Sabaragamuwa University of Sri Lanka,VAVUNIYA,0.6300,value,8,32,0.6300
COP2122-255,,FOOD BUSINESS MANAGEMENT [Commerce Stream],Sabaragamuwa University of Sri Lanka,TRINCOMALEE,1.2965,value,8,32,1.2965
COP2122-255,,FOOD BUSINESS MANAGEMENT [Commerce Stream],Sabaragamuwa University of Sri Lanka,BATTICALOA,0.9133,value,8,32,0.9133
COP2122-255,,FOOD BUSINESS MANAGEMENT [Commerce Stream],Sabaragamuwa University of Sri Lanka,AMPARA,0.9932,value,8,32,0.9932
COP2122-255,,FOOD BUSINESS MANAGEMENT [Commerce Stream],Sabaragamuwa University of Sri Lanka,PUTTALAM,1.1673,value,8,32,1.1673
COP2122-255,,FOOD BUSINESS MANAGEMENT [Commerce Stream],Sabaragamuwa University of Sri Lanka,KURUNEGALA,1.2486,value,8,32,1.2486
COP2122-255,,FOOD BUSINESS MANAGEMENT [Commerce Stream],Sabaragamuwa University of Sri Lanka,ANURADHAPURA,1.1396,value,8,32,1.1396
COP2122-255,,FOOD BUSINESS MANAGEMENT [Commerce Stream],Sabaragamuwa University of Sri Lanka,POLONNARUWA,1.2035,value,8,32,1.2035
COP2122-255,,FOOD BUSINESS MANAGEMENT [Commerce Stream],Sabaragamuwa University of Sri Lanka,BADULLA,1.3015,value,8,32,1.3015
COP2122-255,,FOOD BUSINESS MANAGEMENT [Commerce Stream],Sabaragamuwa University of Sri Lanka,MONARAGALA,1.2911,value,8,32,1.2911
COP2122-255,,FOOD BUSINESS MANAGEMENT [Commerce Stream],Sabaragamuwa University of Sri Lanka,KEGALLE,1.2587,value,8,32,1.2587
COP2122-255,,FOOD BUSINESS MANAGEMENT [Commerce Stream],Sabaragamuwa University of Sri Lanka,RATNAPURA,1.2521,value,8,32,1.2521
