offering_id,page_number,column_on_page,district,final,method,ocr_row_strip,ocr_col_strip,ocr_cell_crop,before_rescrutiny_text_layer
COP2122-001,1,1,COLOMBO,2.3291,ocr_3of3,2.3291,2.3291,2.3291,2.3291
COP2122-001,1,1,GAMPAHA,2.3707,ocr_3of3,2.3707,2.3707,2.3707,2.3707
COP2122-001,1,1,KALUTARA,2.3290,ocr_3of3,2.3290,2.3290,2.3290,2.3290
COP2122-001,1,1,MATALE,NQC,ocr_3of3,NQC,NQC,NQC,NQC
COP2122-001,1,1,KANDY,2.3559,ocr_3of3,2.3559,2.3559,2.3559,2.3559
COP2122-001,1,1,NUWARA ELIYA,2.3427,ocr_3of3,2.3427,2.3427,2.3427,2.3427
COP2122-001,1,1,GALLE,2.3357,ocr_3of3,2.3357,2.3357,2.3357,2.3357
COP2122-001,1,1,MATARA,2.3413,ocr_3of3,2.3413,2.3413,2.3413,2.3413
COP2122-001,1,1,HAMBANTOTA,2.3664,ocr_3of3,2.3664,2.3664,2.3664,2.3664
COP2122-001,1,1,JAFFNA,2.3523,ocr_3of3,2.3523,2.3523,2.3523,2.3523
COP2122-001,1,1,KILINOCHCHI,2.3312,ocr_3of3,2.3312,2.3312,2.3312,2.3312
COP2122-001,1,1,MANNAR,NQC,ocr_3of3,NQC,NQC,NQC,NQC
COP2122-001,1,1,MULLAITIVU,2.6035,ocr_3of3,2.6035,2.6035,2.6035,2.6035
COP2122-001,1,1,VAVUNIYA,2.3430,ocr_3of3,2.3430,2.3430,2.3430,2.3430
COP2122-001,1,1,TRINCOMALEE,2.3366,ocr_3of3,2.3366,2.3366,2.3366,2.3366
COP2122-001,1,1,BATTICALOA,2.3427,ocr_3of3,2.3427,2.3427,2.3427,2.3427
COP2122-001,1,1,AMPARA,2.3439,ocr_3of3,2.3439,2.3439,2.3439,2.3439
COP2122-001,1,1,PUTTALAM,2.3609,ocr_3of3,2.3609,2.3609,2.3609,2.3609
COP2122-001,1,1,KURUNEGALA,2.3717,ocr_3of3,2.3717,2.3717,2.3717,2.3717
COP2122-001,1,1,ANURADHAPURA,2.3478,ocr_3of3,2.3478,2.3478,2.3478,2.3478
COP2122-001,1,1,POLONNARUWA,2.4901,ocr_3of3,2.4901,2.4901,2.4901,2.4901
COP2122-001,1,1,BADULLA,2.3860,ocr_3of3,2.3860,2.3860,2.3860,2.3860
COP2122-001,1,1,MONARAGALA,NQC,ocr_3of3,NQC,NQC,NQC,NQC
COP2122-001,1,1,KEGALLE,2.3958,ocr_3of3,2.3958,2.3958,2.3958,2.3958
COP2122-001,1,1,RATNAPURA,2.3374,ocr_3of3,2.3374,2.3374,2.3374,2.3374
COP2122-002,1,2,COLOMBO,2.1807,ocr_3of3,2.1807,2.1807,2.1807,2.1807
COP2122-002,1,2,GAMPAHA,2.1855,ocr_3of3,2.1855,2.1855,2.1855,2.1855
COP2122-002,1,2,KALUTARA,2.2109,ocr_3of3,2.2109,2.2109,2.2109,2.2109
COP2122-002,1,2,MATALE,2.2968,ocr_3of3,2.2968,2.2968,2.2968,2.2968
COP2122-002,1,2,KANDY,2.1825,ocr_3of3,2.1825,2.1825,2.1825,2.1825
COP2122-002,1,2,NUWARA ELIYA,2.2089,ocr_3of3,2.2089,2.2089,2.2089,2.2089
COP2122-002,1,2,GALLE,2.1812,ocr_3of3,2.1812,2.1812,2.1812,2.1812
COP2122-002,1,2,MATARA,2.1867,ocr_3of3,2.1867,2.1867,2.1867,2.1867
COP2122-002,1,2,HAMBANTOTA,2.1972,ocr_3of3,2.1972,2.1972,2.1972,2.1972
COP2122-002,1,2,JAFFNA,2.1868,ocr_3of3,2.1868,2.1868,2.1868,2.1868
COP2122-002,1,2,KILINOCHCHI,NQC,ocr_3of3,NQC,NQC,NQC,NQC
COP2122-002,1,2,MANNAR,NQC,ocr_3of3,NQC,NQC,NQC,NQC
COP2122-002,1,2,MULLAITIVU,NQC,ocr_3of3,NQC,NQC,NQC,NQC
COP2122-002,1,2,VAVUNIYA,2.2299,ocr_3of3,2.2299,2.2299,2.2299,2.2299
COP2122-002,1,2,TRINCOMALEE,NQC,ocr_3of3,NQC,NQC,NQC,NQC
COP2122-002,1,2,BATTICALOA,2.1827,ocr_3of3,2.1827,2.1827,2.1827,2.1827
COP2122-002,1,2,AMPARA,2.2954,ocr_3of3,2.2954,2.2954,2.2954,2.2954
COP2122-002,1,2,PUTTALAM,2.1997,ocr_3of3,2.1997,2.1997,2.1997,2.1997
COP2122-002,1,2,KURUNEGALA,2.1811,ocr_3of3,2.1811,2.1811,2.1811,2.1811
COP2122-002,1,2,ANURADHAPURA,2.1850,ocr_3of3,2.1850,2.1850,2.1850,2.1850
COP2122-002,1,2,POLONNARUWA,2.2280,ocr_3of3,2.2280,2.2280,2.2280,2.2280
COP2122-002,1,2,BADULLA,2.1834,ocr_3of3,2.1834,2.1834,2.1834,2.1834
COP2122-002,1,2,MONARAGALA,2.1977,ocr_3of3,2.1977,2.1977,2.1977,2.1977
COP2122-002,1,2,KEGALLE,2.1815,ocr_3of3,2.1815,2.1815,2.1815,2.1815
COP2122-002,1,2,RATNAPURA,2.1809,ocr_3of3,2.1809,2.1809,2.1809,2.1809
COP2122-003,1,3,COLOMBO,2.1282,ocr_3of3,2.1282,2.1282,2.1282,2.1282
COP2122-003,1,3,GAMPAHA,2.1374,ocr_3of3,2.1374,2.1374,2.1374,2.1374
COP2122-003,1,3,KALUTARA,2.1294,ocr_3of3,2.1294,2.1294,2.1294,2.1294
COP2122-003,1,3,MATALE,NQC,ocr_3of3,NQC,NQC,NQC,NQC
COP2122-003,1,3,KANDY,2.1436,ocr_3of3,2.1436,2.1436,2.1436,2.1436
COP2122-003,1,3,NUWARA ELIYA,NQC,ocr_3of3,NQC,NQC,NQC,NQC
COP2122-003,1,3,GALLE,2.1291,ocr_3of3,2.1291,2.1291,2.1291,2.1291
COP2122-003,1,3,MATARA,2.1302,ocr_3of3,2.1302,2.1302,2.1302,2.1302
COP2122-003,1,3,HAMBANTOTA,2.1466,ocr_3of3,2.1466,2.1466,2.1466,2.1466
COP2122-003,1,3,JAFFNA,2.1331,ocr_3of3,2.1331,2.1331,2.1331,2.1331
COP2122-003,1,3,KILINOCHCHI,2.1628,ocr_3of3,2.1628,2.1628,2.1628,2.1628
COP2122-003,1,3,MANNAR,NQC,ocr_3of3,NQC,NQC,NQC,NQC
COP2122-003,1,3,MULLAITIVU,NQC,ocr_3of3,NQC,NQC,NQC,NQC
COP2122-003,1,3,VAVUNIYA,2.1625,ocr_3of3,2.1625,2.1625,2.1625,2.1625
COP2122-003,1,3,TRINCOMALEE,2.1399,ocr_3of3,2.1399,2.1399,2.1399,2.1399
COP2122-003,1,3,BATTICALOA,2.1449,ocr_3of3,2.1449,2.1449,2.1449,2.1449
COP2122-003,1,3,AMPARA,2.1300,ocr_3of3,2.1300,2.1300,2.1300,2.1300
COP2122-003,1,3,PUTTALAM,2.1282,ocr_3of3,2.1282,2.1282,2.1282,2.1282
COP2122-003,1,3,KURUNEGALA,2.1311,ocr_3of3,2.1311,2.1311,2.1311,2.1311
COP2122-003,1,3,ANURADHAPURA,2.1362,ocr_3of3,2.1362,2.1362,2.1362,2.1362
COP2122-003,1,3,POLONNARUWA,2.1644,ocr_3of3,2.1644,2.1644,2.1644,2.1644
COP2122-003,1,3,BADULLA,2.1701,ocr_3of3,2.1701,2.1701,2.1701,2.1701
COP2122-003,1,3,MONARAGALA,NQC,ocr_3of3,NQC,NQC,NQC,NQC
COP2122-003,1,3,KEGALLE,2.1407,ocr_3of3,2.1407,2.1407,2.1407,2.1421
COP2122-003,1,3,RATNAPURA,2.1463,ocr_3of3,2.1463,2.1463,2.1463,2.1463
COP2122-004,1,4,COLOMBO,2.0511,ocr_3of3,2.0511,2.0511,2.0511,2.0511
COP2122-004,1,4,GAMPAHA,2.0542,ocr_3of3,2.0542,2.0542,2.0542,2.0542
COP2122-004,1,4,KALUTARA,2.0739,ocr_3of3,2.0739,2.0739,2.0739,2.0739
COP2122-004,1,4,MATALE,2.0739,ocr_3of3,2.0739,2.0739,2.0739,2.0739
COP2122-004,1,4,KANDY,2.0513,ocr_3of3,2.0513,2.0513,2.0513,2.0513
COP2122-004,1,4,NUWARA ELIYA,NQC,ocr_3of3,NQC,NQC,NQC,NQC
COP2122-004,1,4,GALLE,2.0745,ocr_3of3,2.0745,2.0745,2.0745,2.0745
COP2122-004,1,4,MATARA,2.0513,ocr_3of3,2.0513,2.0513,2.0513,2.0513
COP2122-004,1,4,HAMBANTOTA,2.0552,ocr_3of3,2.0552,2.0552,2.0552,2.0552
COP2122-004,1,4,JAFFNA,NQC,ocr_3of3,NQC,NQC,NQC,NQC
COP2122-004,1,4,KILINOCHCHI,NQC,ocr_3of3,NQC,NQC,NQC,NQC
COP2122-004,1,4,MANNAR,NQC,ocr_3of3,NQC,NQC,NQC,NQC
COP2122-004,1,4,MULLAITIVU,NQC,ocr_3of3,NQC,NQC,NQC,NQC
COP2122-004,1,4,VAVUNIYA,2.0804,ocr_3of3,2.0804,2.0804,2.0804,2.0804
COP2122-004,1,4,TRINCOMALEE,2.0635,ocr_3of3,2.0635,2.0635,2.0635,2.0635
COP2122-004,1,4,BATTICALOA,2.0524,ocr_3of3,2.0524,2.0524,2.0524,2.0524
COP2122-004,1,4,AMPARA,2.0562,ocr_3of3,2.0562,2.0562,2.0562,2.0562
COP2122-004,1,4,PUTTALAM,2.0544,ocr_3of3,2.0544,2.0544,2.0544,2.0544
COP2122-004,1,4,KURUNEGALA,2.0518,ocr_3of3,2.0518,2.0518,2.0518,2.0518
COP2122-004,1,4,ANURADHAPURA,2.1113,ocr_3of3,2.1113,2.1113,2.1113,2.1113
COP2122-004,1,4,POLONNARUWA,2.0980,ocr_3of3,2.0980,2.0980,2.0980,2.0980
COP2122-004,1,4,BADULLA,2.0548,ocr_3of3,2.0548,2.0548,2.0548,2.0548
COP2122-004,1,4,MONARAGALA,2.0601,ocr_3of3,2.0601,2.0601,2.0601,2.0601
COP2122-004,1,4,KEGALLE,2.0546,ocr_3of3,2.0546,2.0546,2.0546,2.0546
COP2122-004,1,4,RATNAPURA,2.0527,ocr_3of3,2.0527,2.0527,2.0527,2.0527
COP2122-005,1,5,COLOMBO,1.9284,ocr_3of3,1.9284,1.9284,1.9284,1.9284
COP2122-005,1,5,GAMPAHA,1.7173,ocr_3of3,1.7173,1.7173,1.7173,1.7173
COP2122-005,1,5,KALUTARA,1.7933,ocr_3of3,1.7933,1.7933,1.7933,1.7933
COP2122-005,1,5,MATALE,1.7872,ocr_3of3,1.7872,1.7872,1.7872,1.7872
COP2122-005,1,5,KANDY,1.8311,ocr_3of3,1.8311,1.8311,1.8311,1.8311
COP2122-005,1,5,NUWARA ELIYA,1.7018,ocr_3of3,1.7018,1.7018,1.7018,1.7018
COP2122-005,1,5,GALLE,2.0383,ocr_3of3,2.0383,2.0383,2.0383,2.0383
COP2122-005,1,5,MATARA,NQC,ocr_3of3,NQC,NQC,NQC,NQC
COP2122-005,1,5,HAMBANTOTA,1.8669,ocr_3of3,1.8669,1.8669,1.8669,1.8669
COP2122-005,1,5,JAFFNA,1.8700,ocr_3of3,1.8700,1.8700,1.8700,1.8700
COP2122-005,1,5,KILINOCHCHI,1.7085,ocr_3of3,1.7085,1.7085,1.7085,1.7085
COP2122-005,1,5,MANNAR,1.7153,ocr_3of3,1.7153,1.7153,1.7153,1.7153
COP2122-005,1,5,MULLAITIVU,1.7161,ocr_3of3,1.7161,1.7161,1.7161,1.7161
COP2122-005,1,5,VAVUNIYA,1.7178,ocr_3of3,1.7178,1.7178,1.7178,1.7178
COP2122-005,1,5,TRINCOMALEE,1.7032,ocr_3of3,1.7032,1.7032,1.7032,1.7032
COP2122-005,1,5,BATTICALOA,1.8369,ocr_3of3,1.8369,1.8369,1.8369,1.8369
COP2122-005,1,5,AMPARA,1.7939,ocr_3of3,1.7939,1.7939,1.7939,1.7939
COP2122-005,1,5,PUTTALAM,1.7014,ocr_3of3,1.7014,1.7014,1.7014,1.7014
COP2122-005,1,5,KURUNEGALA,1.8317,ocr_3of3,1.8317,1.8317,1.8317,1.8317
COP2122-005,1,5,ANURADHAPURA,1.7029,ocr_3of3,1.7029,1.7029,1.7029,1.7029
COP2122-005,1,5,POLONNARUWA,1.7790,ocr_3of3,1.7790,1.7790,1.7790,1.7790
COP2122-005,1,5,BADULLA,1.7012,ocr_3of3,1.7012,1.7012,1.7012,1.7012
COP2122-005,1,5,MONARAGALA,1.7648,ocr_3of3,1.7648,1.7648,1.7648,1.7648
COP2122-005,1,5,KEGALLE,1.7941,ocr_3of3,1.7941,1.7941,1.7941,1.7941
COP2122-005,1,5,RATNAPURA,1.7713,ocr_3of3,1.7713,1.7713,1.7713,1.7713
COP2122-006,1,6,COLOMBO,1.9632,ocr_3of3,1.9632,1.9632,1.9632,1.9632
COP2122-006,1,6,GAMPAHA,1.9682,ocr_3of3,1.9682,1.9682,1.9682,1.9682
COP2122-006,1,6,KALUTARA,1.9664,ocr_3of3,1.9664,1.9664,1.9664,1.9664
COP2122-006,1,6,MATALE,1.9687,ocr_3of3,1.9687,1.9687,1.9687,1.9687
COP2122-006,1,6,KANDY,1.9900,ocr_3of3,1.9900,1.9900,1.9900,1.9900
COP2122-006,1,6,NUWARA ELIYA,1.9859,ocr_3of3,1.9859,1.9859,1.9859,1.9859
COP2122-006,1,6,GALLE,1.9683,ocr_3of3,1.9683,1.9683,1.9683,1.9683
COP2122-006,1,6,MATARA,1.9661,ocr_3of3,1.9661,1.9661,1.9661,1.9661
COP2122-006,1,6,HAMBANTOTA,1.9932,ocr_3of3,1.9932,1.9932,1.9932,1.9932
COP2122-006,1,6,JAFFNA,NQC,ocr_3of3,NQC,NQC,NQC,NQC
COP2122-006,1,6,KILINOCHCHI,NQC,ocr_3of3,NQC,NQC,NQC,NQC
COP2122-006,1,6,MANNAR,2.0080,ocr_3of3,2.0080,2.0080,2.0080,2.0080
COP2122-006,1,6,MULLAITIVU,NQC,ocr_3of3,NQC,NQC,NQC,NQC
COP2122-006,1,6,VAVUNIYA,NQC,ocr_3of3,NQC,NQC,NQC,NQC
COP2122-006,1,6,TRINCOMALEE,1.9769,ocr_3of3,1.9769,1.9769,1.9769,1.9769
COP2122-006,1,6,BATTICALOA,2.0273,ocr_3of3,2.0273,2.0273,2.0273,2.0273
COP2122-006,1,6,AMPARA,1.9645,ocr_3of3,1.9645,1.9645,1.9645,1.9645
COP2122-006,1,6,PUTTALAM,1.9934,ocr_3of3,1.9934,1.9934,1.9934,1.9934
COP2122-006,1,6,KURUNEGALA,1.9628,ocr_3of3,1.9628,1.9628,1.9628,1.9628
COP2122-006,1,6,ANURADHAPURA,1.9675,ocr_3of3,1.9675,1.9675,1.9675,1.9675
COP2122-006,1,6,POLONNARUWA,1.9648,ocr_3of3,1.9648,1.9648,1.9648,1.9648
COP2122-006,1,6,BADULLA,1.9627,ocr_3of3,1.9627,1.9627,1.9627,1.9627
COP2122-006,1,6,MONARAGALA,1.9966,ocr_3of3,1.9966,1.9966,1.9966,1.9966
COP2122-006,1,6,KEGALLE,1.9692,ocr_3of3,1.9692,1.9692,1.9692,1.9692
COP2122-006,1,6,RATNAPURA,1.9663,ocr_3of3,1.9663,1.9663,1.9663,1.9663
COP2122-007,1,7,COLOMBO,1.9220,ocr_3of3,1.9220,1.9220,1.9220,1.9220
COP2122-007,1,7,GAMPAHA,1.9214,ocr_3of3,1.9214,1.9214,1.9214,1.9214
COP2122-007,1,7,KALUTARA,1.9138,ocr_3of3,1.9138,1.9138,1.9138,1.9138
COP2122-007,1,7,MATALE,NQC,ocr_3of3,NQC,NQC,NQC,NQC
COP2122-007,1,7,KANDY,1.9032,ocr_3of3,1.9032,1.9032,1.9032,1.9032
COP2122-007,1,7,NUWARA ELIYA,NQC,ocr_3of3,NQC,NQC,NQC,NQC
COP2122-007,1,7,GALLE,1.8991,ocr_3of3,1.8991,1.8991,1.8991,1.8991
COP2122-007,1,7,MATARA,1.9236,ocr_3of3,1.9236,1.9236,1.9236,1.9236
COP2122-007,1,7,HAMBANTOTA,1.9090,ocr_3of3,1.9090,1.9090,1.9090,1.9090
COP2122-007,1,7,JAFFNA,1.9043,ocr_3of3,1.9043,1.9043,1.9043,1.9043
COP2122-007,1,7,KILINOCHCHI,NQC,ocr_3of3,NQC,NQC,NQC,NQC
COP2122-007,1,7,MANNAR,NQC,ocr_3of3,NQC,NQC,NQC,NQC
COP2122-007,1,7,MULLAITIVU,NQC,ocr_3of3,NQC,NQC,NQC,NQC
COP2122-007,1,7,VAVUNIYA,2.0106,ocr_3of3,2.0106,2.0106,2.0106,2.0106
COP2122-007,1,7,TRINCOMALEE,1.9682,ocr_3of3,1.9682,1.9682,1.9682,1.9682
COP2122-007,1,7,BATTICALOA,1.9193,ocr_3of3,1.9193,1.9193,1.9193,1.9193
COP2122-007,1,7,AMPARA,2.0042,ocr_3of3,2.0042,2.0042,2.0042,2.0042
COP2122-007,1,7,PUTTALAM,1.9593,ocr_3of3,1.9593,1.9593,1.9593,1.9593
COP2122-007,1,7,KURUNEGALA,1.9167,ocr_3of3,1.9167,1.9167,1.9167,1.9167
COP2122-007,1,7,ANURADHAPURA,1.9516,ocr_3of3,1.9516,1.9516,1.9516,1.9516
COP2122-007,1,7,POLONNARUWA,NQC,ocr_3of3,NQC,NQC,NQC,NQC
COP2122-007,1,7,BADULLA,1.9425,ocr_3of3,1.9425,1.9425,1.9425,1.9425
COP2122-007,1,7,MONARAGALA,NQC,ocr_3of3,NQC,NQC,NQC,NQC
COP2122-007,1,7,KEGALLE,1.9024,ocr_3of3,1.9024,1.9024,1.9024,1.9024
COP2122-007,1,7,RATNAPURA,1.9451,ocr_3of3,1.9451,1.9451,1.9451,1.9451
COP2122-008,1,8,COLOMBO,1.9192,ocr_3of3,1.9192,1.9192,1.9192,1.9192
COP2122-008,1,8,GAMPAHA,NQC,ocr_3of3,NQC,NQC,NQC,NQC
COP2122-008,1,8,KALUTARA,NQC,ocr_3of3,NQC,NQC,NQC,NQC
COP2122-008,1,8,MATALE,NQC,ocr_3of3,NQC,NQC,NQC,NQC
COP2122-008,1,8,KANDY,NQC,ocr_3of3,NQC,NQC,NQC,NQC
COP2122-008,1,8,NUWARA ELIYA,1.4755,ocr_3of3,1.4755,1.4755,1.4755,1.4755
COP2122-008,1,8,GALLE,NQC,ocr_3of3,NQC,NQC,NQC,NQC
COP2122-008,1,8,MATARA,NQC,ocr_3of3,NQC,NQC,NQC,NQC
COP2122-008,1,8,HAMBANTOTA,1.8476,ocr_3of3,1.8476,1.8476,1.8476,1.8476
COP2122-008,1,8,JAFFNA,NQC,ocr_3of3,NQC,NQC,NQC,NQC
COP2122-008,1,8,KILINOCHCHI,1.4665,ocr_3of3,1.4665,1.4665,1.4665,1.4665
COP2122-008,1,8,MANNAR,NQC,ocr_3of3,NQC,NQC,NQC,NQC
COP2122-008,1,8,MULLAITIVU,NQC,ocr_3of3,NQC,NQC,NQC,NQC
COP2122-008,1,8,VAVUNIYA,NQC,ocr_3of3,NQC,NQC,NQC,NQC
COP2122-008,1,8,TRINCOMALEE,1.9139,ocr_3of3,1.9139,1.9139,1.9139,1.9139
COP2122-008,1,8,BATTICALOA,1.8755,ocr_3of3,1.8755,1.8755,|.8755,1.8755
COP2122-008,1,8,AMPARA,1.8026,ocr_3of3,1.8026,1.8026,1.8026,1.8026
COP2122-008,1,8,PUTTALAM,NQC,ocr_3of3,NQC,NQC,NQC,NQC
COP2122-008,1,8,KURUNEGALA,NQC,ocr_3of3,NQC,NQC,NQC,NQC
COP2122-008,1,8,ANURADHAPURA,1.4950,ocr_3of3,1.4950,1.4950,1.4950,1.4950
COP2122-008,1,8,POLONNARUWA,1.5706,ocr_3of3,1.5706,1.5706,1.5706,1.5706
COP2122-008,1,8,BADULLA,1.6782,ocr_3of3,1.6782,1.6782,1.6782,1.6782
COP2122-008,1,8,MONARAGALA,1.4059,ocr_3of3,1.4059,1.4059,1.4059,1.4059
COP2122-008,1,8,KEGALLE,NQC,ocr_3of3,NQC,NQC,NQC,NQC
COP2122-008,1,8,RATNAPURA,NQC,ocr_3of3,NQC,NQC,NQC,NQC
COP2122-009,1,9,COLOMBO,1.9330,ocr_3of3,1.9330,1.9330,1.9330,1.9330
COP2122-009,1,9,GAMPAHA,1.8387,ocr_3of3,1.8387,1.8387,1.8387,1.8387
COP2122-009,1,9,KALUTARA,1.8743,ocr_3of3,1.8743,1.8743,1.8743,1.8743
COP2122-009,1,9,MATALE,1.8363,ocr_3of3,1.8363,1.8363,1.8363,1.8363
COP2122-009,1,9,KANDY,1.8596,ocr_3of3,1.8596,1.8596,1.8596,1.8596
COP2122-009,1,9,NUWARA ELIYA,1.8460,ocr_3of3,1.8460,1.8460,1.8460,1.8460
COP2122-009,1,9,GALLE,1.9164,ocr_3of3,1.9164,1.9164,1.9164,1.9164
COP2122-009,1,9,MATARA,1.9440,ocr_3of3,1.9440,I .9440,I.9440,1.9440
COP2122-009,1,9,HAMBANTOTA,1.8934,ocr_3of3,1.8934,1.8934,1.8934,1.8934
COP2122-009,1,9,JAFFNA,NQC,ocr_3of3,NQC,NQC,NQC,NQC
COP2122-009,1,9,KILINOCHCHI,NQC,ocr_3of3,NQC,NQC,NQC,NQC
COP2122-009,1,9,MANNAR,NQC,ocr_3of3,NQC,NQC,NQC,NQC
COP2122-009,1,9,MULLAITIVU,NQC,ocr_3of3,NQC,NQC,NQC,NQC
COP2122-009,1,9,VAVUNIYA,NQC,ocr_3of3,NQC,NQC,NQC,NQC
COP2122-009,1,9,TRINCOMALEE,1.8458,ocr_3of3,1.8458,1.8458,1.8458,1.8458
COP2122-009,1,9,BATTICALOA,1.8609,ocr_3of3,1.8609,1.8609,1.8609,1.8609
COP2122-009,1,9,AMPARA,1.8444,ocr_2of3_third_unreadable,1.8444,,I.8444,1.8444
COP2122-009,1,9,PUTTALAM,1.8379,ocr_3of3,1.8379,1.8379,1.8379,1.8379
COP2122-009,1,9,KURUNEGALA,1.8368,ocr_3of3,1.8368,1.8368,1.8368,1.8368
COP2122-009,1,9,ANURADHAPURA,1.8668,ocr_3of3,1.8668,1.8668,1.8668,1.8668
COP2122-009,1,9,POLONNARUWA,1.8391,ocr_3of3,1.8391,1.8391,1.8391,1.8391
COP2122-009,1,9,BADULLA,1.8362,ocr_3of3,1.8362,1.8362,1.8362,1.8362
COP2122-009,1,9,MONARAGALA,1.8720,ocr_3of3,1.8720,1.8720,1.8720,1.8720
COP2122-009,1,9,KEGALLE,1.8414,ocr_3of3,1.8414,I .8414,I.8414,1.8414
COP2122-009,1,9,RATNAPURA,1.8622,ocr_3of3,1.8622,1.8622,1.8622,1.8622
COP2122-010,1,10,COLOMBO,1.9256,ocr_3of3,1.9256,1.9256,1.9256,1.9256
COP2122-010,1,10,GAMPAHA,1.6995,ocr_3of3,1.6995,1.6995,1.6995,1.6995
COP2122-010,1,10,KALUTARA,1.7943,ocr_3of3,1.7943,1.7943,1.7943,1.7943
COP2122-010,1,10,MATALE,NQC,ocr_3of3,NQC,NQC,NQC,NQC
COP2122-010,1,10,KANDY,1.8493,ocr_3of3,1.8493,1.8493,1.8493,1.8493
COP2122-010,1,10,NUWARA ELIYA,NQC,ocr_3of3,NQC,NQC,NQC,NQC
COP2122-010,1,10,GALLE,1.8923,ocr_3of3,1.8923,1.8923,1.8923,1.8923
COP2122-010,1,10,MATARA,1.9279,ocr_3of3,1.9279,1.9279,1.9279,1.9279
COP2122-010,1,10,HAMBANTOTA,1.8530,ocr_3of3,1.8530,1.8530,1.8530,1.8530
COP2122-010,1,10,JAFFNA,NQC,ocr_3of3,NQC,NQC,NQC,NQC
COP2122-010,1,10,KILINOCHCHI,NQC,ocr_3of3,NQC,NQC,NQC,NQC
COP2122-010,1,10,MANNAR,NQC,ocr_3of3,NQC,NQC,NQC,NQC
COP2122-010,1,10,MULLAITIVU,NQC,ocr_3of3,NQC,NQC,NQC,NQC
COP2122-010,1,10,VAVUNIYA,NQC,ocr_3of3,NQC,NQC,NQC,NQC
COP2122-010,1,10,TRINCOMALEE,NQC,ocr_3of3,NQC,NQC,NQC,NQC
COP2122-010,1,10,BATTICALOA,NQC,ocr_3of3,NQC,NQC,NQC,NQC
COP2122-010,1,10,AMPARA,1.8129,ocr_3of3,1.8129,1.8129,1.8129,1.8129
COP2122-010,1,10,PUTTALAM,1.7307,ocr_3of3,1.7307,1.7307,1.7307,1.7307
COP2122-010,1,10,KURUNEGALA,1.9561,ocr_3of3,1.9561,1.9561,1.9561,1.9561
COP2122-010,1,10,ANURADHAPURA,1.8704,ocr_3of3,1.8704,1.8704,1.8704,1.8704
COP2122-010,1,10,POLONNARUWA,1.7713,ocr_3of3,1.7713,1.7713,1.7713,1.7713
COP2122-010,1,10,BADULLA,1.6983,ocr_3of3,1.6983,1.6983,1.6983,1.6983
COP2122-010,1,10,MONARAGALA,1.7540,ocr_3of3,1.7540,1.7540,1.7540,1.7540
COP2122-010,1,10,KEGALLE,1.8019,ocr_3of3,1.8019,1.8019,1.8019,1.8019
COP2122-010,1,10,RATNAPURA,1.7850,ocr_3of3,1.7850,1.7850,1.7850,1.7850
COP2122-011,1,11,COLOMBO,1.9313,ocr_3of3,1.9313,1.9313,1.9313,1.9313
COP2122-011,1,11,GAMPAHA,1.7018,ocr_3of3,1.7018,1.7018,1.7018,1.7018
COP2122-011,1,11,KALUTARA,1.7883,ocr_3of3,1.7883,1.7883,1.7883,1.7883
COP2122-011,1,11,MATALE,1.7716,ocr_3of3,1.7716,1.7716,1.7716,1.7716
COP2122-011,1,11,KANDY,1.8217,ocr_3of3,1.8217,1.8217,1.8217,1.8217
COP2122-011,1,11,NUWARA ELIYA,1.6030,ocr_3of3,1.6030,1.6030,1.6030,1.6030
COP2122-011,1,11,GALLE,1.8930,ocr_3of3,1.8930,1.8930,1.8930,1.8930
COP2122-011,1,11,MATARA,1.9625,ocr_3of3,1.9625,1.9625,1.9625,1.9625
COP2122-011,1,11,HAMBANTOTA,NQC,ocr_3of3,NQC,NQC,NQC,NQC
COP2122-011,1,11,JAFFNA,NQC,ocr_3of3,NQC,NQC,NQC,NQC
COP2122-011,1,11,KILINOCHCHI,NQC,ocr_3of3,NQC,NQC,NQC,NQC
COP2122-011,1,11,MANNAR,NQC,ocr_3of3,NQC,NQC,NQC,NQC
COP2122-011,1,11,MULLAITIVU,NQC,ocr_3of3,NQC,NQC,NQC,NQC
COP2122-011,1,11,VAVUNIYA,NQC,ocr_3of3,NQC,NQC,NQC,NQC
COP2122-011,1,11,TRINCOMALEE,1.6985,ocr_3of3,1.6985,1.6985,1.6985,1.6985
COP2122-011,1,11,BATTICALOA,NQC,ocr_3of3,NQC,NQC,NQC,NQC
COP2122-011,1,11,AMPARA,1.8203,ocr_3of3,1.8203,1.8203,1.8203,1.8203
COP2122-011,1,11,PUTTALAM,1.6878,ocr_3of3,1.6878,1.6878,1.6878,1.6878
COP2122-011,1,11,KURUNEGALA,1.8327,ocr_3of3,1.8327,1.8327,1.8327,1.8327
COP2122-011,1,11,ANURADHAPURA,1.5990,ocr_3of3,1.5990,1.5990,1.5990,1.5990
COP2122-011,1,11,POLONNARUWA,1.5923,ocr_3of3,1.5923,1.5923,1.5923,1.5923
COP2122-011,1,11,BADULLA,1.6794,ocr_3of3,1.6794,1.6794,1.6794,1.6794
COP2122-011,1,11,MONARAGALA,1.5885,ocr_3of3,1.5885,1.5885,1.5885,1.5885
COP2122-011,1,11,KEGALLE,1.7787,ocr_3of3,1.7787,1.7787,1.7787,1.7787
COP2122-011,1,11,RATNAPURA,NQC,ocr_3of3,NQC,NQC,NQC,NQC
COP2122-012,1,12,COLOMBO,1.8534,ocr_3of3,1.8534,1.8534,1.8534,1.8534
COP2122-012,1,12,GAMPAHA,1.6740,ocr_3of3,1.6740,1.6740,1.6740,1.6740
COP2122-012,1,12,KALUTARA,1.7794,ocr_3of3,1.7794,1.7794,1.7794,1.7794
COP2122-012,1,12,MATALE,1.7449,ocr_3of3,1.7449,1.7449,1.7449,1.7449
COP2122-012,1,12,KANDY,1.8114,ocr_3of3,1.8114,1.8114,1.8114,1.8114
COP2122-012,1,12,NUWARA ELIYA,NQC,ocr_3of3,NQC,NQC,NQC,NQC
COP2122-012,1,12,GALLE,1.8577,ocr_3of3,1.8577,1.8577,1.8577,1.8577
COP2122-012,1,12,MATARA,1.8652,ocr_3of3,1.8652,1.8652,1.8652,1.8652
COP2122-012,1,12,HAMBANTOTA,1.8249,ocr_3of3,1.8249,1.8249,1.8249,1.8249
COP2122-012,1,12,JAFFNA,1.8516,ocr_3of3,1.8516,1.8516,1.8516,1.8516
COP2122-012,1,12,KILINOCHCHI,NQC,ocr_3of3,NQC,NQC,NQC,NQC
COP2122-012,1,12,MANNAR,1.6981,ocr_3of3,1.6981,1.6981,1.6981,1.6981
COP2122-012,1,12,MULLAITIVU,NQC,ocr_3of3,NQC,NQC,NQC,NQC
COP2122-012,1,12,VAVUNIYA,1.7105,ocr_3of3,1.7105,1.7105,1.7105,1.7105
COP2122-012,1,12,TRINCOMALEE,1.6941,ocr_3of3,1.6941,1.6941,1.6941,1.6941
COP2122-012,1,12,BATTICALOA,1.8133,ocr_3of3,1.8133,1.8133,1.8133,1.8133
COP2122-012,1,12,AMPARA,1.7805,ocr_3of3,1.7805,1.7805,1.7805,1.7805
COP2122-012,1,12,PUTTALAM,1.6673,ocr_3of3,1.6673,1.6673,1.6673,1.6673
COP2122-012,1,12,KURUNEGALA,1.8081,ocr_3of3,1.8081,1.8081,1.8081,1.8081
COP2122-012,1,12,ANURADHAPURA,1.5067,ocr_3of3,1.5067,1.5067,1.5067,1.5067
COP2122-012,1,12,POLONNARUWA,1.5502,ocr_3of3,1.5502,1.5502,1.5502,1.5502
COP2122-012,1,12,BADULLA,1.6466,ocr_3of3,1.6466,1.6466,1.6466,1.6466
COP2122-012,1,12,MONARAGALA,1.4966,ocr_3of3,1.4966,1.4966,1.4966,1.4966
COP2122-012,1,12,KEGALLE,1.7638,ocr_3of3,1.7638,1.7638,1.7638,1.7638
COP2122-012,1,12,RATNAPURA,1.7587,ocr_3of3,1.7587,1.7587,1.7587,1.7587
COP2122-013,1,13,COLOMBO,1.8590,ocr_3of3,1.8590,1.8590,1.8590,1.8590
COP2122-013,1,13,GAMPAHA,1.6856,ocr_3of3,1.6856,1.6856,1.6856,1.6856
COP2122-013,1,13,KALUTARA,NQC,ocr_2of3_third_unreadable,NQC,NQC,,NQC
COP2122-013,1,13,MATALE,NQC,ocr_3of3,NQC,NQC,NQC,NQC
COP2122-013,1,13,KANDY,NQC,ocr_3of3,NQC,NQC,NQC,NQC
COP2122-013,1,13,NUWARA ELIYA,1.4637,ocr_3of3,1.4637,1.4637,1.4637,1.4637
COP2122-013,1,13,GALLE,1.8520,ocr_3of3,1.8520,1.8520,1.8520,1.8520
COP2122-013,1,13,MATARA,1.8631,ocr_3of3,1.8631,1.8631,1.8631,1.8631
COP2122-013,1,13,HAMBANTOTA,NQC,ocr_3of3,NQC,NQC,NQC,NQC
COP2122-013,1,13,JAFFNA,NQC,ocr_3of3,NQC,NQC,NQC,NQC
COP2122-013,1,13,KILINOCHCHI,1.4595,ocr_3of3,1.4595,1.4595,1.4595,1.4595
COP2122-013,1,13,MANNAR,NQC,ocr_3of3,NQC,NQC,NQC,NQC
COP2122-013,1,13,MULLAITIVU,1.7104,ocr_3of3,1.7104,1.7104,1.7104,1.7104
COP2122-013,1,13,VAVUNIYA,NQC,ocr_3of3,NQC,NQC,NQC,NQC
COP2122-013,1,13,TRINCOMALEE,NQC,ocr_3of3,NQC,NQC,NQC,NQC
COP2122-013,1,13,BATTICALOA,NQC,ocr_3of3,NQC,NQC,NQC,NQC
COP2122-013,1,13,AMPARA,1.7829,ocr_3of3,1.7829,1.7829,1.7829,1.7829
COP2122-013,1,13,PUTTALAM,NQC,ocr_3of3,NQC,NQC,NQC,NQC
COP2122-013,1,13,KURUNEGALA,NQC,ocr_3of3,NQC,NQC,NQC,NQC
COP2122-013,1,13,ANURADHAPURA,1.4877,ocr_3of3,1.4877,1.4877,1.4877,1.4877
COP2122-013,1,13,POLONNARUWA,NQC,ocr_3of3,NQC,NQC,NQC,NQC
COP2122-013,1,13,BADULLA,NQC,ocr_3of3,NQC,NQC,NQC,NQC
COP2122-013,1,13,MONARAGALA,1.4042,ocr_2of3_third_unreadable,1.4042,,I.4042,1.4042
COP2122-013,1,13,KEGALLE,NQC,ocr_3of3,NQC,NQC,NQC,NQC
COP2122-013,1,13,RATNAPURA,NQC,ocr_3of3,NQC,NQC,NQC,NQC
COP2122-014,1,14,COLOMBO,1.7397,ocr_3of3,1.7397,1.7397,1.7397,1.7397
COP2122-014,1,14,GAMPAHA,1.6297,ocr_3of3,1.6297,1.6297,1.6297,1.6297
COP2122-014,1,14,KALUTARA,1.7389,ocr_3of3,1.7389,1.7389,1.7389,1.7389
COP2122-014,1,14,MATALE,1.6640,ocr_3of3,1.6640,1.6640,1.6640,1.7091
COP2122-014,1,14,KANDY,1.7606,ocr_3of3,1.7606,1.7606,1.7606,1.7606
COP2122-014,1,14,NUWARA ELIYA,1.4199,ocr_3of3,1.4199,1.4199,1.4199,1.4199
COP2122-014,1,14,GALLE,1.7700,ocr_3of3,1.7700,1.7700,1.7700,1.7700
COP2122-014,1,14,MATARA,1.7838,ocr_3of3,1.7838,1.7838,1.7838,1.7838
COP2122-014,1,14,HAMBANTOTA,1.7700,ocr_3of3,1.7700,1.7700,1.7700,1.7700
COP2122-014,1,14,JAFFNA,1.7417,ocr_3of3,1.7417,1.7417,1.7417,1.7417
COP2122-014,1,14,KILINOCHCHI,1.4482,ocr_2of3_third_unreadable,1.4482,I .4482,I-4482,1.4482
COP2122-014,1,14,MANNAR,1.6781,ocr_3of3,1.6781,1.6781,1.6781,1.6781
COP2122-014,1,14,MULLAITIVU,1.7033,ocr_3of3,1.7033,1.7033,1.7033,1.7033
COP2122-014,1,14,VAVUNIYA,1.7061,ocr_3of3,1.7061,1.7061,1.7061,1.7061
COP2122-014,1,14,TRINCOMALEE,1.6596,ocr_3of3,1.6596,1.6596,1.6596,1.6596
COP2122-014,1,14,BATTICALOA,1.6827,ocr_3of3,1.6827,1.6827,1.6827,1.6827
COP2122-014,1,14,AMPARA,1.7165,ocr_3of3,1.7165,1.7165,1.7165,1.7193
COP2122-014,1,14,PUTTALAM,1.5761,ocr_3of3,1.5761,1.5761,1.5761,1.5761
COP2122-014,1,14,KURUNEGALA,1.7771,ocr_3of3,1.7771,1.7771,1.7771,1.7810
COP2122-014,1,14,ANURADHAPURA,1.4641,ocr_2of3_third_unreadable,1.4641,,I.4641,1.4641
COP2122-014,1,14,POLONNARUWA,1.4370,ocr_3of3,1.4370,1.4370,1.4370,1.4370
COP2122-014,1,14,BADULLA,1.6042,ocr_3of3,1.6042,1.6042,1.6042,1.6042
COP2122-014,1,14,MONARAGALA,1.3783,ocr_3of3,1.3783,1.3783,1.3783,1.3783
COP2122-014,1,14,KEGALLE,1.7447,ocr_3of3,1.7447,1.7447,1.7447,1.7447
COP2122-014,1,14,RATNAPURA,1.7264,ocr_3of3,1.7264,1.7264,1.7264,1.7264
COP2122-015,1,15,COLOMBO,1.7966,ocr_3of3,1.7966,1.7966,1.7966,1.7978
COP2122-015,1,15,GAMPAHA,1.6299,ocr_3of3,1.6299,1.6299,1.6299,1.6299
COP2122-015,1,15,KALUTARA,1.7536,ocr_3of3,1.7536,1.7536,1.7536,1.7536
COP2122-015,1,15,MATALE,1.7408,ocr_3of3,1.7408,1.7408,1.7408,1.7408
COP2122-015,1,15,KANDY,1.8032,ocr_3of3,1.8032,1.8032,1.8032,1.8032
COP2122-015,1,15,NUWARA ELIYA,1.4124,ocr_3of3,1.4124,I .4124,I.4124,1.4124
COP2122-015,1,15,GALLE,1.8109,ocr_3of3,1.8109,1.8109,1.8109,1.8109
COP2122-015,1,15,MATARA,1.8085,ocr_3of3,1.8085,1.8085,1.8085,1.8085
COP2122-015,1,15,HAMBANTOTA,1.7882,ocr_3of3,1.7882,1.7882,1.7882,1.7882
COP2122-015,1,15,JAFFNA,1.8149,ocr_3of3,1.8149,1.8149,1.8149,1.8149
COP2122-015,1,15,KILINOCHCHI,1.2509,ocr_3of3,1.2509,1.2509,1.2509,1.2509
COP2122-015,1,15,MANNAR,1.6198,ocr_3of3,1.6198,1.6198,1.6198,1.6198
COP2122-015,1,15,MULLAITIVU,1.4887,ocr_3of3,1.4887,1.4887,1.4887,1.4887
COP2122-015,1,15,VAVUNIYA,1.6437,ocr_3of3,1.6437,1.6437,1.6437,1.6437
COP2122-015,1,15,TRINCOMALEE,1.6851,ocr_3of3,1.6851,1.6851,1.6851,1.6851
COP2122-015,1,15,BATTICALOA,1.7347,ocr_3of3,1.7347,1.7347,1.7347,1.7347
COP2122-015,1,15,AMPARA,1.6605,ocr_3of3,1.6605,1.6605,1.6605,1.6605
COP2122-015,1,15,PUTTALAM,1.6327,ocr_3of3,1.6327,1.6327,1.6327,1.6327
COP2122-015,1,15,KURUNEGALA,1.8007,ocr_3of3,1.8007,1.8007,1.8007,1.8007
COP2122-015,1,15,ANURADHAPURA,1.4658,ocr_3of3,1.4658,1.4658,1.4658,1.4658
COP2122-015,1,15,POLONNARUWA,1.5321,ocr_3of3,1.5321,1.5321,1.5321,1.5321
COP2122-015,1,15,BADULLA,1.6073,ocr_3of3,1.6073,1.6073,1.6073,1.6005
COP2122-015,1,15,MONARAGALA,1.3628,ocr_3of3,1.3628,1.3628,1.3628,1.3628
COP2122-015,1,15,KEGALLE,1.7460,ocr_3of3,1.7460,1.7460,1.7460,1.7460
COP2122-015,1,15,RATNAPURA,1.7379,ocr_3of3,1.7379,1.7379,1.7379,1.7379
COP2122-016,1,16,COLOMBO,1.2522,ocr_3of3,1.2522,1.2522,1.2522,1.2548
COP2122-016,1,16,GAMPAHA,1.2548,ocr_3of3,1.2548,1.2548,1.2548,1.2548
COP2122-016,1,16,KALUTARA,1.3334,ocr_3of3,1.3334,1.3334,1.3334,1.3334
COP2122-016,1,16,MATALE,1.4595,ocr_3of3,1.4595,1.4595,1.4595,1.4595
COP2122-016,1,16,KANDY,1.4388,ocr_3of3,1.4388,1.4388,1.4388,1.4694
COP2122-016,1,16,NUWARA ELIYA,1.3029,ocr_3of3,1.3029,1.3029,1.3029,1.3029
COP2122-016,1,16,GALLE,1.3776,ocr_3of3,1.3776,1.3776,1.3776,1.3776
COP2122-016,1,16,MATARA,1.4518,ocr_3of3,1.4518,1.4518,1.4518,1.4518
COP2122-016,1,16,HAMBANTOTA,1.4396,ocr_3of3,1.4396,1.4396,1.4396,1.4396
COP2122-016,1,16,JAFFNA,1.3860,ocr_3of3,1.3860,1.3860,1.3860,1.3860
COP2122-016,1,16,KILINOCHCHI,1.0146,ocr_2of3_third_unreadable,1.0146,,1.0146,1.0146
COP2122-016,1,16,MANNAR,1.2516,ocr_3of3,1.2516,1.2516,1.2516,1.2516
COP2122-016,1,16,MULLAITIVU,1.3775,ocr_3of3,1.3775,1.3775,1.3775,1.3775
COP2122-016,1,16,VAVUNIYA,1.4734,ocr_2of3_third_unreadable,1.4734,,1.4734,1.4734
COP2122-016,1,16,TRINCOMALEE,1.2107,ocr_3of3,1.2107,1.2107,1.2107,1.2107
COP2122-016,1,16,BATTICALOA,1.3868,ocr_3of3,1.3868,1.3868,1.3868,1.3868
COP2122-016,1,16,AMPARA,1.2763,ocr_3of3,1.2763,1.2763,1.2763,1.2763
COP2122-016,1,16,PUTTALAM,1.3032,ocr_3of3,1.3032,1.3032,1.3032,1.3032
COP2122-016,1,16,KURUNEGALA,1.4227,ocr_3of3,1.4227,1.4227,1.4227,1.4305
COP2122-016,1,16,ANURADHAPURA,1.3600,ocr_3of3,1.3600,1.3600,1.3600,1.3294
COP2122-016,1,16,POLONNARUWA,1.1486,ocr_3of3,1.1486,1.1486,1.1486,1.1486
COP2122-016,1,16,BADULLA,1.3364,ocr_3of3,1.3364,1.3364,1.3364,1.3364
COP2122-016,1,16,MONARAGALA,1.2875,ocr_3of3,1.2875,1.2875,1.2875,1.2875
COP2122-016,1,16,KEGALLE,1.4116,ocr_2of3_third_unreadable,1.4116,,1.4116,1.4391
COP2122-016,1,16,RATNAPURA,1.3181,ocr_3of3,1.3181,1.3181,1.3181,1.3181
COP2122-017,1,17,COLOMBO,0.5565,ocr_3of3,0.5565,0.5565,0.5565,0.5643
COP2122-017,1,17,GAMPAHA,0.5238,ocr_3of3,0.5238,0.5238,0.5238,0.5238
COP2122-017,1,17,KALUTARA,0.6754,ocr_3of3,0.6754,0.6754,0.6754,0.6863
COP2122-017,1,17,MATALE,0.7933,ocr_3of3,0.7933,0.7933,0.7933,0.6677
COP2122-017,1,17,KANDY,0.6872,ocr_3of3,0.6872,0.6872,0.6872,0.7128
COP2122-017,1,17,NUWARA ELIYA,0.5198,ocr_3of3,0.5198,0.5198,0.5198,0.5198
COP2122-017,1,17,GALLE,0.6863,ocr_3of3,0.6863,0.6863,0.6863,0.6863
COP2122-017,1,17,MATARA,0.7699,ocr_3of3,0.7699,0.7699,0.7699,0.7699
COP2122-017,1,17,HAMBANTOTA,0.7509,ocr_3of3,0.7509,0.7509,0.7509,0.7509
COP2122-017,1,17,JAFFNA,0.7140,ocr_3of3,0.7140,0.7140,0.7140,0.7378
COP2122-017,1,17,KILINOCHCHI,0.5335,ocr_3of3,0.5335,0.5335,0.5335,0.5335
COP2122-017,1,17,MANNAR,0.6559,ocr_3of3,0.6559,0.6559,0.6559,0.6559
COP2122-017,1,17,MULLAITIVU,0.5586,ocr_3of3,0.5586,0.5586,0.5586,0.5586
COP2122-017,1,17,VAVUNIYA,0.5778,ocr_3of3,0.5778,0.5778,0.5778,0.5778
COP2122-017,1,17,TRINCOMALEE,0.5091,ocr_3of3,0.5091,0.5091,0.5091,0.5152
COP2122-017,1,17,BATTICALOA,0.5646,ocr_3of3,0.5646,0.5646,0.5646,0.5646
COP2122-017,1,17,AMPARA,0.7229,ocr_3of3,0.7229,0.7229,0.7229,0.6955
COP2122-017,1,17,PUTTALAM,0.5142,ocr_3of3,0.5142,0.5142,0.5142,0.5142
COP2122-017,1,17,KURUNEGALA,0.6879,ocr_3of3,0.6879,0.6879,0.6879,0.6879
COP2122-017,1,17,ANURADHAPURA,0.5445,ocr_3of3,0.5445,0.5445,0.5445,0.5580
COP2122-017,1,17,POLONNARUWA,0.6401,ocr_3of3,0.6401,0.6401,0.6401,0.6401
COP2122-017,1,17,BADULLA,0.6024,ocr_3of3,0.6024,0.6024,0.6024,0.6151
COP2122-017,1,17,MONARAGALA,0.5389,ocr_3of3,0.5389,0.5389,0.5389,0.5389
COP2122-017,1,17,KEGALLE,0.7329,ocr_3of3,0.7329,0.7329,0.7329,0.7329
COP2122-017,1,17,RATNAPURA,0.5764,ocr_3of3,0.5764,0.5764,0.5764,0.5836
COP2122-018,1,18,COLOMBO,0.5619,ocr_3of3,0.5619,0.5619,0.5619,0.5719
COP2122-018,1,18,GAMPAHA,0.4569,ocr_3of3,0.4569,0.4569,0.4569,0.4763
COP2122-018,1,18,KALUTARA,0.6839,ocr_3of3,0.6839,0.6839,0.6839,0.6839
COP2122-018,1,18,MATALE,0.6612,ocr_3of3,0.6612,0.6612,0.6612,0.6612
COP2122-018,1,18,KANDY,0.7180,ocr_3of3,0.7180,0.7180,0.7180,0.7180
COP2122-018,1,18,NUWARA ELIYA,0.4581,ocr_3of3,0.4581,0.4581,0.4581,0.4634
COP2122-018,1,18,GALLE,0.6604,ocr_3of3,0.6604,0.6604,0.6604,0.7430
COP2122-018,1,18,MATARA,0.7230,ocr_3of3,0.7230,0.7230,0.7230,0.7230
COP2122-018,1,18,HAMBANTOTA,NQC,ocr_3of3,NQC,NQC,NQC,NQC
COP2122-018,1,18,JAFFNA,0.8409,ocr_3of3,0.8409,0.8409,0.8409,0.8409
COP2122-018,1,18,KILINOCHCHI,0.4842,ocr_3of3,0.4842,0.4842,0.4842,0.4842
COP2122-018,1,18,MANNAR,0.4941,ocr_3of3,0.4941,0.4941,O.4941,0.4941
COP2122-018,1,18,MULLAITIVU,0.6111,ocr_3of3,0.6111,0.6111,0.6111,0.6111
COP2122-018,1,18,VAVUNIYA,0.4353,ocr_3of3,0.4353,0.4353,0.4353,0.4353
COP2122-018,1,18,TRINCOMALEE,0.4778,ocr_3of3,0.4778,0.4778,0.4778,0.5037
COP2122-018,1,18,BATTICALOA,0.5431,ocr_3of3,0.5431,0.5431,0.5431,0.5558
COP2122-018,1,18,AMPARA,0.7065,ocr_3of3,0.7065,0.7065,0.7065,0.7065
COP2122-018,1,18,PUTTALAM,0.4543,ocr_3of3,0.4543,0.4543,0.4543,0.4775
COP2122-018,1,18,KURUNEGALA,0.6814,ocr_3of3,0.6814,0.6814,0.6814,0.7176
COP2122-018,1,18,ANURADHAPURA,0.5516,ocr_3of3,0.5516,0.5516,0.5516,0.5516
COP2122-018,1,18,POLONNARUWA,0.3941,ocr_3of3,0.3941,0.3941,0.3941,0.3941
COP2122-018,1,18,BADULLA,0.6650,ocr_3of3,0.6650,0.6650,0.6650,0.6650
COP2122-018,1,18,MONARAGALA,0.5033,ocr_3of3,0.5033,0.5033,0.5033,0.5033
COP2122-018,1,18,KEGALLE,0.7265,ocr_3of3,0.7265,0.7265,0.7265,0.7265
COP2122-018,1,18,RATNAPURA,0.5787,ocr_3of3,0.5787,0.5787,0.5787,0.5906
COP2122-019,1,19,COLOMBO,0.6095,ocr_3of3,0.6095,0.6095,0.6095,0.6376
COP2122-019,1,19,GAMPAHA,0.6179,ocr_3of3,0.6179,0.6179,0.6179,0.7008
COP2122-019,1,19,KALUTARA,0.6882,ocr_3of3,0.6882,0.6882,0.6882,0.6882
COP2122-019,1,19,MATALE,0.6106,ocr_3of3,0.6106,0.6106,0.6106,0.6889
COP2122-019,1,19,KANDY,0.6807,ocr_3of3,0.6807,0.6807,0.6807,0.7082
COP2122-019,1,19,NUWARA ELIYA,0.6229,ocr_3of3,0.6229,0.6229,0.6229,0.6654
COP2122-019,1,19,GALLE,0.6428,ocr_3of3,0.6428,0.6428,0.6428,0.6639
COP2122-019,1,19,MATARA,0.7073,ocr_3of3,0.7073,0.7073,0.7073,0.7141
COP2122-019,1,19,HAMBANTOTA,0.6806,ocr_3of3,0.6806,0.6806,0.6806,0.6806
COP2122-019,1,19,JAFFNA,0.7042,ocr_3of3,0.7042,0.7042,0.7042,0.7617
COP2122-019,1,19,KILINOCHCHI,NQC,ocr_3of3,NQC,NQC,NQC,NQC
COP2122-019,1,19,MANNAR,0.8485,ocr_3of3,0.8485,0.8485,0.8485,0.8485
COP2122-019,1,19,MULLAITIVU,NQC,ocr_3of3,NQC,NQC,NQC,NQC
COP2122-019,1,19,VAVUNIYA,0.6133,ocr_3of3,0.6133,0.6133,0.6133,0.8336
COP2122-019,1,19,TRINCOMALEE,NQC,ocr_3of3,NQC,NQC,NQC,NQC
COP2122-019,1,19,BATTICALOA,0.6726,ocr_3of3,0.6726,0.6726,0.6726,0.6726
COP2122-019,1,19,AMPARA,0.6795,ocr_3of3,0.6795,0.6795,0.6795,0.7255
COP2122-019,1,19,PUTTALAM,0.6682,ocr_3of3,0.6682,0.6682,0.6682,0.6682
COP2122-019,1,19,KURUNEGALA,0.6755,ocr_3of3,0.6755,0.6755,0.6755,0.6920
COP2122-019,1,19,ANURADHAPURA,0.6138,ocr_3of3,0.6138,0.6138,0.6138,0.6408
COP2122-019,1,19,POLONNARUWA,0.7512,ocr_3of3,0.7512,0.7512,0.7512,0.7512
COP2122-019,1,19,BADULLA,0.6151,ocr_3of3,0.6151,0.6151,0.6151,0.6566
COP2122-019,1,19,MONARAGALA,0.6299,ocr_3of3,0.6299,0.6299,0.6299,0.6316
COP2122-019,1,19,KEGALLE,0.7104,ocr_3of3,0.7104,0.7104,0.7104,0.7344
COP2122-019,1,19,RATNAPURA,0.6218,ocr_3of3,0.6218,0.6218,0.6218,0.6452
COP2122-020,1,20,COLOMBO,0.7397,ocr_3of3,0.7397,0.7397,0.7397,0.7731
COP2122-020,1,20,GAMPAHA,0.7908,ocr_3of3,0.7908,0.7908,0.7908,0.7908
COP2122-020,1,20,KALUTARA,0.7605,ocr_3of3,0.7605,0.7605,0.7605,0.7605
COP2122-020,1,20,MATALE,0.7691,ocr_3of3,0.7691,0.7691,0.7691,0.7691
COP2122-020,1,20,KANDY,0.7545,ocr_3of3,0.7545,0.7545,0.7545,0.7567
COP2122-020,1,20,NUWARA ELIYA,0.8013,ocr_3of3,0.8013,0.8013,0.8013,0.8013
COP2122-020,1,20,GALLE,0.7414,ocr_2of3_third_unreadable,0.7414,,0.7414,0.7605
COP2122-020,1,20,MATARA,0.7522,ocr_3of3,0.7522,0.7522,0.7522,0.7583
COP2122-020,1,20,HAMBANTOTA,0.7376,ocr_3of3,0.7376,0.7376,0.7376,0.7558
COP2122-020,1,20,JAFFNA,0.9988,ocr_3of3,0.9988,0.9988,0.9988,0.9988
COP2122-020,1,20,KILINOCHCHI,NQC,ocr_3of3,NQC,NQC,NQC,NQC
COP2122-020,1,20,MANNAR,NQC,ocr_3of3,NQC,NQC,NQC,NQC
COP2122-020,1,20,MULLAITIVU,NQC,ocr_3of3,NQC,NQC,NQC,NQC
COP2122-020,1,20,VAVUNIYA,0.8363,ocr_3of3,0.8363,0.8363,0.8363,0.8363
COP2122-020,1,20,TRINCOMALEE,NQC,ocr_3of3,NQC,NQC,NQC,NQC
COP2122-020,1,20,BATTICALOA,NQC,ocr_3of3,NQC,NQC,NQC,NQC
COP2122-020,1,20,AMPARA,NQC,ocr_3of3,NQC,NQC,NQC,NQC
COP2122-020,1,20,PUTTALAM,0.7987,ocr_3of3,0.7987,0.7987,0.7987,0.7987
COP2122-020,1,20,KURUNEGALA,0.7497,ocr_3of3,0.7497,0.7497,0.7497,0.7859
COP2122-020,1,20,ANURADHAPURA,0.7472,ocr_3of3,0.7472,0.7472,0.7472,0.7648
COP2122-020,1,20,POLONNARUWA,0.8213,ocr_3of3,0.8213,0.8213,0.8213,0.8213
COP2122-020,1,20,BADULLA,0.7392,ocr_3of3,0.7392,0.7392,0.7392,0.7764
COP2122-020,1,20,MONARAGALA,0.7412,ocr_3of3,0.7412,0.7412,0.7412,0.8144
COP2122-020,1,20,KEGALLE,0.7529,ocr_3of3,0.7529,0.7529,0.7529,0.7639
COP2122-020,1,20,RATNAPURA,0.7608,ocr_3of3,0.7608,0.7608,0.7608,0.7608
COP2122-021,1,21,COLOMBO,0.6247,ocr_3of3,0.6247,0.6247,0.6247,0.6521
COP2122-021,1,21,GAMPAHA,0.6284,ocr_3of3,0.6284,0.6284,0.6284,0.6613
COP2122-021,1,21,KALUTARA,0.6734,ocr_3of3,0.6734,0.6734,0.6734,0.6776
COP2122-021,1,21,MATALE,0.6643,ocr_3of3,0.6643,0.6643,0.6643,0.6643
COP2122-021,1,21,KANDY,0.6825,ocr_3of3,0.6825,0.6825,0.6825,0.7022
COP2122-021,1,21,NUWARA ELIYA,0.8534,ocr_3of3,0.8534,0.8534,0.8534,0.8534
COP2122-021,1,21,GALLE,0.6488,ocr_3of3,0.6488,0.6488,0.6488,0.6879
COP2122-021,1,21,MATARA,0.7096,ocr_3of3,0.7096,0.7096,0.7096,0.7096
COP2122-021,1,21,HAMBANTOTA,0.6840,ocr_3of3,0.6840,0.6840,0.6840,0.6840
COP2122-021,1,21,JAFFNA,0.7370,ocr_3of3,0.7370,0.7370,0.7370,0.8140
COP2122-021,1,21,KILINOCHCHI,NQC,ocr_3of3,NQC,NQC,NQC,NQC
COP2122-021,1,21,MANNAR,NQC,ocr_3of3,NQC,NQC,NQC,NQC
COP2122-021,1,21,MULLAITIVU,0.6587,ocr_3of3,0.6587,0.6587,0.6587,0.6587
COP2122-021,1,21,VAVUNIYA,NQC,ocr_3of3,NQC,NQC,NQC,NQC
COP2122-021,1,21,TRINCOMALEE,NQC,ocr_3of3,NQC,NQC,NQC,NQC
COP2122-021,1,21,BATTICALOA,0.7841,ocr_3of3,0.7841,0.7841,0.7841,0.7841
COP2122-021,1,21,AMPARA,0.6941,ocr_3of3,0.6941,0.6941,0.6941,0.7005
COP2122-021,1,21,PUTTALAM,0.6546,ocr_3of3,0.6546,0.6546,0.6546,0.6546
COP2122-021,1,21,KURUNEGALA,0.6738,ocr_3of3,0.6738,0.6738,0.6738,0.6889
COP2122-021,1,21,ANURADHAPURA,0.6677,ocr_3of3,0.6677,0.6677,0.6677,0.6677
COP2122-021,1,21,POLONNARUWA,NQC,ocr_3of3,NQC,NQC,NQC,NQC
COP2122-021,1,21,BADULLA,0.6920,ocr_3of3,0.6920,0.6920,0.6920,0.6920
COP2122-021,1,21,MONARAGALA,0.6316,ocr_3of3,0.6316,0.6316,0.6316,NQC
COP2122-021,1,21,KEGALLE,0.7114,ocr_3of3,0.7114,0.7114,0.7114,0.7168
COP2122-021,1,21,RATNAPURA,0.6280,ocr_3of3,0.6280,0.6280,0.6280,0.6709
COP2122-022,1,22,COLOMBO,1.1348,ocr_3of3,1.1348,1.1348,1.1348,1.2074
COP2122-022,1,22,GAMPAHA,1.1721,ocr_3of3,1.1721,1.1721,1.1721,1.1721
COP2122-022,1,22,KALUTARA,1.2384,ocr_3of3,1.2384,1.2384,1.2384,1.2384
COP2122-022,1,22,MATALE,1.2096,ocr_3of3,1.2096,1.2096,1.2096,1.2096
COP2122-022,1,22,KANDY,1.2612,ocr_3of3,1.2612,1.2612,1.2612,1.2643
COP2122-022,1,22,NUWARA ELIYA,1.1471,ocr_3of3,1.1471,1.1471,1.1471,1.1471
COP2122-022,1,22,GALLE,1.2553,ocr_3of3,1.2553,1.2553,1.2553,1.2943
COP2122-022,1,22,MATARA,1.2592,ocr_3of3,1.2592,1.2592,1.2592,1.2592
COP2122-022,1,22,HAMBANTOTA,1.2473,ocr_3of3,1.2473,1.2473,1.2473,1.2473
COP2122-022,1,22,JAFFNA,1.1919,ocr_3of3,1.1919,1.1919,1.1919,1.1919
COP2122-022,1,22,KILINOCHCHI,0.6139,ocr_3of3,0.6139,0.6139,0.6139,0.6139
COP2122-022,1,22,MANNAR,1.0077,ocr_3of3,1.0077,1.0077,1.0077,1.0077
COP2122-022,1,22,MULLAITIVU,1.0195,ocr_3of3,1.0195,1.0195,1.0195,1.0195
COP2122-022,1,22,VAVUNIYA,1.2736,ocr_3of3,1.2736,1.2736,1.2736,1.2736
COP2122-022,1,22,TRINCOMALEE,1.1069,ocr_3of3,1.1069,1.1069,1.1069,1.1069
COP2122-022,1,22,BATTICALOA,1.2342,ocr_3of3,1.2342,1.2342,1.2342,1.2342
COP2122-022,1,22,AMPARA,1.2792,ocr_3of3,1.2792,1.2792,1.2792,1.2792
COP2122-022,1,22,PUTTALAM,1.2013,ocr_3of3,1.2013,1.2013,1.2013,1.2013
COP2122-022,1,22,KURUNEGALA,1.2473,ocr_3of3,1.2473,1.2473,1.2473,1.3061
COP2122-022,1,22,ANURADHAPURA,1.0938,ocr_3of3,1.0938,1.0938,1.0938,1.0938
COP2122-022,1,22,POLONNARUWA,1.1167,ocr_3of3,1.1167,1.1167,1.1167,1.1167
COP2122-022,1,22,BADULLA,1.1482,ocr_3of3,1.1482,1.1482,1.1482,1.1482
COP2122-022,1,22,MONARAGALA,1.0817,ocr_3of3,1.0817,1.0817,1.0817,1.0817
COP2122-022,1,22,KEGALLE,1.2850,ocr_3of3,1.2850,1.2850,1.2850,1.2850
COP2122-022,1,22,RATNAPURA,1.1789,ocr_3of3,1.1789,1.1789,1.1789,1.1789
COP2122-023,1,23,COLOMBO,1.5913,ocr_3of3,1.5913,1.5913,1.5913,1.5913
COP2122-023,1,23,GAMPAHA,1.5884,ocr_3of3,1.5884,1.5884,1.5884,1.5884
COP2122-023,1,23,KALUTARA,1.6106,ocr_3of3,1.6106,1.6106,1.6106,1.6106
COP2122-023,1,23,MATALE,1.5956,ocr_3of3,1.5956,1.5956,1.5956,1.5956
COP2122-023,1,23,KANDY,1.5993,ocr_3of3,1.5993,1.5993,1.5993,1.5993
COP2122-023,1,23,NUWARA ELIYA,NQC,ocr_3of3,NQC,NQC,NQC,NQC
COP2122-023,1,23,GALLE,1.5909,ocr_3of3,1.5909,1.5909,1.5909,1.5909
COP2122-023,1,23,MATARA,1.6169,ocr_3of3,1.6169,1.6169,1.6169,1.6169
COP2122-023,1,23,HAMBANTOTA,1.6022,ocr_3of3,1.6022,1.6022,1.6022,1.6022
COP2122-023,1,23,JAFFNA,1.6961,ocr_3of3,1.6961,1.6961,1.6961,1.6961
COP2122-023,1,23,KILINOCHCHI,NQC,ocr_3of3,NQC,NQC,NQC,NQC
COP2122-023,1,23,MANNAR,NQC,ocr_3of3,NQC,NQC,NQC,NQC
COP2122-023,1,23,MULLAITIVU,NQC,ocr_3of3,NQC,NQC,NQC,NQC
COP2122-023,1,23,VAVUNIYA,NQC,ocr_3of3,NQC,NQC,NQC,NQC
COP2122-023,1,23,TRINCOMALEE,NQC,ocr_3of3,NQC,NQC,NQC,NQC
COP2122-023,1,23,BATTICALOA,NQC,ocr_3of3,NQC,NQC,NQC,NQC
COP2122-023,1,23,AMPARA,NQC,ocr_3of3,NQC,NQC,NQC,NQC
COP2122-023,1,23,PUTTALAM,NQC,ocr_3of3,NQC,NQC,NQC,NQC
COP2122-023,1,23,KURUNEGALA,1.6404,ocr_3of3,1.6404,I. 6404,1.6404,1.6404
COP2122-023,1,23,ANURADHAPURA,NQC,ocr_3of3,NQC,NQC,NQC,NQC
COP2122-023,1,23,POLONNARUWA,NQC,ocr_3of3,NQC,NQC,NQC,NQC
COP2122-023,1,23,BADULLA,NQC,ocr_3of3,NQC,NQC,NQC,NQC
COP2122-023,1,23,MONARAGALA,NQC,ocr_3of3,NQC,NQC,NQC,NQC
COP2122-023,1,23,KEGALLE,1.5859,ocr_3of3,1.5859,1.5859,1.5859,1.5859
COP2122-023,1,23,RATNAPURA,1.5929,ocr_3of3,1.5929,1.5929,1.5929,1.5929
COP2122-024,1,24,COLOMBO,1.5482,ocr_3of3,1.5482,1.5482,1.5482,1.5482
COP2122-024,1,24,GAMPAHA,1.5471,ocr_3of3,1.5471,1.5471,1.5471,1.5482
COP2122-024,1,24,KALUTARA,1.5525,ocr_3of3,1.5525,1.5525,1.5525,1.5525
COP2122-024,1,24,MATALE,1.5786,ocr_3of3,1.5786,1.5786,1.5786,1.5786
COP2122-024,1,24,KANDY,1.5708,ocr_3of3,1.5708,1.5708,1.5708,1.5708
COP2122-024,1,24,NUWARA ELIYA,NQC,ocr_3of3,NQC,NQC,NQC,NQC
COP2122-024,1,24,GALLE,1.5497,ocr_3of3,1.5497,1.5497,1.5497,1.5497
COP2122-024,1,24,MATARA,1.5713,ocr_3of3,1.5713,1.5713,1.5713,1.5713
COP2122-024,1,24,HAMBANTOTA,1.5500,ocr_3of3,1.5500,1.5500,1.5500,1.5500
COP2122-024,1,24,JAFFNA,1.5807,ocr_3of3,1.5807,1.5807,1.5807,1.5807
COP2122-024,1,24,KILINOCHCHI,NQC,ocr_3of3,NQC,NQC,NQC,NQC
COP2122-024,1,24,MANNAR,NQC,ocr_3of3,NQC,NQC,NQC,NQC
COP2122-024,1,24,MULLAITIVU,NQC,ocr_3of3,NQC,NQC,NQC,NQC
COP2122-024,1,24,VAVUNIYA,NQC,ocr_3of3,NQC,NQC,NQC,NQC
COP2122-024,1,24,TRINCOMALEE,1.5479,ocr_3of3,1.5479,1.5479,1.5479,1.5479
COP2122-024,1,24,BATTICALOA,NQC,ocr_3of3,NQC,NQC,NQC,NQC
COP2122-024,1,24,AMPARA,NQC,ocr_3of3,NQC,NQC,NQC,NQC
COP2122-024,1,24,PUTTALAM,NQC,ocr_2of3_third_unreadable,NQC,NQC,,NQC
COP2122-024,1,24,KURUNEGALA,1.5463,ocr_3of3,1.5463,1.5463,1.5463,1.5958
COP2122-024,1,24,ANURADHAPURA,NQC,ocr_3of3,NQC,NQC,NQC,NQC
COP2122-024,1,24,POLONNARUWA,NQC,ocr_3of3,NQC,NQC,NQC,NQC
COP2122-024,1,24,BADULLA,NQC,ocr_3of3,NQC,NQC,NQC,NQC
COP2122-024,1,24,MONARAGALA,NQC,ocr_3of3,NQC,NQC,NQC,NQC
COP2122-024,1,24,KEGALLE,1.5597,ocr_3of3,1.5597,1.5597,1.5597,1.5597
COP2122-024,1,24,RATNAPURA,1.5658,ocr_3of3,1.5658,1.5658,1.5658,1.5658
COP2122-025,1,25,COLOMBO,1.4507,ocr_3of3,1.4507,1.4507,1.4507,1.4507
COP2122-025,1,25,GAMPAHA,1.3456,ocr_3of3,1.3456,1.3456,1.3456,1.3608
COP2122-025,1,25,KALUTARA,1.5376,ocr_3of3,1.5376,1.5376,1.5376,NQC
COP2122-025,1,25,MATALE,1.3450,ocr_3of3,1.3450,1.3450,1.3450,1.3450
COP2122-025,1,25,KANDY,1.2652,ocr_3of3,1.2652,1.2652,1.2652,1.2934
COP2122-025,1,25,NUWARA ELIYA,1.1380,ocr_3of3,1.1380,1.1380,1.1380,1.1380
COP2122-025,1,25,GALLE,1.5446,ocr_3of3,1.5446,I .5446,I.5446,1.5446
COP2122-025,1,25,MATARA,NQC,ocr_3of3,NQC,NQC,NQC,NQC
COP2122-025,1,25,HAMBANTOTA,1.4340,ocr_2of3_third_unreadable,1.4340,,I.4340,1.4488
COP2122-025,1,25,JAFFNA,1.3579,ocr_3of3,1.3579,1.3579,1.3579,1.3844
COP2122-025,1,25,KILINOCHCHI,0.5559,ocr_3of3,0.5559,0.5559,0.5559,0.5559
COP2122-025,1,25,MANNAR,0.9024,ocr_3of3,0.9024,0.9024,0.9024,0.9024
COP2122-025,1,25,MULLAITIVU,0.8715,ocr_3of3,0.8715,0.8715,0.8715,0.8715
COP2122-025,1,25,VAVUNIYA,1.2494,ocr_3of3,1.2494,I. 2494,I.2494,1.2494
COP2122-025,1,25,TRINCOMALEE,1.1226,ocr_3of3,1.1226,1.1226,1.1226,1.1226
COP2122-025,1,25,BATTICALOA,1.0066,ocr_3of3,1.0066,1.0066,1.0066,1.0066
COP2122-025,1,25,AMPARA,1.2324,ocr_3of3,1.2324,1.2324,1.2324,1.2324
COP2122-025,1,25,PUTTALAM,1.1680,ocr_3of3,1.1680,1.1680,1.1680,1.1680
COP2122-025,1,25,KURUNEGALA,1.3363,ocr_3of3,1.3363,1.3363,1.3363,1.3507
COP2122-025,1,25,ANURADHAPURA,1.0831,ocr_3of3,1.0831,1.0831,1.0831,1.0831
COP2122-025,1,25,POLONNARUWA,0.9823,ocr_3of3,0.9823,0.9823,0.9823,0.9823
COP2122-025,1,25,BADULLA,1.2004,ocr_3of3,1.2004,1.2004,1.2004,1.2295
COP2122-025,1,25,MONARAGALA,1.2393,ocr_3of3,1.2393,1.2393,1.2393,1.2393
COP2122-025,1,25,KEGALLE,1.4642,ocr_2of3_third_unreadable,1.4642,,I.4642,1.4699
COP2122-025,1,25,RATNAPURA,1.2087,ocr_3of3,1.2087,1.2087,1.2087,1.2087
COP2122-026,1,26,COLOMBO,1.6014,ocr_3of3,1.6014,1.6014,1.6014,1.6047
COP2122-026,1,26,GAMPAHA,1.6194,ocr_3of3,1.6194,1.6194,1.6194,1.6057
COP2122-026,1,26,KALUTARA,1.6262,ocr_3of3,1.6262,1.6262,1.6262,1.6262
COP2122-026,1,26,MATALE,1.7145,ocr_3of3,1.7145,1.7145,1.7145,1.7145
COP2122-026,1,26,KANDY,1.5986,ocr_3of3,1.5986,1.5986,1.5986,1.6130
COP2122-026,1,26,NUWARA ELIYA,NQC,ocr_3of3,NQC,NQC,NQC,NQC
COP2122-026,1,26,GALLE,1.6182,ocr_3of3,1.6182,1.6182,1.6182,1.6182
COP2122-026,1,26,MATARA,1.6143,ocr_3of3,1.6143,1.6143,1.6143,1.6143
COP2122-026,1,26,HAMBANTOTA,1.6232,ocr_3of3,1.6232,1.6232,1.6232,1.6232
COP2122-026,1,26,JAFFNA,1.6818,ocr_3of3,1.6818,1.6818,1.6818,1.6818
COP2122-026,1,26,KILINOCHCHI,NQC,ocr_3of3,NQC,NQC,NQC,NQC
COP2122-026,1,26,MANNAR,NQC,ocr_3of3,NQC,NQC,NQC,NQC
COP2122-026,1,26,MULLAITIVU,NQC,ocr_3of3,NQC,NQC,NQC,NQC
COP2122-026,1,26,VAVUNIYA,NQC,ocr_3of3,NQC,NQC,NQC,NQC
COP2122-026,1,26,TRINCOMALEE,NQC,ocr_3of3,NQC,NQC,NQC,NQC
COP2122-026,1,26,BATTICALOA,NQC,ocr_3of3,NQC,NQC,NQC,NQC
COP2122-026,1,26,AMPARA,NQC,ocr_3of3,NQC,NQC,NQC,NQC
COP2122-026,1,26,PUTTALAM,1.6070,ocr_3of3,1.6070,1.6070,1.6070,1.6070
COP2122-026,1,26,KURUNEGALA,1.6359,ocr_3of3,1.6359,1.6359,1.6359,1.6359
COP2122-026,1,26,ANURADHAPURA,NQC,ocr_3of3,NQC,NQC,NQC,NQC
COP2122-026,1,26,POLONNARUWA,NQC,ocr_3of3,NQC,NQC,NQC,NQC
COP2122-026,1,26,BADULLA,1.7710,ocr_3of3,1.7710,1.7710,1.7710,1.7710
COP2122-026,1,26,MONARAGALA,NQC,ocr_3of3,NQC,NQC,NQC,NQC
COP2122-026,1,26,KEGALLE,1.6138,ocr_3of3,1.6138,1.6138,1.6138,1.6138
COP2122-026,1,26,RATNAPURA,1.6134,ocr_3of3,1.6134,1.6134,1.6134,1.6134
COP2122-027,1,27,COLOMBO,1.4529,ocr_3of3,1.4529,1.4529,1.4529,1.4561
COP2122-027,1,27,GAMPAHA,1.4541,ocr_3of3,1.4541,I. 4541,I.4541,1.4608
COP2122-027,1,27,KALUTARA,1.4561,ocr_3of3,1.4561,1.4561,1.4561,1.4561
COP2122-027,1,27,MATALE,1.4542,ocr_3of3,1.4542,I .4542,I.4542,1.4591
COP2122-027,1,27,KANDY,1.4570,ocr_3of3,1.4570,1.4570,1.4570,1.4570
COP2122-027,1,27,NUWARA ELIYA,NQC,ocr_3of3,NQC,NQc,NQC,NQC
COP2122-027,1,27,GALLE,1.4810,ocr_3of3,1.4810,1.4810,1.4810,1.4810
COP2122-027,1,27,MATARA,1.4632,ocr_3of3,1.4632,1.4632,1.4632,1.4632
COP2122-027,1,27,HAMBANTOTA,1.4689,ocr_3of3,1.4689,1.4689,1.4689,1.4689
COP2122-027,1,27,JAFFNA,1.4530,ocr_3of3,1.4530,1.4530,1.4530,1.4703
COP2122-027,1,27,KILINOCHCHI,NQC,ocr_3of3,NQC,NQc,NQC,NQC
COP2122-027,1,27,MANNAR,NQC,ocr_3of3,NQC,NQc,NQC,NQC
COP2122-027,1,27,MULLAITIVU,NQC,ocr_3of3,NQC,NQC,NQC,NQC
COP2122-027,1,27,VAVUNIYA,1.4623,ocr_3of3,1.4623,1.4623,1.4623,1.4623
COP2122-027,1,27,TRINCOMALEE,NQC,ocr_3of3,NQC,NQC,NQC,NQC
COP2122-027,1,27,BATTICALOA,1.4664,ocr_2of3_third_unreadable,1.4664,I. 4664,I-4664,1.4664
COP2122-027,1,27,AMPARA,1.4635,ocr_3of3,1.4635,1.4635,1.4635,1.4635
COP2122-027,1,27,PUTTALAM,1.4550,ocr_3of3,1.4550,1.4550,1.4550,1.4788
COP2122-027,1,27,KURUNEGALA,1.4650,ocr_3of3,1.4650,1.4650,1.4650,1.4650
COP2122-027,1,27,ANURADHAPURA,NQC,ocr_3of3,NQC,NQC,NQC,NQC
COP2122-027,1,27,POLONNARUWA,NQC,ocr_3of3,NQC,NQC,NQC,NQC
COP2122-027,1,27,BADULLA,1.4560,ocr_3of3,1.4560,1.4560,1.4560,1.4560
COP2122-027,1,27,MONARAGALA,1.5404,ocr_2of3_third_unreadable,1.5404,,I.5404,1.5404
COP2122-027,1,27,KEGALLE,1.4564,ocr_3of3,1.4564,1.4564,I.4564,1.4564
COP2122-027,1,27,RATNAPURA,1.4560,ocr_3of3,1.4560,1.4560,1.4560,1.4560
COP2122-028,1,28,COLOMBO,1.3382,ocr_3of3,1.3382,1.3382,1.3382,1.3538
COP2122-028,1,28,GAMPAHA,1.3416,ocr_3of3,1.3416,1.3416,1.3416,1.3456
COP2122-028,1,28,KALUTARA,1.3449,ocr_3of3,1.3449,I .3449,I.3449,1.3513
COP2122-028,1,28,MATALE,1.3581,ocr_3of3,1.3581,1.3581,1.3581,1.3581
COP2122-028,1,28,KANDY,1.3415,ocr_3of3,1.3415,1.3415,1.3415,1.3473
COP2122-028,1,28,NUWARA ELIYA,NQC,ocr_3of3,NQC,NQC,NQC,NQC
COP2122-028,1,28,GALLE,1.3421,ocr_3of3,1.3421,1.3421,1.3421,1.3466
COP2122-028,1,28,MATARA,1.3388,ocr_3of3,1.3388,1.3388,1.3388,1.3503
COP2122-028,1,28,HAMBANTOTA,1.3393,ocr_3of3,1.3393,1.3393,1.3393,1.3779
COP2122-028,1,28,JAFFNA,1.3579,ocr_3of3,1.3579,1.3579,1.3579,1.3579
COP2122-028,1,28,KILINOCHCHI,NQC,ocr_3of3,NQC,NQC,NQC,NQC
COP2122-028,1,28,MANNAR,NQC,ocr_3of3,NQC,NQC,NQC,NQC
COP2122-028,1,28,MULLAITIVU,NQC,ocr_3of3,NQC,NQC,NQC,NQC
COP2122-028,1,28,VAVUNIYA,1.3554,ocr_3of3,1.3554,1.3554,1.3554,1.3554
COP2122-028,1,28,TRINCOMALEE,1.4306,ocr_3of3,1.4306,1.4306,1.4306,1.4128
COP2122-028,1,28,BATTICALOA,1.4738,ocr_3of3,1.4738,1.4738,1.4738,1.4559
COP2122-028,1,28,AMPARA,1.3617,ocr_3of3,1.3617,1.3617,1.3617,1.3617
COP2122-028,1,28,PUTTALAM,1.3533,ocr_3of3,1.3533,1.3533,1.3533,1.3533
COP2122-028,1,28,KURUNEGALA,1.3566,ocr_3of3,1.3566,1.3566,1.3566,1.3566
COP2122-028,1,28,ANURADHAPURA,1.3577,ocr_3of3,1.3577,1.3577,1.3577,1.3548
COP2122-028,1,28,POLONNARUWA,1.3914,ocr_3of3,1.3914,1.3914,1.3914,1.3914
COP2122-028,1,28,BADULLA,1.3379,ocr_3of3,1.3379,1.3379,1.3379,1.3657
COP2122-028,1,28,MONARAGALA,NQC,ocr_3of3,NQC,NQC,NQC,NQC
COP2122-028,1,28,KEGALLE,1.3599,ocr_3of3,1.3599,1.3599,1.3599,1.3613
COP2122-028,1,28,RATNAPURA,1.3420,ocr_3of3,1.3420,1.3420,1.3420,1.3460
COP2122-029,1,29,COLOMBO,1.2516,ocr_3of3,1.2516,1.2516,1.2516,1.2603
COP2122-029,1,29,GAMPAHA,1.2572,ocr_3of3,1.2572,1.2572,1.2572,1.2572
COP2122-029,1,29,KALUTARA,1.2610,ocr_3of3,1.2610,1.2610,1.2610,1.2610
COP2122-029,1,29,MATALE,1.2755,ocr_3of3,1.2755,1.2755,1.2755,1.2725
COP2122-029,1,29,KANDY,1.2514,ocr_3of3,1.2514,1.2514,1.2514,1.2605
COP2122-029,1,29,NUWARA ELIYA,1.2856,ocr_3of3,1.2856,1.2856,1.2856,1.2856
COP2122-029,1,29,GALLE,1.2611,ocr_3of3,1.2611,1.2611,1.2611,1.2609
COP2122-029,1,29,MATARA,1.2519,ocr_3of3,1.2519,1.2519,1.2519,1.2690
COP2122-029,1,29,HAMBANTOTA,1.2680,ocr_3of3,1.2680,1.2680,1.2680,1.2680
COP2122-029,1,29,JAFFNA,1.2545,ocr_3of3,1.2545,1.2545,1.2545,1.3296
COP2122-029,1,29,KILINOCHCHI,NQC,ocr_3of3,NQC,NQC,NQC,NQC
COP2122-029,1,29,MANNAR,NQC,ocr_3of3,NQC,NQC,NQC,NQC
COP2122-029,1,29,MULLAITIVU,NQC,ocr_3of3,NQC,NQC,NQC,NQC
COP2122-029,1,29,VAVUNIYA,1.3039,ocr_3of3,1.3039,1.3039,1.3039,1.3039
COP2122-029,1,29,TRINCOMALEE,1.3004,ocr_3of3,1.3004,1.3004,1.3004,1.3004
COP2122-029,1,29,BATTICALOA,1.2657,ocr_3of3,1.2657,1.2657,1.2657,NQC
COP2122-029,1,29,AMPARA,1.2568,ocr_3of3,1.2568,1.2568,1.2568,1.2984
COP2122-029,1,29,PUTTALAM,1.2516,ocr_3of3,1.2516,1.2516,1.2516,1.2580
COP2122-029,1,29,KURUNEGALA,1.2502,ocr_3of3,1.2502,1.2502,1.2502,1.2584
COP2122-029,1,29,ANURADHAPURA,1.2681,ocr_3of3,1.2681,1.2681,1.2681,1.2681
COP2122-029,1,29,POLONNARUWA,NQC,ocr_3of3,NQC,NQC,NQC,NQC
COP2122-029,1,29,BADULLA,1.2510,ocr_3of3,1.2510,1.2510,1.2510,1.2649
COP2122-029,1,29,MONARAGALA,NQC,ocr_3of3,NQC,NQC,NQC,NQC
COP2122-029,1,29,KEGALLE,1.2602,ocr_3of3,1.2602,1.2602,1.2602,1.2602
COP2122-029,1,29,RATNAPURA,1.2668,ocr_3of3,1.2668,1.2668,1.2668,1.2668
COP2122-030,1,30,COLOMBO,1.0364,ocr_3of3,1.0364,1.0364,1.0364,1.0627
COP2122-030,1,30,GAMPAHA,0.9267,ocr_3of3,0.9267,0.9267,0.9267,0.9418
COP2122-030,1,30,KALUTARA,NQC,ocr_3of3,NQC,NQC,NQC,NQC
COP2122-030,1,30,MATALE,0.9328,ocr_3of3,0.9328,0.9328,0.9328,0.9356
COP2122-030,1,30,KANDY,1.1642,ocr_3of3,1.1642,1.1642,I.1642,1.1652
COP2122-030,1,30,NUWARA ELIYA,0.9545,ocr_3of3,0.9545,0.9545,0.9545,0.9545
COP2122-030,1,30,GALLE,1.0895,ocr_3of3,1.0895,1.0895,1.0895,1.0895
COP2122-030,1,30,MATARA,NQC,ocr_3of3,NQC,NQC,NQC,NQC
COP2122-030,1,30,HAMBANTOTA,NQC,ocr_2of3_third_unreadable,NQC,NQC,,NQC
COP2122-030,1,30,JAFFNA,1.0460,ocr_3of3,1.0460,1.0460,1.0460,1.0487
COP2122-030,1,30,KILINOCHCHI,0.9321,ocr_3of3,0.9321,0.9321,0.9321,NQC
COP2122-030,1,30,MANNAR,NQC,ocr_3of3,NQC,NQC,NQC,NQC
COP2122-030,1,30,MULLAITIVU,1.1797,ocr_3of3,1.1797,1.1797,1.1797,1.1797
COP2122-030,1,30,VAVUNIYA,0.9382,ocr_3of3,0.9382,0.9382,0.9382,0.9382
COP2122-030,1,30,TRINCOMALEE,1.1801,ocr_3of3,1.1801,1.1801,1.1801,1.1801
COP2122-030,1,30,BATTICALOA,0.9413,ocr_3of3,0.9413,0.9413,0.9413,0.9413
COP2122-030,1,30,AMPARA,0.9892,ocr_3of3,0.9892,0.9892,0.9892,0.9892
COP2122-030,1,30,PUTTALAM,0.9288,ocr_3of3,0.9288,0.9288,0.9288,0.9536
COP2122-030,1,30,KURUNEGALA,1.0389,ocr_3of3,1.0389,1.0389,1.0389,1.0389
COP2122-030,1,30,ANURADHAPURA,0.9307,ocr_3of3,0.9307,0.9307,0.9307,0.9562
COP2122-030,1,30,POLONNARUWA,0.9436,ocr_3of3,0.9436,0.9436,0.9436,0.9436
COP2122-030,1,30,BADULLA,0.9363,ocr_3of3,0.9363,0.9363,0.9363,0.9363
COP2122-030,1,30,MONARAGALA,0.9289,ocr_3of3,0.9289,0.9289,0.9289,0.9590
COP2122-030,1,30,KEGALLE,1.1179,ocr_3of3,1.1179,1.1179,1.1179,1.1179
COP2122-030,1,30,RATNAPURA,0.9351,ocr_3of3,0.9351,0.9351,0.9351,0.9557
COP2122-031,1,31,COLOMBO,1.1122,ocr_3of3,1.1122,1.1122,1.1122,1.1309
COP2122-031,1,31,GAMPAHA,1.1131,ocr_3of3,1.1131,1.1131,1.1131,1.1304
COP2122-031,1,31,KALUTARA,1.1162,ocr_3of3,1.1162,1.1162,1.1162,1.1409
COP2122-031,1,31,MATALE,1.1383,ocr_3of3,1.1383,1.1383,1.1383,1.1383
COP2122-031,1,31,KANDY,1.1637,ocr_3of3,1.1637,1.1637,1.1637,1.1867
COP2122-031,1,31,NUWARA ELIYA,1.1921,ocr_3of3,1.1921,1.1921,1.1921,1.1921
COP2122-031,1,31,GALLE,1.1172,ocr_3of3,1.1172,1.1172,1.1172,1.1424
COP2122-031,1,31,MATARA,1.1377,ocr_3of3,1.1377,1.1377,1.1377,1.1379
COP2122-031,1,31,HAMBANTOTA,1.1427,ocr_3of3,1.1427,1.1427,1.1427,1.1427
COP2122-031,1,31,JAFFNA,NQC,ocr_3of3,NQC,NQC,NQC,NQC
COP2122-031,1,31,KILINOCHCHI,NQC,ocr_3of3,NQC,NQC,NQC,NQC
COP2122-031,1,31,MANNAR,NQC,ocr_3of3,NQC,NQC,NQC,NQC
COP2122-031,1,31,MULLAITIVU,NQC,ocr_3of3,NQC,NQC,NQC,NQC
COP2122-031,1,31,VAVUNIYA,NQC,ocr_3of3,NQC,NQC,NQC,NQC
COP2122-031,1,31,TRINCOMALEE,NQC,ocr_3of3,NQC,NQC,NQC,NQC
COP2122-031,1,31,BATTICALOA,NQC,ocr_3of3,NQC,NQC,NQC,1.2477
COP2122-031,1,31,AMPARA,1.1444,ocr_3of3,1.1444,I. 1444,I.1444,1.1444
COP2122-031,1,31,PUTTALAM,1.1239,ocr_3of3,1.1239,1.1239,1.1239,1.1472
COP2122-031,1,31,KURUNEGALA,1.1122,ocr_3of3,1.1122,1.1122,1.1122,1.1370
COP2122-031,1,31,ANURADHAPURA,1.1698,ocr_3of3,1.1698,1.1698,1.1698,1.1698
COP2122-031,1,31,POLONNARUWA,1.2074,ocr_3of3,1.2074,1.2074,1.2074,1.2074
COP2122-031,1,31,BADULLA,1.1226,ocr_3of3,1.1226,1.1226,1.1226,1.2148
COP2122-031,1,31,MONARAGALA,1.1352,ocr_3of3,1.1352,1.1352,1.1352,1.1352
COP2122-031,1,31,KEGALLE,1.1137,ocr_3of3,1.1137,1.1137,1.1137,1.1350
COP2122-031,1,31,RATNAPURA,1.1240,ocr_3of3,1.1240,1.1240,1.1240,1.1447
COP2122-032,1,32,COLOMBO,1.0310,ocr_3of3,1.0310,1.0310,1.0310,1.0882
COP2122-032,1,32,GAMPAHA,0.8122,ocr_3of3,0.8122,0.8122,0.8122,0.8402
COP2122-032,1,32,KALUTARA,NQC,ocr_2of3_third_unreadable,NQC,NQC,,NQC
COP2122-032,1,32,MATALE,1.1028,ocr_3of3,1.1028,1.1028,1.1028,1.1028
COP2122-032,1,32,KANDY,NQC,ocr_2of3_third_unreadable,NQC,NQC,,NQC
COP2122-032,1,32,NUWARA ELIYA,0.7924,ocr_3of3,0.7924,0.7924,0.7924,0.7924
COP2122-032,1,32,GALLE,1.1021,ocr_3of3,1.1021,1.1021,1.1021,1.1021
COP2122-032,1,32,MATARA,NQC,ocr_3of3,NQC,NQC,NQC,NQC
COP2122-032,1,32,HAMBANTOTA,0.8080,ocr_3of3,0.8080,0.8080,0.8080,0.8226
COP2122-032,1,32,JAFFNA,NQC,ocr_3of3,NQC,NQC,NQC,NQC
COP2122-032,1,32,KILINOCHCHI,NQC,ocr_3of3,NQC,NQC,NQC,0.9321
COP2122-032,1,32,MANNAR,NQC,ocr_3of3,NQC,NQC,NQC,NQC
COP2122-032,1,32,MULLAITIVU,0.8400,ocr_3of3,0.8400,0.8400,0.8400,0.8400
COP2122-032,1,32,VAVUNIYA,NQC,ocr_3of3,NQC,NQC,NQC,NQC
COP2122-032,1,32,TRINCOMALEE,0.8232,ocr_3of3,0.8232,0.8232,0.8232,0.8123
COP2122-032,1,32,BATTICALOA,0.7976,ocr_3of3,0.7976,0.7976,0.7976,0.7976
COP2122-032,1,32,AMPARA,0.7875,ocr_3of3,0.7875,0.7875,0.7875,0.7875
COP2122-032,1,32,PUTTALAM,0.8000,ocr_3of3,0.8000,0.8000,0.8000,0.8000
COP2122-032,1,32,KURUNEGALA,1.0611,ocr_3of3,1.0611,1.0611,1.0611,1.0611
COP2122-032,1,32,ANURADHAPURA,0.7815,ocr_3of3,0.7815,0.7815,0.7815,0.8155
COP2122-032,1,32,POLONNARUWA,0.8421,ocr_3of3,0.8421,0.8421,0.8421,0.8421
COP2122-032,1,32,BADULLA,0.7868,ocr_3of3,0.7868,0.7868,0.7868,0.7881
COP2122-032,1,32,MONARAGALA,0.7909,ocr_3of3,0.7909,0.7909,0.7909,0.7909
COP2122-032,1,32,KEGALLE,1.1049,ocr_3of3,1.1049,1.1049,1.1049,1.1049
COP2122-032,1,32,RATNAPURA,0.7920,ocr_3of3,0.7920,0.7920,0.7920,0.7920
COP2122-033,2,1,COLOMBO,1.0762,ocr_3of3,1.0762,1.0762,1.0762,1.0762
COP2122-033,2,1,GAMPAHA,0.7285,ocr_3of3,0.7285,0.7285,0.7285,0.8289
COP2122-033,2,1,KALUTARA,NQC,ocr_3of3,NQC,NQC,NQC,NQC
COP2122-033,2,1,MATALE,1.1412,ocr_3of3,1.1412,1.1412,1.1412,1.1412
COP2122-033,2,1,KANDY,NQC,ocr_3of3,NQC,NQC,NQC,NQC
COP2122-033,2,1,NUWARA ELIYA,0.4780,ocr_3of3,0.4780,0.4780,0.4780,0.4780
COP2122-033,2,1,GALLE,NQC,ocr_3of3,NQC,NQC,NQC,NQC
COP2122-033,2,1,MATARA,NQC,ocr_3of3,NQC,NQC,NQC,NQC
COP2122-033,2,1,HAMBANTOTA,0.9064,ocr_3of3,0.9064,0.9064,0.9064,0.8490
COP2122-033,2,1,JAFFNA,NQC,ocr_3of3,NQC,NQC,NQC,NQC
COP2122-033,2,1,KILINOCHCHI,0.5231,ocr_3of3,0.5231,0.5231,0.5231,0.5231
COP2122-033,2,1,MANNAR,0.2473,ocr_3of3,0.2473,0.2473,0.2473,0.2473
COP2122-033,2,1,MULLAITIVU,0.6450,ocr_3of3,0.6450,0.6450,0.6450,0.6450
COP2122-033,2,1,VAVUNIYA,0.4784,ocr_3of3,0.4784,0.4784,0.4784,0.4784
COP2122-033,2,1,TRINCOMALEE,0.5556,ocr_3of3,0.5556,0.5556,0.5556,0.5635
COP2122-033,2,1,BATTICALOA,0.5383,ocr_3of3,0.5383,0.5383,0.5383,0.5383
COP2122-033,2,1,AMPARA,0.7763,ocr_3of3,0.7763,0.7763,0.7763,0.7763
COP2122-033,2,1,PUTTALAM,0.7031,ocr_3of3,0.7031,0.7031,0.7031,0.6703
COP2122-033,2,1,KURUNEGALA,NQC,ocr_3of3,NQC,NQC,NQC,NQC
COP2122-033,2,1,ANURADHAPURA,0.4899,ocr_3of3,0.4899,0.4899,0.4899,0.4975
COP2122-033,2,1,POLONNARUWA,0.5709,ocr_3of3,0.5709,0.5709,0.5709,0.5709
COP2122-033,2,1,BADULLA,0.7318,ocr_3of3,0.7318,0.7318,0.7318,0.7419
COP2122-033,2,1,MONARAGALA,0.4953,ocr_3of3,0.4953,0.4953,0.4953,0.4953
COP2122-033,2,1,KEGALLE,NQC,ocr_3of3,NQC,NQC,NQC,NQC
COP2122-033,2,1,RATNAPURA,0.6881,ocr_3of3,0.6881,0.6881,0.6881,0.6881
COP2122-034,2,2,COLOMBO,0.8520,ocr_3of3,0.8520,0.8520,0.8520,0.8660
COP2122-034,2,2,GAMPAHA,0.8863,ocr_3of3,0.8863,0.8863,0.8863,0.8788
COP2122-034,2,2,KALUTARA,0.8461,ocr_3of3,0.8461,0.8461,0.8461,0.8657
COP2122-034,2,2,MATALE,0.8831,ocr_3of3,0.8831,0.8831,0.8831,0.8831
COP2122-034,2,2,KANDY,0.8953,ocr_3of3,0.8953,0.8953,0.8953,0.8993
COP2122-034,2,2,NUWARA ELIYA,0.8860,ocr_3of3,0.8860,0.8860,0.8860,0.8860
COP2122-034,2,2,GALLE,0.8821,ocr_3of3,0.8821,0.8821,0.8821,0.8941
COP2122-034,2,2,MATARA,0.9336,ocr_3of3,0.9336,0.9336,0.9336,0.9390
COP2122-034,2,2,HAMBANTOTA,0.8490,ocr_3of3,0.8490,0.8490,0.8490,0.8727
COP2122-034,2,2,JAFFNA,0.8772,ocr_3of3,0.8772,0.8772,0.8772,0.8772
COP2122-034,2,2,KILINOCHCHI,NQC,ocr_3of3,NQC,NQC,NQC,NQC
COP2122-034,2,2,MANNAR,NQC,ocr_3of3,NQC,NQC,NQC,NQC
COP2122-034,2,2,MULLAITIVU,NQC,ocr_3of3,NQC,NQC,NQC,NQC
COP2122-034,2,2,VAVUNIYA,NQC,ocr_3of3,NQC,NQC,NQC,NQC
COP2122-034,2,2,TRINCOMALEE,0.9137,ocr_3of3,0.9137,0.9137,0.9137,0.9137
COP2122-034,2,2,BATTICALOA,0.8694,ocr_3of3,0.8694,0.8694,0.8694,0.8694
COP2122-034,2,2,AMPARA,0.9039,ocr_3of3,0.9039,0.9039,0.9039,0.9039
COP2122-034,2,2,PUTTALAM,0.8669,ocr_3of3,0.8669,0.8669,0.8669,0.8669
COP2122-034,2,2,KURUNEGALA,0.8461,ocr_3of3,0.8461,0.8461,0.8461,0.8793
COP2122-034,2,2,ANURADHAPURA,0.8497,ocr_3of3,0.8497,0.8497,0.8497,0.8941
COP2122-034,2,2,POLONNARUWA,NQC,ocr_3of3,NQC,NQC,NQC,NQC
COP2122-034,2,2,BADULLA,0.8869,ocr_3of3,0.8869,0.8869,0.8869,0.8869
COP2122-034,2,2,MONARAGALA,0.8516,ocr_3of3,0.8516,0.8516,0.8516,0.8860
COP2122-034,2,2,KEGALLE,0.9084,ocr_3of3,0.9084,0.9084,0.9084,0.9084
COP2122-034,2,2,RATNAPURA,0.8567,ocr_3of3,0.8567,0.8567,0.8567,0.8840
COP2122-035,2,3,COLOMBO,0.9558,ocr_3of3,0.9558,0.9558,0.9558,0.9518
COP2122-035,2,3,GAMPAHA,0.9408,ocr_3of3,0.9408,0.9408,0.9408,0.9700
COP2122-035,2,3,KALUTARA,0.9576,ocr_3of3,0.9576,0.9576,0.9576,0.9576
COP2122-035,2,3,MATALE,NQC,ocr_3of3,NQC,NQC,NQC,NQC
COP2122-035,2,3,KANDY,0.9452,ocr_3of3,0.9452,0.9452,0.9452,0.9651
COP2122-035,2,3,NUWARA ELIYA,NQC,ocr_3of3,NQC,NQC,NQC,NQC
COP2122-035,2,3,GALLE,0.9524,ocr_3of3,0.9524,0.9524,0.9524,0.9524
COP2122-035,2,3,MATARA,0.9469,ocr_3of3,0.9469,0.9469,0.9469,0.9485
COP2122-035,2,3,HAMBANTOTA,0.9519,ocr_3of3,0.9519,0.9519,0.9519,0.9519
COP2122-035,2,3,JAFFNA,NQC,ocr_3of3,NQC,NQC,NQC,NQC
COP2122-035,2,3,KILINOCHCHI,NQC,ocr_3of3,NQC,NQC,NQC,NQC
COP2122-035,2,3,MANNAR,NQC,ocr_3of3,NQC,NQC,NQC,NQC
COP2122-035,2,3,MULLAITIVU,NQC,ocr_3of3,NQC,NQC,NQC,NQC
COP2122-035,2,3,VAVUNIYA,NQC,ocr_3of3,NQC,NQC,NQC,NQC
COP2122-035,2,3,TRINCOMALEE,NQC,ocr_3of3,NQC,NQC,NQC,NQC
COP2122-035,2,3,BATTICALOA,NQC,ocr_3of3,NQC,NQC,NQC,NQC
COP2122-035,2,3,AMPARA,1.0388,ocr_3of3,1.0388,1.0388,1.0388,1.0388
COP2122-035,2,3,PUTTALAM,NQC,ocr_3of3,NQC,NQC,NQC,1.1239
COP2122-035,2,3,KURUNEGALA,0.9740,ocr_3of3,0.9740,0.9740,0.9740,0.9740
COP2122-035,2,3,ANURADHAPURA,NQC,ocr_3of3,NQC,NQC,NQC,NQC
COP2122-035,2,3,POLONNARUWA,NQC,ocr_3of3,NQC,NQC,NQC,NQC
COP2122-035,2,3,BADULLA,0.9620,ocr_3of3,0.9620,0.9620,0.9620,0.9620
COP2122-035,2,3,MONARAGALA,NQC,ocr_3of3,NQC,NQC,NQC,NQC
COP2122-035,2,3,KEGALLE,0.9593,ocr_3of3,0.9593,0.9593,0.9593,0.9593
COP2122-035,2,3,RATNAPURA,0.9513,ocr_3of3,0.9513,0.9513,0.9513,0.9513
COP2122-036,2,4,COLOMBO,0.7172,ocr_3of3,0.7172,0.7172,0.7172,0.7172
COP2122-036,2,4,GAMPAHA,0.5815,ocr_3of3,0.5815,0.5815,0.5815,0.5886
COP2122-036,2,4,KALUTARA,0.8333,ocr_3of3,0.8333,0.8333,0.8333,NQC
COP2122-036,2,4,MATALE,0.7147,ocr_3of3,0.7147,0.7147,0.7147,0.7321
COP2122-036,2,4,KANDY,NQC,ocr_3of3,NQC,NQC,NQC,NQC
COP2122-036,2,4,NUWARA ELIYA,0.4038,ocr_3of3,0.4038,0.4038,0.4038,0.4315
COP2122-036,2,4,GALLE,NQC,ocr_3of3,NQC,NQC,NQC,NQC
COP2122-036,2,4,MATARA,NQC,ocr_3of3,NQC,NQC,NQC,NQC
COP2122-036,2,4,HAMBANTOTA,0.7247,ocr_3of3,0.7247,0.7247,0.7247,0.7131
COP2122-036,2,4,JAFFNA,0.8133,ocr_3of3,0.8133,0.8133,0.8133,0.8133
COP2122-036,2,4,KILINOCHCHI,0.4054,ocr_2of3_third_unreadable,0.4054,0.4054,,0.4054
COP2122-036,2,4,MANNAR,0.4127,ocr_3of3,0.4127,0.4127,0.4127,0.4127
COP2122-036,2,4,MULLAITIVU,0.8253,ocr_3of3,0.8253,0.8253,0.8253,0.8253
COP2122-036,2,4,VAVUNIYA,0.4250,ocr_3of3,0.4250,0.4250,0.4250,0.4247
COP2122-036,2,4,TRINCOMALEE,0.5157,ocr_3of3,0.5157,0.5157,0.5157,0.5383
COP2122-036,2,4,BATTICALOA,0.4999,ocr_3of3,0.4999,0.4999,0.4999,0.5284
COP2122-036,2,4,AMPARA,0.6766,ocr_3of3,0.6766,0.6766,0.6766,0.6787
COP2122-036,2,4,PUTTALAM,0.5565,ocr_3of3,0.5565,0.5565,0.5565,0.5565
COP2122-036,2,4,KURUNEGALA,0.8290,ocr_3of3,0.8290,0.8290,0.8290,0.8343
COP2122-036,2,4,ANURADHAPURA,0.5093,ocr_3of3,0.5093,0.5093,0.5093,0.5093
COP2122-036,2,4,POLONNARUWA,0.4866,ocr_3of3,0.4866,0.4866,0.4866,0.4866
COP2122-036,2,4,BADULLA,0.6846,ocr_3of3,0.6846,0.6846,0.6846,0.6848
COP2122-036,2,4,MONARAGALA,0.4712,ocr_3of3,0.4712,0.4712,0.4712,0.6105
COP2122-036,2,4,KEGALLE,NQC,ocr_3of3,NQC,NQC,NQC,NQC
COP2122-036,2,4,RATNAPURA,0.6325,ocr_3of3,0.6325,0.6325,0.6325,0.6146
COP2122-037,2,5,COLOMBO,1.9344,ocr_3of3,1.9344,I. 9344,I.9344,1.9344
COP2122-037,2,5,GAMPAHA,1.9372,ocr_3of3,1.9372,1.9372,1.9372,1.9372
COP2122-037,2,5,KALUTARA,1.9365,ocr_3of3,1.9365,1.9365,1.9365,1.9365
COP2122-037,2,5,MATALE,1.9409,ocr_3of3,1.9409,1.9409,1.9409,1.9409
COP2122-037,2,5,KANDY,1.9388,ocr_3of3,1.9388,1.9388,1.9388,1.9388
COP2122-037,2,5,NUWARA ELIYA,1.9378,ocr_3of3,1.9378,1.9378,1.9378,1.9378
COP2122-037,2,5,GALLE,1.9345,ocr_3of3,1.9345,1.9345,1.9345,1.9345
COP2122-037,2,5,MATARA,1.9343,ocr_3of3,1.9343,1.9343,1.9343,1.9343
COP2122-037,2,5,HAMBANTOTA,1.9344,ocr_3of3,1.9344,I. 9344,I.9344,1.9344
COP2122-037,2,5,JAFFNA,1.9419,ocr_3of3,1.9419,1.9419,1.9419,1.9419
COP2122-037,2,5,KILINOCHCHI,2.0605,ocr_3of3,2.0605,2.0605,2.0605,2.0605
COP2122-037,2,5,MANNAR,1.9976,ocr_3of3,1.9976,1.9976,1.9976,1.9976
COP2122-037,2,5,MULLAITIVU,1.9619,ocr_3of3,1.9619,1.9619,1.9619,1.9619
COP2122-037,2,5,VAVUNIYA,1.9625,ocr_3of3,1.9625,1.9625,1.9625,1.9625
COP2122-037,2,5,TRINCOMALEE,1.9344,ocr_3of3,1.9344,I. 9344,I.9344,1.9344
COP2122-037,2,5,BATTICALOA,1.9475,ocr_3of3,1.9475,1.9475,1.9475,1.9475
COP2122-037,2,5,AMPARA,1.9457,ocr_3of3,1.9457,1.9457,1.9457,1.9457
COP2122-037,2,5,PUTTALAM,1.9537,ocr_3of3,1.9537,1.9537,1.9537,1.9537
COP2122-037,2,5,KURUNEGALA,1.9388,ocr_3of3,1.9388,1.9388,1.9388,1.9388
COP2122-037,2,5,ANURADHAPURA,1.9368,ocr_3of3,1.9368,1.9368,1.9368,1.9368
COP2122-037,2,5,POLONNARUWA,1.9788,ocr_3of3,1.9788,1.9788,1.9788,1.9788
COP2122-037,2,5,BADULLA,1.9410,ocr_3of3,1.9410,1.9410,1.9410,1.9410
COP2122-037,2,5,MONARAGALA,1.9507,ocr_3of3,1.9507,1.9507,1.9507,1.9507
COP2122-037,2,5,KEGALLE,1.9441,ocr_3of3,1.9441,I. 9441,I.9441,1.9441
COP2122-037,2,5,RATNAPURA,1.9395,ocr_3of3,1.9395,1.9395,1.9395,1.9395
COP2122-038,2,6,COLOMBO,1.7920,ocr_3of3,1.7920,1.7920,1.7920,1.7920
COP2122-038,2,6,GAMPAHA,1.7698,ocr_3of3,1.7698,1.7698,1.7698,1.7838
COP2122-038,2,6,KALUTARA,1.7828,ocr_3of3,1.7828,1.7828,1.7828,1.7828
COP2122-038,2,6,MATALE,NQC,ocr_3of3,NQC,NQC,NQC,NQC
COP2122-038,2,6,KANDY,1.7947,ocr_3of3,1.7947,1.7947,1.7947,1.7947
COP2122-038,2,6,NUWARA ELIYA,1.8383,ocr_3of3,1.8383,1.8383,1.8383,1.8383
COP2122-038,2,6,GALLE,1.8072,ocr_3of3,1.8072,1.8072,1.8072,1.8072
COP2122-038,2,6,MATARA,1.7824,ocr_3of3,1.7824,1.7824,1.7824,1.7824
COP2122-038,2,6,HAMBANTOTA,1.7777,ocr_3of3,1.7777,1.7777,1.7777,1.7777
COP2122-038,2,6,JAFFNA,1.8251,ocr_3of3,1.8251,1.8251,1.8251,1.8251
COP2122-038,2,6,KILINOCHCHI,NQC,ocr_3of3,NQC,NQC,NQC,NQC
COP2122-038,2,6,MANNAR,NQC,ocr_3of3,NQC,NQC,NQC,NQC
COP2122-038,2,6,MULLAITIVU,NQC,ocr_3of3,NQC,NQC,NQC,NQC
COP2122-038,2,6,VAVUNIYA,1.7838,ocr_3of3,1.7838,1.7838,1.7838,1.7838
COP2122-038,2,6,TRINCOMALEE,1.8091,ocr_3of3,1.8091,1.8091,1.8091,1.8091
COP2122-038,2,6,BATTICALOA,1.8055,ocr_3of3,1.8055,1.8055,1.8055,1.8055
COP2122-038,2,6,AMPARA,NQC,ocr_3of3,NQC,NQC,NQC,NQC
COP2122-038,2,6,PUTTALAM,1.7979,ocr_3of3,1.7979,1.7979,1.7979,1.7979
COP2122-038,2,6,KURUNEGALA,1.7994,ocr_3of3,1.7994,1.7994,1.7994,1.7994
COP2122-038,2,6,ANURADHAPURA,1.7945,ocr_3of3,1.7945,1.7945,1.7945,1.7945
COP2122-038,2,6,POLONNARUWA,NQC,ocr_3of3,NQC,NQC,NQC,NQC
COP2122-038,2,6,BADULLA,NQC,ocr_3of3,NQC,NQC,NQC,NQC
COP2122-038,2,6,MONARAGALA,1.9726,ocr_3of3,1.9726,1.9726,1.9726,1.9726
COP2122-038,2,6,KEGALLE,1.9250,ocr_3of3,1.9250,1.9250,1.9250,1.9250
COP2122-038,2,6,RATNAPURA,NQC,ocr_3of3,NQC,NQC,NQC,NQC
COP2122-039,2,7,COLOMBO,NQC,ocr_3of3,NQC,NQC,NQC,NQC
COP2122-039,2,7,GAMPAHA,1.4869,ocr_3of3,1.4869,1.4869,1.4869,1.4869
COP2122-039,2,7,KALUTARA,NQC,ocr_3of3,NQC,NQC,NQC,NQC
COP2122-039,2,7,MATALE,1.4228,ocr_3of3,1.4228,1.4228,1.4228,1.4228
COP2122-039,2,7,KANDY,NQC,ocr_3of3,NQC,NQC,NQC,NQC
COP2122-039,2,7,NUWARA ELIYA,1.3966,ocr_3of3,1.3966,1.3966,1.3966,1.3966
COP2122-039,2,7,GALLE,NQC,ocr_3of3,NQC,NQC,NQC,NQC
COP2122-039,2,7,MATARA,NQC,ocr_3of3,NQC,NQC,NQC,NQC
COP2122-039,2,7,HAMBANTOTA,NQC,ocr_3of3,NQC,NQC,NQC,NQC
COP2122-039,2,7,JAFFNA,1.8914,ocr_3of3,1.8914,1.8914,1.8914,1.8914
COP2122-039,2,7,KILINOCHCHI,1.4655,ocr_3of3,1.4655,1.4655,1.4655,1.4655
COP2122-039,2,7,MANNAR,1.4485,ocr_2of3_third_unreadable,1.4485,I .4485,,1.4485
COP2122-039,2,7,MULLAITIVU,1.4262,ocr_3of3,1.4262,1.4262,1.4262,1.4262
COP2122-039,2,7,VAVUNIYA,1.4379,ocr_3of3,1.4379,1.4379,1.4379,1.4379
COP2122-039,2,7,TRINCOMALEE,1.3990,ocr_3of3,1.3990,1.3990,1.3990,1.3990
COP2122-039,2,7,BATTICALOA,1.4967,ocr_3of3,1.4967,1.4967,1.4967,1.4967
COP2122-039,2,7,AMPARA,1.4846,ocr_3of3,1.4846,I .4846,I.4846,1.4846
COP2122-039,2,7,PUTTALAM,1.3893,ocr_3of3,1.3893,1.3893,1.3893,1.3893
COP2122-039,2,7,KURUNEGALA,NQC,ocr_3of3,NQC,NQC,NQC,NQC
COP2122-039,2,7,ANURADHAPURA,1.3930,ocr_3of3,1.3930,1.3930,1.3930,1.3930
COP2122-039,2,7,POLONNARUWA,1.4186,ocr_3of3,1.4186,1.4186,1.4186,1.4186
COP2122-039,2,7,BADULLA,1.6211,ocr_3of3,1.6211,1.6211,1.6211,1.6449
COP2122-039,2,7,MONARAGALA,1.4519,ocr_3of3,1.4519,1.4519,1.4519,1.4519
COP2122-039,2,7,KEGALLE,NQC,ocr_3of3,NQC,NQC,NQC,NQC
COP2122-039,2,7,RATNAPURA,1.3954,ocr_3of3,1.3954,1.3954,1.3954,1.3954
COP2122-040,2,8,COLOMBO,1.7920,ocr_3of3,1.7920,1.7920,1.7920,1.7920
COP2122-040,2,8,GAMPAHA,1.6519,ocr_3of3,1.6519,1.6519,1.6519,1.6519
COP2122-040,2,8,KALUTARA,1.6522,ocr_3of3,1.6522,1.6522,1.6522,1.6522
COP2122-040,2,8,MATALE,1.6780,ocr_3of3,1.6780,1.6780,1.6780,1.6780
COP2122-040,2,8,KANDY,1.6797,ocr_3of3,1.6797,1.6797,1.6797,1.6797
COP2122-040,2,8,NUWARA ELIYA,1.6680,ocr_3of3,1.6680,1.6680,1.6680,1.6680
COP2122-040,2,8,GALLE,1.8072,ocr_3of3,1.8072,1.8072,1.8072,1.8072
COP2122-040,2,8,MATARA,1.7489,ocr_3of3,1.7489,1.7489,1.7489,1.7489
COP2122-040,2,8,HAMBANTOTA,1.7119,ocr_3of3,1.7119,1.7119,1.7119,1.7039
COP2122-040,2,8,JAFFNA,NQC,ocr_3of3,NQC,NQC,NQC,NQC
COP2122-040,2,8,KILINOCHCHI,1.7530,ocr_3of3,1.7530,1.7530,1.7530,1.7530
COP2122-040,2,8,MANNAR,1.7453,ocr_3of3,1.7453,1.7453,1.7453,1.7453
COP2122-040,2,8,MULLAITIVU,1.7797,ocr_3of3,1.7797,1.7797,1.7797,1.7797
COP2122-040,2,8,VAVUNIYA,1.6966,ocr_3of3,1.6966,1.6966,1.6966,1.6966
COP2122-040,2,8,TRINCOMALEE,1.6623,ocr_3of3,1.6623,1.6623,1.6623,1.6623
COP2122-040,2,8,BATTICALOA,1.6679,ocr_3of3,1.6679,1.6679,1.6679,1.6679
COP2122-040,2,8,AMPARA,1.6605,ocr_3of3,1.6605,1.6605,1.6605,1.6605
COP2122-040,2,8,PUTTALAM,1.6559,ocr_3of3,1.6559,1.6559,1.6559,1.6559
COP2122-040,2,8,KURUNEGALA,1.6829,ocr_3of3,1.6829,1.6829,1.6829,1.6829
COP2122-040,2,8,ANURADHAPURA,1.6665,ocr_3of3,1.6665,1.6665,1.6665,1.6665
COP2122-040,2,8,POLONNARUWA,1.6694,ocr_3of3,1.6694,1.6694,1.6694,1.6694
COP2122-040,2,8,BADULLA,1.6512,ocr_3of3,1.6512,1.6512,1.6512,1.6512
COP2122-040,2,8,MONARAGALA,1.6553,ocr_3of3,1.6553,1.6553,1.6553,1.6553
COP2122-040,2,8,KEGALLE,1.6845,ocr_3of3,1.6845,1.6845,1.6845,1.6845
COP2122-040,2,8,RATNAPURA,1.6542,ocr_3of3,1.6542,1.6542,1.6542,1.6542
COP2122-041,2,9,COLOMBO,2.0822,ocr_3of3,2.0822,2.0822,2.0822,2.0822
COP2122-041,2,9,GAMPAHA,2.0990,ocr_3of3,2.0990,2.0990,2.0990,2.0990
COP2122-041,2,9,KALUTARA,2.0979,ocr_3of3,2.0979,2.0979,2.0979,2.0979
COP2122-041,2,9,MATALE,2.1655,ocr_3of3,2.1655,2.1655,2.1655,2.1655
COP2122-041,2,9,KANDY,2.0884,ocr_3of3,2.0884,2.0884,2.0884,2.0884
COP2122-041,2,9,NUWARA ELIYA,2.0784,ocr_3of3,2.0784,2.0784,2.0784,2.0784
COP2122-041,2,9,GALLE,2.0817,ocr_3of3,2.0817,2.0817,2.0817,2.0817
COP2122-041,2,9,MATARA,2.0874,ocr_3of3,2.0874,2.0874,2.0874,2.0874
COP2122-041,2,9,HAMBANTOTA,2.0882,ocr_3of3,2.0882,2.0882,2.0882,2.0882
COP2122-041,2,9,JAFFNA,2.0855,ocr_3of3,2.0855,2.0855,2.0855,2.0855
COP2122-041,2,9,KILINOCHCHI,2.5733,ocr_3of3,2.5733,2.5733,2.5733,2.5733
COP2122-041,2,9,MANNAR,2.0987,ocr_3of3,2.0987,2.0987,2.0987,2.0987
COP2122-041,2,9,MULLAITIVU,2.3472,ocr_3of3,2.3472,2.3472,2.3472,2.3472
COP2122-041,2,9,VAVUNIYA,2.0832,ocr_3of3,2.0832,2.0832,2.0832,2.0832
COP2122-041,2,9,TRINCOMALEE,2.0848,ocr_3of3,2.0848,2.0848,2.0848,2.0848
COP2122-041,2,9,BATTICALOA,2.0881,ocr_3of3,2.0881,2.0881,2.0881,2.0881
COP2122-041,2,9,AMPARA,2.1903,ocr_3of3,2.1903,2.1903,2.1903,2.1903
COP2122-041,2,9,PUTTALAM,2.1331,ocr_3of3,2.1331,2.1331,2.1331,2.1331
COP2122-041,2,9,KURUNEGALA,2.0822,ocr_3of3,2.0822,2.0822,2.0822,2.0822
COP2122-041,2,9,ANURADHAPURA,2.1239,ocr_3of3,2.1239,2.1239,2.1239,2.1239
COP2122-041,2,9,POLONNARUWA,2.2150,ocr_3of3,2.2150,2.2150,2.2150,2.2150
COP2122-041,2,9,BADULLA,2.0849,ocr_3of3,2.0849,2.0849,2.0849,2.0849
COP2122-041,2,9,MONARAGALA,2.1580,ocr_3of3,2.1580,2.1580,2.1580,2.1580
COP2122-041,2,9,KEGALLE,2.1001,ocr_3of3,2.1001,2.1001,2.1001,2.1001
COP2122-041,2,9,RATNAPURA,2.0893,ocr_3of3,2.0893,2.0893,2.0893,2.0893
COP2122-042,2,10,COLOMBO,NQC,ocr_3of3,NQC,NQC,NQC,NQC
COP2122-042,2,10,GAMPAHA,NQC,ocr_3of3,NQC,NQC,NQC,NQC
COP2122-042,2,10,KALUTARA,NQC,ocr_3of3,NQC,NQC,NQC,NQC
COP2122-042,2,10,MATALE,NQC,ocr_3of3,NQC,NQC,NQC,NQC
COP2122-042,2,10,KANDY,NQC,ocr_3of3,NQC,NQC,NQC,NQC
COP2122-042,2,10,NUWARA ELIYA,0.9990,ocr_3of3,0.9990,0.9990,0.9990,0.9990
COP2122-042,2,10,GALLE,NQC,ocr_3of3,NQC,NQC,NQC,NQC
COP2122-042,2,10,MATARA,NQC,ocr_3of3,NQC,NQC,NQC,NQC
COP2122-042,2,10,HAMBANTOTA,NQC,ocr_3of3,NQC,NQC,NQC,NQC
COP2122-042,2,10,JAFFNA,NQC,ocr_3of3,NQC,NQC,NQC,NQC
COP2122-042,2,10,KILINOCHCHI,NQC,ocr_3of3,NQC,NQC,NQC,NQC
COP2122-042,2,10,MANNAR,1.1641,ocr_2of3_third_unreadable,1.1641,,1.1641,1.1641
COP2122-042,2,10,MULLAITIVU,1.2297,ocr_3of3,1.2297,1.2297,1.2297,1.2297
COP2122-042,2,10,VAVUNIYA,NQC,ocr_3of3,NQC,NQC,NQC,NQC
COP2122-042,2,10,TRINCOMALEE,1.2124,ocr_3of3,1.2124,1.2124,1.2124,1.2124
COP2122-042,2,10,BATTICALOA,NQC,ocr_3of3,NQC,NQC,NQC,NQC
COP2122-042,2,10,AMPARA,1.5553,ocr_3of3,1.5553,1.5553,1.5553,1.5553
COP2122-042,2,10,PUTTALAM,1.2293,ocr_3of3,1.2293,1.2293,1.2293,1.2293
COP2122-042,2,10,KURUNEGALA,NQC,ocr_3of3,NQC,NQC,NQC,NQC
COP2122-042,2,10,ANURADHAPURA,1.3443,visual_read,1.3443,13443,13443,1.3443
COP2122-042,2,10,POLONNARUWA,1.0566,ocr_3of3,1.0566,1.0566,1.0566,1.0410
COP2122-042,2,10,BADULLA,NQC,ocr_3of3,NQC,NQC,NQC,NQC
COP2122-042,2,10,MONARAGALA,1.1700,ocr_3of3,1.1700,1.1700,1.1700,1.1700
COP2122-042,2,10,KEGALLE,NQC,ocr_3of3,NQC,NQC,NQC,NQC
COP2122-042,2,10,RATNAPURA,1.3763,ocr_3of3,1.3763,1.3763,1.3763,1.3763
COP2122-043,2,11,COLOMBO,1.6112,ocr_3of3,1.6112,1.6112,1.6112,1.6184
COP2122-043,2,11,GAMPAHA,1.4385,ocr_3of3,1.4385,1.4385,1.4385,1.4385
COP2122-043,2,11,KALUTARA,1.5898,ocr_3of3,1.5898,1.5898,1.5898,1.5898
COP2122-043,2,11,MATALE,1.5586,ocr_3of3,1.5586,1.5586,1.5586,1.5586
COP2122-043,2,11,KANDY,1.5922,ocr_3of3,1.5922,1.5922,1.5922,1.5922
COP2122-043,2,11,NUWARA ELIYA,1.3472,ocr_3of3,1.3472,1.3472,1.3472,1.3472
COP2122-043,2,11,GALLE,1.6046,ocr_3of3,1.6046,1.6046,1.6046,1.6046
COP2122-043,2,11,MATARA,1.6087,ocr_3of3,1.6087,1.6087,1.6087,1.6087
COP2122-043,2,11,HAMBANTOTA,1.6049,ocr_3of3,1.6049,1.6049,1.6049,1.6049
COP2122-043,2,11,JAFFNA,1.5397,ocr_3of3,1.5397,1.5397,1.5397,1.5397
COP2122-043,2,11,KILINOCHCHI,1.3518,ocr_3of3,1.3518,1.3518,1.3518,1.3518
COP2122-043,2,11,MANNAR,1.0452,ocr_3of3,1.0452,1.0452,1.0452,1.0452
COP2122-043,2,11,MULLAITIVU,1.1790,ocr_3of3,1.1790,1.1790,1.1790,1.1790
COP2122-043,2,11,VAVUNIYA,1.1315,ocr_3of3,1.1315,1.1315,1.1315,1.1315
COP2122-043,2,11,TRINCOMALEE,1.4911,ocr_3of3,1.4911,1.4911,1.4911,1.4911
COP2122-043,2,11,BATTICALOA,1.4766,ocr_3of3,1.4766,1.4766,1.4766,1.4766
COP2122-043,2,11,AMPARA,1.4626,ocr_3of3,1.4626,1.4626,1.4626,1.4626
COP2122-043,2,11,PUTTALAM,1.2926,ocr_3of3,1.2926,1.2926,1.2926,1.2926
COP2122-043,2,11,KURUNEGALA,1.6057,ocr_3of3,1.6057,1.6057,1.6057,1.6057
COP2122-043,2,11,ANURADHAPURA,1.3429,ocr_3of3,1.3429,1.3429,1.3429,1.3429
COP2122-043,2,11,POLONNARUWA,1.2446,visual_read,1.2446,,I-2446,1.2446
COP2122-043,2,11,BADULLA,1.6085,ocr_3of3,1.6085,1.6085,1.6085,1.6211
COP2122-043,2,11,MONARAGALA,1.4660,ocr_3of3,1.4660,1.4660,1.4660,1.4660
COP2122-043,2,11,KEGALLE,1.6235,ocr_3of3,1.6235,1.6235,1.6235,1.6147
COP2122-043,2,11,RATNAPURA,1.4571,ocr_3of3,1.4571,1.4571,1.4571,1.4571
COP2122-044,2,12,COLOMBO,1.6035,ocr_3of3,1.6035,1.6035,1.6035,1.6076
COP2122-044,2,12,GAMPAHA,1.5005,ocr_3of3,1.5005,1.5005,1.5005,1.5005
COP2122-044,2,12,KALUTARA,1.5975,ocr_3of3,1.5975,1.5975,1.5975,1.5975
COP2122-044,2,12,MATALE,1.4806,ocr_3of3,1.4806,1.4806,1.4806,1.4806
COP2122-044,2,12,KANDY,1.5673,ocr_3of3,1.5673,1.5673,1.5673,1.5673
COP2122-044,2,12,NUWARA ELIYA,1.1419,ocr_3of3,1.1419,1.1419,1.1419,1.1419
COP2122-044,2,12,GALLE,1.6142,ocr_3of3,1.6142,1.6142,1.6142,1.6142
COP2122-044,2,12,MATARA,1.6208,ocr_3of3,1.6208,1.6208,1.6208,1.6208
COP2122-044,2,12,HAMBANTOTA,1.5969,ocr_3of3,1.5969,1.5969,1.5969,1.5969
COP2122-044,2,12,JAFFNA,1.5124,ocr_3of3,1.5124,1.5124,1.5124,1.5124
COP2122-044,2,12,KILINOCHCHI,1.3448,visual_read,1.3448,13448,13448,1.3448
COP2122-044,2,12,MANNAR,0.8333,ocr_3of3,0.8333,0.8333,0.8333,0.8333
COP2122-044,2,12,MULLAITIVU,0.7776,ocr_3of3,0.7776,0.7776,0.7776,0.7776
COP2122-044,2,12,VAVUNIYA,1.0342,ocr_3of3,1.0342,1.0342,1.0342,1.0342
COP2122-044,2,12,TRINCOMALEE,1.2805,ocr_3of3,1.2805,1.2805,1.2805,1.2805
COP2122-044,2,12,BATTICALOA,1.4277,ocr_3of3,1.4277,1.4277,1.4277,1.4277
COP2122-044,2,12,AMPARA,1.4599,ocr_3of3,1.4599,1.4599,1.4599,1.4599
COP2122-044,2,12,PUTTALAM,1.4120,ocr_3of3,1.4120,1.4120,1.4120,1.4120
COP2122-044,2,12,KURUNEGALA,1.6137,ocr_3of3,1.6137,1.6137,1.6137,1.6137
COP2122-044,2,12,ANURADHAPURA,1.3907,ocr_3of3,1.3907,1.3907,1.3907,1.3907
COP2122-044,2,12,POLONNARUWA,1.3770,ocr_3of3,1.3770,1.3770,1.3770,1.3770
COP2122-044,2,12,BADULLA,1.6179,ocr_3of3,1.6179,1.6179,1.6179,1.6364
COP2122-044,2,12,MONARAGALA,1.5103,ocr_3of3,1.5103,1.5103,1.5103,1.5103
COP2122-044,2,12,KEGALLE,1.5981,ocr_3of3,1.5981,1.5981,1.5981,1.5981
COP2122-044,2,12,RATNAPURA,1.5608,ocr_3of3,1.5608,1.5608,1.5608,1.5608
COP2122-045,2,13,COLOMBO,1.4676,ocr_3of3,1.4676,1.4676,1.4676,1.4676
COP2122-045,2,13,GAMPAHA,1.4058,ocr_3of3,1.4058,1.4058,1.4058,1.4058
COP2122-045,2,13,KALUTARA,1.4616,ocr_3of3,1.4616,1.4616,1.4616,1.4795
COP2122-045,2,13,MATALE,1.3141,ocr_3of3,1.3141,1.3141,1.3141,1.3141
COP2122-045,2,13,KANDY,1.4570,ocr_3of3,1.4570,1.4570,1.4570,1.4570
COP2122-045,2,13,NUWARA ELIYA,0.9854,ocr_3of3,0.9854,0.9854,0.9854,0.9854
COP2122-045,2,13,GALLE,1.4916,ocr_3of3,1.4916,1.4916,1.4916,1.4916
COP2122-045,2,13,MATARA,1.4949,ocr_3of3,1.4949,1.4949,1.4949,1.4949
COP2122-045,2,13,HAMBANTOTA,1.4718,ocr_3of3,1.4718,1.4718,1.4718,1.4718
COP2122-045,2,13,JAFFNA,1.4683,ocr_3of3,1.4683,1.4683,1.4683,1.4683
COP2122-045,2,13,KILINOCHCHI,1.2235,ocr_3of3,1.2235,1.2235,1.2235,1.2235
COP2122-045,2,13,MANNAR,0.9041,ocr_3of3,0.9041,0.9041,0.9041,0.9041
COP2122-045,2,13,MULLAITIVU,1.0459,ocr_3of3,1.0459,1.0459,1.0459,1.0459
COP2122-045,2,13,VAVUNIYA,1.0856,ocr_3of3,1.0856,1.0856,1.0856,1.0856
COP2122-045,2,13,TRINCOMALEE,1.2412,ocr_3of3,1.2412,1.2412,1.2412,1.2412
COP2122-045,2,13,BATTICALOA,1.3873,ocr_3of3,1.3873,1.3873,1.3873,1.3873
COP2122-045,2,13,AMPARA,1.4404,ocr_2of3_third_unreadable,1.4404,,I.4404,1.4404
COP2122-045,2,13,PUTTALAM,1.2000,ocr_3of3,1.2000,1.2000,1.2000,1.2000
COP2122-045,2,13,KURUNEGALA,1.4798,ocr_3of3,1.4798,1.4798,1.4798,1.4798
COP2122-045,2,13,ANURADHAPURA,1.2699,ocr_3of3,1.2699,1.2699,1.2699,1.2699
COP2122-045,2,13,POLONNARUWA,0.9754,ocr_3of3,0.9754,0.9754,0.9754,0.9754
COP2122-045,2,13,BADULLA,1.4655,ocr_3of3,1.4655,1.4655,1.4655,1.4655
COP2122-045,2,13,MONARAGALA,1.1243,ocr_3of3,1.1243,1.1243,1.1243,1.1243
COP2122-045,2,13,KEGALLE,1.4813,ocr_3of3,1.4813,1.4813,1.4813,1.4813
COP2122-045,2,13,RATNAPURA,1.3403,ocr_3of3,1.3403,1.3403,1.3403,1.3403
COP2122-046,2,14,COLOMBO,1.5512,ocr_3of3,1.5512,1.5512,1.5512,1.5551
COP2122-046,2,14,GAMPAHA,1.5557,ocr_3of3,1.5557,1.5557,1.5557,1.5557
COP2122-046,2,14,KALUTARA,1.5598,ocr_3of3,1.5598,1.5598,1.5598,1.5598
COP2122-046,2,14,MATALE,NQC,ocr_3of3,NQC,NQC,NQC,NQC
COP2122-046,2,14,KANDY,1.5612,ocr_3of3,1.5612,1.5612,1.5612,1.5612
COP2122-046,2,14,NUWARA ELIYA,NQC,ocr_3of3,NQC,NQC,NQC,NQC
COP2122-046,2,14,GALLE,1.5517,ocr_3of3,1.5517,1.5517,1.5517,1.5517
COP2122-046,2,14,MATARA,1.5499,ocr_3of3,1.5499,1.5499,1.5499,1.5538
COP2122-046,2,14,HAMBANTOTA,1.5658,ocr_3of3,1.5658,1.5658,1.5658,1.5658
COP2122-046,2,14,JAFFNA,1.5580,ocr_3of3,1.5580,1.5580,1.5580,1.5580
COP2122-046,2,14,KILINOCHCHI,NQC,ocr_3of3,NQC,NQC,NQC,NQC
COP2122-046,2,14,MANNAR,NQC,ocr_3of3,NQC,NQC,NQC,NQC
COP2122-046,2,14,MULLAITIVU,NQC,ocr_3of3,NQC,NQC,NQC,NQC
COP2122-046,2,14,VAVUNIYA,NQC,ocr_3of3,NQC,NQC,NQC,NQC
COP2122-046,2,14,TRINCOMALEE,NQC,ocr_3of3,NQC,NQC,NQC,NQC
COP2122-046,2,14,BATTICALOA,NQC,ocr_3of3,NQC,NQC,NQC,NQC
COP2122-046,2,14,AMPARA,NQC,ocr_3of3,NQC,NQC,NQC,NQC
COP2122-046,2,14,PUTTALAM,NQC,ocr_3of3,NQC,NQC,NQC,NQC
COP2122-046,2,14,KURUNEGALA,1.5516,ocr_3of3,1.5516,1.5516,1.5516,1.5516
COP2122-046,2,14,ANURADHAPURA,NQC,ocr_3of3,NQC,NQC,NQC,NQC
COP2122-046,2,14,POLONNARUWA,NQC,ocr_3of3,NQC,NQC,NQC,NQC
COP2122-046,2,14,BADULLA,1.5737,ocr_3of3,1.5737,1.5737,1.5737,1.5737
COP2122-046,2,14,MONARAGALA,NQC,ocr_3of3,NQC,NQC,NQC,NQC
COP2122-046,2,14,KEGALLE,1.5488,ocr_3of3,1.5488,1.5488,1.5488,1.5969
COP2122-046,2,14,RATNAPURA,NQC,ocr_3of3,NQC,NQC,NQC,NQC
COP2122-047,2,15,COLOMBO,1.3650,ocr_3of3,1.3650,1.3650,1.3650,1.3505
COP2122-047,2,15,GAMPAHA,1.2145,ocr_3of3,1.2145,1.2145,1.2145,1.2252
COP2122-047,2,15,KALUTARA,1.3225,ocr_3of3,1.3225,1.3225,1.3225,1.3225
COP2122-047,2,15,MATALE,1.1854,ocr_3of3,1.1854,1.1854,1.1854,1.1747
COP2122-047,2,15,KANDY,1.1902,ocr_3of3,1.1902,1.1902,1.1902,1.1902
COP2122-047,2,15,NUWARA ELIYA,NQC,ocr_3of3,NQC,NQC,NQC,NQC
COP2122-047,2,15,GALLE,NQC,ocr_3of3,NQC,NQC,NQC,NQC
COP2122-047,2,15,MATARA,NQC,ocr_3of3,NQC,NQC,NQC,NQC
COP2122-047,2,15,HAMBANTOTA,NQC,ocr_3of3,NQC,NQC,NQC,NQC
COP2122-047,2,15,JAFFNA,1.4099,ocr_3of3,1.4099,1.4099,1.4099,1.4099
COP2122-047,2,15,KILINOCHCHI,1.1310,ocr_3of3,1.1310,1.1310,1.1310,1.1310
COP2122-047,2,15,MANNAR,NQC,ocr_3of3,NQC,NQC,NQC,NQC
COP2122-047,2,15,MULLAITIVU,NQC,ocr_3of3,NQC,NQC,NQC,NQC
COP2122-047,2,15,VAVUNIYA,NQC,ocr_3of3,NQC,NQC,NQC,NQC
COP2122-047,2,15,TRINCOMALEE,1.2289,ocr_3of3,1.2289,1.2289,1.2289,1.2289
COP2122-047,2,15,BATTICALOA,1.1583,ocr_3of3,1.1583,1.1583,1.1583,1.1583
COP2122-047,2,15,AMPARA,1.1277,ocr_3of3,1.1277,1.1277,1.1277,1.1277
COP2122-047,2,15,PUTTALAM,1.1296,ocr_3of3,1.1296,1.1296,1.1296,1.1296
COP2122-047,2,15,KURUNEGALA,1.2575,ocr_3of3,1.2575,1.2575,1.2575,1.2575
COP2122-047,2,15,ANURADHAPURA,1.1447,ocr_3of3,1.1447,I. 1447,1.1447,1.1447
COP2122-047,2,15,POLONNARUWA,NQC,ocr_3of3,NQC,NQC,NQC,NQC
COP2122-047,2,15,BADULLA,1.3256,ocr_3of3,1.3256,1.3256,1.3256,1.3256
COP2122-047,2,15,MONARAGALA,NQC,ocr_3of3,NQC,NQC,NQC,NQC
COP2122-047,2,15,KEGALLE,1.2515,ocr_3of3,1.2515,1.2515,1.2515,1.2515
COP2122-047,2,15,RATNAPURA,1.2098,ocr_3of3,1.2098,1.2098,1.2098,1.2098
COP2122-048,2,16,COLOMBO,1.3887,ocr_3of3,1.3887,1.3887,1.3887,1.3887
COP2122-048,2,16,GAMPAHA,1.3905,ocr_3of3,1.3905,1.3905,1.3905,1.3905
COP2122-048,2,16,KALUTARA,1.3905,ocr_3of3,1.3905,1.3905,1.3905,1.3905
COP2122-048,2,16,MATALE,1.4010,ocr_3of3,1.4010,1.4010,1.4010,1.4010
COP2122-048,2,16,KANDY,1.3908,ocr_3of3,1.3908,1.3908,1.3908,1.3908
COP2122-048,2,16,NUWARA ELIYA,NQC,ocr_3of3,NQC,NQC,NQC,NQC
COP2122-048,2,16,GALLE,1.4627,ocr_3of3,1.4627,1.4627,1.4627,1.4693
COP2122-048,2,16,MATARA,1.4374,ocr_3of3,1.4374,I .4374,I.4374,1.4646
COP2122-048,2,16,HAMBANTOTA,1.4324,ocr_3of3,1.4324,I .4324,I.4324,1.4415
COP2122-048,2,16,JAFFNA,1.4369,ocr_3of3,1.4369,1.4369,1.4369,1.4369
COP2122-048,2,16,KILINOCHCHI,NQC,ocr_3of3,NQC,NQC,NQC,NQC
COP2122-048,2,16,MANNAR,NQC,ocr_3of3,NQC,NQC,NQC,NQC
COP2122-048,2,16,MULLAITIVU,NQC,ocr_3of3,NQC,NQC,NQC,NQC
COP2122-048,2,16,VAVUNIYA,NQC,ocr_3of3,NQC,NQC,NQC,NQC
COP2122-048,2,16,TRINCOMALEE,NQC,ocr_3of3,NQC,NQC,NQC,NQC
COP2122-048,2,16,BATTICALOA,1.3966,ocr_3of3,1.3966,1.3966,1.3966,1.3966
COP2122-048,2,16,AMPARA,1.3919,ocr_3of3,1.3919,1.3919,1.3919,1.3919
COP2122-048,2,16,PUTTALAM,NQC,ocr_3of3,NQC,NQC,NQC,NQC
COP2122-048,2,16,KURUNEGALA,1.3884,ocr_3of3,1.3884,1.3884,1.3884,1.3968
COP2122-048,2,16,ANURADHAPURA,NQC,ocr_3of3,NQC,NQC,NQC,NQC
COP2122-048,2,16,POLONNARUWA,NQC,ocr_3of3,NQC,NQC,NQC,NQC
COP2122-048,2,16,BADULLA,1.3996,ocr_3of3,1.3996,1.3996,1.3996,1.3996
COP2122-048,2,16,MONARAGALA,NQC,ocr_3of3,NQC,NQC,NQC,NQC
COP2122-048,2,16,KEGALLE,1.4173,ocr_3of3,1.4173,1.4173,1.4173,1.4173
COP2122-048,2,16,RATNAPURA,1.4758,ocr_3of3,1.4758,1.4758,1.4758,1.4758
COP2122-049,2,17,COLOMBO,1.6318,ocr_3of3,1.6318,1.6318,1.6318,1.6318
COP2122-049,2,17,GAMPAHA,1.6971,ocr_3of3,1.6971,1.6971,1.6971,1.6971
COP2122-049,2,17,KALUTARA,1.6326,ocr_3of3,1.6326,1.6326,1.6326,1.6326
COP2122-049,2,17,MATALE,NQC,ocr_3of3,NQC,NQC,NQC,NQC
COP2122-049,2,17,KANDY,1.6383,ocr_3of3,1.6383,1.6383,1.6383,1.6383
COP2122-049,2,17,NUWARA ELIYA,2.1144,ocr_3of3,2.1144,2.1144,2.1144,2.1144
COP2122-049,2,17,GALLE,1.6311,ocr_3of3,1.6311,1.6311,1.6311,1.6311
COP2122-049,2,17,MATARA,1.6330,ocr_3of3,1.6330,1.6330,1.6330,1.6330
COP2122-049,2,17,HAMBANTOTA,1.6384,ocr_3of3,1.6384,1.6384,1.6384,1.6384
COP2122-049,2,17,JAFFNA,1.6661,ocr_3of3,1.6661,1.6661,1.6661,1.6661
COP2122-049,2,17,KILINOCHCHI,NQC,ocr_3of3,NQC,NQC,NQC,NQC
COP2122-049,2,17,MANNAR,NQC,ocr_3of3,NQC,NQC,NQC,NQC
COP2122-049,2,17,MULLAITIVU,NQC,ocr_3of3,NQC,NQC,NQC,NQC
COP2122-049,2,17,VAVUNIYA,NQC,ocr_3of3,NQC,NQC,NQC,NQC
COP2122-049,2,17,TRINCOMALEE,NQC,ocr_3of3,NQC,NQC,NQC,NQC
COP2122-049,2,17,BATTICALOA,2.1836,ocr_3of3,2.1836,2.1836,2.1836,2.1836
COP2122-049,2,17,AMPARA,NQC,ocr_3of3,NQC,NQC,NQC,NQC
COP2122-049,2,17,PUTTALAM,1.8478,ocr_3of3,1.8478,1.8478,1.8478,1.8478
COP2122-049,2,17,KURUNEGALA,1.6366,ocr_3of3,1.6366,1.6366,1.6366,1.6366
COP2122-049,2,17,ANURADHAPURA,NQC,ocr_3of3,NQC,NQC,NQC,NQC
COP2122-049,2,17,POLONNARUWA,NQC,ocr_3of3,NQC,NQC,NQC,NQC
COP2122-049,2,17,BADULLA,1.6333,ocr_3of3,1.6333,1.6333,1.6333,1.6333
COP2122-049,2,17,MONARAGALA,NQC,ocr_3of3,NQC,NQC,NQC,NQC
COP2122-049,2,17,KEGALLE,1.6495,ocr_3of3,1.6495,1.6495,1.6495,1.6495
COP2122-049,2,17,RATNAPURA,1.7032,ocr_3of3,1.7032,1.7032,1.7032,1.7032
COP2122-050,2,18,COLOMBO,1.3776,ocr_3of3,1.3776,1.3776,1.3776,1.3776
COP2122-050,2,18,GAMPAHA,1.2181,ocr_3of3,1.2181,1.2181,1.2181,1.2181
COP2122-050,2,18,KALUTARA,1.2521,ocr_3of3,1.2521,1.2521,1.2521,1.3160
COP2122-050,2,18,MATALE,0.9575,ocr_3of3,0.9575,0.9575,0.9575,0.9575
COP2122-050,2,18,KANDY,NQC,ocr_3of3,NQC,NQC,NQC,NQC
COP2122-050,2,18,NUWARA ELIYA,0.5758,ocr_3of3,0.5758,0.5758,0.5758,0.5758
COP2122-050,2,18,GALLE,NQC,ocr_3of3,NQC,NQC,NQC,NQC
COP2122-050,2,18,MATARA,NQC,ocr_3of3,NQC,NQC,NQC,NQC
COP2122-050,2,18,HAMBANTOTA,NQC,ocr_3of3,NQC,NQC,NQC,NQC
COP2122-050,2,18,JAFFNA,NQC,ocr_3of3,NQC,NQC,NQC,NQC
COP2122-050,2,18,KILINOCHCHI,1.0441,visual_read,1.0441,,,1.0441
COP2122-050,2,18,MANNAR,0.5143,ocr_3of3,0.5143,0.5143,0.5143,0.5143
COP2122-050,2,18,MULLAITIVU,0.5433,ocr_3of3,0.5433,0.5433,0.5433,0.5433
COP2122-050,2,18,VAVUNIYA,0.6107,ocr_3of3,0.6107,0.6107,0.6107,0.6107
COP2122-050,2,18,TRINCOMALEE,0.6438,ocr_3of3,0.6438,0.6438,0.6438,0.6438
COP2122-050,2,18,BATTICALOA,1.0121,ocr_3of3,1.0121,1.0121,1.0121,1.0121
COP2122-050,2,18,AMPARA,1.0274,ocr_3of3,1.0274,1.0274,1.0274,1.0384
COP2122-050,2,18,PUTTALAM,0.7563,ocr_3of3,0.7563,0.7563,0.7563,0.7563
COP2122-050,2,18,KURUNEGALA,NQC,ocr_3of3,NQC,NQC,NQC,NQC
COP2122-050,2,18,ANURADHAPURA,0.9125,ocr_3of3,0.9125,0.9125,0.9125,0.9125
COP2122-050,2,18,POLONNARUWA,0.6918,ocr_3of3,0.6918,0.6918,0.6918,0.6918
COP2122-050,2,18,BADULLA,1.3494,ocr_3of3,1.3494,I .3494,I.3494,1.3494
COP2122-050,2,18,MONARAGALA,0.7431,ocr_3of3,0.7431,0.7431,0.7431,0.7659
COP2122-050,2,18,KEGALLE,NQC,ocr_3of3,NQC,NQC,NQC,NQC
COP2122-050,2,18,RATNAPURA,0.7605,ocr_3of3,0.7605,0.7605,0.7605,0.7605
COP2122-051,2,19,COLOMBO,1.5406,ocr_3of3,1.5406,1.5406,1.5406,1.5406
COP2122-051,2,19,GAMPAHA,1.5421,ocr_3of3,1.5421,1.5421,1.5421,1.5421
COP2122-051,2,19,KALUTARA,1.5588,ocr_3of3,1.5588,1.5588,1.5588,1.5588
COP2122-051,2,19,MATALE,NQC,ocr_3of3,NQC,NQC,NQC,NQC
COP2122-051,2,19,KANDY,1.5434,ocr_3of3,1.5434,I .5434,1.5434,1.5434
COP2122-051,2,19,NUWARA ELIYA,NQC,ocr_3of3,NQC,NQC,NQC,NQC
COP2122-051,2,19,GALLE,1.5405,ocr_3of3,1.5405,1.5405,1.5405,1.5405
COP2122-051,2,19,MATARA,1.5399,ocr_3of3,1.5399,1.5399,1.5399,1.5399
COP2122-051,2,19,HAMBANTOTA,1.5416,ocr_3of3,1.5416,1.5416,1.5416,1.5416
COP2122-051,2,19,JAFFNA,1.5702,ocr_3of3,1.5702,1.5702,1.5702,1.5702
COP2122-051,2,19,KILINOCHCHI,NQC,ocr_3of3,NQC,NQC,NQC,NQC
COP2122-051,2,19,MANNAR,NQC,ocr_3of3,NQC,NQC,NQC,NQC
COP2122-051,2,19,MULLAITIVU,NQC,ocr_3of3,NQC,NQC,NQC,NQC
COP2122-051,2,19,VAVUNIYA,NQC,ocr_3of3,NQC,NQC,NQC,NQC
COP2122-051,2,19,TRINCOMALEE,NQC,ocr_3of3,NQC,NQC,NQC,NQC
COP2122-051,2,19,BATTICALOA,NQC,ocr_3of3,NQC,NQC,NQC,NQC
COP2122-051,2,19,AMPARA,NQC,ocr_3of3,NQC,NQC,NQC,NQC
COP2122-051,2,19,PUTTALAM,NQC,ocr_3of3,NQC,NQC,NQC,NQC
COP2122-051,2,19,KURUNEGALA,1.5408,ocr_3of3,1.5408,1.5408,1.5408,1.5408
COP2122-051,2,19,ANURADHAPURA,NQC,ocr_3of3,NQC,NQC,NQC,NQC
COP2122-051,2,19,POLONNARUWA,NQC,ocr_3of3,NQC,NQC,NQC,NQC
COP2122-051,2,19,BADULLA,NQC,ocr_3of3,NQC,NQC,NQC,NQC
COP2122-051,2,19,MONARAGALA,NQC,ocr_3of3,NQC,NQC,NQC,NQC
COP2122-051,2,19,KEGALLE,1.5406,ocr_3of3,1.5406,1.5406,1.5406,1.5406
COP2122-051,2,19,RATNAPURA,1.6225,ocr_3of3,1.6225,1.6225,1.6225,1.6225
COP2122-052,2,20,COLOMBO,1.3125,ocr_3of3,1.3125,1.3125,1.3125,1.3145
COP2122-052,2,20,GAMPAHA,1.3211,ocr_3of3,1.3211,1.3211,1.3211,1.3211
COP2122-052,2,20,KALUTARA,1.3232,ocr_3of3,1.3232,1.3232,1.3232,1.3232
COP2122-052,2,20,MATALE,1.5311,ocr_3of3,1.5311,1.5311,1.5311,1.5311
COP2122-052,2,20,KANDY,1.3178,ocr_3of3,1.3178,1.3178,1.3178,1.3178
COP2122-052,2,20,NUWARA ELIYA,NQC,ocr_3of3,NQC,NQC,NQC,NQC
COP2122-052,2,20,GALLE,1.3117,ocr_3of3,1.3117,1.3117,1.3117,1.3188
COP2122-052,2,20,MATARA,1.3251,ocr_3of3,1.3251,1.3251,1.3251,1.3251
COP2122-052,2,20,HAMBANTOTA,1.3213,ocr_3of3,1.3213,1.3213,1.3213,1.3213
COP2122-052,2,20,JAFFNA,1.3920,ocr_3of3,1.3920,1.3920,1.3920,1.3920
COP2122-052,2,20,KILINOCHCHI,NQC,ocr_3of3,NQC,NQC,NQC,NQC
COP2122-052,2,20,MANNAR,NQC,ocr_3of3,NQC,NQC,NQC,NQC
COP2122-052,2,20,MULLAITIVU,NQC,ocr_3of3,NQC,NQC,NQC,NQC
COP2122-052,2,20,VAVUNIYA,NQC,ocr_3of3,NQC,NQC,NQC,NQC
COP2122-052,2,20,TRINCOMALEE,NQC,ocr_3of3,NQC,NQC,NQC,NQC
COP2122-052,2,20,BATTICALOA,NQC,ocr_3of3,NQC,NQC,NQC,NQC
COP2122-052,2,20,AMPARA,NQC,ocr_3of3,NQC,NQC,NQC,NQC
COP2122-052,2,20,PUTTALAM,1.7209,ocr_3of3,1.7209,1.7209,1.7209,1.7209
COP2122-052,2,20,KURUNEGALA,1.3144,visual_read,1.3144,,,1.3252
COP2122-052,2,20,ANURADHAPURA,1.3141,ocr_3of3,1.3141,1.3141,1.3141,NQC
COP2122-052,2,20,POLONNARUWA,NQC,ocr_3of3,NQC,NQC,NQC,NQC
COP2122-052,2,20,BADULLA,1.3180,ocr_3of3,1.3180,1.3180,1.3180,1.3180
COP2122-052,2,20,MONARAGALA,NQC,ocr_3of3,NQC,NQC,NQC,NQC
COP2122-052,2,20,KEGALLE,1.3206,ocr_3of3,1.3206,1.3206,1.3206,1.3206
COP2122-052,2,20,RATNAPURA,1.3337,ocr_3of3,1.3337,1.3337,1.3337,1.3337
COP2122-053,2,21,COLOMBO,1.2039,ocr_3of3,1.2039,1.2039,1.2039,1.2130
COP2122-053,2,21,GAMPAHA,1.2051,ocr_3of3,1.2051,1.2051,1.2051,1.2139
COP2122-053,2,21,KALUTARA,1.2060,ocr_3of3,1.2060,1.2060,1.2060,1.2103
COP2122-053,2,21,MATALE,1.2341,ocr_3of3,1.2341,1.2341,1.2341,1.2341
COP2122-053,2,21,KANDY,1.2056,ocr_3of3,1.2056,1.2056,1.2056,1.2125
COP2122-053,2,21,NUWARA ELIYA,NQC,ocr_3of3,NQC,NQC,NQC,NQC
COP2122-053,2,21,GALLE,1.2076,ocr_3of3,1.2076,1.2076,1.2076,1.2089
COP2122-053,2,21,MATARA,1.2050,ocr_3of3,1.2050,1.2050,1.2050,1.2141
COP2122-053,2,21,HAMBANTOTA,1.2103,ocr_3of3,1.2103,1.2103,1.2103,1.2103
COP2122-053,2,21,JAFFNA,1.2579,ocr_3of3,1.2579,1.2579,1.2579,1.2579
COP2122-053,2,21,KILINOCHCHI,NQC,ocr_3of3,NQC,NQC,NQC,NQC
COP2122-053,2,21,MANNAR,NQC,ocr_3of3,NQC,NQC,NQC,NQC
COP2122-053,2,21,MULLAITIVU,NQC,ocr_3of3,NQC,NQC,NQC,NQC
COP2122-053,2,21,VAVUNIYA,NQC,ocr_3of3,NQC,NQC,NQC,NQC
COP2122-053,2,21,TRINCOMALEE,NQC,ocr_3of3,NQC,NQC,NQC,NQC
COP2122-053,2,21,BATTICALOA,1.2452,ocr_3of3,1.2452,1.2452,1.2452,1.2452
COP2122-053,2,21,AMPARA,1.2397,ocr_3of3,1.2397,1.2397,1.2397,1.2397
COP2122-053,2,21,PUTTALAM,1.2267,ocr_3of3,1.2267,1.2267,1.2267,1.2267
COP2122-053,2,21,KURUNEGALA,1.2041,ocr_3of3,1.2041,1.2041,I.2041,1.2260
COP2122-053,2,21,ANURADHAPURA,1.2215,ocr_3of3,1.2215,1.2215,1.2215,1.2215
COP2122-053,2,21,POLONNARUWA,1.2186,ocr_3of3,1.2186,1.2186,1.2186,1.2186
COP2122-053,2,21,BADULLA,1.2133,ocr_3of3,1.2133,1.2133,1.2133,1.2133
COP2122-053,2,21,MONARAGALA,NQC,ocr_3of3,NQC,NQC,NQC,NQC
COP2122-053,2,21,KEGALLE,1.2103,ocr_3of3,1.2103,1.2103,1.2103,1.2103
COP2122-053,2,21,RATNAPURA,1.2080,ocr_3of3,1.2080,1.2080,1.2080,1.2080
COP2122-054,2,22,COLOMBO,1.1214,ocr_3of3,1.1214,1.1214,1.1214,1.1269
COP2122-054,2,22,GAMPAHA,1.1208,ocr_3of3,1.1208,1.1208,1.1208,1.1277
COP2122-054,2,22,KALUTARA,1.1209,ocr_3of3,1.1209,1.1209,1.1209,1.1350
COP2122-054,2,22,MATALE,NQC,ocr_3of3,NQC,NQC,NQC,NQC
COP2122-054,2,22,KANDY,1.1348,ocr_3of3,1.1348,1.1348,1.1348,1.1348
COP2122-054,2,22,NUWARA ELIYA,NQC,ocr_3of3,NQC,NQC,NQC,NQC
COP2122-054,2,22,GALLE,1.1282,ocr_3of3,1.1282,1.1282,1.1282,1.1282
COP2122-054,2,22,MATARA,1.1209,ocr_3of3,1.1209,1.1209,1.1209,1.1269
COP2122-054,2,22,HAMBANTOTA,1.1282,ocr_3of3,1.1282,1.1282,1.1282,1.1282
COP2122-054,2,22,JAFFNA,1.1264,ocr_3of3,1.1264,1.1264,1.1264,1.1315
COP2122-054,2,22,KILINOCHCHI,NQC,ocr_3of3,NQC,NQC,NQC,NQC
COP2122-054,2,22,MANNAR,NQC,ocr_3of3,NQC,NQC,NQC,NQC
COP2122-054,2,22,MULLAITIVU,NQC,ocr_3of3,NQC,NQC,NQC,NQC
COP2122-054,2,22,VAVUNIYA,NQC,ocr_3of3,NQC,NQC,NQC,NQC
COP2122-054,2,22,TRINCOMALEE,NQC,ocr_3of3,NQC,NQC,NQC,NQC
COP2122-054,2,22,BATTICALOA,1.1447,ocr_2of3_third_unreadable,1.1447,1.1447,,1.1447
COP2122-054,2,22,AMPARA,NQC,ocr_3of3,NQC,NQC,NQC,NQC
COP2122-054,2,22,PUTTALAM,1.1373,ocr_3of3,1.1373,1.1373,1.1373,1.1373
COP2122-054,2,22,KURUNEGALA,1.1306,ocr_3of3,1.1306,1.1306,1.1306,1.1306
COP2122-054,2,22,ANURADHAPURA,NQC,ocr_3of3,NQC,NQC,NQC,1.2056
COP2122-054,2,22,POLONNARUWA,NQC,ocr_3of3,NQC,NQC,NQC,NQC
COP2122-054,2,22,BADULLA,1.1325,ocr_3of3,1.1325,1.1325,1.1325,1.1325
COP2122-054,2,22,MONARAGALA,1.1448,ocr_3of3,1.1448,I. 1448,I.1448,1.1448
COP2122-054,2,22,KEGALLE,1.1324,ocr_3of3,1.1324,1.1324,1.1324,1.1324
COP2122-054,2,22,RATNAPURA,1.1293,ocr_3of3,1.1293,1.1293,1.1293,1.1293
COP2122-055,2,23,COLOMBO,1.0119,ocr_3of3,1.0119,1.0119,1.0119,1.0185
COP2122-055,2,23,GAMPAHA,1.0149,ocr_3of3,1.0149,1.0149,1.0149,1.0175
COP2122-055,2,23,KALUTARA,1.0114,ocr_3of3,1.0114,I .0114,I.0114,1.0241
COP2122-055,2,23,MATALE,1.0258,ocr_3of3,1.0258,1.0258,1.0258,1.0258
COP2122-055,2,23,KANDY,1.0120,ocr_3of3,1.0120,1.0120,1.0120,1.0192
COP2122-055,2,23,NUWARA ELIYA,NQC,ocr_3of3,NQC,NQC,NQC,NQC
COP2122-055,2,23,GALLE,1.0156,ocr_3of3,1.0156,1.0156,1.0156,1.0197
COP2122-055,2,23,MATARA,1.0118,ocr_3of3,1.0118,1.0118,1.0118,1.0199
COP2122-055,2,23,HAMBANTOTA,1.0249,ocr_3of3,1.0249,1.0249,1.0249,1.0249
COP2122-055,2,23,JAFFNA,1.0270,ocr_3of3,1.0270,1.0270,1.0270,1.0270
COP2122-055,2,23,KILINOCHCHI,1.0433,ocr_3of3,1.0433,1.0433,1.0433,1.0433
COP2122-055,2,23,MANNAR,NQC,ocr_3of3,NQC,NQC,NQC,NQC
COP2122-055,2,23,MULLAITIVU,NQC,ocr_3of3,NQC,NQC,NQC,NQC
COP2122-055,2,23,VAVUNIYA,NQC,ocr_3of3,NQC,NQC,NQC,NQC
COP2122-055,2,23,TRINCOMALEE,NQC,ocr_3of3,NQC,NQC,NQC,NQC
COP2122-055,2,23,BATTICALOA,1.0694,ocr_3of3,1.0694,1.0694,1.0694,1.0694
COP2122-055,2,23,AMPARA,1.0163,ocr_3of3,1.0163,1.0163,1.0163,1.0274
COP2122-055,2,23,PUTTALAM,NQC,ocr_3of3,NQC,NQC,NQC,NQC
COP2122-055,2,23,KURUNEGALA,1.0144,ocr_3of3,1.0144,I .0144,I.0144,1.0177
COP2122-055,2,23,ANURADHAPURA,1.0118,ocr_3of3,1.0118,1.0118,1.0118,1.0423
COP2122-055,2,23,POLONNARUWA,1.0240,ocr_3of3,1.0240,1.0240,1.0240,1.0240
COP2122-055,2,23,BADULLA,1.0315,ocr_3of3,1.0315,1.0315,1.0315,1.0315
COP2122-055,2,23,MONARAGALA,1.0516,ocr_3of3,1.0516,1.0516,1.0516,1.0516
COP2122-055,2,23,KEGALLE,1.0157,ocr_3of3,1.0157,1.0157,1.0157,1.0298
COP2122-055,2,23,RATNAPURA,1.0208,ocr_3of3,1.0208,1.0208,1.0208,1.0208
COP2122-056,2,24,COLOMBO,0.8342,ocr_3of3,0.8342,0.8342,0.8342,0.8342
COP2122-056,2,24,GAMPAHA,0.7551,ocr_3of3,0.7551,0.7551,0.7551,0.7622
COP2122-056,2,24,KALUTARA,0.8430,ocr_3of3,0.8430,0.8430,0.8430,0.8430
COP2122-056,2,24,MATALE,0.6861,ocr_3of3,0.6861,0.6861,0.6861,0.7202
COP2122-056,2,24,KANDY,0.7715,ocr_3of3,0.7715,0.7715,0.7715,0.7766
COP2122-056,2,24,NUWARA ELIYA,0.7215,ocr_3of3,0.7215,0.7215,0.7215,0.7215
COP2122-056,2,24,GALLE,0.8888,ocr_3of3,0.8888,0.8888,0.8888,NQC
COP2122-056,2,24,MATARA,0.9951,ocr_3of3,0.9951,0.9951,0.9951,0.9951
COP2122-056,2,24,HAMBANTOTA,0.7785,ocr_3of3,0.7785,0.7785,0.7785,0.7579
COP2122-056,2,24,JAFFNA,0.7778,ocr_3of3,0.7778,0.7778,0.7778,0.8089
COP2122-056,2,24,KILINOCHCHI,0.7627,ocr_3of3,0.7627,0.7627,0.7627,0.7627
COP2122-056,2,24,MANNAR,NQC,ocr_3of3,NQC,NQC,NQC,NQC
COP2122-056,2,24,MULLAITIVU,NQC,ocr_3of3,NQC,NQC,NQC,NQC
COP2122-056,2,24,VAVUNIYA,0.7015,ocr_3of3,0.7015,0.7015,0.7015,0.7015
COP2122-056,2,24,TRINCOMALEE,0.6945,ocr_3of3,0.6945,0.6945,0.6945,0.6945
COP2122-056,2,24,BATTICALOA,0.7211,ocr_3of3,0.7211,0.7211,0.7211,0.7211
COP2122-056,2,24,AMPARA,0.7198,ocr_3of3,0.7198,0.7198,0.7198,0.7198
COP2122-056,2,24,PUTTALAM,0.6962,ocr_3of3,0.6962,0.6962,0.6962,0.6962
COP2122-056,2,24,KURUNEGALA,0.8638,ocr_3of3,0.8638,0.8638,0.8638,0.8693
COP2122-056,2,24,ANURADHAPURA,0.6848,ocr_3of3,0.6848,0.6848,0.6848,0.6971
COP2122-056,2,24,POLONNARUWA,0.7219,ocr_3of3,0.7219,0.7219,0.7219,0.7219
COP2122-056,2,24,BADULLA,0.7495,ocr_3of3,0.7495,0.7495,0.7495,0.7495
COP2122-056,2,24,MONARAGALA,0.7024,ocr_3of3,0.7024,0.7024,0.7024,0.7024
COP2122-056,2,24,KEGALLE,0.9253,ocr_3of3,0.9253,0.9253,0.9253,0.9170
COP2122-056,2,24,RATNAPURA,0.6900,ocr_3of3,0.6900,0.6900,0.6900,0.7018
COP2122-057,2,25,COLOMBO,0.9337,ocr_3of3,0.9337,0.9337,0.9337,0.9436
COP2122-057,2,25,GAMPAHA,0.9362,ocr_3of3,0.9362,0.9362,0.9362,0.9413
COP2122-057,2,25,KALUTARA,0.9315,ocr_3of3,0.9315,0.9315,0.9315,0.9481
COP2122-057,2,25,MATALE,0.9426,ocr_3of3,0.9426,0.9426,0.9426,0.9426
COP2122-057,2,25,KANDY,0.9366,ocr_3of3,0.9366,0.9366,0.9366,0.9427
COP2122-057,2,25,NUWARA ELIYA,0.9413,ocr_3of3,0.9413,0.9413,0.9413,0.9413
COP2122-057,2,25,GALLE,0.9323,ocr_3of3,0.9323,0.9323,0.9323,0.9416
COP2122-057,2,25,MATARA,0.9615,ocr_3of3,0.9615,0.9615,0.9615,0.9621
COP2122-057,2,25,HAMBANTOTA,0.9340,ocr_3of3,0.9340,0.9340,0.9340,0.9432
COP2122-057,2,25,JAFFNA,0.9539,ocr_3of3,0.9539,0.9539,0.9539,0.9539
COP2122-057,2,25,KILINOCHCHI,0.9343,ocr_3of3,0.9343,0.9343,0.9343,NQC
COP2122-057,2,25,MANNAR,NQC,ocr_3of3,NQC,NQC,NQC,NQC
COP2122-057,2,25,MULLAITIVU,NQC,ocr_3of3,NQC,NQC,NQC,NQC
COP2122-057,2,25,VAVUNIYA,0.9689,ocr_3of3,0.9689,0.9689,0.9689,0.9689
COP2122-057,2,25,TRINCOMALEE,NQC,ocr_3of3,NQC,NQC,NQC,NQC
COP2122-057,2,25,BATTICALOA,0.9421,ocr_3of3,0.9421,0.9421,0.9421,0.9421
COP2122-057,2,25,AMPARA,0.9618,ocr_3of3,0.9618,0.9618,0.9618,0.9618
COP2122-057,2,25,PUTTALAM,0.9795,ocr_3of3,0.9795,0.9795,0.9795,0.9795
COP2122-057,2,25,KURUNEGALA,0.9331,ocr_3of3,0.9331,0.9331,0.9331,0.9414
COP2122-057,2,25,ANURADHAPURA,0.9339,ocr_3of3,0.9339,0.9339,0.9339,0.9423
COP2122-057,2,25,POLONNARUWA,NQC,ocr_3of3,NQC,NQC,NQC,NQC
COP2122-057,2,25,BADULLA,0.9413,ocr_3of3,0.9413,0.9413,0.9413,0.9413
COP2122-057,2,25,MONARAGALA,0.9386,ocr_3of3,0.9386,0.9386,0.9386,0.9490
COP2122-057,2,25,KEGALLE,0.9385,ocr_3of3,0.9385,0.9385,0.9385,0.9418
COP2122-057,2,25,RATNAPURA,0.9333,ocr_3of3,0.9333,0.9333,0.9333,0.9436
COP2122-058,2,26,COLOMBO,0.8325,ocr_3of3,0.8325,0.8325,0.8325,0.8362
COP2122-058,2,26,GAMPAHA,0.8174,ocr_3of3,0.8174,0.8174,0.8174,0.7619
COP2122-058,2,26,KALUTARA,0.8346,ocr_3of3,0.8346,0.8346,0.8346,0.8662
COP2122-058,2,26,MATALE,0.5816,ocr_3of3,0.5816,0.5816,0.5816,0.5816
COP2122-058,2,26,KANDY,0.7689,ocr_3of3,0.7689,0.7689,0.7689,0.7809
COP2122-058,2,26,NUWARA ELIYA,0.4292,ocr_3of3,0.4292,0.4292,0.4292,0.4292
COP2122-058,2,26,GALLE,NQC,ocr_3of3,NQC,NQC,NQC,0.9364
COP2122-058,2,26,MATARA,0.9617,ocr_3of3,0.9617,0.9617,0.9617,NQC
COP2122-058,2,26,HAMBANTOTA,0.8211,ocr_3of3,0.8211,0.8211,0.8211,0.8211
COP2122-058,2,26,JAFFNA,0.8052,ocr_3of3,0.8052,0.8052,0.8052,0.8497
COP2122-058,2,26,KILINOCHCHI,0.6012,ocr_3of3,0.6012,0.6012,0.6012,0.6012
COP2122-058,2,26,MANNAR,NQC,ocr_3of3,NQC,NQC,NQC,NQC
COP2122-058,2,26,MULLAITIVU,0.4528,ocr_3of3,0.4528,0.4528,0.4528,0.4528
COP2122-058,2,26,VAVUNIYA,0.4523,ocr_3of3,0.4523,0.4523,0.4523,0.4523
COP2122-058,2,26,TRINCOMALEE,0.4447,ocr_3of3,0.4447,0.4447,0.4447,0.4447
COP2122-058,2,26,BATTICALOA,0.4464,ocr_2of3_third_unreadable,0.4464,,0.4464,0.4464
COP2122-058,2,26,AMPARA,0.6413,ocr_3of3,0.6413,0.6413,0.6413,0.6413
COP2122-058,2,26,PUTTALAM,0.4649,ocr_3of3,0.4649,0.4649,0.4649,0.4649
COP2122-058,2,26,KURUNEGALA,0.8743,ocr_3of3,0.8743,0.8743,0.8743,0.8743
COP2122-058,2,26,ANURADHAPURA,0.5559,ocr_3of3,0.5559,0.5559,0.5559,0.5559
COP2122-058,2,26,POLONNARUWA,0.4336,ocr_3of3,0.4336,0.4336,0.4336,0.4336
COP2122-058,2,26,BADULLA,0.7997,ocr_3of3,0.7997,0.7997,0.7997,0.7641
COP2122-058,2,26,MONARAGALA,0.5323,ocr_3of3,0.5323,0.5323,0.5323,0.5323
COP2122-058,2,26,KEGALLE,NQC,ocr_3of3,NQC,NQC,NQC,NQC
COP2122-058,2,26,RATNAPURA,0.5665,ocr_3of3,0.5665,0.5665,0.5665,0.5665
COP2122-059,2,27,COLOMBO,0.8762,ocr_3of3,0.8762,0.8762,0.8762,0.8762
COP2122-059,2,27,GAMPAHA,0.7607,ocr_3of3,0.7607,0.7607,0.7607,0.7607
COP2122-059,2,27,KALUTARA,0.8280,ocr_3of3,0.8280,0.8280,0.8280,0.8726
COP2122-059,2,27,MATALE,0.5710,ocr_3of3,0.5710,0.5710,0.5710,0.5790
COP2122-059,2,27,KANDY,0.7916,ocr_3of3,0.7916,0.7916,0.7916,0.7916
COP2122-059,2,27,NUWARA ELIYA,0.2757,ocr_3of3,0.2757,0.2757,0.2757,0.2757
COP2122-059,2,27,GALLE,0.9263,ocr_3of3,0.9263,0.9263,0.9263,0.9263
COP2122-059,2,27,MATARA,NQC,ocr_3of3,NQC,NQC,NQC,NQC
COP2122-059,2,27,HAMBANTOTA,0.7259,ocr_3of3,0.7259,0.7259,0.7259,0.7415
COP2122-059,2,27,JAFFNA,NQC,ocr_3of3,NQC,NQC,NQC,NQC
COP2122-059,2,27,KILINOCHCHI,0.6590,ocr_3of3,0.6590,0.6590,0.6590,0.6590
COP2122-059,2,27,MANNAR,-0.0549,ocr_3of3,-0.0549,-0.0549,-0.0549,-0.0549
COP2122-059,2,27,MULLAITIVU,0.2124,ocr_3of3,0.2124,0.2124,0.2124,0.2124
COP2122-059,2,27,VAVUNIYA,0.2170,ocr_3of3,0.2170,0.2170,0.2170,0.2170
COP2122-059,2,27,TRINCOMALEE,0.3274,ocr_3of3,0.3274,0.3274,0.3274,0.3274
COP2122-059,2,27,BATTICALOA,0.5855,ocr_3of3,0.5855,0.5855,0.5855,0.5855
COP2122-059,2,27,AMPARA,0.6366,ocr_3of3,0.6366,0.6366,0.6366,0.6385
COP2122-059,2,27,PUTTALAM,0.3965,ocr_3of3,0.3965,0.3965,0.3965,0.4084
COP2122-059,2,27,KURUNEGALA,0.8745,ocr_3of3,0.8745,0.8745,0.8745,0.8745
COP2122-059,2,27,ANURADHAPURA,0.5643,ocr_3of3,0.5643,0.5643,0.5643,0.5643
COP2122-059,2,27,POLONNARUWA,0.4573,ocr_3of3,0.4573,0.4573,0.4573,0.4573
COP2122-059,2,27,BADULLA,0.7468,ocr_3of3,0.7468,0.7468,0.7468,0.7665
COP2122-059,2,27,MONARAGALA,0.5809,ocr_3of3,0.5809,0.5809,0.5809,0.5809
COP2122-059,2,27,KEGALLE,0.9213,ocr_3of3,0.9213,0.9213,0.9213,0.9213
COP2122-059,2,27,RATNAPURA,0.5615,ocr_3of3,0.5615,0.5615,0.5615,0.5615
COP2122-060,2,28,COLOMBO,1.0020,ocr_3of3,1.0020,1.0020,1.0020,1.0020
COP2122-060,2,28,GAMPAHA,1.0268,ocr_3of3,1.0268,1.0268,1.0268,1.0268
COP2122-060,2,28,KALUTARA,1.2658,ocr_3of3,1.2658,1.2658,1.2658,1.2658
COP2122-060,2,28,MATALE,0.9429,ocr_3of3,0.9429,0.9429,0.9429,0.9429
COP2122-060,2,28,KANDY,0.9669,ocr_3of3,0.9669,0.9669,0.9669,0.9669
COP2122-060,2,28,NUWARA ELIYA,0.8777,ocr_3of3,0.8777,0.8777,0.8777,0.8777
COP2122-060,2,28,GALLE,1.2342,ocr_3of3,1.2342,1.2342,1.2342,1.2342
COP2122-060,2,28,MATARA,1.2406,ocr_3of3,1.2406,1.2406,1.2406,1.2491
COP2122-060,2,28,HAMBANTOTA,1.2864,ocr_3of3,1.2864,1.2864,1.2864,1.2864
COP2122-060,2,28,JAFFNA,1.2887,ocr_3of3,1.2887,1.2887,1.2887,1.2887
COP2122-060,2,28,KILINOCHCHI,1.1850,ocr_3of3,1.1850,1.1850,1.1850,1.1850
COP2122-060,2,28,MANNAR,0.7668,ocr_3of3,0.7668,0.7668,0.7668,0.7668
COP2122-060,2,28,MULLAITIVU,0.9119,ocr_3of3,0.9119,0.9119,0.9119,0.9119
COP2122-060,2,28,VAVUNIYA,1.0034,ocr_3of3,1.0034,1.0034,1.0034,1.0034
COP2122-060,2,28,TRINCOMALEE,1.1073,ocr_3of3,1.1073,1.1073,1.1073,1.1073
COP2122-060,2,28,BATTICALOA,1.1299,ocr_3of3,1.1299,1.1299,1.1299,1.1299
COP2122-060,2,28,AMPARA,1.1098,ocr_3of3,1.1098,1.1098,1.1098,1.1639
COP2122-060,2,28,PUTTALAM,0.8383,ocr_3of3,0.8383,0.8383,0.8383,0.8383
COP2122-060,2,28,KURUNEGALA,1.1901,ocr_3of3,1.1901,1.1901,1.1901,1.2041
COP2122-060,2,28,ANURADHAPURA,1.0576,ocr_3of3,1.0576,1.0576,1.0576,1.0576
COP2122-060,2,28,POLONNARUWA,0.9410,ocr_3of3,0.9410,0.9410,0.9410,0.9410
COP2122-060,2,28,BADULLA,1.2523,ocr_3of3,1.2523,1.2523,1.2523,1.2765
COP2122-060,2,28,MONARAGALA,1.0834,ocr_3of3,1.0834,1.0834,1.0834,1.0834
COP2122-060,2,28,KEGALLE,1.2485,ocr_3of3,1.2485,1.2485,1.2485,1.2485
COP2122-060,2,28,RATNAPURA,1.1879,ocr_3of3,1.1879,1.1879,1.1879,1.1879
COP2122-061,2,29,COLOMBO,0.7898,ocr_3of3,0.7898,0.7898,0.7898,0.8030
COP2122-061,2,29,GAMPAHA,0.7977,ocr_3of3,0.7977,0.7977,0.7977,0.8025
COP2122-061,2,29,KALUTARA,0.7906,ocr_3of3,0.7906,0.7906,0.7906,0.8203
COP2122-061,2,29,MATALE,0.8192,ocr_3of3,0.8192,0.8192,0.8192,0.8192
COP2122-061,2,29,KANDY,0.8161,ocr_3of3,0.8161,0.8161,0.8161,0.8213
COP2122-061,2,29,NUWARA ELIYA,0.9832,ocr_3of3,0.9832,0.9832,0.9832,0.9832
COP2122-061,2,29,GALLE,0.8100,ocr_3of3,0.8100,0.8100,0.8100,0.8100
COP2122-061,2,29,MATARA,0.7992,ocr_3of3,0.7992,0.7992,0.7992,0.8081
COP2122-061,2,29,HAMBANTOTA,0.7946,ocr_3of3,0.7946,0.7946,0.7946,0.8217
COP2122-061,2,29,JAFFNA,0.7921,ocr_3of3,0.7921,0.7921,0.7921,0.8052
COP2122-061,2,29,KILINOCHCHI,NQC,ocr_3of3,NQC,NQC,NQC,NQC
COP2122-061,2,29,MANNAR,NQC,ocr_3of3,NQC,NQC,NQC,NQC
COP2122-061,2,29,MULLAITIVU,NQC,ocr_3of3,NQC,NQC,NQC,NQC
COP2122-061,2,29,VAVUNIYA,NQC,ocr_3of3,NQC,NQC,NQC,NQC
COP2122-061,2,29,TRINCOMALEE,NQC,ocr_3of3,NQC,NQC,NQC,NQC
COP2122-061,2,29,BATTICALOA,0.8449,ocr_3of3,0.8449,0.8449,0.8449,0.8449
COP2122-061,2,29,AMPARA,0.8068,ocr_3of3,0.8068,0.8068,0.8068,0.8068
COP2122-061,2,29,PUTTALAM,NQC,ocr_3of3,NQC,NQC,NQC,NQC
COP2122-061,2,29,KURUNEGALA,0.7895,ocr_3of3,0.7895,0.7895,0.7895,0.8082
COP2122-061,2,29,ANURADHAPURA,0.8514,ocr_3of3,0.8514,0.8514,0.8514,0.8514
COP2122-061,2,29,POLONNARUWA,NQC,ocr_3of3,NQC,NQC,NQC,NQC
COP2122-061,2,29,BADULLA,0.8098,ocr_3of3,0.8098,0.8098,0.8098,0.8098
COP2122-061,2,29,MONARAGALA,0.8475,ocr_3of3,0.8475,0.8475,0.8475,0.8475
COP2122-061,2,29,KEGALLE,0.7947,ocr_3of3,0.7947,0.7947,0.7947,0.8049
COP2122-061,2,29,RATNAPURA,0.7991,ocr_3of3,0.7991,0.7991,0.7991,0.8123
COP2122-062,2,30,COLOMBO,0.8779,ocr_3of3,0.8779,0.8779,0.8779,0.9078
COP2122-062,2,30,GAMPAHA,0.8973,ocr_3of3,0.8973,0.8973,0.8973,0.8973
COP2122-062,2,30,KALUTARA,0.8834,ocr_3of3,0.8834,0.8834,0.8834,0.8880
COP2122-062,2,30,MATALE,NQC,ocr_3of3,NQC,NQC,NQC,NQC
COP2122-062,2,30,KANDY,0.9221,ocr_3of3,0.9221,0.9221,0.9221,0.9221
COP2122-062,2,30,NUWARA ELIYA,NQC,ocr_3of3,NQC,NQC,NQC,NQC
COP2122-062,2,30,GALLE,0.8779,ocr_3of3,0.8779,0.8779,0.8779,0.8877
COP2122-062,2,30,MATARA,0.8843,ocr_3of3,0.8843,0.8843,0.8843,0.8877
COP2122-062,2,30,HAMBANTOTA,0.8779,ocr_3of3,0.8779,0.8779,0.8779,0.8902
COP2122-062,2,30,JAFFNA,0.9464,ocr_3of3,0.9464,O .9464,O.9464,0.9464
COP2122-062,2,30,KILINOCHCHI,NQC,ocr_3of3,NQC,NQC,NQC,NQC
COP2122-062,2,30,MANNAR,NQC,ocr_3of3,NQC,NQC,NQC,NQC
COP2122-062,2,30,MULLAITIVU,NQC,ocr_3of3,NQC,NQC,NQC,NQC
COP2122-062,2,30,VAVUNIYA,NQC,ocr_3of3,NQC,NQC,NQC,NQC
COP2122-062,2,30,TRINCOMALEE,NQC,ocr_3of3,NQC,NQC,NQC,NQC
COP2122-062,2,30,BATTICALOA,NQC,ocr_3of3,NQC,NQC,NQC,NQC
COP2122-062,2,30,AMPARA,NQC,ocr_3of3,NQC,NQC,NQC,NQC
COP2122-062,2,30,PUTTALAM,NQC,ocr_3of3,NQC,NQC,NQC,NQC
COP2122-062,2,30,KURUNEGALA,0.8880,ocr_3of3,0.8880,0.8880,0.8880,0.8880
COP2122-062,2,30,ANURADHAPURA,0.8801,ocr_3of3,0.8801,0.8801,0.8801,0.9984
COP2122-062,2,30,POLONNARUWA,NQC,ocr_3of3,NQC,NQC,NQC,NQC
COP2122-062,2,30,BADULLA,0.9300,ocr_3of3,0.9300,0.9300,0.9300,0.9300
COP2122-062,2,30,MONARAGALA,NQC,ocr_3of3,NQC,NQC,NQC,NQC
COP2122-062,2,30,KEGALLE,0.9068,ocr_3of3,0.9068,0.9068,0.9068,0.9068
COP2122-062,2,30,RATNAPURA,0.8859,ocr_3of3,0.8859,0.8859,0.8859,0.8913
COP2122-063,2,31,COLOMBO,0.7477,ocr_3of3,0.7477,0.7477,0.7477,0.7576
COP2122-063,2,31,GAMPAHA,0.7455,ocr_3of3,0.7455,0.7455,0.7455,0.7521
COP2122-063,2,31,KALUTARA,0.7560,ocr_3of3,0.7560,0.7560,0.7560,0.7748
COP2122-063,2,31,MATALE,0.7686,ocr_3of3,0.7686,0.7686,0.7686,0.7686
COP2122-063,2,31,KANDY,0.7461,ocr_3of3,0.7461,0.7461,0.7461,0.7569
COP2122-063,2,31,NUWARA ELIYA,NQC,ocr_3of3,NQC,NQC,NQC,NQC
COP2122-063,2,31,GALLE,0.7548,ocr_3of3,0.7548,0.7548,0.7548,0.7609
COP2122-063,2,31,MATARA,0.7815,ocr_3of3,0.7815,0.7815,0.7815,0.7885
COP2122-063,2,31,HAMBANTOTA,0.7498,ocr_3of3,0.7498,0.7498,0.7498,0.7522
COP2122-063,2,31,JAFFNA,0.7628,ocr_3of3,0.7628,0.7628,0.7628,0.7628
COP2122-063,2,31,KILINOCHCHI,NQC,ocr_3of3,NQC,NQC,NQC,NQC
COP2122-063,2,31,MANNAR,NQC,ocr_3of3,NQC,NQC,NQC,NQC
COP2122-063,2,31,MULLAITIVU,NQC,ocr_3of3,NQC,NQC,NQC,NQC
COP2122-063,2,31,VAVUNIYA,NQC,ocr_3of3,NQC,NQC,NQC,NQC
COP2122-063,2,31,TRINCOMALEE,NQC,ocr_3of3,NQC,NQC,NQC,NQC
COP2122-063,2,31,BATTICALOA,NQC,ocr_3of3,NQC,NQC,NQC,NQC
COP2122-063,2,31,AMPARA,0.7502,ocr_3of3,0.7502,0.7502,0.7502,0.7672
COP2122-063,2,31,PUTTALAM,0.8356,ocr_3of3,0.8356,0.8356,0.8356,0.8356
COP2122-063,2,31,KURUNEGALA,0.7475,ocr_3of3,0.7475,0.7475,0.7475,0.7529
COP2122-063,2,31,ANURADHAPURA,0.8023,ocr_3of3,0.8023,0.8023,0.8023,0.8023
COP2122-063,2,31,POLONNARUWA,NQC,ocr_3of3,NQC,NQC,NQC,NQC
COP2122-063,2,31,BADULLA,0.8348,ocr_3of3,0.8348,0.8348,0.8348,0.8348
COP2122-063,2,31,MONARAGALA,1.0368,ocr_3of3,1.0368,1.0368,1.0368,1.0368
COP2122-063,2,31,KEGALLE,0.7616,ocr_3of3,0.7616,0.7616,0.7616,0.7632
COP2122-063,2,31,RATNAPURA,0.7523,ocr_3of3,0.7523,0.7523,0.7523,0.7523
COP2122-064,2,32,COLOMBO,0.7425,ocr_3of3,0.7425,0.7425,0.7425,0.8254
COP2122-064,2,32,GAMPAHA,0.7223,ocr_3of3,0.7223,0.7223,0.7223,0.7375
COP2122-064,2,32,KALUTARA,NQC,ocr_2of3_third_unreadable,NQC,NQC,,NQC
COP2122-064,2,32,MATALE,0.5330,ocr_3of3,0.5330,0.5330,0.5330,0.5388
COP2122-064,2,32,KANDY,0.7200,ocr_3of3,0.7200,0.7200,0.7200,0.7200
COP2122-064,2,32,NUWARA ELIYA,NQC,ocr_3of3,NQC,NQC,NQC,NQC
COP2122-064,2,32,GALLE,0.7330,ocr_3of3,0.7330,0.7330,0.7330,0.7955
COP2122-064,2,32,MATARA,0.8091,ocr_3of3,0.8091,0.8091,0.8091,0.8091
COP2122-064,2,32,HAMBANTOTA,0.7333,ocr_3of3,0.7333,0.7333,0.7333,0.7259
COP2122-064,2,32,JAFFNA,0.7280,ocr_3of3,0.7280,0.7280,0.7280,0.7509
COP2122-064,2,32,KILINOCHCHI,0.6301,ocr_3of3,0.6301,0.6301,0.6301,0.6301
COP2122-064,2,32,MANNAR,NQC,ocr_3of3,NQC,NQC,NQC,NQC
COP2122-064,2,32,MULLAITIVU,NQC,ocr_3of3,NQC,NQC,NQC,NQC
COP2122-064,2,32,VAVUNIYA,NQC,ocr_3of3,NQC,NQC,NQC,NQC
COP2122-064,2,32,TRINCOMALEE,0.4498,ocr_3of3,0.4498,0.4498,0.4498,0.4498
COP2122-064,2,32,BATTICALOA,0.5437,ocr_3of3,0.5437,0.5437,0.5437,0.5437
COP2122-064,2,32,AMPARA,0.5571,ocr_3of3,0.5571,0.5571,0.5571,0.5571
COP2122-064,2,32,PUTTALAM,0.4693,ocr_3of3,0.4693,0.4693,0.4693,0.4693
COP2122-064,2,32,KURUNEGALA,0.7234,ocr_3of3,0.7234,0.7234,0.7234,0.7234
COP2122-064,2,32,ANURADHAPURA,0.5196,ocr_3of3,0.5196,0.5196,0.5196,0.5204
COP2122-064,2,32,POLONNARUWA,0.4518,ocr_3of3,0.4518,0.4518,0.4518,0.4518
COP2122-064,2,32,BADULLA,0.6155,ocr_3of3,0.6155,0.6155,0.6155,0.6183
COP2122-064,2,32,MONARAGALA,0.4885,ocr_3of3,0.4885,0.4885,0.4885,0.4885
COP2122-064,2,32,KEGALLE,NQC,ocr_2of3_third_unreadable,NQC,NQC,,NQC
COP2122-064,2,32,RATNAPURA,0.5084,ocr_3of3,0.5084,0.5084,0.5084,0.5303
COP2122-065,3,1,COLOMBO,NQC,ocr_3of3,NQC,NQC,NQC,NQC
COP2122-065,3,1,GAMPAHA,0.7295,ocr_3of3,0.7295,0.7295,0.7295,0.7350
COP2122-065,3,1,KALUTARA,NQC,ocr_3of3,NQC,NQC,NQC,0.7906
COP2122-065,3,1,MATALE,0.5416,ocr_3of3,0.5416,0.5416,0.5416,0.5416
COP2122-065,3,1,KANDY,0.7022,ocr_3of3,0.7022,0.7022,0.7022,0.7370
COP2122-065,3,1,NUWARA ELIYA,0.1403,ocr_3of3,0.1403,0.1403,0.1403,0.1408
COP2122-065,3,1,GALLE,0.7638,ocr_3of3,0.7638,0.7638,0.7638,0.7638
COP2122-065,3,1,MATARA,NQC,ocr_3of3,NQC,NQC,NQC,0.7992
COP2122-065,3,1,HAMBANTOTA,0.7025,ocr_3of3,0.7025,0.7025,0.7025,0.7025
COP2122-065,3,1,JAFFNA,NQC,ocr_3of3,NQC,NQC,NQC,NQC
COP2122-065,3,1,KILINOCHCHI,0.3690,ocr_3of3,0.3690,0.3690,0.3690,0.3690
COP2122-065,3,1,MANNAR,-0.1471,ocr_3of3,-0.1471,-0.1471,-0.1471,-0.1471
COP2122-065,3,1,MULLAITIVU,0.1879,ocr_3of3,0.1879,0.1879,0.1879,0.1879
COP2122-065,3,1,VAVUNIYA,0.2128,ocr_3of3,0.2128,0.2128,0.2128,0.2128
COP2122-065,3,1,TRINCOMALEE,0.2722,ocr_3of3,0.2722,0.2722,0.2722,0.2722
COP2122-065,3,1,BATTICALOA,0.6169,ocr_3of3,0.6169,0.6169,0.6169,0.6169
COP2122-065,3,1,AMPARA,0.5683,ocr_3of3,0.5683,0.5683,0.5683,0.5683
COP2122-065,3,1,PUTTALAM,0.3170,ocr_3of3,0.3170,0.3170,0.3170,0.3334
COP2122-065,3,1,KURUNEGALA,0.7186,ocr_3of3,0.7186,0.7186,0.7186,0.7186
COP2122-065,3,1,ANURADHAPURA,0.5197,ocr_3of3,0.5197,0.5197,0.5197,0.5376
COP2122-065,3,1,POLONNARUWA,0.3095,ocr_3of3,0.3095,0.3095,0.3095,0.3095
COP2122-065,3,1,BADULLA,0.6565,ocr_3of3,0.6565,0.6565,0.6565,0.6565
COP2122-065,3,1,MONARAGALA,0.4246,ocr_3of3,0.4246,0.4246,0.4246,0.4246
COP2122-065,3,1,KEGALLE,0.7646,ocr_3of3,0.7646,0.7646,0.7646,0.7646
COP2122-065,3,1,RATNAPURA,0.5251,ocr_3of3,0.5251,0.5251,0.5251,0.5251
COP2122-066,3,2,COLOMBO,1.7286,ocr_3of3,1.7286,1.7286,1.7286,1.7286
COP2122-066,3,2,GAMPAHA,1.7287,ocr_3of3,1.7287,1.7287,1.7287,1.7287
COP2122-066,3,2,KALUTARA,1.7307,ocr_3of3,1.7307,1.7307,1.7307,1.7330
COP2122-066,3,2,MATALE,1.7346,ocr_3of3,1.7346,1.7346,1.7346,1.7346
COP2122-066,3,2,KANDY,1.7272,ocr_3of3,1.7272,1.7272,1.7272,1.7312
COP2122-066,3,2,NUWARA ELIYA,1.7297,ocr_3of3,1.7297,1.7297,1.7297,1.7297
COP2122-066,3,2,GALLE,1.7296,ocr_3of3,1.7296,1.7296,1.7296,1.7296
COP2122-066,3,2,MATARA,1.7289,ocr_3of3,1.7289,1.7289,1.7289,1.7289
COP2122-066,3,2,HAMBANTOTA,1.7300,ocr_3of3,1.7300,1.7300,1.7300,1.7300
COP2122-066,3,2,JAFFNA,1.7396,ocr_3of3,1.7396,1.7396,1.7396,1.7396
COP2122-066,3,2,KILINOCHCHI,1.7376,ocr_3of3,1.7376,1.7376,1.7376,1.7376
COP2122-066,3,2,MANNAR,NQC,ocr_3of3,NQC,NQC,NQC,NQC
COP2122-066,3,2,MULLAITIVU,NQC,ocr_3of3,NQC,NQC,NQC,NQC
COP2122-066,3,2,VAVUNIYA,1.7296,ocr_3of3,1.7296,1.7296,1.7296,1.7296
COP2122-066,3,2,TRINCOMALEE,1.7685,ocr_3of3,1.7685,1.7685,1.7685,1.7685
COP2122-066,3,2,BATTICALOA,1.7743,ocr_3of3,1.7743,1.7743,1.7743,1.7743
COP2122-066,3,2,AMPARA,1.7465,ocr_3of3,1.7465,1.7465,1.7465,1.7465
COP2122-066,3,2,PUTTALAM,1.7267,ocr_3of3,1.7267,1.7267,1.7267,1.7393
COP2122-066,3,2,KURUNEGALA,1.7306,ocr_3of3,1.7306,1.7306,1.7306,1.7306
COP2122-066,3,2,ANURADHAPURA,1.7384,ocr_3of3,1.7384,1.7384,1.7384,1.7384
COP2122-066,3,2,POLONNARUWA,1.7366,ocr_3of3,1.7366,1.7366,1.7366,1.7366
COP2122-066,3,2,BADULLA,1.7481,ocr_3of3,1.7481,1.7481,1.7481,1.7481
COP2122-066,3,2,MONARAGALA,1.7288,ocr_3of3,1.7288,1.7288,1.7288,1.7288
COP2122-066,3,2,KEGALLE,1.7290,ocr_3of3,1.7290,1.7290,1.7290,1.7290
COP2122-066,3,2,RATNAPURA,1.7332,ocr_3of3,1.7332,1.7332,1.7332,1.7332
COP2122-067,3,3,COLOMBO,1.5947,ocr_3of3,1.5947,1.5947,1.5947,1.5947
COP2122-067,3,3,GAMPAHA,1.5951,ocr_3of3,1.5951,1.5951,1.5951,1.5951
COP2122-067,3,3,KALUTARA,1.5942,ocr_3of3,1.5942,1.5942,1.5942,1.5950
COP2122-067,3,3,MATALE,1.6051,ocr_3of3,1.6051,1.6051,1.6051,1.6051
COP2122-067,3,3,KANDY,1.5950,ocr_3of3,1.5950,1.5950,1.5950,1.5950
COP2122-067,3,3,NUWARA ELIYA,1.5953,ocr_3of3,1.5953,1.5953,1.5953,1.5953
COP2122-067,3,3,GALLE,1.5999,ocr_3of3,1.5999,1.5999,1.5999,1.5999
COP2122-067,3,3,MATARA,1.6066,ocr_3of3,1.6066,1.6066,1.6066,1.6066
COP2122-067,3,3,HAMBANTOTA,1.5990,ocr_3of3,1.5990,1.5990,1.5990,1.5990
COP2122-067,3,3,JAFFNA,1.6017,ocr_3of3,1.6017,1.6017,1.6017,1.6017
COP2122-067,3,3,KILINOCHCHI,1.6299,ocr_3of3,1.6299,1.6299,1.6299,1.6299
COP2122-067,3,3,MANNAR,1.6041,visual_read,1.6041,,,1.6041
COP2122-067,3,3,MULLAITIVU,1.6423,ocr_3of3,1.6423,1.6423,1.6423,1.6423
COP2122-067,3,3,VAVUNIYA,NQC,ocr_3of3,NQC,NQC,NQC,NQC
COP2122-067,3,3,TRINCOMALEE,1.5994,ocr_3of3,1.5994,1.5994,1.5994,1.5994
COP2122-067,3,3,BATTICALOA,1.6021,ocr_3of3,1.6021,1.6021,1.6021,1.6021
COP2122-067,3,3,AMPARA,1.5996,ocr_3of3,1.5996,1.5996,1.5996,1.5996
COP2122-067,3,3,PUTTALAM,1.6048,ocr_3of3,1.6048,1.6048,1.6048,1.6048
COP2122-067,3,3,KURUNEGALA,1.5964,ocr_3of3,1.5964,1.5964,1.5964,1.5964
COP2122-067,3,3,ANURADHAPURA,1.6090,ocr_3of3,1.6090,1.6090,1.6090,1.6090
COP2122-067,3,3,POLONNARUWA,NQC,ocr_3of3,NQC,NQC,NQC,NQC
COP2122-067,3,3,BADULLA,1.6024,ocr_3of3,1.6024,1.6024,1.6024,1.6024
COP2122-067,3,3,MONARAGALA,1.6485,ocr_3of3,1.6485,1.6485,1.6485,1.6485
COP2122-067,3,3,KEGALLE,1.6251,ocr_3of3,1.6251,1.6251,1.6251,1.6251
COP2122-067,3,3,RATNAPURA,1.5969,ocr_3of3,1.5969,1.5969,1.5969,1.5969
COP2122-068,3,4,COLOMBO,1.7857,ocr_3of3,1.7857,1.7857,1.7857,1.7857
COP2122-068,3,4,GAMPAHA,1.7872,ocr_3of3,1.7872,1.7872,1.7872,1.7872
COP2122-068,3,4,KALUTARA,1.8093,ocr_3of3,1.8093,1.8093,1.8093,1.8093
COP2122-068,3,4,MATALE,1.7977,ocr_3of3,1.7977,1.7977,1.7977,1.7977
COP2122-068,3,4,KANDY,1.7921,ocr_3of3,1.7921,1.7921,1.7921,1.7921
COP2122-068,3,4,NUWARA ELIYA,1.7948,ocr_3of3,1.7948,1.7948,1.7948,1.7948
COP2122-068,3,4,GALLE,1.7894,ocr_3of3,1.7894,1.7894,1.7894,1.7894
COP2122-068,3,4,MATARA,1.7904,ocr_3of3,1.7904,1.7904,1.7904,1.7904
COP2122-068,3,4,HAMBANTOTA,1.8202,ocr_3of3,1.8202,1.8202,1.8202,1.8202
COP2122-068,3,4,JAFFNA,1.7855,ocr_3of3,1.7855,1.7855,1.7855,1.7855
COP2122-068,3,4,KILINOCHCHI,1.8028,ocr_3of3,1.8028,1.8028,1.8028,1.8028
COP2122-068,3,4,MANNAR,1.8025,ocr_3of3,1.8025,1.8025,1.8025,1.8025
COP2122-068,3,4,MULLAITIVU,1.8128,ocr_3of3,1.8128,1.8128,1.8128,1.8128
COP2122-068,3,4,VAVUNIYA,1.8071,ocr_3of3,1.8071,1.8071,1.8071,1.8071
COP2122-068,3,4,TRINCOMALEE,1.8106,ocr_3of3,1.8106,1.8106,1.8106,1.8106
COP2122-068,3,4,BATTICALOA,1.7954,ocr_3of3,1.7954,1.7954,1.7954,1.7954
COP2122-068,3,4,AMPARA,1.8656,ocr_3of3,1.8656,1.8656,1.8656,1.8656
COP2122-068,3,4,PUTTALAM,1.7892,ocr_3of3,1.7892,1.7892,1.7892,1.7892
COP2122-068,3,4,KURUNEGALA,1.7851,ocr_3of3,1.7851,1.7851,1.7851,1.7851
COP2122-068,3,4,ANURADHAPURA,1.8210,ocr_3of3,1.8210,1.8210,1.8210,1.8210
COP2122-068,3,4,POLONNARUWA,1.8192,ocr_3of3,1.8192,1.8192,1.8192,1.8192
COP2122-068,3,4,BADULLA,1.7872,ocr_3of3,1.7872,1.7872,1.7872,1.7872
COP2122-068,3,4,MONARAGALA,1.7855,ocr_3of3,1.7855,1.7855,1.7855,1.7855
COP2122-068,3,4,KEGALLE,1.7912,ocr_3of3,1.7912,1.7912,1.7912,1.7912
COP2122-068,3,4,RATNAPURA,1.7882,ocr_3of3,1.7882,1.7882,1.7882,1.7882
COP2122-069,3,5,COLOMBO,1.6366,ocr_3of3,1.6366,1.6366,1.6366,1.6389
COP2122-069,3,5,GAMPAHA,1.6388,ocr_3of3,1.6388,1.6388,1.6388,1.6388
COP2122-069,3,5,KALUTARA,1.6385,ocr_3of3,1.6385,1.6385,1.6385,1.6385
COP2122-069,3,5,MATALE,1.6386,ocr_3of3,1.6386,1.6386,1.6386,1.6386
COP2122-069,3,5,KANDY,1.6366,ocr_3of3,1.6366,1.6366,1.6366,1.6396
COP2122-069,3,5,NUWARA ELIYA,1.6374,ocr_3of3,1.6374,1.6374,1.6374,1.6374
COP2122-069,3,5,GALLE,1.6379,ocr_3of3,1.6379,1.6379,1.6379,1.6379
COP2122-069,3,5,MATARA,1.6393,ocr_3of3,1.6393,1.6393,1.6393,1.6393
COP2122-069,3,5,HAMBANTOTA,1.6422,ocr_3of3,1.6422,1.6422,1.6422,1.6422
COP2122-069,3,5,JAFFNA,NQC,ocr_3of3,NQC,NQC,NQC,NQC
COP2122-069,3,5,KILINOCHCHI,NQC,ocr_3of3,NQC,NQC,NQC,NQC
COP2122-069,3,5,MANNAR,NQC,ocr_3of3,NQC,NQC,NQC,NQC
COP2122-069,3,5,MULLAITIVU,NQC,ocr_3of3,NQC,NQC,NQC,NQC
COP2122-069,3,5,VAVUNIYA,NQC,ocr_3of3,NQC,NQC,NQC,NQC
COP2122-069,3,5,TRINCOMALEE,1.6832,ocr_3of3,1.6832,1.6832,1.6832,1.6832
COP2122-069,3,5,BATTICALOA,1.6695,ocr_3of3,1.6695,1.6695,1.6695,1.6695
COP2122-069,3,5,AMPARA,1.6534,ocr_3of3,1.6534,1.6534,1.6534,1.6534
COP2122-069,3,5,PUTTALAM,1.6579,ocr_3of3,1.6579,1.6579,1.6579,1.6579
COP2122-069,3,5,KURUNEGALA,1.6355,ocr_3of3,1.6355,1.6355,1.6355,1.6409
COP2122-069,3,5,ANURADHAPURA,1.6432,ocr_3of3,1.6432,1.6432,1.6432,1.6432
COP2122-069,3,5,POLONNARUWA,1.6595,ocr_3of3,1.6595,1.6595,1.6595,1.6595
COP2122-069,3,5,BADULLA,1.6388,ocr_3of3,1.6388,1.6388,1.6388,1.6388
COP2122-069,3,5,MONARAGALA,1.6393,ocr_3of3,1.6393,1.6393,1.6393,1.6393
COP2122-069,3,5,KEGALLE,1.6382,ocr_3of3,1.6382,1.6382,1.6382,1.6382
COP2122-069,3,5,RATNAPURA,1.6406,ocr_3of3,1.6406,1.6406,1.6406,1.6406
COP2122-070,3,6,COLOMBO,1.3351,ocr_3of3,1.3351,1.3351,1.3351,1.3351
COP2122-070,3,6,GAMPAHA,1.2844,ocr_3of3,1.2844,I. 2844,1.2844,1.2894
COP2122-070,3,6,KALUTARA,1.5296,ocr_3of3,1.5296,1.5296,1.5296,1.5296
COP2122-070,3,6,MATALE,1.2803,ocr_3of3,1.2803,1.2803,1.2803,1.2809
COP2122-070,3,6,KANDY,1.2716,ocr_3of3,1.2716,1.2716,1.2716,1.2742
COP2122-070,3,6,NUWARA ELIYA,1.1822,ocr_3of3,1.1822,1.1822,1.1822,1.1822
COP2122-070,3,6,GALLE,NQC,ocr_3of3,NQC,NQC,NQC,NQC
COP2122-070,3,6,MATARA,NQC,ocr_3of3,NQC,NQC,NQC,NQC
COP2122-070,3,6,HAMBANTOTA,1.1516,ocr_3of3,1.1516,1.1516,1.1516,1.1516
COP2122-070,3,6,JAFFNA,1.1938,ocr_3of3,1.1938,1.1938,1.1938,1.1938
COP2122-070,3,6,KILINOCHCHI,1.1442,ocr_3of3,1.1442,I. 1442,I.1442,1.1442
COP2122-070,3,6,MANNAR,1.1732,ocr_3of3,1.1732,1.1732,1.1732,1.1732
COP2122-070,3,6,MULLAITIVU,1.2115,ocr_3of3,1.2115,1.2115,1.2115,1.2115
COP2122-070,3,6,VAVUNIYA,1.1510,ocr_3of3,1.1510,1.1510,1.1510,1.1510
COP2122-070,3,6,TRINCOMALEE,1.1452,ocr_3of3,1.1452,1.1452,1.1452,1.1452
COP2122-070,3,6,BATTICALOA,1.1497,ocr_3of3,1.1497,1.1497,1.1497,1.1497
COP2122-070,3,6,AMPARA,1.1215,ocr_3of3,1.1215,1.1215,1.1215,1.1215
COP2122-070,3,6,PUTTALAM,1.1944,ocr_3of3,1.1944,I. 1944,I.1944,1.1944
COP2122-070,3,6,KURUNEGALA,1.3061,ocr_3of3,1.3061,1.3061,1.3061,1.3061
COP2122-070,3,6,ANURADHAPURA,1.1181,ocr_3of3,1.1181,1.1181,1.1181,1.1181
COP2122-070,3,6,POLONNARUWA,1.1901,ocr_3of3,1.1901,1.1901,1.1901,1.1901
COP2122-070,3,6,BADULLA,1.2219,ocr_3of3,1.2219,1.2219,1.2219,1.2219
COP2122-070,3,6,MONARAGALA,1.4025,ocr_3of3,1.4025,1.4025,1.4025,1.4025
COP2122-070,3,6,KEGALLE,NQC,ocr_3of3,NQC,NQC,NQC,NQC
COP2122-070,3,6,RATNAPURA,1.2555,ocr_3of3,1.2555,1.2555,1.2555,1.2555
COP2122-071,3,7,COLOMBO,1.4089,ocr_3of3,1.4089,1.4089,1.4089,1.4110
COP2122-071,3,7,GAMPAHA,1.4147,ocr_3of3,1.4147,I .4147,I.4147,1.4147
COP2122-071,3,7,KALUTARA,1.4119,ocr_3of3,1.4119,1.4119,1.4119,1.4119
COP2122-071,3,7,MATALE,1.4366,ocr_3of3,1.4366,1.4366,1.4366,1.4366
COP2122-071,3,7,KANDY,1.4152,ocr_3of3,1.4152,1.4152,1.4152,1.4152
COP2122-071,3,7,NUWARA ELIYA,1.4165,ocr_3of3,1.4165,1.4165,1.4165,1.4165
COP2122-071,3,7,GALLE,1.4093,ocr_3of3,1.4093,1.4093,1.4093,1.4116
COP2122-071,3,7,MATARA,1.4138,ocr_3of3,1.4138,1.4138,1.4138,1.4138
COP2122-071,3,7,HAMBANTOTA,1.4221,ocr_3of3,1.4221,1.4221,1.4221,1.4221
COP2122-071,3,7,JAFFNA,1.5870,ocr_3of3,1.5870,1.5870,1.5870,1.5870
COP2122-071,3,7,KILINOCHCHI,NQC,ocr_3of3,NQC,NQC,NQC,NQC
COP2122-071,3,7,MANNAR,NQC,ocr_3of3,NQC,NQC,NQC,NQC
COP2122-071,3,7,MULLAITIVU,NQC,ocr_3of3,NQC,NQC,NQC,NQC
COP2122-071,3,7,VAVUNIYA,NQC,ocr_3of3,NQC,NQC,NQC,NQC
COP2122-071,3,7,TRINCOMALEE,1.4553,ocr_3of3,1.4553,1.4553,1.4553,1.4553
COP2122-071,3,7,BATTICALOA,1.4687,ocr_3of3,1.4687,1.4687,1.4687,1.4687
COP2122-071,3,7,AMPARA,1.4279,ocr_3of3,1.4279,1.4279,1.4279,1.4279
COP2122-071,3,7,PUTTALAM,1.4580,ocr_3of3,1.4580,1.4580,1.4580,1.4580
COP2122-071,3,7,KURUNEGALA,1.4249,ocr_2of3_third_unreadable,1.4249,I .4249,I-4249,1.4249
COP2122-071,3,7,ANURADHAPURA,1.4091,ocr_3of3,1.4091,1.4091,1.4091,1.4155
COP2122-071,3,7,POLONNARUWA,1.4112,ocr_3of3,1.4112,1.4112,1.4112,1.4112
COP2122-071,3,7,BADULLA,1.4209,ocr_3of3,1.4209,1.4209,1.4209,1.4209
COP2122-071,3,7,MONARAGALA,1.4112,ocr_3of3,1.4112,1.4112,1.4112,1.4112
COP2122-071,3,7,KEGALLE,1.4178,ocr_3of3,1.4178,1.4178,1.4178,1.4178
COP2122-071,3,7,RATNAPURA,1.4102,ocr_3of3,1.4102,1.4102,1.4102,1.4102
COP2122-072,3,8,COLOMBO,1.3427,ocr_3of3,1.3427,1.3427,1.3427,1.3427
COP2122-072,3,8,GAMPAHA,1.2860,ocr_3of3,1.2860,1.2860,1.2860,1.2881
COP2122-072,3,8,KALUTARA,1.3453,ocr_3of3,1.3453,1.3453,1.3453,1.3453
COP2122-072,3,8,MATALE,NQC,ocr_3of3,NQC,NQC,NQC,NQC
COP2122-072,3,8,KANDY,1.2786,ocr_3of3,1.2786,1.2786,1.2786,1.2786
COP2122-072,3,8,NUWARA ELIYA,1.1807,ocr_3of3,1.1807,1.1807,1.1807,1.1807
COP2122-072,3,8,GALLE,NQC,ocr_3of3,NQC,NQC,NQC,NQC
COP2122-072,3,8,MATARA,NQC,ocr_3of3,NQC,NQC,NQC,NQC
COP2122-072,3,8,HAMBANTOTA,1.1095,ocr_3of3,1.1095,1.1095,1.1095,1.1095
COP2122-072,3,8,JAFFNA,1.3750,ocr_3of3,1.3750,1.3750,1.3750,1.3750
COP2122-072,3,8,KILINOCHCHI,NQC,ocr_3of3,NQC,NQC,NQC,NQC
COP2122-072,3,8,MANNAR,NQC,ocr_3of3,NQC,NQC,NQC,NQC
COP2122-072,3,8,MULLAITIVU,1.5934,ocr_3of3,1.5934,1.5934,1.5934,1.5934
COP2122-072,3,8,VAVUNIYA,0.6814,ocr_3of3,0.6814,0.6814,0.6814,0.6814
COP2122-072,3,8,TRINCOMALEE,1.0110,ocr_3of3,1.0110,1.0110,1.0110,1.0110
COP2122-072,3,8,BATTICALOA,1.0042,ocr_3of3,1.0042,1.0042,1.0042,1.0042
COP2122-072,3,8,AMPARA,1.0851,ocr_3of3,1.0851,1.0851,1.0851,1.0851
COP2122-072,3,8,PUTTALAM,1.2640,ocr_3of3,1.2640,1.2640,1.2640,1.2640
COP2122-072,3,8,KURUNEGALA,1.3495,ocr_3of3,1.3495,1.3495,1.3495,1.3495
COP2122-072,3,8,ANURADHAPURA,1.0967,ocr_3of3,1.0967,1.0967,1.0967,1.0967
COP2122-072,3,8,POLONNARUWA,1.2437,ocr_3of3,1.2437,1.2437,1.2437,1.2437
COP2122-072,3,8,BADULLA,1.2295,ocr_3of3,1.2295,1.2295,1.2295,1.2295
COP2122-072,3,8,MONARAGALA,NQC,ocr_3of3,NQC,NQC,NQC,NQC
COP2122-072,3,8,KEGALLE,1.2955,ocr_3of3,1.2955,1.2955,1.2955,1.2955
COP2122-072,3,8,RATNAPURA,1.2530,ocr_3of3,1.2530,1.2530,1.2530,1.2530
COP2122-073,3,9,COLOMBO,1.3929,ocr_3of3,1.3929,1.3929,1.3929,1.3929
COP2122-073,3,9,GAMPAHA,1.3713,ocr_3of3,1.3713,1.3713,1.3713,1.3713
COP2122-073,3,9,KALUTARA,NQC,ocr_3of3,NQC,NQC,NQC,NQC
COP2122-073,3,9,MATALE,NQC,ocr_3of3,NQC,NQC,NQC,NQC
COP2122-073,3,9,KANDY,1.3265,ocr_3of3,1.3265,1.3265,1.3265,1.3265
COP2122-073,3,9,NUWARA ELIYA,1.2214,ocr_3of3,1.2214,1.2214,1.2214,1.2214
COP2122-073,3,9,GALLE,1.3322,ocr_3of3,1.3322,1.3322,1.3322,1.3322
COP2122-073,3,9,MATARA,NQC,ocr_3of3,NQC,NQC,NQC,NQC
COP2122-073,3,9,HAMBANTOTA,1.1039,ocr_3of3,1.1039,1.1039,1.1039,1.1039
COP2122-073,3,9,JAFFNA,NQC,ocr_3of3,NQC,NQC,NQC,NQC
COP2122-073,3,9,KILINOCHCHI,NQC,ocr_3of3,NQC,NQC,NQC,NQC
COP2122-073,3,9,MANNAR,NQC,ocr_3of3,NQC,NQC,NQC,NQC
COP2122-073,3,9,MULLAITIVU,NQC,ocr_3of3,NQC,NQC,NQC,NQC
COP2122-073,3,9,VAVUNIYA,0.7208,ocr_3of3,0.7208,0.7208,0.7208,0.7208
COP2122-073,3,9,TRINCOMALEE,1.0150,ocr_3of3,1.0150,1.0150,1.0150,1.0150
COP2122-073,3,9,BATTICALOA,1.0118,ocr_3of3,1.0118,1.0118,1.0118,1.0118
COP2122-073,3,9,AMPARA,1.0872,ocr_3of3,1.0872,1.0872,1.0872,1.0872
COP2122-073,3,9,PUTTALAM,1.2491,ocr_3of3,1.2491,1.2491,1.2491,1.2491
COP2122-073,3,9,KURUNEGALA,NQC,ocr_3of3,NQC,NQC,NQC,NQC
COP2122-073,3,9,ANURADHAPURA,1.0967,ocr_3of3,1.0967,1.0967,1.0967,1.0967
COP2122-073,3,9,POLONNARUWA,1.2624,ocr_3of3,1.2624,1.2624,1.2624,1.2624
COP2122-073,3,9,BADULLA,1.2268,ocr_3of3,1.2268,1.2268,1.2268,1.2268
COP2122-073,3,9,MONARAGALA,NQC,ocr_3of3,NQC,NQC,NQC,NQC
COP2122-073,3,9,KEGALLE,1.2892,ocr_3of3,1.2892,1.2892,1.2892,1.2942
COP2122-073,3,9,RATNAPURA,1.2662,ocr_3of3,1.2662,1.2662,1.2662,1.2662
COP2122-074,3,10,COLOMBO,1.3248,ocr_3of3,1.3248,1.3248,1.3248,1.3294
COP2122-074,3,10,GAMPAHA,1.2881,ocr_3of3,1.2881,1.2881,1.2881,1.2898
COP2122-074,3,10,KALUTARA,1.3377,ocr_3of3,1.3377,1.3377,1.3377,1.3411
COP2122-074,3,10,MATALE,1.2976,ocr_3of3,1.2976,1.2976,1.2976,1.2976
COP2122-074,3,10,KANDY,1.2899,ocr_3of3,1.2899,1.2899,1.2899,1.2899
COP2122-074,3,10,NUWARA ELIYA,1.2925,ocr_3of3,1.2925,1.2925,1.2925,1.2925
COP2122-074,3,10,GALLE,1.3279,ocr_3of3,1.3279,1.3279,1.3279,1.3279
COP2122-074,3,10,MATARA,NQC,ocr_3of3,NQC,NQC,NQC,NQC
COP2122-074,3,10,HAMBANTOTA,1.2901,ocr_3of3,1.2901,1.2901,1.2901,1.2901
COP2122-074,3,10,JAFFNA,1.4015,ocr_3of3,1.4015,1.4015,1.4015,1.4015
COP2122-074,3,10,KILINOCHCHI,NQC,ocr_3of3,NQC,NQC,NQC,NQC
COP2122-074,3,10,MANNAR,NQC,ocr_3of3,NQC,NQC,NQC,NQC
COP2122-074,3,10,MULLAITIVU,NQC,ocr_3of3,NQC,NQC,NQC,NQC
COP2122-074,3,10,VAVUNIYA,NQC,ocr_3of3,NQC,NQC,NQC,NQC
COP2122-074,3,10,TRINCOMALEE,1.3112,ocr_3of3,1.3112,1.3112,1.3112,1.3112
COP2122-074,3,10,BATTICALOA,1.2925,ocr_3of3,1.2925,1.2925,1.2925,1.2925
COP2122-074,3,10,AMPARA,1.3165,ocr_3of3,1.3165,1.3165,1.3165,1.3165
COP2122-074,3,10,PUTTALAM,1.2979,ocr_3of3,1.2979,1.2979,1.2979,1.2979
COP2122-074,3,10,KURUNEGALA,1.3061,ocr_3of3,1.3061,1.3061,1.3061,1.3061
COP2122-074,3,10,ANURADHAPURA,1.2982,ocr_3of3,1.2982,1.2982,1.2982,1.2982
COP2122-074,3,10,POLONNARUWA,1.2933,ocr_3of3,1.2933,1.2933,1.2933,1.2933
COP2122-074,3,10,BADULLA,1.2903,ocr_3of3,1.2903,1.2903,1.2903,1.2903
COP2122-074,3,10,MONARAGALA,1.3521,ocr_3of3,1.3521,1.3521,1.3521,1.3521
COP2122-074,3,10,KEGALLE,1.2926,ocr_3of3,1.2926,1.2926,1.2926,1.2926
COP2122-074,3,10,RATNAPURA,1.2869,ocr_3of3,1.2869,1.2869,1.2869,1.2901
COP2122-075,3,11,COLOMBO,1.3488,ocr_3of3,1.3488,1.3488,1.3488,1.3507
COP2122-075,3,11,GAMPAHA,1.3487,ocr_3of3,1.3487,1.3487,1.3487,1.3526
COP2122-075,3,11,KALUTARA,1.3496,ocr_3of3,1.3496,1.3496,1.3496,1.3532
COP2122-075,3,11,MATALE,1.3515,ocr_3of3,1.3515,1.3515,1.3515,1.3515
COP2122-075,3,11,KANDY,1.3513,ocr_3of3,1.3513,1.3513,1.3513,1.3513
COP2122-075,3,11,NUWARA ELIYA,1.3521,ocr_3of3,1.3521,1.3521,1.3521,1.3521
COP2122-075,3,11,GALLE,1.3489,ocr_3of3,1.3489,1.3489,1.3489,1.3531
COP2122-075,3,11,MATARA,1.4271,ocr_3of3,1.4271,1.4271,1.4271,1.4271
COP2122-075,3,11,HAMBANTOTA,1.3534,ocr_3of3,1.3534,1.3534,1.3534,1.3534
COP2122-075,3,11,JAFFNA,NQC,ocr_3of3,NQC,NQC,NQC,NQC
COP2122-075,3,11,KILINOCHCHI,1.4106,ocr_3of3,1.4106,I .4106,I.4106,1.4106
COP2122-075,3,11,MANNAR,1.5103,ocr_3of3,1.5103,1.5103,1.5103,1.5103
COP2122-075,3,11,MULLAITIVU,NQC,ocr_3of3,NQC,NQC,NQC,NQC
COP2122-075,3,11,VAVUNIYA,NQC,ocr_3of3,NQC,NQC,NQC,NQC
COP2122-075,3,11,TRINCOMALEE,1.3716,ocr_3of3,1.3716,1.3716,1.3716,1.3716
COP2122-075,3,11,BATTICALOA,NQC,ocr_3of3,NQC,NQC,NQC,NQC
COP2122-075,3,11,AMPARA,1.4070,ocr_3of3,1.4070,1.4070,1.4070,1.4070
COP2122-075,3,11,PUTTALAM,1.3547,ocr_3of3,1.3547,1.3547,1.3547,1.3547
COP2122-075,3,11,KURUNEGALA,1.3527,ocr_3of3,1.3527,1.3527,1.3527,1.3527
COP2122-075,3,11,ANURADHAPURA,1.3626,ocr_3of3,1.3626,1.3626,1.3626,1.3626
COP2122-075,3,11,POLONNARUWA,1.3603,ocr_3of3,1.3603,1.3603,1.3603,1.3603
COP2122-075,3,11,BADULLA,1.3495,ocr_3of3,1.3495,1.3495,1.3495,1.3557
COP2122-075,3,11,MONARAGALA,1.3596,ocr_3of3,1.3596,1.3596,1.3596,1.3596
COP2122-075,3,11,KEGALLE,1.3489,ocr_3of3,1.3489,1.3489,1.3489,1.3544
COP2122-075,3,11,RATNAPURA,1.3507,ocr_3of3,1.3507,1.3507,1.3507,1.3507
COP2122-076,3,12,COLOMBO,1.3746,ocr_3of3,1.3746,1.3746,1.3746,1.3760
COP2122-076,3,12,GAMPAHA,1.3754,ocr_3of3,1.3754,1.3754,1.3754,1.3754
COP2122-076,3,12,KALUTARA,1.4056,ocr_3of3,1.4056,1.4056,1.4056,1.4056
COP2122-076,3,12,MATALE,1.3770,ocr_3of3,1.3770,1.3770,1.3770,1.3770
COP2122-076,3,12,KANDY,1.3737,ocr_3of3,1.3737,1.3737,1.3737,1.3773
COP2122-076,3,12,NUWARA ELIYA,1.3981,ocr_3of3,1.3981,1.3981,1.3981,1.3981
COP2122-076,3,12,GALLE,NQC,ocr_2of3_third_unreadable,NQC,NQC,,NQC
COP2122-076,3,12,MATARA,NQC,ocr_3of3,NQC,NQC,NQC,NQC
COP2122-076,3,12,HAMBANTOTA,1.4009,ocr_3of3,1.4009,1.4009,1.4009,1.4009
COP2122-076,3,12,JAFFNA,NQC,ocr_3of3,NQC,NQC,NQC,NQC
COP2122-076,3,12,KILINOCHCHI,NQC,ocr_3of3,NQC,NQC,NQC,NQC
COP2122-076,3,12,MANNAR,NQC,ocr_3of3,NQC,NQC,NQC,NQC
COP2122-076,3,12,MULLAITIVU,NQC,ocr_3of3,NQC,NQC,NQC,NQC
COP2122-076,3,12,VAVUNIYA,NQC,ocr_3of3,NQC,NQC,NQC,NQC
COP2122-076,3,12,TRINCOMALEE,1.3852,ocr_3of3,1.3852,1.3852,1.3852,1.3852
COP2122-076,3,12,BATTICALOA,NQC,ocr_3of3,NQC,NQC,NQC,NQC
COP2122-076,3,12,AMPARA,1.4042,visual_read,1.4042,,,1.4042
COP2122-076,3,12,PUTTALAM,1.3739,ocr_3of3,1.3739,1.3739,1.3739,1.3766
COP2122-076,3,12,KURUNEGALA,1.3761,ocr_3of3,1.3761,1.3761,1.3761,1.3761
COP2122-076,3,12,ANURADHAPURA,1.3762,ocr_3of3,1.3762,1.3762,1.3762,1.3762
COP2122-076,3,12,POLONNARUWA,1.3770,ocr_3of3,1.3770,1.3770,1.3770,1.3770
COP2122-076,3,12,BADULLA,1.3796,ocr_3of3,1.3796,1.3796,1.3796,1.3796
COP2122-076,3,12,MONARAGALA,1.3744,ocr_3of3,1.3744,1.3744,1.3744,1.3982
COP2122-076,3,12,KEGALLE,1.3787,ocr_3of3,1.3787,1.3787,1.3787,1.3787
COP2122-076,3,12,RATNAPURA,1.3771,ocr_3of3,1.3771,1.3771,1.3771,1.3771
COP2122-077,3,13,COLOMBO,1.5730,ocr_3of3,1.5730,1.5730,1.5730,1.5730
COP2122-077,3,13,GAMPAHA,1.4850,ocr_3of3,1.4850,1.4850,1.4850,1.4850
COP2122-077,3,13,KALUTARA,1.5471,ocr_3of3,1.5471,1.5471,1.5471,1.5471
COP2122-077,3,13,MATALE,1.5813,ocr_3of3,1.5813,1.5813,1.5813,1.5813
COP2122-077,3,13,KANDY,1.5859,ocr_3of3,1.5859,1.5859,1.5859,1.5859
COP2122-077,3,13,NUWARA ELIYA,1.4538,ocr_3of3,1.4538,1.4538,1.4538,1.4538
COP2122-077,3,13,GALLE,1.5358,ocr_3of3,1.5358,1.5358,1.5358,1.5358
COP2122-077,3,13,MATARA,1.5995,ocr_3of3,1.5995,1.5995,1.5995,1.5995
COP2122-077,3,13,HAMBANTOTA,1.5996,ocr_3of3,1.5996,1.5996,1.5996,1.5996
COP2122-077,3,13,JAFFNA,1.3846,ocr_3of3,1.3846,1.3846,1.3846,1.3846
COP2122-077,3,13,KILINOCHCHI,1.4520,ocr_3of3,1.4520,1.4520,1.4520,1.4520
COP2122-077,3,13,MANNAR,1.3490,ocr_3of3,1.3490,1.3490,1.3490,1.3490
COP2122-077,3,13,MULLAITIVU,1.2077,ocr_3of3,1.2077,1.2077,1.2077,1.2077
COP2122-077,3,13,VAVUNIYA,1.5624,ocr_3of3,1.5624,1.5624,1.5624,1.5624
COP2122-077,3,13,TRINCOMALEE,1.4728,ocr_3of3,1.4728,1.4728,1.4728,1.4728
COP2122-077,3,13,BATTICALOA,1.4437,ocr_3of3,1.4437,1.4437,1.4437,1.4437
COP2122-077,3,13,AMPARA,1.3095,ocr_3of3,1.3095,1.3095,1.3095,1.3095
COP2122-077,3,13,PUTTALAM,1.4558,ocr_3of3,1.4558,1.4558,1.4558,1.4558
COP2122-077,3,13,KURUNEGALA,1.5654,ocr_3of3,1.5654,1.5654,1.5654,1.5654
COP2122-077,3,13,ANURADHAPURA,1.4925,ocr_3of3,1.4925,1.4925,1.4925,1.4925
COP2122-077,3,13,POLONNARUWA,1.4484,ocr_2of3_third_unreadable,1.4484,I .4484,I-4484,1.4484
COP2122-077,3,13,BADULLA,1.5864,ocr_3of3,1.5864,1.5864,1.5864,1.5864
COP2122-077,3,13,MONARAGALA,1.5676,ocr_3of3,1.5676,1.5676,1.5676,1.5676
COP2122-077,3,13,KEGALLE,1.5695,ocr_3of3,1.5695,1.5695,1.5695,1.5695
COP2122-077,3,13,RATNAPURA,1.5729,ocr_3of3,1.5729,1.5729,1.5729,1.5729
COP2122-078,3,14,COLOMBO,1.6016,ocr_3of3,1.6016,1.6016,1.6016,1.6021
COP2122-078,3,14,GAMPAHA,1.6019,ocr_3of3,1.6019,1.6019,1.6019,1.6019
COP2122-078,3,14,KALUTARA,1.6076,ocr_3of3,1.6076,1.6076,1.6076,1.6076
COP2122-078,3,14,MATALE,1.6285,ocr_3of3,1.6285,1.6285,1.6285,1.6285
COP2122-078,3,14,KANDY,1.6133,ocr_3of3,1.6133,1.6133,1.6133,1.6133
COP2122-078,3,14,NUWARA ELIYA,1.6235,ocr_3of3,1.6235,1.6235,1.6235,1.6235
COP2122-078,3,14,GALLE,1.6063,ocr_3of3,1.6063,1.6063,1.6063,1.6063
COP2122-078,3,14,MATARA,1.6137,ocr_3of3,1.6137,1.6137,1.6137,1.6137
COP2122-078,3,14,HAMBANTOTA,1.6418,ocr_3of3,1.6418,1.6418,1.6418,1.6418
COP2122-078,3,14,JAFFNA,NQC,ocr_3of3,NQC,NQC,NQC,NQC
COP2122-078,3,14,KILINOCHCHI,NQC,ocr_3of3,NQC,NQC,NQC,NQC
COP2122-078,3,14,MANNAR,NQC,ocr_3of3,NQC,NQC,NQC,NQC
COP2122-078,3,14,MULLAITIVU,NQC,ocr_3of3,NQC,NQC,NQC,NQC
COP2122-078,3,14,VAVUNIYA,1.6363,ocr_3of3,1.6363,1.6363,1.6363,1.6363
COP2122-078,3,14,TRINCOMALEE,NQC,ocr_3of3,NQC,NQC,NQC,NQC
COP2122-078,3,14,BATTICALOA,NQC,ocr_3of3,NQC,NQC,NQC,NQC
COP2122-078,3,14,AMPARA,1.6145,ocr_3of3,1.6145,1.6145,1.6145,1.6145
COP2122-078,3,14,PUTTALAM,1.6321,ocr_3of3,1.6321,1.6321,1.6321,1.6321
COP2122-078,3,14,KURUNEGALA,1.6095,ocr_3of3,1.6095,1.6095,1.6095,1.6095
COP2122-078,3,14,ANURADHAPURA,1.6315,ocr_3of3,1.6315,1.6315,1.6315,1.6315
COP2122-078,3,14,POLONNARUWA,1.6875,ocr_3of3,1.6875,1.6875,1.6875,1.6875
COP2122-078,3,14,BADULLA,1.6020,ocr_3of3,1.6020,1.6020,1.6020,1.6020
COP2122-078,3,14,MONARAGALA,NQC,ocr_3of3,NQC,NQC,NQC,NQC
COP2122-078,3,14,KEGALLE,1.6060,ocr_3of3,1.6060,1.6060,1.6060,1.6060
COP2122-078,3,14,RATNAPURA,1.6048,ocr_3of3,1.6048,1.6048,1.6048,1.6048
COP2122-079,3,15,COLOMBO,1.4858,ocr_3of3,1.4858,1.4858,1.4858,1.4858
COP2122-079,3,15,GAMPAHA,1.4877,ocr_3of3,1.4877,1.4877,1.4877,1.4877
COP2122-079,3,15,KALUTARA,1.4881,ocr_3of3,1.4881,1.4881,1.4881,1.4881
COP2122-079,3,15,MATALE,1.4947,ocr_3of3,1.4947,1.4947,1.4947,1.4947
COP2122-079,3,15,KANDY,1.4887,ocr_3of3,1.4887,1.4887,1.4887,1.4887
COP2122-079,3,15,NUWARA ELIYA,1.5172,ocr_3of3,1.5172,1.5172,1.5172,1.5172
COP2122-079,3,15,GALLE,1.4920,ocr_3of3,1.4920,1.4920,1.4920,1.4920
COP2122-079,3,15,MATARA,1.5090,ocr_3of3,1.5090,1.5090,1.5090,1.5090
COP2122-079,3,15,HAMBANTOTA,1.4925,ocr_3of3,1.4925,1.4925,1.4925,1.4925
COP2122-079,3,15,JAFFNA,1.5843,ocr_3of3,1.5843,1.5843,1.5843,1.5843
COP2122-079,3,15,KILINOCHCHI,NQC,ocr_3of3,NQC,NQC,NQC,NQC
COP2122-079,3,15,MANNAR,NQC,ocr_3of3,NQC,NQC,NQC,NQC
COP2122-079,3,15,MULLAITIVU,NQC,ocr_3of3,NQC,NQC,NQC,NQC
COP2122-079,3,15,VAVUNIYA,NQC,ocr_3of3,NQC,NQC,NQC,NQC
COP2122-079,3,15,TRINCOMALEE,NQC,ocr_3of3,NQC,NQC,NQC,NQC
COP2122-079,3,15,BATTICALOA,NQC,ocr_3of3,NQC,NQC,NQC,NQC
COP2122-079,3,15,AMPARA,1.5017,ocr_3of3,1.5017,1.5017,1.5017,1.5017
COP2122-079,3,15,PUTTALAM,1.5698,ocr_3of3,1.5698,1.5698,1.5698,1.5698
COP2122-079,3,15,KURUNEGALA,1.4847,ocr_2of3_third_unreadable,1.4847,,1.4847,1.4856
COP2122-079,3,15,ANURADHAPURA,1.5396,ocr_3of3,1.5396,1.5396,1.5396,1.5396
COP2122-079,3,15,POLONNARUWA,1.5924,ocr_3of3,1.5924,1.5924,1.5924,1.5924
COP2122-079,3,15,BADULLA,1.5040,ocr_3of3,1.5040,1.5040,1.5040,1.5040
COP2122-079,3,15,MONARAGALA,1.5741,ocr_3of3,1.5741,1.5741,1.5741,1.5741
COP2122-079,3,15,KEGALLE,1.4909,ocr_3of3,1.4909,1.4909,1.4909,1.4909
COP2122-079,3,15,RATNAPURA,1.4999,ocr_3of3,1.4999,1.4999,1.4999,1.4999
COP2122-080,3,16,COLOMBO,1.2840,ocr_3of3,1.2840,1.2840,1.2840,1.2844
COP2122-080,3,16,GAMPAHA,1.2303,ocr_3of3,1.2303,1.2303,1.2303,1.2303
COP2122-080,3,16,KALUTARA,1.3026,ocr_3of3,1.3026,1.3026,1.3026,1.3026
COP2122-080,3,16,MATALE,1.2488,ocr_3of3,1.2488,1.2488,1.2488,1.2762
COP2122-080,3,16,KANDY,1.2295,ocr_3of3,1.2295,1.2295,1.2295,1.2433
COP2122-080,3,16,NUWARA ELIYA,1.1743,ocr_3of3,1.1743,1.1743,1.1743,1.1743
COP2122-080,3,16,GALLE,1.2736,ocr_3of3,1.2736,1.2736,1.2736,1.2736
COP2122-080,3,16,MATARA,1.2893,ocr_3of3,1.2893,1.2893,1.2893,1.2893
COP2122-080,3,16,HAMBANTOTA,NQC,ocr_3of3,NQC,NQC,NQC,NQC
COP2122-080,3,16,JAFFNA,1.1793,ocr_3of3,1.1793,1.1793,1.1793,1.1793
COP2122-080,3,16,KILINOCHCHI,NQC,ocr_3of3,NQC,NQC,NQC,NQC
COP2122-080,3,16,MANNAR,NQC,ocr_3of3,NQC,NQC,NQC,NQC
COP2122-080,3,16,MULLAITIVU,1.1902,ocr_3of3,1.1902,1.1902,1.1902,1.1902
COP2122-080,3,16,VAVUNIYA,NQC,ocr_3of3,NQC,NQC,NQC,NQC
COP2122-080,3,16,TRINCOMALEE,NQC,ocr_3of3,NQC,NQC,NQC,NQC
COP2122-080,3,16,BATTICALOA,NQC,ocr_3of3,NQC,NQC,NQC,NQC
COP2122-080,3,16,AMPARA,NQC,ocr_3of3,NQC,NQC,NQC,NQC
COP2122-080,3,16,PUTTALAM,1.1768,ocr_3of3,1.1768,1.1768,1.1768,1.1768
COP2122-080,3,16,KURUNEGALA,1.2592,ocr_3of3,1.2592,1.2592,1.2592,1.2592
COP2122-080,3,16,ANURADHAPURA,1.1782,ocr_3of3,1.1782,1.1782,1.1782,1.1782
COP2122-080,3,16,POLONNARUWA,1.1799,ocr_3of3,1.1799,1.1799,1.1799,1.1799
COP2122-080,3,16,BADULLA,1.1819,ocr_3of3,1.1819,1.1819,1.1819,1.1819
COP2122-080,3,16,MONARAGALA,1.3012,ocr_3of3,1.3012,1.3012,1.3012,1.3012
COP2122-080,3,16,KEGALLE,1.2472,ocr_3of3,1.2472,1.2472,1.2472,1.2491
COP2122-080,3,16,RATNAPURA,1.1946,ocr_3of3,1.1946,1.1946,1.1946,1.1946
COP2122-081,3,17,COLOMBO,1.2862,ocr_3of3,1.2862,1.2862,1.2862,1.2862
COP2122-081,3,17,GAMPAHA,1.2321,ocr_3of3,1.2321,1.2321,1.2321,1.2321
COP2122-081,3,17,KALUTARA,1.2970,ocr_3of3,1.2970,1.2970,1.2970,1.3040
COP2122-081,3,17,MATALE,1.2491,ocr_3of3,1.2491,1.2491,1.2491,1.2491
COP2122-081,3,17,KANDY,1.2421,ocr_3of3,1.2421,1.2421,1.2421,1.2421
COP2122-081,3,17,NUWARA ELIYA,1.0869,ocr_3of3,1.0869,1.0869,1.0869,1.0869
COP2122-081,3,17,GALLE,1.2729,ocr_3of3,1.2729,1.2729,1.2729,1.2729
COP2122-081,3,17,MATARA,1.2901,ocr_3of3,1.2901,1.2901,1.2901,1.2901
COP2122-081,3,17,HAMBANTOTA,1.0511,ocr_3of3,1.0511,1.0511,1.0511,1.0511
COP2122-081,3,17,JAFFNA,1.0495,ocr_3of3,1.0495,1.0495,1.0495,1.0495
COP2122-081,3,17,KILINOCHCHI,1.1022,ocr_3of3,1.1022,1.1022,1.1022,1.1022
COP2122-081,3,17,MANNAR,1.1032,ocr_3of3,1.1032,1.1032,1.1032,1.1032
COP2122-081,3,17,MULLAITIVU,1.1633,ocr_3of3,1.1633,1.1633,1.1633,1.1633
COP2122-081,3,17,VAVUNIYA,1.0506,ocr_3of3,1.0506,1.0506,1.0506,1.0506
COP2122-081,3,17,TRINCOMALEE,NQC,ocr_3of3,NQC,NQC,NQC,NQC
COP2122-081,3,17,BATTICALOA,NQC,ocr_3of3,NQC,NQC,NQC,NQC
COP2122-081,3,17,AMPARA,1.0613,ocr_3of3,1.0613,1.0613,1.0613,1.0613
COP2122-081,3,17,PUTTALAM,1.1005,ocr_3of3,1.1005,1.1005,1.1005,1.1005
COP2122-081,3,17,KURUNEGALA,1.2553,ocr_3of3,1.2553,1.2553,1.2553,1.2553
COP2122-081,3,17,ANURADHAPURA,1.0406,ocr_3of3,1.0406,1.0406,1.0406,1.0415
COP2122-081,3,17,POLONNARUWA,1.1151,ocr_3of3,1.1151,1.1151,1.1151,1.1151
COP2122-081,3,17,BADULLA,1.1612,ocr_3of3,1.1612,1.1612,1.1612,1.1612
COP2122-081,3,17,MONARAGALA,1.2972,ocr_3of3,1.2972,1.2972,1.2972,1.2972
COP2122-081,3,17,KEGALLE,1.2473,ocr_3of3,1.2473,1.2473,1.2473,1.2473
COP2122-081,3,17,RATNAPURA,1.1928,ocr_3of3,1.1928,1.1928,1.1928,1.1928
COP2122-082,3,18,COLOMBO,1.2893,ocr_3of3,1.2893,1.2893,1.2893,1.2893
COP2122-082,3,18,GAMPAHA,1.2284,ocr_3of3,1.2284,1.2284,1.2284,1.2473
COP2122-082,3,18,KALUTARA,1.3130,ocr_3of3,1.3130,1.3130,1.3130,1.3130
COP2122-082,3,18,MATALE,1.2591,ocr_3of3,1.2591,1.2591,1.2591,1.2591
COP2122-082,3,18,KANDY,1.2461,ocr_3of3,1.2461,1.2461,I.2461,1.2461
COP2122-082,3,18,NUWARA ELIYA,1.1027,ocr_3of3,1.1027,1.1027,1.1027,1.1027
COP2122-082,3,18,GALLE,1.2740,ocr_3of3,1.2740,1.2740,1.2740,1.2740
COP2122-082,3,18,MATARA,1.2928,ocr_3of3,1.2928,1.2928,1.2928,1.2928
COP2122-082,3,18,HAMBANTOTA,1.0386,ocr_3of3,1.0386,1.0386,1.0386,1.0386
COP2122-082,3,18,JAFFNA,1.1047,ocr_3of3,1.1047,1.1047,1.1047,1.1047
COP2122-082,3,18,KILINOCHCHI,NQC,ocr_3of3,NQC,NQC,NQC,NQC
COP2122-082,3,18,MANNAR,NQC,ocr_3of3,NQC,NQC,NQC,NQC
COP2122-082,3,18,MULLAITIVU,NQC,ocr_3of3,NQC,NQC,NQC,NQC
COP2122-082,3,18,VAVUNIYA,0.6308,ocr_3of3,0.6308,0.6308,0.6308,0.6308
COP2122-082,3,18,TRINCOMALEE,0.9099,ocr_3of3,0.9099,0.9099,0.9099,0.9099
COP2122-082,3,18,BATTICALOA,0.9366,ocr_3of3,0.9366,0.9366,0.9366,0.9366
COP2122-082,3,18,AMPARA,1.0088,ocr_3of3,1.0088,1.0088,1.0088,1.0088
COP2122-082,3,18,PUTTALAM,1.0987,ocr_3of3,1.0987,1.0987,1.0987,1.0999
COP2122-082,3,18,KURUNEGALA,1.2563,ocr_3of3,1.2563,1.2563,1.2563,1.2563
COP2122-082,3,18,ANURADHAPURA,1.0340,ocr_3of3,1.0340,1.0340,1.0340,1.0340
COP2122-082,3,18,POLONNARUWA,1.1716,ocr_3of3,1.1716,1.1716,1.1716,1.1716
COP2122-082,3,18,BADULLA,1.1612,ocr_3of3,1.1612,1.1612,1.1612,1.1612
COP2122-082,3,18,MONARAGALA,1.2978,ocr_3of3,1.2978,1.2978,1.2978,1.2978
COP2122-082,3,18,KEGALLE,1.2838,ocr_3of3,1.2838,1.2838,1.2838,1.2838
COP2122-082,3,18,RATNAPURA,1.1875,ocr_3of3,1.1875,1.1875,1.1875,1.1875
COP2122-083,3,19,COLOMBO,1.6169,ocr_3of3,1.6169,1.6169,1.6169,1.6169
COP2122-083,3,19,GAMPAHA,1.5912,ocr_3of3,1.5912,1.5912,1.5912,1.5912
COP2122-083,3,19,KALUTARA,1.5233,ocr_3of3,1.5233,1.5233,1.5233,1.5712
COP2122-083,3,19,MATALE,1.5865,ocr_3of3,1.5865,1.5865,1.5865,1.5865
COP2122-083,3,19,KANDY,1.4953,ocr_3of3,1.4953,1.4953,1.4953,1.5033
COP2122-083,3,19,NUWARA ELIYA,1.4577,ocr_3of3,1.4577,1.4577,1.4577,1.4577
COP2122-083,3,19,GALLE,1.5671,ocr_3of3,1.5671,1.5671,1.5671,1.5671
COP2122-083,3,19,MATARA,1.6124,ocr_3of3,1.6124,I. 6124,1.6124,1.6124
COP2122-083,3,19,HAMBANTOTA,1.5770,ocr_3of3,1.5770,1.5770,1.5770,1.5770
COP2122-083,3,19,JAFFNA,1.5151,ocr_3of3,1.5151,1.5151,1.5151,1.5151
COP2122-083,3,19,KILINOCHCHI,1.5710,ocr_3of3,1.5710,1.5710,1.5710,1.5710
COP2122-083,3,19,MANNAR,1.3930,ocr_3of3,1.3930,1.3930,1.3930,1.3930
COP2122-083,3,19,MULLAITIVU,1.3468,ocr_3of3,1.3468,1.3468,1.3468,1.3468
COP2122-083,3,19,VAVUNIYA,1.5084,ocr_3of3,1.5084,1.5084,1.5084,1.5084
COP2122-083,3,19,TRINCOMALEE,1.5996,ocr_3of3,1.5996,1.5996,1.5996,1.5996
COP2122-083,3,19,BATTICALOA,1.5528,ocr_3of3,1.5528,1.5528,1.5528,1.5528
COP2122-083,3,19,AMPARA,1.5708,ocr_3of3,1.5708,1.5708,1.5708,1.5708
COP2122-083,3,19,PUTTALAM,1.4328,ocr_3of3,1.4328,1.4328,1.4328,1.4328
COP2122-083,3,19,KURUNEGALA,1.5144,visual_read,1.5144,,,1.5144
COP2122-083,3,19,ANURADHAPURA,1.4694,ocr_2of3_third_unreadable,1.4694,I .4694,I-4694,1.4694
COP2122-083,3,19,POLONNARUWA,1.5426,ocr_3of3,1.5426,1.5426,1.5426,1.5426
COP2122-083,3,19,BADULLA,1.5269,ocr_3of3,1.5269,1.5269,1.5269,1.5269
COP2122-083,3,19,MONARAGALA,1.6017,ocr_3of3,1.6017,1.6017,1.6017,1.6017
COP2122-083,3,19,KEGALLE,1.6149,ocr_3of3,1.6149,1.6149,1.6149,1.6149
COP2122-083,3,19,RATNAPURA,1.5649,ocr_3of3,1.5649,1.5649,1.5649,1.5649
COP2122-084,3,20,COLOMBO,1.8554,ocr_3of3,1.8554,1.8554,1.8554,1.8554
COP2122-084,3,20,GAMPAHA,1.7355,ocr_3of3,1.7355,1.7355,1.7355,1.7355
COP2122-084,3,20,KALUTARA,1.7742,ocr_3of3,1.7742,1.7742,1.7742,1.7742
COP2122-084,3,20,MATALE,1.7037,ocr_3of3,1.7037,1.7037,1.7037,1.7037
COP2122-084,3,20,KANDY,1.6606,ocr_3of3,1.6606,1.6606,1.6606,1.6606
COP2122-084,3,20,NUWARA ELIYA,1.7144,ocr_3of3,1.7144,I. 7144,1.7144,1.7144
COP2122-084,3,20,GALLE,1.8215,ocr_3of3,1.8215,1.8215,1.8215,1.8215
COP2122-084,3,20,MATARA,1.8549,ocr_3of3,1.8549,1.8549,1.8549,1.8549
COP2122-084,3,20,HAMBANTOTA,1.6643,ocr_3of3,1.6643,1.6643,1.6643,1.6643
COP2122-084,3,20,JAFFNA,1.6798,ocr_3of3,1.6798,1.6798,1.6798,1.6798
COP2122-084,3,20,KILINOCHCHI,1.1520,ocr_3of3,1.1520,1.1520,1.1520,1.1520
COP2122-084,3,20,MANNAR,1.6901,ocr_3of3,1.6901,1.6901,1.6901,1.6901
COP2122-084,3,20,MULLAITIVU,1.3451,ocr_3of3,1.3451,1.3451,1.3451,1.3451
COP2122-084,3,20,VAVUNIYA,1.5979,ocr_3of3,1.5979,1.5979,1.5979,1.5979
COP2122-084,3,20,TRINCOMALEE,1.5261,ocr_3of3,1.5261,1.5261,1.5261,1.5261
COP2122-084,3,20,BATTICALOA,1.7083,ocr_3of3,1.7083,1.7083,1.7083,1.7083
COP2122-084,3,20,AMPARA,1.5520,ocr_3of3,1.5520,1.5520,1.5520,1.5520
COP2122-084,3,20,PUTTALAM,1.5069,ocr_3of3,1.5069,1.5069,1.5069,1.5069
COP2122-084,3,20,KURUNEGALA,1.6187,ocr_3of3,1.6187,1.6187,1.6187,1.6187
COP2122-084,3,20,ANURADHAPURA,1.7267,ocr_3of3,1.7267,1.7267,1.7267,1.7267
COP2122-084,3,20,POLONNARUWA,1.5424,ocr_2of3_third_unreadable,1.5424,I .5424,I-5424,1.5424
COP2122-084,3,20,BADULLA,1.6664,ocr_3of3,1.6664,1.6664,1.6664,1.6664
COP2122-084,3,20,MONARAGALA,1.5678,ocr_3of3,1.5678,1.5678,1.5678,1.5678
COP2122-084,3,20,KEGALLE,1.6706,ocr_3of3,1.6706,1.6706,1.6706,1.6706
COP2122-084,3,20,RATNAPURA,1.7870,ocr_3of3,1.7870,1.7870,1.7870,1.7870
COP2122-085,3,21,COLOMBO,1.4339,ocr_3of3,1.4339,1.4339,1.4339,1.4695
COP2122-085,3,21,GAMPAHA,1.3676,ocr_3of3,1.3676,1.3676,1.3676,1.3834
COP2122-085,3,21,KALUTARA,1.3939,ocr_3of3,1.3939,1.3939,1.3939,1.4887
COP2122-085,3,21,MATALE,1.4343,ocr_3of3,1.4343,I .4343,I.4343,1.4343
COP2122-085,3,21,KANDY,1.3564,ocr_3of3,1.3564,1.3564,1.3564,1.4218
COP2122-085,3,21,NUWARA ELIYA,1.0816,ocr_3of3,1.0816,1.0816,1.0816,1.0816
COP2122-085,3,21,GALLE,1.4121,ocr_3of3,1.4121,1.4121,1.4121,1.4121
COP2122-085,3,21,MATARA,1.2953,ocr_3of3,1.2953,1.2953,1.2953,1.2953
COP2122-085,3,21,HAMBANTOTA,1.2180,ocr_3of3,1.2180,1.2180,1.2180,1.2180
COP2122-085,3,21,JAFFNA,1.0130,ocr_3of3,1.0130,1.0130,1.0130,1.0130
COP2122-085,3,21,KILINOCHCHI,NQC,ocr_3of3,NQC,NQC,NQC,NQC
COP2122-085,3,21,MANNAR,1.0402,ocr_3of3,1.0402,1.0402,1.0402,1.0402
COP2122-085,3,21,MULLAITIVU,1.0050,ocr_3of3,1.0050,1.0050,1.0050,1.0050
COP2122-085,3,21,VAVUNIYA,NQC,ocr_3of3,NQC,NQC,NQC,NQC
COP2122-085,3,21,TRINCOMALEE,1.4567,ocr_3of3,1.4567,1.4567,1.4567,1.4567
COP2122-085,3,21,BATTICALOA,1.1719,ocr_3of3,1.1719,1.1719,1.1719,1.1719
COP2122-085,3,21,AMPARA,0.8791,ocr_3of3,0.8791,0.8791,0.8791,0.8791
COP2122-085,3,21,PUTTALAM,NQC,ocr_3of3,NQC,NQC,NQC,NQC
COP2122-085,3,21,KURUNEGALA,1.1435,ocr_3of3,1.1435,1.1435,1.1435,1.1717
COP2122-085,3,21,ANURADHAPURA,1.2883,ocr_3of3,1.2883,1.2883,1.2883,1.2883
COP2122-085,3,21,POLONNARUWA,1.2115,ocr_3of3,1.2115,1.2115,1.2115,1.2115
COP2122-085,3,21,BADULLA,1.4444,ocr_3of3,1.4444,I .4444,I.4444,1.4444
COP2122-085,3,21,MONARAGALA,1.2057,ocr_3of3,1.2057,1.2057,1.2057,1.2057
COP2122-085,3,21,KEGALLE,1.3873,ocr_3of3,1.3873,1.3873,1.3873,1.3873
COP2122-085,3,21,RATNAPURA,1.1152,ocr_3of3,1.1152,1.1152,1.1152,1.1152
COP2122-086,3,22,COLOMBO,1.2671,ocr_3of3,1.2671,1.2671,1.2671,1.2671
COP2122-086,3,22,GAMPAHA,1.2375,ocr_3of3,1.2375,1.2375,1.2375,1.2375
COP2122-086,3,22,KALUTARA,1.3003,ocr_3of3,1.3003,1.3003,1.3003,1.3003
COP2122-086,3,22,MATALE,1.2853,ocr_3of3,1.2853,1.2853,1.2853,1.2853
COP2122-086,3,22,KANDY,1.2384,ocr_3of3,1.2384,1.2384,1.2384,1.2384
COP2122-086,3,22,NUWARA ELIYA,1.1397,ocr_3of3,1.1397,1.1397,1.1397,1.1397
COP2122-086,3,22,GALLE,1.3066,ocr_3of3,1.3066,1.3066,1.3066,1.3066
COP2122-086,3,22,MATARA,1.3032,ocr_3of3,1.3032,1.3032,1.3032,1.3032
COP2122-086,3,22,HAMBANTOTA,1.2062,ocr_3of3,1.2062,1.2062,1.2062,1.2062
COP2122-086,3,22,JAFFNA,1.2965,ocr_3of3,1.2965,1.2965,1.2965,1.2965
COP2122-086,3,22,KILINOCHCHI,1.1437,ocr_3of3,1.1437,1.1437,1.1437,1.1437
COP2122-086,3,22,MANNAR,1.0990,ocr_3of3,1.0990,1.0990,1.0990,1.0990
COP2122-086,3,22,MULLAITIVU,1.1324,ocr_3of3,1.1324,1.1324,1.1324,1.1324
COP2122-086,3,22,VAVUNIYA,1.0603,ocr_3of3,1.0603,1.0603,1.0603,1.0603
COP2122-086,3,22,TRINCOMALEE,1.2861,ocr_3of3,1.2861,1.2861,1.2861,1.2861
COP2122-086,3,22,BATTICALOA,1.3085,ocr_3of3,1.3085,1.3085,1.3085,1.3085
COP2122-086,3,22,AMPARA,1.0582,ocr_3of3,1.0582,1.0582,1.0582,1.0582
COP2122-086,3,22,PUTTALAM,1.1803,ocr_3of3,1.1803,1.1803,1.1803,1.1803
COP2122-086,3,22,KURUNEGALA,1.2689,ocr_3of3,1.2689,1.2689,1.2689,1.2689
COP2122-086,3,22,ANURADHAPURA,1.1616,ocr_3of3,1.1616,1.1616,1.1616,1.1616
COP2122-086,3,22,POLONNARUWA,1.1034,ocr_3of3,1.1034,1.1034,1.1034,1.1892
COP2122-086,3,22,BADULLA,1.2291,ocr_3of3,1.2291,1.2291,1.2291,1.2291
COP2122-086,3,22,MONARAGALA,1.2902,ocr_3of3,1.2902,1.2902,1.2902,1.2902
COP2122-086,3,22,KEGALLE,1.2935,ocr_3of3,1.2935,1.2935,1.2935,1.2935
COP2122-086,3,22,RATNAPURA,1.2643,ocr_3of3,1.2643,1.2643,1.2643,1.2643
COP2122-087,3,23,COLOMBO,2.0202,ocr_3of3,2.0202,2.0202,2.0202,2.0202
COP2122-087,3,23,GAMPAHA,2.0260,ocr_3of3,2.0260,2.0260,2.0260,2.0260
COP2122-087,3,23,KALUTARA,2.0267,ocr_3of3,2.0267,2.0267,2.0267,2.0267
COP2122-087,3,23,MATALE,2.0231,ocr_3of3,2.0231,2.0231,2.0231,2.0231
COP2122-087,3,23,KANDY,2.0307,ocr_3of3,2.0307,2.0307,2.0307,2.0307
COP2122-087,3,23,NUWARA ELIYA,2.0688,ocr_3of3,2.0688,2.0688,2.0688,2.0688
COP2122-087,3,23,GALLE,2.0260,ocr_3of3,2.0260,2.0260,2.0260,2.0260
COP2122-087,3,23,MATARA,2.0477,ocr_3of3,2.0477,2.0477,2.0477,2.0477
COP2122-087,3,23,HAMBANTOTA,2.0288,ocr_3of3,2.0288,2.0288,2.0288,2.0288
COP2122-087,3,23,JAFFNA,2.0314,ocr_3of3,2.0314,2.0314,2.0314,2.0314
COP2122-087,3,23,KILINOCHCHI,NQC,ocr_3of3,NQC,NQC,NQC,NQC
COP2122-087,3,23,MANNAR,NQC,ocr_3of3,NQC,NQC,NQC,NQC
COP2122-087,3,23,MULLAITIVU,NQC,ocr_3of3,NQC,NQC,NQC,NQC
COP2122-087,3,23,VAVUNIYA,2.0504,ocr_3of3,2.0504,2.0504,2.0504,2.0504
COP2122-087,3,23,TRINCOMALEE,2.0431,ocr_3of3,2.0431,2.0431,2.0431,2.0431
COP2122-087,3,23,BATTICALOA,2.0240,ocr_3of3,2.0240,2.0240,2.0240,2.0240
COP2122-087,3,23,AMPARA,2.0505,ocr_3of3,2.0505,2.0505,2.0505,2.0505
COP2122-087,3,23,PUTTALAM,2.0215,ocr_3of3,2.0215,2.0215,2.0215,2.0215
COP2122-087,3,23,KURUNEGALA,2.0178,ocr_3of3,2.0178,2.0178,2.0178,2.0178
COP2122-087,3,23,ANURADHAPURA,2.0225,ocr_3of3,2.0225,2.0225,2.0225,2.0225
COP2122-087,3,23,POLONNARUWA,2.0371,ocr_3of3,2.0371,2.0371,2.0371,2.0371
COP2122-087,3,23,BADULLA,2.0372,ocr_3of3,2.0372,2.0372,2.0372,2.0372
COP2122-087,3,23,MONARAGALA,2.0431,ocr_3of3,2.0431,2.0431,2.0431,2.0431
COP2122-087,3,23,KEGALLE,2.0237,ocr_3of3,2.0237,2.0237,2.0237,2.0237
COP2122-087,3,23,RATNAPURA,2.0285,ocr_3of3,2.0285,2.0285,2.0285,2.0285
COP2122-088,3,24,COLOMBO,1.9965,ocr_3of3,1.9965,1.9965,1.9965,1.9965
COP2122-088,3,24,GAMPAHA,1.9896,ocr_3of3,1.9896,1.9896,1.9896,1.9896
COP2122-088,3,24,KALUTARA,1.9925,ocr_3of3,1.9925,1.9925,1.9925,1.9925
COP2122-088,3,24,MATALE,1.9908,ocr_3of3,1.9908,1.9908,1.9908,1.9908
COP2122-088,3,24,KANDY,1.9897,ocr_3of3,1.9897,1.9897,1.9897,1.9897
COP2122-088,3,24,NUWARA ELIYA,1.9978,ocr_3of3,1.9978,1.9978,1.9978,1.9978
COP2122-088,3,24,GALLE,1.9971,ocr_3of3,1.9971,1.9971,1.9971,1.9971
COP2122-088,3,24,MATARA,2.0120,ocr_3of3,2.0120,2.0120,2.0120,2.0120
COP2122-088,3,24,HAMBANTOTA,2.0050,ocr_3of3,2.0050,2.0050,2.0050,2.0050
COP2122-088,3,24,JAFFNA,2.0023,ocr_3of3,2.0023,2.0023,2.0023,2.0023
COP2122-088,3,24,KILINOCHCHI,NQC,ocr_3of3,NQC,NQC,NQC,NQC
COP2122-088,3,24,MANNAR,NQC,ocr_3of3,NQC,NQC,NQC,NQC
COP2122-088,3,24,MULLAITIVU,NQC,ocr_3of3,NQC,NQC,NQC,NQC
COP2122-088,3,24,VAVUNIYA,NQC,ocr_3of3,NQC,NQC,NQC,NQC
COP2122-088,3,24,TRINCOMALEE,2.0060,ocr_3of3,2.0060,2.0060,2.0060,2.0060
COP2122-088,3,24,BATTICALOA,2.0012,ocr_3of3,2.0012,2.0012,2.0012,2.0012
COP2122-088,3,24,AMPARA,1.9951,ocr_3of3,1.9951,1.9951,1.9951,1.9951
COP2122-088,3,24,PUTTALAM,1.9936,ocr_3of3,1.9936,1.9936,1.9936,1.9936
COP2122-088,3,24,KURUNEGALA,1.9979,ocr_3of3,1.9979,1.9979,1.9979,1.9979
COP2122-088,3,24,ANURADHAPURA,1.9998,ocr_3of3,1.9998,1.9998,1.9998,1.9998
COP2122-088,3,24,POLONNARUWA,1.9933,ocr_3of3,1.9933,1.9933,1.9933,1.9933
COP2122-088,3,24,BADULLA,NQC,ocr_3of3,NQC,NQC,NQC,NQC
COP2122-088,3,24,MONARAGALA,1.9931,ocr_3of3,1.9931,1.9931,1.9931,1.9931
COP2122-088,3,24,KEGALLE,2.0039,ocr_3of3,2.0039,2.0039,2.0039,2.0039
COP2122-088,3,24,RATNAPURA,2.0017,ocr_3of3,2.0017,2.0017,2.0017,2.0017
COP2122-089,3,25,COLOMBO,1.9635,ocr_3of3,1.9635,1.9635,1.9635,1.9663
COP2122-089,3,25,GAMPAHA,1.8662,ocr_3of3,1.8662,1.8662,1.8662,1.8662
COP2122-089,3,25,KALUTARA,1.8602,ocr_3of3,1.8602,1.8602,1.8602,1.8602
COP2122-089,3,25,MATALE,1.8971,ocr_3of3,1.8971,1.8971,1.8971,1.8971
COP2122-089,3,25,KANDY,1.8426,ocr_3of3,1.8426,1.8426,1.8426,1.8426
COP2122-089,3,25,NUWARA ELIYA,1.9389,ocr_3of3,1.9389,1.9389,1.9389,1.9389
COP2122-089,3,25,GALLE,1.9432,ocr_3of3,1.9432,1.9432,1.9432,1.9432
COP2122-089,3,25,MATARA,1.9573,ocr_3of3,1.9573,1.9573,1.9573,1.9573
COP2122-089,3,25,HAMBANTOTA,1.8834,ocr_3of3,1.8834,1.8834,1.8834,1.8834
COP2122-089,3,25,JAFFNA,1.9414,ocr_2of3_third_unreadable,1.9414,1.9414,9414,1.9414
COP2122-089,3,25,KILINOCHCHI,1.7645,ocr_3of3,1.7645,1.7645,1.7645,1.7645
COP2122-089,3,25,MANNAR,1.8947,ocr_3of3,1.8947,1.8947,1.8947,1.8947
COP2122-089,3,25,MULLAITIVU,1.9483,ocr_3of3,1.9483,1.9483,1.9483,1.9483
COP2122-089,3,25,VAVUNIYA,2.0173,ocr_3of3,2.0173,2.0173,2.0173,2.0173
COP2122-089,3,25,TRINCOMALEE,1.9408,ocr_3of3,1.9408,1.9408,1.9408,1.9408
COP2122-089,3,25,BATTICALOA,1.9333,ocr_3of3,1.9333,1.9333,1.9333,1.9333
COP2122-089,3,25,AMPARA,1.8527,ocr_3of3,1.8527,1.8527,1.8527,1.8527
COP2122-089,3,25,PUTTALAM,1.9213,ocr_3of3,1.9213,1.9213,1.9213,1.9213
COP2122-089,3,25,KURUNEGALA,1.9528,ocr_3of3,1.9528,1.9528,1.9528,1.9528
COP2122-089,3,25,ANURADHAPURA,1.9814,ocr_3of3,1.9814,1.9814,1.9814,1.9814
COP2122-089,3,25,POLONNARUWA,1.9769,ocr_3of3,1.9769,1.9769,1.9769,1.9769
COP2122-089,3,25,BADULLA,1.9117,ocr_3of3,1.9117,1.9117,1.9117,1.9117
COP2122-089,3,25,MONARAGALA,1.9809,ocr_3of3,1.9809,1.9809,1.9809,1.9809
COP2122-089,3,25,KEGALLE,1.9511,ocr_3of3,1.9511,1.9511,1.9511,1.9511
COP2122-089,3,25,RATNAPURA,1.8876,ocr_3of3,1.8876,1.8876,1.8876,1.8876
COP2122-090,3,26,COLOMBO,1.7686,ocr_3of3,1.7686,1.7686,1.7686,1.7686
COP2122-090,3,26,GAMPAHA,1.7686,ocr_3of3,1.7686,1.7686,1.7686,1.7686
COP2122-090,3,26,KALUTARA,1.7686,ocr_3of3,1.7686,1.7686,1.7686,1.7686
COP2122-090,3,26,MATALE,1.7686,ocr_3of3,1.7686,1.7686,1.7686,1.7686
COP2122-090,3,26,KANDY,1.7686,ocr_3of3,1.7686,1.7686,1.7686,1.7686
COP2122-090,3,26,NUWARA ELIYA,1.7686,ocr_3of3,1.7686,1.7686,1.7686,1.7686
COP2122-090,3,26,GALLE,1.7686,ocr_3of3,1.7686,1.7686,1.7686,1.7686
COP2122-090,3,26,MATARA,1.7686,ocr_3of3,1.7686,1.7686,1.7686,1.7686
COP2122-090,3,26,HAMBANTOTA,1.7686,ocr_3of3,1.7686,1.7686,1.7686,1.7686
COP2122-090,3,26,JAFFNA,1.7686,ocr_3of3,1.7686,1.7686,1.7686,1.7686
COP2122-090,3,26,KILINOCHCHI,1.7686,ocr_3of3,1.7686,1.7686,1.7686,1.7686
COP2122-090,3,26,MANNAR,1.7686,ocr_3of3,1.7686,1.7686,1.7686,1.7686
COP2122-090,3,26,MULLAITIVU,1.7686,ocr_3of3,1.7686,1.7686,1.7686,1.7686
COP2122-090,3,26,VAVUNIYA,1.7686,ocr_3of3,1.7686,1.7686,1.7686,1.7686
COP2122-090,3,26,TRINCOMALEE,1.7686,ocr_3of3,1.7686,1.7686,1.7686,1.7686
COP2122-090,3,26,BATTICALOA,1.7686,ocr_3of3,1.7686,1.7686,1.7686,1.7686
COP2122-090,3,26,AMPARA,1.7686,ocr_3of3,1.7686,1.7686,1.7686,1.7686
COP2122-090,3,26,PUTTALAM,1.7686,ocr_3of3,1.7686,1.7686,1.7686,1.7686
COP2122-090,3,26,KURUNEGALA,1.7686,ocr_3of3,1.7686,1.7686,1.7686,1.7686
COP2122-090,3,26,ANURADHAPURA,1.7686,ocr_3of3,1.7686,1.7686,1.7686,1.7686
COP2122-090,3,26,POLONNARUWA,1.7686,ocr_3of3,1.7686,1.7686,1.7686,1.7686
COP2122-090,3,26,BADULLA,1.7686,ocr_3of3,1.7686,1.7686,1.7686,1.7686
COP2122-090,3,26,MONARAGALA,1.7686,ocr_3of3,1.7686,1.7686,1.7686,1.7686
COP2122-090,3,26,KEGALLE,1.7686,ocr_3of3,1.7686,1.7686,1.7686,1.7686
COP2122-090,3,26,RATNAPURA,1.7686,ocr_3of3,1.7686,1.7686,1.7686,1.7686
COP2122-091,3,27,COLOMBO,1.6494,ocr_2of3_third_unreadable,1.6494,,I.6494,1.6519
COP2122-091,3,27,GAMPAHA,1.6494,ocr_3of3,1.6494,I. 6494,I.6494,1.6519
COP2122-091,3,27,KALUTARA,1.6494,ocr_3of3,1.6494,I. 6494,I.6494,1.6519
COP2122-091,3,27,MATALE,1.6494,ocr_3of3,1.6494,I. 6494,I.6494,1.6519
COP2122-091,3,27,KANDY,1.6494,ocr_2of3_third_unreadable,1.6494,6494,I.6494,1.6519
COP2122-091,3,27,NUWARA ELIYA,1.6494,ocr_2of3_third_unreadable,1.6494,6494,I.6494,1.6519
COP2122-091,3,27,GALLE,1.6494,ocr_2of3_third_unreadable,1.6494,,I.6494,1.6519
COP2122-091,3,27,MATARA,1.6494,ocr_2of3_third_unreadable,1.6494,,I.6494,1.6519
COP2122-091,3,27,HAMBANTOTA,1.6494,ocr_3of3,1.6494,I. 6494,I.6494,1.6519
COP2122-091,3,27,JAFFNA,1.6494,ocr_3of3,1.6494,I. 6494,I.6494,1.6519
COP2122-091,3,27,KILINOCHCHI,1.6494,ocr_3of3,1.6494,I. 6494,I.6494,1.6519
COP2122-091,3,27,MANNAR,1.6494,ocr_3of3,1.6494,I. 6494,I.6494,1.6519
COP2122-091,3,27,MULLAITIVU,1.6494,ocr_3of3,1.6494,I. 6494,I.6494,1.6519
COP2122-091,3,27,VAVUNIYA,1.6494,ocr_3of3,1.6494,I. 6494,I.6494,1.6519
COP2122-091,3,27,TRINCOMALEE,1.6494,ocr_2of3_third_unreadable,1.6494,,I.6494,1.6519
COP2122-091,3,27,BATTICALOA,1.6494,ocr_2of3_third_unreadable,1.6494,,I.6494,1.6519
COP2122-091,3,27,AMPARA,1.6494,ocr_3of3,1.6494,I. 6494,I.6494,1.6519
COP2122-091,3,27,PUTTALAM,1.6494,ocr_3of3,1.6494,I. 6494,I.6494,1.6519
COP2122-091,3,27,KURUNEGALA,1.6494,ocr_3of3,1.6494,I. 6494,I.6494,1.6519
COP2122-091,3,27,ANURADHAPURA,1.6494,ocr_2of3_third_unreadable,1.6494,6494,I.6494,1.6519
COP2122-091,3,27,POLONNARUWA,1.6494,ocr_2of3_third_unreadable,1.6494,6494,I.6494,1.6519
COP2122-091,3,27,BADULLA,1.6494,ocr_2of3_third_unreadable,1.6494,,I.6494,1.6519
COP2122-091,3,27,MONARAGALA,1.6494,ocr_2of3_third_unreadable,1.6494,,I.6494,1.6519
COP2122-091,3,27,KEGALLE,1.6494,ocr_3of3,1.6494,I. 6494,I.6494,1.6519
COP2122-091,3,27,RATNAPURA,1.6494,ocr_3of3,1.6494,I. 6494,I.6494,1.6519
COP2122-092,3,28,COLOMBO,1.5844,ocr_3of3,1.5844,1.5844,I.5844,1.5844
COP2122-092,3,28,GAMPAHA,1.5844,ocr_3of3,1.5844,1.5844,1.5844,1.5844
COP2122-092,3,28,KALUTARA,1.5844,ocr_3of3,1.5844,1.5844,1.5844,1.5844
COP2122-092,3,28,MATALE,1.5844,ocr_3of3,1.5844,1.5844,I.5844,1.5844
COP2122-092,3,28,KANDY,1.5844,ocr_3of3,1.5844,1.5844,1.5844,1.5844
COP2122-092,3,28,NUWARA ELIYA,1.5844,ocr_3of3,1.5844,1.5844,I.5844,1.5844
COP2122-092,3,28,GALLE,1.5844,ocr_3of3,1.5844,1.5844,1.5844,1.5844
COP2122-092,3,28,MATARA,1.5844,ocr_3of3,1.5844,1.5844,I.5844,1.5844
COP2122-092,3,28,HAMBANTOTA,1.5844,visual_read,1.5844,15844,15844,1.5844
COP2122-092,3,28,JAFFNA,1.5844,ocr_3of3,1.5844,I .5844,I.5844,1.5844
COP2122-092,3,28,KILINOCHCHI,1.5844,ocr_3of3,1.5844,1.5844,1.5844,1.5844
COP2122-092,3,28,MANNAR,1.5844,ocr_3of3,1.5844,I .5844,I.5844,1.5844
COP2122-092,3,28,MULLAITIVU,1.5844,ocr_3of3,1.5844,I .5844,1.5844,1.5844
COP2122-092,3,28,VAVUNIYA,1.5844,ocr_3of3,1.5844,I .5844,I.5844,1.5844
COP2122-092,3,28,TRINCOMALEE,1.5844,ocr_3of3,1.5844,1.5844,1.5844,1.5844
COP2122-092,3,28,BATTICALOA,1.5844,ocr_3of3,1.5844,1.5844,I.5844,1.5844
COP2122-092,3,28,AMPARA,1.5844,visual_read,1.5844,15844,,1.5844
COP2122-092,3,28,PUTTALAM,1.5844,visual_read,1.5844,15844,15844,1.5844
COP2122-092,3,28,KURUNEGALA,1.5844,ocr_2of3_third_unreadable,1.5844,15844,I.5844,1.5844
COP2122-092,3,28,ANURADHAPURA,1.5844,ocr_3of3,1.5844,I .5844,1.5844,1.5844
COP2122-092,3,28,POLONNARUWA,1.5844,ocr_3of3,1.5844,1.5844,I.5844,1.5844
COP2122-092,3,28,BADULLA,1.5844,ocr_3of3,1.5844,I .5844,1.5844,1.5844
COP2122-092,3,28,MONARAGALA,1.5844,ocr_3of3,1.5844,1.5844,I.5844,1.5844
COP2122-092,3,28,KEGALLE,1.5844,ocr_2of3_third_unreadable,1.5844,1.5844,15844,1.5844
COP2122-092,3,28,RATNAPURA,1.5844,ocr_3of3,1.5844,1.5844,I.5844,1.5844
COP2122-093,3,29,COLOMBO,1.5027,ocr_3of3,1.5027,1.5027,1.5027,1.5029
COP2122-093,3,29,GAMPAHA,1.5027,ocr_3of3,1.5027,1.5027,1.5027,1.5029
COP2122-093,3,29,KALUTARA,1.5027,ocr_3of3,1.5027,1.5027,1.5027,1.5029
COP2122-093,3,29,MATALE,1.5027,ocr_3of3,1.5027,1.5027,1.5027,1.5029
COP2122-093,3,29,KANDY,1.5027,ocr_3of3,1.5027,1.5027,1.5027,1.5029
COP2122-093,3,29,NUWARA ELIYA,1.5027,ocr_3of3,1.5027,1.5027,1.5027,1.5029
COP2122-093,3,29,GALLE,1.5027,ocr_3of3,1.5027,1.5027,1.5027,1.5029
COP2122-093,3,29,MATARA,1.5027,ocr_3of3,1.5027,1.5027,1.5027,1.5029
COP2122-093,3,29,HAMBANTOTA,1.5027,ocr_3of3,1.5027,1.5027,1.5027,1.5029
COP2122-093,3,29,JAFFNA,1.5027,ocr_3of3,1.5027,1.5027,1.5027,1.5029
COP2122-093,3,29,KILINOCHCHI,1.5027,ocr_3of3,1.5027,1.5027,1.5027,1.5029
COP2122-093,3,29,MANNAR,1.5027,ocr_3of3,1.5027,1.5027,1.5027,1.5029
COP2122-093,3,29,MULLAITIVU,1.5027,ocr_3of3,1.5027,1.5027,1.5027,1.5029
COP2122-093,3,29,VAVUNIYA,1.5027,ocr_3of3,1.5027,1.5027,1.5027,1.5029
COP2122-093,3,29,TRINCOMALEE,1.5027,ocr_3of3,1.5027,1.5027,1.5027,1.5029
COP2122-093,3,29,BATTICALOA,1.5027,ocr_3of3,1.5027,1.5027,1.5027,1.5029
COP2122-093,3,29,AMPARA,1.5027,ocr_3of3,1.5027,1.5027,1.5027,1.5029
COP2122-093,3,29,PUTTALAM,1.5027,ocr_3of3,1.5027,1.5027,1.5027,1.5029
COP2122-093,3,29,KURUNEGALA,1.5027,ocr_3of3,1.5027,1.5027,1.5027,1.5029
COP2122-093,3,29,ANURADHAPURA,1.5027,ocr_3of3,1.5027,1.5027,1.5027,1.5029
COP2122-093,3,29,POLONNARUWA,1.5027,ocr_3of3,1.5027,1.5027,1.5027,1.5029
COP2122-093,3,29,BADULLA,1.5027,ocr_3of3,1.5027,1.5027,1.5027,1.5029
COP2122-093,3,29,MONARAGALA,1.5027,ocr_3of3,1.5027,1.5027,1.5027,1.5029
COP2122-093,3,29,KEGALLE,1.5027,ocr_3of3,1.5027,1.5027,1.5027,1.5029
COP2122-093,3,29,RATNAPURA,1.5027,ocr_3of3,1.5027,1.5027,1.5027,1.5029
COP2122-094,3,30,COLOMBO,1.2716,ocr_3of3,1.2716,1.2716,1.2716,1.2717
COP2122-094,3,30,GAMPAHA,1.2716,ocr_3of3,1.2716,1.2716,1.2716,1.2717
COP2122-094,3,30,KALUTARA,1.2716,ocr_3of3,1.2716,1.2716,1.2716,1.2717
COP2122-094,3,30,MATALE,1.2716,ocr_3of3,1.2716,1.2716,1.2716,1.2717
COP2122-094,3,30,KANDY,1.2716,ocr_3of3,1.2716,1.2716,1.2716,1.2717
COP2122-094,3,30,NUWARA ELIYA,1.2716,ocr_3of3,1.2716,1.2716,1.2716,1.2717
COP2122-094,3,30,GALLE,1.2716,ocr_3of3,1.2716,1.2716,1.2716,1.2717
COP2122-094,3,30,MATARA,1.2716,ocr_3of3,1.2716,1.2716,1.2716,1.2717
COP2122-094,3,30,HAMBANTOTA,1.2716,ocr_3of3,1.2716,1.2716,1.2716,1.2717
COP2122-094,3,30,JAFFNA,1.2716,ocr_3of3,1.2716,1.2716,1.2716,1.2717
COP2122-094,3,30,KILINOCHCHI,1.2716,ocr_3of3,1.2716,1.2716,1.2716,1.2717
COP2122-094,3,30,MANNAR,1.2716,ocr_3of3,1.2716,1.2716,1.2716,1.2717
COP2122-094,3,30,MULLAITIVU,1.2716,ocr_3of3,1.2716,1.2716,1.2716,1.2717
COP2122-094,3,30,VAVUNIYA,1.2716,ocr_3of3,1.2716,1.2716,1.2716,1.2717
COP2122-094,3,30,TRINCOMALEE,1.2716,ocr_3of3,1.2716,1.2716,1.2716,1.2717
COP2122-094,3,30,BATTICALOA,1.2716,ocr_3of3,1.2716,1.2716,1.2716,1.2717
COP2122-094,3,30,AMPARA,1.2716,ocr_3of3,1.2716,1.2716,1.2716,1.2717
COP2122-094,3,30,PUTTALAM,1.2716,ocr_3of3,1.2716,1.2716,1.2716,1.2717
COP2122-094,3,30,KURUNEGALA,1.2716,ocr_3of3,1.2716,1.2716,1.2716,1.2717
COP2122-094,3,30,ANURADHAPURA,1.2716,ocr_3of3,1.2716,1.2716,1.2716,1.2717
COP2122-094,3,30,POLONNARUWA,1.2716,ocr_3of3,1.2716,1.2716,1.2716,1.2717
COP2122-094,3,30,BADULLA,1.2716,ocr_3of3,1.2716,1.2716,1.2716,1.2717
COP2122-094,3,30,MONARAGALA,1.2716,ocr_3of3,1.2716,1.2716,1.2716,1.2717
COP2122-094,3,30,KEGALLE,1.2716,ocr_3of3,1.2716,1.2716,1.2716,1.2717
COP2122-094,3,30,RATNAPURA,1.2716,ocr_3of3,1.2716,1.2716,1.2716,1.2717
COP2122-095,3,31,COLOMBO,1.4158,ocr_3of3,1.4158,1.4158,1.4158,1.4158
COP2122-095,3,31,GAMPAHA,1.4158,ocr_3of3,1.4158,1.4158,1.4158,1.4158
COP2122-095,3,31,KALUTARA,1.4158,ocr_3of3,1.4158,1.4158,1.4158,1.4158
COP2122-095,3,31,MATALE,1.4158,ocr_3of3,1.4158,1.4158,1.4158,1.4158
COP2122-095,3,31,KANDY,1.4158,ocr_3of3,1.4158,1.4158,1.4158,1.4158
COP2122-095,3,31,NUWARA ELIYA,1.4158,ocr_3of3,1.4158,1.4158,1.4158,1.4158
COP2122-095,3,31,GALLE,1.4158,ocr_3of3,1.4158,1.4158,1.4158,1.4158
COP2122-095,3,31,MATARA,1.4158,ocr_3of3,1.4158,1.4158,1.4158,1.4158
COP2122-095,3,31,HAMBANTOTA,1.4158,ocr_3of3,1.4158,1.4158,1.4158,1.4158
COP2122-095,3,31,JAFFNA,1.4158,ocr_3of3,1.4158,1.4158,1.4158,1.4158
COP2122-095,3,31,KILINOCHCHI,1.4158,ocr_3of3,1.4158,1.4158,1.4158,1.4158
COP2122-095,3,31,MANNAR,1.4158,ocr_3of3,1.4158,1.4158,1.4158,1.4158
COP2122-095,3,31,MULLAITIVU,1.4158,ocr_3of3,1.4158,1.4158,1.4158,1.4158
COP2122-095,3,31,VAVUNIYA,1.4158,ocr_3of3,1.4158,1.4158,1.4158,1.4158
COP2122-095,3,31,TRINCOMALEE,1.4158,ocr_3of3,1.4158,1.4158,1.4158,1.4158
COP2122-095,3,31,BATTICALOA,1.4158,ocr_3of3,1.4158,1.4158,1.4158,1.4158
COP2122-095,3,31,AMPARA,1.4158,ocr_3of3,1.4158,1.4158,1.4158,1.4158
COP2122-095,3,31,PUTTALAM,1.4158,ocr_3of3,1.4158,1.4158,1.4158,1.4158
COP2122-095,3,31,KURUNEGALA,1.4158,ocr_3of3,1.4158,1.4158,1.4158,1.4158
COP2122-095,3,31,ANURADHAPURA,1.4158,ocr_3of3,1.4158,1.4158,1.4158,1.4158
COP2122-095,3,31,POLONNARUWA,1.4158,ocr_3of3,1.4158,1.4158,1.4158,1.4158
COP2122-095,3,31,BADULLA,1.4158,ocr_3of3,1.4158,1.4158,1.4158,1.4158
COP2122-095,3,31,MONARAGALA,1.4158,ocr_3of3,1.4158,1.4158,1.4158,1.4158
COP2122-095,3,31,KEGALLE,1.4158,ocr_3of3,1.4158,1.4158,1.4158,1.4158
COP2122-095,3,31,RATNAPURA,1.4158,ocr_3of3,1.4158,1.4158,1.4158,1.4158
COP2122-096,3,32,COLOMBO,1.1925,ocr_3of3,1.1925,1.1925,1.1925,1.1933
COP2122-096,3,32,GAMPAHA,1.1925,ocr_3of3,1.1925,1.1925,1.1925,1.1933
COP2122-096,3,32,KALUTARA,1.1925,ocr_3of3,1.1925,1.1925,1.1925,1.1933
COP2122-096,3,32,MATALE,1.1925,ocr_3of3,1.1925,1.1925,1.1925,1.1933
COP2122-096,3,32,KANDY,1.1925,ocr_3of3,1.1925,1.1925,1.1925,1.1933
COP2122-096,3,32,NUWARA ELIYA,1.1925,ocr_3of3,1.1925,1.1925,1.1925,1.1933
COP2122-096,3,32,GALLE,1.1925,ocr_3of3,1.1925,1.1925,1.1925,1.1933
COP2122-096,3,32,MATARA,1.1925,ocr_3of3,1.1925,1.1925,1.1925,1.1933
COP2122-096,3,32,HAMBANTOTA,1.1925,ocr_3of3,1.1925,1.1925,1.1925,1.1933
COP2122-096,3,32,JAFFNA,1.1925,ocr_3of3,1.1925,1.1925,1.1925,1.1933
COP2122-096,3,32,KILINOCHCHI,1.1925,ocr_3of3,1.1925,1.1925,1.1925,1.1933
COP2122-096,3,32,MANNAR,1.1925,ocr_3of3,1.1925,1.1925,1.1925,1.1933
COP2122-096,3,32,MULLAITIVU,1.1925,ocr_3of3,1.1925,1.1925,1.1925,1.1933
COP2122-096,3,32,VAVUNIYA,1.1925,ocr_3of3,1.1925,1.1925,1.1925,1.1933
COP2122-096,3,32,TRINCOMALEE,1.1925,ocr_3of3,1.1925,1.1925,1.1925,1.1933
COP2122-096,3,32,BATTICALOA,1.1925,ocr_3of3,1.1925,1.1925,1.1925,1.1933
COP2122-096,3,32,AMPARA,1.1925,ocr_3of3,1.1925,1.1925,1.1925,1.1933
COP2122-096,3,32,PUTTALAM,1.1925,ocr_3of3,1.1925,1.1925,1.1925,1.1933
COP2122-096,3,32,KURUNEGALA,1.1925,ocr_3of3,1.1925,1.1925,1.1925,1.1933
COP2122-096,3,32,ANURADHAPURA,1.1925,ocr_3of3,1.1925,1.1925,1.1925,1.1933
COP2122-096,3,32,POLONNARUWA,1.1925,ocr_3of3,1.1925,1.1925,1.1925,1.1933
COP2122-096,3,32,BADULLA,1.1925,ocr_3of3,1.1925,1.1925,1.1925,1.1933
COP2122-096,3,32,MONARAGALA,1.1925,ocr_3of3,1.1925,1.1925,1.1925,1.1933
COP2122-096,3,32,KEGALLE,1.1925,ocr_3of3,1.1925,1.1925,1.1925,1.1933
COP2122-096,3,32,RATNAPURA,1.1925,ocr_3of3,1.1925,1.1925,1.1925,1.1933
COP2122-097,4,1,COLOMBO,1.3357,ocr_3of3,1.3357,1.3357,1.3357,1.3362
COP2122-097,4,1,GAMPAHA,1.3357,ocr_3of3,1.3357,1.3357,1.3357,1.3362
COP2122-097,4,1,KALUTARA,1.3357,ocr_3of3,1.3357,1.3357,1.3357,1.3362
COP2122-097,4,1,MATALE,1.3357,ocr_3of3,1.3357,1.3357,1.3357,1.3362
COP2122-097,4,1,KANDY,1.3357,ocr_3of3,1.3357,1.3357,1.3357,1.3362
COP2122-097,4,1,NUWARA ELIYA,1.3357,ocr_3of3,1.3357,1.3357,1.3357,1.3362
COP2122-097,4,1,GALLE,1.3357,ocr_3of3,1.3357,1.3357,1.3357,1.3362
COP2122-097,4,1,MATARA,1.3357,ocr_3of3,1.3357,1.3357,1.3357,1.3362
COP2122-097,4,1,HAMBANTOTA,1.3357,ocr_3of3,1.3357,1.3357,1.3357,1.3362
COP2122-097,4,1,JAFFNA,1.3357,ocr_3of3,1.3357,1.3357,1.3357,1.3362
COP2122-097,4,1,KILINOCHCHI,1.3357,ocr_3of3,1.3357,1.3357,1.3357,1.3362
COP2122-097,4,1,MANNAR,1.3357,ocr_3of3,1.3357,1.3357,1.3357,1.3362
COP2122-097,4,1,MULLAITIVU,1.3357,ocr_3of3,1.3357,1.3357,1.3357,1.3362
COP2122-097,4,1,VAVUNIYA,1.3357,ocr_3of3,1.3357,1.3357,1.3357,1.3362
COP2122-097,4,1,TRINCOMALEE,1.3357,ocr_3of3,1.3357,1.3357,1.3357,1.3362
COP2122-097,4,1,BATTICALOA,1.3357,ocr_3of3,1.3357,1.3357,1.3357,1.3362
COP2122-097,4,1,AMPARA,1.3357,ocr_3of3,1.3357,1.3357,1.3357,1.3362
COP2122-097,4,1,PUTTALAM,1.3357,ocr_3of3,1.3357,1.3357,1.3357,1.3362
COP2122-097,4,1,KURUNEGALA,1.3357,ocr_3of3,1.3357,1.3357,1.3357,1.3362
COP2122-097,4,1,ANURADHAPURA,1.3357,ocr_3of3,1.3357,1.3357,1.3357,1.3362
COP2122-097,4,1,POLONNARUWA,1.3357,ocr_3of3,1.3357,1.3357,1.3357,1.3362
COP2122-097,4,1,BADULLA,1.3357,ocr_3of3,1.3357,1.3357,1.3357,1.3362
COP2122-097,4,1,MONARAGALA,1.3357,ocr_3of3,1.3357,1.3357,1.3357,1.3362
COP2122-097,4,1,KEGALLE,1.3357,ocr_3of3,1.3357,1.3357,1.3357,1.3362
COP2122-097,4,1,RATNAPURA,1.3357,ocr_3of3,1.3357,1.3357,1.3357,1.3362
COP2122-098,4,2,COLOMBO,1.3776,ocr_3of3,1.3776,1.3776,1.3776,1.3776
COP2122-098,4,2,GAMPAHA,1.3776,ocr_3of3,1.3776,1.3776,1.3776,1.3776
COP2122-098,4,2,KALUTARA,1.3776,ocr_3of3,1.3776,1.3776,1.3776,1.3776
COP2122-098,4,2,MATALE,1.3776,ocr_3of3,1.3776,1.3776,1.3776,1.3776
COP2122-098,4,2,KANDY,1.3776,ocr_3of3,1.3776,1.3776,1.3776,1.3776
COP2122-098,4,2,NUWARA ELIYA,1.3776,ocr_3of3,1.3776,1.3776,1.3776,1.3776
COP2122-098,4,2,GALLE,1.3776,ocr_3of3,1.3776,1.3776,1.3776,1.3776
COP2122-098,4,2,MATARA,1.3776,ocr_3of3,1.3776,1.3776,1.3776,1.3776
COP2122-098,4,2,HAMBANTOTA,1.3776,ocr_3of3,1.3776,1.3776,1.3776,1.3776
COP2122-098,4,2,JAFFNA,1.3776,ocr_3of3,1.3776,1.3776,1.3776,1.3776
COP2122-098,4,2,KILINOCHCHI,1.3776,ocr_3of3,1.3776,1.3776,1.3776,1.3776
COP2122-098,4,2,MANNAR,1.3776,ocr_3of3,1.3776,1.3776,1.3776,1.3776
COP2122-098,4,2,MULLAITIVU,1.3776,ocr_3of3,1.3776,1.3776,1.3776,1.3776
COP2122-098,4,2,VAVUNIYA,1.3776,ocr_3of3,1.3776,1.3776,1.3776,1.3776
COP2122-098,4,2,TRINCOMALEE,1.3776,ocr_3of3,1.3776,1.3776,1.3776,1.3776
COP2122-098,4,2,BATTICALOA,1.3776,ocr_3of3,1.3776,1.3776,1.3776,1.3776
COP2122-098,4,2,AMPARA,1.3776,ocr_3of3,1.3776,1.3776,1.3776,1.3776
COP2122-098,4,2,PUTTALAM,1.3776,ocr_3of3,1.3776,1.3776,1.3776,1.3776
COP2122-098,4,2,KURUNEGALA,1.3776,ocr_3of3,1.3776,1.3776,1.3776,1.3776
COP2122-098,4,2,ANURADHAPURA,1.3776,ocr_3of3,1.3776,1.3776,1.3776,1.3776
COP2122-098,4,2,POLONNARUWA,1.3776,ocr_3of3,1.3776,1.3776,1.3776,1.3776
COP2122-098,4,2,BADULLA,1.3776,ocr_3of3,1.3776,1.3776,1.3776,1.3776
COP2122-098,4,2,MONARAGALA,1.3776,ocr_3of3,1.3776,1.3776,1.3776,1.3776
COP2122-098,4,2,KEGALLE,1.3776,ocr_3of3,1.3776,1.3776,1.3776,1.3776
COP2122-098,4,2,RATNAPURA,1.3776,ocr_3of3,1.3776,1.3776,1.3776,1.3776
COP2122-099,4,3,COLOMBO,1.2367,ocr_3of3,1.2367,1.2367,1.2367,1.2367
COP2122-099,4,3,GAMPAHA,1.2367,ocr_3of3,1.2367,1.2367,1.2367,1.2367
COP2122-099,4,3,KALUTARA,1.2367,ocr_3of3,1.2367,1.2367,1.2367,1.2367
COP2122-099,4,3,MATALE,1.2367,ocr_3of3,1.2367,1.2367,1.2367,1.2367
COP2122-099,4,3,KANDY,1.2367,ocr_3of3,1.2367,1.2367,1.2367,1.2367
COP2122-099,4,3,NUWARA ELIYA,1.2367,ocr_3of3,1.2367,1.2367,1.2367,1.2367
COP2122-099,4,3,GALLE,1.2367,ocr_3of3,1.2367,1.2367,1.2367,1.2367
COP2122-099,4,3,MATARA,1.2367,ocr_3of3,1.2367,1.2367,1.2367,1.2367
COP2122-099,4,3,HAMBANTOTA,1.2367,ocr_3of3,1.2367,1.2367,1.2367,1.2367
COP2122-099,4,3,JAFFNA,1.2367,ocr_3of3,1.2367,1.2367,1.2367,1.2367
COP2122-099,4,3,KILINOCHCHI,1.2367,ocr_3of3,1.2367,1.2367,1.2367,1.2367
COP2122-099,4,3,MANNAR,1.2367,ocr_3of3,1.2367,1.2367,1.2367,1.2367
COP2122-099,4,3,MULLAITIVU,1.2367,ocr_3of3,1.2367,1.2367,1.2367,1.2367
COP2122-099,4,3,VAVUNIYA,1.2367,ocr_3of3,1.2367,1.2367,1.2367,1.2367
COP2122-099,4,3,TRINCOMALEE,1.2367,ocr_3of3,1.2367,1.2367,1.2367,1.2367
COP2122-099,4,3,BATTICALOA,1.2367,ocr_3of3,1.2367,1.2367,1.2367,1.2367
COP2122-099,4,3,AMPARA,1.2367,ocr_3of3,1.2367,1.2367,1.2367,1.2367
COP2122-099,4,3,PUTTALAM,1.2367,ocr_3of3,1.2367,1.2367,1.2367,1.2367
COP2122-099,4,3,KURUNEGALA,1.2367,ocr_3of3,1.2367,1.2367,1.2367,1.2367
COP2122-099,4,3,ANURADHAPURA,1.2367,ocr_3of3,1.2367,1.2367,1.2367,1.2367
COP2122-099,4,3,POLONNARUWA,1.2367,ocr_3of3,1.2367,1.2367,1.2367,1.2367
COP2122-099,4,3,BADULLA,1.2367,ocr_3of3,1.2367,1.2367,1.2367,1.2367
COP2122-099,4,3,MONARAGALA,1.2367,ocr_3of3,1.2367,1.2367,1.2367,1.2367
COP2122-099,4,3,KEGALLE,1.2367,ocr_3of3,1.2367,1.2367,1.2367,1.2367
COP2122-099,4,3,RATNAPURA,1.2367,ocr_3of3,1.2367,1.2367,1.2367,1.2367
COP2122-100,4,4,COLOMBO,0.7248,ocr_3of3,0.7248,0.7248,0.7248,0.7386
COP2122-100,4,4,GAMPAHA,0.7248,ocr_3of3,0.7248,0.7248,0.7248,0.7386
COP2122-100,4,4,KALUTARA,0.7248,ocr_3of3,0.7248,0.7248,0.7248,0.7386
COP2122-100,4,4,MATALE,0.7248,ocr_3of3,0.7248,0.7248,0.7248,0.7386
COP2122-100,4,4,KANDY,0.7248,ocr_3of3,0.7248,0.7248,0.7248,0.7386
COP2122-100,4,4,NUWARA ELIYA,0.7248,ocr_3of3,0.7248,0.7248,0.7248,0.7386
COP2122-100,4,4,GALLE,0.7248,ocr_3of3,0.7248,0.7248,0.7248,0.7386
COP2122-100,4,4,MATARA,0.7248,ocr_3of3,0.7248,0.7248,0.7248,0.7386
COP2122-100,4,4,HAMBANTOTA,0.7248,ocr_3of3,0.7248,0.7248,0.7248,0.7386
COP2122-100,4,4,JAFFNA,0.7248,ocr_3of3,0.7248,0.7248,0.7248,0.7386
COP2122-100,4,4,KILINOCHCHI,0.7248,ocr_3of3,0.7248,0.7248,0.7248,0.7386
COP2122-100,4,4,MANNAR,0.7248,ocr_3of3,0.7248,0.7248,0.7248,0.7386
COP2122-100,4,4,MULLAITIVU,0.7248,ocr_3of3,0.7248,0.7248,0.7248,0.7386
COP2122-100,4,4,VAVUNIYA,0.7248,ocr_3of3,0.7248,0.7248,0.7248,0.7386
COP2122-100,4,4,TRINCOMALEE,0.7248,ocr_3of3,0.7248,0.7248,0.7248,0.7386
COP2122-100,4,4,BATTICALOA,0.7248,ocr_3of3,0.7248,0.7248,0.7248,0.7386
COP2122-100,4,4,AMPARA,0.7248,ocr_3of3,0.7248,0.7248,0.7248,0.7386
COP2122-100,4,4,PUTTALAM,0.7248,ocr_3of3,0.7248,0.7248,0.7248,0.7386
COP2122-100,4,4,KURUNEGALA,0.7248,ocr_3of3,0.7248,0.7248,0.7248,0.7386
COP2122-100,4,4,ANURADHAPURA,0.7248,ocr_3of3,0.7248,0.7248,0.7248,0.7386
COP2122-100,4,4,POLONNARUWA,0.7248,ocr_3of3,0.7248,0.7248,0.7248,0.7386
COP2122-100,4,4,BADULLA,0.7248,ocr_3of3,0.7248,0.7248,0.7248,0.7386
COP2122-100,4,4,MONARAGALA,0.7248,ocr_3of3,0.7248,0.7248,0.7248,0.7386
COP2122-100,4,4,KEGALLE,0.7248,ocr_3of3,0.7248,0.7248,0.7248,0.7386
COP2122-100,4,4,RATNAPURA,0.7248,ocr_3of3,0.7248,0.7248,0.7248,0.7386
COP2122-101,4,5,COLOMBO,1.4549,ocr_3of3,1.4549,1.4549,1.4549,1.4549
COP2122-101,4,5,GAMPAHA,1.4549,ocr_3of3,1.4549,1.4549,1.4549,1.4549
COP2122-101,4,5,KALUTARA,1.4549,ocr_2of3_third_unreadable,1.4549,1.4549,I-4549,1.4549
COP2122-101,4,5,MATALE,1.4549,ocr_3of3,1.4549,1.4549,1.4549,1.4549
COP2122-101,4,5,KANDY,1.4549,ocr_2of3_third_unreadable,1.4549,1.4549,I-4549,1.4549
COP2122-101,4,5,NUWARA ELIYA,1.4549,ocr_3of3,1.4549,1.4549,1.4549,1.4549
COP2122-101,4,5,GALLE,1.4549,ocr_2of3_third_unreadable,1.4549,1.4549,I-4549,1.4549
COP2122-101,4,5,MATARA,1.4549,ocr_3of3,1.4549,1.4549,1.4549,1.4549
COP2122-101,4,5,HAMBANTOTA,1.4549,ocr_2of3_third_unreadable,1.4549,1.4549,I-4549,1.4549
COP2122-101,4,5,JAFFNA,1.4549,ocr_3of3,1.4549,1.4549,1.4549,1.4549
COP2122-101,4,5,KILINOCHCHI,1.4549,ocr_3of3,1.4549,1.4549,1.4549,1.4549
COP2122-101,4,5,MANNAR,1.4549,ocr_3of3,1.4549,1.4549,1.4549,1.4549
COP2122-101,4,5,MULLAITIVU,1.4549,ocr_3of3,1.4549,1.4549,1.4549,1.4549
COP2122-101,4,5,VAVUNIYA,1.4549,ocr_3of3,1.4549,1.4549,1.4549,1.4549
COP2122-101,4,5,TRINCOMALEE,1.4549,ocr_3of3,1.4549,1.4549,1.4549,1.4549
COP2122-101,4,5,BATTICALOA,1.4549,ocr_3of3,1.4549,1.4549,1.4549,1.4549
COP2122-101,4,5,AMPARA,1.4549,ocr_3of3,1.4549,1.4549,1.4549,1.4549
COP2122-101,4,5,PUTTALAM,1.4549,ocr_2of3_third_unreadable,1.4549,1.4549,I-4549,1.4549
COP2122-101,4,5,KURUNEGALA,1.4549,ocr_3of3,1.4549,1.4549,1.4549,1.4549
COP2122-101,4,5,ANURADHAPURA,1.4549,ocr_2of3_third_unreadable,1.4549,1.4549,I-4549,1.4549
COP2122-101,4,5,POLONNARUWA,1.4549,ocr_3of3,1.4549,1.4549,1.4549,1.4549
COP2122-101,4,5,BADULLA,1.4549,ocr_2of3_third_unreadable,1.4549,1.4549,I-4549,1.4549
COP2122-101,4,5,MONARAGALA,1.4549,ocr_3of3,1.4549,I .4549,1.4549,1.4549
COP2122-101,4,5,KEGALLE,1.4549,ocr_2of3_third_unreadable,1.4549,I .4549,I-4549,1.4549
COP2122-101,4,5,RATNAPURA,1.4549,ocr_3of3,1.4549,I .4549,1.4549,1.4549
COP2122-102,4,6,COLOMBO,1.2064,ocr_3of3,1.2064,1.2064,1.2064,1.2087
COP2122-102,4,6,GAMPAHA,1.2064,ocr_3of3,1.2064,1.2064,1.2064,1.2087
COP2122-102,4,6,KALUTARA,1.2064,ocr_3of3,1.2064,1.2064,1.2064,1.2087
COP2122-102,4,6,MATALE,1.2064,ocr_3of3,1.2064,1.2064,1.2064,1.2087
COP2122-102,4,6,KANDY,1.2064,ocr_3of3,1.2064,1.2064,1.2064,1.2087
COP2122-102,4,6,NUWARA ELIYA,1.2064,ocr_3of3,1.2064,1.2064,1.2064,1.2087
COP2122-102,4,6,GALLE,1.2064,ocr_3of3,1.2064,1.2064,1.2064,1.2087
COP2122-102,4,6,MATARA,1.2064,ocr_3of3,1.2064,1.2064,1.2064,1.2087
COP2122-102,4,6,HAMBANTOTA,1.2064,ocr_3of3,1.2064,1.2064,1.2064,1.2087
COP2122-102,4,6,JAFFNA,1.2064,ocr_3of3,1.2064,1.2064,1.2064,1.2087
COP2122-102,4,6,KILINOCHCHI,1.2064,ocr_3of3,1.2064,1.2064,1.2064,1.2087
COP2122-102,4,6,MANNAR,1.2064,ocr_3of3,1.2064,1.2064,1.2064,1.2087
COP2122-102,4,6,MULLAITIVU,1.2064,ocr_3of3,1.2064,1.2064,1.2064,1.2087
COP2122-102,4,6,VAVUNIYA,1.2064,ocr_3of3,1.2064,1.2064,1.2064,1.2087
COP2122-102,4,6,TRINCOMALEE,1.2064,ocr_3of3,1.2064,1.2064,1.2064,1.2087
COP2122-102,4,6,BATTICALOA,1.2064,ocr_3of3,1.2064,1.2064,1.2064,1.2087
COP2122-102,4,6,AMPARA,1.2064,ocr_3of3,1.2064,1.2064,1.2064,1.2087
COP2122-102,4,6,PUTTALAM,1.2064,ocr_3of3,1.2064,1.2064,1.2064,1.2087
COP2122-102,4,6,KURUNEGALA,1.2064,ocr_3of3,1.2064,1.2064,1.2064,1.2087
COP2122-102,4,6,ANURADHAPURA,1.2064,ocr_3of3,1.2064,1.2064,1.2064,1.2087
COP2122-102,4,6,POLONNARUWA,1.2064,ocr_3of3,1.2064,1.2064,1.2064,1.2087
COP2122-102,4,6,BADULLA,1.2064,ocr_3of3,1.2064,1.2064,1.2064,1.2087
COP2122-102,4,6,MONARAGALA,1.2064,ocr_3of3,1.2064,1.2064,1.2064,1.2087
COP2122-102,4,6,KEGALLE,1.2064,ocr_3of3,1.2064,1.2064,1.2064,1.2087
COP2122-102,4,6,RATNAPURA,1.2064,ocr_3of3,1.2064,1.2064,1.2064,1.2087
COP2122-103,4,7,COLOMBO,1.8649,ocr_3of3,1.8649,1.8649,1.8649,1.8678
COP2122-103,4,7,GAMPAHA,1.8649,ocr_3of3,1.8649,1.8649,1.8649,1.8678
COP2122-103,4,7,KALUTARA,1.8649,ocr_3of3,1.8649,1.8649,1.8649,1.8678
COP2122-103,4,7,MATALE,1.8649,ocr_3of3,1.8649,1.8649,1.8649,1.8678
COP2122-103,4,7,KANDY,1.8649,ocr_3of3,1.8649,1.8649,1.8649,1.8678
COP2122-103,4,7,NUWARA ELIYA,1.8649,ocr_3of3,1.8649,1.8649,1.8649,1.8678
COP2122-103,4,7,GALLE,1.8649,ocr_3of3,1.8649,1.8649,1.8649,1.8678
COP2122-103,4,7,MATARA,1.8649,ocr_3of3,1.8649,1.8649,1.8649,1.8678
COP2122-103,4,7,HAMBANTOTA,1.8649,ocr_3of3,1.8649,1.8649,1.8649,1.8678
COP2122-103,4,7,JAFFNA,1.8649,ocr_3of3,1.8649,1.8649,1.8649,1.8678
COP2122-103,4,7,KILINOCHCHI,1.8649,ocr_3of3,1.8649,1.8649,1.8649,1.8678
COP2122-103,4,7,MANNAR,1.8649,ocr_3of3,1.8649,1.8649,1.8649,1.8678
COP2122-103,4,7,MULLAITIVU,1.8649,ocr_3of3,1.8649,1.8649,1.8649,1.8678
COP2122-103,4,7,VAVUNIYA,1.8649,ocr_3of3,1.8649,1.8649,1.8649,1.8678
COP2122-103,4,7,TRINCOMALEE,1.8649,ocr_3of3,1.8649,1.8649,1.8649,1.8678
COP2122-103,4,7,BATTICALOA,1.8649,ocr_3of3,1.8649,1.8649,1.8649,1.8678
COP2122-103,4,7,AMPARA,1.8649,ocr_3of3,1.8649,1.8649,1.8649,1.8678
COP2122-103,4,7,PUTTALAM,1.8649,ocr_3of3,1.8649,1.8649,1.8649,1.8678
COP2122-103,4,7,KURUNEGALA,1.8649,ocr_3of3,1.8649,1.8649,1.8649,1.8678
COP2122-103,4,7,ANURADHAPURA,1.8649,ocr_3of3,1.8649,1.8649,1.8649,1.8678
COP2122-103,4,7,POLONNARUWA,1.8649,ocr_3of3,1.8649,1.8649,1.8649,1.8678
COP2122-103,4,7,BADULLA,1.8649,ocr_3of3,1.8649,1.8649,1.8649,1.8678
COP2122-103,4,7,MONARAGALA,1.8649,ocr_3of3,1.8649,1.8649,1.8649,1.8678
COP2122-103,4,7,KEGALLE,1.8649,ocr_3of3,1.8649,1.8649,1.8649,1.8678
COP2122-103,4,7,RATNAPURA,1.8649,ocr_3of3,1.8649,1.8649,1.8649,1.8678
COP2122-104,4,8,COLOMBO,0.9724,ocr_3of3,0.9724,0.9724,0.9724,0.9724
COP2122-104,4,8,GAMPAHA,0.8293,ocr_3of3,0.8293,0.8293,0.8293,0.8293
COP2122-104,4,8,KALUTARA,0.9211,ocr_3of3,0.9211,0.9211,0.9211,1.0363
COP2122-104,4,8,MATALE,0.8755,ocr_3of3,0.8755,0.8755,0.8755,0.8755
COP2122-104,4,8,KANDY,0.9010,ocr_3of3,0.9010,0.9010,0.9010,0.9010
COP2122-104,4,8,NUWARA ELIYA,0.6732,ocr_3of3,0.6732,0.6732,0.6732,0.6732
COP2122-104,4,8,GALLE,0.9710,ocr_3of3,0.9710,0.9710,0.9710,0.9710
COP2122-104,4,8,MATARA,1.0186,ocr_3of3,1.0186,1.0186,1.0186,1.0186
COP2122-104,4,8,HAMBANTOTA,0.8034,ocr_3of3,0.8034,0.8034,0.8034,0.8034
COP2122-104,4,8,JAFFNA,0.9151,ocr_3of3,0.9151,0.9151,0.9151,0.9151
COP2122-104,4,8,KILINOCHCHI,0.2401,ocr_3of3,0.2401,0.2401,0.2401,0.2401
COP2122-104,4,8,MANNAR,0.2580,ocr_3of3,0.2580,0.2580,0.2580,0.2580
COP2122-104,4,8,MULLAITIVU,0.7855,ocr_3of3,0.7855,0.7855,0.7855,0.7855
COP2122-104,4,8,VAVUNIYA,0.6748,ocr_3of3,0.6748,0.6748,0.6748,0.6748
COP2122-104,4,8,TRINCOMALEE,0.8916,ocr_3of3,0.8916,0.8916,0.8916,0.8916
COP2122-104,4,8,BATTICALOA,0.8785,ocr_3of3,0.8785,0.8785,0.8785,0.8785
COP2122-104,4,8,AMPARA,0.8976,ocr_3of3,0.8976,0.8976,0.8976,0.8976
COP2122-104,4,8,PUTTALAM,0.7320,ocr_3of3,0.7320,0.7320,0.7320,0.9288
COP2122-104,4,8,KURUNEGALA,0.7935,ocr_3of3,0.7935,0.7935,0.7935,0.9490
COP2122-104,4,8,ANURADHAPURA,0.6747,ocr_3of3,0.6747,0.6747,0.6747,0.6747
COP2122-104,4,8,POLONNARUWA,0.4637,ocr_3of3,0.4637,0.4637,0.4637,0.4637
COP2122-104,4,8,BADULLA,0.9572,ocr_3of3,0.9572,0.9572,0.9572,0.9572
COP2122-104,4,8,MONARAGALA,0.9691,ocr_3of3,0.9691,0.9691,0.9691,0.9691
COP2122-104,4,8,KEGALLE,0.8817,ocr_3of3,0.8817,0.8817,0.8817,0.9882
COP2122-104,4,8,RATNAPURA,1.0152,ocr_3of3,1.0152,1.0152,1.0152,1.0152
COP2122-105,4,9,COLOMBO,0.8889,ocr_3of3,0.8889,0.8889,0.8889,0.8889
COP2122-105,4,9,GAMPAHA,0.8634,ocr_3of3,0.8634,0.8634,0.8634,0.8634
COP2122-105,4,9,KALUTARA,0.8098,ocr_3of3,0.8098,0.8098,0.8098,0.9211
COP2122-105,4,9,MATALE,0.8429,ocr_3of3,0.8429,0.8429,0.8429,0.8429
COP2122-105,4,9,KANDY,0.8630,ocr_3of3,0.8630,0.8630,0.8630,0.8630
COP2122-105,4,9,NUWARA ELIYA,0.6955,ocr_3of3,0.6955,0.6955,0.6955,0.6955
COP2122-105,4,9,GALLE,0.9118,ocr_3of3,0.9118,0.9118,0.9118,0.9118
COP2122-105,4,9,MATARA,0.9153,ocr_3of3,0.9153,0.9153,0.9153,0.9186
COP2122-105,4,9,HAMBANTOTA,0.8014,ocr_3of3,0.8014,0.8014,0.8014,0.8014
COP2122-105,4,9,JAFFNA,0.8777,ocr_3of3,0.8777,0.8777,0.8777,0.8777
COP2122-105,4,9,KILINOCHCHI,0.2624,ocr_3of3,0.2624,0.2624,0.2624,0.2624
COP2122-105,4,9,MANNAR,0.1824,ocr_3of3,0.1824,0.1824,0.1824,0.1824
COP2122-105,4,9,MULLAITIVU,0.3407,ocr_3of3,0.3407,0.3407,0.3407,0.3407
COP2122-105,4,9,VAVUNIYA,0.5307,ocr_3of3,0.5307,0.5307,0.5307,0.5307
COP2122-105,4,9,TRINCOMALEE,0.6731,ocr_3of3,0.6731,0.6731,0.6731,0.6731
COP2122-105,4,9,BATTICALOA,0.6571,ocr_3of3,0.6571,0.6571,0.6571,0.6571
COP2122-105,4,9,AMPARA,0.8774,ocr_3of3,0.8774,0.8774,0.8774,0.8774
COP2122-105,4,9,PUTTALAM,0.6617,ocr_3of3,0.6617,0.6617,0.6617,0.7320
COP2122-105,4,9,KURUNEGALA,0.7557,ocr_3of3,0.7557,0.7557,0.7557,0.7872
COP2122-105,4,9,ANURADHAPURA,0.5985,ocr_3of3,0.5985,0.5985,0.5985,0.9233
COP2122-105,4,9,POLONNARUWA,0.7035,ocr_3of3,0.7035,0.7035,0.7035,0.7035
COP2122-105,4,9,BADULLA,0.8543,ocr_3of3,0.8543,0.8543,0.8543,0.8543
COP2122-105,4,9,MONARAGALA,0.8139,ocr_3of3,0.8139,0.8139,0.8139,0.8139
COP2122-105,4,9,KEGALLE,0.8705,ocr_3of3,0.8705,0.8705,0.8705,0.8817
COP2122-105,4,9,RATNAPURA,0.8045,ocr_3of3,0.8045,0.8045,0.8045,0.8532
COP2122-106,4,10,COLOMBO,1.8307,ocr_3of3,1.8307,1.8307,1.8307,1.8321
COP2122-106,4,10,GAMPAHA,1.8307,ocr_3of3,1.8307,1.8307,1.8307,1.8321
COP2122-106,4,10,KALUTARA,1.8307,ocr_3of3,1.8307,1.8307,1.8307,1.8321
COP2122-106,4,10,MATALE,1.8307,ocr_3of3,1.8307,1.8307,1.8307,1.8321
COP2122-106,4,10,KANDY,1.8307,ocr_3of3,1.8307,1.8307,1.8307,1.8321
COP2122-106,4,10,NUWARA ELIYA,1.8307,ocr_3of3,1.8307,1.8307,1.8307,1.8321
COP2122-106,4,10,GALLE,1.8307,ocr_3of3,1.8307,1.8307,1.8307,1.8321
COP2122-106,4,10,MATARA,1.8307,ocr_3of3,1.8307,1.8307,1.8307,1.8321
COP2122-106,4,10,HAMBANTOTA,1.8307,ocr_3of3,1.8307,1.8307,1.8307,1.8321
COP2122-106,4,10,JAFFNA,1.8307,ocr_3of3,1.8307,1.8307,1.8307,1.8321
COP2122-106,4,10,KILINOCHCHI,1.8307,ocr_3of3,1.8307,1.8307,1.8307,1.8321
COP2122-106,4,10,MANNAR,1.8307,ocr_3of3,1.8307,1.8307,1.8307,1.8321
COP2122-106,4,10,MULLAITIVU,1.8307,ocr_3of3,1.8307,1.8307,1.8307,1.8321
COP2122-106,4,10,VAVUNIYA,1.8307,ocr_3of3,1.8307,1.8307,1.8307,1.8321
COP2122-106,4,10,TRINCOMALEE,1.8307,ocr_3of3,1.8307,1.8307,1.8307,1.8321
COP2122-106,4,10,BATTICALOA,1.8307,ocr_3of3,1.8307,1.8307,1.8307,1.8321
COP2122-106,4,10,AMPARA,1.8307,ocr_3of3,1.8307,1.8307,1.8307,1.8321
COP2122-106,4,10,PUTTALAM,1.8307,ocr_3of3,1.8307,1.8307,1.8307,1.8321
COP2122-106,4,10,KURUNEGALA,1.8307,ocr_3of3,1.8307,1.8307,1.8307,1.8321
COP2122-106,4,10,ANURADHAPURA,1.8307,ocr_3of3,1.8307,1.8307,1.8307,1.8321
COP2122-106,4,10,POLONNARUWA,1.8307,ocr_3of3,1.8307,1.8307,1.8307,1.8321
COP2122-106,4,10,BADULLA,1.8307,ocr_3of3,1.8307,1.8307,1.8307,1.8321
COP2122-106,4,10,MONARAGALA,1.8307,ocr_3of3,1.8307,1.8307,1.8307,1.8321
COP2122-106,4,10,KEGALLE,1.8307,ocr_3of3,1.8307,1.8307,1.8307,1.8321
COP2122-106,4,10,RATNAPURA,1.8307,ocr_3of3,1.8307,1.8307,1.8307,1.8321
COP2122-107,4,11,COLOMBO,1.4741,ocr_3of3,1.4741,I .4741,|.4741,1.4741
COP2122-107,4,11,GAMPAHA,1.5911,ocr_3of3,1.5911,1.5911,1.5911,1.5911
COP2122-107,4,11,KALUTARA,1.4992,ocr_3of3,1.4992,1.4992,1.4992,1.4992
COP2122-107,4,11,MATALE,1.7073,ocr_3of3,1.7073,1.7073,1.7073,1.7073
COP2122-107,4,11,KANDY,1.5635,ocr_3of3,1.5635,1.5635,1.5635,1.5635
COP2122-107,4,11,NUWARA ELIYA,1.6462,ocr_3of3,1.6462,1.6462,1.6462,1.6462
COP2122-107,4,11,GALLE,1.5315,ocr_3of3,1.5315,1.5315,1.5315,1.5315
COP2122-107,4,11,MATARA,1.5698,ocr_3of3,1.5698,1.5698,1.5698,1.5698
COP2122-107,4,11,HAMBANTOTA,1.5344,ocr_3of3,1.5344,I .5344,I.5344,1.5344
COP2122-107,4,11,JAFFNA,1.2348,ocr_3of3,1.2348,1.2348,1.2348,1.2348
COP2122-107,4,11,KILINOCHCHI,1.4893,ocr_3of3,1.4893,1.4893,1.4893,1.4893
COP2122-107,4,11,MANNAR,1.5817,ocr_3of3,1.5817,1.5817,1.5817,1.5817
COP2122-107,4,11,MULLAITIVU,1.5993,ocr_3of3,1.5993,1.5993,1.5993,1.5993
COP2122-107,4,11,VAVUNIYA,1.4444,ocr_2of3_third_unreadable,1.4444,I .4444,I-4444,1.4444
COP2122-107,4,11,TRINCOMALEE,1.7309,ocr_3of3,1.7309,1.7309,1.7309,1.7309
COP2122-107,4,11,BATTICALOA,1.6780,ocr_3of3,1.6780,1.6780,1.6780,1.6780
COP2122-107,4,11,AMPARA,1.7149,ocr_3of3,1.7149,1.7149,1.7149,1.7149
COP2122-107,4,11,PUTTALAM,1.6982,ocr_3of3,1.6982,1.6982,1.6982,1.6982
COP2122-107,4,11,KURUNEGALA,1.5879,ocr_3of3,1.5879,1.5879,1.5879,1.5879
COP2122-107,4,11,ANURADHAPURA,1.6773,ocr_3of3,1.6773,1.6773,1.6773,1.6773
COP2122-107,4,11,POLONNARUWA,1.5371,ocr_3of3,1.5371,1.5371,1.5371,1.5371
COP2122-107,4,11,BADULLA,1.6982,ocr_3of3,1.6982,1.6982,1.6982,1.6982
COP2122-107,4,11,MONARAGALA,1.7016,ocr_3of3,1.7016,1.7016,1.7016,1.7016
COP2122-107,4,11,KEGALLE,1.6495,ocr_3of3,1.6495,1.6495,1.6495,1.6495
COP2122-107,4,11,RATNAPURA,1.6722,ocr_3of3,1.6722,1.6722,1.6722,1.6722
COP2122-108,4,12,COLOMBO,1.2134,ocr_3of3,1.2134,1.2134,1.2134,1.2156
COP2122-108,4,12,GAMPAHA,1.2047,ocr_3of3,1.2047,1.2047,1.2047,1.2047
COP2122-108,4,12,KALUTARA,1.2283,ocr_3of3,1.2283,1.2283,1.2283,1.2337
COP2122-108,4,12,MATALE,1.2301,ocr_3of3,1.2301,1.2301,1.2301,1.2444
COP2122-108,4,12,KANDY,1.2263,ocr_3of3,1.2263,1.2263,1.2263,1.2263
COP2122-108,4,12,NUWARA ELIYA,1.1547,ocr_3of3,1.1547,1.1547,1.1547,1.1547
COP2122-108,4,12,GALLE,1.2168,ocr_3of3,1.2168,1.2168,1.2168,1.2168
COP2122-108,4,12,MATARA,1.2232,ocr_3of3,1.2232,1.2232,1.2232,1.2232
COP2122-108,4,12,HAMBANTOTA,NQC,ocr_2of3_third_unreadable,NQC,NQC,,NQC
COP2122-108,4,12,JAFFNA,1.0998,ocr_3of3,1.0998,1.0998,1.0998,1.1466
COP2122-108,4,12,KILINOCHCHI,1.1073,ocr_3of3,1.1073,1.1073,1.1073,NQC
COP2122-108,4,12,MANNAR,NQC,ocr_3of3,NQC,NQC,NQC,NQC
COP2122-108,4,12,MULLAITIVU,NQC,ocr_3of3,NQC,NQC,NQC,NQC
COP2122-108,4,12,VAVUNIYA,NQC,ocr_3of3,NQC,NQC,NQC,NQC
COP2122-108,4,12,TRINCOMALEE,NQC,ocr_3of3,NQC,NQC,NQC,NQC
COP2122-108,4,12,BATTICALOA,1.1015,ocr_3of3,1.1015,1.1015,1.1015,NQC
COP2122-108,4,12,AMPARA,NQC,ocr_3of3,NQC,NQC,NQC,NQC
COP2122-108,4,12,PUTTALAM,1.0964,ocr_3of3,1.0964,1.0964,1.0964,1.1427
COP2122-108,4,12,KURUNEGALA,1.2167,ocr_3of3,1.2167,1.2167,1.2167,1.2167
COP2122-108,4,12,ANURADHAPURA,NQC,ocr_2of3_third_unreadable,NQC,NQC,,NQC
COP2122-108,4,12,POLONNARUWA,1.1014,visual_read,1.1014,,,1.1762
COP2122-108,4,12,BADULLA,1.1530,ocr_3of3,1.1530,1.1530,1.1530,1.1530
COP2122-108,4,12,MONARAGALA,1.2333,ocr_3of3,1.2333,1.2333,1.2333,1.2333
COP2122-108,4,12,KEGALLE,1.2346,ocr_3of3,1.2346,1.2346,1.2346,1.2346
COP2122-108,4,12,RATNAPURA,1.1770,ocr_3of3,1.1770,1.1770,1.1770,1.1770
COP2122-109,4,13,COLOMBO,1.2255,ocr_3of3,1.2255,1.2255,1.2255,1.2255
COP2122-109,4,13,GAMPAHA,1.2013,ocr_3of3,1.2013,1.2013,1.2013,1.2013
COP2122-109,4,13,KALUTARA,1.2308,ocr_3of3,1.2308,1.2308,1.2308,1.2335
COP2122-109,4,13,MATALE,1.2385,ocr_3of3,1.2385,1.2385,1.2385,1.2415
COP2122-109,4,13,KANDY,1.2168,ocr_3of3,1.2168,1.2168,1.2168,1.2261
COP2122-109,4,13,NUWARA ELIYA,1.1478,ocr_3of3,1.1478,1.1478,1.1478,1.1478
COP2122-109,4,13,GALLE,1.1951,ocr_3of3,1.1951,1.1951,1.1951,1.2068
COP2122-109,4,13,MATARA,1.2222,ocr_3of3,1.2222,1.2222,1.2222,1.2263
COP2122-109,4,13,HAMBANTOTA,1.0341,ocr_3of3,1.0341,1.0341,1.0341,1.0341
COP2122-109,4,13,JAFFNA,1.0730,ocr_3of3,1.0730,1.0730,1.0730,1.0730
COP2122-109,4,13,KILINOCHCHI,1.0684,ocr_3of3,1.0684,1.0684,1.0684,1.0684
COP2122-109,4,13,MANNAR,1.0875,ocr_3of3,1.0875,1.0875,1.0875,1.0875
COP2122-109,4,13,MULLAITIVU,1.0755,ocr_3of3,1.0755,1.0755,1.0755,1.0755
COP2122-109,4,13,VAVUNIYA,0.9701,ocr_3of3,0.9701,0.9701,0.9701,0.9701
COP2122-109,4,13,TRINCOMALEE,0.9660,ocr_3of3,0.9660,0.9660,0.9660,0.9660
COP2122-109,4,13,BATTICALOA,0.9347,ocr_3of3,0.9347,0.9347,0.9347,0.9347
COP2122-109,4,13,AMPARA,0.9841,ocr_3of3,0.9841,0.9841,0.9841,0.9841
COP2122-109,4,13,PUTTALAM,1.0933,ocr_3of3,1.0933,1.0933,1.0933,1.0945
COP2122-109,4,13,KURUNEGALA,1.2251,ocr_3of3,1.2251,1.2251,1.2251,1.2251
COP2122-109,4,13,ANURADHAPURA,1.0287,ocr_3of3,1.0287,1.0287,1.0287,1.0287
COP2122-109,4,13,POLONNARUWA,1.1006,ocr_3of3,1.1006,1.1006,1.1006,1.1006
COP2122-109,4,13,BADULLA,NQC,ocr_2of3_third_unreadable,NQC,NQC,,NQC
COP2122-109,4,13,MONARAGALA,1.2370,ocr_3of3,1.2370,1.2370,1.2370,1.2370
COP2122-109,4,13,KEGALLE,1.2363,ocr_3of3,1.2363,1.2363,1.2363,1.2363
COP2122-109,4,13,RATNAPURA,1.1787,ocr_3of3,1.1787,1.1787,1.1787,1.1787
COP2122-110,4,14,COLOMBO,1.3437,ocr_3of3,1.3437,1.3437,1.3437,1.3437
COP2122-110,4,14,GAMPAHA,1.3458,ocr_3of3,1.3458,1.3458,1.3458,1.3458
COP2122-110,4,14,KALUTARA,1.3443,ocr_2of3_third_unreadable,1.3443,I .3443,I-3443,1.3443
COP2122-110,4,14,MATALE,1.3447,ocr_3of3,1.3447,I .3447,1.3447,1.3447
COP2122-110,4,14,KANDY,1.3507,ocr_3of3,1.3507,1.3507,1.3507,1.3507
COP2122-110,4,14,NUWARA ELIYA,1.3471,ocr_3of3,1.3471,1.3471,1.3471,1.3471
COP2122-110,4,14,GALLE,1.3486,ocr_3of3,1.3486,1.3486,1.3486,1.3486
COP2122-110,4,14,MATARA,1.3456,ocr_3of3,1.3456,1.3456,1.3456,1.3456
COP2122-110,4,14,HAMBANTOTA,1.3470,ocr_3of3,1.3470,1.3470,1.3470,1.3470
COP2122-110,4,14,JAFFNA,NQC,ocr_3of3,NQC,NQC,NQC,NQC
COP2122-110,4,14,KILINOCHCHI,1.4106,ocr_2of3_third_unreadable,1.4106,,1.4106,1.4106
COP2122-110,4,14,MANNAR,NQC,ocr_3of3,NQC,NQC,NQC,NQC
COP2122-110,4,14,MULLAITIVU,NQC,ocr_3of3,NQC,NQC,NQC,NQC
COP2122-110,4,14,VAVUNIYA,1.5877,ocr_3of3,1.5877,1.5877,1.5877,1.5877
COP2122-110,4,14,TRINCOMALEE,1.3851,ocr_3of3,1.3851,1.3851,1.3851,1.3851
COP2122-110,4,14,BATTICALOA,NQC,ocr_3of3,NQC,NQC,NQC,NQC
COP2122-110,4,14,AMPARA,1.3660,ocr_3of3,1.3660,1.3660,1.3660,1.3660
COP2122-110,4,14,PUTTALAM,1.3537,ocr_3of3,1.3537,1.3537,1.3537,1.3537
COP2122-110,4,14,KURUNEGALA,1.3483,ocr_3of3,1.3483,1.3483,1.3483,1.3483
COP2122-110,4,14,ANURADHAPURA,1.3496,ocr_3of3,1.3496,1.3496,1.3496,1.3496
COP2122-110,4,14,POLONNARUWA,1.3477,ocr_3of3,1.3477,1.3477,1.3477,1.3477
COP2122-110,4,14,BADULLA,1.3548,ocr_3of3,1.3548,1.3548,1.3548,1.3548
COP2122-110,4,14,MONARAGALA,1.3548,ocr_3of3,1.3548,1.3548,1.3548,1.3548
COP2122-110,4,14,KEGALLE,1.3518,ocr_3of3,1.3518,1.3518,1.3518,1.3516
COP2122-110,4,14,RATNAPURA,1.3411,ocr_3of3,1.3411,1.3411,1.3411,1.3565
COP2122-111,4,15,COLOMBO,1.2431,ocr_3of3,1.2431,1.2431,1.2431,1.2461
COP2122-111,4,15,GAMPAHA,1.2752,ocr_3of3,1.2752,1.2752,1.2752,1.2945
COP2122-111,4,15,KALUTARA,1.3384,ocr_3of3,1.3384,1.3384,1.3384,1.3384
COP2122-111,4,15,MATALE,1.3585,ocr_3of3,1.3585,1.3585,1.3585,1.3585
COP2122-111,4,15,KANDY,1.3196,ocr_3of3,1.3196,1.3196,1.3196,1.3196
COP2122-111,4,15,NUWARA ELIYA,1.2935,ocr_3of3,1.2935,1.2935,1.2935,1.2935
COP2122-111,4,15,GALLE,1.3466,ocr_3of3,1.3466,1.3466,1.3466,1.3466
COP2122-111,4,15,MATARA,1.3489,ocr_3of3,1.3489,1.3489,1.3489,1.3489
COP2122-111,4,15,HAMBANTOTA,1.3492,ocr_3of3,1.3492,1.3492,1.3492,1.3492
COP2122-111,4,15,JAFFNA,1.1794,ocr_3of3,1.1794,1.1794,1.1794,1.1794
COP2122-111,4,15,KILINOCHCHI,1.1801,ocr_3of3,1.1801,1.1801,1.1801,1.1801
COP2122-111,4,15,MANNAR,1.1600,ocr_3of3,1.1600,1.1600,1.1600,1.1600
COP2122-111,4,15,MULLAITIVU,1.1921,ocr_3of3,1.1921,1.1921,1.1921,1.1921
COP2122-111,4,15,VAVUNIYA,1.3181,ocr_3of3,1.3181,1.3181,1.3181,1.3181
COP2122-111,4,15,TRINCOMALEE,1.2779,ocr_3of3,1.2779,1.2779,1.2779,1.2800
COP2122-111,4,15,BATTICALOA,1.2687,ocr_3of3,1.2687,1.2687,1.2687,1.2687
COP2122-111,4,15,AMPARA,1.3322,ocr_3of3,1.3322,1.3322,1.3322,1.3322
COP2122-111,4,15,PUTTALAM,1.3335,ocr_3of3,1.3335,1.3335,1.3335,1.3335
COP2122-111,4,15,KURUNEGALA,1.3495,ocr_3of3,1.3495,1.3495,1.3495,1.3495
COP2122-111,4,15,ANURADHAPURA,1.3388,ocr_3of3,1.3388,1.3388,1.3388,1.3467
COP2122-111,4,15,POLONNARUWA,1.3470,ocr_3of3,1.3470,1.3470,1.3470,1.3470
COP2122-111,4,15,BADULLA,1.3511,ocr_3of3,1.3511,1.3511,1.3511,1.3511
COP2122-111,4,15,MONARAGALA,1.3523,ocr_3of3,1.3523,1.3523,1.3523,1.3523
COP2122-111,4,15,KEGALLE,1.3510,ocr_3of3,1.3510,1.3510,1.3510,1.3519
COP2122-111,4,15,RATNAPURA,1.3365,ocr_3of3,1.3365,1.3365,1.3365,1.3365
COP2122-112,4,16,COLOMBO,1.3079,ocr_3of3,1.3079,1.3079,1.3079,1.3079
COP2122-112,4,16,GAMPAHA,1.3079,ocr_3of3,1.3079,1.3079,1.3079,1.3079
COP2122-112,4,16,KALUTARA,1.3079,ocr_3of3,1.3079,1.3079,1.3079,1.3079
COP2122-112,4,16,MATALE,1.3079,ocr_3of3,1.3079,1.3079,1.3079,1.3079
COP2122-112,4,16,KANDY,1.3079,ocr_3of3,1.3079,1.3079,1.3079,1.3079
COP2122-112,4,16,NUWARA ELIYA,1.3079,ocr_3of3,1.3079,1.3079,1.3079,1.3079
COP2122-112,4,16,GALLE,1.3079,ocr_3of3,1.3079,1.3079,1.3079,1.3079
COP2122-112,4,16,MATARA,1.3079,ocr_3of3,1.3079,1.3079,1.3079,1.3079
COP2122-112,4,16,HAMBANTOTA,1.3079,ocr_3of3,1.3079,1.3079,1.3079,1.3079
COP2122-112,4,16,JAFFNA,1.3079,ocr_3of3,1.3079,1.3079,1.3079,1.3079
COP2122-112,4,16,KILINOCHCHI,1.3079,ocr_3of3,1.3079,1.3079,1.3079,1.3079
COP2122-112,4,16,MANNAR,1.3079,ocr_3of3,1.3079,1.3079,1.3079,1.3079
COP2122-112,4,16,MULLAITIVU,1.3079,ocr_3of3,1.3079,1.3079,1.3079,1.3079
COP2122-112,4,16,VAVUNIYA,1.3079,ocr_3of3,1.3079,1.3079,1.3079,1.3079
COP2122-112,4,16,TRINCOMALEE,1.3079,ocr_3of3,1.3079,1.3079,1.3079,1.3079
COP2122-112,4,16,BATTICALOA,1.3079,ocr_3of3,1.3079,1.3079,1.3079,1.3079
COP2122-112,4,16,AMPARA,1.3079,ocr_3of3,1.3079,1.3079,1.3079,1.3079
COP2122-112,4,16,PUTTALAM,1.3079,ocr_3of3,1.3079,1.3079,1.3079,1.3079
COP2122-112,4,16,KURUNEGALA,1.3079,ocr_3of3,1.3079,1.3079,1.3079,1.3079
COP2122-112,4,16,ANURADHAPURA,1.3079,ocr_3of3,1.3079,1.3079,1.3079,1.3079
COP2122-112,4,16,POLONNARUWA,1.3079,ocr_3of3,1.3079,1.3079,1.3079,1.3079
COP2122-112,4,16,BADULLA,1.3079,ocr_3of3,1.3079,1.3079,1.3079,1.3079
COP2122-112,4,16,MONARAGALA,1.3079,ocr_3of3,1.3079,1.3079,1.3079,1.3079
COP2122-112,4,16,KEGALLE,1.3079,ocr_3of3,1.3079,1.3079,1.3079,1.3079
COP2122-112,4,16,RATNAPURA,1.3079,ocr_3of3,1.3079,1.3079,1.3079,1.3079
COP2122-113,4,17,COLOMBO,1.8325,ocr_3of3,1.8325,1.8325,1.8325,1.8325
COP2122-113,4,17,GAMPAHA,1.7346,ocr_3of3,1.7346,1.7346,1.7346,1.8312
COP2122-113,4,17,KALUTARA,1.8408,ocr_3of3,1.8408,1.8408,1.8408,1.8408
COP2122-113,4,17,MATALE,1.9011,ocr_3of3,1.9011,1.9011,1.9011,1.9011
COP2122-113,4,17,KANDY,1.8287,ocr_3of3,1.8287,1.8287,1.8287,1.8287
COP2122-113,4,17,NUWARA ELIYA,1.6899,ocr_3of3,1.6899,1.6899,1.6899,1.6899
COP2122-113,4,17,GALLE,1.6776,ocr_3of3,1.6776,1.6776,1.6776,1.6776
COP2122-113,4,17,MATARA,1.6881,ocr_3of3,1.6881,1.6881,1.6881,1.6881
COP2122-113,4,17,HAMBANTOTA,1.8310,ocr_3of3,1.8310,1.8310,1.8310,1.8310
COP2122-113,4,17,JAFFNA,1.3571,ocr_3of3,1.3571,1.3571,1.3571,1.3571
COP2122-113,4,17,KILINOCHCHI,1.0445,ocr_3of3,1.0445,I. 0445,I.0445,1.0445
COP2122-113,4,17,MANNAR,1.2643,ocr_3of3,1.2643,1.2643,1.2643,1.2643
COP2122-113,4,17,MULLAITIVU,1.5505,ocr_3of3,1.5505,1.5505,1.5505,1.5505
COP2122-113,4,17,VAVUNIYA,1.5312,ocr_3of3,1.5312,1.5312,1.5312,1.5312
COP2122-113,4,17,TRINCOMALEE,1.4849,visual_read,1.4849,,I-4849,1.4849
COP2122-113,4,17,BATTICALOA,1.6409,ocr_3of3,1.6409,1.6409,1.6409,1.6409
COP2122-113,4,17,AMPARA,1.5534,ocr_3of3,1.5534,1.5534,1.5534,1.5534
COP2122-113,4,17,PUTTALAM,1.7885,ocr_3of3,1.7885,1.7885,1.7885,1.7885
COP2122-113,4,17,KURUNEGALA,1.8098,ocr_3of3,1.8098,1.8098,1.8098,1.8098
COP2122-113,4,17,ANURADHAPURA,1.9095,ocr_3of3,1.9095,1.9095,1.9095,1.9095
COP2122-113,4,17,POLONNARUWA,1.8310,ocr_3of3,1.8310,1.8310,1.8310,1.8310
COP2122-113,4,17,BADULLA,1.8227,ocr_3of3,1.8227,1.8227,1.8227,1.8227
COP2122-113,4,17,MONARAGALA,1.7768,ocr_3of3,1.7768,1.7768,1.7768,1.7768
COP2122-113,4,17,KEGALLE,1.8728,ocr_3of3,1.8728,1.8728,1.8728,1.8728
COP2122-113,4,17,RATNAPURA,1.8352,ocr_3of3,1.8352,1.8352,1.8352,1.8352
COP2122-114,4,18,COLOMBO,1.4649,ocr_2of3_third_unreadable,1.4649,,I.4649,1.4649
COP2122-114,4,18,GAMPAHA,1.5509,ocr_3of3,1.5509,1.5509,1.5509,1.5509
COP2122-114,4,18,KALUTARA,1.4936,ocr_3of3,1.4936,1.4936,1.4936,1.4936
COP2122-114,4,18,MATALE,1.3351,ocr_3of3,1.3351,1.3351,1.3351,1.3351
COP2122-114,4,18,KANDY,1.5982,ocr_3of3,1.5982,1.5982,1.5982,1.5982
COP2122-114,4,18,NUWARA ELIYA,1.5818,ocr_3of3,1.5818,1.5818,1.5818,1.5818
COP2122-114,4,18,GALLE,1.4356,ocr_3of3,1.4356,1.4356,1.4356,1.4356
COP2122-114,4,18,MATARA,1.6276,ocr_3of3,1.6276,1.6276,1.6276,1.6276
COP2122-114,4,18,HAMBANTOTA,1.4122,ocr_3of3,1.4122,1.4122,1.4122,1.4122
COP2122-114,4,18,JAFFNA,1.2079,ocr_3of3,1.2079,1.2079,1.2079,1.2079
COP2122-114,4,18,KILINOCHCHI,1.1189,ocr_3of3,1.1189,1.1189,1.1189,1.1189
COP2122-114,4,18,MANNAR,1.1337,ocr_3of3,1.1337,1.1337,1.1337,1.1337
COP2122-114,4,18,MULLAITIVU,1.2635,ocr_3of3,1.2635,1.2635,1.2635,1.2635
COP2122-114,4,18,VAVUNIYA,1.4750,ocr_3of3,1.4750,1.4750,1.4750,1.4750
COP2122-114,4,18,TRINCOMALEE,1.3805,ocr_3of3,1.3805,1.3805,1.3805,1.3805
COP2122-114,4,18,BATTICALOA,1.2439,ocr_3of3,1.2439,1.2439,1.2439,1.2439
COP2122-114,4,18,AMPARA,1.3516,ocr_3of3,1.3516,1.3516,1.3516,1.3516
COP2122-114,4,18,PUTTALAM,1.3951,ocr_3of3,1.3951,1.3951,1.3951,1.3951
COP2122-114,4,18,KURUNEGALA,1.4929,ocr_3of3,1.4929,1.4929,1.4929,1.4929
COP2122-114,4,18,ANURADHAPURA,1.5778,ocr_3of3,1.5778,1.5778,1.5778,1.5778
COP2122-114,4,18,POLONNARUWA,1.3817,ocr_3of3,1.3817,1.3817,1.3817,1.3817
COP2122-114,4,18,BADULLA,1.4884,ocr_3of3,1.4884,I .4884,1.4884,1.4884
COP2122-114,4,18,MONARAGALA,1.4582,ocr_3of3,1.4582,1.4582,1.4582,1.4582
COP2122-114,4,18,KEGALLE,1.5134,ocr_3of3,1.5134,1.5134,1.5134,1.5134
COP2122-114,4,18,RATNAPURA,1.5660,ocr_3of3,1.5660,1.5660,1.5660,1.5660
COP2122-115,4,19,COLOMBO,1.7847,ocr_3of3,1.7847,1.7847,1.7847,1.7847
COP2122-115,4,19,GAMPAHA,1.7847,ocr_3of3,1.7847,1.7847,1.7847,1.7847
COP2122-115,4,19,KALUTARA,1.7847,ocr_3of3,1.7847,1.7847,1.7847,1.7847
COP2122-115,4,19,MATALE,1.7847,ocr_3of3,1.7847,1.7847,1.7847,1.7847
COP2122-115,4,19,KANDY,1.7847,ocr_3of3,1.7847,1.7847,1.7847,1.7847
COP2122-115,4,19,NUWARA ELIYA,1.7847,ocr_3of3,1.7847,1.7847,1.7847,1.7847
COP2122-115,4,19,GALLE,1.7847,ocr_3of3,1.7847,1.7847,1.7847,1.7847
COP2122-115,4,19,MATARA,1.7847,ocr_3of3,1.7847,1.7847,1.7847,1.7847
COP2122-115,4,19,HAMBANTOTA,1.7847,ocr_3of3,1.7847,1.7847,1.7847,1.7847
COP2122-115,4,19,JAFFNA,1.7847,ocr_3of3,1.7847,1.7847,1.7847,1.7847
COP2122-115,4,19,KILINOCHCHI,1.7847,ocr_3of3,1.7847,1.7847,1.7847,1.7847
COP2122-115,4,19,MANNAR,1.7847,ocr_3of3,1.7847,1.7847,1.7847,1.7847
COP2122-115,4,19,MULLAITIVU,1.7847,ocr_3of3,1.7847,1.7847,1.7847,1.7847
COP2122-115,4,19,VAVUNIYA,1.7847,ocr_3of3,1.7847,1.7847,1.7847,1.7847
COP2122-115,4,19,TRINCOMALEE,1.7847,ocr_3of3,1.7847,1.7847,1.7847,1.7847
COP2122-115,4,19,BATTICALOA,1.7847,ocr_3of3,1.7847,1.7847,1.7847,1.7847
COP2122-115,4,19,AMPARA,1.7847,ocr_3of3,1.7847,1.7847,1.7847,1.7847
COP2122-115,4,19,PUTTALAM,1.7847,ocr_3of3,1.7847,1.7847,1.7847,1.7847
COP2122-115,4,19,KURUNEGALA,1.7847,ocr_3of3,1.7847,1.7847,1.7847,1.7847
COP2122-115,4,19,ANURADHAPURA,1.7847,ocr_3of3,1.7847,1.7847,1.7847,1.7847
COP2122-115,4,19,POLONNARUWA,1.7847,ocr_3of3,1.7847,1.7847,1.7847,1.7847
COP2122-115,4,19,BADULLA,1.7847,ocr_3of3,1.7847,1.7847,1.7847,1.7847
COP2122-115,4,19,MONARAGALA,1.7847,ocr_3of3,1.7847,1.7847,1.7847,1.7847
COP2122-115,4,19,KEGALLE,1.7847,ocr_3of3,1.7847,1.7847,1.7847,1.7847
COP2122-115,4,19,RATNAPURA,1.7847,ocr_3of3,1.7847,1.7847,1.7847,1.7847
COP2122-116,4,20,COLOMBO,1.0994,ocr_3of3,1.0994,1.0994,1.0994,1.1006
COP2122-116,4,20,GAMPAHA,1.0994,ocr_3of3,1.0994,1.0994,1.0994,1.1006
COP2122-116,4,20,KALUTARA,1.0994,ocr_3of3,1.0994,1.0994,1.0994,1.1006
COP2122-116,4,20,MATALE,1.0994,ocr_3of3,1.0994,1.0994,1.0994,1.1006
COP2122-116,4,20,KANDY,1.0994,ocr_3of3,1.0994,1.0994,1.0994,1.1006
COP2122-116,4,20,NUWARA ELIYA,1.0994,ocr_3of3,1.0994,1.0994,1.0994,1.1006
COP2122-116,4,20,GALLE,1.0994,ocr_3of3,1.0994,1.0994,1.0994,1.1006
COP2122-116,4,20,MATARA,1.0994,ocr_3of3,1.0994,1.0994,1.0994,1.1006
COP2122-116,4,20,HAMBANTOTA,1.0994,ocr_3of3,1.0994,1.0994,1.0994,1.1006
COP2122-116,4,20,JAFFNA,1.0994,ocr_3of3,1.0994,1.0994,1.0994,1.1006
COP2122-116,4,20,KILINOCHCHI,1.0994,ocr_3of3,1.0994,1.0994,1.0994,1.1006
COP2122-116,4,20,MANNAR,1.0994,ocr_3of3,1.0994,1.0994,1.0994,1.1006
COP2122-116,4,20,MULLAITIVU,1.0994,ocr_3of3,1.0994,1.0994,1.0994,1.1006
COP2122-116,4,20,VAVUNIYA,1.0994,ocr_3of3,1.0994,1.0994,1.0994,1.1006
COP2122-116,4,20,TRINCOMALEE,1.0994,ocr_3of3,1.0994,1.0994,1.0994,1.1006
COP2122-116,4,20,BATTICALOA,1.0994,ocr_3of3,1.0994,1.0994,1.0994,1.1006
COP2122-116,4,20,AMPARA,1.0994,ocr_3of3,1.0994,1.0994,1.0994,1.1006
COP2122-116,4,20,PUTTALAM,1.0994,ocr_3of3,1.0994,1.0994,1.0994,1.1006
COP2122-116,4,20,KURUNEGALA,1.0994,ocr_3of3,1.0994,1.0994,1.0994,1.1006
COP2122-116,4,20,ANURADHAPURA,1.0994,ocr_3of3,1.0994,1.0994,1.0994,1.1006
COP2122-116,4,20,POLONNARUWA,1.0994,ocr_3of3,1.0994,1.0994,1.0994,1.1006
COP2122-116,4,20,BADULLA,1.0994,ocr_3of3,1.0994,1.0994,1.0994,1.1006
COP2122-116,4,20,MONARAGALA,1.0994,ocr_3of3,1.0994,1.0994,1.0994,1.1006
COP2122-116,4,20,KEGALLE,1.0994,ocr_3of3,1.0994,1.0994,1.0994,1.1006
COP2122-116,4,20,RATNAPURA,1.0994,ocr_3of3,1.0994,1.0994,1.0994,1.1006
COP2122-117,4,21,COLOMBO,0.7264,ocr_3of3,0.7264,0.7264,0.7264,0.7293
COP2122-117,4,21,GAMPAHA,0.7264,ocr_3of3,0.7264,0.7264,0.7264,0.7293
COP2122-117,4,21,KALUTARA,0.7264,ocr_3of3,0.7264,0.7264,0.7264,0.7293
COP2122-117,4,21,MATALE,0.7264,ocr_3of3,0.7264,0.7264,0.7264,0.7293
COP2122-117,4,21,KANDY,0.7264,ocr_3of3,0.7264,0.7264,0.7264,0.7293
COP2122-117,4,21,NUWARA ELIYA,0.7264,ocr_3of3,0.7264,0.7264,0.7264,0.7293
COP2122-117,4,21,GALLE,0.7264,ocr_3of3,0.7264,0.7264,0.7264,0.7293
COP2122-117,4,21,MATARA,0.7264,ocr_3of3,0.7264,0.7264,0.7264,0.7293
COP2122-117,4,21,HAMBANTOTA,0.7264,ocr_3of3,0.7264,0.7264,0.7264,0.7293
COP2122-117,4,21,JAFFNA,0.7264,ocr_3of3,0.7264,0.7264,0.7264,0.7293
COP2122-117,4,21,KILINOCHCHI,0.7264,ocr_3of3,0.7264,0.7264,0.7264,0.7293
COP2122-117,4,21,MANNAR,0.7264,ocr_3of3,0.7264,0.7264,0.7264,0.7293
COP2122-117,4,21,MULLAITIVU,0.7264,ocr_3of3,0.7264,0.7264,0.7264,0.7293
COP2122-117,4,21,VAVUNIYA,0.7264,ocr_3of3,0.7264,0.7264,0.7264,0.7293
COP2122-117,4,21,TRINCOMALEE,0.7264,ocr_3of3,0.7264,0.7264,0.7264,0.7293
COP2122-117,4,21,BATTICALOA,0.7264,ocr_3of3,0.7264,0.7264,0.7264,0.7293
COP2122-117,4,21,AMPARA,0.7264,ocr_3of3,0.7264,0.7264,0.7264,0.7293
COP2122-117,4,21,PUTTALAM,0.7264,ocr_3of3,0.7264,0.7264,0.7264,0.7293
COP2122-117,4,21,KURUNEGALA,0.7264,ocr_3of3,0.7264,0.7264,0.7264,0.7293
COP2122-117,4,21,ANURADHAPURA,0.7264,ocr_3of3,0.7264,0.7264,0.7264,0.7293
COP2122-117,4,21,POLONNARUWA,0.7264,ocr_3of3,0.7264,0.7264,0.7264,0.7293
COP2122-117,4,21,BADULLA,0.7264,ocr_3of3,0.7264,0.7264,0.7264,0.7293
COP2122-117,4,21,MONARAGALA,0.7264,ocr_3of3,0.7264,0.7264,0.7264,0.7293
COP2122-117,4,21,KEGALLE,0.7264,ocr_3of3,0.7264,0.7264,0.7264,0.7293
COP2122-117,4,21,RATNAPURA,0.7264,ocr_3of3,0.7264,0.7264,0.7264,0.7293
COP2122-118,4,22,COLOMBO,0.9812,ocr_3of3,0.9812,0.9812,0.9812,1.1038
COP2122-118,4,22,GAMPAHA,0.9192,ocr_3of3,0.9192,0.9192,0.9192,1.1130
COP2122-118,4,22,KALUTARA,0.8626,ocr_3of3,0.8626,0.8626,0.8626,0.8914
COP2122-118,4,22,MATALE,1.1105,ocr_3of3,1.1105,1.1105,1.1105,1.1105
COP2122-118,4,22,KANDY,1.0483,ocr_3of3,1.0483,1.0483,1.0483,1.0915
COP2122-118,4,22,NUWARA ELIYA,0.4934,ocr_3of3,0.4934,0.4934,0.4934,0.4934
COP2122-118,4,22,GALLE,1.0708,ocr_3of3,1.0708,1.0708,1.0708,1.0708
COP2122-118,4,22,MATARA,1.0556,ocr_3of3,1.0556,1.0556,1.0556,1.0556
COP2122-118,4,22,HAMBANTOTA,-0.2320,ocr_3of3,-0.2320,-0.2320,-0.2320,-0.2320
COP2122-118,4,22,JAFFNA,1.1571,ocr_3of3,1.1571,1.1571,1.1571,1.1571
COP2122-118,4,22,KILINOCHCHI,NQC,ocr_3of3,NQC,NQC,NQC,NQC
COP2122-118,4,22,MANNAR,NQC,ocr_3of3,NQC,NQC,NQC,NQC
COP2122-118,4,22,MULLAITIVU,NQC,ocr_3of3,NQC,NQC,NQC,NQC
COP2122-118,4,22,VAVUNIYA,0.6541,ocr_3of3,0.6541,0.6541,0.6541,0.6541
COP2122-118,4,22,TRINCOMALEE,0.5665,ocr_3of3,0.5665,0.5665,0.5665,0.5665
COP2122-118,4,22,BATTICALOA,0.7215,ocr_3of3,0.7215,0.7215,0.7215,0.7215
COP2122-118,4,22,AMPARA,1.2616,ocr_3of3,1.2616,1.2616,1.2616,1.2616
COP2122-118,4,22,PUTTALAM,0.6892,ocr_3of3,0.6892,0.6892,0.6892,0.6892
COP2122-118,4,22,KURUNEGALA,1.1809,ocr_3of3,1.1809,1.1809,1.1809,1.2155
COP2122-118,4,22,ANURADHAPURA,1.1687,ocr_3of3,1.1687,1.1687,1.1687,1.1687
COP2122-118,4,22,POLONNARUWA,NQC,ocr_3of3,NQC,NQC,NQC,NQC
COP2122-118,4,22,BADULLA,1.1636,ocr_3of3,1.1636,1.1636,1.1636,1.1636
COP2122-118,4,22,MONARAGALA,1.0094,ocr_3of3,1.0094,1.0094,1.0094,1.0094
COP2122-118,4,22,KEGALLE,1.1283,ocr_3of3,1.1283,1.1283,1.1283,1.1283
COP2122-118,4,22,RATNAPURA,0.8847,ocr_3of3,0.8847,0.8847,0.8847,0.8847
COP2122-119,4,23,COLOMBO,1.0719,ocr_3of3,1.0719,1.0719,1.0719,1.1410
COP2122-119,4,23,GAMPAHA,0.9177,ocr_3of3,0.9177,0.9177,0.9177,1.0638
COP2122-119,4,23,KALUTARA,0.3273,ocr_3of3,0.3273,0.3273,0.3273,0.4643
COP2122-119,4,23,MATALE,1.0894,ocr_3of3,1.0894,1.0894,1.0894,1.0894
COP2122-119,4,23,KANDY,0.9879,ocr_3of3,0.9879,0.9879,0.9879,1.0782
COP2122-119,4,23,NUWARA ELIYA,0.7753,ocr_3of3,0.7753,0.7753,0.7753,0.7753
COP2122-119,4,23,GALLE,1.0089,ocr_3of3,1.0089,1.0089,1.0089,1.1659
COP2122-119,4,23,MATARA,0.6952,ocr_3of3,0.6952,0.6952,0.6952,1.1550
COP2122-119,4,23,HAMBANTOTA,0.2437,ocr_3of3,0.2437,0.2437,0.2437,0.2437
COP2122-119,4,23,JAFFNA,NQC,ocr_3of3,NQC,NQC,NQC,NQC
COP2122-119,4,23,KILINOCHCHI,NQC,ocr_3of3,NQC,NQC,NQC,NQC
COP2122-119,4,23,MANNAR,NQC,ocr_3of3,NQC,NQC,NQC,NQC
COP2122-119,4,23,MULLAITIVU,NQC,ocr_3of3,NQC,NQC,NQC,NQC
COP2122-119,4,23,VAVUNIYA,NQC,ocr_3of3,NQC,NQC,NQC,NQC
COP2122-119,4,23,TRINCOMALEE,NQC,ocr_3of3,NQC,NQC,NQC,NQC
COP2122-119,4,23,BATTICALOA,1.1262,ocr_3of3,1.1262,1.1262,1.1262,1.1262
COP2122-119,4,23,AMPARA,1.1197,ocr_3of3,1.1197,1.1197,1.1197,1.1197
COP2122-119,4,23,PUTTALAM,0.4946,ocr_2of3_third_unreadable,0.4946,,0.4946,0.4946
COP2122-119,4,23,KURUNEGALA,0.6025,ocr_3of3,0.6025,0.6025,0.6025,0.8752
COP2122-119,4,23,ANURADHAPURA,1.1292,ocr_3of3,1.1292,1.1292,1.1292,1.2168
COP2122-119,4,23,POLONNARUWA,NQC,ocr_3of3,NQC,NQC,NQC,NQC
COP2122-119,4,23,BADULLA,1.0053,ocr_3of3,1.0053,1.0053,1.0053,1.0196
COP2122-119,4,23,MONARAGALA,NQC,ocr_3of3,NQC,NQC,NQC,NQC
COP2122-119,4,23,KEGALLE,-0.1223,ocr_3of3,-0.1223,-0.1223,-0.1223,0.8572
COP2122-119,4,23,RATNAPURA,0.4466,ocr_3of3,0.4466,0.4466,O.4466,0.4466
COP2122-120,4,24,COLOMBO,0.5700,ocr_3of3,0.5700,0.5700,0.5700,0.6373
COP2122-120,4,24,GAMPAHA,0.5596,ocr_3of3,0.5596,0.5596,0.5596,0.5867
COP2122-120,4,24,KALUTARA,0.4447,ocr_3of3,0.4447,0.4447,0.4447,0.6869
COP2122-120,4,24,MATALE,0.2802,ocr_3of3,0.2802,0.2802,0.2802,0.2802
COP2122-120,4,24,KANDY,0.3654,ocr_3of3,0.3654,0.3654,0.3654,0.5754
COP2122-120,4,24,NUWARA ELIYA,0.0912,ocr_3of3,0.0912,0.0912,0.0912,0.0912
COP2122-120,4,24,GALLE,0.6508,ocr_3of3,0.6508,0.6508,0.6508,0.7884
COP2122-120,4,24,MATARA,0.3788,ocr_3of3,0.3788,0.3788,0.3788,0.6703
COP2122-120,4,24,HAMBANTOTA,0.3916,ocr_3of3,0.3916,0.3916,0.3916,0.3916
COP2122-120,4,24,JAFFNA,0.7483,ocr_3of3,0.7483,0.7483,0.7483,0.7483
COP2122-120,4,24,KILINOCHCHI,NQC,ocr_3of3,NQC,NQC,NQC,NQC
COP2122-120,4,24,MANNAR,NQC,ocr_3of3,NQC,NQC,NQC,NQC
COP2122-120,4,24,MULLAITIVU,NQC,ocr_3of3,NQC,NQC,NQC,NQC
COP2122-120,4,24,VAVUNIYA,NQC,ocr_3of3,NQC,NQC,NQC,NQC
COP2122-120,4,24,TRINCOMALEE,-0.2420,ocr_3of3,-0.2420,-0.2420,-0.2420,-0.2420
COP2122-120,4,24,BATTICALOA,0.5397,ocr_3of3,0.5397,0.5397,0.5397,0.5397
COP2122-120,4,24,AMPARA,0.2712,ocr_3of3,0.2712,0.2712,0.2712,0.2712
COP2122-120,4,24,PUTTALAM,-0.3795,ocr_3of3,-0.3795,-0.3795,-0.3795,-0.3795
COP2122-120,4,24,KURUNEGALA,0.6434,ocr_3of3,0.6434,O. 6434,O.6434,0.6513
COP2122-120,4,24,ANURADHAPURA,0.1867,ocr_3of3,0.1867,0.1867,0.1867,0.1867
COP2122-120,4,24,POLONNARUWA,1.6880,ocr_3of3,1.6880,1.6880,1.6880,1.6880
COP2122-120,4,24,BADULLA,0.6705,ocr_3of3,0.6705,0.6705,0.6705,0.7467
COP2122-120,4,24,MONARAGALA,NQC,ocr_3of3,NQC,NQC,NQC,NQC
COP2122-120,4,24,KEGALLE,0.5454,ocr_3of3,0.5454,0.5454,0.5454,0.7541
COP2122-120,4,24,RATNAPURA,0.0842,ocr_3of3,0.0842,0.0842,0.0842,0.0842
COP2122-121,4,25,COLOMBO,1.2285,ocr_3of3,1.2285,1.2285,1.2285,1.2285
COP2122-121,4,25,GAMPAHA,1.1100,ocr_3of3,1.1100,1.1100,1.1100,1.1551
COP2122-121,4,25,KALUTARA,1.1906,ocr_3of3,1.1906,1.1906,1.1906,1.1924
COP2122-121,4,25,MATALE,1.2424,ocr_3of3,1.2424,I. 2424,I.2424,1.2424
COP2122-121,4,25,KANDY,1.1154,ocr_3of3,1.1154,1.1154,1.1154,1.1154
COP2122-121,4,25,NUWARA ELIYA,0.9478,ocr_3of3,0.9478,0.9478,0.9478,0.9478
COP2122-121,4,25,GALLE,1.2382,ocr_3of3,1.2382,1.2382,1.2382,1.2382
COP2122-121,4,25,MATARA,1.2384,ocr_3of3,1.2384,1.2384,1.2384,1.2384
COP2122-121,4,25,HAMBANTOTA,1.1787,ocr_3of3,1.1787,1.1787,1.1787,1.1787
COP2122-121,4,25,JAFFNA,1.2224,ocr_3of3,1.2224,1.2224,1.2224,1.2224
COP2122-121,4,25,KILINOCHCHI,0.9769,ocr_3of3,0.9769,0.9769,0.9769,0.9769
COP2122-121,4,25,MANNAR,0.9099,ocr_3of3,0.9099,0.9099,0.9099,0.9099
COP2122-121,4,25,MULLAITIVU,0.4869,ocr_3of3,0.4869,0.4869,0.4869,0.4869
COP2122-121,4,25,VAVUNIYA,0.8391,ocr_3of3,0.8391,0.8391,0.8391,0.8391
COP2122-121,4,25,TRINCOMALEE,1.2028,ocr_3of3,1.2028,1.2028,1.2028,1.2028
COP2122-121,4,25,BATTICALOA,1.2077,ocr_3of3,1.2077,1.2077,1.2077,1.2077
COP2122-121,4,25,AMPARA,1.2481,ocr_3of3,1.2481,1.2481,1.2481,1.2481
COP2122-121,4,25,PUTTALAM,0.8825,ocr_3of3,0.8825,0.8825,0.8825,0.8825
COP2122-121,4,25,KURUNEGALA,1.1277,ocr_3of3,1.1277,1.1277,1.1277,1.1277
COP2122-121,4,25,ANURADHAPURA,1.0456,ocr_3of3,1.0456,1.0456,1.0456,1.0456
COP2122-121,4,25,POLONNARUWA,1.0010,ocr_3of3,1.0010,1.0010,1.0010,1.0010
COP2122-121,4,25,BADULLA,1.1982,ocr_3of3,1.1982,1.1982,1.1982,1.2350
COP2122-121,4,25,MONARAGALA,0.9236,ocr_3of3,0.9236,0.9236,0.9236,0.9236
COP2122-121,4,25,KEGALLE,1.2708,ocr_3of3,1.2708,1.2708,1.2708,1.2708
COP2122-121,4,25,RATNAPURA,1.1743,ocr_3of3,1.1743,1.1743,1.1743,1.1743
COP2122-122,4,26,COLOMBO,1.2573,ocr_3of3,1.2573,1.2573,1.2573,1.2853
COP2122-122,4,26,GAMPAHA,1.1903,ocr_3of3,1.1903,1.1903,1.1903,1.3201
COP2122-122,4,26,KALUTARA,0.7642,ocr_3of3,0.7642,0.7642,0.7642,1.1468
COP2122-122,4,26,MATALE,1.2876,ocr_3of3,1.2876,1.2876,1.2876,1.2876
COP2122-122,4,26,KANDY,1.0943,ocr_3of3,1.0943,1.0943,1.0943,1.2527
COP2122-122,4,26,NUWARA ELIYA,1.1927,ocr_3of3,1.1927,1.1927,1.1927,1.1927
COP2122-122,4,26,GALLE,0.7368,ocr_3of3,0.7368,0.7368,0.7368,0.9889
COP2122-122,4,26,MATARA,0.6819,ocr_3of3,0.6819,0.6819,0.6819,0.9480
COP2122-122,4,26,HAMBANTOTA,1.0384,ocr_3of3,1.0384,1.0384,1.0384,1.0384
COP2122-122,4,26,JAFFNA,NQC,ocr_3of3,NQC,NQC,NQC,NQC
COP2122-122,4,26,KILINOCHCHI,NQC,ocr_3of3,NQC,NQC,NQC,NQC
COP2122-122,4,26,MANNAR,NQC,ocr_3of3,NQC,NQC,NQC,NQC
COP2122-122,4,26,MULLAITIVU,NQC,ocr_3of3,NQC,NQC,NQC,NQC
COP2122-122,4,26,VAVUNIYA,NQC,ocr_3of3,NQC,NQC,NQC,NQC
COP2122-122,4,26,TRINCOMALEE,0.6819,ocr_3of3,0.6819,0.6819,0.6819,0.6819
COP2122-122,4,26,BATTICALOA,NQC,ocr_3of3,NQC,NQC,NQC,NQC
COP2122-122,4,26,AMPARA,0.9985,ocr_3of3,0.9985,0.9985,0.9985,0.9985
COP2122-122,4,26,PUTTALAM,NQC,ocr_3of3,NQC,NQC,NQC,NQC
COP2122-122,4,26,KURUNEGALA,0.9457,ocr_3of3,0.9457,0.9457,0.9457,1.0321
COP2122-122,4,26,ANURADHAPURA,0.6533,ocr_3of3,0.6533,0.6533,0.6533,0.7410
COP2122-122,4,26,POLONNARUWA,NQC,ocr_3of3,NQC,NQC,NQC,NQC
COP2122-122,4,26,BADULLA,0.3805,ocr_3of3,0.3805,0.3805,0.3805,0.3805
COP2122-122,4,26,MONARAGALA,0.5013,ocr_3of3,0.5013,0.5013,0.5013,0.5013
COP2122-122,4,26,KEGALLE,0.8064,ocr_3of3,0.8064,0.8064,0.8064,0.8666
COP2122-122,4,26,RATNAPURA,0.4634,visual_read,0.4634,,,0.9653
COP2122-123,4,27,COLOMBO,1.9945,ocr_3of3,1.9945,1.9945,1.9945,1.9945
COP2122-123,4,27,GAMPAHA,1.7853,ocr_3of3,1.7853,1.7853,1.7853,1.7853
COP2122-123,4,27,KALUTARA,1.7393,ocr_3of3,1.7393,1.7393,1.7393,1.7393
COP2122-123,4,27,MATALE,1.6774,ocr_3of3,1.6774,1.6774,1.6774,1.6774
COP2122-123,4,27,KANDY,1.6360,ocr_3of3,1.6360,1.6360,1.6360,1.6360
COP2122-123,4,27,NUWARA ELIYA,1.9273,ocr_3of3,1.9273,1.9273,1.9273,1.9273
COP2122-123,4,27,GALLE,2.0480,ocr_3of3,2.0480,2.0480,2.0480,2.0480
COP2122-123,4,27,MATARA,1.9428,ocr_3of3,1.9428,1.9428,1.9428,1.9428
COP2122-123,4,27,HAMBANTOTA,1.9060,ocr_3of3,1.9060,1.9060,1.9060,1.9060
COP2122-123,4,27,JAFFNA,1.9788,ocr_3of3,1.9788,1.9788,1.9788,1.9788
COP2122-123,4,27,KILINOCHCHI,1.2668,ocr_3of3,1.2668,1.2668,1.2668,1.2668
COP2122-123,4,27,MANNAR,1.6332,ocr_3of3,1.6332,1.6332,1.6332,1.6332
COP2122-123,4,27,MULLAITIVU,0.9891,ocr_3of3,0.9891,0.9891,0.9891,0.9891
COP2122-123,4,27,VAVUNIYA,1.5170,ocr_3of3,1.5170,1.5170,1.5170,1.5170
COP2122-123,4,27,TRINCOMALEE,1.6664,ocr_3of3,1.6664,1.6664,1.6664,1.6664
COP2122-123,4,27,BATTICALOA,1.4432,ocr_3of3,1.4432,I .4432,I.4432,1.4432
COP2122-123,4,27,AMPARA,1.5725,ocr_3of3,1.5725,1.5725,1.5725,1.5725
COP2122-123,4,27,PUTTALAM,1.5990,ocr_3of3,1.5990,1.5990,1.5990,1.5990
COP2122-123,4,27,KURUNEGALA,1.9225,ocr_3of3,1.9225,1.9225,1.9225,1.9225
COP2122-123,4,27,ANURADHAPURA,1.5125,ocr_3of3,1.5125,1.5125,1.5125,1.5125
COP2122-123,4,27,POLONNARUWA,1.4392,ocr_3of3,1.4392,1.4392,1.4392,1.4392
COP2122-123,4,27,BADULLA,1.7190,ocr_3of3,1.7190,1.7190,1.7190,1.7190
COP2122-123,4,27,MONARAGALA,1.7272,ocr_3of3,1.7272,1.7272,1.7272,1.7272
COP2122-123,4,27,KEGALLE,2.0050,ocr_3of3,2.0050,2.0050,2.0050,2.0050
COP2122-123,4,27,RATNAPURA,2.0646,ocr_3of3,2.0646,2.0646,2.0646,2.0646
COP2122-124,4,28,COLOMBO,1.7175,ocr_3of3,1.7175,1.7175,1.7175,1.7175
COP2122-124,4,28,GAMPAHA,1.5874,ocr_3of3,1.5874,1.5874,1.5874,1.5920
COP2122-124,4,28,KALUTARA,1.6676,ocr_3of3,1.6676,1.6676,1.6676,1.6676
COP2122-124,4,28,MATALE,1.4862,ocr_3of3,1.4862,1.4862,1.4862,1.4862
COP2122-124,4,28,KANDY,1.5978,ocr_3of3,1.5978,1.5978,1.5978,1.5978
COP2122-124,4,28,NUWARA ELIYA,1.3657,ocr_3of3,1.3657,1.3657,1.3657,1.3657
COP2122-124,4,28,GALLE,1.7159,ocr_3of3,1.7159,1.7159,1.7159,1.7159
COP2122-124,4,28,MATARA,1.7420,ocr_3of3,1.7420,1.7420,1.7420,1.7420
COP2122-124,4,28,HAMBANTOTA,1.7080,ocr_3of3,1.7080,1.7080,1.7080,1.7080
COP2122-124,4,28,JAFFNA,1.7590,ocr_3of3,1.7590,1.7590,1.7590,1.7590
COP2122-124,4,28,KILINOCHCHI,1.3525,ocr_3of3,1.3525,1.3525,1.3525,1.3525
COP2122-124,4,28,MANNAR,1.5420,ocr_3of3,1.5420,1.5420,1.5420,1.5420
COP2122-124,4,28,MULLAITIVU,1.2152,ocr_3of3,1.2152,1.2152,1.2152,1.2152
COP2122-124,4,28,VAVUNIYA,1.5435,ocr_3of3,1.5435,1.5435,1.5435,1.5435
COP2122-124,4,28,TRINCOMALEE,1.4904,visual_read,1.4904,,,1.4904
COP2122-124,4,28,BATTICALOA,1.5509,ocr_3of3,1.5509,1.5509,1.5509,1.5509
COP2122-124,4,28,AMPARA,1.4476,ocr_3of3,1.4476,I .4476,I.4476,1.4476
COP2122-124,4,28,PUTTALAM,1.4664,ocr_3of3,1.4664,I .4664,I.4664,1.4664
COP2122-124,4,28,KURUNEGALA,1.6508,ocr_3of3,1.6508,1.6508,1.6508,1.6508
COP2122-124,4,28,ANURADHAPURA,1.3879,ocr_3of3,1.3879,1.3879,1.3879,1.3879
COP2122-124,4,28,POLONNARUWA,1.2171,ocr_3of3,1.2171,1.2171,1.2171,1.2171
COP2122-124,4,28,BADULLA,1.5953,ocr_3of3,1.5953,1.5953,1.5953,1.5953
COP2122-124,4,28,MONARAGALA,1.3776,ocr_3of3,1.3776,1.3776,1.3776,1.3776
COP2122-124,4,28,KEGALLE,1.6421,ocr_3of3,1.6421,1.6421,I.6421,1.6421
COP2122-124,4,28,RATNAPURA,1.5942,ocr_3of3,1.5942,1.5942,1.5942,1.5942
COP2122-125,4,29,COLOMBO,1.4168,ocr_3of3,1.4168,1.4168,1.4168,1.4496
COP2122-125,4,29,GAMPAHA,1.1760,ocr_3of3,1.1760,1.1760,1.1760,1.2268
COP2122-125,4,29,KALUTARA,1.3288,ocr_3of3,1.3288,1.3288,1.3288,1.3635
COP2122-125,4,29,MATALE,0.8462,ocr_3of3,0.8462,0.8462,0.8462,0.8462
COP2122-125,4,29,KANDY,1.1397,ocr_3of3,1.1397,1.1397,1.1397,1.1643
COP2122-125,4,29,NUWARA ELIYA,0.5036,ocr_3of3,0.5036,0.5036,0.5036,0.5036
COP2122-125,4,29,GALLE,1.3822,ocr_3of3,1.3822,1.3822,1.3822,1.4607
COP2122-125,4,29,MATARA,1.4693,ocr_3of3,1.4693,1.4693,1.4693,1.4693
COP2122-125,4,29,HAMBANTOTA,0.8899,ocr_3of3,0.8899,0.8899,0.8899,0.8899
COP2122-125,4,29,JAFFNA,1.3066,ocr_3of3,1.3066,1.3066,1.3066,1.3509
COP2122-125,4,29,KILINOCHCHI,NQC,ocr_3of3,NQC,NQC,NQC,NQC
COP2122-125,4,29,MANNAR,NQC,ocr_3of3,NQC,NQC,NQC,NQC
COP2122-125,4,29,MULLAITIVU,NQC,ocr_3of3,NQC,NQC,NQC,NQC
COP2122-125,4,29,VAVUNIYA,0.6087,ocr_3of3,0.6087,0.6087,0.6087,0.6087
COP2122-125,4,29,TRINCOMALEE,1.9124,ocr_3of3,1.9124,1.9124,1.9124,1.9124
COP2122-125,4,29,BATTICALOA,0.8828,ocr_3of3,0.8828,0.8828,0.8828,0.8828
COP2122-125,4,29,AMPARA,0.8216,ocr_3of3,0.8216,0.8216,0.8216,0.8216
COP2122-125,4,29,PUTTALAM,0.6244,ocr_2of3_third_unreadable,0.6244,,O.6244,0.6244
COP2122-125,4,29,KURUNEGALA,1.1220,ocr_3of3,1.1220,1.1220,1.1220,1.3533
COP2122-125,4,29,ANURADHAPURA,0.8841,ocr_3of3,0.8841,0.8841,0.8841,0.8841
COP2122-125,4,29,POLONNARUWA,0.7945,ocr_3of3,0.7945,0.7945,0.7945,0.7945
COP2122-125,4,29,BADULLA,1.2171,ocr_3of3,1.2171,1.2171,1.2171,1.1815
COP2122-125,4,29,MONARAGALA,0.9413,ocr_3of3,0.9413,0.9413,0.9413,0.9413
COP2122-125,4,29,KEGALLE,1.4229,ocr_3of3,1.4229,1.4229,1.4229,1.4229
COP2122-125,4,29,RATNAPURA,1.2559,ocr_3of3,1.2559,1.2559,1.2559,1.2638
COP2122-126,4,30,COLOMBO,1.4740,ocr_3of3,1.4740,I .4740,|.4740,1.4740
COP2122-126,4,30,GAMPAHA,1.4419,ocr_3of3,1.4419,I .4419,I.4419,1.4419
COP2122-126,4,30,KALUTARA,1.4166,ocr_3of3,1.4166,1.4166,1.4166,1.4166
COP2122-126,4,30,MATALE,1.3733,ocr_3of3,1.3733,1.3733,1.3733,1.3733
COP2122-126,4,30,KANDY,1.4389,ocr_3of3,1.4389,1.4389,1.4389,1.4389
COP2122-126,4,30,NUWARA ELIYA,1.4169,ocr_3of3,1.4169,1.4169,1.4169,1.4169
COP2122-126,4,30,GALLE,1.4789,ocr_3of3,1.4789,1.4789,1.4789,1.4789
COP2122-126,4,30,MATARA,1.4929,ocr_3of3,1.4929,1.4929,1.4929,1.4929
COP2122-126,4,30,HAMBANTOTA,1.3781,ocr_3of3,1.3781,1.3781,1.3781,1.3781
COP2122-126,4,30,JAFFNA,1.3262,ocr_3of3,1.3262,1.3262,1.3262,1.3093
COP2122-126,4,30,KILINOCHCHI,1.0274,ocr_3of3,1.0274,1.0274,1.0274,1.0274
COP2122-126,4,30,MANNAR,1.1091,ocr_3of3,1.1091,1.1091,1.1091,1.1091
COP2122-126,4,30,MULLAITIVU,1.1381,ocr_3of3,1.1381,1.1381,1.1381,1.1381
COP2122-126,4,30,VAVUNIYA,1.4463,ocr_3of3,1.4463,I .4463,I.4463,1.4463
COP2122-126,4,30,TRINCOMALEE,1.5119,ocr_3of3,1.5119,1.5119,1.5119,1.5119
COP2122-126,4,30,BATTICALOA,1.4401,ocr_3of3,1.4401,I .4401,I.4401,1.4401
COP2122-126,4,30,AMPARA,1.3714,ocr_3of3,1.3714,1.3714,1.3714,1.3714
COP2122-126,4,30,PUTTALAM,1.2290,ocr_3of3,1.2290,1.2290,1.2290,1.2290
COP2122-126,4,30,KURUNEGALA,1.3860,ocr_3of3,1.3860,1.3860,1.3860,1.3860
COP2122-126,4,30,ANURADHAPURA,1.4563,ocr_3of3,1.4563,1.4563,1.4563,1.4563
COP2122-126,4,30,POLONNARUWA,1.3417,ocr_3of3,1.3417,1.3417,1.3417,1.3417
COP2122-126,4,30,BADULLA,1.3661,ocr_3of3,1.3661,1.3661,1.3661,1.3661
COP2122-126,4,30,MONARAGALA,1.3877,ocr_3of3,1.3877,1.3877,1.3877,1.3877
COP2122-126,4,30,KEGALLE,1.4326,ocr_3of3,1.4326,1.4326,1.4326,1.4326
COP2122-126,4,30,RATNAPURA,1.3847,ocr_3of3,1.3847,1.3847,1.3847,1.3847
COP2122-127,4,31,COLOMBO,1.6375,ocr_3of3,1.6375,1.6375,1.6375,1.6375
COP2122-127,4,31,GAMPAHA,1.4945,ocr_3of3,1.4945,I .4945,I.4945,1.4945
COP2122-127,4,31,KALUTARA,1.5972,ocr_3of3,1.5972,1.5972,1.5972,1.5972
COP2122-127,4,31,MATALE,1.3364,ocr_3of3,1.3364,1.3364,1.3364,1.3364
COP2122-127,4,31,KANDY,1.5808,ocr_3of3,1.5808,1.5808,1.5808,1.5808
COP2122-127,4,31,NUWARA ELIYA,1.3968,ocr_3of3,1.3968,1.3968,1.3968,1.3968
COP2122-127,4,31,GALLE,1.5786,ocr_3of3,1.5786,1.5786,1.5786,1.5786
COP2122-127,4,31,MATARA,1.6082,ocr_3of3,1.6082,1.6082,1.6082,1.6082
COP2122-127,4,31,HAMBANTOTA,1.6235,ocr_3of3,1.6235,1.6235,1.6235,1.6235
COP2122-127,4,31,JAFFNA,1.5640,ocr_3of3,1.5640,1.5640,1.5640,1.5640
COP2122-127,4,31,KILINOCHCHI,1.3318,ocr_3of3,1.3318,1.3318,1.3318,1.3318
COP2122-127,4,31,MANNAR,0.7916,ocr_3of3,0.7916,0.7916,0.7916,0.7916
COP2122-127,4,31,MULLAITIVU,0.5893,ocr_3of3,0.5893,0.5893,0.5893,0.5893
COP2122-127,4,31,VAVUNIYA,1.0433,ocr_3of3,1.0433,1.0433,1.0433,1.0433
COP2122-127,4,31,TRINCOMALEE,1.4929,ocr_3of3,1.4929,1.4929,1.4929,1.4929
COP2122-127,4,31,BATTICALOA,1.3534,ocr_3of3,1.3534,1.3534,1.3534,1.3534
COP2122-127,4,31,AMPARA,1.4485,ocr_3of3,1.4485,I .4485,I.4485,1.4485
COP2122-127,4,31,PUTTALAM,1.3060,ocr_3of3,1.3060,1.3060,1.3060,1.3060
COP2122-127,4,31,KURUNEGALA,1.5996,ocr_3of3,1.5996,1.5996,1.5996,1.5996
COP2122-127,4,31,ANURADHAPURA,1.3696,ocr_3of3,1.3696,1.3696,1.3696,1.3696
COP2122-127,4,31,POLONNARUWA,1.3954,ocr_3of3,1.3954,1.3954,1.3954,1.3954
COP2122-127,4,31,BADULLA,1.5743,ocr_3of3,1.5743,1.5743,1.5743,1.5951
COP2122-127,4,31,MONARAGALA,1.3285,ocr_3of3,1.3285,1.3285,1.3285,1.3285
COP2122-127,4,31,KEGALLE,1.5628,ocr_3of3,1.5628,1.5628,1.5628,1.5628
COP2122-127,4,31,RATNAPURA,1.5184,ocr_3of3,1.5184,1.5184,1.5184,1.5184
COP2122-128,4,32,COLOMBO,1.9032,ocr_3of3,1.9032,1.9032,1.9032,1.9032
COP2122-128,4,32,GAMPAHA,1.7938,ocr_3of3,1.7938,1.7938,1.7938,1.7938
COP2122-128,4,32,KALUTARA,1.6909,ocr_3of3,1.6909,1.6909,1.6909,1.6909
COP2122-128,4,32,MATALE,1.6317,ocr_3of3,1.6317,1.6317,1.6317,1.6317
COP2122-128,4,32,KANDY,1.6468,ocr_3of3,1.6468,1.6468,1.6468,1.6468
COP2122-128,4,32,NUWARA ELIYA,1.5131,ocr_3of3,1.5131,1.5131,1.5131,1.5131
COP2122-128,4,32,GALLE,1.7153,ocr_3of3,1.7153,1.7153,1.7153,1.7153
COP2122-128,4,32,MATARA,1.8520,ocr_3of3,1.8520,1.8520,1.8520,1.8958
COP2122-128,4,32,HAMBANTOTA,1.6921,ocr_3of3,1.6921,1.6921,1.6921,1.6921
COP2122-128,4,32,JAFFNA,1.2615,ocr_3of3,1.2615,1.2615,1.2615,1.2615
COP2122-128,4,32,KILINOCHCHI,1.0318,ocr_3of3,1.0318,1.0318,1.0318,1.1073
COP2122-128,4,32,MANNAR,1.1626,ocr_3of3,1.1626,1.1626,1.1626,1.1626
COP2122-128,4,32,MULLAITIVU,1.2692,ocr_3of3,1.2692,1.2692,1.2692,1.2692
COP2122-128,4,32,VAVUNIYA,1.4905,ocr_3of3,1.4905,1.4905,1.4905,1.4905
COP2122-128,4,32,TRINCOMALEE,1.6679,ocr_3of3,1.6679,1.6679,1.6679,1.6679
COP2122-128,4,32,BATTICALOA,1.3960,ocr_3of3,1.3960,1.3960,1.3960,1.3960
COP2122-128,4,32,AMPARA,1.6661,ocr_3of3,1.6661,1.6661,1.6661,1.6661
COP2122-128,4,32,PUTTALAM,1.5853,ocr_3of3,1.5853,1.5853,1.5853,1.5853
COP2122-128,4,32,KURUNEGALA,1.6065,ocr_3of3,1.6065,1.6065,1.6065,1.6065
COP2122-128,4,32,ANURADHAPURA,1.8110,ocr_3of3,1.8110,1.8110,1.8110,1.8110
COP2122-128,4,32,POLONNARUWA,1.5635,ocr_3of3,1.5635,1.5635,1.5635,1.5635
COP2122-128,4,32,BADULLA,1.7302,ocr_3of3,1.7302,1.7302,1.7302,1.7302
COP2122-128,4,32,MONARAGALA,1.7105,ocr_3of3,1.7105,1.7105,1.7105,1.7105
COP2122-128,4,32,KEGALLE,1.7107,ocr_3of3,1.7107,1.7107,1.7107,1.7107
COP2122-128,4,32,RATNAPURA,1.7205,ocr_3of3,1.7205,1.7205,1.7205,1.7205
COP2122-129,5,1,COLOMBO,1.3011,ocr_3of3,1.3011,1.3011,1.3011,1.3277
COP2122-129,5,1,GAMPAHA,1.2084,ocr_3of3,1.2084,1.2084,1.2084,1.2331
COP2122-129,5,1,KALUTARA,1.2690,ocr_3of3,1.2690,1.2690,1.2690,1.2690
COP2122-129,5,1,MATALE,1.0395,ocr_3of3,1.0395,1.0395,1.0395,1.0395
COP2122-129,5,1,KANDY,1.2405,ocr_3of3,1.2405,1.2405,1.2405,1.2405
COP2122-129,5,1,NUWARA ELIYA,0.9727,ocr_3of3,0.9727,0.9727,0.9727,0.9727
COP2122-129,5,1,GALLE,1.3395,ocr_3of3,1.3395,1.3395,1.3395,1.3395
COP2122-129,5,1,MATARA,1.3355,ocr_3of3,1.3355,1.3355,1.3355,1.3355
COP2122-129,5,1,HAMBANTOTA,1.2990,ocr_3of3,1.2990,1.2990,1.2990,1.2990
COP2122-129,5,1,JAFFNA,1.3548,ocr_3of3,1.3548,1.3548,1.3548,1.3548
COP2122-129,5,1,KILINOCHCHI,NQC,ocr_3of3,NQC,NQC,NQC,NQC
COP2122-129,5,1,MANNAR,NQC,ocr_3of3,NQC,NQC,NQC,NQC
COP2122-129,5,1,MULLAITIVU,1.0427,ocr_3of3,1.0427,1.0427,1.0427,1.0427
COP2122-129,5,1,VAVUNIYA,1.1457,ocr_3of3,1.1457,1.1457,1.1457,1.1457
COP2122-129,5,1,TRINCOMALEE,0.5830,ocr_3of3,0.5830,0.5830,0.5830,0.5830
COP2122-129,5,1,BATTICALOA,1.1056,ocr_3of3,1.1056,1.1056,1.1056,1.1056
COP2122-129,5,1,AMPARA,1.0609,ocr_3of3,1.0609,1.0609,1.0609,1.0609
COP2122-129,5,1,PUTTALAM,1.1462,ocr_3of3,1.1462,1.1462,I.1462,1.1462
COP2122-129,5,1,KURUNEGALA,1.1974,ocr_3of3,1.1974,1.1974,1.1974,1.1974
COP2122-129,5,1,ANURADHAPURA,0.8871,ocr_3of3,0.8871,0.8871,0.8871,0.8871
COP2122-129,5,1,POLONNARUWA,0.7527,ocr_3of3,0.7527,0.7527,0.7527,0.7527
COP2122-129,5,1,BADULLA,1.2030,ocr_3of3,1.2030,1.2030,1.2030,1.2030
COP2122-129,5,1,MONARAGALA,0.6653,ocr_3of3,0.6653,0.6653,0.6653,0.6653
COP2122-129,5,1,KEGALLE,1.2405,ocr_3of3,1.2405,1.2405,1.2405,1.2405
COP2122-129,5,1,RATNAPURA,1.1207,ocr_3of3,1.1207,1.1207,1.1207,1.1207
COP2122-130,5,2,COLOMBO,1.3761,ocr_3of3,1.3761,1.3761,1.3761,1.3761
COP2122-130,5,2,GAMPAHA,1.2718,ocr_3of3,1.2718,1.2718,1.2718,1.3002
COP2122-130,5,2,KALUTARA,1.3538,ocr_3of3,1.3538,1.3538,1.3538,1.3538
COP2122-130,5,2,MATALE,1.0573,ocr_3of3,1.0573,1.0573,1.0573,1.0573
COP2122-130,5,2,KANDY,1.3611,ocr_3of3,1.3611,1.3611,1.3611,1.3611
COP2122-130,5,2,NUWARA ELIYA,0.9852,ocr_3of3,0.9852,0.9852,0.9852,0.9852
COP2122-130,5,2,GALLE,1.3782,ocr_3of3,1.3782,1.3782,1.3782,1.3782
COP2122-130,5,2,MATARA,1.3991,ocr_3of3,1.3991,1.3991,1.3991,1.3991
COP2122-130,5,2,HAMBANTOTA,1.3388,ocr_3of3,1.3388,1.3388,1.3388,1.3388
COP2122-130,5,2,JAFFNA,1.3184,ocr_3of3,1.3184,1.3184,1.3184,1.3184
COP2122-130,5,2,KILINOCHCHI,1.2838,ocr_3of3,1.2838,1.2838,1.2838,1.2838
COP2122-130,5,2,MANNAR,0.6103,ocr_3of3,0.6103,0.6103,0.6103,0.6103
COP2122-130,5,2,MULLAITIVU,0.5018,ocr_3of3,0.5018,0.5018,0.5018,0.5018
COP2122-130,5,2,VAVUNIYA,0.9095,ocr_3of3,0.9095,0.9095,0.9095,0.9095
COP2122-130,5,2,TRINCOMALEE,0.9854,ocr_3of3,0.9854,0.9854,0.9854,0.9854
COP2122-130,5,2,BATTICALOA,1.2401,ocr_3of3,1.2401,1.2401,1.2401,1.2401
COP2122-130,5,2,AMPARA,1.2201,ocr_3of3,1.2201,1.2201,1.2201,1.2201
COP2122-130,5,2,PUTTALAM,1.0801,ocr_3of3,1.0801,1.0801,1.0801,1.0801
COP2122-130,5,2,KURUNEGALA,1.3588,ocr_3of3,1.3588,1.3588,1.3588,1.3588
COP2122-130,5,2,ANURADHAPURA,1.1538,ocr_3of3,1.1538,1.1538,1.1538,1.1538
COP2122-130,5,2,POLONNARUWA,0.8417,ocr_3of3,0.8417,0.8417,0.8417,0.8417
COP2122-130,5,2,BADULLA,1.3232,ocr_3of3,1.3232,1.3232,1.3232,1.3232
COP2122-130,5,2,MONARAGALA,1.1553,ocr_3of3,1.1553,1.1553,1.1553,1.1553
COP2122-130,5,2,KEGALLE,1.3556,ocr_3of3,1.3556,1.3556,1.3556,1.3556
COP2122-130,5,2,RATNAPURA,1.3054,ocr_3of3,1.3054,1.3054,1.3054,1.3054
COP2122-131,5,3,COLOMBO,1.0826,ocr_3of3,1.0826,1.0826,1.0826,1.0826
COP2122-131,5,3,GAMPAHA,1.0763,ocr_3of3,1.0763,1.0763,1.0763,1.0763
COP2122-131,5,3,KALUTARA,1.1189,ocr_3of3,1.1189,1.1189,1.1189,1.1189
COP2122-131,5,3,MATALE,0.8678,ocr_3of3,0.8678,0.8678,0.8678,0.8678
COP2122-131,5,3,KANDY,1.0254,ocr_3of3,1.0254,1.0254,1.0254,1.0254
COP2122-131,5,3,NUWARA ELIYA,0.8245,ocr_3of3,0.8245,0.8245,0.8245,0.8245
COP2122-131,5,3,GALLE,1.1030,ocr_3of3,1.1030,1.1030,1.1030,1.1030
COP2122-131,5,3,MATARA,1.0816,ocr_3of3,1.0816,1.0816,1.0816,1.0816
COP2122-131,5,3,HAMBANTOTA,1.1569,ocr_3of3,1.1569,1.1569,1.1569,1.1569
COP2122-131,5,3,JAFFNA,0.9845,ocr_3of3,0.9845,0.9845,0.9845,0.9845
COP2122-131,5,3,KILINOCHCHI,0.7453,ocr_3of3,0.7453,0.7453,0.7453,0.7453
COP2122-131,5,3,MANNAR,0.6098,ocr_3of3,0.6098,0.6098,0.6098,0.6098
COP2122-131,5,3,MULLAITIVU,0.5258,ocr_3of3,0.5258,0.5258,0.5258,0.5258
COP2122-131,5,3,VAVUNIYA,0.7761,ocr_3of3,0.7761,0.7761,0.7761,0.7761
COP2122-131,5,3,TRINCOMALEE,0.7609,ocr_3of3,0.7609,0.7609,0.7609,0.9684
COP2122-131,5,3,BATTICALOA,1.1277,ocr_3of3,1.1277,1.1277,1.1277,1.1277
COP2122-131,5,3,AMPARA,1.1063,ocr_3of3,1.1063,1.1063,1.1063,1.1063
COP2122-131,5,3,PUTTALAM,0.7696,ocr_3of3,0.7696,0.7696,0.7696,0.7696
COP2122-131,5,3,KURUNEGALA,1.0493,ocr_3of3,1.0493,1.0493,1.0493,1.0598
COP2122-131,5,3,ANURADHAPURA,1.0513,ocr_3of3,1.0513,1.0513,1.0513,1.0513
COP2122-131,5,3,POLONNARUWA,0.6493,ocr_3of3,0.6493,0.6493,0.6493,0.6493
COP2122-131,5,3,BADULLA,1.0302,ocr_3of3,1.0302,1.0302,1.0302,1.0302
COP2122-131,5,3,MONARAGALA,1.0998,ocr_3of3,1.0998,1.0998,1.0998,1.0998
COP2122-131,5,3,KEGALLE,1.0570,ocr_3of3,1.0570,1.0570,1.0570,1.0570
COP2122-131,5,3,RATNAPURA,1.1228,ocr_3of3,1.1228,1.1228,1.1228,1.1228
COP2122-132,5,4,COLOMBO,1.3599,ocr_3of3,1.3599,1.3599,1.3599,1.3482
COP2122-132,5,4,GAMPAHA,1.2546,ocr_3of3,1.2546,1.2546,1.2546,1.2546
COP2122-132,5,4,KALUTARA,1.4295,ocr_3of3,1.4295,1.4295,1.4295,1.4295
COP2122-132,5,4,MATALE,1.2700,ocr_3of3,1.2700,1.2700,1.2700,1.2700
COP2122-132,5,4,KANDY,1.4031,ocr_3of3,1.4031,1.4031,1.4031,1.4031
COP2122-132,5,4,NUWARA ELIYA,0.9558,ocr_3of3,0.9558,0.9558,0.9558,0.9558
COP2122-132,5,4,GALLE,1.4284,ocr_2of3_third_unreadable,1.4284,I .4284,I-4284,1.4284
COP2122-132,5,4,MATARA,1.3972,ocr_3of3,1.3972,1.3972,1.3972,1.3972
COP2122-132,5,4,HAMBANTOTA,1.3551,ocr_3of3,1.3551,1.3551,1.3551,1.3551
COP2122-132,5,4,JAFFNA,1.4093,ocr_3of3,1.4093,1.4093,1.4093,1.4093
COP2122-132,5,4,KILINOCHCHI,1.1686,ocr_3of3,1.1686,1.1686,1.1686,1.1686
COP2122-132,5,4,MANNAR,0.7196,ocr_3of3,0.7196,0.7196,0.7196,0.7196
COP2122-132,5,4,MULLAITIVU,0.5679,ocr_3of3,0.5679,0.5679,0.5679,0.5679
COP2122-132,5,4,VAVUNIYA,1.0087,ocr_3of3,1.0087,1.0087,1.0087,1.0087
COP2122-132,5,4,TRINCOMALEE,0.9684,ocr_3of3,0.9684,0.9684,0.9684,1.1617
COP2122-132,5,4,BATTICALOA,1.2612,ocr_3of3,1.2612,1.2612,1.2612,1.2612
COP2122-132,5,4,AMPARA,1.1752,ocr_3of3,1.1752,1.1752,1.1752,1.1442
COP2122-132,5,4,PUTTALAM,1.1978,ocr_3of3,1.1978,1.1978,1.1978,1.1978
COP2122-132,5,4,KURUNEGALA,1.4018,ocr_3of3,1.4018,1.4018,1.4018,1.4018
COP2122-132,5,4,ANURADHAPURA,1.2172,ocr_3of3,1.2172,1.2172,1.2172,1.2172
COP2122-132,5,4,POLONNARUWA,0.9933,ocr_3of3,0.9933,0.9933,0.9933,0.9933
COP2122-132,5,4,BADULLA,1.3552,ocr_3of3,1.3552,1.3552,1.3552,1.3552
COP2122-132,5,4,MONARAGALA,1.1971,ocr_3of3,1.1971,1.1971,1.1971,1.1971
COP2122-132,5,4,KEGALLE,1.3573,ocr_3of3,1.3573,1.3573,1.3573,1.3573
COP2122-132,5,4,RATNAPURA,1.3573,ocr_3of3,1.3573,1.3573,1.3573,1.3573
COP2122-133,5,5,COLOMBO,2.0155,ocr_3of3,2.0155,2.0155,2.0155,2.0155
COP2122-133,5,5,GAMPAHA,1.9455,ocr_3of3,1.9455,1.9455,1.9455,1.9455
COP2122-133,5,5,KALUTARA,1.9949,ocr_3of3,1.9949,1.9949,1.9949,1.9949
COP2122-133,5,5,MATALE,1.9398,ocr_3of3,1.9398,1.9398,1.9398,1.9398
COP2122-133,5,5,KANDY,1.9792,ocr_3of3,1.9792,1.9792,1.9792,1.9792
COP2122-133,5,5,NUWARA ELIYA,1.9419,ocr_3of3,1.9419,1.9419,1.9419,1.9419
COP2122-133,5,5,GALLE,1.8940,ocr_3of3,1.8940,1.8940,1.8940,1.8940
COP2122-133,5,5,MATARA,2.0885,ocr_3of3,2.0885,2.0885,2.0885,2.0885
COP2122-133,5,5,HAMBANTOTA,2.0961,ocr_3of3,2.0961,2.0961,2.0961,2.0961
COP2122-133,5,5,JAFFNA,2.0300,ocr_3of3,2.0300,2.0300,2.0300,2.0300
COP2122-133,5,5,KILINOCHCHI,1.9687,ocr_3of3,1.9687,1.9687,1.9687,1.9687
COP2122-133,5,5,MANNAR,2.0540,ocr_3of3,2.0540,2.0540,2.0540,2.0540
COP2122-133,5,5,MULLAITIVU,1.7523,ocr_3of3,1.7523,1.7523,1.7523,1.7523
COP2122-133,5,5,VAVUNIYA,1.9797,ocr_3of3,1.9797,1.9797,1.9797,1.9797
COP2122-133,5,5,TRINCOMALEE,2.1227,ocr_3of3,2.1227,2.1227,2.1227,2.1227
COP2122-133,5,5,BATTICALOA,2.0484,ocr_2of3_third_unreadable,2.0484,2.0484,,2.0484
COP2122-133,5,5,AMPARA,2.0842,ocr_3of3,2.0842,2.0842,2.0842,2.0842
COP2122-133,5,5,PUTTALAM,1.9121,ocr_3of3,1.9121,1.9121,1.9121,1.9121
COP2122-133,5,5,KURUNEGALA,1.9612,ocr_3of3,1.9612,1.9612,1.9612,1.9612
COP2122-133,5,5,ANURADHAPURA,2.0097,ocr_3of3,2.0097,2.0097,2.0097,2.0097
COP2122-133,5,5,POLONNARUWA,2.0009,ocr_3of3,2.0009,2.0009,2.0009,2.0009
COP2122-133,5,5,BADULLA,1.9986,ocr_3of3,1.9986,1.9986,1.9986,1.9986
COP2122-133,5,5,MONARAGALA,1.9387,ocr_3of3,1.9387,1.9387,1.9387,1.9387
COP2122-133,5,5,KEGALLE,2.0055,ocr_3of3,2.0055,2.0055,2.0055,2.0055
COP2122-133,5,5,RATNAPURA,2.0631,ocr_3of3,2.0631,2.0631,2.0631,2.0631
COP2122-134,5,6,COLOMBO,0.7894,ocr_3of3,0.7894,0.7894,0.7894,0.7894
COP2122-134,5,6,GAMPAHA,0.7940,ocr_3of3,0.7940,0.7940,0.7940,0.7940
COP2122-134,5,6,KALUTARA,0.8341,ocr_3of3,0.8341,0.8341,0.8341,0.8341
COP2122-134,5,6,MATALE,0.7987,ocr_3of3,0.7987,0.7987,0.7987,0.7987
COP2122-134,5,6,KANDY,0.8043,ocr_3of3,0.8043,0.8043,0.8043,0.8043
COP2122-134,5,6,NUWARA ELIYA,0.8155,ocr_3of3,0.8155,0.8155,0.8155,0.8155
COP2122-134,5,6,GALLE,0.8201,ocr_3of3,0.8201,0.8201,0.8201,0.8201
COP2122-134,5,6,MATARA,0.8756,ocr_3of3,0.8756,0.8756,0.8756,0.8756
COP2122-134,5,6,HAMBANTOTA,0.7934,ocr_3of3,0.7934,0.7934,0.7934,0.7934
COP2122-134,5,6,JAFFNA,0.8274,ocr_3of3,0.8274,0.8274,0.8274,0.9036
COP2122-134,5,6,KILINOCHCHI,NQC,ocr_3of3,NQC,NQC,NQC,NQC
COP2122-134,5,6,MANNAR,NQC,ocr_3of3,NQC,NQC,NQC,NQC
COP2122-134,5,6,MULLAITIVU,NQC,ocr_3of3,NQC,NQC,NQC,NQC
COP2122-134,5,6,VAVUNIYA,NQC,ocr_3of3,NQC,NQC,NQC,NQC
COP2122-134,5,6,TRINCOMALEE,1.5813,ocr_3of3,1.5813,1.5813,1.5813,1.5813
COP2122-134,5,6,BATTICALOA,0.9608,ocr_3of3,0.9608,0.9608,0.9608,0.9608
COP2122-134,5,6,AMPARA,0.7888,ocr_3of3,0.7888,0.7888,0.7888,0.7888
COP2122-134,5,6,PUTTALAM,NQC,ocr_3of3,NQC,NQC,NQC,NQC
COP2122-134,5,6,KURUNEGALA,0.7980,ocr_3of3,0.7980,0.7980,0.7980,0.7980
COP2122-134,5,6,ANURADHAPURA,0.8306,ocr_3of3,0.8306,0.8306,0.8306,0.8306
COP2122-134,5,6,POLONNARUWA,NQC,ocr_3of3,NQC,NQC,NQC,NQC
COP2122-134,5,6,BADULLA,0.7927,ocr_3of3,0.7927,0.7927,0.7927,0.7927
COP2122-134,5,6,MONARAGALA,0.8905,ocr_3of3,0.8905,0.8905,0.8905,0.8905
COP2122-134,5,6,KEGALLE,0.8011,ocr_3of3,0.8011,0.8011,0.8011,0.8011
COP2122-134,5,6,RATNAPURA,0.7969,ocr_3of3,0.7969,0.7969,0.7969,0.7969
COP2122-135,5,7,COLOMBO,0.7089,ocr_3of3,0.7089,0.7089,0.7089,0.7175
COP2122-135,5,7,GAMPAHA,0.5588,ocr_3of3,0.5588,0.5588,0.5588,0.6010
COP2122-135,5,7,KALUTARA,0.5812,ocr_3of3,0.5812,0.5812,0.5812,0.6018
COP2122-135,5,7,MATALE,0.6601,ocr_3of3,0.6601,0.6601,0.6601,0.6601
COP2122-135,5,7,KANDY,0.4735,ocr_3of3,0.4735,0.4735,0.4735,0.4816
COP2122-135,5,7,NUWARA ELIYA,-0.0056,ocr_3of3,-0.0056,-0.0056,-0.0056,-0.0056
COP2122-135,5,7,GALLE,0.6819,ocr_3of3,0.6819,0.6819,0.6819,0.6819
COP2122-135,5,7,MATARA,0.6168,ocr_3of3,0.6168,0.6168,0.6168,0.6168
COP2122-135,5,7,HAMBANTOTA,0.5209,ocr_3of3,0.5209,0.5209,0.5209,0.5209
COP2122-135,5,7,JAFFNA,0.8216,ocr_3of3,0.8216,0.8216,0.8216,0.8216
COP2122-135,5,7,KILINOCHCHI,0.3853,ocr_3of3,0.3853,0.3853,0.3853,0.3853
COP2122-135,5,7,MANNAR,NQC,ocr_3of3,NQC,NQC,NQC,NQC
COP2122-135,5,7,MULLAITIVU,NQC,ocr_3of3,NQC,NQC,NQC,NQC
COP2122-135,5,7,VAVUNIYA,0.6548,ocr_3of3,0.6548,0.6548,0.6548,0.6548
COP2122-135,5,7,TRINCOMALEE,0.2548,ocr_3of3,0.2548,0.2548,0.2548,0.2548
COP2122-135,5,7,BATTICALOA,0.7222,ocr_3of3,0.7222,0.7222,0.7222,0.7222
COP2122-135,5,7,AMPARA,0.7266,ocr_3of3,0.7266,0.7266,0.7266,0.7266
COP2122-135,5,7,PUTTALAM,0.3603,ocr_3of3,0.3603,0.3603,0.3603,0.3603
COP2122-135,5,7,KURUNEGALA,0.5958,ocr_3of3,0.5958,0.5958,0.5958,0.6263
COP2122-135,5,7,ANURADHAPURA,0.4799,ocr_3of3,0.4799,0.4799,0.4799,0.4866
COP2122-135,5,7,POLONNARUWA,0.0706,ocr_3of3,0.0706,0.0706,0.0706,0.0706
COP2122-135,5,7,BADULLA,0.5593,ocr_3of3,0.5593,0.5593,o.5593,0.5593
COP2122-135,5,7,MONARAGALA,0.1459,ocr_3of3,0.1459,0.1459,0.1459,0.1459
COP2122-135,5,7,KEGALLE,0.7407,ocr_3of3,0.7407,0.7407,0.7407,0.7407
COP2122-135,5,7,RATNAPURA,0.4560,ocr_3of3,0.4560,0.4560,0.4560,0.4560
COP2122-136,5,8,COLOMBO,1.1307,ocr_3of3,1.1307,1.1307,1.1307,1.1392
COP2122-136,5,8,GAMPAHA,0.8328,ocr_3of3,0.8328,0.8328,0.8328,1.0102
COP2122-136,5,8,KALUTARA,0.8076,ocr_3of3,0.8076,0.8076,0.8076,0.8716
COP2122-136,5,8,MATALE,0.7680,ocr_3of3,0.7680,0.7680,0.7680,0.7680
COP2122-136,5,8,KANDY,1.0183,ocr_3of3,1.0183,1.0183,1.0183,1.0183
COP2122-136,5,8,NUWARA ELIYA,0.8699,ocr_3of3,0.8699,0.8699,0.8699,0.8699
COP2122-136,5,8,GALLE,0.8309,ocr_3of3,0.8309,0.8309,0.8309,0.9378
COP2122-136,5,8,MATARA,0.8517,ocr_3of3,0.8517,0.8517,0.8517,0.8517
COP2122-136,5,8,HAMBANTOTA,0.7532,ocr_3of3,0.7532,0.7532,0.7532,0.7532
COP2122-136,5,8,JAFFNA,0.9935,ocr_3of3,0.9935,0.9935,0.9935,0.9935
COP2122-136,5,8,KILINOCHCHI,0.9287,ocr_3of3,0.9287,0.9287,0.9287,0.9287
COP2122-136,5,8,MANNAR,NQC,ocr_3of3,NQC,NQC,NQC,NQC
COP2122-136,5,8,MULLAITIVU,NQC,ocr_3of3,NQC,NQC,NQC,NQC
COP2122-136,5,8,VAVUNIYA,NQC,ocr_3of3,NQC,NQC,NQC,NQC
COP2122-136,5,8,TRINCOMALEE,0.8363,ocr_3of3,0.8363,0.8363,0.8363,0.8363
COP2122-136,5,8,BATTICALOA,NQC,ocr_3of3,NQC,NQC,NQC,NQC
COP2122-136,5,8,AMPARA,1.1259,ocr_3of3,1.1259,1.1259,1.1259,1.1259
COP2122-136,5,8,PUTTALAM,NQC,ocr_3of3,NQC,NQC,NQC,NQC
COP2122-136,5,8,KURUNEGALA,0.7554,ocr_3of3,0.7554,0.7554,0.7554,0.8907
COP2122-136,5,8,ANURADHAPURA,0.7631,ocr_3of3,0.7631,0.7631,0.7631,0.7452
COP2122-136,5,8,POLONNARUWA,0.7487,ocr_3of3,0.7487,0.7487,0.7487,0.7332
COP2122-136,5,8,BADULLA,0.8200,ocr_3of3,0.8200,0.8200,0.8200,0.8200
COP2122-136,5,8,MONARAGALA,NQC,ocr_3of3,NQC,NQC,NQC,NQC
COP2122-136,5,8,KEGALLE,0.7632,ocr_3of3,0.7632,0.7632,0.7632,0.7884
COP2122-136,5,8,RATNAPURA,0.8282,ocr_3of3,0.8282,0.8282,0.8282,0.8282
COP2122-137,5,9,COLOMBO,1.2184,ocr_3of3,1.2184,1.2184,1.2184,1.2184
COP2122-137,5,9,GAMPAHA,1.0153,ocr_3of3,1.0153,1.0153,1.0153,1.0153
COP2122-137,5,9,KALUTARA,1.1204,ocr_3of3,1.1204,1.1204,1.1204,1.1204
COP2122-137,5,9,MATALE,0.6986,ocr_3of3,0.6986,0.6986,0.6986,NQC
COP2122-137,5,9,KANDY,1.0152,ocr_3of3,1.0152,1.0152,1.0152,NQC
COP2122-137,5,9,NUWARA ELIYA,NQC,ocr_3of3,NQC,NQC,NQC,NQC
COP2122-137,5,9,GALLE,1.2517,ocr_3of3,1.2517,1.2517,1.2517,1.2517
COP2122-137,5,9,MATARA,0.7362,ocr_3of3,0.7362,0.7362,0.7362,1.4238
COP2122-137,5,9,HAMBANTOTA,0.5854,ocr_3of3,0.5854,0.5854,0.5854,1.3187
COP2122-137,5,9,JAFFNA,0.7287,ocr_3of3,0.7287,0.7287,0.7287,0.7506
COP2122-137,5,9,KILINOCHCHI,NQC,ocr_3of3,NQC,NQC,NQC,NQC
COP2122-137,5,9,MANNAR,NQC,ocr_3of3,NQC,NQC,NQC,NQC
COP2122-137,5,9,MULLAITIVU,NQC,ocr_3of3,NQC,NQC,NQC,NQC
COP2122-137,5,9,VAVUNIYA,0.5695,ocr_3of3,0.5695,0.5695,0.5695,0.5695
COP2122-137,5,9,TRINCOMALEE,0.3115,ocr_3of3,0.3115,0.3115,0.3115,0.3115
COP2122-137,5,9,BATTICALOA,0.4620,ocr_3of3,0.4620,0.4620,0.4620,0.4850
COP2122-137,5,9,AMPARA,0.4997,ocr_3of3,0.4997,0.4997,0.4997,0.4997
COP2122-137,5,9,PUTTALAM,0.5617,ocr_3of3,0.5617,0.5617,0.5617,0.5617
COP2122-137,5,9,KURUNEGALA,1.0235,ocr_3of3,1.0235,1.0235,1.0235,1.0235
COP2122-137,5,9,ANURADHAPURA,0.4218,ocr_3of3,0.4218,0.4218,0.4218,0.7249
COP2122-137,5,9,POLONNARUWA,0.3495,ocr_3of3,0.3495,0.3495,0.3495,0.3495
COP2122-137,5,9,BADULLA,0.7103,ocr_3of3,0.7103,0.7103,0.7103,0.7103
COP2122-137,5,9,MONARAGALA,0.6379,ocr_3of3,0.6379,0.6379,0.6379,0.6379
COP2122-137,5,9,KEGALLE,1.8500,ocr_3of3,1.8500,1.8500,1.8500,1.8500
COP2122-137,5,9,RATNAPURA,0.4217,ocr_3of3,0.4217,0.4217,0.4217,0.4217
COP2122-138,5,10,COLOMBO,1.5789,ocr_3of3,1.5789,1.5789,1.5789,1.5789
COP2122-138,5,10,GAMPAHA,1.5880,ocr_3of3,1.5880,1.5880,1.5880,1.5880
COP2122-138,5,10,KALUTARA,1.5795,ocr_3of3,1.5795,1.5795,1.5795,1.5795
COP2122-138,5,10,MATALE,NQC,ocr_3of3,NQC,NQC,NQC,NQC
COP2122-138,5,10,KANDY,1.5781,ocr_3of3,1.5781,1.5781,1.5781,1.5781
COP2122-138,5,10,NUWARA ELIYA,NQC,ocr_3of3,NQC,NQC,NQC,NQC
COP2122-138,5,10,GALLE,1.5754,ocr_3of3,1.5754,1.5754,1.5754,1.5914
COP2122-138,5,10,MATARA,1.5762,ocr_3of3,1.5762,1.5762,1.5762,1.5762
COP2122-138,5,10,HAMBANTOTA,1.5757,ocr_3of3,1.5757,1.5757,1.5757,1.5757
COP2122-138,5,10,JAFFNA,1.5944,ocr_3of3,1.5944,1.5944,I.5944,1.5944
COP2122-138,5,10,KILINOCHCHI,NQC,ocr_3of3,NQC,NQC,NQC,NQC
COP2122-138,5,10,MANNAR,NQC,ocr_3of3,NQC,NQC,NQC,NQC
COP2122-138,5,10,MULLAITIVU,NQC,ocr_3of3,NQC,NQC,NQC,NQC
COP2122-138,5,10,VAVUNIYA,NQC,ocr_3of3,NQC,NQC,NQC,NQC
COP2122-138,5,10,TRINCOMALEE,NQC,ocr_3of3,NQC,NQC,NQC,NQC
COP2122-138,5,10,BATTICALOA,2.0101,ocr_3of3,2.0101,2.0101,2.0101,2.0101
COP2122-138,5,10,AMPARA,NQC,ocr_3of3,NQC,NQC,NQC,NQC
COP2122-138,5,10,PUTTALAM,NQC,ocr_3of3,NQC,NQC,NQC,NQC
COP2122-138,5,10,KURUNEGALA,1.5882,ocr_3of3,1.5882,1.5882,1.5882,1.5882
COP2122-138,5,10,ANURADHAPURA,1.6892,ocr_3of3,1.6892,1.6892,1.6892,1.6892
COP2122-138,5,10,POLONNARUWA,NQC,ocr_3of3,NQC,NQC,NQC,NQC
COP2122-138,5,10,BADULLA,1.5886,ocr_3of3,1.5886,1.5886,1.5886,1.5886
COP2122-138,5,10,MONARAGALA,NQC,ocr_3of3,NQC,NQC,NQC,NQC
COP2122-138,5,10,KEGALLE,1.5893,ocr_3of3,1.5893,1.5893,1.5893,1.5893
COP2122-138,5,10,RATNAPURA,2.0941,ocr_3of3,2.0941,2.0941,2.0941,2.0941
COP2122-139,5,11,COLOMBO,NQC,ocr_3of3,NQC,NQC,NQC,NQC
COP2122-139,5,11,GAMPAHA,1.3480,ocr_3of3,1.3480,1.3480,1.3480,1.3480
COP2122-139,5,11,KALUTARA,1.5123,ocr_3of3,1.5123,1.5123,1.5123,1.5123
COP2122-139,5,11,MATALE,1.0885,ocr_3of3,1.0885,1.0885,1.0885,1.0885
COP2122-139,5,11,KANDY,1.4609,ocr_3of3,1.4609,1.4609,1.4609,1.4609
COP2122-139,5,11,NUWARA ELIYA,1.0362,ocr_3of3,1.0362,1.0362,1.0362,1.0362
COP2122-139,5,11,GALLE,NQC,ocr_2of3_third_unreadable,NQC,NQC,,NQC
COP2122-139,5,11,MATARA,NQC,ocr_3of3,NQC,NQC,NQC,NQC
COP2122-139,5,11,HAMBANTOTA,NQC,ocr_2of3_third_unreadable,NQC,NQC,,NQC
COP2122-139,5,11,JAFFNA,NQC,ocr_3of3,NQC,NQC,NQC,NQC
COP2122-139,5,11,KILINOCHCHI,1.1792,ocr_3of3,1.1792,1.1792,1.1792,1.1792
COP2122-139,5,11,MANNAR,0.8600,ocr_3of3,0.8600,0.8600,0.8600,0.8600
COP2122-139,5,11,MULLAITIVU,1.0104,ocr_3of3,1.0104,1.0104,1.0104,1.0104
COP2122-139,5,11,VAVUNIYA,1.3483,ocr_3of3,1.3483,1.3483,1.3483,1.3328
COP2122-139,5,11,TRINCOMALEE,1.2248,ocr_3of3,1.2248,1.2248,1.2248,1.2248
COP2122-139,5,11,BATTICALOA,1.2547,ocr_3of3,1.2547,1.2547,1.2547,1.2547
COP2122-139,5,11,AMPARA,1.3867,ocr_3of3,1.3867,1.3867,1.3867,1.3867
COP2122-139,5,11,PUTTALAM,1.1108,ocr_3of3,1.1108,1.1108,1.1108,1.1108
COP2122-139,5,11,KURUNEGALA,1.4519,ocr_3of3,1.4519,1.4519,1.4519,1.4519
COP2122-139,5,11,ANURADHAPURA,1.2177,ocr_3of3,1.2177,1.2177,1.2177,1.2177
COP2122-139,5,11,POLONNARUWA,0.9706,ocr_3of3,0.9706,0.9706,0.9706,0.9706
COP2122-139,5,11,BADULLA,1.4735,ocr_3of3,1.4735,1.4735,1.4735,1.4735
COP2122-139,5,11,MONARAGALA,1.1355,ocr_3of3,1.1355,1.1355,1.1355,1.1290
COP2122-139,5,11,KEGALLE,1.4304,visual_read,1.4304,,I-4304,1.4304
COP2122-139,5,11,RATNAPURA,1.3041,ocr_3of3,1.3041,1.3041,1.3041,1.3041
COP2122-140,5,12,COLOMBO,1.4908,ocr_3of3,1.4908,1.4908,1.4908,1.4932
COP2122-140,5,12,GAMPAHA,1.4889,ocr_3of3,1.4889,1.4889,1.4889,1.4889
COP2122-140,5,12,KALUTARA,1.5149,ocr_3of3,1.5149,1.5149,1.5149,1.5149
COP2122-140,5,12,MATALE,NQC,ocr_3of3,NQC,NQC,NQC,NQC
COP2122-140,5,12,KANDY,1.5025,ocr_3of3,1.5025,1.5025,1.5025,1.5025
COP2122-140,5,12,NUWARA ELIYA,NQC,ocr_3of3,NQC,NQC,NQC,NQC
COP2122-140,5,12,GALLE,1.5184,ocr_3of3,1.5184,1.5184,1.5184,1.5184
COP2122-140,5,12,MATARA,1.5315,ocr_3of3,1.5315,1.5315,1.5315,1.5315
COP2122-140,5,12,HAMBANTOTA,NQC,ocr_2of3_third_unreadable,NQC,NQC,,NQC
COP2122-140,5,12,JAFFNA,1.5741,ocr_3of3,1.5741,1.5741,1.5741,1.5741
COP2122-140,5,12,KILINOCHCHI,NQC,ocr_3of3,NQC,NQC,NQC,NQC
COP2122-140,5,12,MANNAR,NQC,ocr_3of3,NQC,NQC,NQC,NQC
COP2122-140,5,12,MULLAITIVU,NQC,ocr_3of3,NQC,NQC,NQC,NQC
COP2122-140,5,12,VAVUNIYA,NQC,ocr_3of3,NQC,NQC,NQC,NQC
COP2122-140,5,12,TRINCOMALEE,NQC,ocr_3of3,NQC,NQC,NQC,NQC
COP2122-140,5,12,BATTICALOA,NQC,ocr_3of3,NQC,NQC,NQC,NQC
COP2122-140,5,12,AMPARA,NQC,ocr_3of3,NQC,NQC,NQC,NQC
COP2122-140,5,12,PUTTALAM,NQC,ocr_2of3_third_unreadable,NQC,NQC,,NQC
COP2122-140,5,12,KURUNEGALA,1.4809,ocr_3of3,1.4809,1.4809,1.4809,1.4809
COP2122-140,5,12,ANURADHAPURA,1.4958,ocr_3of3,1.4958,1.4958,1.4958,1.4958
COP2122-140,5,12,POLONNARUWA,NQC,ocr_3of3,NQC,NQC,NQC,NQC
COP2122-140,5,12,BADULLA,1.5401,ocr_3of3,1.5401,1.5401,1.5401,1.5401
COP2122-140,5,12,MONARAGALA,NQC,ocr_3of3,NQC,NQC,NQC,NQC
COP2122-140,5,12,KEGALLE,1.4887,ocr_3of3,1.4887,1.4887,1.4887,1.4887
COP2122-140,5,12,RATNAPURA,1.4985,ocr_3of3,1.4985,1.4985,1.4985,1.4985
COP2122-141,5,13,COLOMBO,1.2078,ocr_3of3,1.2078,1.2078,1.2078,1.2153
COP2122-141,5,13,GAMPAHA,1.2616,ocr_3of3,1.2616,1.2616,1.2616,1.2438
COP2122-141,5,13,KALUTARA,1.2077,ocr_3of3,1.2077,1.2077,1.2077,1.2333
COP2122-141,5,13,MATALE,1.2619,ocr_3of3,1.2619,1.2619,1.2619,1.2619
COP2122-141,5,13,KANDY,1.2394,ocr_3of3,1.2394,1.2394,1.2394,1.2394
COP2122-141,5,13,NUWARA ELIYA,1.3012,ocr_3of3,1.3012,1.3012,1.3012,1.3012
COP2122-141,5,13,GALLE,1.2175,ocr_3of3,1.2175,1.2175,1.2175,1.2175
COP2122-141,5,13,MATARA,1.2864,ocr_3of3,1.2864,1.2864,1.2864,1.2864
COP2122-141,5,13,HAMBANTOTA,1.2161,ocr_3of3,1.2161,1.2161,1.2161,1.2161
COP2122-141,5,13,JAFFNA,1.2697,ocr_3of3,1.2697,1.2697,1.2697,1.2519
COP2122-141,5,13,KILINOCHCHI,NQC,ocr_3of3,NQC,NQC,NQC,NQC
COP2122-141,5,13,MANNAR,NQC,ocr_3of3,NQC,NQC,NQC,NQC
COP2122-141,5,13,MULLAITIVU,NQC,ocr_3of3,NQC,NQC,NQC,NQC
COP2122-141,5,13,VAVUNIYA,1.2663,ocr_3of3,1.2663,1.2663,1.2663,1.2663
COP2122-141,5,13,TRINCOMALEE,1.3678,ocr_3of3,1.3678,1.3678,1.3678,1.3678
COP2122-141,5,13,BATTICALOA,1.2101,ocr_3of3,1.2101,1.2101,1.2101,1.2429
COP2122-141,5,13,AMPARA,1.2142,ocr_3of3,1.2142,1.2142,1.2142,1.2278
COP2122-141,5,13,PUTTALAM,1.2113,ocr_3of3,1.2113,1.2113,1.2113,1.2119
COP2122-141,5,13,KURUNEGALA,1.2120,ocr_3of3,1.2120,1.2120,1.2120,1.2120
COP2122-141,5,13,ANURADHAPURA,1.2677,ocr_3of3,1.2677,1.2677,1.2677,1.2677
COP2122-141,5,13,POLONNARUWA,1.3081,ocr_3of3,1.3081,1.3081,1.3081,1.3081
COP2122-141,5,13,BADULLA,1.2178,ocr_3of3,1.2178,1.2178,1.2178,1.2178
COP2122-141,5,13,MONARAGALA,1.2534,ocr_3of3,1.2534,1.2534,1.2534,1.2534
COP2122-141,5,13,KEGALLE,1.2450,ocr_3of3,1.2450,1.2450,1.2450,1.2450
COP2122-141,5,13,RATNAPURA,1.2177,ocr_3of3,1.2177,1.2177,1.2177,1.2177
COP2122-142,5,14,COLOMBO,1.1083,ocr_3of3,1.1083,1.1083,1.1083,1.1083
COP2122-142,5,14,GAMPAHA,1.0052,ocr_3of3,1.0052,1.0052,1.0052,1.0091
COP2122-142,5,14,KALUTARA,1.0480,ocr_3of3,1.0480,1.0480,1.0480,1.0480
COP2122-142,5,14,MATALE,1.0691,ocr_3of3,1.0691,1.0691,1.0691,1.0691
COP2122-142,5,14,KANDY,1.0130,ocr_3of3,1.0130,1.0130,1.0130,1.0237
COP2122-142,5,14,NUWARA ELIYA,1.0167,ocr_3of3,1.0167,1.0167,1.0167,1.0167
COP2122-142,5,14,GALLE,1.1580,ocr_3of3,1.1580,1.1580,1.1580,1.1580
COP2122-142,5,14,MATARA,1.1439,ocr_3of3,1.1439,1.1439,1.1439,1.1495
COP2122-142,5,14,HAMBANTOTA,1.1622,ocr_3of3,1.1622,1.1622,1.1622,1.1622
COP2122-142,5,14,JAFFNA,0.8656,ocr_3of3,0.8656,0.8656,0.8656,0.8656
COP2122-142,5,14,KILINOCHCHI,0.6477,ocr_3of3,0.6477,0.6477,0.6477,0.6477
COP2122-142,5,14,MANNAR,0.8230,ocr_3of3,0.8230,0.8230,0.8230,0.8230
COP2122-142,5,14,MULLAITIVU,1.0997,ocr_3of3,1.0997,1.0997,1.0997,1.0997
COP2122-142,5,14,VAVUNIYA,1.1625,ocr_3of3,1.1625,1.1625,1.1625,1.1625
COP2122-142,5,14,TRINCOMALEE,1.0997,ocr_3of3,1.0997,1.0997,1.0997,1.0997
COP2122-142,5,14,BATTICALOA,1.1401,ocr_3of3,1.1401,I. 1401,I.1401,1.1401
COP2122-142,5,14,AMPARA,1.2582,ocr_3of3,1.2582,1.2582,1.2582,1.2582
COP2122-142,5,14,PUTTALAM,1.1888,ocr_3of3,1.1888,1.1888,1.1888,1.1870
COP2122-142,5,14,KURUNEGALA,1.0933,ocr_3of3,1.0933,1.0933,1.0933,1.1523
COP2122-142,5,14,ANURADHAPURA,1.0268,ocr_3of3,1.0268,1.0268,1.0268,1.0268
COP2122-142,5,14,POLONNARUWA,0.8950,ocr_3of3,0.8950,0.8950,0.8950,0.8950
COP2122-142,5,14,BADULLA,1.1489,ocr_3of3,1.1489,1.1489,1.1489,1.1489
COP2122-142,5,14,MONARAGALA,1.1440,ocr_3of3,1.1440,I. 1440,I.1440,1.1440
COP2122-142,5,14,KEGALLE,1.1099,ocr_3of3,1.1099,1.1099,1.1099,1.1140
COP2122-142,5,14,RATNAPURA,1.0792,ocr_3of3,1.0792,1.0792,1.0792,1.1069
COP2122-143,5,15,COLOMBO,0.9072,ocr_3of3,0.9072,0.9072,0.9072,0.9984
COP2122-143,5,15,GAMPAHA,0.6830,ocr_3of3,0.6830,0.6830,0.6830,0.6830
COP2122-143,5,15,KALUTARA,1.0577,ocr_3of3,1.0577,1.0577,1.0577,1.0577
COP2122-143,5,15,MATALE,1.3762,ocr_3of3,1.3762,1.3762,1.3762,1.3762
COP2122-143,5,15,KANDY,1.0177,ocr_3of3,1.0177,1.0177,1.0177,1.0177
COP2122-143,5,15,NUWARA ELIYA,0.9136,ocr_3of3,0.9136,0.9136,0.9136,0.9136
COP2122-143,5,15,GALLE,1.0440,ocr_2of3_third_unreadable,1.0440,,I.0440,1.0440
COP2122-143,5,15,MATARA,1.0929,ocr_3of3,1.0929,1.0929,1.0929,1.0929
COP2122-143,5,15,HAMBANTOTA,0.9746,ocr_3of3,0.9746,0.9746,0.9746,0.9746
COP2122-143,5,15,JAFFNA,0.7866,ocr_3of3,0.7866,0.7866,0.7866,0.7866
COP2122-143,5,15,KILINOCHCHI,0.2824,ocr_3of3,0.2824,0.2824,0.2824,0.2824
COP2122-143,5,15,MANNAR,1.3171,ocr_3of3,1.3171,1.3171,1.3171,1.3171
COP2122-143,5,15,MULLAITIVU,1.1929,ocr_3of3,1.1929,1.1929,1.1929,1.1929
COP2122-143,5,15,VAVUNIYA,1.3802,ocr_3of3,1.3802,1.3802,1.3802,1.3802
COP2122-143,5,15,TRINCOMALEE,1.3739,ocr_3of3,1.3739,1.3739,1.3739,1.3739
COP2122-143,5,15,BATTICALOA,1.3535,ocr_3of3,1.3535,1.3535,1.3535,1.3535
COP2122-143,5,15,AMPARA,1.3648,ocr_3of3,1.3648,1.3648,1.3648,1.3648
COP2122-143,5,15,PUTTALAM,1.3380,ocr_3of3,1.3380,1.3380,1.3380,1.3380
COP2122-143,5,15,KURUNEGALA,1.2001,ocr_3of3,1.2001,1.2001,1.2001,1.2001
COP2122-143,5,15,ANURADHAPURA,1.0237,ocr_3of3,1.0237,1.0237,1.0237,1.0237
COP2122-143,5,15,POLONNARUWA,0.9975,ocr_3of3,0.9975,0.9975,0.9975,0.9975
COP2122-143,5,15,BADULLA,0.8424,ocr_3of3,0.8424,O. 8424,O.8424,0.8424
COP2122-143,5,15,MONARAGALA,1.3444,ocr_3of3,1.3444,I .3444,I.3444,1.3444
COP2122-143,5,15,KEGALLE,1.0853,ocr_3of3,1.0853,1.0853,1.0853,1.0853
COP2122-143,5,15,RATNAPURA,0.9723,ocr_3of3,0.9723,0.9723,0.9723,0.9723
COP2122-144,5,16,COLOMBO,0.5253,ocr_3of3,0.5253,0.5253,0.5253,0.5955
COP2122-144,5,16,GAMPAHA,-0.1695,ocr_3of3,-0.1695,-0.1695,-0.1695,0.1932
COP2122-144,5,16,KALUTARA,NQC,ocr_3of3,NQC,NQC,NQC,NQC
COP2122-144,5,16,MATALE,0.7828,ocr_3of3,0.7828,0.7828,0.7828,0.7828
COP2122-144,5,16,KANDY,0.7137,ocr_3of3,0.7137,0.7137,0.7137,0.7414
COP2122-144,5,16,NUWARA ELIYA,0.4664,ocr_3of3,0.4664,0.4664,O.4664,0.4664
COP2122-144,5,16,GALLE,NQC,ocr_3of3,NQC,NQC,NQC,NQC
COP2122-144,5,16,MATARA,0.7850,ocr_3of3,0.7850,0.7850,0.7850,0.7850
COP2122-144,5,16,HAMBANTOTA,NQC,ocr_3of3,NQC,NQC,NQC,NQC
COP2122-144,5,16,JAFFNA,0.8318,ocr_3of3,0.8318,0.8318,0.8318,0.8788
COP2122-144,5,16,KILINOCHCHI,0.9048,ocr_3of3,0.9048,0.9048,0.9048,0.9048
COP2122-144,5,16,MANNAR,0.5950,ocr_3of3,0.5950,0.5950,0.5950,0.5950
COP2122-144,5,16,MULLAITIVU,0.9153,ocr_3of3,0.9153,0.9153,0.9153,0.9153
COP2122-144,5,16,VAVUNIYA,0.9133,ocr_3of3,0.9133,0.9133,0.9133,0.9133
COP2122-144,5,16,TRINCOMALEE,0.8879,ocr_3of3,0.8879,0.8879,0.8879,0.9054
COP2122-144,5,16,BATTICALOA,0.8744,ocr_3of3,0.8744,0.8744,0.8744,0.8744
COP2122-144,5,16,AMPARA,0.8689,ocr_3of3,0.8689,0.8689,0.8689,0.8689
COP2122-144,5,16,PUTTALAM,0.7491,ocr_3of3,0.7491,0.7491,0.7491,0.7491
COP2122-144,5,16,KURUNEGALA,0.7052,ocr_3of3,0.7052,0.7052,0.7052,0.8102
COP2122-144,5,16,ANURADHAPURA,0.3060,ocr_3of3,0.3060,0.3060,0.3060,0.3060
COP2122-144,5,16,POLONNARUWA,0.2401,ocr_3of3,0.2401,0.2401,0.2401,0.1023
COP2122-144,5,16,BADULLA,NQC,ocr_3of3,NQC,NQC,NQC,NQC
COP2122-144,5,16,MONARAGALA,0.9609,ocr_3of3,0.9609,0.9609,0.9609,0.9609
COP2122-144,5,16,KEGALLE,0.7564,ocr_3of3,0.7564,0.7564,0.7564,0.7564
COP2122-144,5,16,RATNAPURA,NQC,ocr_3of3,NQC,NQC,NQC,NQC
COP2122-145,5,17,COLOMBO,0.5465,ocr_3of3,0.5465,0.5465,0.5465,0.5807
COP2122-145,5,17,GAMPAHA,0.5160,ocr_3of3,0.5160,0.5160,0.5160,0.5160
COP2122-145,5,17,KALUTARA,0.6528,ocr_3of3,0.6528,0.6528,0.6528,0.7113
COP2122-145,5,17,MATALE,0.6103,ocr_3of3,0.6103,0.6103,0.6103,0.6103
COP2122-145,5,17,KANDY,0.7213,ocr_3of3,0.7213,0.7213,0.7213,0.7213
COP2122-145,5,17,NUWARA ELIYA,0.4857,ocr_3of3,0.4857,0.4857,0.4857,0.5167
COP2122-145,5,17,GALLE,0.5815,ocr_3of3,0.5815,0.5815,0.5815,0.6086
COP2122-145,5,17,MATARA,0.7939,ocr_3of3,0.7939,0.7939,0.7939,0.7939
COP2122-145,5,17,HAMBANTOTA,0.6380,ocr_3of3,0.6380,0.6380,0.6380,0.6409
COP2122-145,5,17,JAFFNA,0.8971,ocr_3of3,0.8971,0.8971,0.8971,0.8971
COP2122-145,5,17,KILINOCHCHI,NQC,ocr_3of3,NQC,NQC,NQC,NQC
COP2122-145,5,17,MANNAR,NQC,ocr_3of3,NQC,NQC,NQC,NQC
COP2122-145,5,17,MULLAITIVU,1.2804,ocr_3of3,1.2804,1.2804,1.2804,1.2804
COP2122-145,5,17,VAVUNIYA,NQC,ocr_3of3,NQC,NQC,NQC,NQC
COP2122-145,5,17,TRINCOMALEE,0.9956,ocr_3of3,0.9956,0.9956,0.9956,0.8835
COP2122-145,5,17,BATTICALOA,0.9255,ocr_3of3,0.9255,0.9255,0.9255,0.9255
COP2122-145,5,17,AMPARA,0.8803,ocr_3of3,0.8803,0.8803,0.8803,0.8803
COP2122-145,5,17,PUTTALAM,0.7613,ocr_3of3,0.7613,0.7613,0.7613,0.7613
COP2122-145,5,17,KURUNEGALA,0.7589,ocr_3of3,0.7589,0.7589,0.7589,0.7589
COP2122-145,5,17,ANURADHAPURA,0.4737,ocr_3of3,0.4737,0.4737,0.4737,0.5985
COP2122-145,5,17,POLONNARUWA,0.4903,ocr_3of3,0.4903,0.4903,0.4903,0.7013
COP2122-145,5,17,BADULLA,0.5709,ocr_3of3,0.5709,0.5709,0.5709,0.5709
COP2122-145,5,17,MONARAGALA,0.5129,ocr_3of3,0.5129,0.5129,0.5129,0.5129
COP2122-145,5,17,KEGALLE,0.7135,ocr_3of3,0.7135,0.7135,0.7135,0.7135
COP2122-145,5,17,RATNAPURA,0.5355,ocr_3of3,0.5355,0.5355,0.5355,0.5545
COP2122-146,5,18,COLOMBO,0.6931,ocr_3of3,0.6931,0.6931,0.6931,0.6945
COP2122-146,5,18,GAMPAHA,0.5979,ocr_3of3,0.5979,0.5979,0.5979,0.5979
COP2122-146,5,18,KALUTARA,0.6718,ocr_3of3,0.6718,0.6718,0.6718,0.6718
COP2122-146,5,18,MATALE,0.5706,ocr_3of3,0.5706,0.5706,0.5706,0.5706
COP2122-146,5,18,KANDY,0.7613,ocr_3of3,0.7613,0.7613,0.7613,0.7613
COP2122-146,5,18,NUWARA ELIYA,0.6441,ocr_2of3_third_unreadable,0.6441,,O.6441,0.6441
COP2122-146,5,18,GALLE,0.6541,ocr_3of3,0.6541,0.6541,0.6541,0.7804
COP2122-146,5,18,MATARA,0.7583,ocr_3of3,0.7583,0.7583,0.7583,0.8042
COP2122-146,5,18,HAMBANTOTA,0.7405,ocr_3of3,0.7405,0.7405,0.7405,0.7840
COP2122-146,5,18,JAFFNA,0.7803,ocr_3of3,0.7803,0.7803,0.7803,0.7803
COP2122-146,5,18,KILINOCHCHI,0.2053,ocr_3of3,0.2053,0.2053,0.2053,0.2053
COP2122-146,5,18,MANNAR,0.5381,ocr_3of3,0.5381,0.5381,0.5381,0.5381
COP2122-146,5,18,MULLAITIVU,0.3544,ocr_3of3,0.3544,0.3544,0.3544,0.3544
COP2122-146,5,18,VAVUNIYA,0.3820,ocr_3of3,0.3820,0.3820,0.3820,0.3820
COP2122-146,5,18,TRINCOMALEE,0.6993,ocr_3of3,0.6993,0.6993,0.6993,0.6993
COP2122-146,5,18,BATTICALOA,0.7307,ocr_3of3,0.7307,0.7307,0.7307,0.7307
COP2122-146,5,18,AMPARA,0.7386,ocr_3of3,0.7386,0.7386,0.7386,0.7386
COP2122-146,5,18,PUTTALAM,0.6838,ocr_3of3,0.6838,0.6838,0.6838,0.6838
COP2122-146,5,18,KURUNEGALA,0.6600,ocr_3of3,0.6600,0.6600,0.6600,0.6608
COP2122-146,5,18,ANURADHAPURA,0.5179,ocr_3of3,0.5179,0.5179,0.5179,0.5179
COP2122-146,5,18,POLONNARUWA,0.5446,ocr_2of3_third_unreadable,0.5446,05446,O.5446,0.5446
COP2122-146,5,18,BADULLA,0.6880,ocr_3of3,0.6880,0.6880,0.6880,0.6880
COP2122-146,5,18,MONARAGALA,0.5773,ocr_3of3,0.5773,0.5773,0.5773,0.7840
COP2122-146,5,18,KEGALLE,0.7166,ocr_3of3,0.7166,0.7166,0.7166,0.7525
COP2122-146,5,18,RATNAPURA,0.6146,ocr_3of3,0.6146,0.6146,0.6146,0.6537
COP2122-147,5,19,COLOMBO,1.0742,ocr_3of3,1.0742,1.0742,1.0742,1.1043
COP2122-147,5,19,GAMPAHA,1.0635,ocr_3of3,1.0635,1.0635,1.0635,1.0635
COP2122-147,5,19,KALUTARA,1.0312,ocr_3of3,1.0312,1.0312,1.0312,1.0312
COP2122-147,5,19,MATALE,1.1599,ocr_3of3,1.1599,1.1599,1.1599,1.1599
COP2122-147,5,19,KANDY,1.2136,ocr_3of3,1.2136,1.2136,1.2136,1.2136
COP2122-147,5,19,NUWARA ELIYA,0.9698,ocr_3of3,0.9698,0.9698,0.9698,0.9698
COP2122-147,5,19,GALLE,1.2264,ocr_3of3,1.2264,1.2264,1.2264,1.2264
COP2122-147,5,19,MATARA,1.2496,ocr_3of3,1.2496,1.2496,1.2496,1.2496
COP2122-147,5,19,HAMBANTOTA,1.0827,ocr_3of3,1.0827,1.0827,1.0827,1.0827
COP2122-147,5,19,JAFFNA,0.7619,ocr_3of3,0.7619,0.7619,0.7619,0.8447
COP2122-147,5,19,KILINOCHCHI,0.6498,ocr_3of3,0.6498,0.6498,0.6498,0.6498
COP2122-147,5,19,MANNAR,0.8325,ocr_3of3,0.8325,0.8325,0.8325,0.8325
COP2122-147,5,19,MULLAITIVU,0.3772,ocr_3of3,0.3772,0.3772,0.3772,0.3772
COP2122-147,5,19,VAVUNIYA,0.5695,ocr_3of3,0.5695,0.5695,0.5695,0.5695
COP2122-147,5,19,TRINCOMALEE,1.1463,ocr_3of3,1.1463,1.1463,1.1463,1.1463
COP2122-147,5,19,BATTICALOA,1.1584,ocr_3of3,1.1584,1.1584,1.1584,1.1584
COP2122-147,5,19,AMPARA,1.1647,ocr_3of3,1.1647,1.1647,1.1647,1.1647
COP2122-147,5,19,PUTTALAM,0.9249,ocr_3of3,0.9249,0.9249,0.9249,0.9249
COP2122-147,5,19,KURUNEGALA,1.1849,ocr_3of3,1.1849,1.1849,1.1849,1.1849
COP2122-147,5,19,ANURADHAPURA,1.0702,ocr_3of3,1.0702,1.0702,1.0702,1.0702
COP2122-147,5,19,POLONNARUWA,0.8564,ocr_3of3,0.8564,0.8564,0.8564,0.8564
COP2122-147,5,19,BADULLA,1.1464,ocr_3of3,1.1464,I. 1464,I.1464,1.1464
COP2122-147,5,19,MONARAGALA,1.0149,ocr_3of3,1.0149,1.0149,1.0149,1.0149
COP2122-147,5,19,KEGALLE,1.2369,ocr_3of3,1.2369,1.2369,1.2369,1.2369
COP2122-147,5,19,RATNAPURA,1.0418,ocr_3of3,1.0418,1.0418,1.0418,1.0418
COP2122-148,5,20,COLOMBO,1.2580,ocr_3of3,1.2580,1.2580,1.2580,1.2989
COP2122-148,5,20,GAMPAHA,1.2778,ocr_3of3,1.2778,1.2778,1.2778,1.2778
COP2122-148,5,20,KALUTARA,1.2344,ocr_3of3,1.2344,I. 2344,I.2344,1.2685
COP2122-148,5,20,MATALE,1.2036,ocr_3of3,1.2036,1.2036,1.2036,1.2385
COP2122-148,5,20,KANDY,1.2039,ocr_3of3,1.2039,1.2039,1.2039,1.2247
COP2122-148,5,20,NUWARA ELIYA,1.1673,ocr_3of3,1.1673,1.1673,1.1673,1.1673
COP2122-148,5,20,GALLE,1.2925,ocr_3of3,1.2925,1.2925,1.2925,1.2925
COP2122-148,5,20,MATARA,1.2854,ocr_3of3,1.2854,1.2854,1.2854,1.2854
COP2122-148,5,20,HAMBANTOTA,1.2840,ocr_3of3,1.2840,1.2840,1.2840,1.2840
COP2122-148,5,20,JAFFNA,1.0850,ocr_3of3,1.0850,1.0850,1.0850,1.0850
COP2122-148,5,20,KILINOCHCHI,0.8551,ocr_3of3,0.8551,0.8551,0.8551,1.0318
COP2122-148,5,20,MANNAR,1.0370,ocr_3of3,1.0370,1.0370,1.0370,1.0370
COP2122-148,5,20,MULLAITIVU,1.0100,ocr_3of3,1.0100,1.0100,1.0100,1.0100
COP2122-148,5,20,VAVUNIYA,1.1769,ocr_3of3,1.1769,1.1769,1.1769,1.1769
COP2122-148,5,20,TRINCOMALEE,1.0257,ocr_3of3,1.0257,1.0257,1.0257,1.0257
COP2122-148,5,20,BATTICALOA,1.1121,ocr_3of3,1.1121,1.1121,1.1121,1.1121
COP2122-148,5,20,AMPARA,1.2271,ocr_3of3,1.2271,1.2271,1.2271,1.2271
COP2122-148,5,20,PUTTALAM,1.1519,ocr_3of3,1.1519,1.1519,1.1519,1.1519
COP2122-148,5,20,KURUNEGALA,1.2441,ocr_3of3,1.2441,I. 2441,I.2441,1.2441
COP2122-148,5,20,ANURADHAPURA,1.1208,ocr_3of3,1.1208,1.1208,1.1208,1.1208
COP2122-148,5,20,POLONNARUWA,1.1539,ocr_3of3,1.1539,1.1539,1.1539,1.1539
COP2122-148,5,20,BADULLA,1.2611,ocr_3of3,1.2611,1.2611,1.2611,1.2611
COP2122-148,5,20,MONARAGALA,1.2489,ocr_3of3,1.2489,1.2489,1.2489,1.2489
COP2122-148,5,20,KEGALLE,1.2237,ocr_3of3,1.2237,1.2237,1.2237,1.2237
COP2122-148,5,20,RATNAPURA,1.1843,ocr_3of3,1.1843,1.1843,1.1843,1.1843
COP2122-149,5,21,COLOMBO,1.1406,ocr_2of3_third_unreadable,1.1406,,1.1406,1.1406
COP2122-149,5,21,GAMPAHA,1.1953,ocr_3of3,1.1953,1.1953,1.1953,1.1953
COP2122-149,5,21,KALUTARA,1.1809,ocr_3of3,1.1809,1.1809,1.1809,1.1809
COP2122-149,5,21,MATALE,1.1829,ocr_3of3,1.1829,1.1829,1.1829,1.1829
COP2122-149,5,21,KANDY,1.2033,ocr_3of3,1.2033,1.2033,1.2033,1.2033
COP2122-149,5,21,NUWARA ELIYA,1.0688,ocr_3of3,1.0688,1.0688,1.0688,1.0688
COP2122-149,5,21,GALLE,1.2839,ocr_3of3,1.2839,1.2839,1.2839,1.2839
COP2122-149,5,21,MATARA,1.3415,ocr_3of3,1.3415,1.3415,1.3415,1.3415
COP2122-149,5,21,HAMBANTOTA,1.0655,ocr_3of3,1.0655,1.0655,1.0655,1.0655
COP2122-149,5,21,JAFFNA,0.8240,ocr_3of3,0.8240,0.8240,0.8240,0.8240
COP2122-149,5,21,KILINOCHCHI,1.0513,ocr_3of3,1.0513,1.0513,1.0513,1.0513
COP2122-149,5,21,MANNAR,0.6984,ocr_3of3,0.6984,0.6984,0.6984,0.6984
COP2122-149,5,21,MULLAITIVU,0.4016,ocr_3of3,0.4016,0.4016,0.4016,0.4016
COP2122-149,5,21,VAVUNIYA,0.5307,ocr_3of3,0.5307,0.5307,0.5307,0.5517
COP2122-149,5,21,TRINCOMALEE,1.3536,ocr_3of3,1.3536,1.3536,1.3536,1.3536
COP2122-149,5,21,BATTICALOA,1.2968,ocr_3of3,1.2968,1.2968,1.2968,1.2968
COP2122-149,5,21,AMPARA,1.1659,ocr_3of3,1.1659,1.1659,1.1659,1.1659
COP2122-149,5,21,PUTTALAM,0.8765,ocr_3of3,0.8765,0.8765,0.8765,0.8765
COP2122-149,5,21,KURUNEGALA,1.1934,ocr_3of3,1.1934,1.1934,1.1934,1.1934
COP2122-149,5,21,ANURADHAPURA,1.2635,ocr_3of3,1.2635,1.2635,1.2635,1.2635
COP2122-149,5,21,POLONNARUWA,1.0414,ocr_3of3,1.0414,I. 0414,I.0414,1.0414
COP2122-149,5,21,BADULLA,1.2388,ocr_3of3,1.2388,1.2388,1.2388,1.2388
COP2122-149,5,21,MONARAGALA,1.1217,ocr_3of3,1.1217,1.1217,1.1217,1.1217
COP2122-149,5,21,KEGALLE,1.2981,ocr_3of3,1.2981,1.2981,1.2981,1.2981
COP2122-149,5,21,RATNAPURA,1.0704,ocr_3of3,1.0704,1.0704,1.0704,1.0704
COP2122-150,5,22,COLOMBO,1.0749,ocr_3of3,1.0749,1.0749,1.0749,1.0749
COP2122-150,5,22,GAMPAHA,1.0546,ocr_3of3,1.0546,1.0546,1.0546,1.0546
COP2122-150,5,22,KALUTARA,1.0421,ocr_3of3,1.0421,1.0421,I.0421,1.0421
COP2122-150,5,22,MATALE,1.1319,ocr_3of3,1.1319,1.1319,1.1319,1.1319
COP2122-150,5,22,KANDY,1.1848,ocr_3of3,1.1848,1.1848,1.1848,1.1848
COP2122-150,5,22,NUWARA ELIYA,0.9398,ocr_3of3,0.9398,0.9398,0.9398,0.9398
COP2122-150,5,22,GALLE,1.1927,ocr_3of3,1.1927,1.1927,1.1927,1.1927
COP2122-150,5,22,MATARA,1.1944,ocr_3of3,1.1944,I. 1944,I.1944,1.1944
COP2122-150,5,22,HAMBANTOTA,1.0621,ocr_3of3,1.0621,1.0621,1.0621,1.0621
COP2122-150,5,22,JAFFNA,0.7865,ocr_3of3,0.7865,0.7865,0.7865,0.7865
COP2122-150,5,22,KILINOCHCHI,0.7187,ocr_3of3,0.7187,0.7187,0.7187,0.7187
COP2122-150,5,22,MANNAR,0.4419,ocr_2of3_third_unreadable,0.4419,O .4419,,0.4419
COP2122-150,5,22,MULLAITIVU,0.5576,ocr_3of3,0.5576,0.5576,0.5576,0.5576
COP2122-150,5,22,VAVUNIYA,0.6695,ocr_3of3,0.6695,0.6695,0.6695,0.6695
COP2122-150,5,22,TRINCOMALEE,1.0184,ocr_3of3,1.0184,1.0184,1.0184,1.0184
COP2122-150,5,22,BATTICALOA,1.1116,ocr_3of3,1.1116,1.1116,1.1116,1.1116
COP2122-150,5,22,AMPARA,1.1640,ocr_3of3,1.1640,I. 1640,I.1640,1.1640
COP2122-150,5,22,PUTTALAM,0.7377,ocr_3of3,0.7377,0.7377,0.7377,0.7377
COP2122-150,5,22,KURUNEGALA,1.1800,ocr_3of3,1.1800,1.1800,1.1800,1.1800
COP2122-150,5,22,ANURADHAPURA,1.0493,ocr_3of3,1.0493,1.0493,1.0493,1.1292
COP2122-150,5,22,POLONNARUWA,0.8394,ocr_3of3,0.8394,0.8394,0.8394,0.8394
COP2122-150,5,22,BADULLA,1.1595,ocr_3of3,1.1595,1.1595,1.1595,1.1595
COP2122-150,5,22,MONARAGALA,1.0320,ocr_3of3,1.0320,1.0320,1.0320,1.0320
COP2122-150,5,22,KEGALLE,1.1911,ocr_3of3,1.1911,1.1911,1.1911,1.1911
COP2122-150,5,22,RATNAPURA,1.0380,ocr_3of3,1.0380,1.0380,1.0380,1.0380
COP2122-151,5,23,COLOMBO,1.3571,ocr_3of3,1.3571,1.3571,1.3571,1.3571
COP2122-151,5,23,GAMPAHA,1.3587,ocr_3of3,1.3587,1.3587,1.3587,1.3587
COP2122-151,5,23,KALUTARA,1.3464,ocr_2of3_third_unreadable,1.3464,I .3464,I-3464,1.3464
COP2122-151,5,23,MATALE,1.3524,ocr_3of3,1.3524,1.3524,1.3524,1.3524
COP2122-151,5,23,KANDY,1.3597,ocr_3of3,1.3597,1.3597,1.3597,1.3597
COP2122-151,5,23,NUWARA ELIYA,1.3682,ocr_3of3,1.3682,1.3682,1.3682,1.3682
COP2122-151,5,23,GALLE,1.3730,ocr_3of3,1.3730,1.3730,1.3730,1.3730
COP2122-151,5,23,MATARA,1.3716,ocr_3of3,1.3716,1.3716,1.3716,1.3716
COP2122-151,5,23,HAMBANTOTA,1.3420,ocr_3of3,1.3420,1.3420,1.3420,1.3770
COP2122-151,5,23,JAFFNA,1.1811,ocr_3of3,1.1811,1.1811,1.1811,1.1811
COP2122-151,5,23,KILINOCHCHI,1.1471,ocr_3of3,1.1471,1.1471,1.1471,1.1471
COP2122-151,5,23,MANNAR,1.1697,ocr_3of3,1.1697,1.1697,1.1697,1.1697
COP2122-151,5,23,MULLAITIVU,1.1424,ocr_3of3,1.1424,I. 1424,I.1424,1.1424
COP2122-151,5,23,VAVUNIYA,1.4019,ocr_3of3,1.4019,1.4019,1.4019,1.4019
COP2122-151,5,23,TRINCOMALEE,1.2566,ocr_3of3,1.2566,1.2566,1.2566,1.2566
COP2122-151,5,23,BATTICALOA,1.4085,ocr_3of3,1.4085,1.4085,1.4085,1.4085
COP2122-151,5,23,AMPARA,1.3950,ocr_3of3,1.3950,1.3950,1.3950,1.3950
COP2122-151,5,23,PUTTALAM,1.3980,ocr_3of3,1.3980,1.3980,1.3980,1.3980
COP2122-151,5,23,KURUNEGALA,1.3733,ocr_3of3,1.3733,1.3733,1.3733,1.3733
COP2122-151,5,23,ANURADHAPURA,1.3744,ocr_3of3,1.3744,I .3744,1.3744,1.3744
COP2122-151,5,23,POLONNARUWA,1.3743,ocr_3of3,1.3743,1.3743,1.3743,1.3743
COP2122-151,5,23,BADULLA,1.3705,ocr_3of3,1.3705,1.3705,1.3705,1.3705
COP2122-151,5,23,MONARAGALA,1.3613,ocr_3of3,1.3613,1.3613,1.3613,1.3613
COP2122-151,5,23,KEGALLE,1.3674,ocr_3of3,1.3674,1.3674,1.3674,1.3674
COP2122-151,5,23,RATNAPURA,1.3730,ocr_3of3,1.3730,1.3730,1.3730,1.3730
COP2122-152,5,24,COLOMBO,1.3835,ocr_2of3_third_unreadable,1.3835,13835,1.3835,1.3835
COP2122-152,5,24,GAMPAHA,1.3714,ocr_3of3,1.3714,1.3714,1.3714,1.3714
COP2122-152,5,24,KALUTARA,1.3718,ocr_2of3_third_unreadable,1.3718,13718,1.3718,1.3670
COP2122-152,5,24,MATALE,1.4150,ocr_3of3,1.4150,1.4150,1.4150,1.4150
COP2122-152,5,24,KANDY,1.3689,ocr_2of3_third_unreadable,1.3689,13689,1.3689,1.3689
COP2122-152,5,24,NUWARA ELIYA,1.4695,ocr_3of3,1.4695,1.4695,1.4695,1.4695
COP2122-152,5,24,GALLE,1.4297,ocr_3of3,1.4297,1.4297,1.4297,1.4297
COP2122-152,5,24,MATARA,1.3866,ocr_3of3,1.3866,1.3866,1.3866,1.3866
COP2122-152,5,24,HAMBANTOTA,1.3770,ocr_3of3,1.3770,1.3770,1.3770,1.3770
COP2122-152,5,24,JAFFNA,1.1866,ocr_3of3,1.1866,1.1866,1.1866,1.1866
COP2122-152,5,24,KILINOCHCHI,1.1636,ocr_3of3,1.1636,1.1636,1.1636,1.1636
COP2122-152,5,24,MANNAR,1.1692,ocr_3of3,1.1692,1.1692,1.1692,1.1692
COP2122-152,5,24,MULLAITIVU,1.1700,ocr_3of3,1.1700,1.1700,1.1700,1.1700
COP2122-152,5,24,VAVUNIYA,1.4890,ocr_3of3,1.4890,1.4890,1.4890,1.4890
COP2122-152,5,24,TRINCOMALEE,1.3194,ocr_3of3,1.3194,1.3194,1.3194,1.3194
COP2122-152,5,24,BATTICALOA,1.3926,ocr_3of3,1.3926,1.3926,1.3926,1.3926
COP2122-152,5,24,AMPARA,1.4471,ocr_3of3,1.4471,I .4471,I.4471,1.4471
COP2122-152,5,24,PUTTALAM,1.3779,ocr_3of3,1.3779,1.3779,1.3779,1.3779
COP2122-152,5,24,KURUNEGALA,1.4120,ocr_3of3,1.4120,1.4120,I.4120,1.4120
COP2122-152,5,24,ANURADHAPURA,1.3726,ocr_3of3,1.3726,1.3726,1.3726,1.3726
COP2122-152,5,24,POLONNARUWA,1.3776,ocr_3of3,1.3776,1.3776,1.3776,1.3776
COP2122-152,5,24,BADULLA,1.4537,ocr_3of3,1.4537,1.4537,1.4537,1.4944
COP2122-152,5,24,MONARAGALA,1.3610,ocr_3of3,1.3610,1.3610,1.3610,1.3610
COP2122-152,5,24,KEGALLE,1.3762,ocr_3of3,1.3762,1.3762,1.3762,1.3762
COP2122-152,5,24,RATNAPURA,1.3647,ocr_3of3,1.3647,1.3647,1.3647,1.3749
COP2122-153,5,25,COLOMBO,0.6785,ocr_3of3,0.6785,0.6785,0.6785,0.7265
COP2122-153,5,25,GAMPAHA,0.5653,ocr_3of3,0.5653,0.5653,0.5653,0.5815
COP2122-153,5,25,KALUTARA,0.7742,ocr_3of3,0.7742,0.7742,0.7742,0.7894
COP2122-153,5,25,MATALE,0.6840,ocr_3of3,0.6840,0.6840,0.6840,0.6840
COP2122-153,5,25,KANDY,0.7317,ocr_3of3,0.7317,0.7317,0.7317,0.7335
COP2122-153,5,25,NUWARA ELIYA,0.7077,ocr_3of3,0.7077,0.7077,0.7077,0.7077
COP2122-153,5,25,GALLE,0.7506,ocr_3of3,0.7506,0.7506,0.7506,0.7506
COP2122-153,5,25,MATARA,0.7844,ocr_3of3,0.7844,0.7844,0.7844,0.7844
COP2122-153,5,25,HAMBANTOTA,0.8046,ocr_3of3,0.8046,0.8046,0.8046,0.8046
COP2122-153,5,25,JAFFNA,0.7000,ocr_3of3,0.7000,0.7000,0.7000,0.7042
COP2122-153,5,25,KILINOCHCHI,0.3502,ocr_3of3,0.3502,0.3502,0.3502,0.3502
COP2122-153,5,25,MANNAR,0.5353,ocr_3of3,0.5353,0.5353,0.5353,0.5353
COP2122-153,5,25,MULLAITIVU,0.6388,ocr_3of3,0.6388,0.6388,0.6388,0.6388
COP2122-153,5,25,VAVUNIYA,0.6507,ocr_3of3,0.6507,0.6507,0.6507,0.6507
COP2122-153,5,25,TRINCOMALEE,0.8162,ocr_3of3,0.8162,0.8162,0.8162,0.8162
COP2122-153,5,25,BATTICALOA,0.8064,ocr_3of3,0.8064,0.8064,0.8064,0.8064
COP2122-153,5,25,AMPARA,0.7482,ocr_3of3,0.7482,0.7482,0.7482,0.7482
COP2122-153,5,25,PUTTALAM,0.7403,ocr_3of3,0.7403,0.7403,0.7403,0.7403
COP2122-153,5,25,KURUNEGALA,0.7994,ocr_3of3,0.7994,0.7994,0.7994,0.7994
COP2122-153,5,25,ANURADHAPURA,0.6862,ocr_3of3,0.6862,0.6862,0.6862,0.6862
COP2122-153,5,25,POLONNARUWA,0.5279,ocr_3of3,0.5279,0.5279,0.5279,0.5279
COP2122-153,5,25,BADULLA,0.7966,ocr_3of3,0.7966,0.7966,0.7966,0.7966
COP2122-153,5,25,MONARAGALA,0.7963,ocr_3of3,0.7963,0.7963,0.7963,0.7963
COP2122-153,5,25,KEGALLE,0.7543,ocr_3of3,0.7543,0.7543,0.7543,0.7543
COP2122-153,5,25,RATNAPURA,0.6609,ocr_3of3,0.6609,0.6609,0.6609,0.6609
COP2122-154,5,26,COLOMBO,1.1720,ocr_3of3,1.1720,1.1720,1.1720,1.1720
COP2122-154,5,26,GAMPAHA,1.1607,ocr_3of3,1.1607,1.1607,1.1607,1.1766
COP2122-154,5,26,KALUTARA,1.2519,ocr_3of3,1.2519,1.2519,1.2519,1.2519
COP2122-154,5,26,MATALE,1.5126,ocr_3of3,1.5126,1.5126,1.5126,1.5126
COP2122-154,5,26,KANDY,1.1684,ocr_3of3,1.1684,1.1684,1.1684,1.1684
COP2122-154,5,26,NUWARA ELIYA,NQC,ocr_3of3,NQC,NQC,NQC,NQC
COP2122-154,5,26,GALLE,1.1804,ocr_3of3,1.1804,1.1804,1.1804,1.1804
COP2122-154,5,26,MATARA,1.1679,ocr_3of3,1.1679,1.1679,1.1679,1.1679
COP2122-154,5,26,HAMBANTOTA,1.1769,ocr_3of3,1.1769,1.1769,1.1769,1.1769
COP2122-154,5,26,JAFFNA,1.1650,ocr_3of3,1.1650,1.1650,1.1650,1.1731
COP2122-154,5,26,KILINOCHCHI,NQC,ocr_3of3,NQC,NQC,NQC,NQC
COP2122-154,5,26,MANNAR,NQC,ocr_3of3,NQC,NQC,NQC,NQC
COP2122-154,5,26,MULLAITIVU,NQC,ocr_3of3,NQC,NQC,NQC,NQC
COP2122-154,5,26,VAVUNIYA,NQC,ocr_3of3,NQC,NQC,NQC,NQC
COP2122-154,5,26,TRINCOMALEE,1.2847,ocr_3of3,1.2847,1.2847,1.2847,1.2847
COP2122-154,5,26,BATTICALOA,1.2192,ocr_3of3,1.2192,1.2192,1.2192,1.2192
COP2122-154,5,26,AMPARA,1.1644,ocr_3of3,1.1644,I. 1644,I.1644,1.1669
COP2122-154,5,26,PUTTALAM,1.1924,ocr_3of3,1.1924,1.1924,1.1924,1.1924
COP2122-154,5,26,KURUNEGALA,1.1664,ocr_3of3,1.1664,1.1664,1.1664,1.1664
COP2122-154,5,26,ANURADHAPURA,1.2107,ocr_3of3,1.2107,1.2107,1.2107,1.2107
COP2122-154,5,26,POLONNARUWA,NQC,ocr_3of3,NQC,NQC,NQC,NQC
COP2122-154,5,26,BADULLA,1.2086,ocr_3of3,1.2086,1.2086,1.2086,1.2086
COP2122-154,5,26,MONARAGALA,1.1919,ocr_3of3,1.1919,1.1919,1.1919,1.1919
COP2122-154,5,26,KEGALLE,1.1790,ocr_3of3,1.1790,1.1790,1.1790,1.1790
COP2122-154,5,26,RATNAPURA,1.1714,ocr_3of3,1.1714,1.1714,1.1714,1.1714
COP2122-155,5,27,COLOMBO,1.3979,ocr_3of3,1.3979,1.3979,1.3979,1.3979
COP2122-155,5,27,GAMPAHA,1.2069,ocr_3of3,1.2069,1.2069,1.2069,1.2069
COP2122-155,5,27,KALUTARA,1.3177,ocr_3of3,1.3177,1.3177,1.3177,1.3177
COP2122-155,5,27,MATALE,1.2758,ocr_3of3,1.2758,1.2758,1.2758,1.2758
COP2122-155,5,27,KANDY,1.1961,ocr_3of3,1.1961,1.1961,1.1961,1.1981
COP2122-155,5,27,NUWARA ELIYA,1.2830,ocr_3of3,1.2830,1.2830,1.2830,1.2830
COP2122-155,5,27,GALLE,1.2205,ocr_3of3,1.2205,1.2205,1.2205,1.2205
COP2122-155,5,27,MATARA,1.1975,ocr_3of3,1.1975,1.1975,1.1975,1.1975
COP2122-155,5,27,HAMBANTOTA,1.1984,ocr_3of3,1.1984,1.1984,1.1984,1.1984
COP2122-155,5,27,JAFFNA,1.2691,ocr_3of3,1.2691,1.2691,1.2691,1.2691
COP2122-155,5,27,KILINOCHCHI,NQC,ocr_3of3,NQC,NQC,NQC,NQC
COP2122-155,5,27,MANNAR,NQC,ocr_3of3,NQC,NQC,NQC,NQC
COP2122-155,5,27,MULLAITIVU,NQC,ocr_3of3,NQC,NQC,NQC,NQC
COP2122-155,5,27,VAVUNIYA,NQC,ocr_3of3,NQC,NQC,NQC,NQC
COP2122-155,5,27,TRINCOMALEE,1.2696,ocr_3of3,1.2696,1.2696,1.2696,1.2696
COP2122-155,5,27,BATTICALOA,1.2120,ocr_3of3,1.2120,1.2120,1.2120,1.2120
COP2122-155,5,27,AMPARA,1.1999,ocr_3of3,1.1999,1.1999,1.1999,1.1999
COP2122-155,5,27,PUTTALAM,NQC,ocr_3of3,NQC,NQC,NQC,NQC
COP2122-155,5,27,KURUNEGALA,1.3815,ocr_3of3,1.3815,1.3815,1.3815,1.3815
COP2122-155,5,27,ANURADHAPURA,1.2450,ocr_3of3,1.2450,1.2450,1.2450,1.2450
COP2122-155,5,27,POLONNARUWA,1.2432,ocr_3of3,1.2432,1.2432,1.2432,1.2432
COP2122-155,5,27,BADULLA,NQC,ocr_2of3_third_unreadable,NQC,NQC,,NQC
COP2122-155,5,27,MONARAGALA,1.2335,ocr_3of3,1.2335,1.2335,1.2335,1.2335
COP2122-155,5,27,KEGALLE,1.3024,ocr_3of3,1.3024,1.3024,1.3024,1.3024
COP2122-155,5,27,RATNAPURA,NQC,ocr_3of3,NQC,NQC,NQC,NQC
COP2122-156,5,28,COLOMBO,1.0958,ocr_3of3,1.0958,1.0958,1.0958,1.1055
COP2122-156,5,28,GAMPAHA,1.1202,ocr_3of3,1.1202,1.1202,1.1202,1.1202
COP2122-156,5,28,KALUTARA,1.1361,ocr_3of3,1.1361,1.1361,1.1361,1.1162
COP2122-156,5,28,MATALE,1.0996,ocr_3of3,1.0996,1.0996,1.0996,NQC
COP2122-156,5,28,KANDY,1.1266,ocr_3of3,1.1266,1.1266,1.1266,1.1266
COP2122-156,5,28,NUWARA ELIYA,NQC,ocr_3of3,NQC,NQC,NQC,NQC
COP2122-156,5,28,GALLE,1.1095,ocr_3of3,1.1095,1.1095,1.1095,1.1095
COP2122-156,5,28,MATARA,1.0935,ocr_3of3,1.0935,1.0935,1.0935,1.1125
COP2122-156,5,28,HAMBANTOTA,1.0974,ocr_3of3,1.0974,1.0974,1.0974,1.1071
COP2122-156,5,28,JAFFNA,1.0935,ocr_3of3,1.0935,1.0935,1.0935,1.1650
COP2122-156,5,28,KILINOCHCHI,NQC,ocr_3of3,NQC,NQC,NQC,1.1376
COP2122-156,5,28,MANNAR,NQC,ocr_3of3,NQC,NQC,NQC,NQC
COP2122-156,5,28,MULLAITIVU,1.1173,ocr_3of3,1.1173,1.1173,1.1173,1.1173
COP2122-156,5,28,VAVUNIYA,NQC,ocr_3of3,NQC,NQC,NQC,NQC
COP2122-156,5,28,TRINCOMALEE,NQC,ocr_3of3,NQC,NQC,NQC,NQC
COP2122-156,5,28,BATTICALOA,1.1187,ocr_3of3,1.1187,1.1187,1.1187,1.1187
COP2122-156,5,28,AMPARA,NQC,ocr_3of3,NQC,NQC,NQC,1.1644
COP2122-156,5,28,PUTTALAM,NQC,ocr_3of3,NQC,NQC,NQC,NQC
COP2122-156,5,28,KURUNEGALA,1.1070,ocr_3of3,1.1070,1.1070,1.1070,1.1070
COP2122-156,5,28,ANURADHAPURA,1.1126,ocr_3of3,1.1126,1.1126,1.1126,1.1126
COP2122-156,5,28,POLONNARUWA,1.0963,ocr_3of3,1.0963,1.0963,1.0963,1.1301
COP2122-156,5,28,BADULLA,1.1605,ocr_3of3,1.1605,1.1605,1.1605,1.1605
COP2122-156,5,28,MONARAGALA,1.0987,ocr_3of3,1.0987,1.0987,1.0987,1.1207
COP2122-156,5,28,KEGALLE,1.1046,ocr_3of3,1.1046,I. 1046,1.1046,1.1099
COP2122-156,5,28,RATNAPURA,1.1189,ocr_3of3,1.1189,1.1189,1.1189,1.1189
COP2122-157,5,29,COLOMBO,0.7920,ocr_3of3,0.7920,0.7920,0.7920,0.8058
COP2122-157,5,29,GAMPAHA,0.8476,ocr_3of3,0.8476,0.8476,0.8476,0.8122
COP2122-157,5,29,KALUTARA,1.0606,ocr_3of3,1.0606,1.0606,1.0606,1.0606
COP2122-157,5,29,MATALE,1.0120,ocr_3of3,1.0120,1.0120,1.0120,1.0120
COP2122-157,5,29,KANDY,0.7811,ocr_3of3,0.7811,0.7811,0.7811,0.8057
COP2122-157,5,29,NUWARA ELIYA,0.8015,ocr_3of3,0.8015,0.8015,0.8015,0.8015
COP2122-157,5,29,GALLE,NQC,ocr_2of3_third_unreadable,NQC,NQC,,NQC
COP2122-157,5,29,MATARA,NQC,ocr_3of3,NQC,NQC,NQC,NQC
COP2122-157,5,29,HAMBANTOTA,NQC,ocr_3of3,NQC,NQC,NQC,NQC
COP2122-157,5,29,JAFFNA,0.8755,ocr_3of3,0.8755,0.8755,0.8755,0.8755
COP2122-157,5,29,KILINOCHCHI,0.7994,ocr_3of3,0.7994,0.7994,0.7994,0.8880
COP2122-157,5,29,MANNAR,NQC,ocr_3of3,NQC,NQC,NQC,NQC
COP2122-157,5,29,MULLAITIVU,0.9648,ocr_3of3,0.9648,0.9648,0.9648,0.9648
COP2122-157,5,29,VAVUNIYA,1.0199,ocr_3of3,1.0199,1.0199,1.0199,1.0199
COP2122-157,5,29,TRINCOMALEE,0.8955,ocr_3of3,0.8955,0.8955,0.8955,0.8955
COP2122-157,5,29,BATTICALOA,0.9169,ocr_3of3,0.9169,0.9169,0.9169,0.9169
COP2122-157,5,29,AMPARA,0.8458,ocr_3of3,0.8458,0.8458,0.8458,0.8456
COP2122-157,5,29,PUTTALAM,0.7894,ocr_3of3,0.7894,0.7894,0.7894,0.8358
COP2122-157,5,29,KURUNEGALA,0.9288,ocr_3of3,0.9288,0.9288,0.9288,0.9288
COP2122-157,5,29,ANURADHAPURA,0.8059,ocr_3of3,0.8059,0.8059,0.8059,0.8059
COP2122-157,5,29,POLONNARUWA,0.9777,ocr_3of3,0.9777,0.9777,0.9777,0.9777
COP2122-157,5,29,BADULLA,0.8446,ocr_3of3,0.8446,O. 8446,O.8446,0.8657
COP2122-157,5,29,MONARAGALA,NQC,ocr_3of3,NQC,NQC,NQC,NQC
COP2122-157,5,29,KEGALLE,NQC,ocr_2of3_third_unreadable,NQC,NQC,,NQC
COP2122-157,5,29,RATNAPURA,0.9253,ocr_3of3,0.9253,0.9253,0.9253,0.9253
COP2122-158,5,30,COLOMBO,0.8600,ocr_3of3,0.8600,0.8600,0.8600,0.8600
COP2122-158,5,30,GAMPAHA,0.8733,ocr_3of3,0.8733,0.8733,0.8733,0.8733
COP2122-158,5,30,KALUTARA,0.9305,ocr_3of3,0.9305,0.9305,0.9305,0.9305
COP2122-158,5,30,MATALE,0.9843,ocr_3of3,0.9843,0.9843,0.9843,0.9665
COP2122-158,5,30,KANDY,0.8608,ocr_3of3,0.8608,0.8608,0.8608,0.8608
COP2122-158,5,30,NUWARA ELIYA,0.8594,ocr_3of3,0.8594,0.8594,0.8594,0.8594
COP2122-158,5,30,GALLE,0.9459,ocr_3of3,0.9459,0.9459,0.9459,0.9459
COP2122-158,5,30,MATARA,0.9557,ocr_3of3,0.9557,0.9557,0.9557,0.9693
COP2122-158,5,30,HAMBANTOTA,1.0077,ocr_3of3,1.0077,1.0077,1.0077,1.0077
COP2122-158,5,30,JAFFNA,NQC,ocr_3of3,NQC,NQC,NQC,NQC
COP2122-158,5,30,KILINOCHCHI,NQC,ocr_3of3,NQC,NQC,NQC,NQC
COP2122-158,5,30,MANNAR,1.0327,ocr_3of3,1.0327,1.0327,1.0327,1.0327
COP2122-158,5,30,MULLAITIVU,NQC,ocr_3of3,NQC,NQC,NQC,NQC
COP2122-158,5,30,VAVUNIYA,1.0047,ocr_3of3,1.0047,1.0047,1.0047,1.0047
COP2122-158,5,30,TRINCOMALEE,0.9442,ocr_3of3,0.9442,0.9442,O.9442,0.9442
COP2122-158,5,30,BATTICALOA,0.9138,ocr_3of3,0.9138,0.9138,0.9138,0.9138
COP2122-158,5,30,AMPARA,0.8812,ocr_3of3,0.8812,0.8812,0.8812,0.8812
COP2122-158,5,30,PUTTALAM,0.8875,ocr_3of3,0.8875,0.8875,0.8875,0.8875
COP2122-158,5,30,KURUNEGALA,0.8936,ocr_3of3,0.8936,0.8936,0.8936,0.9576
COP2122-158,5,30,ANURADHAPURA,0.8849,ocr_3of3,0.8849,0.8849,0.8849,0.8849
COP2122-158,5,30,POLONNARUWA,0.9829,ocr_3of3,0.9829,0.9829,0.9829,0.9829
COP2122-158,5,30,BADULLA,0.8596,ocr_3of3,0.8596,0.8596,0.8596,0.8596
COP2122-158,5,30,MONARAGALA,0.9976,ocr_3of3,0.9976,0.9976,0.9976,0.9976
COP2122-158,5,30,KEGALLE,0.9595,ocr_3of3,0.9595,0.9595,0.9595,0.9656
COP2122-158,5,30,RATNAPURA,0.9008,ocr_3of3,0.9008,0.9008,0.9008,0.9096
COP2122-159,5,31,COLOMBO,0.8115,ocr_3of3,0.8115,0.8115,0.8115,0.8115
COP2122-159,5,31,GAMPAHA,0.5708,ocr_3of3,0.5708,0.5708,0.5708,0.6082
COP2122-159,5,31,KALUTARA,NQC,ocr_3of3,NQC,NQC,NQC,NQC
COP2122-159,5,31,MATALE,0.6819,ocr_3of3,0.6819,0.6819,0.6819,0.6819
COP2122-159,5,31,KANDY,0.7465,ocr_3of3,0.7465,0.7465,0.7465,0.7510
COP2122-159,5,31,NUWARA ELIYA,0.6710,ocr_3of3,0.6710,0.6710,0.6710,0.6710
COP2122-159,5,31,GALLE,1.1530,ocr_3of3,1.1530,1.1530,1.1530,1.1530
COP2122-159,5,31,MATARA,NQC,ocr_3of3,NQC,NQC,NQC,NQC
COP2122-159,5,31,HAMBANTOTA,NQC,ocr_3of3,NQC,NQC,NQC,NQC
COP2122-159,5,31,JAFFNA,NQC,ocr_3of3,NQC,NQC,NQC,NQC
COP2122-159,5,31,KILINOCHCHI,NQC,ocr_3of3,NQC,NQC,NQC,0.7994
COP2122-159,5,31,MANNAR,0.7543,ocr_3of3,0.7543,0.7543,0.7543,0.7543
COP2122-159,5,31,MULLAITIVU,NQC,ocr_3of3,NQC,NQC,NQC,NQC
COP2122-159,5,31,VAVUNIYA,NQC,ocr_3of3,NQC,NQC,NQC,NQC
COP2122-159,5,31,TRINCOMALEE,NQC,ocr_3of3,NQC,NQC,NQC,NQC
COP2122-159,5,31,BATTICALOA,0.9279,ocr_3of3,0.9279,0.9279,0.9279,0.9279
COP2122-159,5,31,AMPARA,0.8844,ocr_3of3,0.8844,0.8844,O.8844,0.8844
COP2122-159,5,31,PUTTALAM,0.6644,ocr_2of3_third_unreadable,0.6644,,O.6644,0.6644
COP2122-159,5,31,KURUNEGALA,NQC,ocr_3of3,NQC,NQC,NQC,NQC
COP2122-159,5,31,ANURADHAPURA,0.7923,ocr_3of3,0.7923,0.7923,0.7923,0.9456
COP2122-159,5,31,POLONNARUWA,NQC,ocr_3of3,NQC,NQC,NQC,NQC
COP2122-159,5,31,BADULLA,NQC,ocr_3of3,NQC,NQC,NQC,NQC
COP2122-159,5,31,MONARAGALA,NQC,ocr_3of3,NQC,NQC,NQC,NQC
COP2122-159,5,31,KEGALLE,NQC,ocr_3of3,NQC,NQC,NQC,NQC
COP2122-159,5,31,RATNAPURA,NQC,ocr_3of3,NQC,NQC,NQC,NQC
COP2122-160,6,1,COLOMBO,1.6460,ocr_3of3,1.6460,1.6460,1.6460,1.6460
COP2122-160,6,1,GAMPAHA,NQC,ocr_3of3,NQC,NQC,NQC,NQC
COP2122-160,6,1,KALUTARA,1.6379,ocr_3of3,1.6379,1.6379,1.6379,1.6559
COP2122-160,6,1,MATALE,1.6217,ocr_3of3,1.6217,1.6217,1.6217,1.6217
COP2122-160,6,1,KANDY,1.6399,ocr_3of3,1.6399,1.6399,1.6399,1.6219
COP2122-160,6,1,NUWARA ELIYA,NQC,ocr_3of3,NQC,NQC,NQC,NQC
COP2122-160,6,1,GALLE,NQC,ocr_3of3,NQC,NQC,NQC,NQC
COP2122-160,6,1,MATARA,1.6292,ocr_3of3,1.6292,1.6292,1.6292,1.6292
COP2122-160,6,1,HAMBANTOTA,1.6463,ocr_3of3,1.6463,1.6463,1.6463,1.6463
COP2122-160,6,1,JAFFNA,1.6216,ocr_3of3,1.6216,1.6216,1.6216,1.6216
COP2122-160,6,1,KILINOCHCHI,NQC,ocr_3of3,NQC,NQC,NQC,NQC
COP2122-160,6,1,MANNAR,NQC,ocr_3of3,NQC,NQC,NQC,NQC
COP2122-160,6,1,MULLAITIVU,NQC,ocr_3of3,NQC,NQC,NQC,NQC
COP2122-160,6,1,VAVUNIYA,NQC,ocr_3of3,NQC,NQC,NQC,NQC
COP2122-160,6,1,TRINCOMALEE,1.6483,ocr_3of3,1.6483,1.6483,1.6483,1.6483
COP2122-160,6,1,BATTICALOA,1.6260,ocr_3of3,1.6260,1.6260,1.6260,1.6260
COP2122-160,6,1,AMPARA,1.6491,ocr_3of3,1.6491,1.6491,1.6491,1.6491
COP2122-160,6,1,PUTTALAM,NQC,ocr_3of3,NQC,NQC,NQC,NQC
COP2122-160,6,1,KURUNEGALA,1.6129,ocr_3of3,1.6129,1.6129,1.6129,1.6194
COP2122-160,6,1,ANURADHAPURA,NQC,ocr_3of3,NQC,NQC,NQC,NQC
COP2122-160,6,1,POLONNARUWA,NQC,ocr_3of3,NQC,NQC,NQC,NQC
COP2122-160,6,1,BADULLA,NQC,ocr_3of3,NQC,NQC,NQC,NQC
COP2122-160,6,1,MONARAGALA,NQC,ocr_3of3,NQC,NQC,NQC,NQC
COP2122-160,6,1,KEGALLE,1.6441,ocr_2of3_third_unreadable,1.6441,,I.6441,1.6441
COP2122-160,6,1,RATNAPURA,1.6421,ocr_3of3,1.6421,1.6421,I.6421,1.6375
COP2122-161,6,2,COLOMBO,1.5471,ocr_3of3,1.5471,1.5471,1.5471,1.5752
COP2122-161,6,2,GAMPAHA,1.5482,ocr_3of3,1.5482,1.5482,1.5482,NQC
COP2122-161,6,2,KALUTARA,1.5493,ocr_3of3,1.5493,1.5493,1.5493,1.5493
COP2122-161,6,2,MATALE,NQC,ocr_3of3,NQC,NQC,NQC,NQC
COP2122-161,6,2,KANDY,1.5888,ocr_3of3,1.5888,1.5888,1.5888,1.5888
COP2122-161,6,2,NUWARA ELIYA,NQC,ocr_3of3,NQC,NQC,NQC,NQC
COP2122-161,6,2,GALLE,1.5502,ocr_3of3,1.5502,1.5502,1.5502,1.5502
COP2122-161,6,2,MATARA,1.5521,ocr_3of3,1.5521,1.5521,1.5521,1.5521
COP2122-161,6,2,HAMBANTOTA,1.5590,ocr_3of3,1.5590,1.5590,1.5590,1.5590
COP2122-161,6,2,JAFFNA,1.5538,ocr_3of3,1.5538,1.5538,1.5538,1.5538
COP2122-161,6,2,KILINOCHCHI,NQC,ocr_3of3,NQC,NQC,NQC,NQC
COP2122-161,6,2,MANNAR,NQC,ocr_3of3,NQC,NQC,NQC,NQC
COP2122-161,6,2,MULLAITIVU,NQC,ocr_3of3,NQC,NQC,NQC,NQC
COP2122-161,6,2,VAVUNIYA,1.5551,ocr_3of3,1.5551,1.5551,1.5551,1.5551
COP2122-161,6,2,TRINCOMALEE,1.5508,ocr_3of3,1.5508,1.5508,1.5508,1.5508
COP2122-161,6,2,BATTICALOA,1.5493,ocr_3of3,1.5493,1.5493,1.5493,1.5493
COP2122-161,6,2,AMPARA,1.5477,ocr_3of3,1.5477,1.5477,1.5477,1.5496
COP2122-161,6,2,PUTTALAM,NQC,ocr_3of3,NQC,NQC,NQC,NQC
COP2122-161,6,2,KURUNEGALA,1.5534,ocr_3of3,1.5534,1.5534,1.5534,1.5534
COP2122-161,6,2,ANURADHAPURA,NQC,ocr_3of3,NQC,NQC,NQC,NQC
COP2122-161,6,2,POLONNARUWA,NQC,ocr_3of3,NQC,NQC,NQC,NQC
COP2122-161,6,2,BADULLA,NQC,ocr_3of3,NQC,NQC,NQC,NQC
COP2122-161,6,2,MONARAGALA,NQC,ocr_3of3,NQC,NQC,NQC,NQC
COP2122-161,6,2,KEGALLE,1.5530,ocr_3of3,1.5530,1.5530,1.5530,1.5530
COP2122-161,6,2,RATNAPURA,1.5512,ocr_3of3,1.5512,1.5512,1.5512,1.5512
COP2122-162,6,3,COLOMBO,1.2103,ocr_3of3,1.2103,1.2103,1.2103,1.2103
COP2122-162,6,3,GAMPAHA,1.2068,ocr_3of3,1.2068,1.2068,1.2068,1.1646
COP2122-162,6,3,KALUTARA,1.4193,ocr_3of3,1.4193,1.4193,1.4193,1.4193
COP2122-162,6,3,MATALE,1.2417,ocr_3of3,1.2417,1.2417,1.2417,1.2417
COP2122-162,6,3,KANDY,1.2591,ocr_3of3,1.2591,1.2591,1.2591,1.3098
COP2122-162,6,3,NUWARA ELIYA,1.1110,ocr_3of3,1.1110,1.1110,1.1110,1.1110
COP2122-162,6,3,GALLE,NQC,ocr_3of3,NQC,NQC,NQC,NQC
COP2122-162,6,3,MATARA,NQC,ocr_3of3,NQC,NQC,NQC,NQC
COP2122-162,6,3,HAMBANTOTA,NQC,ocr_3of3,NQC,NQC,NQC,NQC
COP2122-162,6,3,JAFFNA,1.5290,ocr_3of3,1.5290,1.5290,1.5290,1.5303
COP2122-162,6,3,KILINOCHCHI,1.4121,ocr_3of3,1.4121,1.4121,1.4121,1.4121
COP2122-162,6,3,MANNAR,1.2944,ocr_3of3,1.2944,I. 2944,I.2944,1.2944
COP2122-162,6,3,MULLAITIVU,1.3329,ocr_3of3,1.3329,1.3329,1.3329,1.3329
COP2122-162,6,3,VAVUNIYA,1.4873,ocr_3of3,1.4873,1.4873,1.4873,1.4873
COP2122-162,6,3,TRINCOMALEE,1.5323,ocr_3of3,1.5323,1.5323,1.5323,1.5323
COP2122-162,6,3,BATTICALOA,1.5175,ocr_3of3,1.5175,1.5175,1.5175,1.5175
COP2122-162,6,3,AMPARA,1.5249,ocr_3of3,1.5249,1.5249,1.5249,1.5249
COP2122-162,6,3,PUTTALAM,1.4840,ocr_2of3_third_unreadable,1.4840,,I.4840,1.3502
COP2122-162,6,3,KURUNEGALA,1.4763,ocr_3of3,1.4763,1.4763,1.4763,1.4763
COP2122-162,6,3,ANURADHAPURA,1.1664,ocr_3of3,1.1664,1.1664,1.1664,1.1807
COP2122-162,6,3,POLONNARUWA,1.1416,ocr_3of3,1.1416,1.1416,1.1416,1.1416
COP2122-162,6,3,BADULLA,1.3758,ocr_3of3,1.3758,1.3758,1.3758,NQC
COP2122-162,6,3,MONARAGALA,1.2632,ocr_3of3,1.2632,1.2632,1.2632,1.2632
COP2122-162,6,3,KEGALLE,1.5122,ocr_3of3,1.5122,1.5122,1.5122,1.5122
COP2122-162,6,3,RATNAPURA,NQC,ocr_3of3,NQC,NQC,NQC,NQC
COP2122-163,6,4,COLOMBO,1.4244,ocr_2of3_third_unreadable,1.4244,I .4244,I-4244,1.4244
COP2122-163,6,4,GAMPAHA,1.4146,ocr_2of3_third_unreadable,1.4146,,I.4146,1.4146
COP2122-163,6,4,KALUTARA,1.4823,ocr_3of3,1.4823,1.4823,1.4823,1.4645
COP2122-163,6,4,MATALE,NQC,ocr_3of3,NQC,NQC,NQC,NQC
COP2122-163,6,4,KANDY,1.4286,ocr_3of3,1.4286,1.4286,1.4286,1.4286
COP2122-163,6,4,NUWARA ELIYA,NQC,ocr_3of3,NQC,NQC,NQC,NQC
COP2122-163,6,4,GALLE,1.5217,ocr_3of3,1.5217,1.5217,1.5217,1.5217
COP2122-163,6,4,MATARA,1.4894,ocr_3of3,1.4894,I .4894,I.4894,1.4894
COP2122-163,6,4,HAMBANTOTA,1.4819,ocr_3of3,1.4819,1.4819,1.4819,1.4837
COP2122-163,6,4,JAFFNA,NQC,ocr_3of3,NQC,NQC,NQC,NQC
COP2122-163,6,4,KILINOCHCHI,NQC,ocr_3of3,NQC,NQC,NQC,NQC
COP2122-163,6,4,MANNAR,NQC,ocr_3of3,NQC,NQC,NQC,NQC
COP2122-163,6,4,MULLAITIVU,NQC,ocr_3of3,NQC,NQC,NQC,NQC
COP2122-163,6,4,VAVUNIYA,NQC,ocr_3of3,NQC,NQC,NQC,NQC
COP2122-163,6,4,TRINCOMALEE,NQC,ocr_3of3,NQC,NQC,NQC,NQC
COP2122-163,6,4,BATTICALOA,NQC,ocr_3of3,NQC,NQC,NQC,NQC
COP2122-163,6,4,AMPARA,1.5361,ocr_3of3,1.5361,1.5361,1.5361,1.5361
COP2122-163,6,4,PUTTALAM,1.4124,ocr_3of3,1.4124,I .4124,I.4124,1.4141
COP2122-163,6,4,KURUNEGALA,1.4490,ocr_3of3,1.4490,I .4490,I.4490,1.4520
COP2122-163,6,4,ANURADHAPURA,1.4502,ocr_3of3,1.4502,1.4502,1.4502,1.4502
COP2122-163,6,4,POLONNARUWA,NQC,ocr_3of3,NQC,NQC,NQC,NQC
COP2122-163,6,4,BADULLA,1.4275,ocr_3of3,1.4275,1.4275,1.4275,1.4275
COP2122-163,6,4,MONARAGALA,NQC,ocr_3of3,NQC,NQC,NQC,NQC
COP2122-163,6,4,KEGALLE,1.4715,ocr_3of3,1.4715,1.4715,1.4715,1.5038
COP2122-163,6,4,RATNAPURA,1.4238,ocr_3of3,1.4238,1.4238,1.4238,1.4271
COP2122-164,6,5,COLOMBO,1.7730,ocr_3of3,1.7730,1.7730,1.7730,1.7730
COP2122-164,6,5,GAMPAHA,NQC,ocr_3of3,NQC,NQC,NQC,NQC
COP2122-164,6,5,KALUTARA,NQC,ocr_3of3,NQC,NQC,NQC,NQC
COP2122-164,6,5,MATALE,NQC,ocr_3of3,NQC,NQC,NQC,NQC
COP2122-164,6,5,KANDY,1.7443,ocr_3of3,1.7443,I. 7443,1.7443,1.7443
COP2122-164,6,5,NUWARA ELIYA,NQC,ocr_3of3,NQC,NQC,NQC,NQC
COP2122-164,6,5,GALLE,1.7546,ocr_3of3,1.7546,1.7546,1.7546,1.7546
COP2122-164,6,5,MATARA,1.7528,ocr_3of3,1.7528,1.7528,1.7528,1.7420
COP2122-164,6,5,HAMBANTOTA,1.7600,ocr_3of3,1.7600,1.7600,1.7600,1.7600
COP2122-164,6,5,JAFFNA,1.7464,ocr_3of3,1.7464,I. 7464,1.7464,1.7464
COP2122-164,6,5,KILINOCHCHI,NQC,ocr_3of3,NQC,NQC,NQC,NQC
COP2122-164,6,5,MANNAR,NQC,ocr_3of3,NQC,NQC,NQC,NQC
COP2122-164,6,5,MULLAITIVU,NQC,ocr_3of3,NQC,NQC,NQC,NQC
COP2122-164,6,5,VAVUNIYA,NQC,ocr_3of3,NQC,NQC,NQC,NQC
COP2122-164,6,5,TRINCOMALEE,NQC,ocr_3of3,NQC,NQC,NQC,NQC
COP2122-164,6,5,BATTICALOA,1.7506,ocr_3of3,1.7506,1.7506,1.7506,1.7506
COP2122-164,6,5,AMPARA,1.7580,ocr_3of3,1.7580,1.7580,1.7580,1.7580
COP2122-164,6,5,PUTTALAM,NQC,ocr_3of3,NQC,NQC,NQC,NQC
COP2122-164,6,5,KURUNEGALA,1.7683,ocr_3of3,1.7683,1.7683,1.7683,1.7420
COP2122-164,6,5,ANURADHAPURA,NQC,ocr_3of3,NQC,NQC,NQC,NQC
COP2122-164,6,5,POLONNARUWA,NQC,ocr_3of3,NQC,NQC,NQC,NQC
COP2122-164,6,5,BADULLA,NQC,ocr_3of3,NQC,NQC,NQC,NQC
COP2122-164,6,5,MONARAGALA,NQC,ocr_3of3,NQC,NQC,NQC,NQC
COP2122-164,6,5,KEGALLE,NQC,ocr_3of3,NQC,NQC,NQC,NQC
COP2122-164,6,5,RATNAPURA,NQC,ocr_3of3,NQC,NQC,NQC,NQC
COP2122-165,6,6,COLOMBO,1.7025,ocr_3of3,1.7025,1.7025,1.7025,1.7025
COP2122-165,6,6,GAMPAHA,NQC,ocr_3of3,NQC,NQC,NQC,NQC
COP2122-165,6,6,KALUTARA,1.7350,ocr_3of3,1.7350,1.7350,1.7350,1.7350
COP2122-165,6,6,MATALE,1.7033,ocr_3of3,1.7033,1.7033,1.7033,1.7033
COP2122-165,6,6,KANDY,1.7012,ocr_3of3,1.7012,1.7012,1.7012,1.7012
COP2122-165,6,6,NUWARA ELIYA,NQC,ocr_3of3,NQC,NQC,NQC,NQC
COP2122-165,6,6,GALLE,1.7002,ocr_3of3,1.7002,1.7002,1.7002,1.7002
COP2122-165,6,6,MATARA,1.7101,ocr_3of3,1.7101,1.7101,1.7101,1.7101
COP2122-165,6,6,HAMBANTOTA,1.7031,ocr_3of3,1.7031,1.7031,1.7031,1.7031
COP2122-165,6,6,JAFFNA,1.7039,ocr_3of3,1.7039,1.7039,1.7039,1.7039
COP2122-165,6,6,KILINOCHCHI,NQC,ocr_3of3,NQC,NQC,NQC,NQC
COP2122-165,6,6,MANNAR,NQC,ocr_3of3,NQC,NQC,NQC,NQC
COP2122-165,6,6,MULLAITIVU,NQC,ocr_3of3,NQC,NQC,NQC,NQC
COP2122-165,6,6,VAVUNIYA,NQC,ocr_3of3,NQC,NQC,NQC,NQC
COP2122-165,6,6,TRINCOMALEE,NQC,ocr_3of3,NQC,NQC,NQC,NQC
COP2122-165,6,6,BATTICALOA,1.7077,ocr_3of3,1.7077,1.7077,1.7077,1.7077
COP2122-165,6,6,AMPARA,1.7115,ocr_3of3,1.7115,1.7115,1.7115,1.7115
COP2122-165,6,6,PUTTALAM,NQC,ocr_3of3,NQC,NQC,NQC,NQC
COP2122-165,6,6,KURUNEGALA,1.7112,ocr_3of3,1.7112,1.7112,1.7112,1.7112
COP2122-165,6,6,ANURADHAPURA,NQC,ocr_3of3,NQC,NQC,NQC,NQC
COP2122-165,6,6,POLONNARUWA,NQC,ocr_3of3,NQC,NQC,NQC,NQC
COP2122-165,6,6,BADULLA,NQC,ocr_3of3,NQC,NQC,NQC,NQC
COP2122-165,6,6,MONARAGALA,NQC,ocr_3of3,NQC,NQC,NQC,NQC
COP2122-165,6,6,KEGALLE,1.7134,ocr_3of3,1.7134,1.7134,1.7134,1.7134
COP2122-165,6,6,RATNAPURA,1.7046,ocr_3of3,1.7046,1.7046,1.7046,1.7046
COP2122-166,6,7,COLOMBO,1.4910,ocr_3of3,1.4910,1.4910,1.4910,1.4910
COP2122-166,6,7,GAMPAHA,1.3858,ocr_2of3_third_unreadable,1.3858,13858,1.3858,1.3858
COP2122-166,6,7,KALUTARA,NQC,ocr_3of3,NQC,NQC,NQC,NQC
COP2122-166,6,7,MATALE,1.6434,ocr_3of3,1.6434,I .6434,I.6434,1.6434
COP2122-166,6,7,KANDY,1.4908,ocr_3of3,1.4908,1.4908,1.4908,1.5210
COP2122-166,6,7,NUWARA ELIYA,1.2272,ocr_3of3,1.2272,1.2272,1.2272,1.2272
COP2122-166,6,7,GALLE,NQC,ocr_3of3,NQC,NQC,NQC,NQC
COP2122-166,6,7,MATARA,1.6634,ocr_3of3,1.6634,1.6634,1.6634,1.6634
COP2122-166,6,7,HAMBANTOTA,NQC,ocr_3of3,NQC,NQC,NQC,NQC
COP2122-166,6,7,JAFFNA,1.6748,ocr_2of3_third_unreadable,1.6748,1.6748,16748,1.6864
COP2122-166,6,7,KILINOCHCHI,1.4108,ocr_3of3,1.4108,1.4108,1.4108,1.4108
COP2122-166,6,7,MANNAR,1.6125,ocr_3of3,1.6125,1.6125,1.6125,1.6125
COP2122-166,6,7,MULLAITIVU,1.5112,ocr_3of3,1.5112,1.5112,1.5112,1.5112
COP2122-166,6,7,VAVUNIYA,1.5661,ocr_3of3,1.5661,1.5661,1.5661,1.5661
COP2122-166,6,7,TRINCOMALEE,1.5769,ocr_3of3,1.5769,1.5769,1.5769,1.5769
COP2122-166,6,7,BATTICALOA,1.6369,ocr_3of3,1.6369,1.6369,1.6369,1.6369
COP2122-166,6,7,AMPARA,NQC,ocr_3of3,NQC,NQC,NQC,NQC
COP2122-166,6,7,PUTTALAM,1.5360,ocr_3of3,1.5360,1.5360,1.5360,1.5187
COP2122-166,6,7,KURUNEGALA,NQC,ocr_3of3,NQC,NQC,NQC,NQC
COP2122-166,6,7,ANURADHAPURA,1.2804,ocr_3of3,1.2804,1.2804,1.2804,1.3010
COP2122-166,6,7,POLONNARUWA,1.2559,ocr_3of3,1.2559,1.2559,1.2559,1.2559
COP2122-166,6,7,BADULLA,1.4660,ocr_3of3,1.4660,1.4660,1.4660,1.5319
COP2122-166,6,7,MONARAGALA,1.3221,ocr_3of3,1.3221,1.3221,1.3221,1.3221
COP2122-166,6,7,KEGALLE,1.6131,ocr_3of3,1.6131,1.6131,1.6131,1.6131
COP2122-166,6,7,RATNAPURA,1.6292,ocr_3of3,1.6292,1.6292,1.6292,1.6292
COP2122-167,6,8,COLOMBO,1.6012,ocr_3of3,1.6012,1.6012,1.6012,1.5911
COP2122-167,6,8,GAMPAHA,1.6700,ocr_3of3,1.6700,1.6700,1.6700,1.6700
COP2122-167,6,8,KALUTARA,1.6244,ocr_3of3,1.6244,I .6244,I.6244,1.6244
COP2122-167,6,8,MATALE,1.6129,ocr_3of3,1.6129,1.6129,1.6129,1.6206
COP2122-167,6,8,KANDY,1.6772,ocr_3of3,1.6772,1.6772,1.6772,1.6772
COP2122-167,6,8,NUWARA ELIYA,NQC,ocr_3of3,NQC,NQC,NQC,NQC
COP2122-167,6,8,GALLE,1.6570,ocr_2of3_third_unreadable,1.6570,1.6570,16570,1.6570
COP2122-167,6,8,MATARA,1.6869,ocr_3of3,1.6869,1.6869,1.6869,1.6869
COP2122-167,6,8,HAMBANTOTA,1.6455,ocr_3of3,1.6455,1.6455,1.6455,1.6455
COP2122-167,6,8,JAFFNA,NQC,ocr_3of3,NQC,NQC,NQC,NQC
COP2122-167,6,8,KILINOCHCHI,NQC,ocr_3of3,NQC,NQC,NQC,NQC
COP2122-167,6,8,MANNAR,NQC,ocr_3of3,NQC,NQC,NQC,NQC
COP2122-167,6,8,MULLAITIVU,NQC,ocr_3of3,NQC,NQC,NQC,NQC
COP2122-167,6,8,VAVUNIYA,NQC,ocr_3of3,NQC,NQC,NQC,NQC
COP2122-167,6,8,TRINCOMALEE,NQC,ocr_3of3,NQC,NQC,NQC,NQC
COP2122-167,6,8,BATTICALOA,NQC,ocr_3of3,NQC,NQC,NQC,NQC
COP2122-167,6,8,AMPARA,1.6624,ocr_3of3,1.6624,1.6624,1.6624,1.6624
COP2122-167,6,8,PUTTALAM,1.6593,ocr_3of3,1.6593,1.6593,1.6593,NQC
COP2122-167,6,8,KURUNEGALA,1.6535,ocr_3of3,1.6535,1.6535,1.6535,1.6539
COP2122-167,6,8,ANURADHAPURA,NQC,ocr_3of3,NQC,NQC,NQC,NQC
COP2122-167,6,8,POLONNARUWA,NQC,ocr_3of3,NQC,NQC,NQC,NQC
COP2122-167,6,8,BADULLA,1.5991,ocr_3of3,1.5991,1.5991,1.5991,1.5971
COP2122-167,6,8,MONARAGALA,NQC,ocr_3of3,NQC,NQC,NQC,NQC
COP2122-167,6,8,KEGALLE,1.6081,ocr_3of3,1.6081,1.6081,1.6081,1.6081
COP2122-167,6,8,RATNAPURA,1.6070,ocr_3of3,1.6070,1.6070,1.6070,1.6070
COP2122-168,6,9,COLOMBO,1.4579,ocr_3of3,1.4579,1.4579,1.4579,1.4579
COP2122-168,6,9,GAMPAHA,1.5236,ocr_3of3,1.5236,1.5236,1.5236,1.5236
COP2122-168,6,9,KALUTARA,1.5567,ocr_3of3,1.5567,1.5567,1.5567,1.5567
COP2122-168,6,9,MATALE,1.4765,ocr_3of3,1.4765,1.4765,1.4765,1.4765
COP2122-168,6,9,KANDY,1.5210,ocr_3of3,1.5210,1.5210,1.5210,1.5396
COP2122-168,6,9,NUWARA ELIYA,1.3470,ocr_3of3,1.3470,1.3470,1.3470,1.3277
COP2122-168,6,9,GALLE,1.5096,ocr_3of3,1.5096,1.5096,1.5096,1.5096
COP2122-168,6,9,MATARA,1.5889,ocr_3of3,1.5889,1.5889,1.5889,1.5889
COP2122-168,6,9,HAMBANTOTA,1.4995,ocr_3of3,1.4995,1.4995,1.4995,1.4995
COP2122-168,6,9,JAFFNA,1.5890,ocr_3of3,1.5890,1.5890,1.5890,1.5890
COP2122-168,6,9,KILINOCHCHI,1.3528,ocr_3of3,1.3528,1.3528,1.3528,1.3528
COP2122-168,6,9,MANNAR,1.5054,ocr_3of3,1.5054,1.5054,1.5054,1.5054
COP2122-168,6,9,MULLAITIVU,1.5117,ocr_3of3,1.5117,1.5117,1.5117,1.5117
COP2122-168,6,9,VAVUNIYA,1.5475,ocr_3of3,1.5475,1.5475,1.5475,1.5475
COP2122-168,6,9,TRINCOMALEE,1.6093,ocr_3of3,1.6093,1.6093,1.6093,1.6093
COP2122-168,6,9,BATTICALOA,1.5760,ocr_3of3,1.5760,1.5760,1.5760,1.5760
COP2122-168,6,9,AMPARA,1.6011,ocr_3of3,1.6011,1.6011,1.6011,1.6011
COP2122-168,6,9,PUTTALAM,1.5003,ocr_3of3,1.5003,1.5003,1.5003,1.5003
COP2122-168,6,9,KURUNEGALA,1.5859,ocr_3of3,1.5859,1.5859,1.5859,1.5859
COP2122-168,6,9,ANURADHAPURA,1.4065,ocr_3of3,1.4065,1.4065,1.4065,1.4065
COP2122-168,6,9,POLONNARUWA,1.3514,ocr_3of3,1.3514,1.3514,1.3514,1.3514
COP2122-168,6,9,BADULLA,1.4817,ocr_3of3,1.4817,1.4817,1.4817,1.5159
COP2122-168,6,9,MONARAGALA,1.2695,ocr_3of3,1.2695,1.2695,1.2695,1.2695
COP2122-168,6,9,KEGALLE,1.6034,ocr_3of3,1.6034,1.6034,1.6034,1.6034
COP2122-168,6,9,RATNAPURA,1.5644,ocr_3of3,1.5644,I .5644,I.5644,1.5644
COP2122-169,6,10,COLOMBO,1.7173,ocr_3of3,1.7173,1.7173,1.7173,1.7173
COP2122-169,6,10,GAMPAHA,NQC,ocr_3of3,NQC,NQC,NQC,NQC
COP2122-169,6,10,KALUTARA,1.7356,ocr_3of3,1.7356,1.7356,1.7356,1.7356
COP2122-169,6,10,MATALE,1.7341,ocr_3of3,1.7341,1.7341,1.7341,1.7341
COP2122-169,6,10,KANDY,1.7010,ocr_3of3,1.7010,1.7010,1.7010,1.7010
COP2122-169,6,10,NUWARA ELIYA,NQC,ocr_3of3,NQC,NQC,NQC,NQC
COP2122-169,6,10,GALLE,1.7300,ocr_3of3,1.7300,1.7300,1.7300,1.7300
COP2122-169,6,10,MATARA,1.7164,ocr_3of3,1.7164,1.7164,1.7164,1.7164
COP2122-169,6,10,HAMBANTOTA,1.7363,ocr_3of3,1.7363,1.7363,1.7363,1.7363
COP2122-169,6,10,JAFFNA,1.7271,ocr_3of3,1.7271,1.7271,1.7271,1.7271
COP2122-169,6,10,KILINOCHCHI,NQC,ocr_3of3,NQC,NQC,NQC,NQC
COP2122-169,6,10,MANNAR,1.6932,ocr_3of3,1.6932,1.6932,1.6932,1.6932
COP2122-169,6,10,MULLAITIVU,NQC,ocr_3of3,NQC,NQC,NQC,NQC
COP2122-169,6,10,VAVUNIYA,NQC,ocr_3of3,NQC,NQC,NQC,NQC
COP2122-169,6,10,TRINCOMALEE,NQC,ocr_3of3,NQC,NQC,NQC,NQC
COP2122-169,6,10,BATTICALOA,NQC,ocr_3of3,NQC,NQC,NQC,NQC
COP2122-169,6,10,AMPARA,1.7690,ocr_3of3,1.7690,1.7690,1.7690,1.7690
COP2122-169,6,10,PUTTALAM,NQC,ocr_3of3,NQC,NQC,NQC,NQC
COP2122-169,6,10,KURUNEGALA,1.7238,ocr_3of3,1.7238,1.7238,1.7238,1.7139
COP2122-169,6,10,ANURADHAPURA,NQC,ocr_3of3,NQC,NQC,NQC,NQC
COP2122-169,6,10,POLONNARUWA,NQC,ocr_3of3,NQC,NQC,NQC,NQC
COP2122-169,6,10,BADULLA,NQC,ocr_3of3,NQC,NQC,NQC,NQC
COP2122-169,6,10,MONARAGALA,NQC,ocr_3of3,NQC,NQC,NQC,NQC
COP2122-169,6,10,KEGALLE,1.7340,ocr_3of3,1.7340,1.7340,1.7340,1.7340
COP2122-169,6,10,RATNAPURA,1.7109,ocr_3of3,1.7109,1.7109,1.7109,1.7109
COP2122-170,6,11,COLOMBO,NQC,ocr_3of3,NQC,NQC,NQC,NQC
COP2122-170,6,11,GAMPAHA,1.5924,ocr_3of3,1.5924,1.5924,1.5924,1.5924
COP2122-170,6,11,KALUTARA,1.7365,ocr_3of3,1.7365,1.7365,1.7365,1.7365
COP2122-170,6,11,MATALE,NQC,ocr_3of3,NQC,NQC,NQC,NQC
COP2122-170,6,11,KANDY,1.6766,ocr_3of3,1.6766,1.6766,1.6766,1.6766
COP2122-170,6,11,NUWARA ELIYA,1.3486,ocr_3of3,1.3486,1.3486,1.3486,1.3486
COP2122-170,6,11,GALLE,1.7300,ocr_3of3,1.7300,1.7300,1.7300,1.7300
COP2122-170,6,11,MATARA,1.7566,ocr_3of3,1.7566,1.7566,1.7566,1.7566
COP2122-170,6,11,HAMBANTOTA,NQC,ocr_2of3_third_unreadable,NQC,NQC,,NQC
COP2122-170,6,11,JAFFNA,1.6269,ocr_3of3,1.6269,1.6269,1.6269,1.7713
COP2122-170,6,11,KILINOCHCHI,1.4155,ocr_3of3,1.4155,1.4155,1.4155,1.4155
COP2122-170,6,11,MANNAR,NQC,ocr_3of3,NQC,NQC,NQC,NQC
COP2122-170,6,11,MULLAITIVU,1.5146,ocr_3of3,1.5146,1.5146,1.5146,1.5146
COP2122-170,6,11,VAVUNIYA,1.5219,ocr_3of3,1.5219,1.5219,1.5219,1.5219
COP2122-170,6,11,TRINCOMALEE,1.6458,ocr_3of3,1.6458,1.6458,1.6458,1.6458
COP2122-170,6,11,BATTICALOA,1.7213,ocr_3of3,1.7213,1.7213,1.7213,1.7213
COP2122-170,6,11,AMPARA,1.6898,ocr_3of3,1.6898,1.6898,1.6898,1.6898
COP2122-170,6,11,PUTTALAM,1.6107,ocr_3of3,1.6107,1.6107,1.6107,1.6107
COP2122-170,6,11,KURUNEGALA,1.7204,ocr_3of3,1.7204,1.7204,1.7204,1.7204
COP2122-170,6,11,ANURADHAPURA,1.4623,ocr_3of3,1.4623,1.4623,1.4623,1.4444
COP2122-170,6,11,POLONNARUWA,1.3552,ocr_3of3,1.3552,1.3552,1.3552,1.3552
COP2122-170,6,11,BADULLA,1.5365,ocr_3of3,1.5365,1.5365,1.5365,1.5827
COP2122-170,6,11,MONARAGALA,1.3403,ocr_3of3,1.3403,1.3403,1.3403,1.3403
COP2122-170,6,11,KEGALLE,1.7588,ocr_3of3,1.7588,1.7588,1.7588,1.7588
COP2122-170,6,11,RATNAPURA,NQC,ocr_3of3,NQC,NQC,NQC,NQC
COP2122-171,6,12,COLOMBO,1.3397,ocr_3of3,1.3397,1.3397,1.3397,1.3397
COP2122-171,6,12,GAMPAHA,1.2532,ocr_3of3,1.2532,1.2532,1.2532,1.2532
COP2122-171,6,12,KALUTARA,1.3954,ocr_3of3,1.3954,1.3954,1.3954,1.3954
COP2122-171,6,12,MATALE,1.1685,ocr_3of3,1.1685,1.1685,1.1685,1.1685
COP2122-171,6,12,KANDY,1.2955,ocr_3of3,1.2955,1.2955,1.2955,1.2955
COP2122-171,6,12,NUWARA ELIYA,1.2072,ocr_3of3,1.2072,1.2072,1.2072,1.2072
COP2122-171,6,12,GALLE,1.4139,ocr_3of3,1.4139,1.4139,1.4139,1.4139
COP2122-171,6,12,MATARA,1.4349,ocr_3of3,1.4349,I .4349,1.4349,1.4349
COP2122-171,6,12,HAMBANTOTA,1.4833,ocr_3of3,1.4833,1.4833,1.4833,1.4833
COP2122-171,6,12,JAFFNA,1.4636,ocr_3of3,1.4636,1.4636,1.4636,1.4636
COP2122-171,6,12,KILINOCHCHI,0.9665,ocr_3of3,0.9665,0.9665,0.9665,0.9665
COP2122-171,6,12,MANNAR,0.7549,ocr_3of3,0.7549,0.7549,0.7549,0.7549
COP2122-171,6,12,MULLAITIVU,1.2491,ocr_3of3,1.2491,1.2491,1.2491,1.2491
COP2122-171,6,12,VAVUNIYA,1.4585,ocr_3of3,1.4585,1.4585,1.4585,1.4585
COP2122-171,6,12,TRINCOMALEE,1.4054,ocr_2of3_third_unreadable,1.4054,,I.4054,1.4054
COP2122-171,6,12,BATTICALOA,1.3979,ocr_3of3,1.3979,1.3979,1.3979,1.3979
COP2122-171,6,12,AMPARA,1.4657,ocr_3of3,1.4657,1.4657,1.4657,1.4657
COP2122-171,6,12,PUTTALAM,1.4829,ocr_3of3,1.4829,1.4829,1.4829,1.4829
COP2122-171,6,12,KURUNEGALA,1.4411,ocr_3of3,1.4411,I .4411,I.4411,1.4465
COP2122-171,6,12,ANURADHAPURA,1.2061,ocr_3of3,1.2061,1.2061,1.2061,1.2061
COP2122-171,6,12,POLONNARUWA,1.3021,ocr_3of3,1.3021,1.3021,1.3021,1.3021
COP2122-171,6,12,BADULLA,1.3060,ocr_3of3,1.3060,1.3060,1.3060,1.3825
COP2122-171,6,12,MONARAGALA,1.2864,ocr_3of3,1.2864,1.2864,1.2864,1.2864
COP2122-171,6,12,KEGALLE,1.4655,ocr_3of3,1.4655,1.4655,1.4655,1.4655
COP2122-171,6,12,RATNAPURA,1.3903,ocr_3of3,1.3903,1.3903,1.3903,1.3903
COP2122-172,6,13,COLOMBO,1.3509,ocr_3of3,1.3509,1.3509,1.3509,1.3509
COP2122-172,6,13,GAMPAHA,1.2712,ocr_3of3,1.2712,1.2712,1.2712,1.2712
COP2122-172,6,13,KALUTARA,1.3911,ocr_3of3,1.3911,1.3911,1.3911,1.3911
COP2122-172,6,13,MATALE,1.3946,ocr_3of3,1.3946,1.3946,1.3946,1.3946
COP2122-172,6,13,KANDY,1.4609,ocr_3of3,1.4609,1.4609,1.4609,1.4389
COP2122-172,6,13,NUWARA ELIYA,1.2226,ocr_3of3,1.2226,1.2226,1.2226,1.2226
COP2122-172,6,13,GALLE,1.4447,visual_read,1.4447,,,1.4447
COP2122-172,6,13,MATARA,1.4795,ocr_3of3,1.4795,1.4795,1.4795,1.4795
COP2122-172,6,13,HAMBANTOTA,1.4698,ocr_3of3,1.4698,1.4698,1.4698,1.4698
COP2122-172,6,13,JAFFNA,1.5297,ocr_3of3,1.5297,1.5297,1.5297,1.5448
COP2122-172,6,13,KILINOCHCHI,1.1532,ocr_3of3,1.1532,1.1532,1.1532,1.1532
COP2122-172,6,13,MANNAR,1.2601,ocr_3of3,1.2601,1.2601,1.2601,1.2601
COP2122-172,6,13,MULLAITIVU,1.2984,ocr_3of3,1.2984,1.2984,1.2984,1.2984
COP2122-172,6,13,VAVUNIYA,1.4844,ocr_2of3_third_unreadable,1.4844,I .4844,I-4844,1.4844
COP2122-172,6,13,TRINCOMALEE,1.5064,ocr_3of3,1.5064,1.5064,1.5064,1.5064
COP2122-172,6,13,BATTICALOA,1.5131,ocr_3of3,1.5131,1.5131,1.5131,1.5131
COP2122-172,6,13,AMPARA,1.5268,ocr_3of3,1.5268,1.5268,1.5268,1.5268
COP2122-172,6,13,PUTTALAM,1.4773,ocr_3of3,1.4773,1.4773,1.4773,1.4773
COP2122-172,6,13,KURUNEGALA,1.5391,ocr_3of3,1.5391,1.5391,1.5391,1.5391
COP2122-172,6,13,ANURADHAPURA,1.2216,ocr_3of3,1.2216,1.2216,1.2216,1.2216
COP2122-172,6,13,POLONNARUWA,1.3370,ocr_3of3,1.3370,1.3370,1.3370,1.3370
COP2122-172,6,13,BADULLA,1.2552,ocr_3of3,1.2552,1.2552,1.2552,1.2552
COP2122-172,6,13,MONARAGALA,1.1971,ocr_3of3,1.1971,1.1971,1.1971,1.1971
COP2122-172,6,13,KEGALLE,1.4710,ocr_3of3,1.4710,1.4710,1.4710,1.4710
COP2122-172,6,13,RATNAPURA,1.4590,ocr_3of3,1.4590,1.4590,1.4590,1.4590
COP2122-173,6,14,COLOMBO,0.9279,ocr_3of3,0.9279,0.9279,0.9279,0.9279
COP2122-173,6,14,GAMPAHA,0.9230,ocr_3of3,0.9230,0.9230,0.9230,0.9230
COP2122-173,6,14,KALUTARA,0.9585,ocr_3of3,0.9585,0.9585,0.9585,0.9585
COP2122-173,6,14,MATALE,0.8739,ocr_3of3,0.8739,0.8739,0.8739,0.8739
COP2122-173,6,14,KANDY,1.0192,ocr_3of3,1.0192,1.0192,1.0192,1.0192
COP2122-173,6,14,NUWARA ELIYA,0.7865,ocr_3of3,0.7865,0.7865,0.7865,0.7865
COP2122-173,6,14,GALLE,1.0090,ocr_3of3,1.0090,1.0090,1.0090,1.0155
COP2122-173,6,14,MATARA,1.0070,ocr_3of3,1.0070,1.0070,1.0070,1.0070
COP2122-173,6,14,HAMBANTOTA,1.0119,ocr_3of3,1.0119,1.0119,1.0119,1.0503
COP2122-173,6,14,JAFFNA,0.7808,ocr_3of3,0.7808,0.7808,0.7808,0.7808
COP2122-173,6,14,KILINOCHCHI,0.3420,ocr_3of3,0.3420,0.3420,0.3420,0.3420
COP2122-173,6,14,MANNAR,0.2004,ocr_3of3,0.2004,0.2004,0.2004,0.2004
COP2122-173,6,14,MULLAITIVU,0.5077,ocr_3of3,0.5077,0.5077,0.5077,0.5077
COP2122-173,6,14,VAVUNIYA,0.8864,ocr_3of3,0.8864,0.8864,0.8864,0.8864
COP2122-173,6,14,TRINCOMALEE,0.8416,ocr_3of3,0.8416,0.8416,0.8416,0.8416
COP2122-173,6,14,BATTICALOA,0.7867,ocr_3of3,0.7867,0.7867,0.7867,0.7867
COP2122-173,6,14,AMPARA,0.9773,ocr_3of3,0.9773,0.9773,0.9773,0.9773
COP2122-173,6,14,PUTTALAM,0.8233,ocr_3of3,0.8233,0.8233,0.8233,0.8233
COP2122-173,6,14,KURUNEGALA,0.8249,ocr_3of3,0.8249,0.8249,0.8249,0.8290
COP2122-173,6,14,ANURADHAPURA,0.8812,ocr_3of3,0.8812,0.8812,0.8812,0.8812
COP2122-173,6,14,POLONNARUWA,0.8673,ocr_3of3,0.8673,0.8673,0.8673,0.8673
COP2122-173,6,14,BADULLA,0.9582,ocr_3of3,0.9582,0.9582,0.9582,0.9582
COP2122-173,6,14,MONARAGALA,0.8827,ocr_3of3,0.8827,0.8827,0.8827,0.8827
COP2122-173,6,14,KEGALLE,1.0420,ocr_3of3,1.0420,1.0420,1.0420,1.0420
COP2122-173,6,14,RATNAPURA,0.9225,ocr_3of3,0.9225,0.9225,0.9225,0.9225
COP2122-174,6,15,COLOMBO,1.5064,ocr_3of3,1.5064,1.5064,1.5064,1.5064
COP2122-174,6,15,GAMPAHA,1.4276,ocr_3of3,1.4276,1.4276,1.4276,1.4276
COP2122-174,6,15,KALUTARA,1.4185,ocr_3of3,1.4185,1.4185,1.4185,1.4185
COP2122-174,6,15,MATALE,1.4405,ocr_3of3,1.4405,I .4405,I.4405,1.4405
COP2122-174,6,15,KANDY,1.3420,ocr_3of3,1.3420,1.3420,1.3420,1.3420
COP2122-174,6,15,NUWARA ELIYA,1.2076,ocr_3of3,1.2076,1.2076,1.2076,1.2076
COP2122-174,6,15,GALLE,1.4468,ocr_2of3_third_unreadable,1.4468,I .4468,I-4468,1.4468
COP2122-174,6,15,MATARA,1.4906,ocr_3of3,1.4906,1.4906,1.4906,1.4906
COP2122-174,6,15,HAMBANTOTA,1.4497,ocr_3of3,1.4497,1.4497,1.4497,1.4497
COP2122-174,6,15,JAFFNA,1.4693,ocr_3of3,1.4693,1.4693,1.4693,1.4693
COP2122-174,6,15,KILINOCHCHI,0.9324,ocr_3of3,0.9324,0.9324,0.9324,0.9324
COP2122-174,6,15,MANNAR,0.6821,ocr_3of3,0.6821,0.6821,0.6821,0.6821
COP2122-174,6,15,MULLAITIVU,1.1218,ocr_3of3,1.1218,1.1218,1.1218,1.1218
COP2122-174,6,15,VAVUNIYA,0.6839,ocr_3of3,0.6839,0.6839,0.6839,0.6839
COP2122-174,6,15,TRINCOMALEE,1.0704,ocr_3of3,1.0704,1.0704,1.0704,1.0704
COP2122-174,6,15,BATTICALOA,1.4753,ocr_3of3,1.4753,1.4753,1.4753,1.4753
COP2122-174,6,15,AMPARA,1.4575,ocr_3of3,1.4575,1.4575,1.4575,1.4575
COP2122-174,6,15,PUTTALAM,1.4065,ocr_3of3,1.4065,1.4065,1.4065,1.4065
COP2122-174,6,15,KURUNEGALA,1.3440,ocr_2of3_third_unreadable,1.3440,,1.3440,1.3967
COP2122-174,6,15,ANURADHAPURA,1.2726,ocr_3of3,1.2726,1.2726,1.2726,1.2726
COP2122-174,6,15,POLONNARUWA,1.1745,ocr_3of3,1.1745,1.1745,1.1745,1.1745
COP2122-174,6,15,BADULLA,1.3433,ocr_3of3,1.3433,1.3433,1.3433,1.3433
COP2122-174,6,15,MONARAGALA,1.2342,ocr_3of3,1.2342,1.2342,1.2342,1.2342
COP2122-174,6,15,KEGALLE,1.4509,ocr_3of3,1.4509,1.4509,1.4509,1.4509
COP2122-174,6,15,RATNAPURA,1.3441,ocr_3of3,1.3441,I .3441,I.3441,1.3085
COP2122-175,6,16,COLOMBO,1.4632,ocr_3of3,1.4632,1.4632,1.4632,1.4632
COP2122-175,6,16,GAMPAHA,1.4477,ocr_3of3,1.4477,1.4477,1.4477,1.4477
COP2122-175,6,16,KALUTARA,1.4922,ocr_3of3,1.4922,1.4922,1.4922,1.4692
COP2122-175,6,16,MATALE,1.3620,ocr_3of3,1.3620,1.3620,1.3620,1.3620
COP2122-175,6,16,KANDY,1.4421,ocr_2of3_third_unreadable,1.4421,I .4421,I-4421,1.3968
COP2122-175,6,16,NUWARA ELIYA,1.2702,ocr_3of3,1.2702,1.2702,1.2702,1.2702
COP2122-175,6,16,GALLE,1.4933,ocr_3of3,1.4933,1.4933,1.4933,1.4933
COP2122-175,6,16,MATARA,1.5086,ocr_3of3,1.5086,1.5086,1.5086,1.5163
COP2122-175,6,16,HAMBANTOTA,1.4529,ocr_3of3,1.4529,1.4529,1.4529,1.4529
COP2122-175,6,16,JAFFNA,1.5161,ocr_3of3,1.5161,1.5161,1.5161,1.5161
COP2122-175,6,16,KILINOCHCHI,1.0716,ocr_3of3,1.0716,1.0716,1.0716,1.0716
COP2122-175,6,16,MANNAR,0.9937,ocr_3of3,0.9937,0.9937,0.9937,0.9937
COP2122-175,6,16,MULLAITIVU,0.8142,ocr_3of3,0.8142,0.8142,0.8142,0.8142
COP2122-175,6,16,VAVUNIYA,1.2762,ocr_3of3,1.2762,1.2762,1.2762,1.2762
COP2122-175,6,16,TRINCOMALEE,1.2552,ocr_3of3,1.2552,1.2552,1.2552,1.2552
COP2122-175,6,16,BATTICALOA,1.3991,ocr_3of3,1.3991,1.3991,1.3991,1.3991
COP2122-175,6,16,AMPARA,1.3709,ocr_3of3,1.3709,1.3709,1.3709,1.3709
COP2122-175,6,16,PUTTALAM,1.3127,ocr_3of3,1.3127,1.3127,1.3127,1.3127
COP2122-175,6,16,KURUNEGALA,1.4368,ocr_3of3,1.4368,1.4368,1.4368,1.4476
COP2122-175,6,16,ANURADHAPURA,1.2166,ocr_3of3,1.2166,1.2166,1.2166,1.2166
COP2122-175,6,16,POLONNARUWA,1.0713,ocr_3of3,1.0713,1.0713,1.0713,1.0713
COP2122-175,6,16,BADULLA,1.4471,ocr_3of3,1.4471,I .4471,I.4471,1.4471
COP2122-175,6,16,MONARAGALA,1.1128,ocr_3of3,1.1128,1.1128,1.1128,1.1128
COP2122-175,6,16,KEGALLE,1.4899,ocr_3of3,1.4899,1.4899,1.4899,1.4899
COP2122-175,6,16,RATNAPURA,1.3871,ocr_3of3,1.3871,1.3871,1.3871,1.3871
COP2122-176,6,17,COLOMBO,1.5903,ocr_3of3,1.5903,1.5903,1.5903,1.5978
COP2122-176,6,17,GAMPAHA,1.6147,ocr_3of3,1.6147,1.6147,1.6147,1.6147
COP2122-176,6,17,KALUTARA,1.6163,ocr_3of3,1.6163,1.6163,1.6163,1.6163
COP2122-176,6,17,MATALE,1.4708,ocr_3of3,1.4708,1.4708,1.4708,1.4708
COP2122-176,6,17,KANDY,1.4245,ocr_2of3_third_unreadable,1.4245,I .4245,I-4245,1.4245
COP2122-176,6,17,NUWARA ELIYA,1.1100,ocr_3of3,1.1100,1.1100,1.1100,1.1100
COP2122-176,6,17,GALLE,1.6413,ocr_3of3,1.6413,1.6413,1.6413,1.6413
COP2122-176,6,17,MATARA,1.6538,ocr_3of3,1.6538,1.6538,1.6538,1.6538
COP2122-176,6,17,HAMBANTOTA,1.4038,ocr_3of3,1.4038,1.4038,1.4038,1.4038
COP2122-176,6,17,JAFFNA,1.6255,ocr_3of3,1.6255,1.6255,1.6255,1.6255
COP2122-176,6,17,KILINOCHCHI,0.0579,ocr_3of3,0.0579,0.0579,0.0579,0.0579
COP2122-176,6,17,MANNAR,0.6791,ocr_3of3,0.6791,0.6791,0.6791,0.6791
COP2122-176,6,17,MULLAITIVU,NQC,ocr_3of3,NQC,NQC,NQC,NQC
COP2122-176,6,17,VAVUNIYA,0.9706,ocr_3of3,0.9706,0.9706,0.9706,0.9706
COP2122-176,6,17,TRINCOMALEE,1.3875,ocr_3of3,1.3875,1.3875,1.3875,1.3875
COP2122-176,6,17,BATTICALOA,1.4652,ocr_3of3,1.4652,1.4652,1.4652,1.4652
COP2122-176,6,17,AMPARA,1.2180,ocr_3of3,1.2180,1.2180,1.2180,1.2180
COP2122-176,6,17,PUTTALAM,1.4117,ocr_3of3,1.4117,1.4117,1.4117,1.4117
COP2122-176,6,17,KURUNEGALA,1.3900,ocr_3of3,1.3900,1.3900,1.3900,1.3900
COP2122-176,6,17,ANURADHAPURA,1.5604,ocr_3of3,1.5604,1.5604,1.5604,1.5604
COP2122-176,6,17,POLONNARUWA,1.3705,ocr_3of3,1.3705,1.3705,1.3705,1.3705
COP2122-176,6,17,BADULLA,1.6490,ocr_3of3,1.6490,1.6490,1.6490,1.6490
COP2122-176,6,17,MONARAGALA,1.6088,ocr_3of3,1.6088,1.6088,1.6088,1.6088
COP2122-176,6,17,KEGALLE,1.4589,ocr_3of3,1.4589,1.4589,1.4589,1.4589
COP2122-176,6,17,RATNAPURA,1.6334,ocr_3of3,1.6334,1.6334,1.6334,1.6334
COP2122-177,6,18,COLOMBO,0.7541,ocr_3of3,0.7541,0.7541,0.7541,0.7586
COP2122-177,6,18,GAMPAHA,0.6059,ocr_3of3,0.6059,0.6059,0.6059,0.7069
COP2122-177,6,18,KALUTARA,0.8168,ocr_3of3,0.8168,0.8168,0.8168,0.8168
COP2122-177,6,18,MATALE,0.6266,ocr_3of3,0.6266,0.6266,0.6266,0.6266
COP2122-177,6,18,KANDY,0.7992,ocr_3of3,0.7992,0.7992,0.7992,0.7992
COP2122-177,6,18,NUWARA ELIYA,0.6292,ocr_3of3,0.6292,0.6292,0.6292,0.6292
COP2122-177,6,18,GALLE,0.7761,ocr_3of3,0.7761,0.7761,0.7761,0.8213
COP2122-177,6,18,MATARA,0.8267,ocr_3of3,0.8267,0.8267,0.8267,0.8267
COP2122-177,6,18,HAMBANTOTA,0.7900,ocr_3of3,0.7900,0.7900,0.7900,0.8010
COP2122-177,6,18,JAFFNA,0.6713,ocr_3of3,0.6713,0.6713,0.6713,0.6713
COP2122-177,6,18,KILINOCHCHI,0.7727,ocr_3of3,0.7727,0.7727,0.7727,0.7727
COP2122-177,6,18,MANNAR,0.3764,ocr_3of3,0.3764,0.3764,0.3764,0.3764
COP2122-177,6,18,MULLAITIVU,0.3665,ocr_3of3,0.3665,0.3665,0.3665,0.3665
COP2122-177,6,18,VAVUNIYA,0.3939,ocr_3of3,0.3939,0.3939,0.3939,0.3939
COP2122-177,6,18,TRINCOMALEE,0.6039,ocr_3of3,0.6039,0.6039,0.6039,0.6039
COP2122-177,6,18,BATTICALOA,0.5639,ocr_3of3,0.5639,0.5639,0.5639,0.5639
COP2122-177,6,18,AMPARA,0.6574,ocr_3of3,0.6574,0.6574,0.6574,0.6877
COP2122-177,6,18,PUTTALAM,0.6126,ocr_3of3,0.6126,0.6126,0.6126,0.6126
COP2122-177,6,18,KURUNEGALA,0.7305,ocr_3of3,0.7305,0.7305,0.7305,0.7557
COP2122-177,6,18,ANURADHAPURA,0.6602,ocr_3of3,0.6602,0.6602,0.6602,0.6602
COP2122-177,6,18,POLONNARUWA,0.4789,ocr_3of3,0.4789,0.4789,0.4789,0.4789
COP2122-177,6,18,BADULLA,0.8016,ocr_3of3,0.8016,0.8016,0.8016,0.8220
COP2122-177,6,18,MONARAGALA,0.7072,ocr_3of3,0.7072,0.7072,0.7072,0.8106
COP2122-177,6,18,KEGALLE,0.7525,ocr_3of3,0.7525,0.7525,0.7525,0.7637
COP2122-177,6,18,RATNAPURA,0.7761,ocr_3of3,0.7761,0.7761,0.7761,0.8137
COP2122-178,6,19,COLOMBO,0.8828,ocr_3of3,0.8828,0.8828,0.8828,0.8828
COP2122-178,6,19,GAMPAHA,0.8656,ocr_3of3,0.8656,0.8656,0.8656,0.8684
COP2122-178,6,19,KALUTARA,0.8960,ocr_3of3,0.8960,0.8960,0.8960,0.8960
COP2122-178,6,19,MATALE,0.7577,ocr_3of3,0.7577,0.7577,0.7577,0.7577
COP2122-178,6,19,KANDY,0.8884,ocr_3of3,0.8884,0.8884,0.8884,0.9021
COP2122-178,6,19,NUWARA ELIYA,0.6972,ocr_3of3,0.6972,0.6972,0.6972,0.6972
COP2122-178,6,19,GALLE,0.9190,ocr_3of3,0.9190,0.9190,0.9190,0.9215
COP2122-178,6,19,MATARA,0.9321,ocr_3of3,0.9321,0.9321,0.9321,0.9359
COP2122-178,6,19,HAMBANTOTA,0.9365,ocr_3of3,0.9365,0.9365,0.9365,0.9365
COP2122-178,6,19,JAFFNA,0.8052,ocr_3of3,0.8052,0.8052,0.8052,0.8052
COP2122-178,6,19,KILINOCHCHI,0.2363,ocr_3of3,0.2363,0.2363,0.2363,0.2363
COP2122-178,6,19,MANNAR,0.4836,ocr_3of3,0.4836,0.4836,0.4836,0.4836
COP2122-178,6,19,MULLAITIVU,0.3560,ocr_3of3,0.3560,0.3560,0.3560,0.3560
COP2122-178,6,19,VAVUNIYA,0.5040,ocr_3of3,0.5040,0.5040,0.5040,0.5040
COP2122-178,6,19,TRINCOMALEE,0.8123,ocr_3of3,0.8123,0.8123,0.8123,0.9742
COP2122-178,6,19,BATTICALOA,0.9012,ocr_3of3,0.9012,0.9012,0.9012,0.9012
COP2122-178,6,19,AMPARA,0.8628,ocr_3of3,0.8628,0.8628,0.8628,0.8628
COP2122-178,6,19,PUTTALAM,0.7234,ocr_3of3,0.7234,0.7234,0.7234,0.7234
COP2122-178,6,19,KURUNEGALA,0.8986,ocr_3of3,0.8986,0.8986,0.8986,0.9018
COP2122-178,6,19,ANURADHAPURA,0.8262,ocr_3of3,0.8262,0.8262,0.8262,0.8262
COP2122-178,6,19,POLONNARUWA,0.7692,ocr_3of3,0.7692,0.7692,0.7692,0.7692
COP2122-178,6,19,BADULLA,0.8558,ocr_3of3,0.8558,0.8558,0.8558,0.8558
COP2122-178,6,19,MONARAGALA,0.7966,ocr_3of3,0.7966,0.7966,0.7966,0.7966
COP2122-178,6,19,KEGALLE,0.8887,ocr_3of3,0.8887,0.8887,0.8887,0.8887
COP2122-178,6,19,RATNAPURA,0.9229,ocr_3of3,0.9229,0.9229,0.9229,0.9229
COP2122-179,6,20,COLOMBO,0.9927,ocr_3of3,0.9927,0.9927,0.9927,0.9927
COP2122-179,6,20,GAMPAHA,1.0639,ocr_3of3,1.0639,1.0639,1.0639,1.0639
COP2122-179,6,20,KALUTARA,1.0550,ocr_3of3,1.0550,1.0550,1.0550,1.0550
COP2122-179,6,20,MATALE,1.0780,ocr_3of3,1.0780,1.0780,1.0780,1.0530
COP2122-179,6,20,KANDY,1.1401,ocr_2of3_third_unreadable,1.1401,,I.1401,1.1477
COP2122-179,6,20,NUWARA ELIYA,1.0359,ocr_3of3,1.0359,1.0359,1.0359,1.0359
COP2122-179,6,20,GALLE,1.0457,ocr_3of3,1.0457,1.0457,1.0457,1.0457
COP2122-179,6,20,MATARA,1.0803,ocr_3of3,1.0803,1.0803,1.0803,1.0803
COP2122-179,6,20,HAMBANTOTA,1.1308,ocr_3of3,1.1308,1.1308,1.1308,1.1308
COP2122-179,6,20,JAFFNA,1.0821,ocr_3of3,1.0821,1.0821,1.0821,1.0821
COP2122-179,6,20,KILINOCHCHI,1.0004,ocr_3of3,1.0004,1.0004,1.0004,1.0004
COP2122-179,6,20,MANNAR,0.3875,ocr_3of3,0.3875,0.3875,0.3875,0.3875
COP2122-179,6,20,MULLAITIVU,0.5245,ocr_3of3,0.5245,0.5245,0.5245,0.5245
COP2122-179,6,20,VAVUNIYA,0.7650,ocr_3of3,0.7650,0.7650,0.7650,0.7650
COP2122-179,6,20,TRINCOMALEE,1.0275,ocr_3of3,1.0275,1.0275,1.0275,1.0275
COP2122-179,6,20,BATTICALOA,0.9958,ocr_3of3,0.9958,0.9958,0.9958,1.1586
COP2122-179,6,20,AMPARA,0.8189,ocr_3of3,0.8189,0.8189,0.8189,0.8189
COP2122-179,6,20,PUTTALAM,1.0314,ocr_3of3,1.0314,1.0314,1.0314,1.0314
COP2122-179,6,20,KURUNEGALA,1.1435,ocr_3of3,1.1435,1.1435,1.1435,1.1435
COP2122-179,6,20,ANURADHAPURA,0.9874,ocr_3of3,0.9874,0.9874,0.9874,0.9874
COP2122-179,6,20,POLONNARUWA,0.8890,ocr_3of3,0.8890,0.8890,0.8890,0.8890
COP2122-179,6,20,BADULLA,1.1382,ocr_3of3,1.1382,1.1382,1.1382,1.1382
COP2122-179,6,20,MONARAGALA,1.1305,ocr_3of3,1.1305,1.1305,1.1305,1.1305
COP2122-179,6,20,KEGALLE,1.0931,ocr_3of3,1.0931,1.0931,1.0931,1.0931
COP2122-179,6,20,RATNAPURA,1.0381,ocr_3of3,1.0381,1.0381,1.0381,1.0842
COP2122-180,6,21,COLOMBO,0.8851,ocr_3of3,0.8851,0.8851,0.8851,0.9154
COP2122-180,6,21,GAMPAHA,0.8549,ocr_3of3,0.8549,0.8549,0.8549,0.8793
COP2122-180,6,21,KALUTARA,0.9022,ocr_3of3,0.9022,0.9022,0.9022,0.9022
COP2122-180,6,21,MATALE,0.9075,ocr_3of3,0.9075,0.9075,0.9075,0.9075
COP2122-180,6,21,KANDY,0.9266,ocr_3of3,0.9266,0.9266,0.9266,0.9266
COP2122-180,6,21,NUWARA ELIYA,0.8297,ocr_3of3,0.8297,0.8297,0.8297,0.8297
COP2122-180,6,21,GALLE,0.9510,ocr_3of3,0.9510,0.9510,0.9510,0.9510
COP2122-180,6,21,MATARA,0.9188,ocr_3of3,0.9188,0.9188,0.9188,0.9226
COP2122-180,6,21,HAMBANTOTA,0.9588,ocr_3of3,0.9588,0.9588,0.9588,0.9588
COP2122-180,6,21,JAFFNA,0.8938,ocr_3of3,0.8938,0.8938,0.8938,0.8938
COP2122-180,6,21,KILINOCHCHI,0.2387,ocr_3of3,0.2387,0.2387,0.2387,0.2387
COP2122-180,6,21,MANNAR,0.7548,ocr_3of3,0.7548,0.7548,0.7548,0.7548
COP2122-180,6,21,MULLAITIVU,0.4623,ocr_3of3,0.4623,0.4623,0.4623,0.4623
COP2122-180,6,21,VAVUNIYA,1.0130,ocr_3of3,1.0130,1.0130,1.0130,1.0130
COP2122-180,6,21,TRINCOMALEE,0.8701,ocr_3of3,0.8701,0.8701,0.8701,0.8701
COP2122-180,6,21,BATTICALOA,0.8050,ocr_3of3,0.8050,0.8050,0.8050,0.8627
COP2122-180,6,21,AMPARA,0.8140,ocr_3of3,0.8140,0.8140,0.8140,0.8140
COP2122-180,6,21,PUTTALAM,0.9543,ocr_3of3,0.9543,0.9543,0.9543,0.9543
COP2122-180,6,21,KURUNEGALA,0.9428,ocr_3of3,0.9428,0.9428,0.9428,0.9428
COP2122-180,6,21,ANURADHAPURA,0.9396,ocr_3of3,0.9396,0.9396,0.9396,0.9396
COP2122-180,6,21,POLONNARUWA,0.7538,ocr_3of3,0.7538,0.7538,0.7538,0.7538
COP2122-180,6,21,BADULLA,0.8236,ocr_3of3,0.8236,0.8236,0.8236,0.8236
COP2122-180,6,21,MONARAGALA,0.9535,ocr_3of3,0.9535,0.9535,0.9535,0.9535
COP2122-180,6,21,KEGALLE,0.9882,ocr_3of3,0.9882,0.9882,0.9882,1.0181
COP2122-180,6,21,RATNAPURA,0.8481,ocr_3of3,0.8481,0.8481,0.8481,0.8481
COP2122-181,6,22,COLOMBO,0.9566,ocr_3of3,0.9566,0.9566,0.9566,0.9566
COP2122-181,6,22,GAMPAHA,0.8936,ocr_3of3,0.8936,0.8936,0.8936,0.8936
COP2122-181,6,22,KALUTARA,0.8773,ocr_3of3,0.8773,0.8773,0.8773,0.9926
COP2122-181,6,22,MATALE,0.7280,ocr_3of3,0.7280,0.7280,0.7280,0.7280
COP2122-181,6,22,KANDY,0.8381,ocr_3of3,0.8381,0.8381,0.8381,0.8381
COP2122-181,6,22,NUWARA ELIYA,0.7520,ocr_3of3,0.7520,0.7520,0.7520,0.7520
COP2122-181,6,22,GALLE,0.9380,ocr_3of3,0.9380,0.9380,0.9380,0.9380
COP2122-181,6,22,MATARA,0.9780,ocr_3of3,0.9780,0.9780,0.9780,0.9780
COP2122-181,6,22,HAMBANTOTA,1.0064,ocr_3of3,1.0064,1.0064,1.0064,1.0064
COP2122-181,6,22,JAFFNA,0.8405,ocr_3of3,0.8405,0.8405,0.8405,0.8405
COP2122-181,6,22,KILINOCHCHI,0.3871,ocr_3of3,0.3871,0.3871,0.3871,0.3871
COP2122-181,6,22,MANNAR,0.1033,ocr_3of3,0.1033,0.1033,0.1033,0.1033
COP2122-181,6,22,MULLAITIVU,0.2911,ocr_3of3,0.2911,0.2911,0.2911,0.3237
COP2122-181,6,22,VAVUNIYA,0.4198,ocr_3of3,0.4198,0.4198,0.4198,0.4198
COP2122-181,6,22,TRINCOMALEE,0.8025,ocr_3of3,0.8025,0.8025,0.8025,0.8025
COP2122-181,6,22,BATTICALOA,0.5906,ocr_3of3,0.5906,0.5906,0.5906,0.5906
COP2122-181,6,22,AMPARA,0.8040,ocr_3of3,0.8040,0.8040,0.8040,0.8040
COP2122-181,6,22,PUTTALAM,0.6805,ocr_3of3,0.6805,0.6805,0.6805,0.7933
COP2122-181,6,22,KURUNEGALA,0.8718,ocr_3of3,0.8718,0.8718,0.8718,0.8718
COP2122-181,6,22,ANURADHAPURA,0.6955,ocr_3of3,0.6955,0.6955,0.6955,0.6955
COP2122-181,6,22,POLONNARUWA,0.8630,ocr_3of3,0.8630,0.8630,0.8630,0.8630
COP2122-181,6,22,BADULLA,0.9309,ocr_3of3,0.9309,0.9309,0.9309,0.9309
COP2122-181,6,22,MONARAGALA,0.8187,ocr_3of3,0.8187,0.8187,0.8187,0.8187
COP2122-181,6,22,KEGALLE,1.0072,ocr_3of3,1.0072,1.0072,1.0072,1.0072
COP2122-181,6,22,RATNAPURA,0.8875,ocr_3of3,0.8875,0.8875,0.8875,0.8875
COP2122-182,6,23,COLOMBO,1.3941,ocr_3of3,1.3941,1.3941,1.3941,1.3974
COP2122-182,6,23,GAMPAHA,1.4167,ocr_3of3,1.4167,1.4167,1.4167,1.4167
COP2122-182,6,23,KALUTARA,1.4588,ocr_3of3,1.4588,1.4588,1.4588,1.4588
COP2122-182,6,23,MATALE,1.5970,ocr_3of3,1.5970,1.5970,1.5970,1.5970
COP2122-182,6,23,KANDY,1.4669,ocr_3of3,1.4669,1.4669,1.4669,1.5173
COP2122-182,6,23,NUWARA ELIYA,1.4905,ocr_3of3,1.4905,1.4905,1.4905,1.4905
COP2122-182,6,23,GALLE,1.4686,ocr_3of3,1.4686,1.4686,1.4686,1.4686
COP2122-182,6,23,MATARA,1.4217,ocr_3of3,1.4217,1.4217,1.4217,1.4217
COP2122-182,6,23,HAMBANTOTA,1.5271,ocr_3of3,1.5271,1.5271,1.5271,1.5271
COP2122-182,6,23,JAFFNA,1.3972,ocr_3of3,1.3972,1.3972,1.3972,1.3972
COP2122-182,6,23,KILINOCHCHI,1.2555,ocr_3of3,1.2555,1.2555,1.2555,1.2555
COP2122-182,6,23,MANNAR,1.6157,ocr_3of3,1.6157,1.6157,1.6157,1.6157
COP2122-182,6,23,MULLAITIVU,1.5734,ocr_3of3,1.5734,1.5734,1.5734,1.5734
COP2122-182,6,23,VAVUNIYA,1.5826,ocr_3of3,1.5826,1.5826,1.5826,1.5826
COP2122-182,6,23,TRINCOMALEE,1.5939,ocr_3of3,1.5939,1.5939,1.5939,1.5939
COP2122-182,6,23,BATTICALOA,1.6056,ocr_3of3,1.6056,1.6056,1.6056,1.6056
COP2122-182,6,23,AMPARA,1.6191,ocr_3of3,1.6191,1.6191,1.6191,1.6191
COP2122-182,6,23,PUTTALAM,1.4651,ocr_3of3,1.4651,1.4651,1.4651,1.4940
COP2122-182,6,23,KURUNEGALA,1.5177,ocr_3of3,1.5177,1.5177,1.5177,1.5177
COP2122-182,6,23,ANURADHAPURA,1.4704,ocr_3of3,1.4704,1.4704,|.4704,1.4704
COP2122-182,6,23,POLONNARUWA,1.5302,ocr_3of3,1.5302,1.5302,1.5302,1.5414
COP2122-182,6,23,BADULLA,1.5419,ocr_2of3_third_unreadable,1.5419,15419,1.5419,1.5419
COP2122-182,6,23,MONARAGALA,1.3797,ocr_3of3,1.3797,1.3797,1.3797,1.3797
COP2122-182,6,23,KEGALLE,1.5008,ocr_3of3,1.5008,1.5008,1.5008,1.5008
COP2122-182,6,23,RATNAPURA,1.4216,ocr_3of3,1.4216,1.4216,1.4216,1.4955
COP2122-183,6,24,COLOMBO,1.0164,ocr_3of3,1.0164,1.0164,I.0164,1.0164
COP2122-183,6,24,GAMPAHA,1.0056,ocr_3of3,1.0056,1.0056,1.0056,1.0056
COP2122-183,6,24,KALUTARA,1.0626,ocr_3of3,1.0626,1.0626,1.0626,1.0626
COP2122-183,6,24,MATALE,0.9308,ocr_3of3,0.9308,0.9308,0.9308,0.9308
COP2122-183,6,24,KANDY,0.9018,ocr_3of3,0.9018,0.9018,0.9018,0.9018
COP2122-183,6,24,NUWARA ELIYA,0.7767,ocr_3of3,0.7767,0.7767,0.7767,0.7767
COP2122-183,6,24,GALLE,1.0826,ocr_3of3,1.0826,1.0826,1.0826,1.0826
COP2122-183,6,24,MATARA,1.1137,ocr_3of3,1.1137,1.1137,1.1137,1.1137
COP2122-183,6,24,HAMBANTOTA,1.0933,ocr_3of3,1.0933,1.0933,1.0933,1.0933
COP2122-183,6,24,JAFFNA,1.0852,ocr_3of3,1.0852,1.0852,1.0852,1.0852
COP2122-183,6,24,KILINOCHCHI,0.9658,ocr_3of3,0.9658,0.9658,0.9658,0.9658
COP2122-183,6,24,MANNAR,0.6526,ocr_3of3,0.6526,0.6526,0.6526,0.6526
COP2122-183,6,24,MULLAITIVU,0.5710,ocr_3of3,0.5710,0.5710,0.5710,0.5710
COP2122-183,6,24,VAVUNIYA,0.9151,ocr_3of3,0.9151,0.9151,0.9151,0.9151
COP2122-183,6,24,TRINCOMALEE,0.8891,ocr_3of3,0.8891,0.8891,0.8891,0.8891
COP2122-183,6,24,BATTICALOA,0.9529,ocr_3of3,0.9529,0.9529,0.9529,0.9529
COP2122-183,6,24,AMPARA,0.9097,ocr_3of3,0.9097,0.9097,0.9097,0.9305
COP2122-183,6,24,PUTTALAM,0.8917,ocr_3of3,0.8917,0.8917,0.8917,0.8917
COP2122-183,6,24,KURUNEGALA,1.0598,ocr_3of3,1.0598,1.0598,1.0598,1.0715
COP2122-183,6,24,ANURADHAPURA,0.9733,ocr_3of3,0.9733,0.9733,0.9733,0.9733
COP2122-183,6,24,POLONNARUWA,0.7720,ocr_3of3,0.7720,0.7720,0.7720,0.7720
COP2122-183,6,24,BADULLA,1.0088,ocr_3of3,1.0088,1.0088,1.0088,1.0088
COP2122-183,6,24,MONARAGALA,0.8479,ocr_3of3,0.8479,0.8479,0.8479,0.8169
COP2122-183,6,24,KEGALLE,1.0332,ocr_3of3,1.0332,1.0332,1.0332,1.0332
COP2122-183,6,24,RATNAPURA,1.0385,ocr_3of3,1.0385,1.0385,1.0385,1.0385
COP2122-184,6,25,COLOMBO,-0.3267,ocr_3of3,-0.3267,-0.3267,-0.3267,-0.0824
COP2122-184,6,25,GAMPAHA,-0.1833,ocr_3of3,-0.1833,-0.1833,-0.1833,-0.1833
COP2122-184,6,25,KALUTARA,-0.4555,ocr_3of3,-0.4555,-0.4555,-0.4555,0.1175
COP2122-184,6,25,MATALE,NQC,ocr_3of3,NQC,NQC,NQC,NQC
COP2122-184,6,25,KANDY,0.3080,ocr_3of3,0.3080,0.3080,0.3080,0.5222
COP2122-184,6,25,NUWARA ELIYA,0.0795,ocr_3of3,0.0795,0.0795,0.0795,NQC
COP2122-184,6,25,GALLE,0.4243,visual_read,0.4243,,,0.4243
COP2122-184,6,25,MATARA,NQC,ocr_3of3,NQC,NQC,NQC,NQC
COP2122-184,6,25,HAMBANTOTA,-0.4407,ocr_3of3,-0.4407,—0.4407,-0.4407,-0.4407
COP2122-184,6,25,JAFFNA,0.5617,ocr_3of3,0.5617,0.5617,0.5617,0.5617
COP2122-184,6,25,KILINOCHCHI,-0.1649,ocr_3of3,-0.1649,-0.1649,-0.1649,-0.1649
COP2122-184,6,25,MANNAR,0.6465,ocr_3of3,0.6465,0.6465,0.6465,0.6465
COP2122-184,6,25,MULLAITIVU,0.5917,ocr_3of3,0.5917,0.5917,0.5917,0.5917
COP2122-184,6,25,VAVUNIYA,NQC,ocr_3of3,NQC,NQC,NQC,NQC
COP2122-184,6,25,TRINCOMALEE,0.5470,ocr_3of3,0.5470,0.5470,0.5470,0.5470
COP2122-184,6,25,BATTICALOA,0.5357,ocr_3of3,0.5357,0.5357,0.5357,0.6412
COP2122-184,6,25,AMPARA,0.4201,ocr_3of3,0.4201,0.4201,0.4201,NQC
COP2122-184,6,25,PUTTALAM,NQC,ocr_3of3,NQC,NQC,NQC,NQC
COP2122-184,6,25,KURUNEGALA,-0.0458,ocr_3of3,-0.0458,-0.0458,-0.0458,0.0237
COP2122-184,6,25,ANURADHAPURA,0.3401,ocr_3of3,0.3401,0.3401,0.3401,0.3401
COP2122-184,6,25,POLONNARUWA,NQC,ocr_3of3,NQC,NQC,NQC,NQC
COP2122-184,6,25,BADULLA,1.0380,ocr_3of3,1.0380,1.0380,1.0380,1.0380
COP2122-184,6,25,MONARAGALA,-0.1800,ocr_3of3,-0.1800,-0.1800,-0.1800,-0.1800
COP2122-184,6,25,KEGALLE,NQC,ocr_3of3,NQC,NQC,NQC,NQC
COP2122-184,6,25,RATNAPURA,NQC,ocr_3of3,NQC,NQC,NQC,NQC
COP2122-185,6,26,COLOMBO,0.4524,ocr_3of3,0.4524,0.4524,0.4524,0.4524
COP2122-185,6,26,GAMPAHA,0.6094,ocr_3of3,0.6094,0.6094,0.6094,0.6094
COP2122-185,6,26,KALUTARA,0.3519,ocr_3of3,0.3519,0.3519,0.3519,0.3519
COP2122-185,6,26,MATALE,0.3412,ocr_3of3,0.3412,0.3412,0.3412,0.3412
COP2122-185,6,26,KANDY,0.3621,ocr_3of3,0.3621,0.3621,0.3621,0.3621
COP2122-185,6,26,NUWARA ELIYA,0.2022,ocr_3of3,0.2022,0.2022,0.2022,0.2022
COP2122-185,6,26,GALLE,0.2611,ocr_3of3,0.2611,0.2611,0.2611,0.2790
COP2122-185,6,26,MATARA,0.3514,ocr_3of3,0.3514,0.3514,0.3514,0.3514
COP2122-185,6,26,HAMBANTOTA,NQC,ocr_3of3,NQC,NQC,NQC,NQC
COP2122-185,6,26,JAFFNA,0.5522,ocr_3of3,0.5522,0.5522,0.5522,0.6217
COP2122-185,6,26,KILINOCHCHI,NQC,ocr_3of3,NQC,NQC,NQC,NQC
COP2122-185,6,26,MANNAR,0.7316,ocr_3of3,0.7316,0.7316,0.7316,0.7316
COP2122-185,6,26,MULLAITIVU,0.9753,ocr_3of3,0.9753,0.9753,0.9753,0.9753
COP2122-185,6,26,VAVUNIYA,0.4995,ocr_3of3,0.4995,0.4995,0.4995,0.4995
COP2122-185,6,26,TRINCOMALEE,0.6100,ocr_3of3,0.6100,0.6100,0.6100,0.6100
COP2122-185,6,26,BATTICALOA,0.6238,ocr_3of3,0.6238,0.6238,0.6238,0.6238
COP2122-185,6,26,AMPARA,0.6071,ocr_3of3,0.6071,0.6071,0.6071,0.6071
COP2122-185,6,26,PUTTALAM,1.2799,ocr_3of3,1.2799,1.2799,1.2799,1.2799
COP2122-185,6,26,KURUNEGALA,0.2135,ocr_3of3,0.2135,0.2135,0.2135,0.2135
COP2122-185,6,26,ANURADHAPURA,0.3137,ocr_3of3,0.3137,0.3137,0.3137,0.3279
COP2122-185,6,26,POLONNARUWA,0.5300,ocr_3of3,0.5300,0.5300,0.5300,0.5300
COP2122-185,6,26,BADULLA,0.4979,ocr_3of3,0.4979,0.4979,0.4979,0.5746
COP2122-185,6,26,MONARAGALA,0.8363,ocr_3of3,0.8363,0.8363,0.8363,0.8363
COP2122-185,6,26,KEGALLE,0.5504,ocr_3of3,0.5504,0.5504,0.5504,0.5514
COP2122-185,6,26,RATNAPURA,0.2691,ocr_3of3,0.2691,0.2691,0.2691,0.3017
COP2122-186,6,27,COLOMBO,0.9372,ocr_3of3,0.9372,0.9372,0.9372,0.9372
COP2122-186,6,27,GAMPAHA,0.9467,ocr_3of3,0.9467,0.9467,0.9467,0.9467
COP2122-186,6,27,KALUTARA,0.9595,ocr_3of3,0.9595,0.9595,0.9595,0.9595
COP2122-186,6,27,MATALE,NQC,ocr_3of3,NQC,NQC,NQC,NQC
COP2122-186,6,27,KANDY,0.9408,ocr_3of3,0.9408,0.9408,0.9408,0.9408
COP2122-186,6,27,NUWARA ELIYA,NQC,ocr_3of3,NQC,NQC,NQC,NQC
COP2122-186,6,27,GALLE,0.9711,ocr_3of3,0.9711,0.9711,0.9711,0.9711
COP2122-186,6,27,MATARA,0.9760,ocr_3of3,0.9760,0.9760,0.9760,0.9760
COP2122-186,6,27,HAMBANTOTA,0.9339,ocr_3of3,0.9339,0.9339,0.9339,0.9339
COP2122-186,6,27,JAFFNA,1.1039,ocr_3of3,1.1039,1.1039,1.1039,1.1039
COP2122-186,6,27,KILINOCHCHI,NQC,ocr_3of3,NQC,NQC,NQC,NQC
COP2122-186,6,27,MANNAR,NQC,ocr_3of3,NQC,NQC,NQC,NQC
COP2122-186,6,27,MULLAITIVU,1.0119,ocr_3of3,1.0119,1.0119,1.0119,1.0119
COP2122-186,6,27,VAVUNIYA,NQC,ocr_3of3,NQC,NQC,NQC,NQC
COP2122-186,6,27,TRINCOMALEE,NQC,ocr_3of3,NQC,NQC,NQC,NQC
COP2122-186,6,27,BATTICALOA,0.9412,ocr_3of3,0.9412,0.9412,0.9412,0.9412
COP2122-186,6,27,AMPARA,NQC,ocr_3of3,NQC,NQC,NQC,NQC
COP2122-186,6,27,PUTTALAM,0.9339,ocr_3of3,0.9339,0.9339,0.9339,0.9828
COP2122-186,6,27,KURUNEGALA,0.9326,ocr_3of3,0.9326,0.9326,0.9326,0.9483
COP2122-186,6,27,ANURADHAPURA,1.4080,ocr_3of3,1.4080,1.4080,1.4080,1.4080
COP2122-186,6,27,POLONNARUWA,1.0987,ocr_3of3,1.0987,1.0987,1.0987,1.0987
COP2122-186,6,27,BADULLA,1.0401,ocr_2of3_third_unreadable,1.0401,1.0401,,1.0401
COP2122-186,6,27,MONARAGALA,NQC,ocr_3of3,NQC,NQC,NQC,NQC
COP2122-186,6,27,KEGALLE,0.9863,ocr_3of3,0.9863,0.9863,0.9863,0.9863
COP2122-186,6,27,RATNAPURA,0.9339,ocr_3of3,0.9339,0.9339,0.9339,0.9339
COP2122-187,6,28,COLOMBO,0.7801,ocr_3of3,0.7801,0.7801,0.7801,0.7801
COP2122-187,6,28,GAMPAHA,0.8641,ocr_3of3,0.8641,0.8641,0.8641,0.7447
COP2122-187,6,28,KALUTARA,0.7590,ocr_3of3,0.7590,0.7590,0.7590,0.7590
COP2122-187,6,28,MATALE,0.7599,ocr_3of3,0.7599,0.7599,0.7599,0.7599
COP2122-187,6,28,KANDY,0.8567,ocr_3of3,0.8567,0.8567,0.8567,0.8567
COP2122-187,6,28,NUWARA ELIYA,1.1022,ocr_3of3,1.1022,1.1022,1.1022,1.1022
COP2122-187,6,28,GALLE,0.7865,ocr_3of3,0.7865,0.7865,0.7865,0.8021
COP2122-187,6,28,MATARA,0.7523,ocr_3of3,0.7523,0.7523,0.7523,0.7523
COP2122-187,6,28,HAMBANTOTA,NQC,ocr_3of3,NQC,NQC,NQC,NQC
COP2122-187,6,28,JAFFNA,NQC,ocr_3of3,NQC,NQC,NQC,NQC
COP2122-187,6,28,KILINOCHCHI,NQC,ocr_3of3,NQC,NQC,NQC,NQC
COP2122-187,6,28,MANNAR,NQC,ocr_3of3,NQC,NQC,NQC,NQC
COP2122-187,6,28,MULLAITIVU,NQC,ocr_3of3,NQC,NQC,NQC,NQC
COP2122-187,6,28,VAVUNIYA,NQC,ocr_3of3,NQC,NQC,NQC,NQC
COP2122-187,6,28,TRINCOMALEE,NQC,ocr_3of3,NQC,NQC,NQC,NQC
COP2122-187,6,28,BATTICALOA,NQC,ocr_3of3,NQC,NQC,NQC,NQC
COP2122-187,6,28,AMPARA,NQC,ocr_3of3,NQC,NQC,NQC,NQC
COP2122-187,6,28,PUTTALAM,0.7386,ocr_3of3,0.7386,0.7386,0.7386,0.7386
COP2122-187,6,28,KURUNEGALA,0.7923,ocr_3of3,0.7923,0.7923,0.7923,0.7923
COP2122-187,6,28,ANURADHAPURA,0.7674,ocr_3of3,0.7674,0.7674,0.7674,0.7674
COP2122-187,6,28,POLONNARUWA,0.7521,ocr_3of3,0.7521,0.7521,0.7521,0.7521
COP2122-187,6,28,BADULLA,NQC,ocr_3of3,NQC,NQC,NQC,NQC
COP2122-187,6,28,MONARAGALA,NQC,ocr_3of3,NQC,NQC,NQC,NQC
COP2122-187,6,28,KEGALLE,0.8920,ocr_3of3,0.8920,0.8920,0.8920,0.8920
COP2122-187,6,28,RATNAPURA,0.7433,ocr_3of3,0.7433,0.7433,0.7433,0.7433
COP2122-188,6,29,COLOMBO,0.6915,ocr_3of3,0.6915,0.6915,0.6915,0.7016
COP2122-188,6,29,GAMPAHA,0.2118,ocr_3of3,0.2118,0.2118,0.2118,0.2540
COP2122-188,6,29,KALUTARA,0.5892,ocr_3of3,0.5892,0.5892,0.5892,0.5892
COP2122-188,6,29,MATALE,0.5058,ocr_3of3,0.5058,0.5058,0.5058,0.5058
COP2122-188,6,29,KANDY,0.8567,ocr_3of3,0.8567,0.8567,0.8567,0.8567
COP2122-188,6,29,NUWARA ELIYA,-0.0293,ocr_3of3,-0.0293,-0.0293,-0.0293,-0.0293
COP2122-188,6,29,GALLE,0.8148,ocr_3of3,0.8148,0.8148,0.8148,0.8148
COP2122-188,6,29,MATARA,0.6177,ocr_3of3,0.6177,0.6177,0.6177,0.6819
COP2122-188,6,29,HAMBANTOTA,0.1914,ocr_3of3,0.1914,0.1914,0.1914,0.1914
COP2122-188,6,29,JAFFNA,0.4157,ocr_3of3,0.4157,0.4157,0.4157,0.4157
COP2122-188,6,29,KILINOCHCHI,NQC,ocr_3of3,NQC,NQC,NQC,NQC
COP2122-188,6,29,MANNAR,0.6874,ocr_3of3,0.6874,0.6874,0.6874,0.6874
COP2122-188,6,29,MULLAITIVU,0.3233,ocr_3of3,0.3233,0.3233,0.3233,0.3233
COP2122-188,6,29,VAVUNIYA,0.1891,ocr_3of3,0.1891,0.1891,0.1891,0.1891
COP2122-188,6,29,TRINCOMALEE,0.2565,ocr_3of3,0.2565,0.2565,0.2565,0.2565
COP2122-188,6,29,BATTICALOA,0.5267,ocr_3of3,0.5267,0.5267,0.5267,0.5267
COP2122-188,6,29,AMPARA,0.6870,ocr_3of3,0.6870,0.6870,0.6870,0.6870
COP2122-188,6,29,PUTTALAM,0.3415,ocr_3of3,0.3415,0.3415,0.3415,0.3415
COP2122-188,6,29,KURUNEGALA,0.6401,ocr_3of3,0.6401,0.6401,0.6401,0.6401
COP2122-188,6,29,ANURADHAPURA,0.4499,ocr_3of3,0.4499,0.4499,0.4499,0.4499
COP2122-188,6,29,POLONNARUWA,0.5738,ocr_3of3,0.5738,0.5738,0.5738,0.5738
COP2122-188,6,29,BADULLA,0.6642,ocr_3of3,0.6642,0.6642,0.6642,0.6642
COP2122-188,6,29,MONARAGALA,-0.0655,ocr_3of3,-0.0655,-0.0655,-0.0655,-0.0982
COP2122-188,6,29,KEGALLE,1.0167,ocr_3of3,1.0167,1.0167,1.0167,1.0167
COP2122-188,6,29,RATNAPURA,0.8176,ocr_3of3,0.8176,0.8176,0.8176,0.8176
COP2122-189,6,30,COLOMBO,0.8876,ocr_3of3,0.8876,0.8876,0.8876,0.9014
COP2122-189,6,30,GAMPAHA,0.8974,ocr_3of3,0.8974,0.8974,0.8974,1.0486
COP2122-189,6,30,KALUTARA,0.5798,ocr_3of3,0.5798,0.5798,0.5798,0.6311
COP2122-189,6,30,MATALE,0.5047,ocr_3of3,0.5047,0.5047,0.5047,0.5047
COP2122-189,6,30,KANDY,1.0943,ocr_3of3,1.0943,1.0943,1.0943,1.0943
COP2122-189,6,30,NUWARA ELIYA,-0.0204,ocr_3of3,-0.0204,-0.0204,-0.0204,-0.0204
COP2122-189,6,30,GALLE,0.7789,ocr_3of3,0.7789,0.7789,0.7789,0.7789
COP2122-189,6,30,MATARA,0.2701,ocr_3of3,0.2701,0.2701,0.2701,0.2701
COP2122-189,6,30,HAMBANTOTA,0.5234,ocr_3of3,0.5234,0.5234,0.5234,0.5234
COP2122-189,6,30,JAFFNA,0.7990,ocr_3of3,0.7990,0.7990,0.7990,0.7990
COP2122-189,6,30,KILINOCHCHI,NQC,ocr_3of3,NQC,NQC,NQC,NQC
COP2122-189,6,30,MANNAR,NQC,ocr_3of3,NQC,NQC,NQC,NQC
COP2122-189,6,30,MULLAITIVU,0.8931,ocr_3of3,0.8931,0.8931,0.8931,0.8931
COP2122-189,6,30,VAVUNIYA,0.6538,ocr_3of3,0.6538,0.6538,0.6538,0.6538
COP2122-189,6,30,TRINCOMALEE,1.1027,ocr_3of3,1.1027,1.1027,1.1027,1.1027
COP2122-189,6,30,BATTICALOA,0.5657,ocr_3of3,0.5657,0.5657,0.5657,0.5657
COP2122-189,6,30,AMPARA,1.1393,ocr_3of3,1.1393,1.1393,1.1393,1.1393
COP2122-189,6,30,PUTTALAM,0.3161,ocr_3of3,0.3161,0.3161,0.3161,0.3161
COP2122-189,6,30,KURUNEGALA,0.8833,ocr_3of3,0.8833,0.8833,0.8833,0.8833
COP2122-189,6,30,ANURADHAPURA,0.0616,ocr_3of3,0.0616,0.0616,0.0616,0.0616
COP2122-189,6,30,POLONNARUWA,0.1624,ocr_3of3,0.1624,0.1624,0.1624,0.1624
COP2122-189,6,30,BADULLA,1.2025,ocr_3of3,1.2025,1.2025,1.2025,1.2025
COP2122-189,6,30,MONARAGALA,1.0552,ocr_3of3,1.0552,1.0552,1.0552,1.0552
COP2122-189,6,30,KEGALLE,1.1817,ocr_3of3,1.1817,1.1817,1.1817,1.1817
COP2122-189,6,30,RATNAPURA,0.5182,ocr_3of3,0.5182,0.5182,0.5182,0.5182
COP2122-190,6,31,COLOMBO,1.3708,ocr_3of3,1.3708,1.3708,1.3708,1.3708
COP2122-190,6,31,GAMPAHA,1.3960,ocr_3of3,1.3960,1.3960,1.3960,1.3960
COP2122-190,6,31,KALUTARA,1.4406,visual_read,1.4406,,,1.4406
COP2122-190,6,31,MATALE,1.3812,ocr_3of3,1.3812,1.3812,1.3812,1.3812
COP2122-190,6,31,KANDY,1.4058,ocr_3of3,1.4058,1.4058,1.4058,1.4058
COP2122-190,6,31,NUWARA ELIYA,1.3937,ocr_3of3,1.3937,1.3937,1.3937,1.3937
COP2122-190,6,31,GALLE,1.4483,ocr_3of3,1.4483,I .4483,I.4483,1.4483
COP2122-190,6,31,MATARA,1.4523,ocr_3of3,1.4523,1.4523,1.4523,1.4523
COP2122-190,6,31,HAMBANTOTA,1.4122,ocr_3of3,1.4122,1.4122,1.4122,1.4122
COP2122-190,6,31,JAFFNA,1.1553,ocr_3of3,1.1553,1.1553,1.1553,1.1553
COP2122-190,6,31,KILINOCHCHI,NQC,ocr_3of3,NQC,NQC,NQC,NQC
COP2122-190,6,31,MANNAR,NQC,ocr_3of3,NQC,NQC,NQC,NQC
COP2122-190,6,31,MULLAITIVU,1.4154,ocr_2of3_third_unreadable,1.4154,,I.4154,1.4154
COP2122-190,6,31,VAVUNIYA,1.1777,ocr_3of3,1.1777,1.1777,1.1777,1.1777
COP2122-190,6,31,TRINCOMALEE,1.2846,ocr_3of3,1.2846,1.2846,1.2846,1.2846
COP2122-190,6,31,BATTICALOA,1.1908,ocr_3of3,1.1908,1.1908,1.1908,1.1908
COP2122-190,6,31,AMPARA,1.3238,ocr_3of3,1.3238,1.3238,1.3238,1.3238
COP2122-190,6,31,PUTTALAM,1.3550,ocr_3of3,1.3550,1.3550,1.3550,1.3550
COP2122-190,6,31,KURUNEGALA,1.4362,ocr_3of3,1.4362,1.4362,1.4362,1.4362
COP2122-190,6,31,ANURADHAPURA,1.3594,ocr_3of3,1.3594,1.3594,1.3594,1.3594
COP2122-190,6,31,POLONNARUWA,1.3496,ocr_3of3,1.3496,1.3496,1.3496,1.3496
COP2122-190,6,31,BADULLA,NQC,ocr_3of3,NQC,NQC,NQC,NQC
COP2122-190,6,31,MONARAGALA,1.4434,ocr_3of3,1.4434,I .4434,I.4434,1.4434
COP2122-190,6,31,KEGALLE,1.4116,ocr_2of3_third_unreadable,1.4116,,1.4116,1.4116
COP2122-190,6,31,RATNAPURA,1.4422,ocr_2of3_third_unreadable,1.4422,,I.4422,1.4422
COP2122-191,6,32,COLOMBO,1.3773,ocr_3of3,1.3773,1.3773,1.3773,1.3773
COP2122-191,6,32,GAMPAHA,1.3852,ocr_3of3,1.3852,1.3852,1.3852,1.3852
COP2122-191,6,32,KALUTARA,1.3910,ocr_3of3,1.3910,1.3910,1.3910,1.3910
COP2122-191,6,32,MATALE,1.4481,ocr_2of3_third_unreadable,1.4481,,I.4481,1.4481
COP2122-191,6,32,KANDY,1.4187,ocr_3of3,1.4187,1.4187,1.4187,1.4187
COP2122-191,6,32,NUWARA ELIYA,1.3756,ocr_3of3,1.3756,1.3756,1.3756,1.3756
COP2122-191,6,32,GALLE,1.4132,ocr_3of3,1.4132,1.4132,1.4132,1.4132
COP2122-191,6,32,MATARA,1.4330,ocr_3of3,1.4330,1.4330,1.4330,1.4330
COP2122-191,6,32,HAMBANTOTA,1.4394,ocr_3of3,1.4394,I .4394,I.4394,1.4394
COP2122-191,6,32,JAFFNA,1.4286,ocr_3of3,1.4286,1.4286,1.4286,1.4286
COP2122-191,6,32,KILINOCHCHI,1.4219,ocr_3of3,1.4219,1.4219,1.4219,1.4219
COP2122-191,6,32,MANNAR,1.4114,visual_read,1.4114,,,1.4114
COP2122-191,6,32,MULLAITIVU,NQC,ocr_3of3,NQC,NQC,NQC,NQC
COP2122-191,6,32,VAVUNIYA,NQC,ocr_3of3,NQC,NQC,NQC,NQC
COP2122-191,6,32,TRINCOMALEE,NQC,ocr_3of3,NQC,NQC,NQC,NQC
COP2122-191,6,32,BATTICALOA,NQC,ocr_3of3,NQC,NQC,NQC,NQC
COP2122-191,6,32,AMPARA,1.4976,ocr_3of3,1.4976,1.4976,1.4976,1.4976
COP2122-191,6,32,PUTTALAM,1.4047,ocr_2of3_third_unreadable,1.4047,,1.4047,1.4047
COP2122-191,6,32,KURUNEGALA,1.4092,ocr_3of3,1.4092,1.4092,1.4092,1.4092
COP2122-191,6,32,ANURADHAPURA,1.3745,ocr_3of3,1.3745,1.3745,1.3745,1.3745
COP2122-191,6,32,POLONNARUWA,1.4847,ocr_2of3_third_unreadable,1.4847,,1.4847,1.4847
COP2122-191,6,32,BADULLA,1.3626,ocr_3of3,1.3626,1.3626,1.3626,1.3626
COP2122-191,6,32,MONARAGALA,1.3722,ocr_3of3,1.3722,1.3722,1.3722,1.3722
COP2122-191,6,32,KEGALLE,1.4198,ocr_3of3,1.4198,1.4198,1.4198,1.4198
COP2122-191,6,32,RATNAPURA,1.3609,ocr_3of3,1.3609,1.3609,1.3609,1.3609
COP2122-192,7,1,COLOMBO,0.7229,ocr_3of3,0.7229,0.7229,0.7229,0.7305
COP2122-192,7,1,GAMPAHA,0.6386,ocr_3of3,0.6386,0.6386,0.6386,0.6507
COP2122-192,7,1,KALUTARA,0.8260,ocr_3of3,0.8260,0.8260,0.8260,0.8308
COP2122-192,7,1,MATALE,0.8408,ocr_3of3,0.8408,0.8408,0.8408,0.8408
COP2122-192,7,1,KANDY,0.8647,ocr_3of3,0.8647,0.8647,0.8647,0.8647
COP2122-192,7,1,NUWARA ELIYA,0.6723,ocr_2of3_third_unreadable,,0.6723,0.6723,0.6723
COP2122-192,7,1,GALLE,0.9061,ocr_3of3,0.9061,0.9061,0.9061,0.9061
COP2122-192,7,1,MATARA,0.9053,ocr_3of3,0.9053,0.9053,0.9053,0.9053
COP2122-192,7,1,HAMBANTOTA,0.8541,ocr_3of3,0.8541,0.8541,0.8541,0.8541
COP2122-192,7,1,JAFFNA,0.6315,ocr_3of3,0.6315,0.6315,0.6315,0.6818
COP2122-192,7,1,KILINOCHCHI,0.6610,ocr_3of3,0.6610,0.6610,0.6610,0.6610
COP2122-192,7,1,MANNAR,0.4713,ocr_3of3,0.4713,0.4713,0.4713,0.4713
COP2122-192,7,1,MULLAITIVU,0.3455,ocr_3of3,0.3455,0.3455,0.3455,0.3455
COP2122-192,7,1,VAVUNIYA,0.9394,ocr_3of3,0.9394,0.9394,0.9394,0.9394
COP2122-192,7,1,TRINCOMALEE,0.6247,ocr_3of3,0.6247,0.6247,0.6247,0.6247
COP2122-192,7,1,BATTICALOA,0.5726,ocr_3of3,0.5726,0.5726,0.5726,0.5726
COP2122-192,7,1,AMPARA,0.8150,ocr_3of3,0.8150,0.8150,0.8150,0.8150
COP2122-192,7,1,PUTTALAM,0.6850,ocr_3of3,0.6850,0.6850,0.6850,0.6850
COP2122-192,7,1,KURUNEGALA,0.8215,ocr_3of3,0.8215,0.8215,0.8215,0.8246
COP2122-192,7,1,ANURADHAPURA,0.8715,ocr_3of3,0.8715,0.8715,0.8715,0.8715
COP2122-192,7,1,POLONNARUWA,0.7467,ocr_3of3,0.7467,0.7467,0.7467,0.7467
COP2122-192,7,1,BADULLA,0.7769,ocr_3of3,0.7769,0.7769,0.7769,0.7769
COP2122-192,7,1,MONARAGALA,0.7690,ocr_3of3,0.7690,0.7690,0.7690,0.7690
COP2122-192,7,1,KEGALLE,0.8751,ocr_3of3,0.8751,0.8751,0.8751,0.8751
COP2122-192,7,1,RATNAPURA,0.8454,ocr_3of3,0.8454,O. 8454,0.8454,0.8454
COP2122-193,7,2,COLOMBO,0.7269,ocr_3of3,0.7269,0.7269,0.7269,0.7269
COP2122-193,7,2,GAMPAHA,0.6597,ocr_3of3,0.6597,0.6597,0.6597,0.6597
COP2122-193,7,2,KALUTARA,0.7919,ocr_3of3,0.7919,0.7919,0.7919,0.8260
COP2122-193,7,2,MATALE,0.8045,ocr_3of3,0.8045,0.8045,0.8045,0.8045
COP2122-193,7,2,KANDY,0.8178,ocr_3of3,0.8178,0.8178,0.8178,0.8178
COP2122-193,7,2,NUWARA ELIYA,0.6617,ocr_2of3_third_unreadable,,0.6617,0.6617,0.6617
COP2122-193,7,2,GALLE,0.8494,ocr_2of3_third_unreadable,0.8494,,0.8494,0.8529
COP2122-193,7,2,MATARA,0.8442,ocr_2of3_third_unreadable,0.8442,,O.8442,0.8505
COP2122-193,7,2,HAMBANTOTA,0.8274,ocr_3of3,0.8274,0.8274,0.8274,0.8274
COP2122-193,7,2,JAFFNA,0.6428,ocr_3of3,0.6428,0.6428,0.6428,0.6428
COP2122-193,7,2,KILINOCHCHI,0.3209,ocr_3of3,0.3209,0.3209,0.3209,0.3209
COP2122-193,7,2,MANNAR,0.2278,ocr_3of3,0.2278,0.2278,0.2278,0.2278
COP2122-193,7,2,MULLAITIVU,0.3415,ocr_3of3,0.3415,0.3415,0.3415,0.3301
COP2122-193,7,2,VAVUNIYA,0.4953,ocr_3of3,0.4953,0.4953,0.4953,0.4953
COP2122-193,7,2,TRINCOMALEE,0.5383,ocr_3of3,0.5383,0.5383,0.5383,0.5556
COP2122-193,7,2,BATTICALOA,0.5178,ocr_3of3,0.5178,0.5178,0.5178,0.5178
COP2122-193,7,2,AMPARA,0.7760,ocr_3of3,0.7760,0.7760,0.7760,0.7760
COP2122-193,7,2,PUTTALAM,0.5623,ocr_3of3,0.5623,0.5623,0.5623,0.5623
COP2122-193,7,2,KURUNEGALA,0.8083,ocr_3of3,0.8083,0.8083,0.8083,0.8083
COP2122-193,7,2,ANURADHAPURA,0.7935,ocr_3of3,0.7935,0.7935,0.7935,0.7935
COP2122-193,7,2,POLONNARUWA,0.8362,ocr_3of3,0.8362,0.8362,0.8362,0.8362
COP2122-193,7,2,BADULLA,0.7216,ocr_3of3,0.7216,0.7216,0.7216,0.7571
COP2122-193,7,2,MONARAGALA,0.7526,ocr_3of3,0.7526,0.7526,0.7526,0.7526
COP2122-193,7,2,KEGALLE,0.8240,ocr_3of3,0.8240,0.8240,0.8240,0.8377
COP2122-193,7,2,RATNAPURA,0.7893,ocr_3of3,0.7893,0.7893,0.7893,0.7893
COP2122-194,7,3,COLOMBO,0.9164,ocr_3of3,0.9164,0.9164,0.9164,0.9164
COP2122-194,7,3,GAMPAHA,0.7857,ocr_3of3,0.7857,0.7857,0.7857,0.8000
COP2122-194,7,3,KALUTARA,0.8999,ocr_3of3,0.8999,0.8999,0.8999,0.8831
COP2122-194,7,3,MATALE,0.8457,ocr_3of3,0.8457,0.8457,0.8457,0.8457
COP2122-194,7,3,KANDY,0.9187,ocr_3of3,0.9187,0.9187,0.9187,0.9187
COP2122-194,7,3,NUWARA ELIYA,0.8873,ocr_2of3_third_unreadable,,0.8873,0.8873,0.8873
COP2122-194,7,3,GALLE,0.9326,ocr_3of3,0.9326,0.9326,0.9326,0.9326
COP2122-194,7,3,MATARA,0.9710,ocr_3of3,0.9710,0.9710,0.9710,0.9710
COP2122-194,7,3,HAMBANTOTA,0.9351,ocr_3of3,0.9351,0.9351,0.9351,0.9351
COP2122-194,7,3,JAFFNA,0.8503,ocr_3of3,0.8503,0.8503,0.8503,0.8503
COP2122-194,7,3,KILINOCHCHI,0.3812,ocr_3of3,0.3812,0.3812,0.3812,0.3812
COP2122-194,7,3,MANNAR,0.6323,ocr_3of3,0.6323,0.6323,0.6323,0.6323
COP2122-194,7,3,MULLAITIVU,0.4770,ocr_3of3,0.4770,0.4770,0.4770,0.4770
COP2122-194,7,3,VAVUNIYA,0.3734,ocr_3of3,0.3734,0.3734,0.3734,0.3734
COP2122-194,7,3,TRINCOMALEE,0.8739,ocr_3of3,0.8739,0.8739,0.8739,0.8739
COP2122-194,7,3,BATTICALOA,0.7644,ocr_3of3,0.7644,O. 7644,O.7644,0.7644
COP2122-194,7,3,AMPARA,0.7459,ocr_3of3,0.7459,0.7459,0.7459,0.7459
COP2122-194,7,3,PUTTALAM,0.7132,ocr_3of3,0.7132,0.7132,0.7132,0.7132
COP2122-194,7,3,KURUNEGALA,0.8047,ocr_3of3,0.8047,0.8047,0.8047,0.8557
COP2122-194,7,3,ANURADHAPURA,0.6542,ocr_3of3,0.6542,0.6542,0.6542,0.6542
COP2122-194,7,3,POLONNARUWA,0.4575,ocr_3of3,0.4575,0.4575,0.4575,0.4575
COP2122-194,7,3,BADULLA,0.8808,ocr_3of3,0.8808,0.8808,0.8808,0.8808
COP2122-194,7,3,MONARAGALA,0.7540,ocr_3of3,0.7540,0.7540,0.7540,0.7540
COP2122-194,7,3,KEGALLE,0.9706,ocr_3of3,0.9706,0.9706,0.9706,0.9706
COP2122-194,7,3,RATNAPURA,0.9231,ocr_3of3,0.9231,0.9231,0.9231,0.9231
COP2122-195,7,4,COLOMBO,0.8662,ocr_3of3,0.8662,0.8662,0.8662,0.8923
COP2122-195,7,4,GAMPAHA,0.8845,ocr_3of3,0.8845,0.8845,0.8845,0.8851
COP2122-195,7,4,KALUTARA,0.9188,ocr_3of3,0.9188,0.9188,0.9188,0.9188
COP2122-195,7,4,MATALE,0.9340,ocr_3of3,0.9340,0.9340,0.9340,0.9340
COP2122-195,7,4,KANDY,0.8886,ocr_3of3,0.8886,0.8886,0.8886,0.8886
COP2122-195,7,4,NUWARA ELIYA,0.7145,ocr_2of3_third_unreadable,,0.7145,0.7145,0.7145
COP2122-195,7,4,GALLE,0.9616,ocr_3of3,0.9616,0.9616,0.9616,0.9616
COP2122-195,7,4,MATARA,0.9421,ocr_3of3,0.9421,0.9421,0.9421,0.9624
COP2122-195,7,4,HAMBANTOTA,0.9792,ocr_3of3,0.9792,0.9792,0.9792,0.9792
COP2122-195,7,4,JAFFNA,0.9874,ocr_3of3,0.9874,0.9874,0.9874,0.9874
COP2122-195,7,4,KILINOCHCHI,0.9496,ocr_3of3,0.9496,0.9496,0.9496,0.9496
COP2122-195,7,4,MANNAR,0.3471,ocr_3of3,0.3471,0.3471,0.3471,0.3471
COP2122-195,7,4,MULLAITIVU,0.5963,ocr_3of3,0.5963,0.5963,0.5963,0.5963
COP2122-195,7,4,VAVUNIYA,0.8065,ocr_3of3,0.8065,0.8065,0.8065,0.8065
COP2122-195,7,4,TRINCOMALEE,0.7855,ocr_3of3,0.7855,0.7855,0.7855,0.7855
COP2122-195,7,4,BATTICALOA,0.8818,ocr_3of3,0.8818,0.8818,0.8818,0.8818
COP2122-195,7,4,AMPARA,0.9411,ocr_3of3,0.9411,0.9411,0.9411,0.9641
COP2122-195,7,4,PUTTALAM,0.8438,ocr_3of3,0.8438,0.8438,0.8438,0.8438
COP2122-195,7,4,KURUNEGALA,0.8992,ocr_3of3,0.8992,0.8992,0.8992,0.8992
COP2122-195,7,4,ANURADHAPURA,0.8065,ocr_3of3,0.8065,0.8065,0.8065,0.8065
COP2122-195,7,4,POLONNARUWA,0.7431,ocr_3of3,0.7431,0.7431,0.7431,0.7431
COP2122-195,7,4,BADULLA,0.9210,ocr_3of3,0.9210,0.9210,0.9210,0.9210
COP2122-195,7,4,MONARAGALA,0.8382,ocr_3of3,0.8382,0.8382,0.8382,0.8382
COP2122-195,7,4,KEGALLE,0.8956,ocr_3of3,0.8956,0.8956,0.8956,0.8956
COP2122-195,7,4,RATNAPURA,0.8532,ocr_3of3,0.8532,0.8532,0.8532,0.8859
COP2122-196,7,5,COLOMBO,0.8963,ocr_3of3,0.8963,0.8963,0.8963,0.8963
COP2122-196,7,5,GAMPAHA,0.8667,ocr_3of3,0.8667,0.8667,0.8667,0.8667
COP2122-196,7,5,KALUTARA,0.7997,ocr_3of3,0.7997,0.7997,0.7997,0.9075
COP2122-196,7,5,MATALE,1.0165,ocr_3of3,1.0165,1.0165,1.0165,1.0165
COP2122-196,7,5,KANDY,0.9048,ocr_3of3,0.9048,0.9048,0.9048,0.9048
COP2122-196,7,5,NUWARA ELIYA,0.5706,ocr_2of3_third_unreadable,,0.5706,0.5706,0.5706
COP2122-196,7,5,GALLE,1.0531,ocr_3of3,1.0531,1.0531,1.0531,1.0531
COP2122-196,7,5,MATARA,1.1777,ocr_3of3,1.1777,1.1777,1.1777,1.1777
COP2122-196,7,5,HAMBANTOTA,1.0073,ocr_3of3,1.0073,1.0073,1.0073,1.0073
COP2122-196,7,5,JAFFNA,1.1762,ocr_3of3,1.1762,1.1762,1.1762,1.1762
COP2122-196,7,5,KILINOCHCHI,0.6331,ocr_3of3,0.6331,0.6331,0.6331,0.6331
COP2122-196,7,5,MANNAR,0.4340,ocr_2of3_third_unreadable,0.4340,0.4340,,0.4340
COP2122-196,7,5,MULLAITIVU,0.3657,ocr_3of3,0.3657,0.3657,0.3657,0.3657
COP2122-196,7,5,VAVUNIYA,0.7205,ocr_3of3,0.7205,0.7205,0.7205,0.7205
COP2122-196,7,5,TRINCOMALEE,0.6119,ocr_3of3,0.6119,0.6119,0.6119,0.6119
COP2122-196,7,5,BATTICALOA,0.9696,ocr_3of3,0.9696,0.9696,0.9696,0.9696
COP2122-196,7,5,AMPARA,1.1016,ocr_3of3,1.1016,1.1016,1.1016,1.1017
COP2122-196,7,5,PUTTALAM,0.8475,ocr_3of3,0.8475,0.8475,0.8475,0.8475
COP2122-196,7,5,KURUNEGALA,1.0046,ocr_3of3,1.0046,1.0046,1.0046,1.0046
COP2122-196,7,5,ANURADHAPURA,0.7168,ocr_3of3,0.7168,0.7168,0.7168,0.7168
COP2122-196,7,5,POLONNARUWA,0.7926,ocr_3of3,0.7926,0.7926,0.7926,0.7926
COP2122-196,7,5,BADULLA,1.0654,ocr_3of3,1.0654,1.0654,1.0654,1.0654
COP2122-196,7,5,MONARAGALA,0.8452,ocr_3of3,0.8452,0.8452,0.8452,0.8452
COP2122-196,7,5,KEGALLE,1.1236,ocr_3of3,1.1236,1.1236,1.1236,1.1236
COP2122-196,7,5,RATNAPURA,0.6999,ocr_3of3,0.6999,0.6999,0.6999,0.6999
COP2122-197,7,6,COLOMBO,1.1359,ocr_3of3,1.1359,1.1359,1.1359,1.1359
COP2122-197,7,6,GAMPAHA,1.1187,ocr_3of3,1.1187,1.1187,1.1187,1.1187
COP2122-197,7,6,KALUTARA,1.1510,ocr_3of3,1.1510,1.1510,1.1510,1.1510
COP2122-197,7,6,MATALE,1.0444,ocr_2of3_third_unreadable,1.0444,,I.0444,1.0444
COP2122-197,7,6,KANDY,1.1798,ocr_3of3,1.1798,1.1798,1.1798,1.1798
COP2122-197,7,6,NUWARA ELIYA,1.0359,ocr_2of3_third_unreadable,,1.0359,1.0359,1.0359
COP2122-197,7,6,GALLE,1.1929,ocr_3of3,1.1929,1.1929,1.1929,1.1929
COP2122-197,7,6,MATARA,1.1850,ocr_3of3,1.1850,1.1850,1.1850,1.1850
COP2122-197,7,6,HAMBANTOTA,1.0071,ocr_3of3,1.0071,1.0071,1.0071,1.0071
COP2122-197,7,6,JAFFNA,1.0668,ocr_3of3,1.0668,1.0668,1.0668,1.0668
COP2122-197,7,6,KILINOCHCHI,0.8604,ocr_3of3,0.8604,0.8604,0.8604,0.8604
COP2122-197,7,6,MANNAR,1.0096,ocr_3of3,1.0096,1.0096,1.0096,1.0096
COP2122-197,7,6,MULLAITIVU,0.9429,ocr_3of3,0.9429,0.9429,0.9429,0.9067
COP2122-197,7,6,VAVUNIYA,0.9975,ocr_3of3,0.9975,0.9975,0.9975,0.9975
COP2122-197,7,6,TRINCOMALEE,1.0584,ocr_3of3,1.0584,1.0584,1.0584,1.0584
COP2122-197,7,6,BATTICALOA,1.0808,ocr_3of3,1.0808,1.0808,1.0808,1.0808
COP2122-197,7,6,AMPARA,1.1505,ocr_3of3,1.1505,1.1505,1.1505,1.1505
COP2122-197,7,6,PUTTALAM,1.1150,ocr_3of3,1.1150,1.1150,1.1150,1.1150
COP2122-197,7,6,KURUNEGALA,1.1784,ocr_3of3,1.1784,1.1784,1.1784,1.1784
COP2122-197,7,6,ANURADHAPURA,1.1542,ocr_3of3,1.1542,1.1542,1.1542,1.1542
COP2122-197,7,6,POLONNARUWA,1.1311,ocr_3of3,1.1311,1.1311,1.1311,1.1311
COP2122-197,7,6,BADULLA,1.0816,ocr_3of3,1.0816,1.0816,1.0816,1.1306
COP2122-197,7,6,MONARAGALA,1.2073,ocr_3of3,1.2073,1.2073,1.2073,1.2073
COP2122-197,7,6,KEGALLE,1.2192,ocr_3of3,1.2192,1.2192,1.2192,1.2192
COP2122-197,7,6,RATNAPURA,1.1218,ocr_3of3,1.1218,1.1218,1.1218,1.1218
COP2122-198,7,7,COLOMBO,0.6376,ocr_3of3,0.6376,0.6376,0.6376,0.6815
COP2122-198,7,7,GAMPAHA,0.5771,ocr_3of3,0.5771,0.5771,0.5771,0.5855
COP2122-198,7,7,KALUTARA,0.7135,ocr_3of3,0.7135,0.7135,o.7135,0.7608
COP2122-198,7,7,MATALE,0.5812,ocr_3of3,0.5812,0.5812,0.5812,0.5812
COP2122-198,7,7,KANDY,0.7154,ocr_3of3,0.7154,0.7154,0.7154,0.7154
COP2122-198,7,7,NUWARA ELIYA,0.5183,ocr_2of3_third_unreadable,,0.5183,0.5183,0.5183
COP2122-198,7,7,GALLE,0.7620,ocr_3of3,0.7620,0.7620,0.7620,0.7620
COP2122-198,7,7,MATARA,0.7241,ocr_3of3,0.7241,0.7241,0.7241,0.7361
COP2122-198,7,7,HAMBANTOTA,0.7233,ocr_3of3,0.7233,0.7233,0.7233,0.7461
COP2122-198,7,7,JAFFNA,0.6923,ocr_3of3,0.6923,0.6923,0.6923,0.6923
COP2122-198,7,7,KILINOCHCHI,0.2695,ocr_3of3,0.2695,0.2695,0.2695,0.2695
COP2122-198,7,7,MANNAR,0.4775,ocr_3of3,0.4775,0.4775,0.4775,0.4775
COP2122-198,7,7,MULLAITIVU,0.4380,ocr_3of3,0.4380,0.4380,0.4380,0.4380
COP2122-198,7,7,VAVUNIYA,0.5457,ocr_3of3,0.5457,0.5457,0.5457,0.5457
COP2122-198,7,7,TRINCOMALEE,0.7425,ocr_3of3,0.7425,0.7425,0.7425,0.7425
COP2122-198,7,7,BATTICALOA,0.6475,ocr_3of3,0.6475,0.6475,0.6475,0.6475
COP2122-198,7,7,AMPARA,0.6686,ocr_3of3,0.6686,0.6686,0.6686,0.6706
COP2122-198,7,7,PUTTALAM,0.4596,ocr_3of3,0.4596,0.4596,0.4596,0.4596
COP2122-198,7,7,KURUNEGALA,0.6732,ocr_3of3,0.6732,0.6732,0.6732,0.6755
COP2122-198,7,7,ANURADHAPURA,0.5974,ocr_3of3,0.5974,0.5974,0.5974,0.5974
COP2122-198,7,7,POLONNARUWA,0.4221,ocr_3of3,0.4221,0.4221,0.4221,0.4221
COP2122-198,7,7,BADULLA,0.5763,ocr_3of3,0.5763,0.5763,0.5763,0.6902
COP2122-198,7,7,MONARAGALA,0.5528,ocr_3of3,0.5528,0.5528,0.5528,0.5528
COP2122-198,7,7,KEGALLE,0.7031,ocr_3of3,0.7031,0.7031,0.7031,0.7133
COP2122-198,7,7,RATNAPURA,0.6488,ocr_3of3,0.6488,0.6488,0.6488,0.6488
COP2122-199,7,8,COLOMBO,0.6820,ocr_3of3,0.6820,0.6820,0.6820,0.6820
COP2122-199,7,8,GAMPAHA,0.6047,ocr_3of3,0.6047,0.6047,0.6047,0.6165
COP2122-199,7,8,KALUTARA,0.6554,ocr_3of3,0.6554,0.6554,0.6554,0.7439
COP2122-199,7,8,MATALE,0.6677,ocr_3of3,0.6677,0.6677,0.6677,0.7147
COP2122-199,7,8,KANDY,0.7088,ocr_3of3,0.7088,0.7088,0.7088,0.7088
COP2122-199,7,8,NUWARA ELIYA,0.5628,ocr_2of3_third_unreadable,,0.5628,0.5628,0.5628
COP2122-199,7,8,GALLE,0.6639,ocr_3of3,0.6639,0.6639,0.6639,0.7317
COP2122-199,7,8,MATARA,0.7298,ocr_3of3,0.7298,0.7298,0.7298,0.7364
COP2122-199,7,8,HAMBANTOTA,0.7271,ocr_3of3,0.7271,0.7271,0.7271,0.7271
COP2122-199,7,8,JAFFNA,0.6560,ocr_3of3,0.6560,0.6560,0.6560,0.7356
COP2122-199,7,8,KILINOCHCHI,0.2642,ocr_3of3,0.2642,0.2642,0.2642,0.2642
COP2122-199,7,8,MANNAR,0.2019,ocr_3of3,0.2019,0.2019,0.2019,0.2019
COP2122-199,7,8,MULLAITIVU,0.3663,ocr_3of3,0.3663,0.3663,0.3663,0.3663
COP2122-199,7,8,VAVUNIYA,0.4536,ocr_3of3,0.4536,0.4536,0.4536,0.4536
COP2122-199,7,8,TRINCOMALEE,0.5859,ocr_3of3,0.5859,0.5859,0.5859,0.5859
COP2122-199,7,8,BATTICALOA,0.5568,ocr_3of3,0.5568,0.5568,0.5568,0.5568
COP2122-199,7,8,AMPARA,0.6955,ocr_3of3,0.6955,0.6955,0.6955,0.7233
COP2122-199,7,8,PUTTALAM,0.5312,ocr_3of3,0.5312,0.5312,0.5312,0.5312
COP2122-199,7,8,KURUNEGALA,0.6599,ocr_3of3,0.6599,0.6599,0.6599,0.6698
COP2122-199,7,8,ANURADHAPURA,0.6034,ocr_3of3,0.6034,0.6034,0.6034,0.6120
COP2122-199,7,8,POLONNARUWA,0.6440,ocr_3of3,0.6440,0.6440,0.6440,0.6440
COP2122-199,7,8,BADULLA,0.5889,ocr_3of3,0.5889,0.5889,0.5889,0.5889
COP2122-199,7,8,MONARAGALA,0.5101,ocr_3of3,0.5101,0.5101,0.5101,0.5773
COP2122-199,7,8,KEGALLE,0.7170,ocr_3of3,0.7170,0.7170,0.7170,0.7170
COP2122-199,7,8,RATNAPURA,0.6537,ocr_3of3,0.6537,0.6537,0.6537,0.6929
COP2122-200,7,9,COLOMBO,0.7418,ocr_3of3,0.7418,0.7418,0.7418,0.7477
COP2122-200,7,9,GAMPAHA,0.6948,ocr_3of3,0.6948,0.6948,0.6948,0.7249
COP2122-200,7,9,KALUTARA,0.7341,ocr_3of3,0.7341,0.7341,0.7341,0.7647
COP2122-200,7,9,MATALE,0.6216,ocr_3of3,0.6216,0.6216,0.6216,0.6216
COP2122-200,7,9,KANDY,0.6941,ocr_3of3,0.6941,0.6941,0.6941,0.6941
COP2122-200,7,9,NUWARA ELIYA,0.4774,ocr_2of3_third_unreadable,,0.4774,0.4774,0.4774
COP2122-200,7,9,GALLE,0.7425,ocr_3of3,0.7425,0.7425,0.7425,0.7425
COP2122-200,7,9,MATARA,0.7855,ocr_3of3,0.7855,0.7855,0.7855,0.7855
COP2122-200,7,9,HAMBANTOTA,0.7915,ocr_3of3,0.7915,0.7915,0.7915,0.8067
COP2122-200,7,9,JAFFNA,0.7181,ocr_3of3,0.7181,0.7181,0.7181,0.7511
COP2122-200,7,9,KILINOCHCHI,0.3245,ocr_3of3,0.3245,0.3245,0.3245,0.3245
COP2122-200,7,9,MANNAR,0.1859,ocr_3of3,0.1859,0.1859,0.1859,0.1859
COP2122-200,7,9,MULLAITIVU,0.3378,ocr_3of3,0.3378,0.3378,0.3378,0.3378
COP2122-200,7,9,VAVUNIYA,0.3204,ocr_3of3,0.3204,0.3204,0.3204,0.3204
COP2122-200,7,9,TRINCOMALEE,0.6350,ocr_3of3,0.6350,0.6350,0.6350,0.6350
COP2122-200,7,9,BATTICALOA,0.6649,ocr_3of3,0.6649,0.6649,0.6649,0.6649
COP2122-200,7,9,AMPARA,0.6405,ocr_3of3,0.6405,0.6405,0.6405,0.6766
COP2122-200,7,9,PUTTALAM,0.4743,ocr_3of3,0.4743,0.4743,0.4743,0.4743
COP2122-200,7,9,KURUNEGALA,0.7342,ocr_3of3,0.7342,0.7342,0.7342,0.7342
COP2122-200,7,9,ANURADHAPURA,0.7060,ocr_3of3,0.7060,0.7060,0.7060,0.7060
COP2122-200,7,9,POLONNARUWA,0.7273,ocr_3of3,0.7273,0.7273,0.7273,0.7273
COP2122-200,7,9,BADULLA,0.7238,ocr_3of3,0.7238,0.7238,0.7238,0.7238
COP2122-200,7,9,MONARAGALA,0.6034,ocr_3of3,0.6034,0.6034,0.6034,0.6034
COP2122-200,7,9,KEGALLE,0.7876,ocr_3of3,0.7876,0.7876,0.7876,0.7876
COP2122-200,7,9,RATNAPURA,0.7437,ocr_3of3,0.7437,0.7437,0.7437,0.7437
COP2122-201,7,10,COLOMBO,0.9017,ocr_3of3,0.9017,0.9017,0.9017,1.0697
COP2122-201,7,10,GAMPAHA,1.0177,ocr_3of3,1.0177,1.0177,1.0177,1.0177
COP2122-201,7,10,KALUTARA,1.0792,ocr_3of3,1.0792,1.0792,1.0792,1.0942
COP2122-201,7,10,MATALE,1.2520,ocr_3of3,1.2520,1.2520,1.2520,1.2520
COP2122-201,7,10,KANDY,1.1461,ocr_2of3_third_unreadable,1.1461,1.1461,,1.1461
COP2122-201,7,10,NUWARA ELIYA,0.8048,ocr_2of3_third_unreadable,,0.8048,0.8048,0.8048
COP2122-201,7,10,GALLE,1.1258,ocr_3of3,1.1258,1.1258,1.1258,1.1258
COP2122-201,7,10,MATARA,1.1343,ocr_3of3,1.1343,1.1343,1.1343,1.1343
COP2122-201,7,10,HAMBANTOTA,0.9782,ocr_3of3,0.9782,0.9782,0.9782,0.9782
COP2122-201,7,10,JAFFNA,1.1402,ocr_3of3,1.1402,1.1402,1.1402,1.1402
COP2122-201,7,10,KILINOCHCHI,0.5723,ocr_3of3,0.5723,0.5723,0.5723,0.5723
COP2122-201,7,10,MANNAR,1.0459,ocr_3of3,1.0459,1.0459,1.0459,1.0459
COP2122-201,7,10,MULLAITIVU,0.1874,ocr_3of3,0.1874,0.1874,0.1874,0.1874
COP2122-201,7,10,VAVUNIYA,0.9629,ocr_3of3,0.9629,0.9629,0.9629,0.9629
COP2122-201,7,10,TRINCOMALEE,0.7944,ocr_3of3,0.7944,0.7944,0.7944,0.7944
COP2122-201,7,10,BATTICALOA,1.0644,ocr_3of3,1.0644,I .0644,I.0644,1.0644
COP2122-201,7,10,AMPARA,1.2495,ocr_3of3,1.2495,1.2495,1.2495,1.2495
COP2122-201,7,10,PUTTALAM,0.9373,ocr_3of3,0.9373,0.9373,0.9373,0.9373
COP2122-201,7,10,KURUNEGALA,1.0494,ocr_3of3,1.0494,I .0494,I.0494,1.0494
COP2122-201,7,10,ANURADHAPURA,1.0522,ocr_3of3,1.0522,1.0522,1.0522,1.0522
COP2122-201,7,10,POLONNARUWA,1.1091,ocr_3of3,1.1091,1.1091,1.1091,1.1091
COP2122-201,7,10,BADULLA,1.1367,ocr_3of3,1.1367,1.1367,1.1367,1.1554
COP2122-201,7,10,MONARAGALA,1.1576,ocr_3of3,1.1576,1.1576,1.1576,1.1576
COP2122-201,7,10,KEGALLE,1.1382,ocr_3of3,1.1382,1.1382,1.1382,1.1382
COP2122-201,7,10,RATNAPURA,0.9973,ocr_3of3,0.9973,0.9973,0.9973,0.9973
COP2122-202,7,11,COLOMBO,0.7985,ocr_3of3,0.7985,0.7985,0.7985,0.7985
COP2122-202,7,11,GAMPAHA,0.7586,ocr_3of3,0.7586,0.7586,0.7586,0.7586
COP2122-202,7,11,KALUTARA,0.7966,ocr_3of3,0.7966,0.7966,0.7966,0.8076
COP2122-202,7,11,MATALE,0.6729,ocr_3of3,0.6729,0.6729,0.6729,0.6729
COP2122-202,7,11,KANDY,0.7375,ocr_3of3,0.7375,0.7375,0.7375,0.7465
COP2122-202,7,11,NUWARA ELIYA,0.5414,visual_read,,,0.5414,0.5414
COP2122-202,7,11,GALLE,0.7976,ocr_3of3,0.7976,0.7976,0.7976,0.7976
COP2122-202,7,11,MATARA,0.8070,ocr_3of3,0.8070,0.8070,0.8070,0.8070
COP2122-202,7,11,HAMBANTOTA,0.8142,ocr_3of3,0.8142,0.8142,0.8142,0.8142
COP2122-202,7,11,JAFFNA,0.8233,ocr_3of3,0.8233,0.8233,0.8233,0.8233
COP2122-202,7,11,KILINOCHCHI,0.5668,ocr_3of3,0.5668,0.5668,0.5668,0.5668
COP2122-202,7,11,MANNAR,0.2085,ocr_3of3,0.2085,0.2085,0.2085,0.2085
COP2122-202,7,11,MULLAITIVU,0.5742,ocr_3of3,0.5742,0.5742,0.5742,0.5742
COP2122-202,7,11,VAVUNIYA,0.5414,ocr_3of3,0.5414,O .5414,O.5414,0.5414
COP2122-202,7,11,TRINCOMALEE,0.6814,ocr_3of3,0.6814,0.6814,0.6814,0.7609
COP2122-202,7,11,BATTICALOA,0.6945,ocr_3of3,0.6945,0.6945,0.6945,0.6945
COP2122-202,7,11,AMPARA,0.7517,ocr_3of3,0.7517,0.7517,0.7517,0.7517
COP2122-202,7,11,PUTTALAM,0.6822,ocr_3of3,0.6822,0.6822,0.6822,0.6822
COP2122-202,7,11,KURUNEGALA,0.7748,ocr_3of3,0.7748,0.7748,0.7748,0.7950
COP2122-202,7,11,ANURADHAPURA,0.7364,ocr_3of3,0.7364,0.7364,0.7364,0.7364
COP2122-202,7,11,POLONNARUWA,0.7876,ocr_3of3,0.7876,0.7876,0.7876,0.7876
COP2122-202,7,11,BADULLA,0.7242,ocr_3of3,0.7242,0.7242,0.7242,0.7277
COP2122-202,7,11,MONARAGALA,0.5751,ocr_3of3,0.5751,0.5751,0.5751,0.6618
COP2122-202,7,11,KEGALLE,0.8009,ocr_3of3,0.8009,0.8009,0.8009,0.8255
COP2122-202,7,11,RATNAPURA,0.8145,ocr_3of3,0.8145,0.8145,0.8145,0.8145
COP2122-203,7,12,COLOMBO,0.6243,ocr_3of3,0.6243,0.6243,0.6243,0.6479
COP2122-203,7,12,GAMPAHA,0.5630,ocr_3of3,0.5630,0.5630,0.5630,0.5669
COP2122-203,7,12,KALUTARA,0.6519,ocr_3of3,0.6519,0.6519,0.6519,0.6711
COP2122-203,7,12,MATALE,0.6137,ocr_3of3,0.6137,0.6137,0.6137,0.6137
COP2122-203,7,12,KANDY,0.6746,ocr_3of3,0.6746,0.6746,0.6746,0.6850
COP2122-203,7,12,NUWARA ELIYA,0.5367,ocr_2of3_third_unreadable,,0.5367,0.5367,0.5367
COP2122-203,7,12,GALLE,0.6850,ocr_3of3,0.6850,0.6850,0.6850,0.6916
COP2122-203,7,12,MATARA,0.7028,ocr_3of3,0.7028,0.7028,0.7028,0.7072
COP2122-203,7,12,HAMBANTOTA,0.6587,ocr_3of3,0.6587,0.6587,0.6587,0.6421
COP2122-203,7,12,JAFFNA,0.6482,ocr_3of3,0.6482,0.6482,0.6482,0.6630
COP2122-203,7,12,KILINOCHCHI,0.2282,ocr_3of3,0.2282,0.2282,0.2282,0.2282
COP2122-203,7,12,MANNAR,0.1988,ocr_3of3,0.1988,0.1988,0.1988,0.1988
COP2122-203,7,12,MULLAITIVU,0.4261,ocr_3of3,0.4261,0.4261,0.4261,0.4261
COP2122-203,7,12,VAVUNIYA,0.4666,ocr_3of3,0.4666,0.4666,0.4666,0.4666
COP2122-203,7,12,TRINCOMALEE,0.5709,ocr_3of3,0.5709,0.5709,0.5709,0.5709
COP2122-203,7,12,BATTICALOA,0.5373,ocr_3of3,0.5373,0.5373,0.5373,0.5373
COP2122-203,7,12,AMPARA,0.6706,ocr_3of3,0.6706,0.6706,0.6706,0.6768
COP2122-203,7,12,PUTTALAM,0.4732,ocr_3of3,0.4732,0.4732,0.4732,0.5022
COP2122-203,7,12,KURUNEGALA,0.6608,ocr_3of3,0.6608,0.6608,0.6608,0.6620
COP2122-203,7,12,ANURADHAPURA,0.5641,ocr_3of3,0.5641,0.5641,0.5641,0.5641
COP2122-203,7,12,POLONNARUWA,0.5611,ocr_3of3,0.5611,0.5611,0.5611,0.5611
COP2122-203,7,12,BADULLA,0.5714,ocr_3of3,0.5714,0.5714,0.5714,0.5806
COP2122-203,7,12,MONARAGALA,0.4850,ocr_3of3,0.4850,0.4850,0.4850,0.4875
COP2122-203,7,12,KEGALLE,0.6880,ocr_3of3,0.6880,0.6880,0.6880,0.7067
COP2122-203,7,12,RATNAPURA,0.5978,ocr_3of3,0.5978,0.5978,0.5978,0.6052
COP2122-204,7,13,COLOMBO,0.6814,ocr_3of3,0.6814,0.6814,0.6814,0.6902
COP2122-204,7,13,GAMPAHA,0.6849,ocr_3of3,0.6849,0.6849,0.6849,0.6995
COP2122-204,7,13,KALUTARA,0.7093,ocr_3of3,0.7093,0.7093,0.7093,0.7288
COP2122-204,7,13,MATALE,0.5803,ocr_3of3,0.5803,0.5803,0.5803,0.5803
COP2122-204,7,13,KANDY,0.6702,ocr_3of3,0.6702,0.6702,0.6702,0.6703
COP2122-204,7,13,NUWARA ELIYA,0.4481,ocr_2of3_third_unreadable,,0.4481,0.4481,0.4481
COP2122-204,7,13,GALLE,0.7087,ocr_3of3,0.7087,0.7087,0.7087,0.7109
COP2122-204,7,13,MATARA,0.7080,ocr_3of3,0.7080,0.7080,0.7080,0.7188
COP2122-204,7,13,HAMBANTOTA,0.7117,ocr_3of3,0.7117,0.7117,0.7117,0.7117
COP2122-204,7,13,JAFFNA,0.7064,ocr_3of3,0.7064,0.7064,0.7064,0.7285
COP2122-204,7,13,KILINOCHCHI,0.3176,ocr_3of3,0.3176,0.3176,0.3176,0.3176
COP2122-204,7,13,MANNAR,0.0991,ocr_3of3,0.0991,0.0991,0.0991,0.0991
COP2122-204,7,13,MULLAITIVU,0.3125,ocr_3of3,0.3125,0.3125,0.3125,0.3125
COP2122-204,7,13,VAVUNIYA,0.4349,ocr_3of3,0.4349,0.4349,0.4349,0.4349
COP2122-204,7,13,TRINCOMALEE,0.5626,ocr_3of3,0.5626,0.5626,0.5626,0.6814
COP2122-204,7,13,BATTICALOA,0.5010,ocr_3of3,0.5010,0.5010,0.5010,0.5010
COP2122-204,7,13,AMPARA,0.6514,ocr_3of3,0.6514,0.6514,0.6514,0.6514
COP2122-204,7,13,PUTTALAM,0.4493,ocr_3of3,0.4493,0.4493,0.4493,0.4543
COP2122-204,7,13,KURUNEGALA,0.7015,ocr_3of3,0.7015,0.7015,0.7015,0.7015
COP2122-204,7,13,ANURADHAPURA,0.5155,ocr_3of3,0.5155,0.5155,0.5155,0.5238
COP2122-204,7,13,POLONNARUWA,0.5631,ocr_3of3,0.5631,0.5631,0.5631,0.5631
COP2122-204,7,13,BADULLA,0.6708,ocr_3of3,0.6708,0.6708,0.6708,0.6708
COP2122-204,7,13,MONARAGALA,0.4554,ocr_3of3,0.4554,0.4554,0.4554,0.4562
COP2122-204,7,13,KEGALLE,0.7186,ocr_3of3,0.7186,0.7186,0.7186,0.7281
COP2122-204,7,13,RATNAPURA,0.6782,ocr_3of3,0.6782,0.6782,0.6782,0.6782
COP2122-205,7,14,COLOMBO,1.1918,ocr_3of3,1.1918,1.1918,1.1918,1.2035
COP2122-205,7,14,GAMPAHA,1.1805,ocr_3of3,1.1805,1.1805,1.1805,1.1805
COP2122-205,7,14,KALUTARA,1.2728,ocr_3of3,1.2728,1.2728,1.2728,1.2728
COP2122-205,7,14,MATALE,1.1920,ocr_3of3,1.1920,1.1920,1.1920,1.1920
COP2122-205,7,14,KANDY,1.2288,ocr_3of3,1.2288,1.2288,1.2288,1.2288
COP2122-205,7,14,NUWARA ELIYA,1.1111,visual_read,,,,1.1111
COP2122-205,7,14,GALLE,1.2515,ocr_3of3,1.2515,1.2515,1.2515,1.2515
COP2122-205,7,14,MATARA,1.2273,ocr_3of3,1.2273,1.2273,1.2273,1.2273
COP2122-205,7,14,HAMBANTOTA,1.2174,ocr_3of3,1.2174,1.2174,1.2174,1.2174
COP2122-205,7,14,JAFFNA,1.1538,ocr_3of3,1.1538,1.1538,1.1538,1.1538
COP2122-205,7,14,KILINOCHCHI,1.0992,ocr_3of3,1.0992,1.0992,1.0992,1.0992
COP2122-205,7,14,MANNAR,0.9999,ocr_3of3,0.9999,0.9999,0.9999,0.9999
COP2122-205,7,14,MULLAITIVU,1.0568,ocr_3of3,1.0568,1.0568,1.0568,1.0568
COP2122-205,7,14,VAVUNIYA,1.0585,ocr_3of3,1.0585,1.0585,1.0585,1.0585
COP2122-205,7,14,TRINCOMALEE,0.8701,ocr_3of3,0.8701,0.8701,0.8701,0.8701
COP2122-205,7,14,BATTICALOA,1.1382,ocr_3of3,1.1382,1.1382,1.1382,1.1382
COP2122-205,7,14,AMPARA,1.2163,ocr_3of3,1.2163,1.2163,1.2163,1.2163
COP2122-205,7,14,PUTTALAM,1.1599,ocr_3of3,1.1599,1.1599,1.1599,1.1597
COP2122-205,7,14,KURUNEGALA,1.2245,ocr_3of3,1.2245,1.2245,1.2245,1.2245
COP2122-205,7,14,ANURADHAPURA,1.2526,ocr_3of3,1.2526,1.2526,1.2526,1.2526
COP2122-205,7,14,POLONNARUWA,1.2920,ocr_3of3,1.2920,1.2920,1.2920,1.2920
COP2122-205,7,14,BADULLA,1.1490,ocr_3of3,1.1490,1.1490,1.1490,1.1490
COP2122-205,7,14,MONARAGALA,1.1313,ocr_3of3,1.1313,1.1313,1.1313,1.1313
COP2122-205,7,14,KEGALLE,1.3013,ocr_3of3,1.3013,1.3013,1.3013,1.3013
COP2122-205,7,14,RATNAPURA,1.2105,ocr_3of3,1.2105,1.2105,1.2105,1.2105
COP2122-206,7,15,COLOMBO,1.4017,ocr_3of3,1.4017,1.4017,1.4017,1.4017
COP2122-206,7,15,GAMPAHA,1.4718,ocr_3of3,1.4718,1.4718,1.4718,1.4718
COP2122-206,7,15,KALUTARA,1.5275,ocr_3of3,1.5275,1.5275,1.5275,1.5275
COP2122-206,7,15,MATALE,1.5921,ocr_3of3,1.5921,1.5921,1.5921,1.5921
COP2122-206,7,15,KANDY,1.4957,ocr_3of3,1.4957,1.4957,1.4957,1.4957
COP2122-206,7,15,NUWARA ELIYA,1.5892,ocr_2of3_third_unreadable,,1.5892,1.5892,1.5892
COP2122-206,7,15,GALLE,1.5627,ocr_3of3,1.5627,1.5627,1.5627,1.5627
COP2122-206,7,15,MATARA,1.4561,ocr_3of3,1.4561,1.4561,1.4561,1.4561
COP2122-206,7,15,HAMBANTOTA,1.5088,ocr_3of3,1.5088,1.5088,1.5088,1.5088
COP2122-206,7,15,JAFFNA,1.4172,ocr_3of3,1.4172,1.4172,1.4172,1.4172
COP2122-206,7,15,KILINOCHCHI,1.5582,ocr_3of3,1.5582,1.5582,1.5582,1.5582
COP2122-206,7,15,MANNAR,1.2317,ocr_3of3,1.2317,1.2317,1.2317,1.2317
COP2122-206,7,15,MULLAITIVU,1.5116,ocr_3of3,1.5116,1.5116,1.5116,1.5116
COP2122-206,7,15,VAVUNIYA,1.4079,ocr_3of3,1.4079,1.4079,1.4079,1.4079
COP2122-206,7,15,TRINCOMALEE,1.5565,ocr_3of3,1.5565,1.5565,1.5565,1.5565
COP2122-206,7,15,BATTICALOA,1.5665,ocr_3of3,1.5665,1.5665,1.5665,1.5665
COP2122-206,7,15,AMPARA,1.4995,ocr_3of3,1.4995,1.4995,1.4995,1.6037
COP2122-206,7,15,PUTTALAM,1.3282,ocr_3of3,1.3282,1.3282,1.3282,1.3282
COP2122-206,7,15,KURUNEGALA,1.4983,ocr_3of3,1.4983,1.4983,1.4983,1.4983
COP2122-206,7,15,ANURADHAPURA,1.5192,ocr_3of3,1.5192,1.5192,1.5192,1.5192
COP2122-206,7,15,POLONNARUWA,1.3053,ocr_3of3,1.3053,1.3053,1.3053,1.3053
COP2122-206,7,15,BADULLA,1.5575,ocr_3of3,1.5575,1.5575,1.5575,1.5575
COP2122-206,7,15,MONARAGALA,1.5377,ocr_3of3,1.5377,1.5377,1.5377,1.5377
COP2122-206,7,15,KEGALLE,1.5036,ocr_3of3,1.5036,1.5036,1.5036,1.5036
COP2122-206,7,15,RATNAPURA,1.5310,ocr_3of3,1.5310,1.5310,1.5310,1.5310
COP2122-207,7,16,COLOMBO,1.7728,ocr_3of3,1.7728,1.7728,1.7728,1.7728
COP2122-207,7,16,GAMPAHA,1.7541,ocr_3of3,1.7541,1.7541,1.7541,1.7835
COP2122-207,7,16,KALUTARA,1.7671,ocr_3of3,1.7671,1.7671,1.7671,1.7680
COP2122-207,7,16,MATALE,1.8856,ocr_3of3,1.8856,1.8856,1.8856,1.8856
COP2122-207,7,16,KANDY,1.7680,ocr_3of3,1.7680,1.7680,1.7680,1.7680
COP2122-207,7,16,NUWARA ELIYA,1.7753,ocr_2of3_third_unreadable,,1.7753,1.7753,1.7753
COP2122-207,7,16,GALLE,1.7983,ocr_3of3,1.7983,1.7983,1.7983,1.7983
COP2122-207,7,16,MATARA,1.8046,ocr_3of3,1.8046,1.8046,1.8046,1.8046
COP2122-207,7,16,HAMBANTOTA,1.7738,ocr_3of3,1.7738,1.7738,1.7738,1.7738
COP2122-207,7,16,JAFFNA,1.8101,ocr_3of3,1.8101,1.8101,1.8101,1.8101
COP2122-207,7,16,KILINOCHCHI,NQC,ocr_3of3,NQC,NQC,NQC,NQC
COP2122-207,7,16,MANNAR,NQC,ocr_3of3,NQC,NQC,NQC,NQC
COP2122-207,7,16,MULLAITIVU,NQC,ocr_3of3,NQC,NQC,NQC,NQC
COP2122-207,7,16,VAVUNIYA,NQC,ocr_3of3,NQC,NQC,NQC,NQC
COP2122-207,7,16,TRINCOMALEE,1.8292,ocr_3of3,1.8292,1.8292,1.8292,1.8292
COP2122-207,7,16,BATTICALOA,1.7839,ocr_3of3,1.7839,1.7839,1.7839,1.7839
COP2122-207,7,16,AMPARA,1.7709,ocr_3of3,1.7709,1.7709,1.7709,1.7709
COP2122-207,7,16,PUTTALAM,1.7758,ocr_3of3,1.7758,1.7758,1.7758,1.7758
COP2122-207,7,16,KURUNEGALA,1.7854,ocr_3of3,1.7854,1.7854,1.7854,1.7854
COP2122-207,7,16,ANURADHAPURA,1.7796,ocr_3of3,1.7796,1.7796,1.7796,1.7796
COP2122-207,7,16,POLONNARUWA,1.8495,ocr_3of3,1.8495,1.8495,1.8495,1.8495
COP2122-207,7,16,BADULLA,1.7835,ocr_3of3,1.7835,1.7835,1.7835,1.7835
COP2122-207,7,16,MONARAGALA,1.7680,ocr_3of3,1.7680,1.7680,1.7680,1.7680
COP2122-207,7,16,KEGALLE,1.7902,ocr_3of3,1.7902,1.7902,1.7902,1.7902
COP2122-207,7,16,RATNAPURA,1.7588,ocr_3of3,1.7588,1.7588,1.7588,1.7700
COP2122-208,7,17,COLOMBO,1.9678,ocr_3of3,1.9678,1.9678,1.9678,1.9921
COP2122-208,7,17,GAMPAHA,1.9888,ocr_3of3,1.9888,1.9888,1.9888,1.9888
COP2122-208,7,17,KALUTARA,1.9878,ocr_3of3,1.9878,1.9878,1.9878,1.9878
COP2122-208,7,17,MATALE,2.0972,ocr_3of3,2.0972,2.0972,2.0972,2.0972
COP2122-208,7,17,KANDY,2.0370,ocr_3of3,2.0370,2.0370,2.0370,2.0370
COP2122-208,7,17,NUWARA ELIYA,1.9772,ocr_2of3_third_unreadable,,1.9772,1.9772,1.9772
COP2122-208,7,17,GALLE,2.0890,ocr_3of3,2.0890,2.0890,2.0890,2.0890
COP2122-208,7,17,MATARA,1.9936,ocr_3of3,1.9936,1.9936,1.9936,1.9936
COP2122-208,7,17,HAMBANTOTA,1.9748,ocr_3of3,1.9748,1.9748,1.9748,1.9748
COP2122-208,7,17,JAFFNA,2.0335,ocr_3of3,2.0335,2.0335,2.0335,2.0335
COP2122-208,7,17,KILINOCHCHI,NQC,ocr_3of3,NQC,NQC,NQC,NQC
COP2122-208,7,17,MANNAR,NQC,ocr_3of3,NQC,NQC,NQC,NQC
COP2122-208,7,17,MULLAITIVU,NQC,ocr_3of3,NQC,NQC,NQC,NQC
COP2122-208,7,17,VAVUNIYA,NQC,ocr_3of3,NQC,NQC,NQC,NQC
COP2122-208,7,17,TRINCOMALEE,2.2726,ocr_3of3,2.2726,2.2726,2.2726,2.2726
COP2122-208,7,17,BATTICALOA,1.9767,ocr_3of3,1.9767,1.9767,1.9767,1.9767
COP2122-208,7,17,AMPARA,2.0427,ocr_3of3,2.0427,2.0427,2.0427,2.0427
COP2122-208,7,17,PUTTALAM,2.0322,ocr_3of3,2.0322,2.0322,2.0322,2.0322
COP2122-208,7,17,KURUNEGALA,1.9878,ocr_3of3,1.9878,1.9878,1.9878,1.9878
COP2122-208,7,17,ANURADHAPURA,1.9830,ocr_3of3,1.9830,1.9830,1.9830,1.9830
COP2122-208,7,17,POLONNARUWA,2.1695,ocr_3of3,2.1695,2.1695,2.1695,2.1695
COP2122-208,7,17,BADULLA,1.9767,ocr_3of3,1.9767,1.9767,1.9767,1.9767
COP2122-208,7,17,MONARAGALA,1.9810,ocr_3of3,1.9810,1.9810,1.9810,1.9810
COP2122-208,7,17,KEGALLE,2.0092,ocr_3of3,2.0092,2.0092,2.0092,2.0092
COP2122-208,7,17,RATNAPURA,1.9791,ocr_3of3,1.9791,1.9791,1.9791,1.9791
COP2122-209,7,18,COLOMBO,1.6683,ocr_3of3,1.6683,1.6683,1.6683,1.6822
COP2122-209,7,18,GAMPAHA,1.6741,ocr_3of3,1.6741,1.6741,1.6741,1.6741
COP2122-209,7,18,KALUTARA,1.6779,ocr_3of3,1.6779,1.6779,1.6779,1.6779
COP2122-209,7,18,MATALE,1.6789,ocr_3of3,1.6789,1.6789,1.6789,1.6789
COP2122-209,7,18,KANDY,1.6721,ocr_3of3,1.6721,1.6721,1.6721,1.6769
COP2122-209,7,18,NUWARA ELIYA,1.6987,ocr_2of3_third_unreadable,,1.6987,1.6987,1.6987
COP2122-209,7,18,GALLE,1.6740,ocr_3of3,1.6740,1.6740,1.6740,1.6740
COP2122-209,7,18,MATARA,1.6847,ocr_3of3,1.6847,1.6847,1.6847,1.6847
COP2122-209,7,18,HAMBANTOTA,1.6750,ocr_3of3,1.6750,1.6750,1.6750,1.6750
COP2122-209,7,18,JAFFNA,1.7323,ocr_3of3,1.7323,1.7323,1.7323,1.7323
COP2122-209,7,18,KILINOCHCHI,NQC,ocr_3of3,NQC,NQC,NQC,NQC
COP2122-209,7,18,MANNAR,1.7198,ocr_3of3,1.7198,1.7198,1.7198,1.7198
COP2122-209,7,18,MULLAITIVU,NQC,ocr_3of3,NQC,NQC,NQC,NQC
COP2122-209,7,18,VAVUNIYA,NQC,ocr_3of3,NQC,NQC,NQC,NQC
COP2122-209,7,18,TRINCOMALEE,1.7233,ocr_3of3,1.7233,1.7233,1.7233,1.7233
COP2122-209,7,18,BATTICALOA,1.7174,ocr_3of3,1.7174,1.7174,1.7174,1.7174
COP2122-209,7,18,AMPARA,1.7170,ocr_3of3,1.7170,1.7170,1.7170,1.7170
COP2122-209,7,18,PUTTALAM,1.6774,ocr_3of3,1.6774,1.6774,1.6774,1.6774
COP2122-209,7,18,KURUNEGALA,1.6746,ocr_3of3,1.6746,1.6746,1.6746,1.6746
COP2122-209,7,18,ANURADHAPURA,1.6881,ocr_3of3,1.6881,1.6881,1.6881,1.6881
COP2122-209,7,18,POLONNARUWA,1.9386,ocr_3of3,1.9386,1.9386,1.9386,1.9386
COP2122-209,7,18,BADULLA,1.7011,ocr_3of3,1.7011,1.7011,1.7011,1.7011
COP2122-209,7,18,MONARAGALA,NQC,ocr_3of3,NQC,NQC,NQC,NQC
COP2122-209,7,18,KEGALLE,1.6919,ocr_3of3,1.6919,1.6919,1.6919,1.6919
COP2122-209,7,18,RATNAPURA,1.7064,ocr_3of3,1.7064,1.7064,1.7064,1.7064
COP2122-210,7,19,COLOMBO,1.1695,ocr_3of3,1.1695,1.1695,1.1695,1.1695
COP2122-210,7,19,GAMPAHA,1.1565,ocr_3of3,1.1565,1.1565,1.1565,1.1565
COP2122-210,7,19,KALUTARA,1.1282,ocr_3of3,1.1282,1.1282,1.1282,1.1282
COP2122-210,7,19,MATALE,1.2615,ocr_3of3,1.2615,1.2615,1.2615,1.2615
COP2122-210,7,19,KANDY,1.0360,ocr_3of3,1.0360,1.0360,1.0360,1.0360
COP2122-210,7,19,NUWARA ELIYA,0.9040,ocr_2of3_third_unreadable,,0.9040,0.9040,0.9040
COP2122-210,7,19,GALLE,1.2466,ocr_3of3,1.2466,1.2466,1.2466,1.2466
COP2122-210,7,19,MATARA,1.4037,ocr_3of3,1.4037,1.4037,1.4037,1.4037
COP2122-210,7,19,HAMBANTOTA,1.1449,ocr_3of3,1.1449,I. 1449,I.1449,1.1449
COP2122-210,7,19,JAFFNA,0.8447,ocr_3of3,0.8447,0.8447,0.8447,0.8524
COP2122-210,7,19,KILINOCHCHI,0.4042,ocr_3of3,0.4042,0.4042,O.4042,0.4042
COP2122-210,7,19,MANNAR,0.1165,ocr_3of3,0.1165,0.1165,0.1165,0.1638
COP2122-210,7,19,MULLAITIVU,0.3960,ocr_3of3,0.3960,0.3960,0.3960,0.3960
COP2122-210,7,19,VAVUNIYA,0.5348,ocr_3of3,0.5348,0.5348,0.5348,0.6683
COP2122-210,7,19,TRINCOMALEE,0.6635,ocr_3of3,0.6635,0.6635,0.6635,0.6929
COP2122-210,7,19,BATTICALOA,1.1753,ocr_3of3,1.1753,1.1753,1.1753,1.1753
COP2122-210,7,19,AMPARA,1.0226,ocr_3of3,1.0226,1.0226,1.0226,1.0226
COP2122-210,7,19,PUTTALAM,0.8745,ocr_3of3,0.8745,0.8745,0.8745,0.8745
COP2122-210,7,19,KURUNEGALA,1.2254,ocr_3of3,1.2254,1.2254,1.2254,1.2186
COP2122-210,7,19,ANURADHAPURA,1.1422,ocr_3of3,1.1422,1.1422,1.1422,1.1422
COP2122-210,7,19,POLONNARUWA,0.8939,ocr_3of3,0.8939,0.8939,0.8939,0.8939
COP2122-210,7,19,BADULLA,1.0876,ocr_3of3,1.0876,1.0876,1.0876,1.0938
COP2122-210,7,19,MONARAGALA,1.2418,ocr_3of3,1.2418,1.2418,1.2418,1.2418
COP2122-210,7,19,KEGALLE,1.2788,ocr_3of3,1.2788,1.2788,1.2788,1.2788
COP2122-210,7,19,RATNAPURA,1.1059,ocr_3of3,1.1059,1.1059,1.1059,1.1059
COP2122-211,7,20,COLOMBO,1.3333,ocr_3of3,1.3333,1.3333,1.3333,1.3333
COP2122-211,7,20,GAMPAHA,1.3469,ocr_3of3,1.3469,1.3469,1.3469,1.3469
COP2122-211,7,20,KALUTARA,1.3420,ocr_3of3,1.3420,1.3420,1.3420,1.3420
COP2122-211,7,20,MATALE,NQC,ocr_3of3,NQC,NQC,NQC,NQC
COP2122-211,7,20,KANDY,1.3516,ocr_3of3,1.3516,1.3516,1.3516,1.3516
COP2122-211,7,20,NUWARA ELIYA,1.3800,ocr_2of3_third_unreadable,,1.3800,1.3800,1.3800
COP2122-211,7,20,GALLE,1.3454,ocr_3of3,1.3454,I .3454,1.3454,1.3454
COP2122-211,7,20,MATARA,1.3435,ocr_3of3,1.3435,1.3435,1.3435,1.3700
COP2122-211,7,20,HAMBANTOTA,1.3694,ocr_3of3,1.3694,1.3694,1.3694,1.3694
COP2122-211,7,20,JAFFNA,NQC,ocr_3of3,NQC,NQC,NQC,NQC
COP2122-211,7,20,KILINOCHCHI,NQC,ocr_3of3,NQC,NQC,NQC,NQC
COP2122-211,7,20,MANNAR,NQC,ocr_3of3,NQC,NQC,NQC,NQC
COP2122-211,7,20,MULLAITIVU,NQC,ocr_3of3,NQC,NQC,NQC,NQC
COP2122-211,7,20,VAVUNIYA,NQC,ocr_3of3,NQC,NQC,NQC,NQC
COP2122-211,7,20,TRINCOMALEE,1.5168,ocr_3of3,1.5168,1.5168,1.5168,1.5168
COP2122-211,7,20,BATTICALOA,1.3327,ocr_3of3,1.3327,1.3327,1.3327,1.3327
COP2122-211,7,20,AMPARA,1.3333,ocr_3of3,1.3333,1.3333,1.3333,1.3333
COP2122-211,7,20,PUTTALAM,1.3342,ocr_3of3,1.3342,1.3342,1.3342,1.3342
COP2122-211,7,20,KURUNEGALA,1.3378,ocr_3of3,1.3378,1.3378,1.3378,1.3378
COP2122-211,7,20,ANURADHAPURA,1.3660,ocr_3of3,1.3660,1.3660,1.3660,1.3660
COP2122-211,7,20,POLONNARUWA,1.6716,ocr_3of3,1.6716,1.6716,1.6716,1.6716
COP2122-211,7,20,BADULLA,1.3589,ocr_3of3,1.3589,1.3589,1.3589,1.3589
COP2122-211,7,20,MONARAGALA,1.3507,ocr_3of3,1.3507,1.3507,1.3507,1.3507
COP2122-211,7,20,KEGALLE,1.3494,ocr_3of3,1.3494,I .3494,I.3494,1.3494
COP2122-211,7,20,RATNAPURA,1.3927,ocr_3of3,1.3927,1.3927,1.3927,1.3927
COP2122-212,7,21,COLOMBO,1.1391,ocr_3of3,1.1391,1.1391,1.1391,1.1406
COP2122-212,7,21,GAMPAHA,1.1502,ocr_3of3,1.1502,1.1502,1.1502,1.1849
COP2122-212,7,21,KALUTARA,1.2124,ocr_3of3,1.2124,1.2124,1.2124,1.2124
COP2122-212,7,21,MATALE,1.2543,ocr_3of3,1.2543,1.2543,1.2543,1.2543
COP2122-212,7,21,KANDY,1.0656,ocr_3of3,1.0656,1.0656,1.0656,1.0656
COP2122-212,7,21,NUWARA ELIYA,1.0572,ocr_2of3_third_unreadable,,1.0572,1.0572,1.0572
COP2122-212,7,21,GALLE,1.4678,ocr_3of3,1.4678,1.4678,1.4678,1.4678
COP2122-212,7,21,MATARA,NQC,ocr_3of3,NQC,NQC,NQC,NQC
COP2122-212,7,21,HAMBANTOTA,1.0654,ocr_3of3,1.0654,1.0654,1.0654,1.0654
COP2122-212,7,21,JAFFNA,1.0702,ocr_3of3,1.0702,1.0702,1.0702,1.0702
COP2122-212,7,21,KILINOCHCHI,NQC,ocr_3of3,NQC,NQC,NQC,NQC
COP2122-212,7,21,MANNAR,NQC,ocr_3of3,NQC,NQC,NQC,NQC
COP2122-212,7,21,MULLAITIVU,NQC,ocr_3of3,NQC,NQC,NQC,NQC
COP2122-212,7,21,VAVUNIYA,NQC,ocr_3of3,NQC,NQC,NQC,1.2080
COP2122-212,7,21,TRINCOMALEE,1.1676,ocr_3of3,1.1676,1.1676,1.1676,1.1676
COP2122-212,7,21,BATTICALOA,1.2205,ocr_3of3,1.2205,1.2205,1.2205,1.2205
COP2122-212,7,21,AMPARA,1.0890,ocr_3of3,1.0890,1.0890,1.0890,1.0890
COP2122-212,7,21,PUTTALAM,1.0454,ocr_2of3_third_unreadable,1.0454,,I.0454,1.0454
COP2122-212,7,21,KURUNEGALA,1.2081,ocr_3of3,1.2081,1.2081,1.2081,1.2225
COP2122-212,7,21,ANURADHAPURA,1.1213,ocr_3of3,1.1213,1.1213,1.1213,1.1213
COP2122-212,7,21,POLONNARUWA,1.0591,ocr_3of3,1.0591,1.0591,1.0591,1.0591
COP2122-212,7,21,BADULLA,1.0880,ocr_3of3,1.0880,1.0880,1.0880,1.0880
COP2122-212,7,21,MONARAGALA,1.1078,ocr_3of3,1.1078,1.1078,1.1078,1.1078
COP2122-212,7,21,KEGALLE,1.2346,ocr_3of3,1.2346,1.2346,1.2346,1.2346
COP2122-212,7,21,RATNAPURA,1.1040,ocr_3of3,1.1040,I. 1040,I.1040,1.1040
COP2122-213,7,22,COLOMBO,1.1363,ocr_3of3,1.1363,1.1363,1.1363,1.1473
COP2122-213,7,22,GAMPAHA,1.1888,ocr_3of3,1.1888,1.1888,1.1888,1.1888
COP2122-213,7,22,KALUTARA,1.1598,ocr_3of3,1.1598,1.1598,1.1598,1.1598
COP2122-213,7,22,MATALE,1.2292,ocr_3of3,1.2292,1.2292,1.2292,1.2292
COP2122-213,7,22,KANDY,1.1960,ocr_3of3,1.1960,1.1960,1.1960,1.1960
COP2122-213,7,22,NUWARA ELIYA,1.1363,ocr_2of3_third_unreadable,,1.1363,1.1363,1.2764
COP2122-213,7,22,GALLE,1.2601,ocr_3of3,1.2601,1.2601,1.2601,1.2601
COP2122-213,7,22,MATARA,1.3584,ocr_3of3,1.3584,1.3584,1.3584,1.3584
COP2122-213,7,22,HAMBANTOTA,1.1473,ocr_3of3,1.1473,1.1473,1.1473,1.1473
COP2122-213,7,22,JAFFNA,NQC,ocr_3of3,NQC,NQC,NQC,NQC
COP2122-213,7,22,KILINOCHCHI,NQC,ocr_3of3,NQC,NQC,NQC,NQC
COP2122-213,7,22,MANNAR,NQC,ocr_3of3,NQC,NQC,NQC,NQC
COP2122-213,7,22,MULLAITIVU,NQC,ocr_3of3,NQC,NQC,NQC,NQC
COP2122-213,7,22,VAVUNIYA,NQC,ocr_3of3,NQC,NQC,NQC,NQC
COP2122-213,7,22,TRINCOMALEE,NQC,ocr_3of3,NQC,NQC,NQC,NQC
COP2122-213,7,22,BATTICALOA,1.2581,ocr_3of3,1.2581,1.2581,1.2581,1.2581
COP2122-213,7,22,AMPARA,1.1507,ocr_3of3,1.1507,1.1507,1.1507,1.1507
COP2122-213,7,22,PUTTALAM,1.2712,ocr_3of3,1.2712,1.2712,1.2712,1.2712
COP2122-213,7,22,KURUNEGALA,1.1922,ocr_3of3,1.1922,1.1922,1.1922,1.2150
COP2122-213,7,22,ANURADHAPURA,1.1941,ocr_3of3,1.1941,1.1941,1.1941,1.1941
COP2122-213,7,22,POLONNARUWA,1.2345,ocr_3of3,1.2345,1.2345,1.2345,1.2345
COP2122-213,7,22,BADULLA,1.2654,ocr_3of3,1.2654,1.2654,1.2654,1.2654
COP2122-213,7,22,MONARAGALA,1.2316,ocr_3of3,1.2316,1.2316,1.2316,1.2316
COP2122-213,7,22,KEGALLE,1.2331,ocr_3of3,1.2331,1.2331,1.2331,1.2331
COP2122-213,7,22,RATNAPURA,1.1521,ocr_3of3,1.1521,1.1521,1.1521,1.1521
COP2122-214,7,23,COLOMBO,1.2979,ocr_3of3,1.2979,1.2979,1.2979,1.3078
COP2122-214,7,23,GAMPAHA,1.3047,ocr_3of3,1.3047,1.3047,1.3047,1.3088
COP2122-214,7,23,KALUTARA,1.3256,ocr_3of3,1.3256,1.3256,1.3256,1.3256
COP2122-214,7,23,MATALE,1.3088,ocr_3of3,1.3088,1.3088,1.3088,1.3088
COP2122-214,7,23,KANDY,1.3622,ocr_3of3,1.3622,1.3622,1.3622,1.3622
COP2122-214,7,23,NUWARA ELIYA,1.3396,ocr_2of3_third_unreadable,,1.3396,1.3396,1.3396
COP2122-214,7,23,GALLE,1.3160,ocr_3of3,1.3160,1.3160,1.3160,1.3160
COP2122-214,7,23,MATARA,1.4654,ocr_2of3_third_unreadable,1.4654,,I.4654,1.4654
COP2122-214,7,23,HAMBANTOTA,1.3102,ocr_3of3,1.3102,1.3102,1.3102,1.3102
COP2122-214,7,23,JAFFNA,1.3382,ocr_3of3,1.3382,1.3382,1.3382,1.3382
COP2122-214,7,23,KILINOCHCHI,NQC,ocr_3of3,NQC,NQC,NQC,NQC
COP2122-214,7,23,MANNAR,1.6335,ocr_3of3,1.6335,1.6335,1.6335,1.6335
COP2122-214,7,23,MULLAITIVU,NQC,ocr_3of3,NQC,NQC,NQC,NQC
COP2122-214,7,23,VAVUNIYA,NQC,ocr_3of3,NQC,NQC,NQC,NQC
COP2122-214,7,23,TRINCOMALEE,1.4186,ocr_3of3,1.4186,1.4186,1.4186,1.4186
COP2122-214,7,23,BATTICALOA,1.3536,ocr_3of3,1.3536,1.3536,1.3536,1.3536
COP2122-214,7,23,AMPARA,1.3150,ocr_3of3,1.3150,1.3150,1.3150,1.3150
COP2122-214,7,23,PUTTALAM,1.2986,ocr_3of3,1.2986,1.2986,1.2986,1.3111
COP2122-214,7,23,KURUNEGALA,1.2991,ocr_3of3,1.2991,1.2991,1.2991,1.3160
COP2122-214,7,23,ANURADHAPURA,1.3068,ocr_3of3,1.3068,1.3068,1.3068,1.3068
COP2122-214,7,23,POLONNARUWA,1.5358,ocr_3of3,1.5358,1.5358,1.5358,1.5358
COP2122-214,7,23,BADULLA,1.3324,ocr_3of3,1.3324,1.3324,1.3324,1.3324
COP2122-214,7,23,MONARAGALA,1.4582,ocr_3of3,1.4582,1.4582,1.4582,1.4582
COP2122-214,7,23,KEGALLE,1.3058,ocr_3of3,1.3058,1.3058,1.3058,1.3058
COP2122-214,7,23,RATNAPURA,1.3299,ocr_3of3,1.3299,1.3299,1.3299,1.3299
COP2122-215,7,24,COLOMBO,1.1294,ocr_3of3,1.1294,1.1294,1.1294,1.1459
COP2122-215,7,24,GAMPAHA,1.1579,ocr_3of3,1.1579,1.1579,1.1579,1.1579
COP2122-215,7,24,KALUTARA,1.1095,ocr_3of3,1.1095,1.1095,1.1095,1.1095
COP2122-215,7,24,MATALE,1.3681,ocr_3of3,1.3681,1.3681,1.3681,1.3681
COP2122-215,7,24,KANDY,1.0182,ocr_3of3,1.0182,1.0182,1.0182,1.0182
COP2122-215,7,24,NUWARA ELIYA,0.9859,ocr_2of3_third_unreadable,,0.9859,0.9859,0.9859
COP2122-215,7,24,GALLE,1.2389,ocr_3of3,1.2389,1.2389,1.2389,1.2389
COP2122-215,7,24,MATARA,1.3657,ocr_3of3,1.3657,1.3657,1.3657,1.3657
COP2122-215,7,24,HAMBANTOTA,1.0625,ocr_3of3,1.0625,1.0625,1.0625,1.0625
COP2122-215,7,24,JAFFNA,1.0037,ocr_3of3,1.0037,1.0037,1.0037,1.0037
COP2122-215,7,24,KILINOCHCHI,NQC,ocr_3of3,NQC,NQC,NQC,NQC
COP2122-215,7,24,MANNAR,NQC,ocr_3of3,NQC,NQC,NQC,NQC
COP2122-215,7,24,MULLAITIVU,NQC,ocr_3of3,NQC,NQC,NQC,NQC
COP2122-215,7,24,VAVUNIYA,NQC,ocr_3of3,NQC,NQC,NQC,NQC
COP2122-215,7,24,TRINCOMALEE,1.2418,ocr_3of3,1.2418,1.2418,1.2418,1.2418
COP2122-215,7,24,BATTICALOA,1.1729,ocr_3of3,1.1729,1.1729,1.1729,1.1729
COP2122-215,7,24,AMPARA,1.0022,ocr_3of3,1.0022,1.0022,1.0022,1.0022
COP2122-215,7,24,PUTTALAM,1.1527,ocr_3of3,1.1527,1.1527,1.1527,1.1527
COP2122-215,7,24,KURUNEGALA,1.2204,ocr_3of3,1.2204,1.2204,1.2204,1.2204
COP2122-215,7,24,ANURADHAPURA,1.1450,ocr_3of3,1.1450,1.1450,1.1450,1.1450
COP2122-215,7,24,POLONNARUWA,0.9810,ocr_3of3,0.9810,0.9810,0.9810,0.9873
COP2122-215,7,24,BADULLA,1.1471,ocr_3of3,1.1471,1.1471,1.1471,1.1367
COP2122-215,7,24,MONARAGALA,1.1492,ocr_3of3,1.1492,1.1492,1.1492,1.1492
COP2122-215,7,24,KEGALLE,1.2532,ocr_3of3,1.2532,1.2532,1.2532,1.2532
COP2122-215,7,24,RATNAPURA,1.0976,ocr_3of3,1.0976,1.0976,1.0976,1.0976
COP2122-216,7,25,COLOMBO,1.7455,ocr_3of3,1.7455,1.7455,1.7455,1.7455
COP2122-216,7,25,GAMPAHA,1.7766,ocr_3of3,1.7766,1.7766,1.7766,1.7766
COP2122-216,7,25,KALUTARA,1.7734,ocr_3of3,1.7734,1.7734,1.7734,1.7734
COP2122-216,7,25,MATALE,1.8145,ocr_3of3,1.8145,1.8145,1.8145,1.8145
COP2122-216,7,25,KANDY,1.7642,ocr_3of3,1.7642,1.7642,1.7642,1.7642
COP2122-216,7,25,NUWARA ELIYA,1.7794,ocr_2of3_third_unreadable,,1.7794,1.7794,1.7794
COP2122-216,7,25,GALLE,1.7683,ocr_3of3,1.7683,1.7683,1.7683,1.7683
COP2122-216,7,25,MATARA,1.7451,ocr_3of3,1.7451,1.7451,1.7451,1.7451
COP2122-216,7,25,HAMBANTOTA,1.8127,ocr_3of3,1.8127,1.8127,1.8127,1.8127
COP2122-216,7,25,JAFFNA,1.8824,ocr_3of3,1.8824,1.8824,1.8824,1.8824
COP2122-216,7,25,KILINOCHCHI,NQC,ocr_3of3,NQC,NQC,NQC,NQC
COP2122-216,7,25,MANNAR,2.0026,ocr_3of3,2.0026,2.0026,2.0026,2.0026
COP2122-216,7,25,MULLAITIVU,1.8202,ocr_3of3,1.8202,1.8202,1.8202,1.8202
COP2122-216,7,25,VAVUNIYA,1.8801,ocr_3of3,1.8801,1.8801,1.8801,1.8801
COP2122-216,7,25,TRINCOMALEE,1.8120,ocr_3of3,1.8120,1.8120,1.8120,1.8120
COP2122-216,7,25,BATTICALOA,1.9746,ocr_3of3,1.9746,1.9746,1.9746,1.9746
COP2122-216,7,25,AMPARA,1.8154,ocr_3of3,1.8154,1.8154,1.8154,1.8154
COP2122-216,7,25,PUTTALAM,1.8735,ocr_3of3,1.8735,1.8735,1.8735,1.8735
COP2122-216,7,25,KURUNEGALA,1.7464,ocr_3of3,1.7464,1.7464,I.7464,1.7464
COP2122-216,7,25,ANURADHAPURA,1.7476,ocr_3of3,1.7476,1.7476,1.7476,1.7476
COP2122-216,7,25,POLONNARUWA,1.7590,ocr_3of3,1.7590,1.7590,1.7590,1.7590
COP2122-216,7,25,BADULLA,1.7746,ocr_3of3,1.7746,1.7746,1.7746,1.7746
COP2122-216,7,25,MONARAGALA,1.7725,ocr_3of3,1.7725,1.7725,1.7725,1.7725
COP2122-216,7,25,KEGALLE,1.7777,ocr_3of3,1.7777,1.7777,1.7777,1.7777
COP2122-216,7,25,RATNAPURA,1.7546,ocr_3of3,1.7546,1.7546,1.7546,1.7546
COP2122-217,7,26,COLOMBO,2.0424,ocr_3of3,2.0424,2.0424,2.0424,2.0424
COP2122-217,7,26,GAMPAHA,2.0801,ocr_3of3,2.0801,2.0801,2.0801,2.0801
COP2122-217,7,26,KALUTARA,2.0743,ocr_3of3,2.0743,2.0743,2.0743,2.0743
COP2122-217,7,26,MATALE,2.3320,ocr_3of3,2.3320,2.3320,2.3320,2.3320
COP2122-217,7,26,KANDY,2.0387,ocr_3of3,2.0387,2.0387,2.0387,2.0387
COP2122-217,7,26,NUWARA ELIYA,NQC,ocr_2of3_third_unreadable,,NQC,NQC,NQC
COP2122-217,7,26,GALLE,2.2984,ocr_3of3,2.2984,2.2984,2.2984,2.2984
COP2122-217,7,26,MATARA,2.0622,ocr_3of3,2.0622,2.0622,2.0622,2.0622
COP2122-217,7,26,HAMBANTOTA,2.7210,ocr_3of3,2.7210,2.7210,2.7210,2.7210
COP2122-217,7,26,JAFFNA,2.4962,ocr_3of3,2.4962,2.4962,2.4962,2.4962
COP2122-217,7,26,KILINOCHCHI,NQC,ocr_3of3,NQC,NQC,NQC,NQC
COP2122-217,7,26,MANNAR,2.2382,ocr_3of3,2.2382,2.2382,2.2382,2.2382
COP2122-217,7,26,MULLAITIVU,2.4327,ocr_3of3,2.4327,2.4327,2.4327,2.4327
COP2122-217,7,26,VAVUNIYA,NQC,ocr_3of3,NQC,NQC,NQC,NQC
COP2122-217,7,26,TRINCOMALEE,2.2416,ocr_3of3,2.2416,2.2416,2.2416,2.2416
COP2122-217,7,26,BATTICALOA,2.0834,ocr_3of3,2.0834,2.0834,2.0834,2.0834
COP2122-217,7,26,AMPARA,2.0771,ocr_3of3,2.0771,2.0771,2.0771,2.0771
COP2122-217,7,26,PUTTALAM,2.0341,ocr_3of3,2.0341,2.0341,2.0341,2.0341
COP2122-217,7,26,KURUNEGALA,2.0645,ocr_3of3,2.0645,2.0645,2.0645,2.0645
COP2122-217,7,26,ANURADHAPURA,2.1266,ocr_3of3,2.1266,2.1266,2.1266,2.1266
COP2122-217,7,26,POLONNARUWA,NQC,ocr_3of3,NQC,NQC,NQC,NQC
COP2122-217,7,26,BADULLA,2.0743,ocr_3of3,2.0743,2.0743,2.0743,2.0743
COP2122-217,7,26,MONARAGALA,2.1224,ocr_3of3,2.1224,2.1224,2.1224,2.1224
COP2122-217,7,26,KEGALLE,2.0288,ocr_3of3,2.0288,2.0288,2.0288,2.0288
COP2122-217,7,26,RATNAPURA,2.0502,ocr_3of3,2.0502,2.0502,2.0502,2.0502
COP2122-218,7,27,COLOMBO,0.9139,ocr_3of3,0.9139,0.9139,0.9139,0.9139
COP2122-218,7,27,GAMPAHA,0.9045,ocr_3of3,0.9045,0.9045,0.9045,0.9045
COP2122-218,7,27,KALUTARA,1.0474,ocr_3of3,1.0474,I. 0474,I.0474,1.0474
COP2122-218,7,27,MATALE,1.2019,ocr_3of3,1.2019,1.2019,1.2019,1.2019
COP2122-218,7,27,KANDY,1.2227,ocr_3of3,1.2227,1.2227,1.2227,1.2227
COP2122-218,7,27,NUWARA ELIYA,1.0157,ocr_2of3_third_unreadable,,1.0157,1.0157,1.0157
COP2122-218,7,27,GALLE,1.1252,ocr_3of3,1.1252,1.1252,1.1252,1.1252
COP2122-218,7,27,MATARA,1.1649,ocr_3of3,1.1649,1.1649,1.1649,1.1649
COP2122-218,7,27,HAMBANTOTA,1.0684,ocr_3of3,1.0684,1.0684,1.0684,1.0684
COP2122-218,7,27,JAFFNA,0.8937,ocr_3of3,0.8937,0.8937,0.8937,0.8937
COP2122-218,7,27,KILINOCHCHI,NQC,ocr_3of3,NQC,NQC,NQC,NQC
COP2122-218,7,27,MANNAR,1.0279,ocr_3of3,1.0279,1.0279,1.0279,1.0279
COP2122-218,7,27,MULLAITIVU,1.6219,ocr_3of3,1.6219,1.6219,1.6219,1.8177
COP2122-218,7,27,VAVUNIYA,0.9427,ocr_3of3,0.9427,0.9427,0.9427,0.9427
COP2122-218,7,27,TRINCOMALEE,1.0335,ocr_3of3,1.0335,1.0335,1.0335,1.0335
COP2122-218,7,27,BATTICALOA,0.9380,ocr_3of3,0.9380,0.9380,0.9380,0.9380
COP2122-218,7,27,AMPARA,1.3434,ocr_3of3,1.3434,I .3434,I.3434,1.3434
COP2122-218,7,27,PUTTALAM,0.9035,ocr_3of3,0.9035,0.9035,0.9035,0.9035
COP2122-218,7,27,KURUNEGALA,1.1310,ocr_3of3,1.1310,1.1310,1.1310,1.1310
COP2122-218,7,27,ANURADHAPURA,1.0637,ocr_3of3,1.0637,1.0637,1.0637,1.0637
COP2122-218,7,27,POLONNARUWA,0.9616,ocr_3of3,0.9616,0.9616,0.9616,0.9616
COP2122-218,7,27,BADULLA,1.1743,ocr_3of3,1.1743,1.1743,1.1743,1.1743
COP2122-218,7,27,MONARAGALA,1.0982,ocr_3of3,1.0982,1.0982,1.0982,1.0982
COP2122-218,7,27,KEGALLE,NQC,ocr_3of3,NQC,NQC,NQC,NQC
COP2122-218,7,27,RATNAPURA,1.0091,ocr_3of3,1.0091,1.0091,1.0091,1.0091
COP2122-219,7,28,COLOMBO,1.5056,ocr_3of3,1.5056,1.5056,1.5056,1.5056
COP2122-219,7,28,GAMPAHA,1.6869,ocr_3of3,1.6869,1.6869,1.6869,1.6869
COP2122-219,7,28,KALUTARA,1.5699,ocr_3of3,1.5699,1.5699,1.5699,1.5699
COP2122-219,7,28,MATALE,1.5243,ocr_3of3,1.5243,1.5243,1.5243,1.5243
COP2122-219,7,28,KANDY,1.5363,ocr_3of3,1.5363,1.5363,1.5363,1.5363
COP2122-219,7,28,NUWARA ELIYA,1.5091,ocr_2of3_third_unreadable,,1.5091,1.5091,1.5091
COP2122-219,7,28,GALLE,1.5758,ocr_3of3,1.5758,1.5758,1.5758,1.5758
COP2122-219,7,28,MATARA,1.5343,ocr_3of3,1.5343,1.5343,1.5343,1.5343
COP2122-219,7,28,HAMBANTOTA,1.5457,ocr_3of3,1.5457,1.5457,1.5457,1.5457
COP2122-219,7,28,JAFFNA,NQC,ocr_3of3,NQC,NQC,NQC,NQC
COP2122-219,7,28,KILINOCHCHI,NQC,ocr_3of3,NQC,NQC,NQC,NQC
COP2122-219,7,28,MANNAR,NQC,ocr_3of3,NQC,NQC,NQC,NQC
COP2122-219,7,28,MULLAITIVU,NQC,ocr_3of3,NQC,NQC,NQC,NQC
COP2122-219,7,28,VAVUNIYA,1.5527,ocr_3of3,1.5527,1.5527,1.5527,1.5527
COP2122-219,7,28,TRINCOMALEE,1.6166,ocr_3of3,1.6166,1.6166,1.6166,1.6166
COP2122-219,7,28,BATTICALOA,NQC,ocr_3of3,NQC,NQC,NQC,NQC
COP2122-219,7,28,AMPARA,1.5053,ocr_3of3,1.5053,1.5053,1.5053,1.5053
COP2122-219,7,28,PUTTALAM,1.6921,ocr_3of3,1.6921,1.6921,1.6921,1.6921
COP2122-219,7,28,KURUNEGALA,1.5977,ocr_3of3,1.5977,1.5977,1.5977,1.5977
COP2122-219,7,28,ANURADHAPURA,1.5307,ocr_3of3,1.5307,1.5307,1.5307,1.5307
COP2122-219,7,28,POLONNARUWA,1.5371,ocr_3of3,1.5371,1.5371,1.5371,1.5371
COP2122-219,7,28,BADULLA,1.5552,ocr_3of3,1.5552,1.5552,1.5552,1.5552
COP2122-219,7,28,MONARAGALA,1.5036,ocr_3of3,1.5036,1.5036,1.5036,1.5036
COP2122-219,7,28,KEGALLE,1.5082,ocr_3of3,1.5082,1.5082,1.5082,1.5082
COP2122-219,7,28,RATNAPURA,1.5122,ocr_3of3,1.5122,1.5122,1.5122,1.5122
COP2122-220,7,29,COLOMBO,0.6223,ocr_3of3,0.6223,0.6223,0.6223,0.6223
COP2122-220,7,29,GAMPAHA,0.7256,ocr_3of3,0.7256,0.7256,0.7256,0.7256
COP2122-220,7,29,KALUTARA,1.0479,ocr_3of3,1.0479,1.0479,|.0479,1.0479
COP2122-220,7,29,MATALE,1.1156,ocr_3of3,1.1156,1.1156,1.1156,1.1156
COP2122-220,7,29,KANDY,NQC,ocr_3of3,NQC,NQC,NQC,NQC
COP2122-220,7,29,NUWARA ELIYA,NQC,ocr_2of3_third_unreadable,,NQC,NQC,NQC
COP2122-220,7,29,GALLE,1.0816,ocr_3of3,1.0816,1.0816,1.0816,1.0816
COP2122-220,7,29,MATARA,1.1884,ocr_3of3,1.1884,1.1884,1.1884,1.1884
COP2122-220,7,29,HAMBANTOTA,1.0808,ocr_3of3,1.0808,1.0808,1.0808,1.0808
COP2122-220,7,29,JAFFNA,0.6572,ocr_3of3,0.6572,0.6572,0.6572,0.6572
COP2122-220,7,29,KILINOCHCHI,0.7383,ocr_3of3,0.7383,0.7383,0.7383,0.7383
COP2122-220,7,29,MANNAR,0.8626,ocr_3of3,0.8626,0.8626,0.8626,0.8626
COP2122-220,7,29,MULLAITIVU,0.7663,ocr_3of3,0.7663,0.7663,0.7663,0.7663
COP2122-220,7,29,VAVUNIYA,0.6321,ocr_3of3,0.6321,0.6321,0.6321,0.6321
COP2122-220,7,29,TRINCOMALEE,1.3691,ocr_3of3,1.3691,1.3691,1.3691,1.3691
COP2122-220,7,29,BATTICALOA,0.8899,ocr_3of3,0.8899,0.8899,0.8899,0.8899
COP2122-220,7,29,AMPARA,1.1920,ocr_3of3,1.1920,1.1920,1.1920,1.1920
COP2122-220,7,29,PUTTALAM,0.6505,ocr_3of3,0.6505,0.6505,0.6505,0.6505
COP2122-220,7,29,KURUNEGALA,1.1965,ocr_3of3,1.1965,1.1965,1.1965,1.1965
COP2122-220,7,29,ANURADHAPURA,1.0814,ocr_3of3,1.0814,1.0814,1.0814,1.0814
COP2122-220,7,29,POLONNARUWA,0.5486,ocr_3of3,0.5486,0.5486,0.5486,0.5486
COP2122-220,7,29,BADULLA,1.1999,ocr_3of3,1.1999,1.1999,1.1999,1.1999
COP2122-220,7,29,MONARAGALA,NQC,ocr_3of3,NQC,NQC,NQC,NQC
COP2122-220,7,29,KEGALLE,NQC,ocr_3of3,NQC,NQC,NQC,NQC
COP2122-220,7,29,RATNAPURA,1.0823,ocr_3of3,1.0823,1.0823,1.0823,1.0823
COP2122-221,7,30,COLOMBO,0.6830,ocr_3of3,0.6830,0.6830,0.6830,0.6830
COP2122-221,7,30,GAMPAHA,0.7327,ocr_3of3,0.7327,0.7327,0.7327,0.7327
COP2122-221,7,30,KALUTARA,1.0351,ocr_3of3,1.0351,1.0351,1.0351,1.0351
COP2122-221,7,30,MATALE,NQC,ocr_3of3,NQC,NQC,NQC,NQC
COP2122-221,7,30,KANDY,NQC,ocr_3of3,NQC,NQC,NQC,NQC
COP2122-221,7,30,NUWARA ELIYA,0.9856,ocr_2of3_third_unreadable,,0.9856,0.9856,0.9856
COP2122-221,7,30,GALLE,1.0795,ocr_3of3,1.0795,1.0795,1.0795,1.0795
COP2122-221,7,30,MATARA,1.1790,ocr_3of3,1.1790,1.1790,1.1790,1.1790
COP2122-221,7,30,HAMBANTOTA,1.0748,ocr_3of3,1.0748,1.0748,1.0748,1.0748
COP2122-221,7,30,JAFFNA,0.6664,ocr_3of3,0.6664,0.6664,0.6664,0.6664
COP2122-221,7,30,KILINOCHCHI,0.6756,ocr_3of3,0.6756,0.6756,0.6756,0.6756
COP2122-221,7,30,MANNAR,NQC,ocr_3of3,NQC,NQC,NQC,NQC
COP2122-221,7,30,MULLAITIVU,NQC,ocr_3of3,NQC,NQC,NQC,NQC
COP2122-221,7,30,VAVUNIYA,NQC,ocr_3of3,NQC,NQC,NQC,NQC
COP2122-221,7,30,TRINCOMALEE,1.1210,ocr_3of3,1.1210,1.1210,1.1210,1.1210
COP2122-221,7,30,BATTICALOA,0.8971,ocr_3of3,0.8971,0.8971,0.8971,0.8971
COP2122-221,7,30,AMPARA,1.1828,ocr_3of3,1.1828,1.1828,1.1828,1.1828
COP2122-221,7,30,PUTTALAM,0.6612,ocr_3of3,0.6612,0.6612,0.6612,0.6612
COP2122-221,7,30,KURUNEGALA,1.1549,ocr_3of3,1.1549,1.1549,1.1549,1.1549
COP2122-221,7,30,ANURADHAPURA,1.1156,ocr_3of3,1.1156,1.1156,1.1156,1.1156
COP2122-221,7,30,POLONNARUWA,0.6846,ocr_3of3,0.6846,0.6846,0.6846,0.6846
COP2122-221,7,30,BADULLA,1.1798,ocr_3of3,1.1798,1.1798,1.1798,1.1798
COP2122-221,7,30,MONARAGALA,1.1288,ocr_3of3,1.1288,1.1288,1.1288,1.1288
COP2122-221,7,30,KEGALLE,1.4228,ocr_3of3,1.4228,1.4228,1.4228,1.4228
COP2122-221,7,30,RATNAPURA,1.0254,ocr_3of3,1.0254,1.0254,1.0254,1.0254
COP2122-222,7,31,COLOMBO,1.2141,ocr_3of3,1.2141,1.2141,1.2141,1.2141
COP2122-222,7,31,GAMPAHA,1.2185,ocr_3of3,1.2185,1.2185,1.2185,1.2185
COP2122-222,7,31,KALUTARA,1.2120,ocr_3of3,1.2120,1.2120,1.2120,1.2120
COP2122-222,7,31,MATALE,1.2531,ocr_3of3,1.2531,1.2531,1.2531,1.2531
COP2122-222,7,31,KANDY,1.2239,ocr_3of3,1.2239,1.2239,1.2239,1.2239
COP2122-222,7,31,NUWARA ELIYA,1.2177,ocr_2of3_third_unreadable,,1.2177,1.2177,1.2177
COP2122-222,7,31,GALLE,1.2098,ocr_3of3,1.2098,1.2098,1.2098,1.2098
COP2122-222,7,31,MATARA,1.2277,ocr_3of3,1.2277,1.2277,1.2277,1.2277
COP2122-222,7,31,HAMBANTOTA,NQC,ocr_2of3_third_unreadable,NQC,NQC,,NQC
COP2122-222,7,31,JAFFNA,NQC,ocr_3of3,NQC,NQC,NQC,NQC
COP2122-222,7,31,KILINOCHCHI,NQC,ocr_3of3,NQC,NQC,NQC,NQC
COP2122-222,7,31,MANNAR,1.4098,ocr_3of3,1.4098,1.4098,1.4098,1.4098
COP2122-222,7,31,MULLAITIVU,NQC,ocr_3of3,NQC,NQC,NQC,NQC
COP2122-222,7,31,VAVUNIYA,NQC,ocr_3of3,NQC,NQC,NQC,NQC
COP2122-222,7,31,TRINCOMALEE,1.2436,ocr_3of3,1.2436,1.2436,1.2436,1.2436
COP2122-222,7,31,BATTICALOA,1.2234,ocr_3of3,1.2234,1.2234,1.2234,1.2234
COP2122-222,7,31,AMPARA,1.2197,ocr_3of3,1.2197,1.2197,1.2197,1.2197
COP2122-222,7,31,PUTTALAM,1.2212,ocr_3of3,1.2212,1.2212,1.2212,1.2212
COP2122-222,7,31,KURUNEGALA,1.2134,ocr_3of3,1.2134,1.2134,1.2134,1.2134
COP2122-222,7,31,ANURADHAPURA,1.2144,ocr_3of3,1.2144,I .2144,I.2144,1.2144
COP2122-222,7,31,POLONNARUWA,NQC,ocr_3of3,NQC,NQC,NQC,NQC
COP2122-222,7,31,BADULLA,1.2127,ocr_3of3,1.2127,1.2127,1.2127,1.2127
COP2122-222,7,31,MONARAGALA,1.2655,ocr_3of3,1.2655,1.2655,1.2655,1.2655
COP2122-222,7,31,KEGALLE,1.2797,ocr_3of3,1.2797,1.2797,1.2797,1.2797
COP2122-222,7,31,RATNAPURA,1.2109,ocr_3of3,1.2109,1.2109,1.2109,1.2109
COP2122-223,7,32,COLOMBO,1.2960,ocr_3of3,1.2960,1.2960,1.2960,1.2960
COP2122-223,7,32,GAMPAHA,1.2891,ocr_3of3,1.2891,1.2891,1.2891,1.2891
COP2122-223,7,32,KALUTARA,1.2939,ocr_3of3,1.2939,1.2939,1.2939,1.2939
COP2122-223,7,32,MATALE,1.3749,ocr_3of3,1.3749,1.3749,1.3749,1.3749
COP2122-223,7,32,KANDY,1.2949,ocr_3of3,1.2949,1.2949,1.2949,1.2949
COP2122-223,7,32,NUWARA ELIYA,1.4518,ocr_2of3_third_unreadable,,1.4518,1.4518,1.4518
COP2122-223,7,32,GALLE,1.3053,ocr_3of3,1.3053,1.3053,1.3053,1.3053
COP2122-223,7,32,MATARA,1.3146,ocr_3of3,1.3146,1.3146,1.3146,1.3146
COP2122-223,7,32,HAMBANTOTA,1.2865,ocr_3of3,1.2865,1.2865,1.2865,1.2865
COP2122-223,7,32,JAFFNA,NQC,ocr_3of3,NQC,NQC,NQC,NQC
COP2122-223,7,32,KILINOCHCHI,NQC,ocr_3of3,NQC,NQC,NQC,NQC
COP2122-223,7,32,MANNAR,NQC,ocr_3of3,NQC,NQC,NQC,NQC
COP2122-223,7,32,MULLAITIVU,1.4336,ocr_3of3,1.4336,1.4336,1.4336,1.4336
COP2122-223,7,32,VAVUNIYA,NQC,ocr_3of3,NQC,NQC,NQC,NQC
COP2122-223,7,32,TRINCOMALEE,1.4051,ocr_3of3,1.4051,1.4051,1.4051,1.4051
COP2122-223,7,32,BATTICALOA,NQC,ocr_3of3,NQC,NQC,NQC,NQC
COP2122-223,7,32,AMPARA,NQC,ocr_3of3,NQC,NQC,NQC,NQC
COP2122-223,7,32,PUTTALAM,1.4156,ocr_3of3,1.4156,1.4156,1.4156,1.4156
COP2122-223,7,32,KURUNEGALA,1.3284,ocr_3of3,1.3284,1.3284,1.3284,1.3284
COP2122-223,7,32,ANURADHAPURA,1.2886,ocr_3of3,1.2886,1.2886,1.2886,1.2886
COP2122-223,7,32,POLONNARUWA,1.3281,ocr_3of3,1.3281,1.3281,1.3281,1.3281
COP2122-223,7,32,BADULLA,1.2992,ocr_3of3,1.2992,1.2992,1.2992,1.2992
COP2122-223,7,32,MONARAGALA,1.2868,ocr_3of3,1.2868,1.2868,1.2868,1.2868
COP2122-223,7,32,KEGALLE,1.3317,ocr_3of3,1.3317,1.3317,1.3317,1.3317
COP2122-223,7,32,RATNAPURA,1.3217,ocr_3of3,1.3217,1.3217,1.3217,1.3217
COP2122-224,8,1,COLOMBO,1.4581,ocr_3of3,1.4581,1.4581,1.4581,1.4581
COP2122-224,8,1,GAMPAHA,1.4721,ocr_3of3,1.4721,1.4721,1.4721,1.4721
COP2122-224,8,1,KALUTARA,1.4768,ocr_3of3,1.4768,1.4768,1.4768,1.4768
COP2122-224,8,1,MATALE,1.4526,ocr_3of3,1.4526,1.4526,1.4526,1.4526
COP2122-224,8,1,KANDY,1.4538,ocr_3of3,1.4538,1.4538,1.4538,1.4538
COP2122-224,8,1,NUWARA ELIYA,1.4883,ocr_3of3,1.4883,1.4883,1.4883,1.4883
COP2122-224,8,1,GALLE,1.4533,ocr_3of3,1.4533,1.4533,1.4533,1.4533
COP2122-224,8,1,MATARA,1.4760,ocr_3of3,1.4760,1.4760,1.4760,1.4760
COP2122-224,8,1,HAMBANTOTA,1.4778,ocr_3of3,1.4778,1.4778,1.4778,1.4778
COP2122-224,8,1,JAFFNA,1.6386,ocr_3of3,1.6386,1.6386,1.6386,1.6386
COP2122-224,8,1,KILINOCHCHI,NQC,ocr_3of3,NQC,NQC,NQC,NQC
COP2122-224,8,1,MANNAR,1.5452,ocr_3of3,1.5452,1.5452,1.5452,1.5452
COP2122-224,8,1,MULLAITIVU,NQC,ocr_3of3,NQC,NQC,NQC,NQC
COP2122-224,8,1,VAVUNIYA,NQC,ocr_3of3,NQC,NQC,NQC,NQC
COP2122-224,8,1,TRINCOMALEE,1.7163,ocr_3of3,1.7163,1.7163,1.7163,1.7163
COP2122-224,8,1,BATTICALOA,NQC,ocr_3of3,NQC,NQC,NQC,NQC
COP2122-224,8,1,AMPARA,NQC,ocr_3of3,NQC,NQC,NQC,NQC
COP2122-224,8,1,PUTTALAM,1.4719,ocr_3of3,1.4719,1.4719,1.4719,1.4719
COP2122-224,8,1,KURUNEGALA,1.4574,ocr_3of3,1.4574,1.4574,I.4574,1.4574
COP2122-224,8,1,ANURADHAPURA,1.4534,ocr_3of3,1.4534,I .4534,I.4534,1.4534
COP2122-224,8,1,POLONNARUWA,1.5489,ocr_3of3,1.5489,1.5489,1.5489,1.5489
COP2122-224,8,1,BADULLA,1.4725,ocr_3of3,1.4725,1.4725,1.4725,1.4725
COP2122-224,8,1,MONARAGALA,1.4619,ocr_3of3,1.4619,1.4619,1.4619,1.4619
COP2122-224,8,1,KEGALLE,1.4656,ocr_3of3,1.4656,1.4656,1.4656,1.4656
COP2122-224,8,1,RATNAPURA,1.4604,visual_read,1.4604,,,1.4604
COP2122-225,8,2,COLOMBO,1.2310,ocr_3of3,1.2310,1.2310,1.2310,1.2310
COP2122-225,8,2,GAMPAHA,1.2353,ocr_3of3,1.2353,1.2353,1.2353,1.2353
COP2122-225,8,2,KALUTARA,1.2738,ocr_3of3,1.2738,1.2738,1.2738,1.2738
COP2122-225,8,2,MATALE,1.2407,ocr_3of3,1.2407,1.2407,1.2407,1.2407
COP2122-225,8,2,KANDY,1.2318,ocr_3of3,1.2318,1.2318,1.2318,1.2318
COP2122-225,8,2,NUWARA ELIYA,1.2490,ocr_3of3,1.2490,1.2490,1.2490,1.2490
COP2122-225,8,2,GALLE,1.2237,ocr_3of3,1.2237,1.2237,1.2237,1.2237
COP2122-225,8,2,MATARA,1.2399,ocr_3of3,1.2399,1.2399,1.2399,1.2399
COP2122-225,8,2,HAMBANTOTA,1.2770,ocr_3of3,1.2770,1.2770,1.2770,1.2770
COP2122-225,8,2,JAFFNA,1.2710,ocr_3of3,1.2710,1.2710,1.2710,1.2710
COP2122-225,8,2,KILINOCHCHI,NQC,ocr_3of3,NQC,NQC,NQC,NQC
COP2122-225,8,2,MANNAR,NQC,ocr_3of3,NQC,NQC,NQC,NQC
COP2122-225,8,2,MULLAITIVU,1.4586,ocr_3of3,1.4586,1.4586,1.4586,1.4586
COP2122-225,8,2,VAVUNIYA,1.2534,ocr_3of3,1.2534,1.2534,1.2534,1.2534
COP2122-225,8,2,TRINCOMALEE,1.4357,ocr_3of3,1.4357,1.4357,1.4357,1.4357
COP2122-225,8,2,BATTICALOA,1.6463,ocr_3of3,1.6463,1.6463,1.6463,1.6463
COP2122-225,8,2,AMPARA,1.2235,ocr_3of3,1.2235,1.2235,1.2235,1.2235
COP2122-225,8,2,PUTTALAM,1.2425,ocr_3of3,1.2425,1.2425,1.2425,1.2425
COP2122-225,8,2,KURUNEGALA,1.2842,ocr_3of3,1.2842,1.2842,1.2842,1.2842
COP2122-225,8,2,ANURADHAPURA,1.2584,ocr_3of3,1.2584,1.2584,1.2584,1.2584
COP2122-225,8,2,POLONNARUWA,1.2844,ocr_3of3,1.2844,I. 2844,I.2844,1.2844
COP2122-225,8,2,BADULLA,1.2223,ocr_3of3,1.2223,1.2223,1.2223,1.3245
COP2122-225,8,2,MONARAGALA,1.2628,ocr_3of3,1.2628,1.2628,1.2628,1.2628
COP2122-225,8,2,KEGALLE,1.2792,ocr_3of3,1.2792,1.2792,1.2792,1.2792
COP2122-225,8,2,RATNAPURA,1.2412,ocr_3of3,1.2412,1.2412,1.2412,1.2412
COP2122-226,8,3,COLOMBO,1.9701,ocr_3of3,1.9701,1.9701,1.9701,1.9701
COP2122-226,8,3,GAMPAHA,1.9030,ocr_3of3,1.9030,1.9030,1.9030,1.9030
COP2122-226,8,3,KALUTARA,1.9907,ocr_3of3,1.9907,1.9907,1.9907,1.9907
COP2122-226,8,3,MATALE,NQC,ocr_3of3,NQC,NQC,NQC,NQC
COP2122-226,8,3,KANDY,1.9801,ocr_3of3,1.9801,1.9801,1.9801,1.9801
COP2122-226,8,3,NUWARA ELIYA,NQC,ocr_3of3,NQC,NQC,NQC,NQC
COP2122-226,8,3,GALLE,1.9362,ocr_3of3,1.9362,1.9362,1.9362,1.9362
COP2122-226,8,3,MATARA,1.8953,ocr_3of3,1.8953,1.8953,1.8953,1.8953
COP2122-226,8,3,HAMBANTOTA,1.9073,ocr_3of3,1.9073,1.9073,1.9073,1.9073
COP2122-226,8,3,JAFFNA,1.9521,ocr_3of3,1.9521,1.9521,1.9521,1.9521
COP2122-226,8,3,KILINOCHCHI,NQC,ocr_3of3,NQC,NQC,NQC,NQC
COP2122-226,8,3,MANNAR,NQC,ocr_3of3,NQC,NQC,NQC,NQC
COP2122-226,8,3,MULLAITIVU,NQC,ocr_3of3,NQC,NQC,NQC,NQC
COP2122-226,8,3,VAVUNIYA,NQC,ocr_3of3,NQC,NQC,NQC,NQC
COP2122-226,8,3,TRINCOMALEE,2.5906,ocr_3of3,2.5906,2.5906,2.5906,2.5906
COP2122-226,8,3,BATTICALOA,NQC,ocr_3of3,NQC,NQC,NQC,NQC
COP2122-226,8,3,AMPARA,1.9064,ocr_3of3,1.9064,1.9064,1.9064,1.9064
COP2122-226,8,3,PUTTALAM,1.9170,ocr_3of3,1.9170,1.9170,1.9170,1.9170
COP2122-226,8,3,KURUNEGALA,1.9589,ocr_3of3,1.9589,1.9589,1.9589,1.9589
COP2122-226,8,3,ANURADHAPURA,2.0227,ocr_3of3,2.0227,2.0227,2.0227,2.0227
COP2122-226,8,3,POLONNARUWA,NQC,ocr_3of3,NQC,NQC,NQC,NQC
COP2122-226,8,3,BADULLA,1.9020,ocr_3of3,1.9020,1.9020,1.9020,1.9020
COP2122-226,8,3,MONARAGALA,NQC,ocr_3of3,NQC,NQC,NQC,NQC
COP2122-226,8,3,KEGALLE,1.9791,ocr_3of3,1.9791,1.9791,1.9791,1.9791
COP2122-226,8,3,RATNAPURA,1.9355,ocr_3of3,1.9355,1.9355,1.9355,1.9355
COP2122-227,8,4,COLOMBO,2.0846,ocr_3of3,2.0846,2.0846,2.0846,2.0846
COP2122-227,8,4,GAMPAHA,2.0104,ocr_3of3,2.0104,2.0104,2.0104,2.0104
COP2122-227,8,4,KALUTARA,2.0297,ocr_3of3,2.0297,2.0297,2.0297,2.0297
COP2122-227,8,4,MATALE,2.1748,ocr_3of3,2.1748,2.1748,2.1748,2.1748
COP2122-227,8,4,KANDY,2.0142,ocr_3of3,2.0142,2.0142,2.0142,2.0142
COP2122-227,8,4,NUWARA ELIYA,NQC,ocr_3of3,NQC,NQC,NQC,NQC
COP2122-227,8,4,GALLE,2.0721,ocr_3of3,2.0721,2.0721,2.0721,2.0721
COP2122-227,8,4,MATARA,2.0056,ocr_3of3,2.0056,2.0056,2.0056,2.0056
COP2122-227,8,4,HAMBANTOTA,2.0066,ocr_3of3,2.0066,2.0066,2.0066,2.0066
COP2122-227,8,4,JAFFNA,2.0056,ocr_3of3,2.0056,2.0056,2.0056,2.0056
COP2122-227,8,4,KILINOCHCHI,NQC,ocr_3of3,NQC,NQC,NQC,NQC
COP2122-227,8,4,MANNAR,NQC,ocr_3of3,NQC,NQC,NQC,NQC
COP2122-227,8,4,MULLAITIVU,NQC,ocr_3of3,NQC,NQC,NQC,NQC
COP2122-227,8,4,VAVUNIYA,1.9969,ocr_3of3,1.9969,1.9969,1.9969,1.9969
COP2122-227,8,4,TRINCOMALEE,2.1911,ocr_3of3,2.1911,2.1911,2.1911,2.1911
COP2122-227,8,4,BATTICALOA,2.0150,ocr_3of3,2.0150,2.0150,2.0150,2.0150
COP2122-227,8,4,AMPARA,2.0346,ocr_3of3,2.0346,2.0346,2.0346,2.0346
COP2122-227,8,4,PUTTALAM,NQC,ocr_3of3,NQC,NQC,NQC,NQC
COP2122-227,8,4,KURUNEGALA,2.0254,ocr_3of3,2.0254,2.0254,2.0254,2.0254
COP2122-227,8,4,ANURADHAPURA,2.0586,ocr_3of3,2.0586,2.0586,2.0586,2.0586
COP2122-227,8,4,POLONNARUWA,NQC,ocr_3of3,NQC,NQC,NQC,NQC
COP2122-227,8,4,BADULLA,2.2562,ocr_3of3,2.2562,2.2562,2.2562,2.2562
COP2122-227,8,4,MONARAGALA,2.0504,ocr_3of3,2.0504,2.0504,2.0504,2.0504
COP2122-227,8,4,KEGALLE,2.0487,ocr_3of3,2.0487,2.0487,2.0487,2.0487
COP2122-227,8,4,RATNAPURA,2.0094,ocr_3of3,2.0094,2.0094,2.0094,2.0094
COP2122-228,8,5,COLOMBO,1.7704,ocr_3of3,1.7704,1.7704,1.7704,1.7704
COP2122-228,8,5,GAMPAHA,1.7685,ocr_3of3,1.7685,1.7685,1.7685,1.7685
COP2122-228,8,5,KALUTARA,1.7439,ocr_3of3,1.7439,1.7439,1.7439,1.7439
COP2122-228,8,5,MATALE,1.7970,ocr_3of3,1.7970,1.7970,1.7970,1.7970
COP2122-228,8,5,KANDY,1.7482,ocr_3of3,1.7482,1.7482,1.7482,1.7482
COP2122-228,8,5,NUWARA ELIYA,1.8251,ocr_3of3,1.8251,1.8251,1.8251,1.8251
COP2122-228,8,5,GALLE,1.7916,ocr_3of3,1.7916,1.7916,1.7916,1.7916
COP2122-228,8,5,MATARA,1.7527,ocr_3of3,1.7527,1.7527,1.7527,1.7527
COP2122-228,8,5,HAMBANTOTA,1.7589,ocr_3of3,1.7589,1.7589,1.7589,1.7589
COP2122-228,8,5,JAFFNA,1.7702,ocr_3of3,1.7702,1.7702,1.7702,1.7702
COP2122-228,8,5,KILINOCHCHI,NQC,ocr_3of3,NQC,NQC,NQC,NQC
COP2122-228,8,5,MANNAR,NQC,ocr_3of3,NQC,NQC,NQC,NQC
COP2122-228,8,5,MULLAITIVU,NQC,ocr_3of3,NQC,NQC,NQC,NQC
COP2122-228,8,5,VAVUNIYA,NQC,ocr_3of3,NQC,NQC,NQC,NQC
COP2122-228,8,5,TRINCOMALEE,1.8047,ocr_3of3,1.8047,1.8047,1.8047,1.8047
COP2122-228,8,5,BATTICALOA,1.7800,ocr_3of3,1.7800,1.7800,1.7800,1.7800
COP2122-228,8,5,AMPARA,1.7608,ocr_3of3,1.7608,1.7608,1.7608,1.7608
COP2122-228,8,5,PUTTALAM,1.7473,ocr_3of3,1.7473,1.7473,1.7473,1.7473
COP2122-228,8,5,KURUNEGALA,1.7478,ocr_3of3,1.7478,1.7478,1.7478,1.7478
COP2122-228,8,5,ANURADHAPURA,1.7916,ocr_3of3,1.7916,1.7916,1.7916,1.7916
COP2122-228,8,5,POLONNARUWA,1.8051,ocr_3of3,1.8051,1.8051,1.8051,1.8051
COP2122-228,8,5,BADULLA,1.7588,ocr_3of3,1.7588,1.7588,1.7588,1.7588
COP2122-228,8,5,MONARAGALA,1.7786,ocr_3of3,1.7786,1.7786,1.7786,1.7786
COP2122-228,8,5,KEGALLE,1.7642,ocr_3of3,1.7642,1.7642,1.7642,1.7642
COP2122-228,8,5,RATNAPURA,1.7623,ocr_3of3,1.7623,1.7623,1.7623,1.7623
COP2122-229,8,6,COLOMBO,1.5946,ocr_3of3,1.5946,1.5946,1.5946,1.5946
COP2122-229,8,6,GAMPAHA,1.5945,ocr_3of3,1.5945,1.5945,1.5945,1.5945
COP2122-229,8,6,KALUTARA,1.5849,ocr_3of3,1.5849,1.5849,1.5849,1.5849
COP2122-229,8,6,MATALE,1.6401,visual_read,1.6401,,,1.6401
COP2122-229,8,6,KANDY,1.6413,ocr_3of3,1.6413,1.6413,1.6413,1.6413
COP2122-229,8,6,NUWARA ELIYA,1.6100,ocr_3of3,1.6100,1.6100,1.6100,1.6100
COP2122-229,8,6,GALLE,1.5902,ocr_3of3,1.5902,1.5902,1.5902,1.5902
COP2122-229,8,6,MATARA,1.5820,ocr_3of3,1.5820,1.5820,1.5820,1.5820
COP2122-229,8,6,HAMBANTOTA,1.6080,ocr_3of3,1.6080,1.6080,1.6080,1.6080
COP2122-229,8,6,JAFFNA,1.6519,ocr_3of3,1.6519,1.6519,1.6519,1.6519
COP2122-229,8,6,KILINOCHCHI,NQC,ocr_3of3,NQC,NQC,NQC,NQC
COP2122-229,8,6,MANNAR,1.6094,ocr_3of3,1.6094,1.6094,1.6094,1.6094
COP2122-229,8,6,MULLAITIVU,NQC,ocr_3of3,NQC,NQC,NQC,NQC
COP2122-229,8,6,VAVUNIYA,NQC,ocr_3of3,NQC,NQC,NQC,NQC
COP2122-229,8,6,TRINCOMALEE,NQC,ocr_3of3,NQC,NQC,NQC,NQC
COP2122-229,8,6,BATTICALOA,1.6283,ocr_3of3,1.6283,1.6283,1.6283,1.6283
COP2122-229,8,6,AMPARA,1.6056,ocr_3of3,1.6056,1.6056,1.6056,1.6056
COP2122-229,8,6,PUTTALAM,1.7381,ocr_3of3,1.7381,1.7381,1.7381,1.7381
COP2122-229,8,6,KURUNEGALA,1.6022,ocr_3of3,1.6022,1.6022,1.6022,1.6022
COP2122-229,8,6,ANURADHAPURA,1.6077,ocr_3of3,1.6077,1.6077,1.6077,1.6077
COP2122-229,8,6,POLONNARUWA,NQC,ocr_3of3,NQC,NQC,NQC,NQC
COP2122-229,8,6,BADULLA,1.6032,ocr_3of3,1.6032,1.6032,1.6032,1.6032
COP2122-229,8,6,MONARAGALA,1.6475,ocr_3of3,1.6475,1.6475,1.6475,1.6475
COP2122-229,8,6,KEGALLE,1.5762,ocr_3of3,1.5762,1.5762,1.5762,1.5830
COP2122-229,8,6,RATNAPURA,1.5907,ocr_3of3,1.5907,1.5907,1.5907,1.5907
COP2122-230,8,7,COLOMBO,1.0948,ocr_3of3,1.0948,1.0948,1.0948,1.1242
COP2122-230,8,7,GAMPAHA,1.0996,ocr_3of3,1.0996,1.0996,1.0996,1.1044
COP2122-230,8,7,KALUTARA,1.1025,ocr_3of3,1.1025,1.1025,1.1025,1.2374
COP2122-230,8,7,MATALE,NQC,ocr_3of3,NQC,NQC,NQC,NQC
COP2122-230,8,7,KANDY,1.1425,ocr_3of3,1.1425,1.1425,1.1425,1.1425
COP2122-230,8,7,NUWARA ELIYA,1.1203,ocr_3of3,1.1203,1.1203,1.1203,1.1203
COP2122-230,8,7,GALLE,1.1945,ocr_3of3,1.1945,1.1945,1.1945,1.1945
COP2122-230,8,7,MATARA,NQC,ocr_3of3,NQC,NQC,NQC,NQC
COP2122-230,8,7,HAMBANTOTA,1.1724,ocr_3of3,1.1724,1.1724,1.1724,1.1724
COP2122-230,8,7,JAFFNA,1.1955,ocr_3of3,1.1955,1.1955,1.1955,1.1955
COP2122-230,8,7,KILINOCHCHI,1.1570,ocr_3of3,1.1570,1.1570,1.1570,1.1570
COP2122-230,8,7,MANNAR,NQC,ocr_3of3,NQC,NQC,NQC,NQC
COP2122-230,8,7,MULLAITIVU,NQC,ocr_3of3,NQC,NQC,NQC,NQC
COP2122-230,8,7,VAVUNIYA,1.1261,ocr_3of3,1.1261,1.1261,1.1261,1.1261
COP2122-230,8,7,TRINCOMALEE,1.1276,ocr_3of3,1.1276,1.1276,1.1276,1.1276
COP2122-230,8,7,BATTICALOA,1.1627,ocr_3of3,1.1627,1.1627,1.1627,1.1627
COP2122-230,8,7,AMPARA,1.1736,ocr_3of3,1.1736,1.1736,1.1736,1.1736
COP2122-230,8,7,PUTTALAM,1.2646,ocr_3of3,1.2646,1.2646,1.2646,1.2646
COP2122-230,8,7,KURUNEGALA,1.2138,ocr_3of3,1.2138,1.2138,1.2138,1.2138
COP2122-230,8,7,ANURADHAPURA,1.1401,ocr_3of3,1.1401,I. 1401,I.1401,1.1401
COP2122-230,8,7,POLONNARUWA,1.1936,ocr_3of3,1.1936,1.1936,1.1936,1.1936
COP2122-230,8,7,BADULLA,1.1882,ocr_3of3,1.1882,1.1882,1.1882,1.1882
COP2122-230,8,7,MONARAGALA,1.2061,ocr_3of3,1.2061,1.2061,1.2061,1.2061
COP2122-230,8,7,KEGALLE,1.3256,ocr_3of3,1.3256,1.3256,1.3256,1.3256
COP2122-230,8,7,RATNAPURA,1.1498,ocr_3of3,1.1498,1.1498,1.1498,1.1498
COP2122-231,8,8,COLOMBO,1.3107,ocr_3of3,1.3107,1.3107,1.3107,1.3107
COP2122-231,8,8,GAMPAHA,1.3502,ocr_3of3,1.3502,1.3502,1.3502,1.3502
COP2122-231,8,8,KALUTARA,1.3068,ocr_3of3,1.3068,1.3068,1.3068,1.3068
COP2122-231,8,8,MATALE,1.4127,ocr_3of3,1.4127,1.4127,1.4127,1.4127
COP2122-231,8,8,KANDY,1.3376,ocr_3of3,1.3376,1.3376,1.3376,1.3376
COP2122-231,8,8,NUWARA ELIYA,1.3310,ocr_3of3,1.3310,1.3310,1.3310,1.3310
COP2122-231,8,8,GALLE,1.3367,ocr_3of3,1.3367,1.3367,1.3367,1.3367
COP2122-231,8,8,MATARA,1.3445,ocr_3of3,1.3445,I .3445,I.3445,1.3445
COP2122-231,8,8,HAMBANTOTA,1.3194,ocr_3of3,1.3194,1.3194,1.3194,1.3194
COP2122-231,8,8,JAFFNA,1.3066,ocr_3of3,1.3066,1.3066,1.3066,1.3738
COP2122-231,8,8,KILINOCHCHI,NQC,ocr_3of3,NQC,NQC,NQC,NQC
COP2122-231,8,8,MANNAR,NQC,ocr_3of3,NQC,NQC,NQC,NQC
COP2122-231,8,8,MULLAITIVU,NQC,ocr_3of3,NQC,NQC,NQC,NQC
COP2122-231,8,8,VAVUNIYA,1.5700,ocr_3of3,1.5700,1.5700,1.5700,1.5700
COP2122-231,8,8,TRINCOMALEE,1.3882,ocr_3of3,1.3882,1.3882,1.3882,1.3882
COP2122-231,8,8,BATTICALOA,1.3150,ocr_3of3,1.3150,1.3150,1.3150,1.3150
COP2122-231,8,8,AMPARA,1.3221,ocr_3of3,1.3221,1.3221,1.3221,1.3221
COP2122-231,8,8,PUTTALAM,1.3189,ocr_3of3,1.3189,1.3189,1.3189,1.3189
COP2122-231,8,8,KURUNEGALA,1.3122,ocr_3of3,1.3122,1.3122,1.3122,1.3122
COP2122-231,8,8,ANURADHAPURA,1.3078,ocr_3of3,1.3078,1.3078,1.3078,1.3078
COP2122-231,8,8,POLONNARUWA,1.4379,ocr_3of3,1.4379,1.4379,1.4379,1.4379
COP2122-231,8,8,BADULLA,1.3071,ocr_3of3,1.3071,1.3071,1.3071,1.3071
COP2122-231,8,8,MONARAGALA,1.3709,ocr_3of3,1.3709,1.3709,1.3709,1.3709
COP2122-231,8,8,KEGALLE,1.3521,ocr_3of3,1.3521,1.3521,1.3521,1.3521
COP2122-231,8,8,RATNAPURA,1.3088,ocr_3of3,1.3088,1.3088,1.3088,1.3088
COP2122-232,8,9,COLOMBO,0.9854,ocr_3of3,0.9854,0.9854,0.9854,1.0056
COP2122-232,8,9,GAMPAHA,1.0245,ocr_3of3,1.0245,1.0245,1.0245,1.0283
COP2122-232,8,9,KALUTARA,0.9555,ocr_3of3,0.9555,0.9555,o.9555,0.9555
COP2122-232,8,9,MATALE,NQC,ocr_3of3,NQC,NQC,NQC,NQC
COP2122-232,8,9,KANDY,1.1449,ocr_2of3_third_unreadable,1.1449,1.1449,,1.1449
COP2122-232,8,9,NUWARA ELIYA,0.8833,ocr_3of3,0.8833,0.8833,0.8833,0.8833
COP2122-232,8,9,GALLE,NQC,ocr_3of3,NQC,NQC,NQC,NQC
COP2122-232,8,9,MATARA,NQC,ocr_3of3,NQC,NQC,NQC,NQC
COP2122-232,8,9,HAMBANTOTA,NQC,ocr_3of3,NQC,NQC,NQC,NQC
COP2122-232,8,9,JAFFNA,1.0004,ocr_3of3,1.0004,1.0004,1.0004,1.0004
COP2122-232,8,9,KILINOCHCHI,0.8978,ocr_3of3,0.8978,0.8978,0.8978,0.8978
COP2122-232,8,9,MANNAR,0.0818,ocr_3of3,0.0818,0.0818,0.0818,0.1165
COP2122-232,8,9,MULLAITIVU,0.2972,ocr_3of3,0.2972,0.2972,0.2972,0.2972
COP2122-232,8,9,VAVUNIYA,0.9907,ocr_3of3,0.9907,0.9907,0.9907,0.9907
COP2122-232,8,9,TRINCOMALEE,0.9343,ocr_3of3,0.9343,0.9343,0.9343,0.9343
COP2122-232,8,9,BATTICALOA,1.1777,ocr_3of3,1.1777,1.1777,1.1777,1.1777
COP2122-232,8,9,AMPARA,1.2051,ocr_3of3,1.2051,1.2051,1.2051,1.2051
COP2122-232,8,9,PUTTALAM,0.6515,ocr_3of3,0.6515,0.6515,0.6515,0.6515
COP2122-232,8,9,KURUNEGALA,1.1905,ocr_3of3,1.1905,1.1905,1.1905,1.1905
COP2122-232,8,9,ANURADHAPURA,1.0293,ocr_3of3,1.0293,1.0293,1.0293,1.0293
COP2122-232,8,9,POLONNARUWA,0.7638,ocr_3of3,0.7638,0.7638,0.7638,0.7638
COP2122-232,8,9,BADULLA,1.1965,ocr_3of3,1.1965,1.1965,1.1965,1.1965
COP2122-232,8,9,MONARAGALA,0.9122,ocr_3of3,0.9122,0.9122,0.9122,0.9122
COP2122-232,8,9,KEGALLE,NQC,ocr_3of3,NQC,NQC,NQC,NQC
COP2122-232,8,9,RATNAPURA,1.0451,ocr_3of3,1.0451,1.0451,1.0451,1.0499
COP2122-233,8,10,COLOMBO,1.4147,visual_read,1.4147,,,1.4147
COP2122-233,8,10,GAMPAHA,1.4119,ocr_3of3,1.4119,1.4119,1.4119,1.4119
COP2122-233,8,10,KALUTARA,1.4105,ocr_3of3,1.4105,1.4105,1.4105,1.4105
COP2122-233,8,10,MATALE,1.5035,ocr_3of3,1.5035,1.5035,1.5035,1.5035
COP2122-233,8,10,KANDY,1.4408,visual_read,1.4408,,,1.4408
COP2122-233,8,10,NUWARA ELIYA,1.7087,ocr_3of3,1.7087,1.7087,1.7087,1.7087
COP2122-233,8,10,GALLE,1.4307,ocr_3of3,1.4307,1.4307,1.4307,1.4307
COP2122-233,8,10,MATARA,1.4384,ocr_3of3,1.4384,I .4384,I.4384,1.4384
COP2122-233,8,10,HAMBANTOTA,1.4297,ocr_3of3,1.4297,1.4297,1.4297,1.4297
COP2122-233,8,10,JAFFNA,1.4288,ocr_3of3,1.4288,1.4288,1.4288,1.4288
COP2122-233,8,10,KILINOCHCHI,1.5632,ocr_3of3,1.5632,1.5632,1.5632,1.5632
COP2122-233,8,10,MANNAR,NQC,ocr_3of3,NQC,NQC,NQC,NQC
COP2122-233,8,10,MULLAITIVU,NQC,ocr_3of3,NQC,NQC,NQC,NQC
COP2122-233,8,10,VAVUNIYA,NQC,ocr_3of3,NQC,NQC,NQC,NQC
COP2122-233,8,10,TRINCOMALEE,NQC,ocr_3of3,NQC,NQC,NQC,NQC
COP2122-233,8,10,BATTICALOA,NQC,ocr_3of3,NQC,NQC,NQC,NQC
COP2122-233,8,10,AMPARA,1.4129,ocr_3of3,1.4129,1.4129,1.4129,1.4129
COP2122-233,8,10,PUTTALAM,1.5468,ocr_3of3,1.5468,1.5468,1.5468,1.5468
COP2122-233,8,10,KURUNEGALA,1.4182,ocr_3of3,1.4182,1.4182,1.4182,1.4182
COP2122-233,8,10,ANURADHAPURA,1.4514,ocr_3of3,1.4514,I .4514,I.4514,1.4514
COP2122-233,8,10,POLONNARUWA,1.4108,ocr_3of3,1.4108,1.4108,1.4108,1.4108
COP2122-233,8,10,BADULLA,1.4100,ocr_3of3,1.4100,1.4100,1.4100,1.4100
COP2122-233,8,10,MONARAGALA,1.4946,ocr_2of3_third_unreadable,1.4946,,I.4946,1.4946
COP2122-233,8,10,KEGALLE,1.4221,ocr_3of3,1.4221,1.4221,1.4221,1.4221
COP2122-233,8,10,RATNAPURA,1.4437,ocr_3of3,1.4437,I .4437,I.4437,1.4437
COP2122-234,8,11,COLOMBO,0.9176,ocr_3of3,0.9176,0.9176,0.9176,0.9260
COP2122-234,8,11,GAMPAHA,0.8691,ocr_3of3,0.8691,0.8691,0.8691,0.8691
COP2122-234,8,11,KALUTARA,0.9078,ocr_3of3,0.9078,0.9078,0.9078,0.9078
COP2122-234,8,11,MATALE,NQC,ocr_3of3,NQC,NQC,NQC,NQC
COP2122-234,8,11,KANDY,0.8893,ocr_3of3,0.8893,0.8893,0.8893,0.8893
COP2122-234,8,11,NUWARA ELIYA,NQC,ocr_3of3,NQC,NQC,NQC,NQC
COP2122-234,8,11,GALLE,0.9395,ocr_3of3,0.9395,0.9395,0.9395,0.9395
COP2122-234,8,11,MATARA,0.9424,ocr_3of3,0.9424,0.9424,O.9424,0.9835
COP2122-234,8,11,HAMBANTOTA,0.9105,ocr_3of3,0.9105,0.9105,0.9105,0.9105
COP2122-234,8,11,JAFFNA,1.0134,ocr_3of3,1.0134,1.0134,1.0134,1.0134
COP2122-234,8,11,KILINOCHCHI,NQC,ocr_3of3,NQC,NQC,NQC,NQC
COP2122-234,8,11,MANNAR,NQC,ocr_3of3,NQC,NQC,NQC,NQC
COP2122-234,8,11,MULLAITIVU,NQC,ocr_3of3,NQC,NQC,NQC,NQC
COP2122-234,8,11,VAVUNIYA,NQC,ocr_3of3,NQC,NQC,NQC,NQC
COP2122-234,8,11,TRINCOMALEE,NQC,ocr_3of3,NQC,NQC,NQC,NQC
COP2122-234,8,11,BATTICALOA,NQC,ocr_3of3,NQC,NQC,NQC,NQC
COP2122-234,8,11,AMPARA,NQC,ocr_3of3,NQC,NQC,NQC,NQC
COP2122-234,8,11,PUTTALAM,NQC,ocr_3of3,NQC,NQC,NQC,NQC
COP2122-234,8,11,KURUNEGALA,0.8836,ocr_3of3,0.8836,0.8836,0.8836,0.8836
COP2122-234,8,11,ANURADHAPURA,1.0603,ocr_3of3,1.0603,1.0603,1.0603,1.0603
COP2122-234,8,11,POLONNARUWA,NQC,ocr_3of3,NQC,NQC,NQC,NQC
COP2122-234,8,11,BADULLA,0.9198,ocr_3of3,0.9198,0.9198,0.9198,0.9198
COP2122-234,8,11,MONARAGALA,NQC,ocr_3of3,NQC,NQC,NQC,NQC
COP2122-234,8,11,KEGALLE,0.9089,ocr_3of3,0.9089,0.9089,0.9089,0.9089
COP2122-234,8,11,RATNAPURA,0.9070,ocr_3of3,0.9070,0.9070,0.9070,0.9070
COP2122-235,8,12,COLOMBO,0.9260,ocr_3of3,0.9260,0.9260,0.9260,0.9260
COP2122-235,8,12,GAMPAHA,0.8422,ocr_3of3,0.8422,0.8422,0.8422,0.8518
COP2122-235,8,12,KALUTARA,0.7972,ocr_3of3,0.7972,0.7972,0.7972,0.7972
COP2122-235,8,12,MATALE,0.4372,ocr_3of3,0.4372,0.4372,0.4372,0.4372
COP2122-235,8,12,KANDY,0.8018,ocr_3of3,0.8018,0.8018,0.8018,0.8018
COP2122-235,8,12,NUWARA ELIYA,0.0151,ocr_3of3,0.0151,0.0151,0.0151,0.0151
COP2122-235,8,12,GALLE,0.9168,ocr_3of3,0.9168,0.9168,0.9168,0.9168
COP2122-235,8,12,MATARA,NQC,ocr_3of3,NQC,NQC,NQC,NQC
COP2122-235,8,12,HAMBANTOTA,0.7120,ocr_3of3,0.7120,0.7120,0.7120,0.7120
COP2122-235,8,12,JAFFNA,0.6401,ocr_3of3,0.6401,0.6401,0.6401,0.7581
COP2122-235,8,12,KILINOCHCHI,0.6618,ocr_3of3,0.6618,0.6618,0.6618,0.6618
COP2122-235,8,12,MANNAR,-0.1301,ocr_3of3,-0.1301,-0.1301,-0.1301,-0.1301
COP2122-235,8,12,MULLAITIVU,NQC,ocr_3of3,NQC,NQC,NQC,NQC
COP2122-235,8,12,VAVUNIYA,0.5541,ocr_3of3,0.5541,0.5541,0.5541,0.5541
COP2122-235,8,12,TRINCOMALEE,0.6212,ocr_3of3,0.6212,0.6212,0.6212,0.6212
COP2122-235,8,12,BATTICALOA,0.1741,ocr_3of3,0.1741,0.1741,0.1741,0.1741
COP2122-235,8,12,AMPARA,0.2633,ocr_3of3,0.2633,0.2633,0.2633,0.2633
COP2122-235,8,12,PUTTALAM,0.4267,ocr_3of3,0.4267,0.4267,0.4267,0.4267
COP2122-235,8,12,KURUNEGALA,0.7852,ocr_3of3,0.7852,0.7852,0.7852,0.7852
COP2122-235,8,12,ANURADHAPURA,0.8135,ocr_3of3,0.8135,0.8135,0.8135,0.8135
COP2122-235,8,12,POLONNARUWA,0.4179,ocr_3of3,0.4179,0.4179,0.4179,0.4179
COP2122-235,8,12,BADULLA,0.5944,ocr_3of3,0.5944,0.5944,0.5944,0.5944
COP2122-235,8,12,MONARAGALA,0.7283,ocr_3of3,0.7283,0.7283,0.7283,0.7283
COP2122-235,8,12,KEGALLE,0.7444,ocr_3of3,0.7444,0.7444,0.7444,0.7444
COP2122-235,8,12,RATNAPURA,0.8636,ocr_3of3,0.8636,0.8636,0.8636,0.8636
COP2122-236,8,13,COLOMBO,1.3720,ocr_3of3,1.3720,1.3720,1.3720,1.3720
COP2122-236,8,13,GAMPAHA,1.2279,ocr_3of3,1.2279,1.2279,1.2279,1.2279
COP2122-236,8,13,KALUTARA,1.1980,ocr_3of3,1.1980,1.1980,1.1980,1.1980
COP2122-236,8,13,MATALE,NQC,ocr_3of3,NQC,NQC,NQC,NQC
COP2122-236,8,13,KANDY,1.2634,ocr_3of3,1.2634,1.2634,1.2634,1.2634
COP2122-236,8,13,NUWARA ELIYA,NQC,ocr_3of3,NQC,NQC,NQC,NQC
COP2122-236,8,13,GALLE,1.2915,ocr_3of3,1.2915,1.2915,1.2915,1.2915
COP2122-236,8,13,MATARA,1.2041,ocr_3of3,1.2041,1.2041,1.2041,1.2041
COP2122-236,8,13,HAMBANTOTA,NQC,ocr_3of3,NQC,NQC,NQC,NQC
COP2122-236,8,13,JAFFNA,NQC,ocr_3of3,NQC,NQC,NQC,NQC
COP2122-236,8,13,KILINOCHCHI,NQC,ocr_3of3,NQC,NQC,NQC,NQC
COP2122-236,8,13,MANNAR,NQC,ocr_3of3,NQC,NQC,NQC,NQC
COP2122-236,8,13,MULLAITIVU,NQC,ocr_3of3,NQC,NQC,NQC,NQC
COP2122-236,8,13,VAVUNIYA,NQC,ocr_3of3,NQC,NQC,NQC,NQC
COP2122-236,8,13,TRINCOMALEE,NQC,ocr_3of3,NQC,NQC,NQC,NQC
COP2122-236,8,13,BATTICALOA,NQC,ocr_3of3,NQC,NQC,NQC,NQC
COP2122-236,8,13,AMPARA,NQC,ocr_3of3,NQC,NQC,NQC,NQC
COP2122-236,8,13,PUTTALAM,1.2241,ocr_3of3,1.2241,1.2241,1.2241,1.2241
COP2122-236,8,13,KURUNEGALA,1.3058,ocr_3of3,1.3058,1.3058,1.3058,1.3058
COP2122-236,8,13,ANURADHAPURA,1.2412,ocr_3of3,1.2412,1.2412,1.2412,1.2412
COP2122-236,8,13,POLONNARUWA,1.3324,ocr_3of3,1.3324,1.3324,1.3324,1.3324
COP2122-236,8,13,BADULLA,1.2416,ocr_3of3,1.2416,1.2416,1.2416,1.2416
COP2122-236,8,13,MONARAGALA,NQC,ocr_3of3,NQC,NQC,NQC,NQC
COP2122-236,8,13,KEGALLE,1.3583,ocr_3of3,1.3583,1.3583,1.3583,1.3583
COP2122-236,8,13,RATNAPURA,1.3959,ocr_3of3,1.3959,1.3959,1.3959,1.3959
COP2122-237,8,14,COLOMBO,0.7676,ocr_3of3,0.7676,0.7676,0.7676,1.0441
COP2122-237,8,14,GAMPAHA,0.5670,ocr_3of3,0.5670,0.5670,0.5670,0.9336
COP2122-237,8,14,KALUTARA,0.9386,ocr_3of3,0.9386,0.9386,0.9386,1.1415
COP2122-237,8,14,MATALE,NQC,ocr_3of3,NQC,NQC,NQC,NQC
COP2122-237,8,14,KANDY,0.8231,ocr_3of3,0.8231,0.8231,0.8231,0.9814
COP2122-237,8,14,NUWARA ELIYA,NQC,ocr_3of3,NQC,NQC,NQC,NQC
COP2122-237,8,14,GALLE,1.0317,ocr_3of3,1.0317,1.0317,1.0317,1.1492
COP2122-237,8,14,MATARA,1.1409,ocr_3of3,1.1409,1.1409,1.1409,NQC
COP2122-237,8,14,HAMBANTOTA,0.9601,ocr_3of3,0.9601,0.9601,0.9601,1.1673
COP2122-237,8,14,JAFFNA,NQC,ocr_3of3,NQC,NQC,NQC,NQC
COP2122-237,8,14,KILINOCHCHI,NQC,ocr_3of3,NQC,NQC,NQC,NQC
COP2122-237,8,14,MANNAR,NQC,ocr_3of3,NQC,NQC,NQC,NQC
COP2122-237,8,14,MULLAITIVU,NQC,ocr_3of3,NQC,NQC,NQC,NQC
COP2122-237,8,14,VAVUNIYA,NQC,ocr_3of3,NQC,NQC,NQC,NQC
COP2122-237,8,14,TRINCOMALEE,NQC,ocr_3of3,NQC,NQC,NQC,NQC
COP2122-237,8,14,BATTICALOA,NQC,ocr_3of3,NQC,NQC,NQC,NQC
COP2122-237,8,14,AMPARA,NQC,ocr_3of3,NQC,NQC,NQC,NQC
COP2122-237,8,14,PUTTALAM,0.5225,ocr_3of3,0.5225,0.5225,0.5225,0.5225
COP2122-237,8,14,KURUNEGALA,0.9968,ocr_3of3,0.9968,0.9968,0.9968,1.0589
COP2122-237,8,14,ANURADHAPURA,0.9620,ocr_3of3,0.9620,0.9620,0.9620,0.9620
COP2122-237,8,14,POLONNARUWA,NQC,ocr_3of3,NQC,NQC,NQC,NQC
COP2122-237,8,14,BADULLA,NQC,ocr_3of3,NQC,NQC,NQC,NQC
COP2122-237,8,14,MONARAGALA,1.1160,ocr_3of3,1.1160,1.1160,1.1160,1.1160
COP2122-237,8,14,KEGALLE,1.1323,ocr_3of3,1.1323,1.1323,1.1323,1.1796
COP2122-237,8,14,RATNAPURA,1.0273,ocr_3of3,1.0273,1.0273,1.0273,1.1544
COP2122-238,8,15,COLOMBO,0.1098,ocr_3of3,0.1098,0.1098,0.1098,0.1098
COP2122-238,8,15,GAMPAHA,NQC,ocr_3of3,NQC,NQC,NQC,NQC
COP2122-238,8,15,KALUTARA,0.8299,ocr_3of3,0.8299,0.8299,0.8299,0.8299
COP2122-238,8,15,MATALE,0.8113,ocr_3of3,0.8113,0.8113,0.8113,0.9838
COP2122-238,8,15,KANDY,0.9040,ocr_3of3,0.9040,0.9040,0.9040,0.8873
COP2122-238,8,15,NUWARA ELIYA,NQC,ocr_3of3,NQC,NQC,NQC,NQC
COP2122-238,8,15,GALLE,NQC,ocr_3of3,NQC,NQC,NQC,NQC
COP2122-238,8,15,MATARA,NQC,ocr_3of3,NQC,NQC,NQC,NQC
COP2122-238,8,15,HAMBANTOTA,0.6805,ocr_3of3,0.6805,0.6805,0.6805,0.6805
COP2122-238,8,15,JAFFNA,0.8941,ocr_3of3,0.8941,0.8941,0.8941,0.8941
COP2122-238,8,15,KILINOCHCHI,-0.2800,ocr_3of3,-0.2800,-0.2800,-0.2800,-0.2800
COP2122-238,8,15,MANNAR,0.9641,ocr_3of3,0.9641,0.9641,0.9641,0.9641
COP2122-238,8,15,MULLAITIVU,-0.4209,ocr_3of3,-0.4209,-0.4209,-0.4209,-0.4209
COP2122-238,8,15,VAVUNIYA,0.9894,ocr_3of3,0.9894,0.9894,0.9894,0.9894
COP2122-238,8,15,TRINCOMALEE,1.2438,ocr_3of3,1.2438,1.2438,1.2438,1.2438
COP2122-238,8,15,BATTICALOA,0.9227,ocr_3of3,0.9227,0.9227,0.9227,NQC
COP2122-238,8,15,AMPARA,0.9634,ocr_3of3,0.9634,0.9634,0.9634,0.9634
COP2122-238,8,15,PUTTALAM,0.6866,ocr_3of3,0.6866,0.6866,0.6866,0.8090
COP2122-238,8,15,KURUNEGALA,0.4174,visual_read,0.4174,,,0.7037
COP2122-238,8,15,ANURADHAPURA,0.4202,ocr_3of3,0.4202,0.4202,0.4202,0.4202
COP2122-238,8,15,POLONNARUWA,NQC,ocr_3of3,NQC,NQC,NQC,NQC
COP2122-238,8,15,BADULLA,0.6160,ocr_3of3,0.6160,0.6160,0.6160,0.6160
COP2122-238,8,15,MONARAGALA,NQC,ocr_3of3,NQC,NQC,NQC,NQC
COP2122-238,8,15,KEGALLE,0.4867,ocr_3of3,0.4867,0.4867,0.4867,NQC
COP2122-238,8,15,RATNAPURA,NQC,ocr_3of3,NQC,NQC,NQC,NQC
COP2122-239,8,16,COLOMBO,0.8267,ocr_3of3,0.8267,0.8267,0.8267,0.8267
COP2122-239,8,16,GAMPAHA,-0.3431,ocr_3of3,-0.3431,-0.3431,-0.3431,-0.3431
COP2122-239,8,16,KALUTARA,0.7861,ocr_3of3,0.7861,0.7861,0.7861,0.8498
COP2122-239,8,16,MATALE,NQC,ocr_3of3,NQC,NQC,NQC,NQC
COP2122-239,8,16,KANDY,0.9040,ocr_3of3,0.9040,0.9040,0.9040,0.9040
COP2122-239,8,16,NUWARA ELIYA,-0.1345,ocr_3of3,-0.1345,-0.1345,-0.1345,-0.1345
COP2122-239,8,16,GALLE,NQC,ocr_3of3,NQC,NQC,NQC,NQC
COP2122-239,8,16,MATARA,0.3782,ocr_3of3,0.3782,0.3782,0.3782,0.9730
COP2122-239,8,16,HAMBANTOTA,NQC,ocr_3of3,NQC,NQC,NQC,NQC
COP2122-239,8,16,JAFFNA,NQC,ocr_3of3,NQC,NQC,NQC,NQC
COP2122-239,8,16,KILINOCHCHI,NQC,ocr_3of3,NQC,NQC,NQC,NQC
COP2122-239,8,16,MANNAR,NQC,ocr_3of3,NQC,NQC,NQC,NQC
COP2122-239,8,16,MULLAITIVU,NQC,ocr_3of3,NQC,NQC,NQC,NQC
COP2122-239,8,16,VAVUNIYA,NQC,ocr_3of3,NQC,NQC,NQC,NQC
COP2122-239,8,16,TRINCOMALEE,0.8497,ocr_3of3,0.8497,0.8497,0.8497,0.8497
COP2122-239,8,16,BATTICALOA,0.9823,ocr_3of3,0.9823,0.9823,0.9823,0.9823
COP2122-239,8,16,AMPARA,0.9538,ocr_3of3,0.9538,0.9538,0.9538,1.0967
COP2122-239,8,16,PUTTALAM,1.0111,ocr_3of3,1.0111,1.0111,1.0111,1.0111
COP2122-239,8,16,KURUNEGALA,0.7291,ocr_3of3,0.7291,0.7291,0.7291,0.7291
COP2122-239,8,16,ANURADHAPURA,-0.1053,ocr_3of3,-0.1053,-0.1053,-0.1053,-0.1053
COP2122-239,8,16,POLONNARUWA,NQC,ocr_3of3,NQC,NQC,NQC,NQC
COP2122-239,8,16,BADULLA,1.1517,ocr_3of3,1.1517,1.1517,1.1517,1.1517
COP2122-239,8,16,MONARAGALA,1.3857,ocr_3of3,1.3857,1.3857,1.3857,1.3857
COP2122-239,8,16,KEGALLE,0.9170,ocr_3of3,0.9170,0.9170,0.9170,0.9170
COP2122-239,8,16,RATNAPURA,NQC,ocr_3of3,NQC,NQC,NQC,NQC
COP2122-240,8,17,COLOMBO,0.9799,ocr_3of3,0.9799,0.9799,0.9799,1.1100
COP2122-240,8,17,GAMPAHA,0.7529,ocr_3of3,0.7529,0.7529,0.7529,0.7986
COP2122-240,8,17,KALUTARA,1.0208,ocr_3of3,1.0208,1.0208,1.0208,0.3071
COP2122-240,8,17,MATALE,NQC,ocr_3of3,NQC,NQC,NQC,NQC
COP2122-240,8,17,KANDY,1.1604,ocr_3of3,1.1604,1.1604,1.1604,1.1889
COP2122-240,8,17,NUWARA ELIYA,1.1774,ocr_3of3,1.1774,1.1774,1.1774,1.1774
COP2122-240,8,17,GALLE,0.9857,ocr_3of3,0.9857,0.9857,0.9857,1.1584
COP2122-240,8,17,MATARA,0.8999,ocr_3of3,0.8999,0.8999,0.8999,1.1706
COP2122-240,8,17,HAMBANTOTA,1.1619,ocr_3of3,1.1619,1.1619,1.1619,1.1619
COP2122-240,8,17,JAFFNA,NQC,ocr_3of3,NQC,NQC,NQC,NQC
COP2122-240,8,17,KILINOCHCHI,NQC,ocr_3of3,NQC,NQC,NQC,NQC
COP2122-240,8,17,MANNAR,NQC,ocr_3of3,NQC,NQC,NQC,NQC
COP2122-240,8,17,MULLAITIVU,NQC,ocr_3of3,NQC,NQC,NQC,NQC
COP2122-240,8,17,VAVUNIYA,NQC,ocr_3of3,NQC,NQC,NQC,NQC
COP2122-240,8,17,TRINCOMALEE,NQC,ocr_3of3,NQC,NQC,NQC,NQC
COP2122-240,8,17,BATTICALOA,NQC,ocr_3of3,NQC,NQC,NQC,NQC
COP2122-240,8,17,AMPARA,NQC,ocr_3of3,NQC,NQC,NQC,NQC
COP2122-240,8,17,PUTTALAM,1.0509,ocr_3of3,1.0509,1.0509,1.0509,1.0509
COP2122-240,8,17,KURUNEGALA,0.8717,ocr_3of3,0.8717,0.8717,0.8717,1.0871
COP2122-240,8,17,ANURADHAPURA,0.6686,ocr_3of3,0.6686,0.6686,0.6686,0.7610
COP2122-240,8,17,POLONNARUWA,1.1266,ocr_3of3,1.1266,1.1266,1.1266,1.1266
COP2122-240,8,17,BADULLA,0.3026,ocr_3of3,0.3026,0.3026,0.3026,0.9156
COP2122-240,8,17,MONARAGALA,0.4081,ocr_3of3,0.4081,0.4081,0.4081,0.4081
COP2122-240,8,17,KEGALLE,0.9576,ocr_3of3,0.9576,0.9576,0.9576,1.0441
COP2122-240,8,17,RATNAPURA,1.0642,ocr_3of3,1.0642,1.0642,1.0642,1.1033
COP2122-241,8,18,COLOMBO,1.3631,ocr_3of3,1.3631,1.3631,1.3631,1.3631
COP2122-241,8,18,GAMPAHA,1.3685,ocr_3of3,1.3685,1.3685,1.3685,1.3685
COP2122-241,8,18,KALUTARA,1.3679,ocr_3of3,1.3679,1.3679,1.3679,1.3679
COP2122-241,8,18,MATALE,1.5094,ocr_3of3,1.5094,1.5094,1.5094,1.5094
COP2122-241,8,18,KANDY,1.4002,ocr_3of3,1.4002,1.4002,1.4002,1.4669
COP2122-241,8,18,NUWARA ELIYA,1.4973,ocr_3of3,1.4973,1.4973,1.4973,1.4973
COP2122-241,8,18,GALLE,1.3740,ocr_3of3,1.3740,1.3740,1.3740,1.3740
COP2122-241,8,18,MATARA,1.3930,ocr_3of3,1.3930,1.3930,1.3930,1.3930
COP2122-241,8,18,HAMBANTOTA,1.3716,ocr_3of3,1.3716,1.3716,1.3716,1.3716
COP2122-241,8,18,JAFFNA,1.2332,ocr_3of3,1.2332,1.2332,1.2332,1.2332
COP2122-241,8,18,KILINOCHCHI,1.3609,ocr_3of3,1.3609,1.3609,1.3609,1.3609
COP2122-241,8,18,MANNAR,1.3038,ocr_3of3,1.3038,1.3038,1.3038,1.3038
COP2122-241,8,18,MULLAITIVU,1.2798,ocr_3of3,1.2798,1.2798,1.2798,1.2798
COP2122-241,8,18,VAVUNIYA,1.3852,ocr_3of3,1.3852,1.3852,1.3852,1.3852
COP2122-241,8,18,TRINCOMALEE,1.5077,ocr_3of3,1.5077,1.5077,1.5077,1.5077
COP2122-241,8,18,BATTICALOA,1.4210,ocr_3of3,1.4210,1.4210,I.42IO,1.4210
COP2122-241,8,18,AMPARA,1.4708,ocr_3of3,1.4708,1.4708,1.4708,1.4709
COP2122-241,8,18,PUTTALAM,1.4433,ocr_3of3,1.4433,I .4433,I.4433,1.4433
COP2122-241,8,18,KURUNEGALA,1.4140,visual_read,1.4140,,,1.4140
COP2122-241,8,18,ANURADHAPURA,1.4154,ocr_2of3_third_unreadable,1.4154,,I.4154,1.4154
COP2122-241,8,18,POLONNARUWA,1.4037,ocr_3of3,1.4037,1.4037,1.4037,1.4037
COP2122-241,8,18,BADULLA,1.3633,ocr_3of3,1.3633,1.3633,1.3633,1.3633
COP2122-241,8,18,MONARAGALA,1.4346,ocr_3of3,1.4346,I. 4346,I.4346,1.4346
COP2122-241,8,18,KEGALLE,1.4524,ocr_3of3,1.4524,I .4524,I.4524,1.4524
COP2122-241,8,18,RATNAPURA,1.3696,ocr_3of3,1.3696,1.3696,1.3696,1.3718
COP2122-242,8,19,COLOMBO,1.2088,ocr_3of3,1.2088,1.2088,1.2088,1.2274
COP2122-242,8,19,GAMPAHA,1.2088,ocr_3of3,1.2088,1.2088,1.2088,1.2274
COP2122-242,8,19,KALUTARA,1.2088,ocr_3of3,1.2088,1.2088,1.2088,1.2274
COP2122-242,8,19,MATALE,1.2088,ocr_3of3,1.2088,1.2088,1.2088,1.2274
COP2122-242,8,19,KANDY,1.2088,ocr_3of3,1.2088,1.2088,1.2088,1.2274
COP2122-242,8,19,NUWARA ELIYA,1.2088,ocr_3of3,1.2088,1.2088,1.2088,1.2274
COP2122-242,8,19,GALLE,1.2088,ocr_3of3,1.2088,1.2088,1.2088,1.2274
COP2122-242,8,19,MATARA,1.2088,ocr_3of3,1.2088,1.2088,1.2088,1.2274
COP2122-242,8,19,HAMBANTOTA,1.2088,ocr_3of3,1.2088,1.2088,1.2088,1.2274
COP2122-242,8,19,JAFFNA,1.2088,ocr_3of3,1.2088,1.2088,1.2088,1.2274
COP2122-242,8,19,KILINOCHCHI,1.2088,ocr_3of3,1.2088,1.2088,1.2088,1.2274
COP2122-242,8,19,MANNAR,1.2088,ocr_3of3,1.2088,1.2088,1.2088,1.2274
COP2122-242,8,19,MULLAITIVU,1.2088,ocr_3of3,1.2088,1.2088,1.2088,1.2274
COP2122-242,8,19,VAVUNIYA,1.2088,ocr_3of3,1.2088,1.2088,1.2088,1.2274
COP2122-242,8,19,TRINCOMALEE,1.2088,ocr_3of3,1.2088,1.2088,1.2088,1.2274
COP2122-242,8,19,BATTICALOA,1.2088,ocr_3of3,1.2088,1.2088,1.2088,1.2274
COP2122-242,8,19,AMPARA,1.2088,ocr_3of3,1.2088,1.2088,1.2088,1.2274
COP2122-242,8,19,PUTTALAM,1.2088,ocr_3of3,1.2088,1.2088,1.2088,1.2274
COP2122-242,8,19,KURUNEGALA,1.2088,ocr_3of3,1.2088,1.2088,1.2088,1.2274
COP2122-242,8,19,ANURADHAPURA,1.2088,ocr_3of3,1.2088,1.2088,1.2088,1.2274
COP2122-242,8,19,POLONNARUWA,1.2088,ocr_3of3,1.2088,1.2088,1.2088,1.2274
COP2122-242,8,19,BADULLA,1.2088,ocr_3of3,1.2088,1.2088,1.2088,1.2274
COP2122-242,8,19,MONARAGALA,1.2088,ocr_3of3,1.2088,1.2088,1.2088,1.2274
COP2122-242,8,19,KEGALLE,1.2088,ocr_3of3,1.2088,1.2088,1.2088,1.2274
COP2122-242,8,19,RATNAPURA,1.2088,ocr_3of3,1.2088,1.2088,1.2088,1.2274
COP2122-243,8,20,COLOMBO,1.1920,ocr_3of3,1.1920,1.1920,1.1920,1.1931
COP2122-243,8,20,GAMPAHA,1.1920,ocr_3of3,1.1920,1.1920,1.1920,1.1931
COP2122-243,8,20,KALUTARA,1.1920,ocr_3of3,1.1920,1.1920,1.1920,1.1931
COP2122-243,8,20,MATALE,1.1920,ocr_3of3,1.1920,1.1920,1.1920,1.1931
COP2122-243,8,20,KANDY,1.1920,ocr_3of3,1.1920,1.1920,1.1920,1.1931
COP2122-243,8,20,NUWARA ELIYA,1.1920,ocr_3of3,1.1920,1.1920,1.1920,1.1931
COP2122-243,8,20,GALLE,1.1920,ocr_3of3,1.1920,1.1920,1.1920,1.1931
COP2122-243,8,20,MATARA,1.1920,ocr_3of3,1.1920,1.1920,1.1920,1.1931
COP2122-243,8,20,HAMBANTOTA,1.1920,ocr_3of3,1.1920,1.1920,1.1920,1.1931
COP2122-243,8,20,JAFFNA,1.1920,ocr_3of3,1.1920,1.1920,1.1920,1.1931
COP2122-243,8,20,KILINOCHCHI,1.1920,ocr_3of3,1.1920,1.1920,1.1920,1.1931
COP2122-243,8,20,MANNAR,1.1920,ocr_3of3,1.1920,1.1920,1.1920,1.1931
COP2122-243,8,20,MULLAITIVU,1.1920,ocr_3of3,1.1920,1.1920,1.1920,1.1931
COP2122-243,8,20,VAVUNIYA,1.1920,ocr_3of3,1.1920,1.1920,1.1920,1.1931
COP2122-243,8,20,TRINCOMALEE,1.1920,ocr_3of3,1.1920,1.1920,1.1920,1.1931
COP2122-243,8,20,BATTICALOA,1.1920,ocr_3of3,1.1920,1.1920,1.1920,1.1931
COP2122-243,8,20,AMPARA,1.1920,ocr_3of3,1.1920,1.1920,1.1920,1.1931
COP2122-243,8,20,PUTTALAM,1.1920,ocr_3of3,1.1920,1.1920,1.1920,1.1931
COP2122-243,8,20,KURUNEGALA,1.1920,ocr_3of3,1.1920,1.1920,1.1920,1.1931
COP2122-243,8,20,ANURADHAPURA,1.1920,ocr_3of3,1.1920,1.1920,1.1920,1.1931
COP2122-243,8,20,POLONNARUWA,1.1920,ocr_3of3,1.1920,1.1920,1.1920,1.1931
COP2122-243,8,20,BADULLA,1.1920,ocr_3of3,1.1920,1.1920,1.1920,1.1931
COP2122-243,8,20,MONARAGALA,1.1920,ocr_3of3,1.1920,1.1920,1.1920,1.1931
COP2122-243,8,20,KEGALLE,1.1920,ocr_3of3,1.1920,1.1920,1.1920,1.1931
COP2122-243,8,20,RATNAPURA,1.1920,ocr_3of3,1.1920,1.1920,1.1920,1.1931
COP2122-244,8,21,COLOMBO,0.6674,ocr_3of3,0.6674,0.6674,0.6674,0.7209
COP2122-244,8,21,GAMPAHA,1.1435,ocr_3of3,1.1435,1.1435,1.1435,1.1510
COP2122-244,8,21,KALUTARA,1.1870,ocr_3of3,1.1870,1.1870,1.1870,1.2440
COP2122-244,8,21,MATALE,1.2883,ocr_3of3,1.2883,1.2883,1.2883,1.2883
COP2122-244,8,21,KANDY,1.1865,ocr_3of3,1.1865,1.1865,1.1865,1.1992
COP2122-244,8,21,NUWARA ELIYA,0.9725,ocr_3of3,0.9725,0.9725,0.9725,0.9725
COP2122-244,8,21,GALLE,1.0306,ocr_3of3,1.0306,1.0306,1.0306,1.1507
COP2122-244,8,21,MATARA,1.2621,ocr_3of3,1.2621,1.2621,1.2621,1.2621
COP2122-244,8,21,HAMBANTOTA,0.6085,ocr_3of3,0.6085,0.6085,0.6085,0.6085
COP2122-244,8,21,JAFFNA,NQC,ocr_3of3,NQC,NQC,NQC,NQC
COP2122-244,8,21,KILINOCHCHI,NQC,ocr_3of3,NQC,NQC,NQC,NQC
COP2122-244,8,21,MANNAR,NQC,ocr_3of3,NQC,NQC,NQC,NQC
COP2122-244,8,21,MULLAITIVU,NQC,ocr_3of3,NQC,NQC,NQC,NQC
COP2122-244,8,21,VAVUNIYA,NQC,ocr_3of3,NQC,NQC,NQC,NQC
COP2122-244,8,21,TRINCOMALEE,-0.0377,ocr_3of3,-0.0377,-0.0377,-0.0377,-0.0377
COP2122-244,8,21,BATTICALOA,NQC,ocr_3of3,NQC,NQC,NQC,NQC
COP2122-244,8,21,AMPARA,0.9581,ocr_3of3,0.9581,0.9581,0.9581,0.9581
COP2122-244,8,21,PUTTALAM,1.2240,ocr_3of3,1.2240,1.2240,1.2240,1.2240
COP2122-244,8,21,KURUNEGALA,1.1965,ocr_3of3,1.1965,1.1965,1.1965,1.2216
COP2122-244,8,21,ANURADHAPURA,0.8605,ocr_3of3,0.8605,0.8605,0.8605,0.9112
COP2122-244,8,21,POLONNARUWA,0.9387,ocr_3of3,0.9387,0.9387,0.9387,0.9387
COP2122-244,8,21,BADULLA,1.1520,ocr_3of3,1.1520,1.1520,1.1520,1.1520
COP2122-244,8,21,MONARAGALA,1.0195,ocr_3of3,1.0195,1.0195,1.0195,1.0195
COP2122-244,8,21,KEGALLE,0.7316,ocr_3of3,0.7316,0.7316,0.7316,0.8128
COP2122-244,8,21,RATNAPURA,1.2302,ocr_3of3,1.2302,1.2302,1.2302,1.2477
COP2122-245,8,22,COLOMBO,0.9804,ocr_3of3,0.9804,0.9804,0.9804,0.9804
COP2122-245,8,22,GAMPAHA,0.8063,ocr_3of3,0.8063,0.8063,0.8063,0.8063
COP2122-245,8,22,KALUTARA,0.8237,ocr_3of3,0.8237,0.8237,0.8237,0.8237
COP2122-245,8,22,MATALE,0.8448,visual_read,0.8448,O -8448,8448,0.8448
COP2122-245,8,22,KANDY,0.9712,ocr_3of3,0.9712,0.9712,0.9712,0.9712
COP2122-245,8,22,NUWARA ELIYA,-0.2621,ocr_3of3,-0.2621,-0.2621,-0.2621,-0.2621
COP2122-245,8,22,GALLE,0.9834,ocr_3of3,0.9834,0.9834,0.9834,0.9834
COP2122-245,8,22,MATARA,1.0126,ocr_3of3,1.0126,1.0126,1.0126,1.0126
COP2122-245,8,22,HAMBANTOTA,0.8176,ocr_3of3,0.8176,0.8176,0.8176,0.8176
COP2122-245,8,22,JAFFNA,NQC,ocr_3of3,NQC,NQC,NQC,NQC
COP2122-245,8,22,KILINOCHCHI,NQC,ocr_3of3,NQC,NQC,NQC,NQC
COP2122-245,8,22,MANNAR,NQC,ocr_3of3,NQC,NQC,NQC,NQC
COP2122-245,8,22,MULLAITIVU,NQC,ocr_3of3,NQC,NQC,NQC,NQC
COP2122-245,8,22,VAVUNIYA,NQC,ocr_3of3,NQC,NQC,NQC,NQC
COP2122-245,8,22,TRINCOMALEE,0.4285,ocr_3of3,0.4285,0.4285,0.4285,0.4285
COP2122-245,8,22,BATTICALOA,NQC,ocr_3of3,NQC,NQC,NQC,NQC
COP2122-245,8,22,AMPARA,0.5010,ocr_3of3,0.5010,0.5010,0.5010,0.5010
COP2122-245,8,22,PUTTALAM,0.7899,ocr_3of3,0.7899,0.7899,0.7899,0.7899
COP2122-245,8,22,KURUNEGALA,0.9626,ocr_3of3,0.9626,0.9626,0.9626,0.9626
COP2122-245,8,22,ANURADHAPURA,0.7793,ocr_3of3,0.7793,0.7793,0.7793,0.7793
COP2122-245,8,22,POLONNARUWA,1.0057,ocr_3of3,1.0057,1.0057,1.0057,1.0057
COP2122-245,8,22,BADULLA,0.8345,ocr_3of3,0.8345,0.8345,0.8345,0.8345
COP2122-245,8,22,MONARAGALA,1.0023,ocr_3of3,1.0023,1.0023,1.0023,1.0023
COP2122-245,8,22,KEGALLE,1.0344,visual_read,1.0344,,,1.0344
COP2122-245,8,22,RATNAPURA,0.9274,ocr_3of3,0.9274,0.9274,0.9274,0.9274
COP2122-246,8,23,COLOMBO,0.7039,ocr_3of3,0.7039,0.7039,0.7039,0.7039
COP2122-246,8,23,GAMPAHA,0.8383,ocr_3of3,0.8383,0.8383,0.8383,0.8383
COP2122-246,8,23,KALUTARA,0.8454,ocr_2of3_third_unreadable,0.8454,,0.8454,0.8454
COP2122-246,8,23,MATALE,1.1424,ocr_2of3_third_unreadable,1.1424,,I.1424,1.1424
COP2122-246,8,23,KANDY,0.9017,ocr_3of3,0.9017,0.9017,0.9017,0.9017
COP2122-246,8,23,NUWARA ELIYA,0.3100,ocr_3of3,0.3100,0.3100,0.3100,0.3100
COP2122-246,8,23,GALLE,0.8711,ocr_3of3,0.8711,0.8711,0.8711,0.8711
COP2122-246,8,23,MATARA,0.9896,ocr_3of3,0.9896,0.9896,0.9896,0.9896
COP2122-246,8,23,HAMBANTOTA,0.9404,ocr_2of3_third_unreadable,0.9404,,O.9404,0.9404
COP2122-246,8,23,JAFFNA,NQC,ocr_3of3,NQC,NQC,NQC,NQC
COP2122-246,8,23,KILINOCHCHI,NQC,ocr_3of3,NQC,NQC,NQC,NQC
COP2122-246,8,23,MANNAR,NQC,ocr_3of3,NQC,NQC,NQC,NQC
COP2122-246,8,23,MULLAITIVU,0.8886,ocr_3of3,0.8886,0.8886,0.8886,0.8886
COP2122-246,8,23,VAVUNIYA,0.6003,ocr_3of3,0.6003,0.6003,0.6003,0.6003
COP2122-246,8,23,TRINCOMALEE,0.4192,ocr_3of3,0.4192,0.4192,0.4192,0.4192
COP2122-246,8,23,BATTICALOA,NQC,ocr_3of3,NQC,NQC,NQC,NQC
COP2122-246,8,23,AMPARA,0.6909,ocr_3of3,0.6909,0.6909,0.6909,0.6909
COP2122-246,8,23,PUTTALAM,0.9627,ocr_3of3,0.9627,0.9627,0.9627,0.9627
COP2122-246,8,23,KURUNEGALA,1.0828,ocr_3of3,1.0828,1.0828,1.0828,1.0828
COP2122-246,8,23,ANURADHAPURA,0.9525,ocr_3of3,0.9525,0.9525,0.9525,0.9525
COP2122-246,8,23,POLONNARUWA,1.0136,ocr_3of3,1.0136,1.0136,1.0136,1.0136
COP2122-246,8,23,BADULLA,0.9980,ocr_3of3,0.9980,0.9980,0.9980,0.9980
COP2122-246,8,23,MONARAGALA,0.7819,ocr_3of3,0.7819,0.7819,0.7819,0.7819
COP2122-246,8,23,KEGALLE,1.0993,ocr_3of3,1.0993,1.0993,1.0993,1.0993
COP2122-246,8,23,RATNAPURA,1.1345,ocr_3of3,1.1345,1.1345,1.1345,1.1345
COP2122-247,8,24,COLOMBO,0.7306,ocr_3of3,0.7306,0.7306,0.7306,0.7306
COP2122-247,8,24,GAMPAHA,0.7633,ocr_3of3,0.7633,0.7633,0.7633,0.7633
COP2122-247,8,24,KALUTARA,0.6205,ocr_3of3,0.6205,0.6205,0.6205,0.6205
COP2122-247,8,24,MATALE,1.0064,ocr_3of3,1.0064,1.0064,1.0064,1.0064
COP2122-247,8,24,KANDY,0.9990,ocr_3of3,0.9990,0.9990,0.9990,0.9990
COP2122-247,8,24,NUWARA ELIYA,0.5024,ocr_3of3,0.5024,0.5024,0.5024,0.5024
COP2122-247,8,24,GALLE,0.9850,ocr_3of3,0.9850,0.9850,0.9850,0.9850
COP2122-247,8,24,MATARA,0.9472,ocr_3of3,0.9472,0.9472,0.9472,0.9472
COP2122-247,8,24,HAMBANTOTA,0.8565,ocr_3of3,0.8565,0.8565,0.8565,0.8565
COP2122-247,8,24,JAFFNA,NQC,ocr_3of3,NQC,NQC,NQC,NQC
COP2122-247,8,24,KILINOCHCHI,NQC,ocr_3of3,NQC,NQC,NQC,NQC
COP2122-247,8,24,MANNAR,NQC,ocr_3of3,NQC,NQC,NQC,NQC
COP2122-247,8,24,MULLAITIVU,NQC,ocr_3of3,NQC,NQC,NQC,NQC
COP2122-247,8,24,VAVUNIYA,NQC,ocr_3of3,NQC,NQC,NQC,NQC
COP2122-247,8,24,TRINCOMALEE,0.8105,ocr_3of3,0.8105,0.8105,0.8105,0.8105
COP2122-247,8,24,BATTICALOA,NQC,ocr_3of3,NQC,NQC,NQC,NQC
COP2122-247,8,24,AMPARA,0.7290,ocr_3of3,0.7290,0.7290,0.7290,0.7290
COP2122-247,8,24,PUTTALAM,0.9725,ocr_3of3,0.9725,0.9725,0.9725,0.9725
COP2122-247,8,24,KURUNEGALA,0.8308,ocr_3of3,0.8308,0.8308,0.8308,0.8308
COP2122-247,8,24,ANURADHAPURA,1.1101,ocr_3of3,1.1101,1.1101,1.1101,1.1101
COP2122-247,8,24,POLONNARUWA,0.9506,ocr_3of3,0.9506,0.9506,0.9506,0.9506
COP2122-247,8,24,BADULLA,0.7956,ocr_3of3,0.7956,0.7956,0.7956,0.7956
COP2122-247,8,24,MONARAGALA,0.4613,ocr_3of3,0.4613,0.4613,0.4613,0.4613
COP2122-247,8,24,KEGALLE,1.0153,ocr_3of3,1.0153,1.0153,1.0153,1.0153
COP2122-247,8,24,RATNAPURA,0.9659,ocr_3of3,0.9659,0.9659,0.9659,0.9659
COP2122-248,8,25,COLOMBO,NQC,ocr_3of3,NQC,NQC,NQC,NQC
COP2122-248,8,25,GAMPAHA,0.5323,ocr_3of3,0.5323,0.5323,0.5323,0.5323
COP2122-248,8,25,KALUTARA,0.4470,ocr_3of3,0.4470,0.4470,0.4470,0.4470
COP2122-248,8,25,MATALE,NQC,ocr_3of3,NQC,NQC,NQC,NQC
COP2122-248,8,25,KANDY,0.5986,ocr_3of3,0.5986,0.5986,0.5986,0.6946
COP2122-248,8,25,NUWARA ELIYA,-0.5000,ocr_3of3,-0.5000,-0.5000,-0.5000,0.6077
COP2122-248,8,25,GALLE,NQC,ocr_3of3,NQC,NQC,NQC,NQC
COP2122-248,8,25,MATARA,NQC,ocr_3of3,NQC,NQC,NQC,NQC
COP2122-248,8,25,HAMBANTOTA,NQC,ocr_3of3,NQC,NQC,NQC,NQC
COP2122-248,8,25,JAFFNA,0.0860,ocr_3of3,0.0860,0.0860,0.0860,0.8208
COP2122-248,8,25,KILINOCHCHI,0.2238,ocr_3of3,0.2238,0.2238,0.2238,0.2238
COP2122-248,8,25,MANNAR,0.3902,ocr_3of3,0.3902,0.3902,0.3902,0.3902
COP2122-248,8,25,MULLAITIVU,1.2842,ocr_3of3,1.2842,1.2842,1.2842,1.2842
COP2122-248,8,25,VAVUNIYA,0.6606,ocr_3of3,0.6606,0.6606,0.6606,0.6606
COP2122-248,8,25,TRINCOMALEE,0.3569,ocr_3of3,0.3569,0.3569,0.3569,0.8215
COP2122-248,8,25,BATTICALOA,0.4339,ocr_3of3,0.4339,0.4339,0.4339,0.5981
COP2122-248,8,25,AMPARA,0.3706,ocr_3of3,0.3706,0.3706,0.3706,0.6554
COP2122-248,8,25,PUTTALAM,0.9894,ocr_3of3,0.9894,0.9894,0.9894,0.9894
COP2122-248,8,25,KURUNEGALA,0.3935,ocr_3of3,0.3935,0.3935,0.3935,0.3935
COP2122-248,8,25,ANURADHAPURA,-0.1035,ocr_3of3,-0.1035,-0.1035,-0.1035,0.2513
COP2122-248,8,25,POLONNARUWA,1.2563,ocr_3of3,1.2563,1.2563,1.2563,1.2563
COP2122-248,8,25,BADULLA,0.3278,ocr_3of3,0.3278,0.3278,0.3278,0.3278
COP2122-248,8,25,MONARAGALA,NQC,ocr_3of3,NQC,NQC,NQC,-0.0241
COP2122-248,8,25,KEGALLE,NQC,ocr_3of3,NQC,NQC,NQC,NQC
COP2122-248,8,25,RATNAPURA,0.2075,ocr_3of3,0.2075,0.2075,0.2075,0.2075
COP2122-249,8,26,COLOMBO,0.1274,ocr_3of3,0.1274,0.1274,0.1274,0.1274
COP2122-249,8,26,GAMPAHA,NQC,ocr_3of3,NQC,NQC,NQC,NQC
COP2122-249,8,26,KALUTARA,0.3694,ocr_3of3,0.3694,0.3694,0.3694,0.3694
COP2122-249,8,26,MATALE,-0.0986,ocr_3of3,-0.0986,-0.0986,-0.0986,0.4566
COP2122-249,8,26,KANDY,-0.2544,ocr_3of3,—0.2544,—O. 2544,—O.2544,0.4888
COP2122-249,8,26,NUWARA ELIYA,0.4427,ocr_3of3,0.4427,0.4427,0.4427,0.7315
COP2122-249,8,26,GALLE,0.0432,ocr_3of3,0.0432,0.0432,0.0432,0.0432
COP2122-249,8,26,MATARA,NQC,ocr_3of3,NQC,NQC,NQC,NQC
COP2122-249,8,26,HAMBANTOTA,NQC,ocr_3of3,NQC,NQC,NQC,NQC
COP2122-249,8,26,JAFFNA,0.7097,ocr_3of3,0.7097,0.7097,0.7097,0.7802
COP2122-249,8,26,KILINOCHCHI,0.6435,ocr_3of3,0.6435,0.6435,0.6435,0.7302
COP2122-249,8,26,MANNAR,0.0528,ocr_3of3,0.0528,0.0528,0.0528,0.3271
COP2122-249,8,26,MULLAITIVU,0.3684,ocr_3of3,0.3684,0.3684,0.3684,0.7835
COP2122-249,8,26,VAVUNIYA,0.6787,ocr_3of3,0.6787,0.6787,0.6787,0.7928
COP2122-249,8,26,TRINCOMALEE,0.5141,ocr_3of3,0.5141,0.5141,0.5141,0.7792
COP2122-249,8,26,BATTICALOA,0.5656,ocr_3of3,0.5656,0.5656,0.5656,0.7886
COP2122-249,8,26,AMPARA,-0.5389,ocr_3of3,-0.5389,-0.5389,-0.5389,0.6205
COP2122-249,8,26,PUTTALAM,1.2029,ocr_3of3,1.2029,1.2029,1.2029,1.2029
COP2122-249,8,26,KURUNEGALA,NQC,ocr_3of3,NQC,NQC,NQC,NQC
COP2122-249,8,26,ANURADHAPURA,NQC,ocr_3of3,NQC,NQC,NQC,NQC
COP2122-249,8,26,POLONNARUWA,NQC,ocr_3of3,NQC,NQC,NQC,NQC
COP2122-249,8,26,BADULLA,-0.1501,ocr_3of3,-0.1501,-0.1501,-0.1501,0.5497
COP2122-249,8,26,MONARAGALA,0.4847,ocr_3of3,0.4847,0.4847,0.4847,0.4847
COP2122-249,8,26,KEGALLE,-0.1059,ocr_3of3,-0.1059,-0.1059,-0.1059,-0.1059
COP2122-249,8,26,RATNAPURA,0.9671,ocr_3of3,0.9671,0.9671,0.9671,0.9671
COP2122-250,8,27,COLOMBO,-0.3151,ocr_3of3,-0.3151,-0.3151,-0.3151,-0.3151
COP2122-250,8,27,GAMPAHA,-0.5365,ocr_3of3,-0.5365,-0.5365,-0.5365,-0.5365
COP2122-250,8,27,KALUTARA,NQC,ocr_3of3,NQC,NQC,NQC,NQC
COP2122-250,8,27,MATALE,0.5170,ocr_3of3,0.5170,0.5170,0.5170,0.5170
COP2122-250,8,27,KANDY,0.2144,ocr_3of3,0.2144,0.2144,0.2144,0.4490
COP2122-250,8,27,NUWARA ELIYA,0.2997,ocr_3of3,0.2997,0.2997,0.2997,0.5143
COP2122-250,8,27,GALLE,NQC,ocr_3of3,NQC,NQC,NQC,NQC
COP2122-250,8,27,MATARA,NQC,ocr_3of3,NQC,NQC,NQC,NQC
COP2122-250,8,27,HAMBANTOTA,NQC,ocr_3of3,NQC,NQC,NQC,NQC
COP2122-250,8,27,JAFFNA,0.1629,ocr_3of3,0.1629,0.1629,0.1629,0.1629
COP2122-250,8,27,KILINOCHCHI,0.6556,ocr_3of3,0.6556,0.6556,0.6556,0.7114
COP2122-250,8,27,MANNAR,0.4478,ocr_3of3,0.4478,0.4478,0.4478,0.5045
COP2122-250,8,27,MULLAITIVU,0.6592,ocr_3of3,0.6592,0.6592,0.6592,0.6592
COP2122-250,8,27,VAVUNIYA,NQC,ocr_3of3,NQC,NQC,NQC,NQC
COP2122-250,8,27,TRINCOMALEE,0.6721,ocr_3of3,0.6721,0.6721,0.6721,0.6721
COP2122-250,8,27,BATTICALOA,0.5963,ocr_3of3,0.5963,0.5963,0.5963,0.6922
COP2122-250,8,27,AMPARA,NQC,ocr_3of3,NQC,NQC,NQC,NQC
COP2122-250,8,27,PUTTALAM,NQC,ocr_3of3,NQC,NQC,NQC,NQC
COP2122-250,8,27,KURUNEGALA,0.4074,ocr_2of3_third_unreadable,0.4074,,0.4074,0.4074
COP2122-250,8,27,ANURADHAPURA,NQC,ocr_3of3,NQC,NQC,NQC,NQC
COP2122-250,8,27,POLONNARUWA,NQC,ocr_3of3,NQC,NQC,NQC,NQC
COP2122-250,8,27,BADULLA,NQC,ocr_3of3,NQC,NQC,NQC,NQC
COP2122-250,8,27,MONARAGALA,NQC,ocr_3of3,NQC,NQC,NQC,NQC
COP2122-250,8,27,KEGALLE,0.8775,ocr_3of3,0.8775,0.8775,0.8775,0.8775
COP2122-250,8,27,RATNAPURA,NQC,ocr_3of3,NQC,NQC,NQC,NQC
COP2122-251,8,28,COLOMBO,NQC,ocr_3of3,NQC,NQC,NQC,NQC
COP2122-251,8,28,GAMPAHA,NQC,ocr_3of3,NQC,NQC,NQC,NQC
COP2122-251,8,28,KALUTARA,-0.1577,ocr_3of3,-0.1577,-0.1577,-0.1577,-0.1577
COP2122-251,8,28,MATALE,0.2516,ocr_3of3,0.2516,0.2516,0.2516,0.2516
COP2122-251,8,28,KANDY,-0.2574,ocr_3of3,-0.2574,-0.2574,-o.2574,-0.2574
COP2122-251,8,28,NUWARA ELIYA,0.1198,ocr_3of3,0.1198,0.1198,0.1198,0.1198
COP2122-251,8,28,GALLE,0.6624,ocr_3of3,0.6624,0.6624,0.6624,0.6624
COP2122-251,8,28,MATARA,0.3960,ocr_3of3,0.3960,0.3960,0.3960,0.3960
COP2122-251,8,28,HAMBANTOTA,NQC,ocr_3of3,NQC,NQC,NQC,NQC
COP2122-251,8,28,JAFFNA,-0.0006,ocr_3of3,-0.0006,-0.0006,-0.0006,0.6068
COP2122-251,8,28,KILINOCHCHI,0.1943,ocr_3of3,0.1943,0.1943,0.1943,0.1943
COP2122-251,8,28,MANNAR,0.6544,ocr_2of3_third_unreadable,0.6544,0.6544,,0.6544
COP2122-251,8,28,MULLAITIVU,-0.2158,ocr_3of3,-0.2158,-0.2158,-0.2158,-0.2158
COP2122-251,8,28,VAVUNIYA,NQC,ocr_3of3,NQC,NQC,NQC,NQC
COP2122-251,8,28,TRINCOMALEE,0.4798,ocr_3of3,0.4798,0.4798,0.4798,0.7083
COP2122-251,8,28,BATTICALOA,0.5391,ocr_3of3,0.5391,0.5391,0.5391,0.6405
COP2122-251,8,28,AMPARA,0.5591,ocr_3of3,0.5591,0.5591,0.5591,0.6735
COP2122-251,8,28,PUTTALAM,-0.1140,ocr_3of3,-0.1140,-0.1140,—0.1140,0.2041
COP2122-251,8,28,KURUNEGALA,NQC,ocr_3of3,NQC,NQC,NQC,NQC
COP2122-251,8,28,ANURADHAPURA,0.0719,ocr_3of3,0.0719,0.0719,0.0719,0.3920
COP2122-251,8,28,POLONNARUWA,-0.2575,ocr_3of3,-0.2575,-0.2575,-0.2575,-0.2575
COP2122-251,8,28,BADULLA,0.7965,ocr_3of3,0.7965,0.7965,0.7965,0.7965
COP2122-251,8,28,MONARAGALA,-0.0528,ocr_3of3,-0.0528,-0.0528,-0.0528,0.3947
COP2122-251,8,28,KEGALLE,-0.3591,ocr_3of3,-0.3591,-0.3591,-0.3591,-0.3591
COP2122-251,8,28,RATNAPURA,0.0188,ocr_3of3,0.0188,0.0188,0.0188,0.3427
COP2122-252,8,29,COLOMBO,0.6899,ocr_3of3,0.6899,0.6899,0.6899,0.6899
COP2122-252,8,29,GAMPAHA,-0.0104,ocr_3of3,-0.0104,-0.0104,-0.0104,-0.0104
COP2122-252,8,29,KALUTARA,0.7602,ocr_3of3,0.7602,0.7602,0.7602,0.7602
COP2122-252,8,29,MATALE,0.2683,ocr_3of3,0.2683,0.2683,0.2683,0.6873
COP2122-252,8,29,KANDY,-0.5642,ocr_3of3,-0.5642,-0.5642,-0.5642,0.5063
COP2122-252,8,29,NUWARA ELIYA,0.3798,ocr_3of3,0.3798,0.3798,0.3798,0.7253
COP2122-252,8,29,GALLE,-0.0863,ocr_3of3,-0.0863,-0.0863,-0.0863,-0.0863
COP2122-252,8,29,MATARA,NQC,ocr_3of3,NQC,NQC,NQC,NQC
COP2122-252,8,29,HAMBANTOTA,NQC,ocr_3of3,NQC,NQC,NQC,NQC
COP2122-252,8,29,JAFFNA,0.6380,ocr_3of3,0.6380,0.6380,0.6380,0.7781
COP2122-252,8,29,KILINOCHCHI,0.6404,ocr_2of3_third_unreadable,0.6404,,O.6404,0.7406
COP2122-252,8,29,MANNAR,0.5130,ocr_3of3,0.5130,0.5130,0.5130,0.6678
COP2122-252,8,29,MULLAITIVU,0.9019,ocr_3of3,0.9019,0.9019,0.9019,0.9019
COP2122-252,8,29,VAVUNIYA,0.1485,ocr_3of3,0.1485,0.1485,0.1485,0.6787
COP2122-252,8,29,TRINCOMALEE,0.6746,ocr_3of3,0.6746,0.6746,0.6746,0.7494
COP2122-252,8,29,BATTICALOA,0.6801,ocr_3of3,0.6801,0.6801,0.6801,0.8249
COP2122-252,8,29,AMPARA,-0.0204,ocr_3of3,-0.0204,-0.0204,-0.0204,0.8680
COP2122-252,8,29,PUTTALAM,0.3035,ocr_3of3,0.3035,0.3035,0.3035,0.3035
COP2122-252,8,29,KURUNEGALA,NQC,ocr_3of3,NQC,NQC,NQC,NQC
COP2122-252,8,29,ANURADHAPURA,NQC,ocr_3of3,NQC,NQC,NQC,NQC
COP2122-252,8,29,POLONNARUWA,NQC,ocr_3of3,NQC,NQC,NQC,NQC
COP2122-252,8,29,BADULLA,0.5406,ocr_3of3,0.5406,0.5406,0.5406,0.6923
COP2122-252,8,29,MONARAGALA,0.5738,ocr_3of3,0.5738,0.5738,0.5738,0.5738
COP2122-252,8,29,KEGALLE,0.9626,ocr_3of3,0.9626,0.9626,0.9626,0.9626
COP2122-252,8,29,RATNAPURA,-0.3596,ocr_3of3,-0.3596,-0.3596,-0.3596,-0.3596
COP2122-253,8,30,COLOMBO,0.2975,ocr_3of3,0.2975,0.2975,0.2975,0.2975
COP2122-253,8,30,GAMPAHA,NQC,ocr_3of3,NQC,NQC,NQC,NQC
COP2122-253,8,30,KALUTARA,NQC,ocr_3of3,NQC,NQC,NQC,NQC
COP2122-253,8,30,MATALE,-0.1268,ocr_3of3,-0.1268,-0.1268,-0.1268,0.5189
COP2122-253,8,30,KANDY,-0.3218,ocr_3of3,-0.3218,-0.3218,-0.3218,-0.0615
COP2122-253,8,30,NUWARA ELIYA,-0.1752,ocr_3of3,-0.1752,-0.1752,-0.1752,0.6116
COP2122-253,8,30,GALLE,NQC,ocr_3of3,NQC,NQC,NQC,NQC
COP2122-253,8,30,MATARA,NQC,ocr_3of3,NQC,NQC,NQC,NQC
COP2122-253,8,30,HAMBANTOTA,NQC,ocr_3of3,NQC,NQC,NQC,NQC
COP2122-253,8,30,JAFFNA,0.7692,ocr_3of3,0.7692,0.7692,0.7692,0.8183
COP2122-253,8,30,KILINOCHCHI,0.7346,ocr_3of3,0.7346,0.7346,0.7346,0.8413
COP2122-253,8,30,MANNAR,0.5045,ocr_3of3,0.5045,0.5045,0.5045,0.6326
COP2122-253,8,30,MULLAITIVU,0.4091,ocr_3of3,0.4091,0.4091,0.4091,0.4407
COP2122-253,8,30,VAVUNIYA,0.7708,ocr_3of3,0.7708,0.7708,0.7708,0.8201
COP2122-253,8,30,TRINCOMALEE,0.6014,ocr_3of3,0.6014,0.6014,0.6014,0.7850
COP2122-253,8,30,BATTICALOA,0.7407,ocr_3of3,0.7407,0.7407,0.7407,0.7995
COP2122-253,8,30,AMPARA,0.3785,ocr_3of3,0.3785,0.3785,0.3785,0.6492
COP2122-253,8,30,PUTTALAM,0.4770,ocr_3of3,0.4770,0.4770,0.4770,0.4770
COP2122-253,8,30,KURUNEGALA,NQC,ocr_3of3,NQC,NQC,NQC,NQC
COP2122-253,8,30,ANURADHAPURA,NQC,ocr_3of3,NQC,NQC,NQC,NQC
COP2122-253,8,30,POLONNARUWA,NQC,ocr_3of3,NQC,NQC,NQC,NQC
COP2122-253,8,30,BADULLA,-0.7936,ocr_3of3,-0.7936,-0.7936,-0.7936,0.5397
COP2122-253,8,30,MONARAGALA,NQC,ocr_3of3,NQC,NQC,NQC,NQC
COP2122-253,8,30,KEGALLE,NQC,ocr_3of3,NQC,NQC,NQC,NQC
COP2122-253,8,30,RATNAPURA,0.5790,ocr_3of3,0.5790,0.5790,0.5790,0.5790
COP2122-254,8,31,COLOMBO,-0.5491,ocr_3of3,-0.5491,-0.5491,-0.5491,-0.5491
COP2122-254,8,31,GAMPAHA,NQC,ocr_3of3,NQC,NQC,NQC,NQC
COP2122-254,8,31,KALUTARA,NQC,ocr_3of3,NQC,NQC,NQC,NQC
COP2122-254,8,31,MATALE,0.5769,ocr_3of3,0.5769,0.5769,0.5769,1.0104
COP2122-254,8,31,KANDY,-0.5927,ocr_3of3,-0.5927,-0.5927,-0.5927,-0.1737
COP2122-254,8,31,NUWARA ELIYA,0.3939,ocr_3of3,0.3939,0.3939,0.3939,0.6422
COP2122-254,8,31,GALLE,NQC,ocr_3of3,NQC,NQC,NQC,NQC
COP2122-254,8,31,MATARA,NQC,ocr_3of3,NQC,NQC,NQC,NQC
COP2122-254,8,31,HAMBANTOTA,NQC,ocr_3of3,NQC,NQC,NQC,NQC
COP2122-254,8,31,JAFFNA,0.9354,ocr_3of3,0.9354,0.9354,0.9354,1.0217
COP2122-254,8,31,KILINOCHCHI,0.9455,ocr_3of3,0.9455,0.9455,0.9455,1.0268
COP2122-254,8,31,MANNAR,0.9900,ocr_3of3,0.9900,0.9900,0.9900,0.9900
COP2122-254,8,31,MULLAITIVU,0.7168,ocr_3of3,0.7168,0.7168,0.7168,0.7168
COP2122-254,8,31,VAVUNIYA,0.0428,ocr_3of3,0.0428,0.0428,0.0428,0.6416
COP2122-254,8,31,TRINCOMALEE,0.9483,ocr_3of3,0.9483,0.9483,0.9483,1.0165
COP2122-254,8,31,BATTICALOA,0.9496,ocr_3of3,0.9496,0.9496,0.9496,0.9906
COP2122-254,8,31,AMPARA,0.8653,ocr_3of3,0.8653,0.8653,0.8653,0.9235
COP2122-254,8,31,PUTTALAM,0.0708,ocr_3of3,0.0708,0.0708,0.0708,0.0708
COP2122-254,8,31,KURUNEGALA,NQC,ocr_3of3,NQC,NQC,NQC,NQC
COP2122-254,8,31,ANURADHAPURA,NQC,ocr_3of3,NQC,NQC,NQC,NQC
COP2122-254,8,31,POLONNARUWA,NQC,ocr_3of3,NQC,NQC,NQC,NQC
COP2122-254,8,31,BADULLA,-0.0588,ocr_3of3,-0.0588,-0.0588,-0.0588,0.0401
COP2122-254,8,31,MONARAGALA,NQC,ocr_3of3,NQC,NQC,NQC,NQC
COP2122-254,8,31,KEGALLE,0.7552,ocr_3of3,0.7552,0.7552,0.7552,0.8936
COP2122-254,8,31,RATNAPURA,0.3389,ocr_3of3,0.3389,0.3389,0.3389,0.7494
COP2122-255,8,32,COLOMBO,1.3138,ocr_3of3,1.3138,1.3138,1.3138,1.3138
COP2122-255,8,32,GAMPAHA,1.2549,ocr_3of3,1.2549,1.2549,1.2549,1.2549
COP2122-255,8,32,KALUTARA,1.3028,ocr_3of3,1.3028,1.3028,1.3028,1.3028
COP2122-255,8,32,MATALE,1.2285,ocr_3of3,1.2285,1.2285,1.2285,1.2301
COP2122-255,8,32,KANDY,1.2334,ocr_3of3,1.2334,1.2334,1.2334,1.2334
COP2122-255,8,32,NUWARA ELIYA,1.1872,ocr_3of3,1.1872,1.1872,1.1872,1.1872
COP2122-255,8,32,GALLE,1.3237,ocr_3of3,1.3237,1.3237,1.3237,1.3237
COP2122-255,8,32,MATARA,1.3225,ocr_3of3,1.3225,1.3225,1.3225,1.3225
COP2122-255,8,32,HAMBANTOTA,1.2792,ocr_3of3,1.2792,1.2792,1.2792,1.2792
COP2122-255,8,32,JAFFNA,1.0479,ocr_3of3,1.0479,1.0479,1.0479,1.0479
COP2122-255,8,32,KILINOCHCHI,1.0153,ocr_3of3,1.0153,1.0153,1.0153,1.0153
COP2122-255,8,32,MANNAR,1.0954,ocr_3of3,1.0954,1.0954,1.0954,1.0954
COP2122-255,8,32,MULLAITIVU,1.0715,ocr_3of3,1.0715,1.0715,1.0715,1.0715
COP2122-255,8,32,VAVUNIYA,0.6300,ocr_3of3,0.6300,0.6300,0.6300,0.6300
COP2122-255,8,32,TRINCOMALEE,1.2965,ocr_3of3,1.2965,1.2965,1.2965,1.2965
COP2122-255,8,32,BATTICALOA,0.9133,ocr_3of3,0.9133,0.9133,0.9133,0.9133
COP2122-255,8,32,AMPARA,0.9932,ocr_3of3,0.9932,0.9932,0.9932,0.9932
COP2122-255,8,32,PUTTALAM,1.1673,ocr_3of3,1.1673,1.1673,1.1673,1.1673
COP2122-255,8,32,KURUNEGALA,1.2486,ocr_3of3,1.2486,1.2486,1.2486,1.2486
COP2122-255,8,32,ANURADHAPURA,1.1396,ocr_3of3,1.1396,1.1396,1.1396,1.1396
COP2122-255,8,32,POLONNARUWA,1.2035,ocr_3of3,1.2035,1.2035,1.2035,1.2035
COP2122-255,8,32,BADULLA,1.3015,ocr_3of3,1.3015,1.3015,1.3015,1.3015
COP2122-255,8,32,MONARAGALA,1.2911,ocr_3of3,1.2911,1.2911,1.2911,1.2911
COP2122-255,8,32,KEGALLE,1.2587,ocr_3of3,1.2587,1.2587,1.2587,1.2587
COP2122-255,8,32,RATNAPURA,1.2521,ocr_3of3,1.2521,1.2521,1.2521,1.2736
