offering_id,course_code,course_name,university,district,cutoff_z,status,page_number,column_on_page,raw_cell
COP2526-001,,MEDICINE,University of Colombo,COLOMBO,2.2721,value,1,1,2.2721
COP2526-001,,MEDICINE,University of Colombo,GAMPAHA,2.2624,value,1,1,2.2624
COP2526-001,,MEDICINE,University of Colombo,KALUTARA,2.2765,value,1,1,2.2765
COP2526-001,,MEDICINE,University of Colombo,MATALE,2.3047,value,1,1,2.3047
COP2526-001,,MEDICINE,University of Colombo,KANDY,2.4753,value,1,1,2.4753
COP2526-001,,MEDICINE,University of Colombo,NUWARA ELIYA,2.3333,value,1,1,2.3333
COP2526-001,,MEDICINE,University of Colombo,GALLE,2.2760,value,1,1,2.2760
COP2526-001,,MEDICINE,University of Colombo,MATARA,2.3067,value,1,1,2.3067
COP2526-001,,MEDICINE,University of Colombo,HAMBANTOTA,2.2701,value,1,1,2.2701
COP2526-001,,MEDICINE,University of Colombo,JAFFNA,2.2664,value,1,1,2.2664
COP2526-001,,MEDICINE,University of Colombo,KILINOCHCHI,2.3845,value,1,1,2.3845
COP2526-001,,MEDICINE,University of Colombo,MANNAR,,NQC,1,1,NQC
COP2526-001,,MEDICINE,University of Colombo,MULLAITIVU,2.2932,value,1,1,2.2932
COP2526-001,,MEDICINE,University of Colombo,VAVUNIYA,2.4617,value,1,1,2.4617
COP2526-001,,MEDICINE,University of Colombo,TRINCOMALEE,2.4391,value,1,1,2.4391
COP2526-001,,MEDICINE,University of Colombo,BATTICALOA,2.2624,value,1,1,2.2624
COP2526-001,,MEDICINE,University of Colombo,AMPARA,2.2757,value,1,1,2.2757
COP2526-001,,MEDICINE,University of Colombo,PUTTALAM,,NQC,1,1,NQC
COP2526-001,,MEDICINE,University of Colombo,KURUNEGALA,2.2625,value,1,1,2.2625
COP2526-001,,MEDICINE,University of Colombo,ANURADHAPURA,2.3199,value,1,1,2.3199
COP2526-001,,MEDICINE,University of Colombo,POLONNARUWA,2.4030,value,1,1,2.4030
COP2526-001,,MEDICINE,University of Colombo,BADULLA,2.4005,value,1,1,2.4005
COP2526-001,,MEDICINE,University of Colombo,MONARAGALA,2.4056,value,1,1,2.4056
COP2526-001,,MEDICINE,University of Colombo,KEGALLE,2.2754,value,1,1,2.2754
COP2526-001,,MEDICINE,University of Colombo,RATNAPURA,2.2757,value,1,1,2.2757
COP2526-002,,MEDICINE,University of Peradeniya,COLOMBO,2.0762,value,1,2,2.0762
COP2526-002,,MEDICINE,University of Peradeniya,GAMPAHA,2.0793,value,1,2,2.0793
COP2526-002,,MEDICINE,University of Peradeniya,KALUTARA,2.1120,value,1,2,2.1120
COP2526-002,,MEDICINE,University of Peradeniya,MATALE,2.0810,value,1,2,2.0810
COP2526-002,,MEDICINE,University of Peradeniya,KANDY,2.0776,value,1,2,2.0776
COP2526-002,,MEDICINE,University of Peradeniya,NUWARA ELIYA,2.1645,value,1,2,2.1645
COP2526-002,,MEDICINE,University of Peradeniya,GALLE,2.1395,value,1,2,2.1395
COP2526-002,,MEDICINE,University of Peradeniya,MATARA,2.0793,value,1,2,2.0793
COP2526-002,,MEDICINE,University of Peradeniya,HAMBANTOTA,2.0782,value,1,2,2.0782
COP2526-002,,MEDICINE,University of Peradeniya,JAFFNA,2.0810,value,1,2,2.0810
COP2526-002,,MEDICINE,University of Peradeniya,KILINOCHCHI,2.2288,value,1,2,2.2288
COP2526-002,,MEDICINE,University of Peradeniya,MANNAR,2.1216,value,1,2,2.1216
COP2526-002,,MEDICINE,University of Peradeniya,MULLAITIVU,2.0978,value,1,2,2.0978
COP2526-002,,MEDICINE,University of Peradeniya,VAVUNIYA,2.1161,value,1,2,2.1161
COP2526-002,,MEDICINE,University of Peradeniya,TRINCOMALEE,2.0959,value,1,2,2.0959
COP2526-002,,MEDICINE,University of Peradeniya,BATTICALOA,2.1155,value,1,2,2.1155
COP2526-002,,MEDICINE,University of Peradeniya,AMPARA,2.0773,value,1,2,2.0773
COP2526-002,,MEDICINE,University of Peradeniya,PUTTALAM,2.0946,value,1,2,2.0946
COP2526-002,,MEDICINE,University of Peradeniya,KURUNEGALA,2.0843,value,1,2,2.0843
COP2526-002,,MEDICINE,University of Peradeniya,ANURADHAPURA,2.0982,value,1,2,2.0982
COP2526-002,,MEDICINE,University of Peradeniya,POLONNARUWA,2.0991,value,1,2,2.0991
COP2526-002,,MEDICINE,University of Peradeniya,BADULLA,2.0944,value,1,2,2.0944
COP2526-002,,MEDICINE,University of Peradeniya,MONARAGALA,2.1142,value,1,2,2.1142
COP2526-002,,MEDICINE,University of Peradeniya,KEGALLE,2.0826,value,1,2,2.0826
COP2526-002,,MEDICINE,University of Peradeniya,RATNAPURA,2.0791,value,1,2,2.0791
COP2526-003,,MEDICINE,University of Sri Jayewardenepura,COLOMBO,2.0605,value,1,3,2.0605
COP2526-003,,MEDICINE,University of Sri Jayewardenepura,GAMPAHA,2.0602,value,1,3,2.0602
COP2526-003,,MEDICINE,University of Sri Jayewardenepura,KALUTARA,2.0626,value,1,3,2.0626
COP2526-003,,MEDICINE,University of Sri Jayewardenepura,MATALE,,NQC,1,3,NQC
COP2526-003,,MEDICINE,University of Sri Jayewardenepura,KANDY,2.0604,value,1,3,2.0604
COP2526-003,,MEDICINE,University of Sri Jayewardenepura,NUWARA ELIYA,,NQC,1,3,NQC
COP2526-003,,MEDICINE,University of Sri Jayewardenepura,GALLE,2.0734,value,1,3,2.0734
COP2526-003,,MEDICINE,University of Sri Jayewardenepura,MATARA,2.0673,value,1,3,2.0673
COP2526-003,,MEDICINE,University of Sri Jayewardenepura,HAMBANTOTA,2.0972,value,1,3,2.0972
COP2526-003,,MEDICINE,University of Sri Jayewardenepura,JAFFNA,2.0609,value,1,3,2.0609
COP2526-003,,MEDICINE,University of Sri Jayewardenepura,KILINOCHCHI,,NQC,1,3,NQC
COP2526-003,,MEDICINE,University of Sri Jayewardenepura,MANNAR,,NQC,1,3,NQC
COP2526-003,,MEDICINE,University of Sri Jayewardenepura,MULLAITIVU,,NQC,1,3,NQC
COP2526-003,,MEDICINE,University of Sri Jayewardenepura,VAVUNIYA,,NQC,1,3,NQC
COP2526-003,,MEDICINE,University of Sri Jayewardenepura,TRINCOMALEE,2.0673,value,1,3,2.0673
COP2526-003,,MEDICINE,University of Sri Jayewardenepura,BATTICALOA,2.0604,value,1,3,2.0604
COP2526-003,,MEDICINE,University of Sri Jayewardenepura,AMPARA,2.0613,value,1,3,2.0613
COP2526-003,,MEDICINE,University of Sri Jayewardenepura,PUTTALAM,,NQC,1,3,NQC
COP2526-003,,MEDICINE,University of Sri Jayewardenepura,KURUNEGALA,2.0602,value,1,3,2.0602
COP2526-003,,MEDICINE,University of Sri Jayewardenepura,ANURADHAPURA,2.0649,value,1,3,2.0649
COP2526-003,,MEDICINE,University of Sri Jayewardenepura,POLONNARUWA,,NQC,1,3,NQC
COP2526-003,,MEDICINE,University of Sri Jayewardenepura,BADULLA,2.0635,value,1,3,2.0635
COP2526-003,,MEDICINE,University of Sri Jayewardenepura,MONARAGALA,2.0615,value,1,3,2.0615
COP2526-003,,MEDICINE,University of Sri Jayewardenepura,KEGALLE,2.0651,value,1,3,2.0651
COP2526-003,,MEDICINE,University of Sri Jayewardenepura,RATNAPURA,2.0767,value,1,3,2.0767
COP2526-004,,MEDICINE,University of Kelaniya,COLOMBO,2.0038,value,1,4,2.0038
COP2526-004,,MEDICINE,University of Kelaniya,GAMPAHA,2.0030,value,1,4,2.0030
COP2526-004,,MEDICINE,University of Kelaniya,KALUTARA,2.0025,value,1,4,2.0025
COP2526-004,,MEDICINE,University of Kelaniya,MATALE,2.0191,value,1,4,2.0191
COP2526-004,,MEDICINE,University of Kelaniya,KANDY,2.0034,value,1,4,2.0034
COP2526-004,,MEDICINE,University of Kelaniya,NUWARA ELIYA,,NQC,1,4,NQC
COP2526-004,,MEDICINE,University of Kelaniya,GALLE,2.0439,value,1,4,2.0439
COP2526-004,,MEDICINE,University of Kelaniya,MATARA,2.0055,value,1,4,2.0055
COP2526-004,,MEDICINE,University of Kelaniya,HAMBANTOTA,2.0101,value,1,4,2.0101
COP2526-004,,MEDICINE,University of Kelaniya,JAFFNA,,NQC,1,4,NQC
COP2526-004,,MEDICINE,University of Kelaniya,KILINOCHCHI,,NQC,1,4,NQC
COP2526-004,,MEDICINE,University of Kelaniya,MANNAR,,NQC,1,4,NQC
COP2526-004,,MEDICINE,University of Kelaniya,MULLAITIVU,,NQC,1,4,NQC
COP2526-004,,MEDICINE,University of Kelaniya,VAVUNIYA,2.0053,value,1,4,2.0053
COP2526-004,,MEDICINE,University of Kelaniya,TRINCOMALEE,,NQC,1,4,NQC
COP2526-004,,MEDICINE,University of Kelaniya,BATTICALOA,2.0064,value,1,4,2.0064
COP2526-004,,MEDICINE,University of Kelaniya,AMPARA,2.0017,value,1,4,2.0017
COP2526-004,,MEDICINE,University of Kelaniya,PUTTALAM,2.0029,value,1,4,2.0029
COP2526-004,,MEDICINE,University of Kelaniya,KURUNEGALA,2.0021,value,1,4,2.0021
COP2526-004,,MEDICINE,University of Kelaniya,ANURADHAPURA,2.0040,value,1,4,2.0040
COP2526-004,,MEDICINE,University of Kelaniya,POLONNARUWA,2.0417,value,1,4,2.0417
COP2526-004,,MEDICINE,University of Kelaniya,BADULLA,2.0030,value,1,4,2.0030
COP2526-004,,MEDICINE,University of Kelaniya,MONARAGALA,2.0535,value,1,4,2.0535
COP2526-004,,MEDICINE,University of Kelaniya,KEGALLE,2.0238,value,1,4,2.0238
COP2526-004,,MEDICINE,University of Kelaniya,RATNAPURA,2.0017,value,1,4,2.0017
COP2526-005,,MEDICINE,University of Jaffna,COLOMBO,1.8896,value,1,5,1.8896
COP2526-005,,MEDICINE,University of Jaffna,GAMPAHA,1.7361,value,1,5,1.7361
COP2526-005,,MEDICINE,University of Jaffna,KALUTARA,1.8562,value,1,5,1.8562
COP2526-005,,MEDICINE,University of Jaffna,MATALE,1.7887,value,1,5,1.7887
COP2526-005,,MEDICINE,University of Jaffna,KANDY,1.8219,value,1,5,1.8219
COP2526-005,,MEDICINE,University of Jaffna,NUWARA ELIYA,1.7332,value,1,5,1.7332
COP2526-005,,MEDICINE,University of Jaffna,GALLE,,NQC,1,5,NQC
COP2526-005,,MEDICINE,University of Jaffna,MATARA,1.8638,value,1,5,1.8638
COP2526-005,,MEDICINE,University of Jaffna,HAMBANTOTA,,NQC,1,5,NQC
COP2526-005,,MEDICINE,University of Jaffna,JAFFNA,1.8897,value,1,5,1.8897
COP2526-005,,MEDICINE,University of Jaffna,KILINOCHCHI,1.8044,value,1,5,1.8044
COP2526-005,,MEDICINE,University of Jaffna,MANNAR,1.7722,value,1,5,1.7722
COP2526-005,,MEDICINE,University of Jaffna,MULLAITIVU,1.7349,value,1,5,1.7349
COP2526-005,,MEDICINE,University of Jaffna,VAVUNIYA,1.7034,value,1,5,1.7034
COP2526-005,,MEDICINE,University of Jaffna,TRINCOMALEE,1.7530,value,1,5,1.7530
COP2526-005,,MEDICINE,University of Jaffna,BATTICALOA,1.8035,value,1,5,1.8035
COP2526-005,,MEDICINE,University of Jaffna,AMPARA,1.8203,value,1,5,1.8203
COP2526-005,,MEDICINE,University of Jaffna,PUTTALAM,1.7202,value,1,5,1.7202
COP2526-005,,MEDICINE,University of Jaffna,KURUNEGALA,1.8182,value,1,5,1.8182
COP2526-005,,MEDICINE,University of Jaffna,ANURADHAPURA,1.6924,value,1,5,1.6924
COP2526-005,,MEDICINE,University of Jaffna,POLONNARUWA,1.7644,value,1,5,1.7644
COP2526-005,,MEDICINE,University of Jaffna,BADULLA,1.7790,value,1,5,1.7790
COP2526-005,,MEDICINE,University of Jaffna,MONARAGALA,1.7354,value,1,5,1.7354
COP2526-005,,MEDICINE,University of Jaffna,KEGALLE,1.7540,value,1,5,1.7540
COP2526-005,,MEDICINE,University of Jaffna,RATNAPURA,1.8442,value,1,5,1.8442
COP2526-006,,MEDICINE,University of Ruhuna,COLOMBO,1.9520,value,1,6,1.9520
COP2526-006,,MEDICINE,University of Ruhuna,GAMPAHA,1.9623,value,1,6,1.9623
COP2526-006,,MEDICINE,University of Ruhuna,KALUTARA,1.9509,value,1,6,1.9509
COP2526-006,,MEDICINE,University of Ruhuna,MATALE,1.9617,value,1,6,1.9617
COP2526-006,,MEDICINE,University of Ruhuna,KANDY,1.9539,value,1,6,1.9539
COP2526-006,,MEDICINE,University of Ruhuna,NUWARA ELIYA,1.9893,value,1,6,1.9893
COP2526-006,,MEDICINE,University of Ruhuna,GALLE,1.9530,value,1,6,1.9530
COP2526-006,,MEDICINE,University of Ruhuna,MATARA,1.9522,value,1,6,1.9522
COP2526-006,,MEDICINE,University of Ruhuna,HAMBANTOTA,1.9511,value,1,6,1.9511
COP2526-006,,MEDICINE,University of Ruhuna,JAFFNA,,NQC,1,6,NQC
COP2526-006,,MEDICINE,University of Ruhuna,KILINOCHCHI,1.9600,value,1,6,1.9600
COP2526-006,,MEDICINE,University of Ruhuna,MANNAR,,NQC,1,6,NQC
COP2526-006,,MEDICINE,University of Ruhuna,MULLAITIVU,,NQC,1,6,NQC
COP2526-006,,MEDICINE,University of Ruhuna,VAVUNIYA,,NQC,1,6,NQC
COP2526-006,,MEDICINE,University of Ruhuna,TRINCOMALEE,1.9606,value,1,6,1.9606
COP2526-006,,MEDICINE,University of Ruhuna,BATTICALOA,1.9537,value,1,6,1.9537
COP2526-006,,MEDICINE,University of Ruhuna,AMPARA,1.9630,value,1,6,1.9630
COP2526-006,,MEDICINE,University of Ruhuna,PUTTALAM,1.9664,value,1,6,1.9664
COP2526-006,,MEDICINE,University of Ruhuna,KURUNEGALA,1.9546,value,1,6,1.9546
COP2526-006,,MEDICINE,University of Ruhuna,ANURADHAPURA,1.9722,value,1,6,1.9722
COP2526-006,,MEDICINE,University of Ruhuna,POLONNARUWA,,NQC,1,6,NQC
COP2526-006,,MEDICINE,University of Ruhuna,BADULLA,1.9509,value,1,6,1.9509
COP2526-006,,MEDICINE,University of Ruhuna,MONARAGALA,1.9582,value,1,6,1.9582
COP2526-006,,MEDICINE,University of Ruhuna,KEGALLE,1.9550,value,1,6,1.9550
COP2526-006,,MEDICINE,University of Ruhuna,RATNAPURA,1.9509,value,1,6,1.9509
COP2526-007,,MEDICINE,University of Moratuwa,COLOMBO,1.9290,value,1,7,1.9290
COP2526-007,,MEDICINE,University of Moratuwa,GAMPAHA,1.9335,value,1,7,1.9335
COP2526-007,,MEDICINE,University of Moratuwa,KALUTARA,1.9279,value,1,7,1.9279
COP2526-007,,MEDICINE,University of Moratuwa,MATALE,,NQC,1,7,NQC
COP2526-007,,MEDICINE,University of Moratuwa,KANDY,1.9333,value,1,7,1.9333
COP2526-007,,MEDICINE,University of Moratuwa,NUWARA ELIYA,,NQC,1,7,NQC
COP2526-007,,MEDICINE,University of Moratuwa,GALLE,1.9299,value,1,7,1.9299
COP2526-007,,MEDICINE,University of Moratuwa,MATARA,1.9305,value,1,7,1.9305
COP2526-007,,MEDICINE,University of Moratuwa,HAMBANTOTA,1.9345,value,1,7,1.9345
COP2526-007,,MEDICINE,University of Moratuwa,JAFFNA,1.9819,value,1,7,1.9819
COP2526-007,,MEDICINE,University of Moratuwa,KILINOCHCHI,,NQC,1,7,NQC
COP2526-007,,MEDICINE,University of Moratuwa,MANNAR,1.9314,value,1,7,1.9314
COP2526-007,,MEDICINE,University of Moratuwa,MULLAITIVU,,NQC,1,7,NQC
COP2526-007,,MEDICINE,University of Moratuwa,VAVUNIYA,1.9285,value,1,7,1.9285
COP2526-007,,MEDICINE,University of Moratuwa,TRINCOMALEE,,NQC,1,7,NQC
COP2526-007,,MEDICINE,University of Moratuwa,BATTICALOA,1.9335,value,1,7,1.9335
COP2526-007,,MEDICINE,University of Moratuwa,AMPARA,1.9301,value,1,7,1.9301
COP2526-007,,MEDICINE,University of Moratuwa,PUTTALAM,1.9320,value,1,7,1.9320
COP2526-007,,MEDICINE,University of Moratuwa,KURUNEGALA,1.9464,value,1,7,1.9464
COP2526-007,,MEDICINE,University of Moratuwa,ANURADHAPURA,,NQC,1,7,NQC
COP2526-007,,MEDICINE,University of Moratuwa,POLONNARUWA,,NQC,1,7,NQC
COP2526-007,,MEDICINE,University of Moratuwa,BADULLA,1.9333,value,1,7,1.9333
COP2526-007,,MEDICINE,University of Moratuwa,MONARAGALA,1.9569,value,1,7,1.9569
COP2526-007,,MEDICINE,University of Moratuwa,KEGALLE,1.9309,value,1,7,1.9309
COP2526-007,,MEDICINE,University of Moratuwa,RATNAPURA,1.9307,value,1,7,1.9307
COP2526-008,,MEDICINE,"Eastern University, Sri Lanka",COLOMBO,1.9143,value,1,8,1.9143
COP2526-008,,MEDICINE,"Eastern University, Sri Lanka",GAMPAHA,,NQC,1,8,NQC
COP2526-008,,MEDICINE,"Eastern University, Sri Lanka",KALUTARA,,NQC,1,8,NQC
COP2526-008,,MEDICINE,"Eastern University, Sri Lanka",MATALE,,NQC,1,8,NQC
COP2526-008,,MEDICINE,"Eastern University, Sri Lanka",KANDY,,NQC,1,8,NQC
COP2526-008,,MEDICINE,"Eastern University, Sri Lanka",NUWARA ELIYA,1.5425,value,1,8,1.5425
COP2526-008,,MEDICINE,"Eastern University, Sri Lanka",GALLE,,NQC,1,8,NQC
COP2526-008,,MEDICINE,"Eastern University, Sri Lanka",MATARA,,NQC,1,8,NQC
COP2526-008,,MEDICINE,"Eastern University, Sri Lanka",HAMBANTOTA,1.9151,value,1,8,1.9151
COP2526-008,,MEDICINE,"Eastern University, Sri Lanka",JAFFNA,,NQC,1,8,NQC
COP2526-008,,MEDICINE,"Eastern University, Sri Lanka",KILINOCHCHI,,NQC,1,8,NQC
COP2526-008,,MEDICINE,"Eastern University, Sri Lanka",MANNAR,1.4584,value,1,8,1.4584
COP2526-008,,MEDICINE,"Eastern University, Sri Lanka",MULLAITIVU,1.6920,value,1,8,1.6920
COP2526-008,,MEDICINE,"Eastern University, Sri Lanka",VAVUNIYA,1.6040,value,1,8,1.6040
COP2526-008,,MEDICINE,"Eastern University, Sri Lanka",TRINCOMALEE,1.7339,value,1,8,1.7339
COP2526-008,,MEDICINE,"Eastern University, Sri Lanka",BATTICALOA,1.7920,value,1,8,1.7920
COP2526-008,,MEDICINE,"Eastern University, Sri Lanka",AMPARA,1.7909,value,1,8,1.7909
COP2526-008,,MEDICINE,"Eastern University, Sri Lanka",PUTTALAM,1.7892,value,1,8,1.7892
COP2526-008,,MEDICINE,"Eastern University, Sri Lanka",KURUNEGALA,,NQC,1,8,NQC
COP2526-008,,MEDICINE,"Eastern University, Sri Lanka",ANURADHAPURA,1.6891,value,1,8,1.6891
COP2526-008,,MEDICINE,"Eastern University, Sri Lanka",POLONNARUWA,1.5569,value,1,8,1.5569
COP2526-008,,MEDICINE,"Eastern University, Sri Lanka",BADULLA,,NQC,1,8,NQC
COP2526-008,,MEDICINE,"Eastern University, Sri Lanka",MONARAGALA,1.6382,value,1,8,1.6382
COP2526-008,,MEDICINE,"Eastern University, Sri Lanka",KEGALLE,1.7524,value,1,8,1.7524
COP2526-008,,MEDICINE,"Eastern University, Sri Lanka",RATNAPURA,,NQC,1,8,NQC
COP2526-009,,MEDICINE,Rajarata University of Sri Lanka,COLOMBO,1.8831,value,1,9,1.8831
COP2526-009,,MEDICINE,Rajarata University of Sri Lanka,GAMPAHA,1.8822,value,1,9,1.8822
COP2526-009,,MEDICINE,Rajarata University of Sri Lanka,KALUTARA,1.8786,value,1,9,1.8786
COP2526-009,,MEDICINE,Rajarata University of Sri Lanka,MATALE,1.8988,value,1,9,1.8988
COP2526-009,,MEDICINE,Rajarata University of Sri Lanka,KANDY,1.8759,value,1,9,1.8759
COP2526-009,,MEDICINE,Rajarata University of Sri Lanka,NUWARA ELIYA,1.8937,value,1,9,1.8937
COP2526-009,,MEDICINE,Rajarata University of Sri Lanka,GALLE,1.8821,value,1,9,1.8821
COP2526-009,,MEDICINE,Rajarata University of Sri Lanka,MATARA,1.8811,value,1,9,1.8811
COP2526-009,,MEDICINE,Rajarata University of Sri Lanka,HAMBANTOTA,1.8988,value,1,9,1.8988
COP2526-009,,MEDICINE,Rajarata University of Sri Lanka,JAFFNA,,NQC,1,9,NQC
COP2526-009,,MEDICINE,Rajarata University of Sri Lanka,KILINOCHCHI,,NQC,1,9,NQC
COP2526-009,,MEDICINE,Rajarata University of Sri Lanka,MANNAR,,NQC,1,9,NQC
COP2526-009,,MEDICINE,Rajarata University of Sri Lanka,MULLAITIVU,,NQC,1,9,NQC
COP2526-009,,MEDICINE,Rajarata University of Sri Lanka,VAVUNIYA,,NQC,1,9,NQC
COP2526-009,,MEDICINE,Rajarata University of Sri Lanka,TRINCOMALEE,1.8819,value,1,9,1.8819
COP2526-009,,MEDICINE,Rajarata University of Sri Lanka,BATTICALOA,1.8757,value,1,9,1.8757
COP2526-009,,MEDICINE,Rajarata University of Sri Lanka,AMPARA,1.8942,value,1,9,1.8942
COP2526-009,,MEDICINE,Rajarata University of Sri Lanka,PUTTALAM,1.8810,value,1,9,1.8810
COP2526-009,,MEDICINE,Rajarata University of Sri Lanka,KURUNEGALA,1.8745,value,1,9,1.8745
COP2526-009,,MEDICINE,Rajarata University of Sri Lanka,ANURADHAPURA,1.8860,value,1,9,1.8860
COP2526-009,,MEDICINE,Rajarata University of Sri Lanka,POLONNARUWA,1.8817,value,1,9,1.8817
COP2526-009,,MEDICINE,Rajarata University of Sri Lanka,BADULLA,1.8742,value,1,9,1.8742
COP2526-009,,MEDICINE,Rajarata University of Sri Lanka,MONARAGALA,1.8788,value,1,9,1.8788
COP2526-009,,MEDICINE,Rajarata University of Sri Lanka,KEGALLE,1.8753,value,1,9,1.8753
COP2526-009,,MEDICINE,Rajarata University of Sri Lanka,RATNAPURA,1.8744,value,1,9,1.8744
COP2526-010,,MEDICINE,Sabaragamuwa University of Sri Lanka,COLOMBO,1.8841,value,1,10,1.8841
COP2526-010,,MEDICINE,Sabaragamuwa University of Sri Lanka,GAMPAHA,1.7883,value,1,10,1.7883
COP2526-010,,MEDICINE,Sabaragamuwa University of Sri Lanka,KALUTARA,1.8429,value,1,10,1.8429
COP2526-010,,MEDICINE,Sabaragamuwa University of Sri Lanka,MATALE,1.8394,value,1,10,1.8394
COP2526-010,,MEDICINE,Sabaragamuwa University of Sri Lanka,KANDY,1.8081,value,1,10,1.8081
COP2526-010,,MEDICINE,Sabaragamuwa University of Sri Lanka,NUWARA ELIYA,1.7909,value,1,10,1.7909
COP2526-010,,MEDICINE,Sabaragamuwa University of Sri Lanka,GALLE,1.8794,value,1,10,1.8794
COP2526-010,,MEDICINE,Sabaragamuwa University of Sri Lanka,MATARA,1.8711,value,1,10,1.8711
COP2526-010,,MEDICINE,Sabaragamuwa University of Sri Lanka,HAMBANTOTA,1.8992,value,1,10,1.8992
COP2526-010,,MEDICINE,Sabaragamuwa University of Sri Lanka,JAFFNA,,NQC,1,10,NQC
COP2526-010,,MEDICINE,Sabaragamuwa University of Sri Lanka,KILINOCHCHI,,NQC,1,10,NQC
COP2526-010,,MEDICINE,Sabaragamuwa University of Sri Lanka,MANNAR,,NQC,1,10,NQC
COP2526-010,,MEDICINE,Sabaragamuwa University of Sri Lanka,MULLAITIVU,,NQC,1,10,NQC
COP2526-010,,MEDICINE,Sabaragamuwa University of Sri Lanka,VAVUNIYA,,NQC,1,10,NQC
COP2526-010,,MEDICINE,Sabaragamuwa University of Sri Lanka,TRINCOMALEE,1.8659,value,1,10,1.8659
COP2526-010,,MEDICINE,Sabaragamuwa University of Sri Lanka,BATTICALOA,,NQC,1,10,NQC
COP2526-010,,MEDICINE,Sabaragamuwa University of Sri Lanka,AMPARA,1.7926,value,1,10,1.7926
COP2526-010,,MEDICINE,Sabaragamuwa University of Sri Lanka,PUTTALAM,1.7961,value,1,10,1.7961
COP2526-010,,MEDICINE,Sabaragamuwa University of Sri Lanka,KURUNEGALA,1.8596,value,1,10,1.8596
COP2526-010,,MEDICINE,Sabaragamuwa University of Sri Lanka,ANURADHAPURA,,NQC,1,10,NQC
COP2526-010,,MEDICINE,Sabaragamuwa University of Sri Lanka,POLONNARUWA,1.7911,value,1,10,1.7911
COP2526-010,,MEDICINE,Sabaragamuwa University of Sri Lanka,BADULLA,1.7883,value,1,10,1.7883
COP2526-010,,MEDICINE,Sabaragamuwa University of Sri Lanka,MONARAGALA,1.8332,value,1,10,1.8332
COP2526-010,,MEDICINE,Sabaragamuwa University of Sri Lanka,KEGALLE,1.8263,value,1,10,1.8263
COP2526-010,,MEDICINE,Sabaragamuwa University of Sri Lanka,RATNAPURA,1.8221,value,1,10,1.8221
COP2526-011,,MEDICINE,Wayamba University of Sri Lanka,COLOMBO,1.8873,value,1,11,1.8873
COP2526-011,,MEDICINE,Wayamba University of Sri Lanka,GAMPAHA,1.7898,value,1,11,1.7898
COP2526-011,,MEDICINE,Wayamba University of Sri Lanka,KALUTARA,1.8666,value,1,11,1.8666
COP2526-011,,MEDICINE,Wayamba University of Sri Lanka,MATALE,1.8061,value,1,11,1.8061
COP2526-011,,MEDICINE,Wayamba University of Sri Lanka,KANDY,1.8069,value,1,11,1.8069
COP2526-011,,MEDICINE,Wayamba University of Sri Lanka,NUWARA ELIYA,1.8042,value,1,11,1.8042
COP2526-011,,MEDICINE,Wayamba University of Sri Lanka,GALLE,1.8965,value,1,11,1.8965
COP2526-011,,MEDICINE,Wayamba University of Sri Lanka,MATARA,1.8741,value,1,11,1.8741
COP2526-011,,MEDICINE,Wayamba University of Sri Lanka,HAMBANTOTA,,NQC,1,11,NQC
COP2526-011,,MEDICINE,Wayamba University of Sri Lanka,JAFFNA,,NQC,1,11,NQC
COP2526-011,,MEDICINE,Wayamba University of Sri Lanka,KILINOCHCHI,,NQC,1,11,NQC
COP2526-011,,MEDICINE,Wayamba University of Sri Lanka,MANNAR,,NQC,1,11,NQC
COP2526-011,,MEDICINE,Wayamba University of Sri Lanka,MULLAITIVU,,NQC,1,11,NQC
COP2526-011,,MEDICINE,Wayamba University of Sri Lanka,VAVUNIYA,,NQC,1,11,NQC
COP2526-011,,MEDICINE,Wayamba University of Sri Lanka,TRINCOMALEE,1.8280,value,1,11,1.8280
COP2526-011,,MEDICINE,Wayamba University of Sri Lanka,BATTICALOA,1.8821,value,1,11,1.8821
COP2526-011,,MEDICINE,Wayamba University of Sri Lanka,AMPARA,1.7995,value,1,11,1.7995
COP2526-011,,MEDICINE,Wayamba University of Sri Lanka,PUTTALAM,1.7954,value,1,11,1.7954
COP2526-011,,MEDICINE,Wayamba University of Sri Lanka,KURUNEGALA,1.8229,value,1,11,1.8229
COP2526-011,,MEDICINE,Wayamba University of Sri Lanka,ANURADHAPURA,1.7903,value,1,11,1.7903
COP2526-011,,MEDICINE,Wayamba University of Sri Lanka,POLONNARUWA,1.8360,value,1,11,1.8360
COP2526-011,,MEDICINE,Wayamba University of Sri Lanka,BADULLA,,NQC,1,11,NQC
COP2526-011,,MEDICINE,Wayamba University of Sri Lanka,MONARAGALA,1.8341,value,1,11,1.8341
COP2526-011,,MEDICINE,Wayamba University of Sri Lanka,KEGALLE,1.7915,value,1,11,1.7915
COP2526-011,,MEDICINE,Wayamba University of Sri Lanka,RATNAPURA,,NQC,1,11,NQC
COP2526-012,,MEDICINE,Uva Wellassa University of Sri Lanka,COLOMBO,,NQC,1,12,NQC
COP2526-012,,MEDICINE,Uva Wellassa University of Sri Lanka,GAMPAHA,1.7283,value,1,12,1.7283
COP2526-012,,MEDICINE,Uva Wellassa University of Sri Lanka,KALUTARA,1.8703,value,1,12,1.8703
COP2526-012,,MEDICINE,Uva Wellassa University of Sri Lanka,MATALE,,NQC,1,12,NQC
COP2526-012,,MEDICINE,Uva Wellassa University of Sri Lanka,KANDY,,NQC,1,12,NQC
COP2526-012,,MEDICINE,Uva Wellassa University of Sri Lanka,NUWARA ELIYA,1.5657,value,1,12,1.5657
COP2526-012,,MEDICINE,Uva Wellassa University of Sri Lanka,GALLE,,NQC,1,12,NQC
COP2526-012,,MEDICINE,Uva Wellassa University of Sri Lanka,MATARA,,NQC,1,12,NQC
COP2526-012,,MEDICINE,Uva Wellassa University of Sri Lanka,HAMBANTOTA,,NQC,1,12,NQC
COP2526-012,,MEDICINE,Uva Wellassa University of Sri Lanka,JAFFNA,,NQC,1,12,NQC
COP2526-012,,MEDICINE,Uva Wellassa University of Sri Lanka,KILINOCHCHI,,NQC,1,12,NQC
COP2526-012,,MEDICINE,Uva Wellassa University of Sri Lanka,MANNAR,,NQC,1,12,NQC
COP2526-012,,MEDICINE,Uva Wellassa University of Sri Lanka,MULLAITIVU,,NQC,1,12,NQC
COP2526-012,,MEDICINE,Uva Wellassa University of Sri Lanka,VAVUNIYA,,NQC,1,12,NQC
COP2526-012,,MEDICINE,Uva Wellassa University of Sri Lanka,TRINCOMALEE,,NQC,1,12,NQC
COP2526-012,,MEDICINE,Uva Wellassa University of Sri Lanka,BATTICALOA,,NQC,1,12,NQC
COP2526-012,,MEDICINE,Uva Wellassa University of Sri Lanka,AMPARA,,NQC,1,12,NQC
COP2526-012,,MEDICINE,Uva Wellassa University of Sri Lanka,PUTTALAM,1.7721,value,1,12,1.7721
COP2526-012,,MEDICINE,Uva Wellassa University of Sri Lanka,KURUNEGALA,,NQC,1,12,NQC
COP2526-012,,MEDICINE,Uva Wellassa University of Sri Lanka,ANURADHAPURA,1.6870,value,1,12,1.6870
COP2526-012,,MEDICINE,Uva Wellassa University of Sri Lanka,POLONNARUWA,1.5563,value,1,12,1.5563
COP2526-012,,MEDICINE,Uva Wellassa University of Sri Lanka,BADULLA,,NQC,1,12,NQC
COP2526-012,,MEDICINE,Uva Wellassa University of Sri Lanka,MONARAGALA,1.6382,value,1,12,1.6382
COP2526-012,,MEDICINE,Uva Wellassa University of Sri Lanka,KEGALLE,1.7656,value,1,12,1.7656
COP2526-012,,MEDICINE,Uva Wellassa University of Sri Lanka,RATNAPURA,1.8237,value,1,12,1.8237
COP2526-013,,DENTAL SURGERY,University of Peradeniya,COLOMBO,1.8584,value,1,13,1.8584
COP2526-013,,DENTAL SURGERY,University of Peradeniya,GAMPAHA,1.7149,value,1,13,1.7149
COP2526-013,,DENTAL SURGERY,University of Peradeniya,KALUTARA,1.8292,value,1,13,1.8292
COP2526-013,,DENTAL SURGERY,University of Peradeniya,MATALE,1.7666,value,1,13,1.7666
COP2526-013,,DENTAL SURGERY,University of Peradeniya,KANDY,1.7930,value,1,13,1.7930
COP2526-013,,DENTAL SURGERY,University of Peradeniya,NUWARA ELIYA,,NQC,1,13,NQC
COP2526-013,,DENTAL SURGERY,University of Peradeniya,GALLE,1.8475,value,1,13,1.8475
COP2526-013,,DENTAL SURGERY,University of Peradeniya,MATARA,1.8601,value,1,13,1.8601
COP2526-013,,DENTAL SURGERY,University of Peradeniya,HAMBANTOTA,1.8552,value,1,13,1.8552
COP2526-013,,DENTAL SURGERY,University of Peradeniya,JAFFNA,1.8604,value,1,13,1.8604
COP2526-013,,DENTAL SURGERY,University of Peradeniya,KILINOCHCHI,1.7839,value,1,13,1.7839
COP2526-013,,DENTAL SURGERY,University of Peradeniya,MANNAR,,NQC,1,13,NQC
COP2526-013,,DENTAL SURGERY,University of Peradeniya,MULLAITIVU,,NQC,1,13,NQC
COP2526-013,,DENTAL SURGERY,University of Peradeniya,VAVUNIYA,,NQC,1,13,NQC
COP2526-013,,DENTAL SURGERY,University of Peradeniya,TRINCOMALEE,1.7163,value,1,13,1.7163
COP2526-013,,DENTAL SURGERY,University of Peradeniya,BATTICALOA,1.7868,value,1,13,1.7868
COP2526-013,,DENTAL SURGERY,University of Peradeniya,AMPARA,1.7862,value,1,13,1.7862
COP2526-013,,DENTAL SURGERY,University of Peradeniya,PUTTALAM,1.7174,value,1,13,1.7174
COP2526-013,,DENTAL SURGERY,University of Peradeniya,KURUNEGALA,1.7978,value,1,13,1.7978
COP2526-013,,DENTAL SURGERY,University of Peradeniya,ANURADHAPURA,,NQC,1,13,NQC
COP2526-013,,DENTAL SURGERY,University of Peradeniya,POLONNARUWA,,NQC,1,13,NQC
COP2526-013,,DENTAL SURGERY,University of Peradeniya,BADULLA,1.7617,value,1,13,1.7617
COP2526-013,,DENTAL SURGERY,University of Peradeniya,MONARAGALA,,NQC,1,13,NQC
COP2526-013,,DENTAL SURGERY,University of Peradeniya,KEGALLE,1.7320,value,1,13,1.7320
COP2526-013,,DENTAL SURGERY,University of Peradeniya,RATNAPURA,1.8095,value,1,13,1.8095
COP2526-014,,DENTAL SURGERY,University of Sri Jayewardenepura,COLOMBO,1.8596,value,1,14,1.8596
COP2526-014,,DENTAL SURGERY,University of Sri Jayewardenepura,GAMPAHA,1.7179,value,1,14,1.7179
COP2526-014,,DENTAL SURGERY,University of Sri Jayewardenepura,KALUTARA,2.0019,value,1,14,2.0019
COP2526-014,,DENTAL SURGERY,University of Sri Jayewardenepura,MATALE,,NQC,1,14,NQC
COP2526-014,,DENTAL SURGERY,University of Sri Jayewardenepura,KANDY,,NQC,1,14,NQC
COP2526-014,,DENTAL SURGERY,University of Sri Jayewardenepura,NUWARA ELIYA,1.5214,value,1,14,1.5214
COP2526-014,,DENTAL SURGERY,University of Sri Jayewardenepura,GALLE,,NQC,1,14,NQC
COP2526-014,,DENTAL SURGERY,University of Sri Jayewardenepura,MATARA,,NQC,1,14,NQC
COP2526-014,,DENTAL SURGERY,University of Sri Jayewardenepura,HAMBANTOTA,1.8982,value,1,14,1.8982
COP2526-014,,DENTAL SURGERY,University of Sri Jayewardenepura,JAFFNA,,NQC,1,14,NQC
COP2526-014,,DENTAL SURGERY,University of Sri Jayewardenepura,KILINOCHCHI,,NQC,1,14,NQC
COP2526-014,,DENTAL SURGERY,University of Sri Jayewardenepura,MANNAR,1.4272,value,1,14,1.4272
COP2526-014,,DENTAL SURGERY,University of Sri Jayewardenepura,MULLAITIVU,1.6425,value,1,14,1.6425
COP2526-014,,DENTAL SURGERY,University of Sri Jayewardenepura,VAVUNIYA,1.5631,value,1,14,1.5631
COP2526-014,,DENTAL SURGERY,University of Sri Jayewardenepura,TRINCOMALEE,,NQC,1,14,NQC
COP2526-014,,DENTAL SURGERY,University of Sri Jayewardenepura,BATTICALOA,,NQC,1,14,NQC
COP2526-014,,DENTAL SURGERY,University of Sri Jayewardenepura,AMPARA,,NQC,1,14,NQC
COP2526-014,,DENTAL SURGERY,University of Sri Jayewardenepura,PUTTALAM,1.6984,value,1,14,1.6984
COP2526-014,,DENTAL SURGERY,University of Sri Jayewardenepura,KURUNEGALA,,NQC,1,14,NQC
COP2526-014,,DENTAL SURGERY,University of Sri Jayewardenepura,ANURADHAPURA,1.6644,value,1,14,1.6644
COP2526-014,,DENTAL SURGERY,University of Sri Jayewardenepura,POLONNARUWA,1.5513,value,1,14,1.5513
COP2526-014,,DENTAL SURGERY,University of Sri Jayewardenepura,BADULLA,,NQC,1,14,NQC
COP2526-014,,DENTAL SURGERY,University of Sri Jayewardenepura,MONARAGALA,1.6177,value,1,14,1.6177
COP2526-014,,DENTAL SURGERY,University of Sri Jayewardenepura,KEGALLE,,NQC,1,14,NQC
COP2526-014,,DENTAL SURGERY,University of Sri Jayewardenepura,RATNAPURA,1.8143,value,1,14,1.8143
COP2526-015,,VETERINARY SCIENCE,University of Peradeniya,COLOMBO,1.8062,value,1,15,1.8062
COP2526-015,,VETERINARY SCIENCE,University of Peradeniya,GAMPAHA,1.6955,value,1,15,1.6955
COP2526-015,,VETERINARY SCIENCE,University of Peradeniya,KALUTARA,1.8076,value,1,15,1.8076
COP2526-015,,VETERINARY SCIENCE,University of Peradeniya,MATALE,1.7481,value,1,15,1.7481
COP2526-015,,VETERINARY SCIENCE,University of Peradeniya,KANDY,1.7731,value,1,15,1.7731
COP2526-015,,VETERINARY SCIENCE,University of Peradeniya,NUWARA ELIYA,1.4980,value,1,15,1.4980
COP2526-015,,VETERINARY SCIENCE,University of Peradeniya,GALLE,1.8172,value,1,15,1.8172
COP2526-015,,VETERINARY SCIENCE,University of Peradeniya,MATARA,1.8098,value,1,15,1.8098
COP2526-015,,VETERINARY SCIENCE,University of Peradeniya,HAMBANTOTA,1.8045,value,1,15,1.8045
COP2526-015,,VETERINARY SCIENCE,University of Peradeniya,JAFFNA,1.7849,value,1,15,1.7849
COP2526-015,,VETERINARY SCIENCE,University of Peradeniya,KILINOCHCHI,1.7832,value,1,15,1.7832
COP2526-015,,VETERINARY SCIENCE,University of Peradeniya,MANNAR,1.4130,value,1,15,1.4130
COP2526-015,,VETERINARY SCIENCE,University of Peradeniya,MULLAITIVU,1.6302,value,1,15,1.6302
COP2526-015,,VETERINARY SCIENCE,University of Peradeniya,VAVUNIYA,1.5519,value,1,15,1.5519
COP2526-015,,VETERINARY SCIENCE,University of Peradeniya,TRINCOMALEE,1.6803,value,1,15,1.6803
COP2526-015,,VETERINARY SCIENCE,University of Peradeniya,BATTICALOA,1.7728,value,1,15,1.7728
COP2526-015,,VETERINARY SCIENCE,University of Peradeniya,AMPARA,1.7756,value,1,15,1.7756
COP2526-015,,VETERINARY SCIENCE,University of Peradeniya,PUTTALAM,1.6423,value,1,15,1.6423
COP2526-015,,VETERINARY SCIENCE,University of Peradeniya,KURUNEGALA,1.7836,value,1,15,1.7836
COP2526-015,,VETERINARY SCIENCE,University of Peradeniya,ANURADHAPURA,1.6485,value,1,15,1.6485
COP2526-015,,VETERINARY SCIENCE,University of Peradeniya,POLONNARUWA,1.5224,value,1,15,1.5224
COP2526-015,,VETERINARY SCIENCE,University of Peradeniya,BADULLA,1.7474,value,1,15,1.7474
COP2526-015,,VETERINARY SCIENCE,University of Peradeniya,MONARAGALA,1.5915,value,1,15,1.5915
COP2526-015,,VETERINARY SCIENCE,University of Peradeniya,KEGALLE,1.7130,value,1,15,1.7130
COP2526-015,,VETERINARY SCIENCE,University of Peradeniya,RATNAPURA,1.8032,value,1,15,1.8032
COP2526-016,,BIOCHEMISTRY & MOLECULAR BIOLOGY,University of Colombo,COLOMBO,1.8128,value,1,16,1.8128
COP2526-016,,BIOCHEMISTRY & MOLECULAR BIOLOGY,University of Colombo,GAMPAHA,1.6926,value,1,16,1.6926
COP2526-016,,BIOCHEMISTRY & MOLECULAR BIOLOGY,University of Colombo,KALUTARA,1.8191,value,1,16,1.8191
COP2526-016,,BIOCHEMISTRY & MOLECULAR BIOLOGY,University of Colombo,MATALE,1.7371,value,1,16,1.7371
COP2526-016,,BIOCHEMISTRY & MOLECULAR BIOLOGY,University of Colombo,KANDY,1.7707,value,1,16,1.7707
COP2526-016,,BIOCHEMISTRY & MOLECULAR BIOLOGY,University of Colombo,NUWARA ELIYA,1.4913,value,1,16,1.4913
COP2526-016,,BIOCHEMISTRY & MOLECULAR BIOLOGY,University of Colombo,GALLE,1.8106,value,1,16,1.8106
COP2526-016,,BIOCHEMISTRY & MOLECULAR BIOLOGY,University of Colombo,MATARA,1.8085,value,1,16,1.8085
COP2526-016,,BIOCHEMISTRY & MOLECULAR BIOLOGY,University of Colombo,HAMBANTOTA,1.7921,value,1,16,1.7921
COP2526-016,,BIOCHEMISTRY & MOLECULAR BIOLOGY,University of Colombo,JAFFNA,1.7977,value,1,16,1.7977
COP2526-016,,BIOCHEMISTRY & MOLECULAR BIOLOGY,University of Colombo,KILINOCHCHI,1.4854,value,1,16,1.4854
COP2526-016,,BIOCHEMISTRY & MOLECULAR BIOLOGY,University of Colombo,MANNAR,1.4126,value,1,16,1.4126
COP2526-016,,BIOCHEMISTRY & MOLECULAR BIOLOGY,University of Colombo,MULLAITIVU,1.3315,value,1,16,1.3315
COP2526-016,,BIOCHEMISTRY & MOLECULAR BIOLOGY,University of Colombo,VAVUNIYA,1.5520,value,1,16,1.5520
COP2526-016,,BIOCHEMISTRY & MOLECULAR BIOLOGY,University of Colombo,TRINCOMALEE,1.6802,value,1,16,1.6802
COP2526-016,,BIOCHEMISTRY & MOLECULAR BIOLOGY,University of Colombo,BATTICALOA,1.7739,value,1,16,1.7739
COP2526-016,,BIOCHEMISTRY & MOLECULAR BIOLOGY,University of Colombo,AMPARA,1.7747,value,1,16,1.7747
COP2526-016,,BIOCHEMISTRY & MOLECULAR BIOLOGY,University of Colombo,PUTTALAM,1.6803,value,1,16,1.6803
COP2526-016,,BIOCHEMISTRY & MOLECULAR BIOLOGY,University of Colombo,KURUNEGALA,1.7884,value,1,16,1.7884
COP2526-016,,BIOCHEMISTRY & MOLECULAR BIOLOGY,University of Colombo,ANURADHAPURA,1.6451,value,1,16,1.6451
COP2526-016,,BIOCHEMISTRY & MOLECULAR BIOLOGY,University of Colombo,POLONNARUWA,1.5216,value,1,16,1.5216
COP2526-016,,BIOCHEMISTRY & MOLECULAR BIOLOGY,University of Colombo,BADULLA,1.7453,value,1,16,1.7453
COP2526-016,,BIOCHEMISTRY & MOLECULAR BIOLOGY,University of Colombo,MONARAGALA,1.6124,value,1,16,1.6124
COP2526-016,,BIOCHEMISTRY & MOLECULAR BIOLOGY,University of Colombo,KEGALLE,1.7124,value,1,16,1.7124
COP2526-016,,BIOCHEMISTRY & MOLECULAR BIOLOGY,University of Colombo,RATNAPURA,1.7919,value,1,16,1.7919
COP2526-017,,AGRICULTURAL TECHNOLOGY & MANAGEMENT,University of Peradeniya,COLOMBO,1.3510,value,1,17,1.3510
COP2526-017,,AGRICULTURAL TECHNOLOGY & MANAGEMENT,University of Peradeniya,GAMPAHA,1.3438,value,1,17,1.3438
COP2526-017,,AGRICULTURAL TECHNOLOGY & MANAGEMENT,University of Peradeniya,KALUTARA,1.3667,value,1,17,1.3667
COP2526-017,,AGRICULTURAL TECHNOLOGY & MANAGEMENT,University of Peradeniya,MATALE,1.3954,value,1,17,1.3954
COP2526-017,,AGRICULTURAL TECHNOLOGY & MANAGEMENT,University of Peradeniya,KANDY,1.3797,value,1,17,1.3797
COP2526-017,,AGRICULTURAL TECHNOLOGY & MANAGEMENT,University of Peradeniya,NUWARA ELIYA,1.3035,value,1,17,1.3035
COP2526-017,,AGRICULTURAL TECHNOLOGY & MANAGEMENT,University of Peradeniya,GALLE,1.4126,value,1,17,1.4126
COP2526-017,,AGRICULTURAL TECHNOLOGY & MANAGEMENT,University of Peradeniya,MATARA,1.4295,value,1,17,1.4295
COP2526-017,,AGRICULTURAL TECHNOLOGY & MANAGEMENT,University of Peradeniya,HAMBANTOTA,1.4318,value,1,17,1.4318
COP2526-017,,AGRICULTURAL TECHNOLOGY & MANAGEMENT,University of Peradeniya,JAFFNA,1.3121,value,1,17,1.3121
COP2526-017,,AGRICULTURAL TECHNOLOGY & MANAGEMENT,University of Peradeniya,KILINOCHCHI,1.2416,value,1,17,1.2416
COP2526-017,,AGRICULTURAL TECHNOLOGY & MANAGEMENT,University of Peradeniya,MANNAR,1.1092,value,1,17,1.1092
COP2526-017,,AGRICULTURAL TECHNOLOGY & MANAGEMENT,University of Peradeniya,MULLAITIVU,1.0962,value,1,17,1.0962
COP2526-017,,AGRICULTURAL TECHNOLOGY & MANAGEMENT,University of Peradeniya,VAVUNIYA,1.2977,value,1,17,1.2977
COP2526-017,,AGRICULTURAL TECHNOLOGY & MANAGEMENT,University of Peradeniya,TRINCOMALEE,1.3673,value,1,17,1.3673
COP2526-017,,AGRICULTURAL TECHNOLOGY & MANAGEMENT,University of Peradeniya,BATTICALOA,1.3617,value,1,17,1.3617
COP2526-017,,AGRICULTURAL TECHNOLOGY & MANAGEMENT,University of Peradeniya,AMPARA,1.3863,value,1,17,1.3863
COP2526-017,,AGRICULTURAL TECHNOLOGY & MANAGEMENT,University of Peradeniya,PUTTALAM,1.3891,value,1,17,1.3891
COP2526-017,,AGRICULTURAL TECHNOLOGY & MANAGEMENT,University of Peradeniya,KURUNEGALA,1.4217,value,1,17,1.4217
COP2526-017,,AGRICULTURAL TECHNOLOGY & MANAGEMENT,University of Peradeniya,ANURADHAPURA,1.3940,value,1,17,1.3940
COP2526-017,,AGRICULTURAL TECHNOLOGY & MANAGEMENT,University of Peradeniya,POLONNARUWA,1.2224,value,1,17,1.2224
COP2526-017,,AGRICULTURAL TECHNOLOGY & MANAGEMENT,University of Peradeniya,BADULLA,1.3308,value,1,17,1.3308
COP2526-017,,AGRICULTURAL TECHNOLOGY & MANAGEMENT,University of Peradeniya,MONARAGALA,1.3743,value,1,17,1.3743
COP2526-017,,AGRICULTURAL TECHNOLOGY & MANAGEMENT,University of Peradeniya,KEGALLE,1.4551,value,1,17,1.4551
COP2526-017,,AGRICULTURAL TECHNOLOGY & MANAGEMENT,University of Peradeniya,RATNAPURA,1.4400,value,1,17,1.4400
COP2526-018,,AGRICULTURE,University of Jaffna,COLOMBO,0.8669,value,1,18,0.8669
COP2526-018,,AGRICULTURE,University of Jaffna,GAMPAHA,0.8671,value,1,18,0.8671
COP2526-018,,AGRICULTURE,University of Jaffna,KALUTARA,0.9738,value,1,18,0.9738
COP2526-018,,AGRICULTURE,University of Jaffna,MATALE,1.0316,value,1,18,1.0316
COP2526-018,,AGRICULTURE,University of Jaffna,KANDY,0.9408,value,1,18,0.9408
COP2526-018,,AGRICULTURE,University of Jaffna,NUWARA ELIYA,0.8744,value,1,18,0.8744
COP2526-018,,AGRICULTURE,University of Jaffna,GALLE,0.9904,value,1,18,0.9904
COP2526-018,,AGRICULTURE,University of Jaffna,MATARA,0.9631,value,1,18,0.9631
COP2526-018,,AGRICULTURE,University of Jaffna,HAMBANTOTA,0.9165,value,1,18,0.9165
COP2526-018,,AGRICULTURE,University of Jaffna,JAFFNA,0.9694,value,1,18,0.9694
COP2526-018,,AGRICULTURE,University of Jaffna,KILINOCHCHI,1.1252,value,1,18,1.1252
COP2526-018,,AGRICULTURE,University of Jaffna,MANNAR,1.0113,value,1,18,1.0113
COP2526-018,,AGRICULTURE,University of Jaffna,MULLAITIVU,1.2812,value,1,18,1.2812
COP2526-018,,AGRICULTURE,University of Jaffna,VAVUNIYA,0.9727,value,1,18,0.9727
COP2526-018,,AGRICULTURE,University of Jaffna,TRINCOMALEE,0.9354,value,1,18,0.9354
COP2526-018,,AGRICULTURE,University of Jaffna,BATTICALOA,0.9609,value,1,18,0.9609
COP2526-018,,AGRICULTURE,University of Jaffna,AMPARA,0.8975,value,1,18,0.8975
COP2526-018,,AGRICULTURE,University of Jaffna,PUTTALAM,0.8986,value,1,18,0.8986
COP2526-018,,AGRICULTURE,University of Jaffna,KURUNEGALA,0.9564,value,1,18,0.9564
COP2526-018,,AGRICULTURE,University of Jaffna,ANURADHAPURA,0.8855,value,1,18,0.8855
COP2526-018,,AGRICULTURE,University of Jaffna,POLONNARUWA,0.8970,value,1,18,0.8970
COP2526-018,,AGRICULTURE,University of Jaffna,BADULLA,0.8673,value,1,18,0.8673
COP2526-018,,AGRICULTURE,University of Jaffna,MONARAGALA,0.8837,value,1,18,0.8837
COP2526-018,,AGRICULTURE,University of Jaffna,KEGALLE,1.0227,value,1,18,1.0227
COP2526-018,,AGRICULTURE,University of Jaffna,RATNAPURA,0.8979,value,1,18,0.8979
COP2526-019,,AGRICULTURE,"Eastern University, Sri Lanka",COLOMBO,0.8474,value,1,19,0.8474
COP2526-019,,AGRICULTURE,"Eastern University, Sri Lanka",GAMPAHA,0.7658,value,1,19,0.7658
COP2526-019,,AGRICULTURE,"Eastern University, Sri Lanka",KALUTARA,1.0680,value,1,19,1.0680
COP2526-019,,AGRICULTURE,"Eastern University, Sri Lanka",MATALE,,NQC,1,19,NQC
COP2526-019,,AGRICULTURE,"Eastern University, Sri Lanka",KANDY,0.9478,value,1,19,0.9478
COP2526-019,,AGRICULTURE,"Eastern University, Sri Lanka",NUWARA ELIYA,0.6460,value,1,19,0.6460
COP2526-019,,AGRICULTURE,"Eastern University, Sri Lanka",GALLE,0.9919,value,1,19,0.9919
COP2526-019,,AGRICULTURE,"Eastern University, Sri Lanka",MATARA,,NQC,1,19,NQC
COP2526-019,,AGRICULTURE,"Eastern University, Sri Lanka",HAMBANTOTA,0.9523,value,1,19,0.9523
COP2526-019,,AGRICULTURE,"Eastern University, Sri Lanka",JAFFNA,1.1913,value,1,19,1.1913
COP2526-019,,AGRICULTURE,"Eastern University, Sri Lanka",KILINOCHCHI,0.5353,value,1,19,0.5353
COP2526-019,,AGRICULTURE,"Eastern University, Sri Lanka",MANNAR,0.6168,value,1,19,0.6168
COP2526-019,,AGRICULTURE,"Eastern University, Sri Lanka",MULLAITIVU,0.6769,value,1,19,0.6769
COP2526-019,,AGRICULTURE,"Eastern University, Sri Lanka",VAVUNIYA,0.7012,value,1,19,0.7012
COP2526-019,,AGRICULTURE,"Eastern University, Sri Lanka",TRINCOMALEE,0.8365,value,1,19,0.8365
COP2526-019,,AGRICULTURE,"Eastern University, Sri Lanka",BATTICALOA,0.9349,value,1,19,0.9349
COP2526-019,,AGRICULTURE,"Eastern University, Sri Lanka",AMPARA,0.8867,value,1,19,0.8867
COP2526-019,,AGRICULTURE,"Eastern University, Sri Lanka",PUTTALAM,0.7150,value,1,19,0.7150
COP2526-019,,AGRICULTURE,"Eastern University, Sri Lanka",KURUNEGALA,0.9485,value,1,19,0.9485
COP2526-019,,AGRICULTURE,"Eastern University, Sri Lanka",ANURADHAPURA,0.7310,value,1,19,0.7310
COP2526-019,,AGRICULTURE,"Eastern University, Sri Lanka",POLONNARUWA,0.6830,value,1,19,0.6830
COP2526-019,,AGRICULTURE,"Eastern University, Sri Lanka",BADULLA,0.8500,value,1,19,0.8500
COP2526-019,,AGRICULTURE,"Eastern University, Sri Lanka",MONARAGALA,0.8856,value,1,19,0.8856
COP2526-019,,AGRICULTURE,"Eastern University, Sri Lanka",KEGALLE,1.0966,value,1,19,1.0966
COP2526-019,,AGRICULTURE,"Eastern University, Sri Lanka",RATNAPURA,0.9023,value,1,19,0.9023
COP2526-020,,AGRICULTURE,Rajarata University of Sri Lanka,COLOMBO,0.9735,value,1,20,0.9735
COP2526-020,,AGRICULTURE,Rajarata University of Sri Lanka,GAMPAHA,1.0213,value,1,20,1.0213
COP2526-020,,AGRICULTURE,Rajarata University of Sri Lanka,KALUTARA,0.9733,value,1,20,0.9733
COP2526-020,,AGRICULTURE,Rajarata University of Sri Lanka,MATALE,0.9713,value,1,20,0.9713
COP2526-020,,AGRICULTURE,Rajarata University of Sri Lanka,KANDY,0.9819,value,1,20,0.9819
COP2526-020,,AGRICULTURE,Rajarata University of Sri Lanka,NUWARA ELIYA,1.1266,value,1,20,1.1266
COP2526-020,,AGRICULTURE,Rajarata University of Sri Lanka,GALLE,0.9578,value,1,20,0.9578
COP2526-020,,AGRICULTURE,Rajarata University of Sri Lanka,MATARA,0.9566,value,1,20,0.9566
COP2526-020,,AGRICULTURE,Rajarata University of Sri Lanka,HAMBANTOTA,0.9589,value,1,20,0.9589
COP2526-020,,AGRICULTURE,Rajarata University of Sri Lanka,JAFFNA,0.9681,value,1,20,0.9681
COP2526-020,,AGRICULTURE,Rajarata University of Sri Lanka,KILINOCHCHI,,NQC,1,20,NQC
COP2526-020,,AGRICULTURE,Rajarata University of Sri Lanka,MANNAR,,NQC,1,20,NQC
COP2526-020,,AGRICULTURE,Rajarata University of Sri Lanka,MULLAITIVU,,NQC,1,20,NQC
COP2526-020,,AGRICULTURE,Rajarata University of Sri Lanka,VAVUNIYA,1.0572,value,1,20,1.0572
COP2526-020,,AGRICULTURE,Rajarata University of Sri Lanka,TRINCOMALEE,0.9796,value,1,20,0.9796
COP2526-020,,AGRICULTURE,Rajarata University of Sri Lanka,BATTICALOA,0.9982,value,1,20,0.9982
COP2526-020,,AGRICULTURE,Rajarata University of Sri Lanka,AMPARA,0.9544,value,1,20,0.9544
COP2526-020,,AGRICULTURE,Rajarata University of Sri Lanka,PUTTALAM,0.9697,value,1,20,0.9697
COP2526-020,,AGRICULTURE,Rajarata University of Sri Lanka,KURUNEGALA,0.9588,value,1,20,0.9588
COP2526-020,,AGRICULTURE,Rajarata University of Sri Lanka,ANURADHAPURA,1.0697,value,1,20,1.0697
COP2526-020,,AGRICULTURE,Rajarata University of Sri Lanka,POLONNARUWA,1.0139,value,1,20,1.0139
COP2526-020,,AGRICULTURE,Rajarata University of Sri Lanka,BADULLA,0.9603,value,1,20,0.9603
COP2526-020,,AGRICULTURE,Rajarata University of Sri Lanka,MONARAGALA,0.9577,value,1,20,0.9577
COP2526-020,,AGRICULTURE,Rajarata University of Sri Lanka,KEGALLE,0.9556,value,1,20,0.9556
COP2526-020,,AGRICULTURE,Rajarata University of Sri Lanka,RATNAPURA,0.9630,value,1,20,0.9630
COP2526-021,,AGRICULTURE,Sabaragamuwa University of Sri Lanka,COLOMBO,0.9831,value,1,21,0.9831
COP2526-021,,AGRICULTURE,Sabaragamuwa University of Sri Lanka,GAMPAHA,0.9989,value,1,21,0.9989
COP2526-021,,AGRICULTURE,Sabaragamuwa University of Sri Lanka,KALUTARA,0.9716,value,1,21,0.9716
COP2526-021,,AGRICULTURE,Sabaragamuwa University of Sri Lanka,MATALE,0.9804,value,1,21,0.9804
COP2526-021,,AGRICULTURE,Sabaragamuwa University of Sri Lanka,KANDY,0.9770,value,1,21,0.9770
COP2526-021,,AGRICULTURE,Sabaragamuwa University of Sri Lanka,NUWARA ELIYA,1.0243,value,1,21,1.0243
COP2526-021,,AGRICULTURE,Sabaragamuwa University of Sri Lanka,GALLE,0.9759,value,1,21,0.9759
COP2526-021,,AGRICULTURE,Sabaragamuwa University of Sri Lanka,MATARA,0.9708,value,1,21,0.9708
COP2526-021,,AGRICULTURE,Sabaragamuwa University of Sri Lanka,HAMBANTOTA,0.9950,value,1,21,0.9950
COP2526-021,,AGRICULTURE,Sabaragamuwa University of Sri Lanka,JAFFNA,0.9692,value,1,21,0.9692
COP2526-021,,AGRICULTURE,Sabaragamuwa University of Sri Lanka,KILINOCHCHI,,NQC,1,21,NQC
COP2526-021,,AGRICULTURE,Sabaragamuwa University of Sri Lanka,MANNAR,1.0396,value,1,21,1.0396
COP2526-021,,AGRICULTURE,Sabaragamuwa University of Sri Lanka,MULLAITIVU,,NQC,1,21,NQC
COP2526-021,,AGRICULTURE,Sabaragamuwa University of Sri Lanka,VAVUNIYA,,NQC,1,21,NQC
COP2526-021,,AGRICULTURE,Sabaragamuwa University of Sri Lanka,TRINCOMALEE,,NQC,1,21,NQC
COP2526-021,,AGRICULTURE,Sabaragamuwa University of Sri Lanka,BATTICALOA,1.0403,value,1,21,1.0403
COP2526-021,,AGRICULTURE,Sabaragamuwa University of Sri Lanka,AMPARA,0.9733,value,1,21,0.9733
COP2526-021,,AGRICULTURE,Sabaragamuwa University of Sri Lanka,PUTTALAM,1.0050,value,1,21,1.0050
COP2526-021,,AGRICULTURE,Sabaragamuwa University of Sri Lanka,KURUNEGALA,0.9904,value,1,21,0.9904
COP2526-021,,AGRICULTURE,Sabaragamuwa University of Sri Lanka,ANURADHAPURA,0.9749,value,1,21,0.9749
COP2526-021,,AGRICULTURE,Sabaragamuwa University of Sri Lanka,POLONNARUWA,0.9964,value,1,21,0.9964
COP2526-021,,AGRICULTURE,Sabaragamuwa University of Sri Lanka,BADULLA,0.9753,value,1,21,0.9753
COP2526-021,,AGRICULTURE,Sabaragamuwa University of Sri Lanka,MONARAGALA,1.0025,value,1,21,1.0025
COP2526-021,,AGRICULTURE,Sabaragamuwa University of Sri Lanka,KEGALLE,0.9768,value,1,21,0.9768
COP2526-021,,AGRICULTURE,Sabaragamuwa University of Sri Lanka,RATNAPURA,1.0044,value,1,21,1.0044
COP2526-022,,AGRICULTURE,Wayamba University of Sri Lanka,COLOMBO,0.9010,value,1,22,0.9010
COP2526-022,,AGRICULTURE,Wayamba University of Sri Lanka,GAMPAHA,0.8989,value,1,22,0.8989
COP2526-022,,AGRICULTURE,Wayamba University of Sri Lanka,KALUTARA,0.9892,value,1,22,0.9892
COP2526-022,,AGRICULTURE,Wayamba University of Sri Lanka,MATALE,0.9233,value,1,22,0.9233
COP2526-022,,AGRICULTURE,Wayamba University of Sri Lanka,KANDY,0.9319,value,1,22,0.9319
COP2526-022,,AGRICULTURE,Wayamba University of Sri Lanka,NUWARA ELIYA,0.9531,value,1,22,0.9531
COP2526-022,,AGRICULTURE,Wayamba University of Sri Lanka,GALLE,0.9398,value,1,22,0.9398
COP2526-022,,AGRICULTURE,Wayamba University of Sri Lanka,MATARA,0.9628,value,1,22,0.9628
COP2526-022,,AGRICULTURE,Wayamba University of Sri Lanka,HAMBANTOTA,0.9166,value,1,22,0.9166
COP2526-022,,AGRICULTURE,Wayamba University of Sri Lanka,JAFFNA,0.9717,value,1,22,0.9717
COP2526-022,,AGRICULTURE,Wayamba University of Sri Lanka,KILINOCHCHI,1.0854,value,1,22,1.0854
COP2526-022,,AGRICULTURE,Wayamba University of Sri Lanka,MANNAR,,NQC,1,22,NQC
COP2526-022,,AGRICULTURE,Wayamba University of Sri Lanka,MULLAITIVU,,NQC,1,22,NQC
COP2526-022,,AGRICULTURE,Wayamba University of Sri Lanka,VAVUNIYA,,NQC,1,22,NQC
COP2526-022,,AGRICULTURE,Wayamba University of Sri Lanka,TRINCOMALEE,0.9094,value,1,22,0.9094
COP2526-022,,AGRICULTURE,Wayamba University of Sri Lanka,BATTICALOA,0.9288,value,1,22,0.9288
COP2526-022,,AGRICULTURE,Wayamba University of Sri Lanka,AMPARA,0.9022,value,1,22,0.9022
COP2526-022,,AGRICULTURE,Wayamba University of Sri Lanka,PUTTALAM,0.9237,value,1,22,0.9237
COP2526-022,,AGRICULTURE,Wayamba University of Sri Lanka,KURUNEGALA,0.9500,value,1,22,0.9500
COP2526-022,,AGRICULTURE,Wayamba University of Sri Lanka,ANURADHAPURA,0.9053,value,1,22,0.9053
COP2526-022,,AGRICULTURE,Wayamba University of Sri Lanka,POLONNARUWA,0.9545,value,1,22,0.9545
COP2526-022,,AGRICULTURE,Wayamba University of Sri Lanka,BADULLA,0.9005,value,1,22,0.9005
COP2526-022,,AGRICULTURE,Wayamba University of Sri Lanka,MONARAGALA,0.9384,value,1,22,0.9384
COP2526-022,,AGRICULTURE,Wayamba University of Sri Lanka,KEGALLE,0.9409,value,1,22,0.9409
COP2526-022,,AGRICULTURE,Wayamba University of Sri Lanka,RATNAPURA,0.9026,value,1,22,0.9026
COP2526-023,,FOOD SCIENCE & NUTRITION,Wayamba University of Sri Lanka,COLOMBO,1.2805,value,1,23,1.2805
COP2526-023,,FOOD SCIENCE & NUTRITION,Wayamba University of Sri Lanka,GAMPAHA,1.2857,value,1,23,1.2857
COP2526-023,,FOOD SCIENCE & NUTRITION,Wayamba University of Sri Lanka,KALUTARA,1.3406,value,1,23,1.3406
COP2526-023,,FOOD SCIENCE & NUTRITION,Wayamba University of Sri Lanka,MATALE,1.2878,value,1,23,1.2878
COP2526-023,,FOOD SCIENCE & NUTRITION,Wayamba University of Sri Lanka,KANDY,1.3177,value,1,23,1.3177
COP2526-023,,FOOD SCIENCE & NUTRITION,Wayamba University of Sri Lanka,NUWARA ELIYA,1.2454,value,1,23,1.2454
COP2526-023,,FOOD SCIENCE & NUTRITION,Wayamba University of Sri Lanka,GALLE,1.3033,value,1,23,1.3033
COP2526-023,,FOOD SCIENCE & NUTRITION,Wayamba University of Sri Lanka,MATARA,1.3419,value,1,23,1.3419
COP2526-023,,FOOD SCIENCE & NUTRITION,Wayamba University of Sri Lanka,HAMBANTOTA,1.3515,value,1,23,1.3515
COP2526-023,,FOOD SCIENCE & NUTRITION,Wayamba University of Sri Lanka,JAFFNA,1.3405,value,1,23,1.3405
COP2526-023,,FOOD SCIENCE & NUTRITION,Wayamba University of Sri Lanka,KILINOCHCHI,1.2449,value,1,23,1.2449
COP2526-023,,FOOD SCIENCE & NUTRITION,Wayamba University of Sri Lanka,MANNAR,1.2434,value,1,23,1.2434
COP2526-023,,FOOD SCIENCE & NUTRITION,Wayamba University of Sri Lanka,MULLAITIVU,0.8062,value,1,23,0.8062
COP2526-023,,FOOD SCIENCE & NUTRITION,Wayamba University of Sri Lanka,VAVUNIYA,1.2551,value,1,23,1.2551
COP2526-023,,FOOD SCIENCE & NUTRITION,Wayamba University of Sri Lanka,TRINCOMALEE,1.2547,value,1,23,1.2547
COP2526-023,,FOOD SCIENCE & NUTRITION,Wayamba University of Sri Lanka,BATTICALOA,1.3042,value,1,23,1.3042
COP2526-023,,FOOD SCIENCE & NUTRITION,Wayamba University of Sri Lanka,AMPARA,1.3368,value,1,23,1.3368
COP2526-023,,FOOD SCIENCE & NUTRITION,Wayamba University of Sri Lanka,PUTTALAM,1.3402,value,1,23,1.3402
COP2526-023,,FOOD SCIENCE & NUTRITION,Wayamba University of Sri Lanka,KURUNEGALA,1.3455,value,1,23,1.3455
COP2526-023,,FOOD SCIENCE & NUTRITION,Wayamba University of Sri Lanka,ANURADHAPURA,1.3160,value,1,23,1.3160
COP2526-023,,FOOD SCIENCE & NUTRITION,Wayamba University of Sri Lanka,POLONNARUWA,1.1616,value,1,23,1.1616
COP2526-023,,FOOD SCIENCE & NUTRITION,Wayamba University of Sri Lanka,BADULLA,1.2775,value,1,23,1.2775
COP2526-023,,FOOD SCIENCE & NUTRITION,Wayamba University of Sri Lanka,MONARAGALA,1.3497,value,1,23,1.3497
COP2526-023,,FOOD SCIENCE & NUTRITION,Wayamba University of Sri Lanka,KEGALLE,1.3537,value,1,23,1.3537
COP2526-023,,FOOD SCIENCE & NUTRITION,Wayamba University of Sri Lanka,RATNAPURA,1.3240,value,1,23,1.3240
COP2526-024,,FOOD SCIENCE & TECHNOLOGY,University of Peradeniya,COLOMBO,1.5394,value,1,24,1.5394
COP2526-024,,FOOD SCIENCE & TECHNOLOGY,University of Peradeniya,GAMPAHA,1.6763,value,1,24,1.6763
COP2526-024,,FOOD SCIENCE & TECHNOLOGY,University of Peradeniya,KALUTARA,1.5434,value,1,24,1.5434
COP2526-024,,FOOD SCIENCE & TECHNOLOGY,University of Peradeniya,MATALE,,NQC,1,24,NQC
COP2526-024,,FOOD SCIENCE & TECHNOLOGY,University of Peradeniya,KANDY,1.5429,value,1,24,1.5429
COP2526-024,,FOOD SCIENCE & TECHNOLOGY,University of Peradeniya,NUWARA ELIYA,,NQC,1,24,NQC
COP2526-024,,FOOD SCIENCE & TECHNOLOGY,University of Peradeniya,GALLE,1.5449,value,1,24,1.5449
COP2526-024,,FOOD SCIENCE & TECHNOLOGY,University of Peradeniya,MATARA,1.5672,value,1,24,1.5672
COP2526-024,,FOOD SCIENCE & TECHNOLOGY,University of Peradeniya,HAMBANTOTA,1.5543,value,1,24,1.5543
COP2526-024,,FOOD SCIENCE & TECHNOLOGY,University of Peradeniya,JAFFNA,1.5447,value,1,24,1.5447
COP2526-024,,FOOD SCIENCE & TECHNOLOGY,University of Peradeniya,KILINOCHCHI,,NQC,1,24,NQC
COP2526-024,,FOOD SCIENCE & TECHNOLOGY,University of Peradeniya,MANNAR,,NQC,1,24,NQC
COP2526-024,,FOOD SCIENCE & TECHNOLOGY,University of Peradeniya,MULLAITIVU,,NQC,1,24,NQC
COP2526-024,,FOOD SCIENCE & TECHNOLOGY,University of Peradeniya,VAVUNIYA,,NQC,1,24,NQC
COP2526-024,,FOOD SCIENCE & TECHNOLOGY,University of Peradeniya,TRINCOMALEE,,NQC,1,24,NQC
COP2526-024,,FOOD SCIENCE & TECHNOLOGY,University of Peradeniya,BATTICALOA,1.5869,value,1,24,1.5869
COP2526-024,,FOOD SCIENCE & TECHNOLOGY,University of Peradeniya,AMPARA,1.5416,value,1,24,1.5416
COP2526-024,,FOOD SCIENCE & TECHNOLOGY,University of Peradeniya,PUTTALAM,,NQC,1,24,NQC
COP2526-024,,FOOD SCIENCE & TECHNOLOGY,University of Peradeniya,KURUNEGALA,1.5409,value,1,24,1.5409
COP2526-024,,FOOD SCIENCE & TECHNOLOGY,University of Peradeniya,ANURADHAPURA,1.5415,value,1,24,1.5415
COP2526-024,,FOOD SCIENCE & TECHNOLOGY,University of Peradeniya,POLONNARUWA,,NQC,1,24,NQC
COP2526-024,,FOOD SCIENCE & TECHNOLOGY,University of Peradeniya,BADULLA,1.6047,value,1,24,1.6047
COP2526-024,,FOOD SCIENCE & TECHNOLOGY,University of Peradeniya,MONARAGALA,,NQC,1,24,NQC
COP2526-024,,FOOD SCIENCE & TECHNOLOGY,University of Peradeniya,KEGALLE,1.5469,value,1,24,1.5469
COP2526-024,,FOOD SCIENCE & TECHNOLOGY,University of Peradeniya,RATNAPURA,1.5530,value,1,24,1.5530
COP2526-025,,FOOD SCIENCE & TECHNOLOGY,University of Sri Jayewardenepura,COLOMBO,1.5393,value,1,25,1.5393
COP2526-025,,FOOD SCIENCE & TECHNOLOGY,University of Sri Jayewardenepura,GAMPAHA,1.5199,value,1,25,1.5199
COP2526-025,,FOOD SCIENCE & TECHNOLOGY,University of Sri Jayewardenepura,KALUTARA,1.5296,value,1,25,1.5296
COP2526-025,,FOOD SCIENCE & TECHNOLOGY,University of Sri Jayewardenepura,MATALE,,NQC,1,25,NQC
COP2526-025,,FOOD SCIENCE & TECHNOLOGY,University of Sri Jayewardenepura,KANDY,1.5391,value,1,25,1.5391
COP2526-025,,FOOD SCIENCE & TECHNOLOGY,University of Sri Jayewardenepura,NUWARA ELIYA,,NQC,1,25,NQC
COP2526-025,,FOOD SCIENCE & TECHNOLOGY,University of Sri Jayewardenepura,GALLE,1.5201,value,1,25,1.5201
COP2526-025,,FOOD SCIENCE & TECHNOLOGY,University of Sri Jayewardenepura,MATARA,1.5196,value,1,25,1.5196
COP2526-025,,FOOD SCIENCE & TECHNOLOGY,University of Sri Jayewardenepura,HAMBANTOTA,1.5244,value,1,25,1.5244
COP2526-025,,FOOD SCIENCE & TECHNOLOGY,University of Sri Jayewardenepura,JAFFNA,1.5327,value,1,25,1.5327
COP2526-025,,FOOD SCIENCE & TECHNOLOGY,University of Sri Jayewardenepura,KILINOCHCHI,,NQC,1,25,NQC
COP2526-025,,FOOD SCIENCE & TECHNOLOGY,University of Sri Jayewardenepura,MANNAR,,NQC,1,25,NQC
COP2526-025,,FOOD SCIENCE & TECHNOLOGY,University of Sri Jayewardenepura,MULLAITIVU,,NQC,1,25,NQC
COP2526-025,,FOOD SCIENCE & TECHNOLOGY,University of Sri Jayewardenepura,VAVUNIYA,,NQC,1,25,NQC
COP2526-025,,FOOD SCIENCE & TECHNOLOGY,University of Sri Jayewardenepura,TRINCOMALEE,,NQC,1,25,NQC
COP2526-025,,FOOD SCIENCE & TECHNOLOGY,University of Sri Jayewardenepura,BATTICALOA,,NQC,1,25,NQC
COP2526-025,,FOOD SCIENCE & TECHNOLOGY,University of Sri Jayewardenepura,AMPARA,1.5316,value,1,25,1.5316
COP2526-025,,FOOD SCIENCE & TECHNOLOGY,University of Sri Jayewardenepura,PUTTALAM,,NQC,1,25,NQC
COP2526-025,,FOOD SCIENCE & TECHNOLOGY,University of Sri Jayewardenepura,KURUNEGALA,1.5262,value,1,25,1.5262
COP2526-025,,FOOD SCIENCE & TECHNOLOGY,University of Sri Jayewardenepura,ANURADHAPURA,1.5191,value,1,25,1.5191
COP2526-025,,FOOD SCIENCE & TECHNOLOGY,University of Sri Jayewardenepura,POLONNARUWA,,NQC,1,25,NQC
COP2526-025,,FOOD SCIENCE & TECHNOLOGY,University of Sri Jayewardenepura,BADULLA,,NQC,1,25,NQC
COP2526-025,,FOOD SCIENCE & TECHNOLOGY,University of Sri Jayewardenepura,MONARAGALA,,NQC,1,25,NQC
COP2526-025,,FOOD SCIENCE & TECHNOLOGY,University of Sri Jayewardenepura,KEGALLE,1.5232,value,1,25,1.5232
COP2526-025,,FOOD SCIENCE & TECHNOLOGY,University of Sri Jayewardenepura,RATNAPURA,1.5250,value,1,25,1.5250
COP2526-026,,FOOD SCIENCE & TECHNOLOGY,Sabaragamuwa University of Sri Lanka,COLOMBO,1.3197,value,1,26,1.3197
COP2526-026,,FOOD SCIENCE & TECHNOLOGY,Sabaragamuwa University of Sri Lanka,GAMPAHA,1.3107,value,1,26,1.3107
COP2526-026,,FOOD SCIENCE & TECHNOLOGY,Sabaragamuwa University of Sri Lanka,KALUTARA,1.4756,value,1,26,1.4756
COP2526-026,,FOOD SCIENCE & TECHNOLOGY,Sabaragamuwa University of Sri Lanka,MATALE,1.2709,value,1,26,1.2709
COP2526-026,,FOOD SCIENCE & TECHNOLOGY,Sabaragamuwa University of Sri Lanka,KANDY,1.2860,value,1,26,1.2860
COP2526-026,,FOOD SCIENCE & TECHNOLOGY,Sabaragamuwa University of Sri Lanka,NUWARA ELIYA,1.1058,value,1,26,1.1058
COP2526-026,,FOOD SCIENCE & TECHNOLOGY,Sabaragamuwa University of Sri Lanka,GALLE,,NQC,1,26,NQC
COP2526-026,,FOOD SCIENCE & TECHNOLOGY,Sabaragamuwa University of Sri Lanka,MATARA,,NQC,1,26,NQC
COP2526-026,,FOOD SCIENCE & TECHNOLOGY,Sabaragamuwa University of Sri Lanka,HAMBANTOTA,1.3767,value,1,26,1.3767
COP2526-026,,FOOD SCIENCE & TECHNOLOGY,Sabaragamuwa University of Sri Lanka,JAFFNA,,NQC,1,26,NQC
COP2526-026,,FOOD SCIENCE & TECHNOLOGY,Sabaragamuwa University of Sri Lanka,KILINOCHCHI,0.7638,value,1,26,0.7638
COP2526-026,,FOOD SCIENCE & TECHNOLOGY,Sabaragamuwa University of Sri Lanka,MANNAR,0.9839,value,1,26,0.9839
COP2526-026,,FOOD SCIENCE & TECHNOLOGY,Sabaragamuwa University of Sri Lanka,MULLAITIVU,0.8738,value,1,26,0.8738
COP2526-026,,FOOD SCIENCE & TECHNOLOGY,Sabaragamuwa University of Sri Lanka,VAVUNIYA,1.0775,value,1,26,1.0775
COP2526-026,,FOOD SCIENCE & TECHNOLOGY,Sabaragamuwa University of Sri Lanka,TRINCOMALEE,1.1179,value,1,26,1.1179
COP2526-026,,FOOD SCIENCE & TECHNOLOGY,Sabaragamuwa University of Sri Lanka,BATTICALOA,1.1678,value,1,26,1.1678
COP2526-026,,FOOD SCIENCE & TECHNOLOGY,Sabaragamuwa University of Sri Lanka,AMPARA,1.3199,value,1,26,1.3199
COP2526-026,,FOOD SCIENCE & TECHNOLOGY,Sabaragamuwa University of Sri Lanka,PUTTALAM,1.2423,value,1,26,1.2423
COP2526-026,,FOOD SCIENCE & TECHNOLOGY,Sabaragamuwa University of Sri Lanka,KURUNEGALA,1.3880,value,1,26,1.3880
COP2526-026,,FOOD SCIENCE & TECHNOLOGY,Sabaragamuwa University of Sri Lanka,ANURADHAPURA,1.3334,value,1,26,1.3334
COP2526-026,,FOOD SCIENCE & TECHNOLOGY,Sabaragamuwa University of Sri Lanka,POLONNARUWA,1.1831,value,1,26,1.1831
COP2526-026,,FOOD SCIENCE & TECHNOLOGY,Sabaragamuwa University of Sri Lanka,BADULLA,1.2956,value,1,26,1.2956
COP2526-026,,FOOD SCIENCE & TECHNOLOGY,Sabaragamuwa University of Sri Lanka,MONARAGALA,1.2762,value,1,26,1.2762
COP2526-026,,FOOD SCIENCE & TECHNOLOGY,Sabaragamuwa University of Sri Lanka,KEGALLE,1.4208,value,1,26,1.4208
COP2526-026,,FOOD SCIENCE & TECHNOLOGY,Sabaragamuwa University of Sri Lanka,RATNAPURA,1.3446,value,1,26,1.3446
COP2526-027,,BIOLOGICAL SCIENCE,University of Colombo,COLOMBO,1.7144,value,1,27,1.7144
COP2526-027,,BIOLOGICAL SCIENCE,University of Colombo,GAMPAHA,,NQC,1,27,NQC
COP2526-027,,BIOLOGICAL SCIENCE,University of Colombo,KALUTARA,1.7152,value,1,27,1.7152
COP2526-027,,BIOLOGICAL SCIENCE,University of Colombo,MATALE,,NQC,1,27,NQC
COP2526-027,,BIOLOGICAL SCIENCE,University of Colombo,KANDY,1.7225,value,1,27,1.7225
COP2526-027,,BIOLOGICAL SCIENCE,University of Colombo,NUWARA ELIYA,,NQC,1,27,NQC
COP2526-027,,BIOLOGICAL SCIENCE,University of Colombo,GALLE,1.7143,value,1,27,1.7143
COP2526-027,,BIOLOGICAL SCIENCE,University of Colombo,MATARA,1.7195,value,1,27,1.7195
COP2526-027,,BIOLOGICAL SCIENCE,University of Colombo,HAMBANTOTA,1.7141,value,1,27,1.7141
COP2526-027,,BIOLOGICAL SCIENCE,University of Colombo,JAFFNA,1.7664,value,1,27,1.7664
COP2526-027,,BIOLOGICAL SCIENCE,University of Colombo,KILINOCHCHI,,NQC,1,27,NQC
COP2526-027,,BIOLOGICAL SCIENCE,University of Colombo,MANNAR,,NQC,1,27,NQC
COP2526-027,,BIOLOGICAL SCIENCE,University of Colombo,MULLAITIVU,,NQC,1,27,NQC
COP2526-027,,BIOLOGICAL SCIENCE,University of Colombo,VAVUNIYA,,NQC,1,27,NQC
COP2526-027,,BIOLOGICAL SCIENCE,University of Colombo,TRINCOMALEE,,NQC,1,27,NQC
COP2526-027,,BIOLOGICAL SCIENCE,University of Colombo,BATTICALOA,,NQC,1,27,NQC
COP2526-027,,BIOLOGICAL SCIENCE,University of Colombo,AMPARA,1.7404,value,1,27,1.7404
COP2526-027,,BIOLOGICAL SCIENCE,University of Colombo,PUTTALAM,,NQC,1,27,NQC
COP2526-027,,BIOLOGICAL SCIENCE,University of Colombo,KURUNEGALA,1.7141,value,1,27,1.7141
COP2526-027,,BIOLOGICAL SCIENCE,University of Colombo,ANURADHAPURA,,NQC,1,27,NQC
COP2526-027,,BIOLOGICAL SCIENCE,University of Colombo,POLONNARUWA,,NQC,1,27,NQC
COP2526-027,,BIOLOGICAL SCIENCE,University of Colombo,BADULLA,1.7225,value,1,27,1.7225
COP2526-027,,BIOLOGICAL SCIENCE,University of Colombo,MONARAGALA,,NQC,1,27,NQC
COP2526-027,,BIOLOGICAL SCIENCE,University of Colombo,KEGALLE,1.7310,value,1,27,1.7310
COP2526-027,,BIOLOGICAL SCIENCE,University of Colombo,RATNAPURA,1.7182,value,1,27,1.7182
COP2526-028,,BIOLOGICAL SCIENCE,University of Peradeniya,COLOMBO,1.5936,value,2,1,1.5936
COP2526-028,,BIOLOGICAL SCIENCE,University of Peradeniya,GAMPAHA,1.5935,value,2,1,1.5935
COP2526-028,,BIOLOGICAL SCIENCE,University of Peradeniya,KALUTARA,1.5984,value,2,1,1.5984
COP2526-028,,BIOLOGICAL SCIENCE,University of Peradeniya,MATALE,1.6060,value,2,1,1.6060
COP2526-028,,BIOLOGICAL SCIENCE,University of Peradeniya,KANDY,1.5965,value,2,1,1.5965
COP2526-028,,BIOLOGICAL SCIENCE,University of Peradeniya,NUWARA ELIYA,,NQC,2,1,NQC
COP2526-028,,BIOLOGICAL SCIENCE,University of Peradeniya,GALLE,1.6023,value,2,1,1.6023
COP2526-028,,BIOLOGICAL SCIENCE,University of Peradeniya,MATARA,1.5970,value,2,1,1.5970
COP2526-028,,BIOLOGICAL SCIENCE,University of Peradeniya,HAMBANTOTA,1.5987,value,2,1,1.5987
COP2526-028,,BIOLOGICAL SCIENCE,University of Peradeniya,JAFFNA,1.5946,value,2,1,1.5946
COP2526-028,,BIOLOGICAL SCIENCE,University of Peradeniya,KILINOCHCHI,,NQC,2,1,NQC
COP2526-028,,BIOLOGICAL SCIENCE,University of Peradeniya,MANNAR,,NQC,2,1,NQC
COP2526-028,,BIOLOGICAL SCIENCE,University of Peradeniya,MULLAITIVU,,NQC,2,1,NQC
COP2526-028,,BIOLOGICAL SCIENCE,University of Peradeniya,VAVUNIYA,,NQC,2,1,NQC
COP2526-028,,BIOLOGICAL SCIENCE,University of Peradeniya,TRINCOMALEE,1.6317,value,2,1,1.6317
COP2526-028,,BIOLOGICAL SCIENCE,University of Peradeniya,BATTICALOA,1.7096,value,2,1,1.7096
COP2526-028,,BIOLOGICAL SCIENCE,University of Peradeniya,AMPARA,,NQC,2,1,NQC
COP2526-028,,BIOLOGICAL SCIENCE,University of Peradeniya,PUTTALAM,1.6402,value,2,1,1.6402
COP2526-028,,BIOLOGICAL SCIENCE,University of Peradeniya,KURUNEGALA,1.6046,value,2,1,1.6046
COP2526-028,,BIOLOGICAL SCIENCE,University of Peradeniya,ANURADHAPURA,1.5937,value,2,1,1.5937
COP2526-028,,BIOLOGICAL SCIENCE,University of Peradeniya,POLONNARUWA,,NQC,2,1,NQC
COP2526-028,,BIOLOGICAL SCIENCE,University of Peradeniya,BADULLA,1.6098,value,2,1,1.6098
COP2526-028,,BIOLOGICAL SCIENCE,University of Peradeniya,MONARAGALA,,NQC,2,1,NQC
COP2526-028,,BIOLOGICAL SCIENCE,University of Peradeniya,KEGALLE,1.6088,value,2,1,1.6088
COP2526-028,,BIOLOGICAL SCIENCE,University of Peradeniya,RATNAPURA,1.6045,value,2,1,1.6045
COP2526-029,,BIOLOGICAL SCIENCE,University of Sri Jayewardenepura,COLOMBO,1.5305,value,2,2,1.5305
COP2526-029,,BIOLOGICAL SCIENCE,University of Sri Jayewardenepura,GAMPAHA,1.5307,value,2,2,1.5307
COP2526-029,,BIOLOGICAL SCIENCE,University of Sri Jayewardenepura,KALUTARA,1.5304,value,2,2,1.5304
COP2526-029,,BIOLOGICAL SCIENCE,University of Sri Jayewardenepura,MATALE,1.5904,value,2,2,1.5904
COP2526-029,,BIOLOGICAL SCIENCE,University of Sri Jayewardenepura,KANDY,1.5339,value,2,2,1.5339
COP2526-029,,BIOLOGICAL SCIENCE,University of Sri Jayewardenepura,NUWARA ELIYA,,NQC,2,2,NQC
COP2526-029,,BIOLOGICAL SCIENCE,University of Sri Jayewardenepura,GALLE,1.5319,value,2,2,1.5319
COP2526-029,,BIOLOGICAL SCIENCE,University of Sri Jayewardenepura,MATARA,1.5382,value,2,2,1.5382
COP2526-029,,BIOLOGICAL SCIENCE,University of Sri Jayewardenepura,HAMBANTOTA,1.5329,value,2,2,1.5329
COP2526-029,,BIOLOGICAL SCIENCE,University of Sri Jayewardenepura,JAFFNA,1.5356,value,2,2,1.5356
COP2526-029,,BIOLOGICAL SCIENCE,University of Sri Jayewardenepura,KILINOCHCHI,,NQC,2,2,NQC
COP2526-029,,BIOLOGICAL SCIENCE,University of Sri Jayewardenepura,MANNAR,,NQC,2,2,NQC
COP2526-029,,BIOLOGICAL SCIENCE,University of Sri Jayewardenepura,MULLAITIVU,,NQC,2,2,NQC
COP2526-029,,BIOLOGICAL SCIENCE,University of Sri Jayewardenepura,VAVUNIYA,,NQC,2,2,NQC
COP2526-029,,BIOLOGICAL SCIENCE,University of Sri Jayewardenepura,TRINCOMALEE,,NQC,2,2,NQC
COP2526-029,,BIOLOGICAL SCIENCE,University of Sri Jayewardenepura,BATTICALOA,1.5636,value,2,2,1.5636
COP2526-029,,BIOLOGICAL SCIENCE,University of Sri Jayewardenepura,AMPARA,,NQC,2,2,NQC
COP2526-029,,BIOLOGICAL SCIENCE,University of Sri Jayewardenepura,PUTTALAM,1.5516,value,2,2,1.5516
COP2526-029,,BIOLOGICAL SCIENCE,University of Sri Jayewardenepura,KURUNEGALA,1.5309,value,2,2,1.5309
COP2526-029,,BIOLOGICAL SCIENCE,University of Sri Jayewardenepura,ANURADHAPURA,1.5411,value,2,2,1.5411
COP2526-029,,BIOLOGICAL SCIENCE,University of Sri Jayewardenepura,POLONNARUWA,,NQC,2,2,NQC
COP2526-029,,BIOLOGICAL SCIENCE,University of Sri Jayewardenepura,BADULLA,1.5306,value,2,2,1.5306
COP2526-029,,BIOLOGICAL SCIENCE,University of Sri Jayewardenepura,MONARAGALA,,NQC,2,2,NQC
COP2526-029,,BIOLOGICAL SCIENCE,University of Sri Jayewardenepura,KEGALLE,1.5306,value,2,2,1.5306
COP2526-029,,BIOLOGICAL SCIENCE,University of Sri Jayewardenepura,RATNAPURA,1.5304,value,2,2,1.5304
COP2526-030,,BIOLOGICAL SCIENCE,University of Kelaniya,COLOMBO,1.4681,value,2,3,1.4681
COP2526-030,,BIOLOGICAL SCIENCE,University of Kelaniya,GAMPAHA,1.4730,value,2,3,1.4730
COP2526-030,,BIOLOGICAL SCIENCE,University of Kelaniya,KALUTARA,1.4679,value,2,3,1.4679
COP2526-030,,BIOLOGICAL SCIENCE,University of Kelaniya,MATALE,1.4689,value,2,3,1.4689
COP2526-030,,BIOLOGICAL SCIENCE,University of Kelaniya,KANDY,1.4739,value,2,3,1.4739
COP2526-030,,BIOLOGICAL SCIENCE,University of Kelaniya,NUWARA ELIYA,,NQC,2,3,NQC
COP2526-030,,BIOLOGICAL SCIENCE,University of Kelaniya,GALLE,1.4711,value,2,3,1.4711
COP2526-030,,BIOLOGICAL SCIENCE,University of Kelaniya,MATARA,1.4767,value,2,3,1.4767
COP2526-030,,BIOLOGICAL SCIENCE,University of Kelaniya,HAMBANTOTA,1.4708,value,2,3,1.4708
COP2526-030,,BIOLOGICAL SCIENCE,University of Kelaniya,JAFFNA,1.4745,value,2,3,1.4745
COP2526-030,,BIOLOGICAL SCIENCE,University of Kelaniya,KILINOCHCHI,,NQC,2,3,NQC
COP2526-030,,BIOLOGICAL SCIENCE,University of Kelaniya,MANNAR,,NQC,2,3,NQC
COP2526-030,,BIOLOGICAL SCIENCE,University of Kelaniya,MULLAITIVU,,NQC,2,3,NQC
COP2526-030,,BIOLOGICAL SCIENCE,University of Kelaniya,VAVUNIYA,,NQC,2,3,NQC
COP2526-030,,BIOLOGICAL SCIENCE,University of Kelaniya,TRINCOMALEE,,NQC,2,3,NQC
COP2526-030,,BIOLOGICAL SCIENCE,University of Kelaniya,BATTICALOA,1.5242,value,2,3,1.5242
COP2526-030,,BIOLOGICAL SCIENCE,University of Kelaniya,AMPARA,,NQC,2,3,NQC
COP2526-030,,BIOLOGICAL SCIENCE,University of Kelaniya,PUTTALAM,1.5188,value,2,3,1.5188
COP2526-030,,BIOLOGICAL SCIENCE,University of Kelaniya,KURUNEGALA,1.4691,value,2,3,1.4691
COP2526-030,,BIOLOGICAL SCIENCE,University of Kelaniya,ANURADHAPURA,1.4761,value,2,3,1.4761
COP2526-030,,BIOLOGICAL SCIENCE,University of Kelaniya,POLONNARUWA,,NQC,2,3,NQC
COP2526-030,,BIOLOGICAL SCIENCE,University of Kelaniya,BADULLA,1.4687,value,2,3,1.4687
COP2526-030,,BIOLOGICAL SCIENCE,University of Kelaniya,MONARAGALA,1.4819,value,2,3,1.4819
COP2526-030,,BIOLOGICAL SCIENCE,University of Kelaniya,KEGALLE,1.4686,value,2,3,1.4686
COP2526-030,,BIOLOGICAL SCIENCE,University of Kelaniya,RATNAPURA,1.4720,value,2,3,1.4720
COP2526-031,,BIOLOGICAL SCIENCE,University of Jaffna,COLOMBO,1.3477,value,2,4,1.3477
COP2526-031,,BIOLOGICAL SCIENCE,University of Jaffna,GAMPAHA,1.2166,value,2,4,1.2166
COP2526-031,,BIOLOGICAL SCIENCE,University of Jaffna,KALUTARA,,NQC,2,4,NQC
COP2526-031,,BIOLOGICAL SCIENCE,University of Jaffna,MATALE,1.2605,value,2,4,1.2605
COP2526-031,,BIOLOGICAL SCIENCE,University of Jaffna,KANDY,1.2595,value,2,4,1.2595
COP2526-031,,BIOLOGICAL SCIENCE,University of Jaffna,NUWARA ELIYA,1.2079,value,2,4,1.2079
COP2526-031,,BIOLOGICAL SCIENCE,University of Jaffna,GALLE,1.4044,value,2,4,1.4044
COP2526-031,,BIOLOGICAL SCIENCE,University of Jaffna,MATARA,1.2172,value,2,4,1.2172
COP2526-031,,BIOLOGICAL SCIENCE,University of Jaffna,HAMBANTOTA,1.2825,value,2,4,1.2825
COP2526-031,,BIOLOGICAL SCIENCE,University of Jaffna,JAFFNA,1.3278,value,2,4,1.3278
COP2526-031,,BIOLOGICAL SCIENCE,University of Jaffna,KILINOCHCHI,1.4672,value,2,4,1.4672
COP2526-031,,BIOLOGICAL SCIENCE,University of Jaffna,MANNAR,,NQC,2,4,NQC
COP2526-031,,BIOLOGICAL SCIENCE,University of Jaffna,MULLAITIVU,,NQC,2,4,NQC
COP2526-031,,BIOLOGICAL SCIENCE,University of Jaffna,VAVUNIYA,1.2811,value,2,4,1.2811
COP2526-031,,BIOLOGICAL SCIENCE,University of Jaffna,TRINCOMALEE,1.2493,value,2,4,1.2493
COP2526-031,,BIOLOGICAL SCIENCE,University of Jaffna,BATTICALOA,1.2252,value,2,4,1.2252
COP2526-031,,BIOLOGICAL SCIENCE,University of Jaffna,AMPARA,1.2358,value,2,4,1.2358
COP2526-031,,BIOLOGICAL SCIENCE,University of Jaffna,PUTTALAM,1.2084,value,2,4,1.2084
COP2526-031,,BIOLOGICAL SCIENCE,University of Jaffna,KURUNEGALA,1.2805,value,2,4,1.2805
COP2526-031,,BIOLOGICAL SCIENCE,University of Jaffna,ANURADHAPURA,1.2115,value,2,4,1.2115
COP2526-031,,BIOLOGICAL SCIENCE,University of Jaffna,POLONNARUWA,1.3072,value,2,4,1.3072
COP2526-031,,BIOLOGICAL SCIENCE,University of Jaffna,BADULLA,1.2212,value,2,4,1.2212
COP2526-031,,BIOLOGICAL SCIENCE,University of Jaffna,MONARAGALA,1.2143,value,2,4,1.2143
COP2526-031,,BIOLOGICAL SCIENCE,University of Jaffna,KEGALLE,1.2231,value,2,4,1.2231
COP2526-031,,BIOLOGICAL SCIENCE,University of Jaffna,RATNAPURA,1.2088,value,2,4,1.2088
COP2526-032,,BIOLOGICAL SCIENCE,University of Ruhuna,COLOMBO,1.3562,value,2,5,1.3562
COP2526-032,,BIOLOGICAL SCIENCE,University of Ruhuna,GAMPAHA,1.3605,value,2,5,1.3605
COP2526-032,,BIOLOGICAL SCIENCE,University of Ruhuna,KALUTARA,1.3672,value,2,5,1.3672
COP2526-032,,BIOLOGICAL SCIENCE,University of Ruhuna,MATALE,1.3665,value,2,5,1.3665
COP2526-032,,BIOLOGICAL SCIENCE,University of Ruhuna,KANDY,1.3560,value,2,5,1.3560
COP2526-032,,BIOLOGICAL SCIENCE,University of Ruhuna,NUWARA ELIYA,1.3549,value,2,5,1.3549
COP2526-032,,BIOLOGICAL SCIENCE,University of Ruhuna,GALLE,1.3912,value,2,5,1.3912
COP2526-032,,BIOLOGICAL SCIENCE,University of Ruhuna,MATARA,1.3624,value,2,5,1.3624
COP2526-032,,BIOLOGICAL SCIENCE,University of Ruhuna,HAMBANTOTA,1.3552,value,2,5,1.3552
COP2526-032,,BIOLOGICAL SCIENCE,University of Ruhuna,JAFFNA,1.4110,value,2,5,1.4110
COP2526-032,,BIOLOGICAL SCIENCE,University of Ruhuna,KILINOCHCHI,1.3550,value,2,5,1.3550
COP2526-032,,BIOLOGICAL SCIENCE,University of Ruhuna,MANNAR,,NQC,2,5,NQC
COP2526-032,,BIOLOGICAL SCIENCE,University of Ruhuna,MULLAITIVU,,NQC,2,5,NQC
COP2526-032,,BIOLOGICAL SCIENCE,University of Ruhuna,VAVUNIYA,,NQC,2,5,NQC
COP2526-032,,BIOLOGICAL SCIENCE,University of Ruhuna,TRINCOMALEE,1.3728,value,2,5,1.3728
COP2526-032,,BIOLOGICAL SCIENCE,University of Ruhuna,BATTICALOA,,NQC,2,5,NQC
COP2526-032,,BIOLOGICAL SCIENCE,University of Ruhuna,AMPARA,1.3586,value,2,5,1.3586
COP2526-032,,BIOLOGICAL SCIENCE,University of Ruhuna,PUTTALAM,1.4573,value,2,5,1.4573
COP2526-032,,BIOLOGICAL SCIENCE,University of Ruhuna,KURUNEGALA,1.3598,value,2,5,1.3598
COP2526-032,,BIOLOGICAL SCIENCE,University of Ruhuna,ANURADHAPURA,1.3694,value,2,5,1.3694
COP2526-032,,BIOLOGICAL SCIENCE,University of Ruhuna,POLONNARUWA,1.4405,value,2,5,1.4405
COP2526-032,,BIOLOGICAL SCIENCE,University of Ruhuna,BADULLA,1.3614,value,2,5,1.3614
COP2526-032,,BIOLOGICAL SCIENCE,University of Ruhuna,MONARAGALA,1.3580,value,2,5,1.3580
COP2526-032,,BIOLOGICAL SCIENCE,University of Ruhuna,KEGALLE,1.3574,value,2,5,1.3574
COP2526-032,,BIOLOGICAL SCIENCE,University of Ruhuna,RATNAPURA,1.3564,value,2,5,1.3564
COP2526-033,,BIOLOGICAL SCIENCE,"Eastern University, Sri Lanka",COLOMBO,1.3530,value,2,6,1.3530
COP2526-033,,BIOLOGICAL SCIENCE,"Eastern University, Sri Lanka",GAMPAHA,1.0948,value,2,6,1.0948
COP2526-033,,BIOLOGICAL SCIENCE,"Eastern University, Sri Lanka",KALUTARA,,NQC,2,6,NQC
COP2526-033,,BIOLOGICAL SCIENCE,"Eastern University, Sri Lanka",MATALE,1.3362,value,2,6,1.3362
COP2526-033,,BIOLOGICAL SCIENCE,"Eastern University, Sri Lanka",KANDY,1.2685,value,2,6,1.2685
COP2526-033,,BIOLOGICAL SCIENCE,"Eastern University, Sri Lanka",NUWARA ELIYA,1.0891,value,2,6,1.0891
COP2526-033,,BIOLOGICAL SCIENCE,"Eastern University, Sri Lanka",GALLE,,NQC,2,6,NQC
COP2526-033,,BIOLOGICAL SCIENCE,"Eastern University, Sri Lanka",MATARA,1.1433,value,2,6,1.1433
COP2526-033,,BIOLOGICAL SCIENCE,"Eastern University, Sri Lanka",HAMBANTOTA,1.1928,value,2,6,1.1928
COP2526-033,,BIOLOGICAL SCIENCE,"Eastern University, Sri Lanka",JAFFNA,,NQC,2,6,NQC
COP2526-033,,BIOLOGICAL SCIENCE,"Eastern University, Sri Lanka",KILINOCHCHI,,NQC,2,6,NQC
COP2526-033,,BIOLOGICAL SCIENCE,"Eastern University, Sri Lanka",MANNAR,,NQC,2,6,NQC
COP2526-033,,BIOLOGICAL SCIENCE,"Eastern University, Sri Lanka",MULLAITIVU,,NQC,2,6,NQC
COP2526-033,,BIOLOGICAL SCIENCE,"Eastern University, Sri Lanka",VAVUNIYA,1.1997,value,2,6,1.1997
COP2526-033,,BIOLOGICAL SCIENCE,"Eastern University, Sri Lanka",TRINCOMALEE,1.0930,value,2,6,1.0930
COP2526-033,,BIOLOGICAL SCIENCE,"Eastern University, Sri Lanka",BATTICALOA,1.0929,value,2,6,1.0929
COP2526-033,,BIOLOGICAL SCIENCE,"Eastern University, Sri Lanka",AMPARA,1.1130,value,2,6,1.1130
COP2526-033,,BIOLOGICAL SCIENCE,"Eastern University, Sri Lanka",PUTTALAM,1.1128,value,2,6,1.1128
COP2526-033,,BIOLOGICAL SCIENCE,"Eastern University, Sri Lanka",KURUNEGALA,1.3102,value,2,6,1.3102
COP2526-033,,BIOLOGICAL SCIENCE,"Eastern University, Sri Lanka",ANURADHAPURA,1.1151,value,2,6,1.1151
COP2526-033,,BIOLOGICAL SCIENCE,"Eastern University, Sri Lanka",POLONNARUWA,1.1364,value,2,6,1.1364
COP2526-033,,BIOLOGICAL SCIENCE,"Eastern University, Sri Lanka",BADULLA,1.0888,value,2,6,1.0888
COP2526-033,,BIOLOGICAL SCIENCE,"Eastern University, Sri Lanka",MONARAGALA,1.0952,value,2,6,1.0952
COP2526-033,,BIOLOGICAL SCIENCE,"Eastern University, Sri Lanka",KEGALLE,1.2450,value,2,6,1.2450
COP2526-033,,BIOLOGICAL SCIENCE,"Eastern University, Sri Lanka",RATNAPURA,1.1877,value,2,6,1.1877
COP2526-034,,BIOLOGICAL SCIENCE,South Eastern University of Sri Lanka,COLOMBO,,NQC,2,7,NQC
COP2526-034,,BIOLOGICAL SCIENCE,South Eastern University of Sri Lanka,GAMPAHA,0.9708,value,2,7,0.9708
COP2526-034,,BIOLOGICAL SCIENCE,South Eastern University of Sri Lanka,KALUTARA,,NQC,2,7,NQC
COP2526-034,,BIOLOGICAL SCIENCE,South Eastern University of Sri Lanka,MATALE,,NQC,2,7,NQC
COP2526-034,,BIOLOGICAL SCIENCE,South Eastern University of Sri Lanka,KANDY,1.3078,value,2,7,1.3078
COP2526-034,,BIOLOGICAL SCIENCE,South Eastern University of Sri Lanka,NUWARA ELIYA,0.7189,value,2,7,0.7189
COP2526-034,,BIOLOGICAL SCIENCE,South Eastern University of Sri Lanka,GALLE,,NQC,2,7,NQC
COP2526-034,,BIOLOGICAL SCIENCE,South Eastern University of Sri Lanka,MATARA,1.1924,value,2,7,1.1924
COP2526-034,,BIOLOGICAL SCIENCE,South Eastern University of Sri Lanka,HAMBANTOTA,1.2172,value,2,7,1.2172
COP2526-034,,BIOLOGICAL SCIENCE,South Eastern University of Sri Lanka,JAFFNA,,NQC,2,7,NQC
COP2526-034,,BIOLOGICAL SCIENCE,South Eastern University of Sri Lanka,KILINOCHCHI,0.9423,value,2,7,0.9423
COP2526-034,,BIOLOGICAL SCIENCE,South Eastern University of Sri Lanka,MANNAR,0.6570,value,2,7,0.6570
COP2526-034,,BIOLOGICAL SCIENCE,South Eastern University of Sri Lanka,MULLAITIVU,0.7940,value,2,7,0.7940
COP2526-034,,BIOLOGICAL SCIENCE,South Eastern University of Sri Lanka,VAVUNIYA,0.6979,value,2,7,0.6979
COP2526-034,,BIOLOGICAL SCIENCE,South Eastern University of Sri Lanka,TRINCOMALEE,0.9321,value,2,7,0.9321
COP2526-034,,BIOLOGICAL SCIENCE,South Eastern University of Sri Lanka,BATTICALOA,1.0818,value,2,7,1.0818
COP2526-034,,BIOLOGICAL SCIENCE,South Eastern University of Sri Lanka,AMPARA,1.1269,value,2,7,1.1269
COP2526-034,,BIOLOGICAL SCIENCE,South Eastern University of Sri Lanka,PUTTALAM,0.8613,value,2,7,0.8613
COP2526-034,,BIOLOGICAL SCIENCE,South Eastern University of Sri Lanka,KURUNEGALA,1.2807,value,2,7,1.2807
COP2526-034,,BIOLOGICAL SCIENCE,South Eastern University of Sri Lanka,ANURADHAPURA,0.8212,value,2,7,0.8212
COP2526-034,,BIOLOGICAL SCIENCE,South Eastern University of Sri Lanka,POLONNARUWA,0.7585,value,2,7,0.7585
COP2526-034,,BIOLOGICAL SCIENCE,South Eastern University of Sri Lanka,BADULLA,1.0077,value,2,7,1.0077
COP2526-034,,BIOLOGICAL SCIENCE,South Eastern University of Sri Lanka,MONARAGALA,0.8626,value,2,7,0.8626
COP2526-034,,BIOLOGICAL SCIENCE,South Eastern University of Sri Lanka,KEGALLE,,NQC,2,7,NQC
COP2526-034,,BIOLOGICAL SCIENCE,South Eastern University of Sri Lanka,RATNAPURA,1.2095,value,2,7,1.2095
COP2526-035,,APPLIED SCIENCES (BIO.SC),Rajarata University of Sri Lanka,COLOMBO,1.1633,value,2,8,1.1633
COP2526-035,,APPLIED SCIENCES (BIO.SC),Rajarata University of Sri Lanka,GAMPAHA,1.1758,value,2,8,1.1758
COP2526-035,,APPLIED SCIENCES (BIO.SC),Rajarata University of Sri Lanka,KALUTARA,1.1629,value,2,8,1.1629
COP2526-035,,APPLIED SCIENCES (BIO.SC),Rajarata University of Sri Lanka,MATALE,1.2050,value,2,8,1.2050
COP2526-035,,APPLIED SCIENCES (BIO.SC),Rajarata University of Sri Lanka,KANDY,1.1646,value,2,8,1.1646
COP2526-035,,APPLIED SCIENCES (BIO.SC),Rajarata University of Sri Lanka,NUWARA ELIYA,1.1872,value,2,8,1.1872
COP2526-035,,APPLIED SCIENCES (BIO.SC),Rajarata University of Sri Lanka,GALLE,1.1616,value,2,8,1.1616
COP2526-035,,APPLIED SCIENCES (BIO.SC),Rajarata University of Sri Lanka,MATARA,1.1592,value,2,8,1.1592
COP2526-035,,APPLIED SCIENCES (BIO.SC),Rajarata University of Sri Lanka,HAMBANTOTA,1.1603,value,2,8,1.1603
COP2526-035,,APPLIED SCIENCES (BIO.SC),Rajarata University of Sri Lanka,JAFFNA,1.1928,value,2,8,1.1928
COP2526-035,,APPLIED SCIENCES (BIO.SC),Rajarata University of Sri Lanka,KILINOCHCHI,,NQC,2,8,NQC
COP2526-035,,APPLIED SCIENCES (BIO.SC),Rajarata University of Sri Lanka,MANNAR,,NQC,2,8,NQC
COP2526-035,,APPLIED SCIENCES (BIO.SC),Rajarata University of Sri Lanka,MULLAITIVU,1.2137,value,2,8,1.2137
COP2526-035,,APPLIED SCIENCES (BIO.SC),Rajarata University of Sri Lanka,VAVUNIYA,1.2205,value,2,8,1.2205
COP2526-035,,APPLIED SCIENCES (BIO.SC),Rajarata University of Sri Lanka,TRINCOMALEE,1.1806,value,2,8,1.1806
COP2526-035,,APPLIED SCIENCES (BIO.SC),Rajarata University of Sri Lanka,BATTICALOA,1.1573,value,2,8,1.1573
COP2526-035,,APPLIED SCIENCES (BIO.SC),Rajarata University of Sri Lanka,AMPARA,1.1728,value,2,8,1.1728
COP2526-035,,APPLIED SCIENCES (BIO.SC),Rajarata University of Sri Lanka,PUTTALAM,1.1730,value,2,8,1.1730
COP2526-035,,APPLIED SCIENCES (BIO.SC),Rajarata University of Sri Lanka,KURUNEGALA,1.1611,value,2,8,1.1611
COP2526-035,,APPLIED SCIENCES (BIO.SC),Rajarata University of Sri Lanka,ANURADHAPURA,1.2397,value,2,8,1.2397
COP2526-035,,APPLIED SCIENCES (BIO.SC),Rajarata University of Sri Lanka,POLONNARUWA,1.1590,value,2,8,1.1590
COP2526-035,,APPLIED SCIENCES (BIO.SC),Rajarata University of Sri Lanka,BADULLA,1.1829,value,2,8,1.1829
COP2526-035,,APPLIED SCIENCES (BIO.SC),Rajarata University of Sri Lanka,MONARAGALA,1.1895,value,2,8,1.1895
COP2526-035,,APPLIED SCIENCES (BIO.SC),Rajarata University of Sri Lanka,KEGALLE,1.1608,value,2,8,1.1608
COP2526-035,,APPLIED SCIENCES (BIO.SC),Rajarata University of Sri Lanka,RATNAPURA,1.1792,value,2,8,1.1792
COP2526-036,,APPLIED SCIENCES (BIO.SC),Sabaragamuwa University of Sri Lanka,COLOMBO,1.1386,value,2,9,1.1386
COP2526-036,,APPLIED SCIENCES (BIO.SC),Sabaragamuwa University of Sri Lanka,GAMPAHA,1.1627,value,2,9,1.1627
COP2526-036,,APPLIED SCIENCES (BIO.SC),Sabaragamuwa University of Sri Lanka,KALUTARA,1.1405,value,2,9,1.1405
COP2526-036,,APPLIED SCIENCES (BIO.SC),Sabaragamuwa University of Sri Lanka,MATALE,1.1381,value,2,9,1.1381
COP2526-036,,APPLIED SCIENCES (BIO.SC),Sabaragamuwa University of Sri Lanka,KANDY,1.1427,value,2,9,1.1427
COP2526-036,,APPLIED SCIENCES (BIO.SC),Sabaragamuwa University of Sri Lanka,NUWARA ELIYA,,NQC,2,9,NQC
COP2526-036,,APPLIED SCIENCES (BIO.SC),Sabaragamuwa University of Sri Lanka,GALLE,1.1730,value,2,9,1.1730
COP2526-036,,APPLIED SCIENCES (BIO.SC),Sabaragamuwa University of Sri Lanka,MATARA,1.1504,value,2,9,1.1504
COP2526-036,,APPLIED SCIENCES (BIO.SC),Sabaragamuwa University of Sri Lanka,HAMBANTOTA,1.1551,value,2,9,1.1551
COP2526-036,,APPLIED SCIENCES (BIO.SC),Sabaragamuwa University of Sri Lanka,JAFFNA,1.1563,value,2,9,1.1563
COP2526-036,,APPLIED SCIENCES (BIO.SC),Sabaragamuwa University of Sri Lanka,KILINOCHCHI,,NQC,2,9,NQC
COP2526-036,,APPLIED SCIENCES (BIO.SC),Sabaragamuwa University of Sri Lanka,MANNAR,,NQC,2,9,NQC
COP2526-036,,APPLIED SCIENCES (BIO.SC),Sabaragamuwa University of Sri Lanka,MULLAITIVU,,NQC,2,9,NQC
COP2526-036,,APPLIED SCIENCES (BIO.SC),Sabaragamuwa University of Sri Lanka,VAVUNIYA,,NQC,2,9,NQC
COP2526-036,,APPLIED SCIENCES (BIO.SC),Sabaragamuwa University of Sri Lanka,TRINCOMALEE,1.1687,value,2,9,1.1687
COP2526-036,,APPLIED SCIENCES (BIO.SC),Sabaragamuwa University of Sri Lanka,BATTICALOA,,NQC,2,9,NQC
COP2526-036,,APPLIED SCIENCES (BIO.SC),Sabaragamuwa University of Sri Lanka,AMPARA,1.3096,value,2,9,1.3096
COP2526-036,,APPLIED SCIENCES (BIO.SC),Sabaragamuwa University of Sri Lanka,PUTTALAM,1.1493,value,2,9,1.1493
COP2526-036,,APPLIED SCIENCES (BIO.SC),Sabaragamuwa University of Sri Lanka,KURUNEGALA,1.1458,value,2,9,1.1458
COP2526-036,,APPLIED SCIENCES (BIO.SC),Sabaragamuwa University of Sri Lanka,ANURADHAPURA,1.1366,value,2,9,1.1366
COP2526-036,,APPLIED SCIENCES (BIO.SC),Sabaragamuwa University of Sri Lanka,POLONNARUWA,,NQC,2,9,NQC
COP2526-036,,APPLIED SCIENCES (BIO.SC),Sabaragamuwa University of Sri Lanka,BADULLA,1.2250,value,2,9,1.2250
COP2526-036,,APPLIED SCIENCES (BIO.SC),Sabaragamuwa University of Sri Lanka,MONARAGALA,1.1400,value,2,9,1.1400
COP2526-036,,APPLIED SCIENCES (BIO.SC),Sabaragamuwa University of Sri Lanka,KEGALLE,1.1561,value,2,9,1.1561
COP2526-036,,APPLIED SCIENCES (BIO.SC),Sabaragamuwa University of Sri Lanka,RATNAPURA,1.1388,value,2,9,1.1388
COP2526-037,,APPLIED SCIENCES (BIO.SC),"University of Vavuniya, Sri Lanka",COLOMBO,1.0586,value,2,10,1.0586
COP2526-037,,APPLIED SCIENCES (BIO.SC),"University of Vavuniya, Sri Lanka",GAMPAHA,0.8515,value,2,10,0.8515
COP2526-037,,APPLIED SCIENCES (BIO.SC),"University of Vavuniya, Sri Lanka",KALUTARA,1.0658,value,2,10,1.0658
COP2526-037,,APPLIED SCIENCES (BIO.SC),"University of Vavuniya, Sri Lanka",MATALE,1.1657,value,2,10,1.1657
COP2526-037,,APPLIED SCIENCES (BIO.SC),"University of Vavuniya, Sri Lanka",KANDY,1.1564,value,2,10,1.1564
COP2526-037,,APPLIED SCIENCES (BIO.SC),"University of Vavuniya, Sri Lanka",NUWARA ELIYA,0.6291,value,2,10,0.6291
COP2526-037,,APPLIED SCIENCES (BIO.SC),"University of Vavuniya, Sri Lanka",GALLE,,NQC,2,10,NQC
COP2526-037,,APPLIED SCIENCES (BIO.SC),"University of Vavuniya, Sri Lanka",MATARA,1.3129,value,2,10,1.3129
COP2526-037,,APPLIED SCIENCES (BIO.SC),"University of Vavuniya, Sri Lanka",HAMBANTOTA,1.0866,value,2,10,1.0866
COP2526-037,,APPLIED SCIENCES (BIO.SC),"University of Vavuniya, Sri Lanka",JAFFNA,1.0595,value,2,10,1.0595
COP2526-037,,APPLIED SCIENCES (BIO.SC),"University of Vavuniya, Sri Lanka",KILINOCHCHI,0.7548,value,2,10,0.7548
COP2526-037,,APPLIED SCIENCES (BIO.SC),"University of Vavuniya, Sri Lanka",MANNAR,0.6287,value,2,10,0.6287
COP2526-037,,APPLIED SCIENCES (BIO.SC),"University of Vavuniya, Sri Lanka",MULLAITIVU,0.8007,value,2,10,0.8007
COP2526-037,,APPLIED SCIENCES (BIO.SC),"University of Vavuniya, Sri Lanka",VAVUNIYA,0.9428,value,2,10,0.9428
COP2526-037,,APPLIED SCIENCES (BIO.SC),"University of Vavuniya, Sri Lanka",TRINCOMALEE,0.9670,value,2,10,0.9670
COP2526-037,,APPLIED SCIENCES (BIO.SC),"University of Vavuniya, Sri Lanka",BATTICALOA,1.0688,value,2,10,1.0688
COP2526-037,,APPLIED SCIENCES (BIO.SC),"University of Vavuniya, Sri Lanka",AMPARA,0.9955,value,2,10,0.9955
COP2526-037,,APPLIED SCIENCES (BIO.SC),"University of Vavuniya, Sri Lanka",PUTTALAM,0.8037,value,2,10,0.8037
COP2526-037,,APPLIED SCIENCES (BIO.SC),"University of Vavuniya, Sri Lanka",KURUNEGALA,,NQC,2,10,NQC
COP2526-037,,APPLIED SCIENCES (BIO.SC),"University of Vavuniya, Sri Lanka",ANURADHAPURA,0.7349,value,2,10,0.7349
COP2526-037,,APPLIED SCIENCES (BIO.SC),"University of Vavuniya, Sri Lanka",POLONNARUWA,0.7461,value,2,10,0.7461
COP2526-037,,APPLIED SCIENCES (BIO.SC),"University of Vavuniya, Sri Lanka",BADULLA,0.9145,value,2,10,0.9145
COP2526-037,,APPLIED SCIENCES (BIO.SC),"University of Vavuniya, Sri Lanka",MONARAGALA,1.0260,value,2,10,1.0260
COP2526-037,,APPLIED SCIENCES (BIO.SC),"University of Vavuniya, Sri Lanka",KEGALLE,1.0936,value,2,10,1.0936
COP2526-037,,APPLIED SCIENCES (BIO.SC),"University of Vavuniya, Sri Lanka",RATNAPURA,0.9278,value,2,10,0.9278
COP2526-038,,ENGINEERING,University of Peradeniya,COLOMBO,1.8674,value,2,11,1.8674
COP2526-038,,ENGINEERING,University of Peradeniya,GAMPAHA,1.8723,value,2,11,1.8723
COP2526-038,,ENGINEERING,University of Peradeniya,KALUTARA,1.8698,value,2,11,1.8698
COP2526-038,,ENGINEERING,University of Peradeniya,MATALE,1.8779,value,2,11,1.8779
COP2526-038,,ENGINEERING,University of Peradeniya,KANDY,1.8738,value,2,11,1.8738
COP2526-038,,ENGINEERING,University of Peradeniya,NUWARA ELIYA,1.8820,value,2,11,1.8820
COP2526-038,,ENGINEERING,University of Peradeniya,GALLE,1.8740,value,2,11,1.8740
COP2526-038,,ENGINEERING,University of Peradeniya,MATARA,1.8716,value,2,11,1.8716
COP2526-038,,ENGINEERING,University of Peradeniya,HAMBANTOTA,1.8747,value,2,11,1.8747
COP2526-038,,ENGINEERING,University of Peradeniya,JAFFNA,1.8689,value,2,11,1.8689
COP2526-038,,ENGINEERING,University of Peradeniya,KILINOCHCHI,,NQC,2,11,NQC
COP2526-038,,ENGINEERING,University of Peradeniya,MANNAR,,NQC,2,11,NQC
COP2526-038,,ENGINEERING,University of Peradeniya,MULLAITIVU,,NQC,2,11,NQC
COP2526-038,,ENGINEERING,University of Peradeniya,VAVUNIYA,,NQC,2,11,NQC
COP2526-038,,ENGINEERING,University of Peradeniya,TRINCOMALEE,1.9276,value,2,11,1.9276
COP2526-038,,ENGINEERING,University of Peradeniya,BATTICALOA,1.8745,value,2,11,1.8745
COP2526-038,,ENGINEERING,University of Peradeniya,AMPARA,1.8723,value,2,11,1.8723
COP2526-038,,ENGINEERING,University of Peradeniya,PUTTALAM,1.8901,value,2,11,1.8901
COP2526-038,,ENGINEERING,University of Peradeniya,KURUNEGALA,1.8721,value,2,11,1.8721
COP2526-038,,ENGINEERING,University of Peradeniya,ANURADHAPURA,1.8675,value,2,11,1.8675
COP2526-038,,ENGINEERING,University of Peradeniya,POLONNARUWA,1.9992,value,2,11,1.9992
COP2526-038,,ENGINEERING,University of Peradeniya,BADULLA,1.8966,value,2,11,1.8966
COP2526-038,,ENGINEERING,University of Peradeniya,MONARAGALA,1.9032,value,2,11,1.9032
COP2526-038,,ENGINEERING,University of Peradeniya,KEGALLE,1.8713,value,2,11,1.8713
COP2526-038,,ENGINEERING,University of Peradeniya,RATNAPURA,1.8723,value,2,11,1.8723
COP2526-039,,ENGINEERING,University of Sri Jayewardenepura,COLOMBO,1.8079,value,2,12,1.8079
COP2526-039,,ENGINEERING,University of Sri Jayewardenepura,GAMPAHA,1.8080,value,2,12,1.8080
COP2526-039,,ENGINEERING,University of Sri Jayewardenepura,KALUTARA,1.8204,value,2,12,1.8204
COP2526-039,,ENGINEERING,University of Sri Jayewardenepura,MATALE,,NQC,2,12,NQC
COP2526-039,,ENGINEERING,University of Sri Jayewardenepura,KANDY,1.8106,value,2,12,1.8106
COP2526-039,,ENGINEERING,University of Sri Jayewardenepura,NUWARA ELIYA,1.8650,value,2,12,1.8650
COP2526-039,,ENGINEERING,University of Sri Jayewardenepura,GALLE,1.8075,value,2,12,1.8075
COP2526-039,,ENGINEERING,University of Sri Jayewardenepura,MATARA,1.8106,value,2,12,1.8106
COP2526-039,,ENGINEERING,University of Sri Jayewardenepura,HAMBANTOTA,1.8087,value,2,12,1.8087
COP2526-039,,ENGINEERING,University of Sri Jayewardenepura,JAFFNA,1.8073,value,2,12,1.8073
COP2526-039,,ENGINEERING,University of Sri Jayewardenepura,KILINOCHCHI,1.8617,value,2,12,1.8617
COP2526-039,,ENGINEERING,University of Sri Jayewardenepura,MANNAR,,NQC,2,12,NQC
COP2526-039,,ENGINEERING,University of Sri Jayewardenepura,MULLAITIVU,,NQC,2,12,NQC
COP2526-039,,ENGINEERING,University of Sri Jayewardenepura,VAVUNIYA,1.8422,value,2,12,1.8422
COP2526-039,,ENGINEERING,University of Sri Jayewardenepura,TRINCOMALEE,1.8121,value,2,12,1.8121
COP2526-039,,ENGINEERING,University of Sri Jayewardenepura,BATTICALOA,1.8481,value,2,12,1.8481
COP2526-039,,ENGINEERING,University of Sri Jayewardenepura,AMPARA,,NQC,2,12,NQC
COP2526-039,,ENGINEERING,University of Sri Jayewardenepura,PUTTALAM,,NQC,2,12,NQC
COP2526-039,,ENGINEERING,University of Sri Jayewardenepura,KURUNEGALA,1.8080,value,2,12,1.8080
COP2526-039,,ENGINEERING,University of Sri Jayewardenepura,ANURADHAPURA,1.8097,value,2,12,1.8097
COP2526-039,,ENGINEERING,University of Sri Jayewardenepura,POLONNARUWA,,NQC,2,12,NQC
COP2526-039,,ENGINEERING,University of Sri Jayewardenepura,BADULLA,1.8259,value,2,12,1.8259
COP2526-039,,ENGINEERING,University of Sri Jayewardenepura,MONARAGALA,1.8642,value,2,12,1.8642
COP2526-039,,ENGINEERING,University of Sri Jayewardenepura,KEGALLE,1.8073,value,2,12,1.8073
COP2526-039,,ENGINEERING,University of Sri Jayewardenepura,RATNAPURA,1.8269,value,2,12,1.8269
COP2526-040,,ENGINEERING,University of Jaffna,COLOMBO,,NQC,2,13,NQC
COP2526-040,,ENGINEERING,University of Jaffna,GAMPAHA,1.4556,value,2,13,1.4556
COP2526-040,,ENGINEERING,University of Jaffna,KALUTARA,1.6049,value,2,13,1.6049
COP2526-040,,ENGINEERING,University of Jaffna,MATALE,1.3743,value,2,13,1.3743
COP2526-040,,ENGINEERING,University of Jaffna,KANDY,,NQC,2,13,NQC
COP2526-040,,ENGINEERING,University of Jaffna,NUWARA ELIYA,1.4216,value,2,13,1.4216
COP2526-040,,ENGINEERING,University of Jaffna,GALLE,,NQC,2,13,NQC
COP2526-040,,ENGINEERING,University of Jaffna,MATARA,,NQC,2,13,NQC
COP2526-040,,ENGINEERING,University of Jaffna,HAMBANTOTA,,NQC,2,13,NQC
COP2526-040,,ENGINEERING,University of Jaffna,JAFFNA,,NQC,2,13,NQC
COP2526-040,,ENGINEERING,University of Jaffna,KILINOCHCHI,1.5065,value,2,13,1.5065
COP2526-040,,ENGINEERING,University of Jaffna,MANNAR,1.4206,value,2,13,1.4206
COP2526-040,,ENGINEERING,University of Jaffna,MULLAITIVU,1.4398,value,2,13,1.4398
COP2526-040,,ENGINEERING,University of Jaffna,VAVUNIYA,1.3873,value,2,13,1.3873
COP2526-040,,ENGINEERING,University of Jaffna,TRINCOMALEE,1.4350,value,2,13,1.4350
COP2526-040,,ENGINEERING,University of Jaffna,BATTICALOA,1.5048,value,2,13,1.5048
COP2526-040,,ENGINEERING,University of Jaffna,AMPARA,1.4656,value,2,13,1.4656
COP2526-040,,ENGINEERING,University of Jaffna,PUTTALAM,1.3764,value,2,13,1.3764
COP2526-040,,ENGINEERING,University of Jaffna,KURUNEGALA,,NQC,2,13,NQC
COP2526-040,,ENGINEERING,University of Jaffna,ANURADHAPURA,1.3779,value,2,13,1.3779
COP2526-040,,ENGINEERING,University of Jaffna,POLONNARUWA,1.3774,value,2,13,1.3774
COP2526-040,,ENGINEERING,University of Jaffna,BADULLA,1.4837,value,2,13,1.4837
COP2526-040,,ENGINEERING,University of Jaffna,MONARAGALA,1.4211,value,2,13,1.4211
COP2526-040,,ENGINEERING,University of Jaffna,KEGALLE,,NQC,2,13,NQC
COP2526-040,,ENGINEERING,University of Jaffna,RATNAPURA,1.4391,value,2,13,1.4391
COP2526-041,,ENGINEERING,University of Ruhuna,COLOMBO,1.7895,value,2,14,1.7895
COP2526-041,,ENGINEERING,University of Ruhuna,GAMPAHA,1.6055,value,2,14,1.6055
COP2526-041,,ENGINEERING,University of Ruhuna,KALUTARA,1.6066,value,2,14,1.6066
COP2526-041,,ENGINEERING,University of Ruhuna,MATALE,1.6893,value,2,14,1.6893
COP2526-041,,ENGINEERING,University of Ruhuna,KANDY,1.6624,value,2,14,1.6624
COP2526-041,,ENGINEERING,University of Ruhuna,NUWARA ELIYA,1.6058,value,2,14,1.6058
COP2526-041,,ENGINEERING,University of Ruhuna,GALLE,1.7514,value,2,14,1.7514
COP2526-041,,ENGINEERING,University of Ruhuna,MATARA,1.8169,value,2,14,1.8169
COP2526-041,,ENGINEERING,University of Ruhuna,HAMBANTOTA,1.6952,value,2,14,1.6952
COP2526-041,,ENGINEERING,University of Ruhuna,JAFFNA,1.7017,value,2,14,1.7017
COP2526-041,,ENGINEERING,University of Ruhuna,KILINOCHCHI,1.6422,value,2,14,1.6422
COP2526-041,,ENGINEERING,University of Ruhuna,MANNAR,1.7826,value,2,14,1.7826
COP2526-041,,ENGINEERING,University of Ruhuna,MULLAITIVU,1.6187,value,2,14,1.6187
COP2526-041,,ENGINEERING,University of Ruhuna,VAVUNIYA,1.6689,value,2,14,1.6689
COP2526-041,,ENGINEERING,University of Ruhuna,TRINCOMALEE,1.6203,value,2,14,1.6203
COP2526-041,,ENGINEERING,University of Ruhuna,BATTICALOA,1.6065,value,2,14,1.6065
COP2526-041,,ENGINEERING,University of Ruhuna,AMPARA,1.6073,value,2,14,1.6073
COP2526-041,,ENGINEERING,University of Ruhuna,PUTTALAM,1.6203,value,2,14,1.6203
COP2526-041,,ENGINEERING,University of Ruhuna,KURUNEGALA,1.6926,value,2,14,1.6926
COP2526-041,,ENGINEERING,University of Ruhuna,ANURADHAPURA,1.6131,value,2,14,1.6131
COP2526-041,,ENGINEERING,University of Ruhuna,POLONNARUWA,1.6070,value,2,14,1.6070
COP2526-041,,ENGINEERING,University of Ruhuna,BADULLA,1.6095,value,2,14,1.6095
COP2526-041,,ENGINEERING,University of Ruhuna,MONARAGALA,1.6095,value,2,14,1.6095
COP2526-041,,ENGINEERING,University of Ruhuna,KEGALLE,1.6228,value,2,14,1.6228
COP2526-041,,ENGINEERING,University of Ruhuna,RATNAPURA,1.6090,value,2,14,1.6090
COP2526-042,,ENGINEERING,University of Moratuwa,COLOMBO,2.0363,value,2,15,2.0363
COP2526-042,,ENGINEERING,University of Moratuwa,GAMPAHA,2.0379,value,2,15,2.0379
COP2526-042,,ENGINEERING,University of Moratuwa,KALUTARA,2.0325,value,2,15,2.0325
COP2526-042,,ENGINEERING,University of Moratuwa,MATALE,2.0364,value,2,15,2.0364
COP2526-042,,ENGINEERING,University of Moratuwa,KANDY,2.0414,value,2,15,2.0414
COP2526-042,,ENGINEERING,University of Moratuwa,NUWARA ELIYA,2.0534,value,2,15,2.0534
COP2526-042,,ENGINEERING,University of Moratuwa,GALLE,2.0403,value,2,15,2.0403
COP2526-042,,ENGINEERING,University of Moratuwa,MATARA,2.0315,value,2,15,2.0315
COP2526-042,,ENGINEERING,University of Moratuwa,HAMBANTOTA,2.0291,value,2,15,2.0291
COP2526-042,,ENGINEERING,University of Moratuwa,JAFFNA,2.0432,value,2,15,2.0432
COP2526-042,,ENGINEERING,University of Moratuwa,KILINOCHCHI,2.1689,value,2,15,2.1689
COP2526-042,,ENGINEERING,University of Moratuwa,MANNAR,,NQC,2,15,NQC
COP2526-042,,ENGINEERING,University of Moratuwa,MULLAITIVU,,NQC,2,15,NQC
COP2526-042,,ENGINEERING,University of Moratuwa,VAVUNIYA,2.0624,value,2,15,2.0624
COP2526-042,,ENGINEERING,University of Moratuwa,TRINCOMALEE,2.0682,value,2,15,2.0682
COP2526-042,,ENGINEERING,University of Moratuwa,BATTICALOA,2.0769,value,2,15,2.0769
COP2526-042,,ENGINEERING,University of Moratuwa,AMPARA,2.0323,value,2,15,2.0323
COP2526-042,,ENGINEERING,University of Moratuwa,PUTTALAM,2.0371,value,2,15,2.0371
COP2526-042,,ENGINEERING,University of Moratuwa,KURUNEGALA,2.0573,value,2,15,2.0573
COP2526-042,,ENGINEERING,University of Moratuwa,ANURADHAPURA,2.0381,value,2,15,2.0381
COP2526-042,,ENGINEERING,University of Moratuwa,POLONNARUWA,2.1203,value,2,15,2.1203
COP2526-042,,ENGINEERING,University of Moratuwa,BADULLA,2.0291,value,2,15,2.0291
COP2526-042,,ENGINEERING,University of Moratuwa,MONARAGALA,2.0381,value,2,15,2.0381
COP2526-042,,ENGINEERING,University of Moratuwa,KEGALLE,2.0461,value,2,15,2.0461
COP2526-042,,ENGINEERING,University of Moratuwa,RATNAPURA,2.0333,value,2,15,2.0333
COP2526-043,,ENGINEERING,South Eastern University of Sri Lanka,COLOMBO,,NQC,2,16,NQC
COP2526-043,,ENGINEERING,South Eastern University of Sri Lanka,GAMPAHA,1.5207,value,2,16,1.5207
COP2526-043,,ENGINEERING,South Eastern University of Sri Lanka,KALUTARA,,NQC,2,16,NQC
COP2526-043,,ENGINEERING,South Eastern University of Sri Lanka,MATALE,1.2556,value,2,16,1.2556
COP2526-043,,ENGINEERING,South Eastern University of Sri Lanka,KANDY,,NQC,2,16,NQC
COP2526-043,,ENGINEERING,South Eastern University of Sri Lanka,NUWARA ELIYA,1.0464,value,2,16,1.0464
COP2526-043,,ENGINEERING,South Eastern University of Sri Lanka,GALLE,,NQC,2,16,NQC
COP2526-043,,ENGINEERING,South Eastern University of Sri Lanka,MATARA,,NQC,2,16,NQC
COP2526-043,,ENGINEERING,South Eastern University of Sri Lanka,HAMBANTOTA,,NQC,2,16,NQC
COP2526-043,,ENGINEERING,South Eastern University of Sri Lanka,JAFFNA,,NQC,2,16,NQC
COP2526-043,,ENGINEERING,South Eastern University of Sri Lanka,KILINOCHCHI,1.5757,value,2,16,1.5757
COP2526-043,,ENGINEERING,South Eastern University of Sri Lanka,MANNAR,1.1270,value,2,16,1.1270
COP2526-043,,ENGINEERING,South Eastern University of Sri Lanka,MULLAITIVU,1.1816,value,2,16,1.1816
COP2526-043,,ENGINEERING,South Eastern University of Sri Lanka,VAVUNIYA,1.1070,value,2,16,1.1070
COP2526-043,,ENGINEERING,South Eastern University of Sri Lanka,TRINCOMALEE,1.0908,value,2,16,1.0908
COP2526-043,,ENGINEERING,South Eastern University of Sri Lanka,BATTICALOA,1.5645,value,2,16,1.5645
COP2526-043,,ENGINEERING,South Eastern University of Sri Lanka,AMPARA,1.4561,value,2,16,1.4561
COP2526-043,,ENGINEERING,South Eastern University of Sri Lanka,PUTTALAM,1.4199,value,2,16,1.4199
COP2526-043,,ENGINEERING,South Eastern University of Sri Lanka,KURUNEGALA,,NQC,2,16,NQC
COP2526-043,,ENGINEERING,South Eastern University of Sri Lanka,ANURADHAPURA,1.3158,value,2,16,1.3158
COP2526-043,,ENGINEERING,South Eastern University of Sri Lanka,POLONNARUWA,1.1104,value,2,16,1.1104
COP2526-043,,ENGINEERING,South Eastern University of Sri Lanka,BADULLA,1.4786,value,2,16,1.4786
COP2526-043,,ENGINEERING,South Eastern University of Sri Lanka,MONARAGALA,,NQC,2,16,NQC
COP2526-043,,ENGINEERING,South Eastern University of Sri Lanka,KEGALLE,,NQC,2,16,NQC
COP2526-043,,ENGINEERING,South Eastern University of Sri Lanka,RATNAPURA,1.4522,value,2,16,1.4522
COP2526-044,,ENGINEERING (EM),University of Moratuwa,COLOMBO,1.6602,value,2,17,1.6602
COP2526-044,,ENGINEERING (EM),University of Moratuwa,GAMPAHA,1.5376,value,2,17,1.5376
COP2526-044,,ENGINEERING (EM),University of Moratuwa,KALUTARA,1.5772,value,2,17,1.5772
COP2526-044,,ENGINEERING (EM),University of Moratuwa,MATALE,1.5044,value,2,17,1.5044
COP2526-044,,ENGINEERING (EM),University of Moratuwa,KANDY,1.6049,value,2,17,1.6049
COP2526-044,,ENGINEERING (EM),University of Moratuwa,NUWARA ELIYA,1.3719,value,2,17,1.3719
COP2526-044,,ENGINEERING (EM),University of Moratuwa,GALLE,1.6529,value,2,17,1.6529
COP2526-044,,ENGINEERING (EM),University of Moratuwa,MATARA,1.6456,value,2,17,1.6456
COP2526-044,,ENGINEERING (EM),University of Moratuwa,HAMBANTOTA,1.6471,value,2,17,1.6471
COP2526-044,,ENGINEERING (EM),University of Moratuwa,JAFFNA,1.4352,value,2,17,1.4352
COP2526-044,,ENGINEERING (EM),University of Moratuwa,KILINOCHCHI,1.3691,value,2,17,1.3691
COP2526-044,,ENGINEERING (EM),University of Moratuwa,MANNAR,0.7500,value,2,17,0.7500
COP2526-044,,ENGINEERING (EM),University of Moratuwa,MULLAITIVU,1.0548,value,2,17,1.0548
COP2526-044,,ENGINEERING (EM),University of Moratuwa,VAVUNIYA,1.0850,value,2,17,1.0850
COP2526-044,,ENGINEERING (EM),University of Moratuwa,TRINCOMALEE,1.4284,value,2,17,1.4284
COP2526-044,,ENGINEERING (EM),University of Moratuwa,BATTICALOA,1.4658,value,2,17,1.4658
COP2526-044,,ENGINEERING (EM),University of Moratuwa,AMPARA,1.4303,value,2,17,1.4303
COP2526-044,,ENGINEERING (EM),University of Moratuwa,PUTTALAM,1.4449,value,2,17,1.4449
COP2526-044,,ENGINEERING (EM),University of Moratuwa,KURUNEGALA,1.6448,value,2,17,1.6448
COP2526-044,,ENGINEERING (EM),University of Moratuwa,ANURADHAPURA,1.4417,value,2,17,1.4417
COP2526-044,,ENGINEERING (EM),University of Moratuwa,POLONNARUWA,1.5068,value,2,17,1.5068
COP2526-044,,ENGINEERING (EM),University of Moratuwa,BADULLA,1.5813,value,2,17,1.5813
COP2526-044,,ENGINEERING (EM),University of Moratuwa,MONARAGALA,1.5912,value,2,17,1.5912
COP2526-044,,ENGINEERING (EM),University of Moratuwa,KEGALLE,1.6129,value,2,17,1.6129
COP2526-044,,ENGINEERING (EM),University of Moratuwa,RATNAPURA,1.5674,value,2,17,1.5674
COP2526-045,,ENGINEERING (TM),University of Moratuwa,COLOMBO,1.6643,value,2,18,1.6643
COP2526-045,,ENGINEERING (TM),University of Moratuwa,GAMPAHA,1.5628,value,2,18,1.5628
COP2526-045,,ENGINEERING (TM),University of Moratuwa,KALUTARA,1.5798,value,2,18,1.5798
COP2526-045,,ENGINEERING (TM),University of Moratuwa,MATALE,1.4418,value,2,18,1.4418
COP2526-045,,ENGINEERING (TM),University of Moratuwa,KANDY,1.6017,value,2,18,1.6017
COP2526-045,,ENGINEERING (TM),University of Moratuwa,NUWARA ELIYA,1.4901,value,2,18,1.4901
COP2526-045,,ENGINEERING (TM),University of Moratuwa,GALLE,1.6609,value,2,18,1.6609
COP2526-045,,ENGINEERING (TM),University of Moratuwa,MATARA,1.6534,value,2,18,1.6534
COP2526-045,,ENGINEERING (TM),University of Moratuwa,HAMBANTOTA,1.6497,value,2,18,1.6497
COP2526-045,,ENGINEERING (TM),University of Moratuwa,JAFFNA,1.4238,value,2,18,1.4238
COP2526-045,,ENGINEERING (TM),University of Moratuwa,KILINOCHCHI,1.0311,value,2,18,1.0311
COP2526-045,,ENGINEERING (TM),University of Moratuwa,MANNAR,0.6966,value,2,18,0.6966
COP2526-045,,ENGINEERING (TM),University of Moratuwa,MULLAITIVU,0.9939,value,2,18,0.9939
COP2526-045,,ENGINEERING (TM),University of Moratuwa,VAVUNIYA,1.0321,value,2,18,1.0321
COP2526-045,,ENGINEERING (TM),University of Moratuwa,TRINCOMALEE,1.4283,value,2,18,1.4283
COP2526-045,,ENGINEERING (TM),University of Moratuwa,BATTICALOA,1.4701,value,2,18,1.4701
COP2526-045,,ENGINEERING (TM),University of Moratuwa,AMPARA,1.4042,value,2,18,1.4042
COP2526-045,,ENGINEERING (TM),University of Moratuwa,PUTTALAM,1.5007,value,2,18,1.5007
COP2526-045,,ENGINEERING (TM),University of Moratuwa,KURUNEGALA,1.6473,value,2,18,1.6473
COP2526-045,,ENGINEERING (TM),University of Moratuwa,ANURADHAPURA,1.3985,value,2,18,1.3985
COP2526-045,,ENGINEERING (TM),University of Moratuwa,POLONNARUWA,1.3675,value,2,18,1.3675
COP2526-045,,ENGINEERING (TM),University of Moratuwa,BADULLA,1.5364,value,2,18,1.5364
COP2526-045,,ENGINEERING (TM),University of Moratuwa,MONARAGALA,1.5189,value,2,18,1.5189
COP2526-045,,ENGINEERING (TM),University of Moratuwa,KEGALLE,1.5944,value,2,18,1.5944
COP2526-045,,ENGINEERING (TM),University of Moratuwa,RATNAPURA,1.5781,value,2,18,1.5781
COP2526-046,,QUANTITY SURVEYING,University of Moratuwa,COLOMBO,1.5466,value,2,19,1.5466
COP2526-046,,QUANTITY SURVEYING,University of Moratuwa,GAMPAHA,1.4651,value,2,19,1.4651
COP2526-046,,QUANTITY SURVEYING,University of Moratuwa,KALUTARA,1.5400,value,2,19,1.5400
COP2526-046,,QUANTITY SURVEYING,University of Moratuwa,MATALE,1.4198,value,2,19,1.4198
COP2526-046,,QUANTITY SURVEYING,University of Moratuwa,KANDY,1.5033,value,2,19,1.5033
COP2526-046,,QUANTITY SURVEYING,University of Moratuwa,NUWARA ELIYA,1.1646,value,2,19,1.1646
COP2526-046,,QUANTITY SURVEYING,University of Moratuwa,GALLE,1.5675,value,2,19,1.5675
COP2526-046,,QUANTITY SURVEYING,University of Moratuwa,MATARA,1.5653,value,2,19,1.5653
COP2526-046,,QUANTITY SURVEYING,University of Moratuwa,HAMBANTOTA,1.5189,value,2,19,1.5189
COP2526-046,,QUANTITY SURVEYING,University of Moratuwa,JAFFNA,1.4650,value,2,19,1.4650
COP2526-046,,QUANTITY SURVEYING,University of Moratuwa,KILINOCHCHI,1.4124,value,2,19,1.4124
COP2526-046,,QUANTITY SURVEYING,University of Moratuwa,MANNAR,1.0061,value,2,19,1.0061
COP2526-046,,QUANTITY SURVEYING,University of Moratuwa,MULLAITIVU,1.0241,value,2,19,1.0241
COP2526-046,,QUANTITY SURVEYING,University of Moratuwa,VAVUNIYA,1.2352,value,2,19,1.2352
COP2526-046,,QUANTITY SURVEYING,University of Moratuwa,TRINCOMALEE,1.3442,value,2,19,1.3442
COP2526-046,,QUANTITY SURVEYING,University of Moratuwa,BATTICALOA,1.4198,value,2,19,1.4198
COP2526-046,,QUANTITY SURVEYING,University of Moratuwa,AMPARA,1.4173,value,2,19,1.4173
COP2526-046,,QUANTITY SURVEYING,University of Moratuwa,PUTTALAM,1.3668,value,2,19,1.3668
COP2526-046,,QUANTITY SURVEYING,University of Moratuwa,KURUNEGALA,1.5439,value,2,19,1.5439
COP2526-046,,QUANTITY SURVEYING,University of Moratuwa,ANURADHAPURA,1.3595,value,2,19,1.3595
COP2526-046,,QUANTITY SURVEYING,University of Moratuwa,POLONNARUWA,1.2051,value,2,19,1.2051
COP2526-046,,QUANTITY SURVEYING,University of Moratuwa,BADULLA,1.4310,value,2,19,1.4310
COP2526-046,,QUANTITY SURVEYING,University of Moratuwa,MONARAGALA,1.4164,value,2,19,1.4164
COP2526-046,,QUANTITY SURVEYING,University of Moratuwa,KEGALLE,1.5146,value,2,19,1.5146
COP2526-046,,QUANTITY SURVEYING,University of Moratuwa,RATNAPURA,1.4899,value,2,19,1.4899
COP2526-047,,COMPUTER SCIENCE,University of Colombo School of Computing,COLOMBO,1.6565,value,2,20,1.6565
COP2526-047,,COMPUTER SCIENCE,University of Colombo School of Computing,GAMPAHA,1.6588,value,2,20,1.6588
COP2526-047,,COMPUTER SCIENCE,University of Colombo School of Computing,KALUTARA,1.6668,value,2,20,1.6668
COP2526-047,,COMPUTER SCIENCE,University of Colombo School of Computing,MATALE,1.7198,value,2,20,1.7198
COP2526-047,,COMPUTER SCIENCE,University of Colombo School of Computing,KANDY,1.6684,value,2,20,1.6684
COP2526-047,,COMPUTER SCIENCE,University of Colombo School of Computing,NUWARA ELIYA,1.8029,value,2,20,1.8029
COP2526-047,,COMPUTER SCIENCE,University of Colombo School of Computing,GALLE,1.6577,value,2,20,1.6577
COP2526-047,,COMPUTER SCIENCE,University of Colombo School of Computing,MATARA,1.6585,value,2,20,1.6585
COP2526-047,,COMPUTER SCIENCE,University of Colombo School of Computing,HAMBANTOTA,1.6592,value,2,20,1.6592
COP2526-047,,COMPUTER SCIENCE,University of Colombo School of Computing,JAFFNA,1.6568,value,2,20,1.6568
COP2526-047,,COMPUTER SCIENCE,University of Colombo School of Computing,KILINOCHCHI,,NQC,2,20,NQC
COP2526-047,,COMPUTER SCIENCE,University of Colombo School of Computing,MANNAR,,NQC,2,20,NQC
COP2526-047,,COMPUTER SCIENCE,University of Colombo School of Computing,MULLAITIVU,,NQC,2,20,NQC
COP2526-047,,COMPUTER SCIENCE,University of Colombo School of Computing,VAVUNIYA,,NQC,2,20,NQC
COP2526-047,,COMPUTER SCIENCE,University of Colombo School of Computing,TRINCOMALEE,,NQC,2,20,NQC
COP2526-047,,COMPUTER SCIENCE,University of Colombo School of Computing,BATTICALOA,,NQC,2,20,NQC
COP2526-047,,COMPUTER SCIENCE,University of Colombo School of Computing,AMPARA,,NQC,2,20,NQC
COP2526-047,,COMPUTER SCIENCE,University of Colombo School of Computing,PUTTALAM,1.7082,value,2,20,1.7082
COP2526-047,,COMPUTER SCIENCE,University of Colombo School of Computing,KURUNEGALA,1.6652,value,2,20,1.6652
COP2526-047,,COMPUTER SCIENCE,University of Colombo School of Computing,ANURADHAPURA,,NQC,2,20,NQC
COP2526-047,,COMPUTER SCIENCE,University of Colombo School of Computing,POLONNARUWA,1.7841,value,2,20,1.7841
COP2526-047,,COMPUTER SCIENCE,University of Colombo School of Computing,BADULLA,2.0124,value,2,20,2.0124
COP2526-047,,COMPUTER SCIENCE,University of Colombo School of Computing,MONARAGALA,,NQC,2,20,NQC
COP2526-047,,COMPUTER SCIENCE,University of Colombo School of Computing,KEGALLE,1.6935,value,2,20,1.6935
COP2526-047,,COMPUTER SCIENCE,University of Colombo School of Computing,RATNAPURA,1.6749,value,2,20,1.6749
COP2526-048,,COMPUTER SCIENCE,University of Sri Jayewardenepura,COLOMBO,1.5765,value,2,21,1.5765
COP2526-048,,COMPUTER SCIENCE,University of Sri Jayewardenepura,GAMPAHA,1.5869,value,2,21,1.5869
COP2526-048,,COMPUTER SCIENCE,University of Sri Jayewardenepura,KALUTARA,,NQC,2,21,NQC
COP2526-048,,COMPUTER SCIENCE,University of Sri Jayewardenepura,MATALE,,NQC,2,21,NQC
COP2526-048,,COMPUTER SCIENCE,University of Sri Jayewardenepura,KANDY,1.5917,value,2,21,1.5917
COP2526-048,,COMPUTER SCIENCE,University of Sri Jayewardenepura,NUWARA ELIYA,,NQC,2,21,NQC
COP2526-048,,COMPUTER SCIENCE,University of Sri Jayewardenepura,GALLE,1.5802,value,2,21,1.5802
COP2526-048,,COMPUTER SCIENCE,University of Sri Jayewardenepura,MATARA,1.5765,value,2,21,1.5765
COP2526-048,,COMPUTER SCIENCE,University of Sri Jayewardenepura,HAMBANTOTA,1.5798,value,2,21,1.5798
COP2526-048,,COMPUTER SCIENCE,University of Sri Jayewardenepura,JAFFNA,1.5884,value,2,21,1.5884
COP2526-048,,COMPUTER SCIENCE,University of Sri Jayewardenepura,KILINOCHCHI,,NQC,2,21,NQC
COP2526-048,,COMPUTER SCIENCE,University of Sri Jayewardenepura,MANNAR,,NQC,2,21,NQC
COP2526-048,,COMPUTER SCIENCE,University of Sri Jayewardenepura,MULLAITIVU,,NQC,2,21,NQC
COP2526-048,,COMPUTER SCIENCE,University of Sri Jayewardenepura,VAVUNIYA,,NQC,2,21,NQC
COP2526-048,,COMPUTER SCIENCE,University of Sri Jayewardenepura,TRINCOMALEE,,NQC,2,21,NQC
COP2526-048,,COMPUTER SCIENCE,University of Sri Jayewardenepura,BATTICALOA,,NQC,2,21,NQC
COP2526-048,,COMPUTER SCIENCE,University of Sri Jayewardenepura,AMPARA,,NQC,2,21,NQC
COP2526-048,,COMPUTER SCIENCE,University of Sri Jayewardenepura,PUTTALAM,,NQC,2,21,NQC
COP2526-048,,COMPUTER SCIENCE,University of Sri Jayewardenepura,KURUNEGALA,1.5779,value,2,21,1.5779
COP2526-048,,COMPUTER SCIENCE,University of Sri Jayewardenepura,ANURADHAPURA,,NQC,2,21,NQC
COP2526-048,,COMPUTER SCIENCE,University of Sri Jayewardenepura,POLONNARUWA,,NQC,2,21,NQC
COP2526-048,,COMPUTER SCIENCE,University of Sri Jayewardenepura,BADULLA,,NQC,2,21,NQC
COP2526-048,,COMPUTER SCIENCE,University of Sri Jayewardenepura,MONARAGALA,,NQC,2,21,NQC
COP2526-048,,COMPUTER SCIENCE,University of Sri Jayewardenepura,KEGALLE,1.6534,value,2,21,1.6534
COP2526-048,,COMPUTER SCIENCE,University of Sri Jayewardenepura,RATNAPURA,1.6211,value,2,21,1.6211
COP2526-049,,COMPUTER SCIENCE,University of Kelaniya,COLOMBO,1.5237,value,2,22,1.5237
COP2526-049,,COMPUTER SCIENCE,University of Kelaniya,GAMPAHA,1.5552,value,2,22,1.5552
COP2526-049,,COMPUTER SCIENCE,University of Kelaniya,KALUTARA,1.5265,value,2,22,1.5265
COP2526-049,,COMPUTER SCIENCE,University of Kelaniya,MATALE,,NQC,2,22,NQC
COP2526-049,,COMPUTER SCIENCE,University of Kelaniya,KANDY,1.5243,value,2,22,1.5243
COP2526-049,,COMPUTER SCIENCE,University of Kelaniya,NUWARA ELIYA,,NQC,2,22,NQC
COP2526-049,,COMPUTER SCIENCE,University of Kelaniya,GALLE,1.5260,value,2,22,1.5260
COP2526-049,,COMPUTER SCIENCE,University of Kelaniya,MATARA,1.5320,value,2,22,1.5320
COP2526-049,,COMPUTER SCIENCE,University of Kelaniya,HAMBANTOTA,1.5228,value,2,22,1.5228
COP2526-049,,COMPUTER SCIENCE,University of Kelaniya,JAFFNA,1.5325,value,2,22,1.5325
COP2526-049,,COMPUTER SCIENCE,University of Kelaniya,KILINOCHCHI,,NQC,2,22,NQC
COP2526-049,,COMPUTER SCIENCE,University of Kelaniya,MANNAR,,NQC,2,22,NQC
COP2526-049,,COMPUTER SCIENCE,University of Kelaniya,MULLAITIVU,,NQC,2,22,NQC
COP2526-049,,COMPUTER SCIENCE,University of Kelaniya,VAVUNIYA,,NQC,2,22,NQC
COP2526-049,,COMPUTER SCIENCE,University of Kelaniya,TRINCOMALEE,,NQC,2,22,NQC
COP2526-049,,COMPUTER SCIENCE,University of Kelaniya,BATTICALOA,,NQC,2,22,NQC
COP2526-049,,COMPUTER SCIENCE,University of Kelaniya,AMPARA,,NQC,2,22,NQC
COP2526-049,,COMPUTER SCIENCE,University of Kelaniya,PUTTALAM,,NQC,2,22,NQC
COP2526-049,,COMPUTER SCIENCE,University of Kelaniya,KURUNEGALA,1.5276,value,2,22,1.5276
COP2526-049,,COMPUTER SCIENCE,University of Kelaniya,ANURADHAPURA,,NQC,2,22,NQC
COP2526-049,,COMPUTER SCIENCE,University of Kelaniya,POLONNARUWA,,NQC,2,22,NQC
COP2526-049,,COMPUTER SCIENCE,University of Kelaniya,BADULLA,1.5906,value,2,22,1.5906
COP2526-049,,COMPUTER SCIENCE,University of Kelaniya,MONARAGALA,,NQC,2,22,NQC
COP2526-049,,COMPUTER SCIENCE,University of Kelaniya,KEGALLE,1.5294,value,2,22,1.5294
COP2526-049,,COMPUTER SCIENCE,University of Kelaniya,RATNAPURA,1.5494,value,2,22,1.5494
COP2526-050,,COMPUTER SCIENCE,University of Jaffna,COLOMBO,1.2058,value,2,23,1.2058
COP2526-050,,COMPUTER SCIENCE,University of Jaffna,GAMPAHA,1.1515,value,2,23,1.1515
COP2526-050,,COMPUTER SCIENCE,University of Jaffna,KALUTARA,,NQC,2,23,NQC
COP2526-050,,COMPUTER SCIENCE,University of Jaffna,MATALE,1.2034,value,2,23,1.2034
COP2526-050,,COMPUTER SCIENCE,University of Jaffna,KANDY,1.1816,value,2,23,1.1816
COP2526-050,,COMPUTER SCIENCE,University of Jaffna,NUWARA ELIYA,,NQC,2,23,NQC
COP2526-050,,COMPUTER SCIENCE,University of Jaffna,GALLE,,NQC,2,23,NQC
COP2526-050,,COMPUTER SCIENCE,University of Jaffna,MATARA,,NQC,2,23,NQC
COP2526-050,,COMPUTER SCIENCE,University of Jaffna,HAMBANTOTA,,NQC,2,23,NQC
COP2526-050,,COMPUTER SCIENCE,University of Jaffna,JAFFNA,1.5042,value,2,23,1.5042
COP2526-050,,COMPUTER SCIENCE,University of Jaffna,KILINOCHCHI,1.3049,value,2,23,1.3049
COP2526-050,,COMPUTER SCIENCE,University of Jaffna,MANNAR,,NQC,2,23,NQC
COP2526-050,,COMPUTER SCIENCE,University of Jaffna,MULLAITIVU,,NQC,2,23,NQC
COP2526-050,,COMPUTER SCIENCE,University of Jaffna,VAVUNIYA,,NQC,2,23,NQC
COP2526-050,,COMPUTER SCIENCE,University of Jaffna,TRINCOMALEE,,NQC,2,23,NQC
COP2526-050,,COMPUTER SCIENCE,University of Jaffna,BATTICALOA,1.1539,value,2,23,1.1539
COP2526-050,,COMPUTER SCIENCE,University of Jaffna,AMPARA,1.2180,value,2,23,1.2180
COP2526-050,,COMPUTER SCIENCE,University of Jaffna,PUTTALAM,1.1745,value,2,23,1.1745
COP2526-050,,COMPUTER SCIENCE,University of Jaffna,KURUNEGALA,1.2750,value,2,23,1.2750
COP2526-050,,COMPUTER SCIENCE,University of Jaffna,ANURADHAPURA,1.1614,value,2,23,1.1614
COP2526-050,,COMPUTER SCIENCE,University of Jaffna,POLONNARUWA,,NQC,2,23,NQC
COP2526-050,,COMPUTER SCIENCE,University of Jaffna,BADULLA,1.1765,value,2,23,1.1765
COP2526-050,,COMPUTER SCIENCE,University of Jaffna,MONARAGALA,1.1833,value,2,23,1.1833
COP2526-050,,COMPUTER SCIENCE,University of Jaffna,KEGALLE,1.1946,value,2,23,1.1946
COP2526-050,,COMPUTER SCIENCE,University of Jaffna,RATNAPURA,1.1716,value,2,23,1.1716
COP2526-051,,COMPUTER SCIENCE,University of Ruhuna,COLOMBO,1.3825,value,2,24,1.3825
COP2526-051,,COMPUTER SCIENCE,University of Ruhuna,GAMPAHA,1.3908,value,2,24,1.3908
COP2526-051,,COMPUTER SCIENCE,University of Ruhuna,KALUTARA,1.3842,value,2,24,1.3842
COP2526-051,,COMPUTER SCIENCE,University of Ruhuna,MATALE,,NQC,2,24,NQC
COP2526-051,,COMPUTER SCIENCE,University of Ruhuna,KANDY,1.4000,value,2,24,1.4000
COP2526-051,,COMPUTER SCIENCE,University of Ruhuna,NUWARA ELIYA,,NQC,2,24,NQC
COP2526-051,,COMPUTER SCIENCE,University of Ruhuna,GALLE,1.5398,value,2,24,1.5398
COP2526-051,,COMPUTER SCIENCE,University of Ruhuna,MATARA,1.5430,value,2,24,1.5430
COP2526-051,,COMPUTER SCIENCE,University of Ruhuna,HAMBANTOTA,1.4522,value,2,24,1.4522
COP2526-051,,COMPUTER SCIENCE,University of Ruhuna,JAFFNA,1.4879,value,2,24,1.4879
COP2526-051,,COMPUTER SCIENCE,University of Ruhuna,KILINOCHCHI,1.3896,value,2,24,1.3896
COP2526-051,,COMPUTER SCIENCE,University of Ruhuna,MANNAR,,NQC,2,24,NQC
COP2526-051,,COMPUTER SCIENCE,University of Ruhuna,MULLAITIVU,,NQC,2,24,NQC
COP2526-051,,COMPUTER SCIENCE,University of Ruhuna,VAVUNIYA,,NQC,2,24,NQC
COP2526-051,,COMPUTER SCIENCE,University of Ruhuna,TRINCOMALEE,,NQC,2,24,NQC
COP2526-051,,COMPUTER SCIENCE,University of Ruhuna,BATTICALOA,,NQC,2,24,NQC
COP2526-051,,COMPUTER SCIENCE,University of Ruhuna,AMPARA,1.3867,value,2,24,1.3867
COP2526-051,,COMPUTER SCIENCE,University of Ruhuna,PUTTALAM,,NQC,2,24,NQC
COP2526-051,,COMPUTER SCIENCE,University of Ruhuna,KURUNEGALA,1.3765,value,2,24,1.3765
COP2526-051,,COMPUTER SCIENCE,University of Ruhuna,ANURADHAPURA,,NQC,2,24,NQC
COP2526-051,,COMPUTER SCIENCE,University of Ruhuna,POLONNARUWA,,NQC,2,24,NQC
COP2526-051,,COMPUTER SCIENCE,University of Ruhuna,BADULLA,1.3774,value,2,24,1.3774
COP2526-051,,COMPUTER SCIENCE,University of Ruhuna,MONARAGALA,1.3944,value,2,24,1.3944
COP2526-051,,COMPUTER SCIENCE,University of Ruhuna,KEGALLE,1.3856,value,2,24,1.3856
COP2526-051,,COMPUTER SCIENCE,University of Ruhuna,RATNAPURA,1.3912,value,2,24,1.3912
COP2526-052,,COMPUTER SCIENCE,"Trincomalee Campus, Eastern University, Sri Lanka",COLOMBO,,NQC,2,25,NQC
COP2526-052,,COMPUTER SCIENCE,"Trincomalee Campus, Eastern University, Sri Lanka",GAMPAHA,1.0600,value,2,25,1.0600
COP2526-052,,COMPUTER SCIENCE,"Trincomalee Campus, Eastern University, Sri Lanka",KALUTARA,,NQC,2,25,NQC
COP2526-052,,COMPUTER SCIENCE,"Trincomalee Campus, Eastern University, Sri Lanka",MATALE,0.9535,value,2,25,0.9535
COP2526-052,,COMPUTER SCIENCE,"Trincomalee Campus, Eastern University, Sri Lanka",KANDY,1.0898,value,2,25,1.0898
COP2526-052,,COMPUTER SCIENCE,"Trincomalee Campus, Eastern University, Sri Lanka",NUWARA ELIYA,0.8112,value,2,25,0.8112
COP2526-052,,COMPUTER SCIENCE,"Trincomalee Campus, Eastern University, Sri Lanka",GALLE,,NQC,2,25,NQC
COP2526-052,,COMPUTER SCIENCE,"Trincomalee Campus, Eastern University, Sri Lanka",MATARA,,NQC,2,25,NQC
COP2526-052,,COMPUTER SCIENCE,"Trincomalee Campus, Eastern University, Sri Lanka",HAMBANTOTA,,NQC,2,25,NQC
COP2526-052,,COMPUTER SCIENCE,"Trincomalee Campus, Eastern University, Sri Lanka",JAFFNA,,NQC,2,25,NQC
COP2526-052,,COMPUTER SCIENCE,"Trincomalee Campus, Eastern University, Sri Lanka",KILINOCHCHI,0.9133,value,2,25,0.9133
COP2526-052,,COMPUTER SCIENCE,"Trincomalee Campus, Eastern University, Sri Lanka",MANNAR,0.6526,value,2,25,0.6526
COP2526-052,,COMPUTER SCIENCE,"Trincomalee Campus, Eastern University, Sri Lanka",MULLAITIVU,0.5437,value,2,25,0.5437
COP2526-052,,COMPUTER SCIENCE,"Trincomalee Campus, Eastern University, Sri Lanka",VAVUNIYA,0.6663,value,2,25,0.6663
COP2526-052,,COMPUTER SCIENCE,"Trincomalee Campus, Eastern University, Sri Lanka",TRINCOMALEE,0.7218,value,2,25,0.7218
COP2526-052,,COMPUTER SCIENCE,"Trincomalee Campus, Eastern University, Sri Lanka",BATTICALOA,1.0743,value,2,25,1.0743
COP2526-052,,COMPUTER SCIENCE,"Trincomalee Campus, Eastern University, Sri Lanka",AMPARA,1.1960,value,2,25,1.1960
COP2526-052,,COMPUTER SCIENCE,"Trincomalee Campus, Eastern University, Sri Lanka",PUTTALAM,0.9070,value,2,25,0.9070
COP2526-052,,COMPUTER SCIENCE,"Trincomalee Campus, Eastern University, Sri Lanka",KURUNEGALA,,NQC,2,25,NQC
COP2526-052,,COMPUTER SCIENCE,"Trincomalee Campus, Eastern University, Sri Lanka",ANURADHAPURA,0.8833,value,2,25,0.8833
COP2526-052,,COMPUTER SCIENCE,"Trincomalee Campus, Eastern University, Sri Lanka",POLONNARUWA,0.6510,value,2,25,0.6510
COP2526-052,,COMPUTER SCIENCE,"Trincomalee Campus, Eastern University, Sri Lanka",BADULLA,1.1136,value,2,25,1.1136
COP2526-052,,COMPUTER SCIENCE,"Trincomalee Campus, Eastern University, Sri Lanka",MONARAGALA,1.0334,value,2,25,1.0334
COP2526-052,,COMPUTER SCIENCE,"Trincomalee Campus, Eastern University, Sri Lanka",KEGALLE,1.2791,value,2,25,1.2791
COP2526-052,,COMPUTER SCIENCE,"Trincomalee Campus, Eastern University, Sri Lanka",RATNAPURA,1.0492,value,2,25,1.0492
COP2526-053,,PHYSICAL SCIENCE,University of Colombo,COLOMBO,1.4390,value,2,26,1.4390
COP2526-053,,PHYSICAL SCIENCE,University of Colombo,GAMPAHA,1.4402,value,2,26,1.4402
COP2526-053,,PHYSICAL SCIENCE,University of Colombo,KALUTARA,1.4351,value,2,26,1.4351
COP2526-053,,PHYSICAL SCIENCE,University of Colombo,MATALE,1.4369,value,2,26,1.4369
COP2526-053,,PHYSICAL SCIENCE,University of Colombo,KANDY,1.4374,value,2,26,1.4374
COP2526-053,,PHYSICAL SCIENCE,University of Colombo,NUWARA ELIYA,1.4497,value,2,26,1.4497
COP2526-053,,PHYSICAL SCIENCE,University of Colombo,GALLE,1.4377,value,2,26,1.4377
COP2526-053,,PHYSICAL SCIENCE,University of Colombo,MATARA,1.4393,value,2,26,1.4393
COP2526-053,,PHYSICAL SCIENCE,University of Colombo,HAMBANTOTA,1.4401,value,2,26,1.4401
COP2526-053,,PHYSICAL SCIENCE,University of Colombo,JAFFNA,1.6286,value,2,26,1.6286
COP2526-053,,PHYSICAL SCIENCE,University of Colombo,KILINOCHCHI,,NQC,2,26,NQC
COP2526-053,,PHYSICAL SCIENCE,University of Colombo,MANNAR,,NQC,2,26,NQC
COP2526-053,,PHYSICAL SCIENCE,University of Colombo,MULLAITIVU,,NQC,2,26,NQC
COP2526-053,,PHYSICAL SCIENCE,University of Colombo,VAVUNIYA,1.6434,value,2,26,1.6434
COP2526-053,,PHYSICAL SCIENCE,University of Colombo,TRINCOMALEE,,NQC,2,26,NQC
COP2526-053,,PHYSICAL SCIENCE,University of Colombo,BATTICALOA,,NQC,2,26,NQC
COP2526-053,,PHYSICAL SCIENCE,University of Colombo,AMPARA,,NQC,2,26,NQC
COP2526-053,,PHYSICAL SCIENCE,University of Colombo,PUTTALAM,1.4417,value,2,26,1.4417
COP2526-053,,PHYSICAL SCIENCE,University of Colombo,KURUNEGALA,1.4350,value,2,26,1.4350
COP2526-053,,PHYSICAL SCIENCE,University of Colombo,ANURADHAPURA,1.6879,value,2,26,1.6879
COP2526-053,,PHYSICAL SCIENCE,University of Colombo,POLONNARUWA,,NQC,2,26,NQC
COP2526-053,,PHYSICAL SCIENCE,University of Colombo,BADULLA,1.4488,value,2,26,1.4488
COP2526-053,,PHYSICAL SCIENCE,University of Colombo,MONARAGALA,,NQC,2,26,NQC
COP2526-053,,PHYSICAL SCIENCE,University of Colombo,KEGALLE,1.4383,value,2,26,1.4383
COP2526-053,,PHYSICAL SCIENCE,University of Colombo,RATNAPURA,1.4527,value,2,26,1.4527
COP2526-054,,PHYSICAL SCIENCE,University of Peradeniya,COLOMBO,1.3408,value,2,27,1.3408
COP2526-054,,PHYSICAL SCIENCE,University of Peradeniya,GAMPAHA,1.3359,value,2,27,1.3359
COP2526-054,,PHYSICAL SCIENCE,University of Peradeniya,KALUTARA,1.3350,value,2,27,1.3350
COP2526-054,,PHYSICAL SCIENCE,University of Peradeniya,MATALE,1.3856,value,2,27,1.3856
COP2526-054,,PHYSICAL SCIENCE,University of Peradeniya,KANDY,1.3391,value,2,27,1.3391
COP2526-054,,PHYSICAL SCIENCE,University of Peradeniya,NUWARA ELIYA,1.4847,value,2,27,1.4847
COP2526-054,,PHYSICAL SCIENCE,University of Peradeniya,GALLE,1.3415,value,2,27,1.3415
COP2526-054,,PHYSICAL SCIENCE,University of Peradeniya,MATARA,1.3425,value,2,27,1.3425
COP2526-054,,PHYSICAL SCIENCE,University of Peradeniya,HAMBANTOTA,1.3345,value,2,27,1.3345
COP2526-054,,PHYSICAL SCIENCE,University of Peradeniya,JAFFNA,1.3457,value,2,27,1.3457
COP2526-054,,PHYSICAL SCIENCE,University of Peradeniya,KILINOCHCHI,,NQC,2,27,NQC
COP2526-054,,PHYSICAL SCIENCE,University of Peradeniya,MANNAR,,NQC,2,27,NQC
COP2526-054,,PHYSICAL SCIENCE,University of Peradeniya,MULLAITIVU,,NQC,2,27,NQC
COP2526-054,,PHYSICAL SCIENCE,University of Peradeniya,VAVUNIYA,,NQC,2,27,NQC
COP2526-054,,PHYSICAL SCIENCE,University of Peradeniya,TRINCOMALEE,,NQC,2,27,NQC
COP2526-054,,PHYSICAL SCIENCE,University of Peradeniya,BATTICALOA,1.4124,value,2,27,1.4124
COP2526-054,,PHYSICAL SCIENCE,University of Peradeniya,AMPARA,1.3335,value,2,27,1.3335
COP2526-054,,PHYSICAL SCIENCE,University of Peradeniya,PUTTALAM,1.3548,value,2,27,1.3548
COP2526-054,,PHYSICAL SCIENCE,University of Peradeniya,KURUNEGALA,1.3333,value,2,27,1.3333
COP2526-054,,PHYSICAL SCIENCE,University of Peradeniya,ANURADHAPURA,1.3376,value,2,27,1.3376
COP2526-054,,PHYSICAL SCIENCE,University of Peradeniya,POLONNARUWA,,NQC,2,27,NQC
COP2526-054,,PHYSICAL SCIENCE,University of Peradeniya,BADULLA,1.3424,value,2,27,1.3424
COP2526-054,,PHYSICAL SCIENCE,University of Peradeniya,MONARAGALA,1.3342,value,2,27,1.3342
COP2526-054,,PHYSICAL SCIENCE,University of Peradeniya,KEGALLE,1.3393,value,2,27,1.3393
COP2526-054,,PHYSICAL SCIENCE,University of Peradeniya,RATNAPURA,1.3392,value,2,27,1.3392
COP2526-055,,PHYSICAL SCIENCE,University of Sri Jayewardenepura,COLOMBO,1.2857,value,3,1,1.2857
COP2526-055,,PHYSICAL SCIENCE,University of Sri Jayewardenepura,GAMPAHA,1.2862,value,3,1,1.2862
COP2526-055,,PHYSICAL SCIENCE,University of Sri Jayewardenepura,KALUTARA,1.2863,value,3,1,1.2863
COP2526-055,,PHYSICAL SCIENCE,University of Sri Jayewardenepura,MATALE,,NQC,3,1,NQC
COP2526-055,,PHYSICAL SCIENCE,University of Sri Jayewardenepura,KANDY,1.2856,value,3,1,1.2856
COP2526-055,,PHYSICAL SCIENCE,University of Sri Jayewardenepura,NUWARA ELIYA,,NQC,3,1,NQC
COP2526-055,,PHYSICAL SCIENCE,University of Sri Jayewardenepura,GALLE,1.2881,value,3,1,1.2881
COP2526-055,,PHYSICAL SCIENCE,University of Sri Jayewardenepura,MATARA,1.2869,value,3,1,1.2869
COP2526-055,,PHYSICAL SCIENCE,University of Sri Jayewardenepura,HAMBANTOTA,1.2874,value,3,1,1.2874
COP2526-055,,PHYSICAL SCIENCE,University of Sri Jayewardenepura,JAFFNA,1.2869,value,3,1,1.2869
COP2526-055,,PHYSICAL SCIENCE,University of Sri Jayewardenepura,KILINOCHCHI,,NQC,3,1,NQC
COP2526-055,,PHYSICAL SCIENCE,University of Sri Jayewardenepura,MANNAR,,NQC,3,1,NQC
COP2526-055,,PHYSICAL SCIENCE,University of Sri Jayewardenepura,MULLAITIVU,,NQC,3,1,NQC
COP2526-055,,PHYSICAL SCIENCE,University of Sri Jayewardenepura,VAVUNIYA,,NQC,3,1,NQC
COP2526-055,,PHYSICAL SCIENCE,University of Sri Jayewardenepura,TRINCOMALEE,,NQC,3,1,NQC
COP2526-055,,PHYSICAL SCIENCE,University of Sri Jayewardenepura,BATTICALOA,,NQC,3,1,NQC
COP2526-055,,PHYSICAL SCIENCE,University of Sri Jayewardenepura,AMPARA,,NQC,3,1,NQC
COP2526-055,,PHYSICAL SCIENCE,University of Sri Jayewardenepura,PUTTALAM,1.2857,value,3,1,1.2857
COP2526-055,,PHYSICAL SCIENCE,University of Sri Jayewardenepura,KURUNEGALA,1.2983,value,3,1,1.2983
COP2526-055,,PHYSICAL SCIENCE,University of Sri Jayewardenepura,ANURADHAPURA,1.2863,value,3,1,1.2863
COP2526-055,,PHYSICAL SCIENCE,University of Sri Jayewardenepura,POLONNARUWA,1.3140,value,3,1,1.3140
COP2526-055,,PHYSICAL SCIENCE,University of Sri Jayewardenepura,BADULLA,1.2920,value,3,1,1.2920
COP2526-055,,PHYSICAL SCIENCE,University of Sri Jayewardenepura,MONARAGALA,1.2879,value,3,1,1.2879
COP2526-055,,PHYSICAL SCIENCE,University of Sri Jayewardenepura,KEGALLE,1.2871,value,3,1,1.2871
COP2526-055,,PHYSICAL SCIENCE,University of Sri Jayewardenepura,RATNAPURA,1.2881,value,3,1,1.2881
COP2526-056,,PHYSICAL SCIENCE,University of Kelaniya,COLOMBO,1.2092,value,3,2,1.2092
COP2526-056,,PHYSICAL SCIENCE,University of Kelaniya,GAMPAHA,1.2094,value,3,2,1.2094
COP2526-056,,PHYSICAL SCIENCE,University of Kelaniya,KALUTARA,1.2090,value,3,2,1.2090
COP2526-056,,PHYSICAL SCIENCE,University of Kelaniya,MATALE,1.2189,value,3,2,1.2189
COP2526-056,,PHYSICAL SCIENCE,University of Kelaniya,KANDY,1.2093,value,3,2,1.2093
COP2526-056,,PHYSICAL SCIENCE,University of Kelaniya,NUWARA ELIYA,,NQC,3,2,NQC
COP2526-056,,PHYSICAL SCIENCE,University of Kelaniya,GALLE,1.2122,value,3,2,1.2122
COP2526-056,,PHYSICAL SCIENCE,University of Kelaniya,MATARA,1.2097,value,3,2,1.2097
COP2526-056,,PHYSICAL SCIENCE,University of Kelaniya,HAMBANTOTA,1.2133,value,3,2,1.2133
COP2526-056,,PHYSICAL SCIENCE,University of Kelaniya,JAFFNA,1.2555,value,3,2,1.2555
COP2526-056,,PHYSICAL SCIENCE,University of Kelaniya,KILINOCHCHI,,NQC,3,2,NQC
COP2526-056,,PHYSICAL SCIENCE,University of Kelaniya,MANNAR,,NQC,3,2,NQC
COP2526-056,,PHYSICAL SCIENCE,University of Kelaniya,MULLAITIVU,,NQC,3,2,NQC
COP2526-056,,PHYSICAL SCIENCE,University of Kelaniya,VAVUNIYA,,NQC,3,2,NQC
COP2526-056,,PHYSICAL SCIENCE,University of Kelaniya,TRINCOMALEE,,NQC,3,2,NQC
COP2526-056,,PHYSICAL SCIENCE,University of Kelaniya,BATTICALOA,,NQC,3,2,NQC
COP2526-056,,PHYSICAL SCIENCE,University of Kelaniya,AMPARA,,NQC,3,2,NQC
COP2526-056,,PHYSICAL SCIENCE,University of Kelaniya,PUTTALAM,1.2130,value,3,2,1.2130
COP2526-056,,PHYSICAL SCIENCE,University of Kelaniya,KURUNEGALA,1.2223,value,3,2,1.2223
COP2526-056,,PHYSICAL SCIENCE,University of Kelaniya,ANURADHAPURA,1.2182,value,3,2,1.2182
COP2526-056,,PHYSICAL SCIENCE,University of Kelaniya,POLONNARUWA,,NQC,3,2,NQC
COP2526-056,,PHYSICAL SCIENCE,University of Kelaniya,BADULLA,1.2262,value,3,2,1.2262
COP2526-056,,PHYSICAL SCIENCE,University of Kelaniya,MONARAGALA,1.2182,value,3,2,1.2182
COP2526-056,,PHYSICAL SCIENCE,University of Kelaniya,KEGALLE,1.2087,value,3,2,1.2087
COP2526-056,,PHYSICAL SCIENCE,University of Kelaniya,RATNAPURA,1.2102,value,3,2,1.2102
COP2526-057,,PHYSICAL SCIENCE,University of Jaffna,COLOMBO,1.0483,value,3,3,1.0483
COP2526-057,,PHYSICAL SCIENCE,University of Jaffna,GAMPAHA,0.9578,value,3,3,0.9578
COP2526-057,,PHYSICAL SCIENCE,University of Jaffna,KALUTARA,1.0254,value,3,3,1.0254
COP2526-057,,PHYSICAL SCIENCE,University of Jaffna,MATALE,0.9541,value,3,3,0.9541
COP2526-057,,PHYSICAL SCIENCE,University of Jaffna,KANDY,0.9931,value,3,3,0.9931
COP2526-057,,PHYSICAL SCIENCE,University of Jaffna,NUWARA ELIYA,0.9638,value,3,3,0.9638
COP2526-057,,PHYSICAL SCIENCE,University of Jaffna,GALLE,1.0420,value,3,3,1.0420
COP2526-057,,PHYSICAL SCIENCE,University of Jaffna,MATARA,,NQC,3,3,NQC
COP2526-057,,PHYSICAL SCIENCE,University of Jaffna,HAMBANTOTA,1.0966,value,3,3,1.0966
COP2526-057,,PHYSICAL SCIENCE,University of Jaffna,JAFFNA,1.0262,value,3,3,1.0262
COP2526-057,,PHYSICAL SCIENCE,University of Jaffna,KILINOCHCHI,,NQC,3,3,NQC
COP2526-057,,PHYSICAL SCIENCE,University of Jaffna,MANNAR,,NQC,3,3,NQC
COP2526-057,,PHYSICAL SCIENCE,University of Jaffna,MULLAITIVU,,NQC,3,3,NQC
COP2526-057,,PHYSICAL SCIENCE,University of Jaffna,VAVUNIYA,,NQC,3,3,NQC
COP2526-057,,PHYSICAL SCIENCE,University of Jaffna,TRINCOMALEE,0.9794,value,3,3,0.9794
COP2526-057,,PHYSICAL SCIENCE,University of Jaffna,BATTICALOA,0.9536,value,3,3,0.9536
COP2526-057,,PHYSICAL SCIENCE,University of Jaffna,AMPARA,0.9752,value,3,3,0.9752
COP2526-057,,PHYSICAL SCIENCE,University of Jaffna,PUTTALAM,0.9858,value,3,3,0.9858
COP2526-057,,PHYSICAL SCIENCE,University of Jaffna,KURUNEGALA,1.0412,value,3,3,1.0412
COP2526-057,,PHYSICAL SCIENCE,University of Jaffna,ANURADHAPURA,0.9656,value,3,3,0.9656
COP2526-057,,PHYSICAL SCIENCE,University of Jaffna,POLONNARUWA,0.9759,value,3,3,0.9759
COP2526-057,,PHYSICAL SCIENCE,University of Jaffna,BADULLA,0.9636,value,3,3,0.9636
COP2526-057,,PHYSICAL SCIENCE,University of Jaffna,MONARAGALA,0.9516,value,3,3,0.9516
COP2526-057,,PHYSICAL SCIENCE,University of Jaffna,KEGALLE,0.9801,value,3,3,0.9801
COP2526-057,,PHYSICAL SCIENCE,University of Jaffna,RATNAPURA,0.9573,value,3,3,0.9573
COP2526-058,,PHYSICAL SCIENCE,University of Ruhuna,COLOMBO,1.1371,value,3,4,1.1371
COP2526-058,,PHYSICAL SCIENCE,University of Ruhuna,GAMPAHA,1.1369,value,3,4,1.1369
COP2526-058,,PHYSICAL SCIENCE,University of Ruhuna,KALUTARA,1.1367,value,3,4,1.1367
COP2526-058,,PHYSICAL SCIENCE,University of Ruhuna,MATALE,1.1442,value,3,4,1.1442
COP2526-058,,PHYSICAL SCIENCE,University of Ruhuna,KANDY,1.1383,value,3,4,1.1383
COP2526-058,,PHYSICAL SCIENCE,University of Ruhuna,NUWARA ELIYA,,NQC,3,4,NQC
COP2526-058,,PHYSICAL SCIENCE,University of Ruhuna,GALLE,1.1360,value,3,4,1.1360
COP2526-058,,PHYSICAL SCIENCE,University of Ruhuna,MATARA,1.1895,value,3,4,1.1895
COP2526-058,,PHYSICAL SCIENCE,University of Ruhuna,HAMBANTOTA,1.1384,value,3,4,1.1384
COP2526-058,,PHYSICAL SCIENCE,University of Ruhuna,JAFFNA,1.1361,value,3,4,1.1361
COP2526-058,,PHYSICAL SCIENCE,University of Ruhuna,KILINOCHCHI,,NQC,3,4,NQC
COP2526-058,,PHYSICAL SCIENCE,University of Ruhuna,MANNAR,,NQC,3,4,NQC
COP2526-058,,PHYSICAL SCIENCE,University of Ruhuna,MULLAITIVU,,NQC,3,4,NQC
COP2526-058,,PHYSICAL SCIENCE,University of Ruhuna,VAVUNIYA,,NQC,3,4,NQC
COP2526-058,,PHYSICAL SCIENCE,University of Ruhuna,TRINCOMALEE,,NQC,3,4,NQC
COP2526-058,,PHYSICAL SCIENCE,University of Ruhuna,BATTICALOA,,NQC,3,4,NQC
COP2526-058,,PHYSICAL SCIENCE,University of Ruhuna,AMPARA,1.1498,value,3,4,1.1498
COP2526-058,,PHYSICAL SCIENCE,University of Ruhuna,PUTTALAM,1.1408,value,3,4,1.1408
COP2526-058,,PHYSICAL SCIENCE,University of Ruhuna,KURUNEGALA,1.1375,value,3,4,1.1375
COP2526-058,,PHYSICAL SCIENCE,University of Ruhuna,ANURADHAPURA,1.1393,value,3,4,1.1393
COP2526-058,,PHYSICAL SCIENCE,University of Ruhuna,POLONNARUWA,,NQC,3,4,NQC
COP2526-058,,PHYSICAL SCIENCE,University of Ruhuna,BADULLA,1.1467,value,3,4,1.1467
COP2526-058,,PHYSICAL SCIENCE,University of Ruhuna,MONARAGALA,1.1490,value,3,4,1.1490
COP2526-058,,PHYSICAL SCIENCE,University of Ruhuna,KEGALLE,1.1362,value,3,4,1.1362
COP2526-058,,PHYSICAL SCIENCE,University of Ruhuna,RATNAPURA,1.1384,value,3,4,1.1384
COP2526-059,,PHYSICAL SCIENCE,"Eastern University, Sri Lanka",COLOMBO,1.0561,value,3,5,1.0561
COP2526-059,,PHYSICAL SCIENCE,"Eastern University, Sri Lanka",GAMPAHA,0.9189,value,3,5,0.9189
COP2526-059,,PHYSICAL SCIENCE,"Eastern University, Sri Lanka",KALUTARA,1.0614,value,3,5,1.0614
COP2526-059,,PHYSICAL SCIENCE,"Eastern University, Sri Lanka",MATALE,0.8582,value,3,5,0.8582
COP2526-059,,PHYSICAL SCIENCE,"Eastern University, Sri Lanka",KANDY,0.9922,value,3,5,0.9922
COP2526-059,,PHYSICAL SCIENCE,"Eastern University, Sri Lanka",NUWARA ELIYA,0.6770,value,3,5,0.6770
COP2526-059,,PHYSICAL SCIENCE,"Eastern University, Sri Lanka",GALLE,1.1702,value,3,5,1.1702
COP2526-059,,PHYSICAL SCIENCE,"Eastern University, Sri Lanka",MATARA,,NQC,3,5,NQC
COP2526-059,,PHYSICAL SCIENCE,"Eastern University, Sri Lanka",HAMBANTOTA,1.0961,value,3,5,1.0961
COP2526-059,,PHYSICAL SCIENCE,"Eastern University, Sri Lanka",JAFFNA,1.2061,value,3,5,1.2061
COP2526-059,,PHYSICAL SCIENCE,"Eastern University, Sri Lanka",KILINOCHCHI,0.6721,value,3,5,0.6721
COP2526-059,,PHYSICAL SCIENCE,"Eastern University, Sri Lanka",MANNAR,,NQC,3,5,NQC
COP2526-059,,PHYSICAL SCIENCE,"Eastern University, Sri Lanka",MULLAITIVU,0.7247,value,3,5,0.7247
COP2526-059,,PHYSICAL SCIENCE,"Eastern University, Sri Lanka",VAVUNIYA,,NQC,3,5,NQC
COP2526-059,,PHYSICAL SCIENCE,"Eastern University, Sri Lanka",TRINCOMALEE,0.6835,value,3,5,0.6835
COP2526-059,,PHYSICAL SCIENCE,"Eastern University, Sri Lanka",BATTICALOA,0.7298,value,3,5,0.7298
COP2526-059,,PHYSICAL SCIENCE,"Eastern University, Sri Lanka",AMPARA,0.8573,value,3,5,0.8573
COP2526-059,,PHYSICAL SCIENCE,"Eastern University, Sri Lanka",PUTTALAM,0.6777,value,3,5,0.6777
COP2526-059,,PHYSICAL SCIENCE,"Eastern University, Sri Lanka",KURUNEGALA,1.0444,value,3,5,1.0444
COP2526-059,,PHYSICAL SCIENCE,"Eastern University, Sri Lanka",ANURADHAPURA,0.7196,value,3,5,0.7196
COP2526-059,,PHYSICAL SCIENCE,"Eastern University, Sri Lanka",POLONNARUWA,0.7279,value,3,5,0.7279
COP2526-059,,PHYSICAL SCIENCE,"Eastern University, Sri Lanka",BADULLA,0.9825,value,3,5,0.9825
COP2526-059,,PHYSICAL SCIENCE,"Eastern University, Sri Lanka",MONARAGALA,0.8225,value,3,5,0.8225
COP2526-059,,PHYSICAL SCIENCE,"Eastern University, Sri Lanka",KEGALLE,1.0143,value,3,5,1.0143
COP2526-059,,PHYSICAL SCIENCE,"Eastern University, Sri Lanka",RATNAPURA,0.9514,value,3,5,0.9514
COP2526-060,,PHYSICAL SCIENCE,South Eastern University of Sri Lanka,COLOMBO,1.1022,value,3,6,1.1022
COP2526-060,,PHYSICAL SCIENCE,South Eastern University of Sri Lanka,GAMPAHA,0.9532,value,3,6,0.9532
COP2526-060,,PHYSICAL SCIENCE,South Eastern University of Sri Lanka,KALUTARA,1.0686,value,3,6,1.0686
COP2526-060,,PHYSICAL SCIENCE,South Eastern University of Sri Lanka,MATALE,0.8323,value,3,6,0.8323
COP2526-060,,PHYSICAL SCIENCE,South Eastern University of Sri Lanka,KANDY,1.0107,value,3,6,1.0107
COP2526-060,,PHYSICAL SCIENCE,South Eastern University of Sri Lanka,NUWARA ELIYA,0.4966,value,3,6,0.4966
COP2526-060,,PHYSICAL SCIENCE,South Eastern University of Sri Lanka,GALLE,,NQC,3,6,NQC
COP2526-060,,PHYSICAL SCIENCE,South Eastern University of Sri Lanka,MATARA,,NQC,3,6,NQC
COP2526-060,,PHYSICAL SCIENCE,South Eastern University of Sri Lanka,HAMBANTOTA,1.0940,value,3,6,1.0940
COP2526-060,,PHYSICAL SCIENCE,South Eastern University of Sri Lanka,JAFFNA,1.1322,value,3,6,1.1322
COP2526-060,,PHYSICAL SCIENCE,South Eastern University of Sri Lanka,KILINOCHCHI,0.4478,value,3,6,0.4478
COP2526-060,,PHYSICAL SCIENCE,South Eastern University of Sri Lanka,MANNAR,0.1745,value,3,6,0.1745
COP2526-060,,PHYSICAL SCIENCE,South Eastern University of Sri Lanka,MULLAITIVU,0.1981,value,3,6,0.1981
COP2526-060,,PHYSICAL SCIENCE,South Eastern University of Sri Lanka,VAVUNIYA,0.3789,value,3,6,0.3789
COP2526-060,,PHYSICAL SCIENCE,South Eastern University of Sri Lanka,TRINCOMALEE,0.4772,value,3,6,0.4772
COP2526-060,,PHYSICAL SCIENCE,South Eastern University of Sri Lanka,BATTICALOA,0.7361,value,3,6,0.7361
COP2526-060,,PHYSICAL SCIENCE,South Eastern University of Sri Lanka,AMPARA,0.8697,value,3,6,0.8697
COP2526-060,,PHYSICAL SCIENCE,South Eastern University of Sri Lanka,PUTTALAM,0.6483,value,3,6,0.6483
COP2526-060,,PHYSICAL SCIENCE,South Eastern University of Sri Lanka,KURUNEGALA,1.0697,value,3,6,1.0697
COP2526-060,,PHYSICAL SCIENCE,South Eastern University of Sri Lanka,ANURADHAPURA,0.7150,value,3,6,0.7150
COP2526-060,,PHYSICAL SCIENCE,South Eastern University of Sri Lanka,POLONNARUWA,0.5699,value,3,6,0.5699
COP2526-060,,PHYSICAL SCIENCE,South Eastern University of Sri Lanka,BADULLA,0.9743,value,3,6,0.9743
COP2526-060,,PHYSICAL SCIENCE,South Eastern University of Sri Lanka,MONARAGALA,0.8264,value,3,6,0.8264
COP2526-060,,PHYSICAL SCIENCE,South Eastern University of Sri Lanka,KEGALLE,,NQC,3,6,NQC
COP2526-060,,PHYSICAL SCIENCE,South Eastern University of Sri Lanka,RATNAPURA,0.9321,value,3,6,0.9321
COP2526-061,,SURVEYING SCIENCE,Sabaragamuwa University of Sri Lanka,COLOMBO,1.1320,value,3,7,1.1320
COP2526-061,,SURVEYING SCIENCE,Sabaragamuwa University of Sri Lanka,GAMPAHA,1.0847,value,3,7,1.0847
COP2526-061,,SURVEYING SCIENCE,Sabaragamuwa University of Sri Lanka,KALUTARA,1.1987,value,3,7,1.1987
COP2526-061,,SURVEYING SCIENCE,Sabaragamuwa University of Sri Lanka,MATALE,1.0621,value,3,7,1.0621
COP2526-061,,SURVEYING SCIENCE,Sabaragamuwa University of Sri Lanka,KANDY,1.1305,value,3,7,1.1305
COP2526-061,,SURVEYING SCIENCE,Sabaragamuwa University of Sri Lanka,NUWARA ELIYA,0.9144,value,3,7,0.9144
COP2526-061,,SURVEYING SCIENCE,Sabaragamuwa University of Sri Lanka,GALLE,1.1940,value,3,7,1.1940
COP2526-061,,SURVEYING SCIENCE,Sabaragamuwa University of Sri Lanka,MATARA,1.2422,value,3,7,1.2422
COP2526-061,,SURVEYING SCIENCE,Sabaragamuwa University of Sri Lanka,HAMBANTOTA,1.2189,value,3,7,1.2189
COP2526-061,,SURVEYING SCIENCE,Sabaragamuwa University of Sri Lanka,JAFFNA,1.2116,value,3,7,1.2116
COP2526-061,,SURVEYING SCIENCE,Sabaragamuwa University of Sri Lanka,KILINOCHCHI,0.9706,value,3,7,0.9706
COP2526-061,,SURVEYING SCIENCE,Sabaragamuwa University of Sri Lanka,MANNAR,0.6889,value,3,7,0.6889
COP2526-061,,SURVEYING SCIENCE,Sabaragamuwa University of Sri Lanka,MULLAITIVU,0.5316,value,3,7,0.5316
COP2526-061,,SURVEYING SCIENCE,Sabaragamuwa University of Sri Lanka,VAVUNIYA,0.8864,value,3,7,0.8864
COP2526-061,,SURVEYING SCIENCE,Sabaragamuwa University of Sri Lanka,TRINCOMALEE,1.0369,value,3,7,1.0369
COP2526-061,,SURVEYING SCIENCE,Sabaragamuwa University of Sri Lanka,BATTICALOA,1.1903,value,3,7,1.1903
COP2526-061,,SURVEYING SCIENCE,Sabaragamuwa University of Sri Lanka,AMPARA,1.2060,value,3,7,1.2060
COP2526-061,,SURVEYING SCIENCE,Sabaragamuwa University of Sri Lanka,PUTTALAM,1.0517,value,3,7,1.0517
COP2526-061,,SURVEYING SCIENCE,Sabaragamuwa University of Sri Lanka,KURUNEGALA,1.1864,value,3,7,1.1864
COP2526-061,,SURVEYING SCIENCE,Sabaragamuwa University of Sri Lanka,ANURADHAPURA,1.1164,value,3,7,1.1164
COP2526-061,,SURVEYING SCIENCE,Sabaragamuwa University of Sri Lanka,POLONNARUWA,1.0172,value,3,7,1.0172
COP2526-061,,SURVEYING SCIENCE,Sabaragamuwa University of Sri Lanka,BADULLA,1.1971,value,3,7,1.1971
COP2526-061,,SURVEYING SCIENCE,Sabaragamuwa University of Sri Lanka,MONARAGALA,1.1620,value,3,7,1.1620
COP2526-061,,SURVEYING SCIENCE,Sabaragamuwa University of Sri Lanka,KEGALLE,1.2437,value,3,7,1.2437
COP2526-061,,SURVEYING SCIENCE,Sabaragamuwa University of Sri Lanka,RATNAPURA,1.1912,value,3,7,1.1912
COP2526-062,,APPLIED SCIENCES (PHY.SC),Rajarata University of Sri Lanka,COLOMBO,1.0352,value,3,8,1.0352
COP2526-062,,APPLIED SCIENCES (PHY.SC),Rajarata University of Sri Lanka,GAMPAHA,1.0345,value,3,8,1.0345
COP2526-062,,APPLIED SCIENCES (PHY.SC),Rajarata University of Sri Lanka,KALUTARA,1.0462,value,3,8,1.0462
COP2526-062,,APPLIED SCIENCES (PHY.SC),Rajarata University of Sri Lanka,MATALE,1.0672,value,3,8,1.0672
COP2526-062,,APPLIED SCIENCES (PHY.SC),Rajarata University of Sri Lanka,KANDY,1.0331,value,3,8,1.0331
COP2526-062,,APPLIED SCIENCES (PHY.SC),Rajarata University of Sri Lanka,NUWARA ELIYA,,NQC,3,8,NQC
COP2526-062,,APPLIED SCIENCES (PHY.SC),Rajarata University of Sri Lanka,GALLE,1.0330,value,3,8,1.0330
COP2526-062,,APPLIED SCIENCES (PHY.SC),Rajarata University of Sri Lanka,MATARA,1.0350,value,3,8,1.0350
COP2526-062,,APPLIED SCIENCES (PHY.SC),Rajarata University of Sri Lanka,HAMBANTOTA,1.0500,value,3,8,1.0500
COP2526-062,,APPLIED SCIENCES (PHY.SC),Rajarata University of Sri Lanka,JAFFNA,1.0427,value,3,8,1.0427
COP2526-062,,APPLIED SCIENCES (PHY.SC),Rajarata University of Sri Lanka,KILINOCHCHI,,NQC,3,8,NQC
COP2526-062,,APPLIED SCIENCES (PHY.SC),Rajarata University of Sri Lanka,MANNAR,,NQC,3,8,NQC
COP2526-062,,APPLIED SCIENCES (PHY.SC),Rajarata University of Sri Lanka,MULLAITIVU,,NQC,3,8,NQC
COP2526-062,,APPLIED SCIENCES (PHY.SC),Rajarata University of Sri Lanka,VAVUNIYA,,NQC,3,8,NQC
COP2526-062,,APPLIED SCIENCES (PHY.SC),Rajarata University of Sri Lanka,TRINCOMALEE,,NQC,3,8,NQC
COP2526-062,,APPLIED SCIENCES (PHY.SC),Rajarata University of Sri Lanka,BATTICALOA,,NQC,3,8,NQC
COP2526-062,,APPLIED SCIENCES (PHY.SC),Rajarata University of Sri Lanka,AMPARA,1.0502,value,3,8,1.0502
COP2526-062,,APPLIED SCIENCES (PHY.SC),Rajarata University of Sri Lanka,PUTTALAM,1.0523,value,3,8,1.0523
COP2526-062,,APPLIED SCIENCES (PHY.SC),Rajarata University of Sri Lanka,KURUNEGALA,1.0369,value,3,8,1.0369
COP2526-062,,APPLIED SCIENCES (PHY.SC),Rajarata University of Sri Lanka,ANURADHAPURA,,NQC,3,8,NQC
COP2526-062,,APPLIED SCIENCES (PHY.SC),Rajarata University of Sri Lanka,POLONNARUWA,,NQC,3,8,NQC
COP2526-062,,APPLIED SCIENCES (PHY.SC),Rajarata University of Sri Lanka,BADULLA,1.0401,value,3,8,1.0401
COP2526-062,,APPLIED SCIENCES (PHY.SC),Rajarata University of Sri Lanka,MONARAGALA,1.0767,value,3,8,1.0767
COP2526-062,,APPLIED SCIENCES (PHY.SC),Rajarata University of Sri Lanka,KEGALLE,1.0335,value,3,8,1.0335
COP2526-062,,APPLIED SCIENCES (PHY.SC),Rajarata University of Sri Lanka,RATNAPURA,1.0414,value,3,8,1.0414
COP2526-063,,APPLIED SCIENCES (PHY.SC),Sabaragamuwa University of Sri Lanka,COLOMBO,1.1077,value,3,9,1.1077
COP2526-063,,APPLIED SCIENCES (PHY.SC),Sabaragamuwa University of Sri Lanka,GAMPAHA,1.1109,value,3,9,1.1109
COP2526-063,,APPLIED SCIENCES (PHY.SC),Sabaragamuwa University of Sri Lanka,KALUTARA,1.1208,value,3,9,1.1208
COP2526-063,,APPLIED SCIENCES (PHY.SC),Sabaragamuwa University of Sri Lanka,MATALE,,NQC,3,9,NQC
COP2526-063,,APPLIED SCIENCES (PHY.SC),Sabaragamuwa University of Sri Lanka,KANDY,,NQC,3,9,NQC
COP2526-063,,APPLIED SCIENCES (PHY.SC),Sabaragamuwa University of Sri Lanka,NUWARA ELIYA,,NQC,3,9,NQC
COP2526-063,,APPLIED SCIENCES (PHY.SC),Sabaragamuwa University of Sri Lanka,GALLE,1.1151,value,3,9,1.1151
COP2526-063,,APPLIED SCIENCES (PHY.SC),Sabaragamuwa University of Sri Lanka,MATARA,1.1158,value,3,9,1.1158
COP2526-063,,APPLIED SCIENCES (PHY.SC),Sabaragamuwa University of Sri Lanka,HAMBANTOTA,1.1044,value,3,9,1.1044
COP2526-063,,APPLIED SCIENCES (PHY.SC),Sabaragamuwa University of Sri Lanka,JAFFNA,,NQC,3,9,NQC
COP2526-063,,APPLIED SCIENCES (PHY.SC),Sabaragamuwa University of Sri Lanka,KILINOCHCHI,,NQC,3,9,NQC
COP2526-063,,APPLIED SCIENCES (PHY.SC),Sabaragamuwa University of Sri Lanka,MANNAR,,NQC,3,9,NQC
COP2526-063,,APPLIED SCIENCES (PHY.SC),Sabaragamuwa University of Sri Lanka,MULLAITIVU,,NQC,3,9,NQC
COP2526-063,,APPLIED SCIENCES (PHY.SC),Sabaragamuwa University of Sri Lanka,VAVUNIYA,,NQC,3,9,NQC
COP2526-063,,APPLIED SCIENCES (PHY.SC),Sabaragamuwa University of Sri Lanka,TRINCOMALEE,,NQC,3,9,NQC
COP2526-063,,APPLIED SCIENCES (PHY.SC),Sabaragamuwa University of Sri Lanka,BATTICALOA,,NQC,3,9,NQC
COP2526-063,,APPLIED SCIENCES (PHY.SC),Sabaragamuwa University of Sri Lanka,AMPARA,1.1060,value,3,9,1.1060
COP2526-063,,APPLIED SCIENCES (PHY.SC),Sabaragamuwa University of Sri Lanka,PUTTALAM,,NQC,3,9,NQC
COP2526-063,,APPLIED SCIENCES (PHY.SC),Sabaragamuwa University of Sri Lanka,KURUNEGALA,1.1044,value,3,9,1.1044
COP2526-063,,APPLIED SCIENCES (PHY.SC),Sabaragamuwa University of Sri Lanka,ANURADHAPURA,1.1101,value,3,9,1.1101
COP2526-063,,APPLIED SCIENCES (PHY.SC),Sabaragamuwa University of Sri Lanka,POLONNARUWA,,NQC,3,9,NQC
COP2526-063,,APPLIED SCIENCES (PHY.SC),Sabaragamuwa University of Sri Lanka,BADULLA,1.1041,value,3,9,1.1041
COP2526-063,,APPLIED SCIENCES (PHY.SC),Sabaragamuwa University of Sri Lanka,MONARAGALA,1.1459,value,3,9,1.1459
COP2526-063,,APPLIED SCIENCES (PHY.SC),Sabaragamuwa University of Sri Lanka,KEGALLE,1.1116,value,3,9,1.1116
COP2526-063,,APPLIED SCIENCES (PHY.SC),Sabaragamuwa University of Sri Lanka,RATNAPURA,1.1238,value,3,9,1.1238
COP2526-064,,APPLIED SCIENCES (PHY.SC),Wayamba University of Sri Lanka,COLOMBO,0.9908,value,3,10,0.9908
COP2526-064,,APPLIED SCIENCES (PHY.SC),Wayamba University of Sri Lanka,GAMPAHA,0.9953,value,3,10,0.9953
COP2526-064,,APPLIED SCIENCES (PHY.SC),Wayamba University of Sri Lanka,KALUTARA,0.9954,value,3,10,0.9954
COP2526-064,,APPLIED SCIENCES (PHY.SC),Wayamba University of Sri Lanka,MATALE,0.9970,value,3,10,0.9970
COP2526-064,,APPLIED SCIENCES (PHY.SC),Wayamba University of Sri Lanka,KANDY,0.9908,value,3,10,0.9908
COP2526-064,,APPLIED SCIENCES (PHY.SC),Wayamba University of Sri Lanka,NUWARA ELIYA,,NQC,3,10,NQC
COP2526-064,,APPLIED SCIENCES (PHY.SC),Wayamba University of Sri Lanka,GALLE,1.0191,value,3,10,1.0191
COP2526-064,,APPLIED SCIENCES (PHY.SC),Wayamba University of Sri Lanka,MATARA,1.0344,value,3,10,1.0344
COP2526-064,,APPLIED SCIENCES (PHY.SC),Wayamba University of Sri Lanka,HAMBANTOTA,0.9937,value,3,10,0.9937
COP2526-064,,APPLIED SCIENCES (PHY.SC),Wayamba University of Sri Lanka,JAFFNA,0.9969,value,3,10,0.9969
COP2526-064,,APPLIED SCIENCES (PHY.SC),Wayamba University of Sri Lanka,KILINOCHCHI,,NQC,3,10,NQC
COP2526-064,,APPLIED SCIENCES (PHY.SC),Wayamba University of Sri Lanka,MANNAR,,NQC,3,10,NQC
COP2526-064,,APPLIED SCIENCES (PHY.SC),Wayamba University of Sri Lanka,MULLAITIVU,,NQC,3,10,NQC
COP2526-064,,APPLIED SCIENCES (PHY.SC),Wayamba University of Sri Lanka,VAVUNIYA,,NQC,3,10,NQC
COP2526-064,,APPLIED SCIENCES (PHY.SC),Wayamba University of Sri Lanka,TRINCOMALEE,1.0253,value,3,10,1.0253
COP2526-064,,APPLIED SCIENCES (PHY.SC),Wayamba University of Sri Lanka,BATTICALOA,1.0143,value,3,10,1.0143
COP2526-064,,APPLIED SCIENCES (PHY.SC),Wayamba University of Sri Lanka,AMPARA,0.9924,value,3,10,0.9924
COP2526-064,,APPLIED SCIENCES (PHY.SC),Wayamba University of Sri Lanka,PUTTALAM,1.0359,value,3,10,1.0359
COP2526-064,,APPLIED SCIENCES (PHY.SC),Wayamba University of Sri Lanka,KURUNEGALA,0.9911,value,3,10,0.9911
COP2526-064,,APPLIED SCIENCES (PHY.SC),Wayamba University of Sri Lanka,ANURADHAPURA,1.0097,value,3,10,1.0097
COP2526-064,,APPLIED SCIENCES (PHY.SC),Wayamba University of Sri Lanka,POLONNARUWA,,NQC,3,10,NQC
COP2526-064,,APPLIED SCIENCES (PHY.SC),Wayamba University of Sri Lanka,BADULLA,0.9954,value,3,10,0.9954
COP2526-064,,APPLIED SCIENCES (PHY.SC),Wayamba University of Sri Lanka,MONARAGALA,1.0068,value,3,10,1.0068
COP2526-064,,APPLIED SCIENCES (PHY.SC),Wayamba University of Sri Lanka,KEGALLE,0.9929,value,3,10,0.9929
COP2526-064,,APPLIED SCIENCES (PHY.SC),Wayamba University of Sri Lanka,RATNAPURA,0.9973,value,3,10,0.9973
COP2526-065,,APPLIED SCIENCES (PHY.SC),"University of Vavuniya, Sri Lanka",COLOMBO,0.9636,value,3,11,0.9636
COP2526-065,,APPLIED SCIENCES (PHY.SC),"University of Vavuniya, Sri Lanka",GAMPAHA,0.8801,value,3,11,0.8801
COP2526-065,,APPLIED SCIENCES (PHY.SC),"University of Vavuniya, Sri Lanka",KALUTARA,0.9791,value,3,11,0.9791
COP2526-065,,APPLIED SCIENCES (PHY.SC),"University of Vavuniya, Sri Lanka",MATALE,0.8163,value,3,11,0.8163
COP2526-065,,APPLIED SCIENCES (PHY.SC),"University of Vavuniya, Sri Lanka",KANDY,0.9728,value,3,11,0.9728
COP2526-065,,APPLIED SCIENCES (PHY.SC),"University of Vavuniya, Sri Lanka",NUWARA ELIYA,0.8606,value,3,11,0.8606
COP2526-065,,APPLIED SCIENCES (PHY.SC),"University of Vavuniya, Sri Lanka",GALLE,1.0519,value,3,11,1.0519
COP2526-065,,APPLIED SCIENCES (PHY.SC),"University of Vavuniya, Sri Lanka",MATARA,,NQC,3,11,NQC
COP2526-065,,APPLIED SCIENCES (PHY.SC),"University of Vavuniya, Sri Lanka",HAMBANTOTA,1.0087,value,3,11,1.0087
COP2526-065,,APPLIED SCIENCES (PHY.SC),"University of Vavuniya, Sri Lanka",JAFFNA,0.9864,value,3,11,0.9864
COP2526-065,,APPLIED SCIENCES (PHY.SC),"University of Vavuniya, Sri Lanka",KILINOCHCHI,,NQC,3,11,NQC
COP2526-065,,APPLIED SCIENCES (PHY.SC),"University of Vavuniya, Sri Lanka",MANNAR,,NQC,3,11,NQC
COP2526-065,,APPLIED SCIENCES (PHY.SC),"University of Vavuniya, Sri Lanka",MULLAITIVU,,NQC,3,11,NQC
COP2526-065,,APPLIED SCIENCES (PHY.SC),"University of Vavuniya, Sri Lanka",VAVUNIYA,,NQC,3,11,NQC
COP2526-065,,APPLIED SCIENCES (PHY.SC),"University of Vavuniya, Sri Lanka",TRINCOMALEE,0.9554,value,3,11,0.9554
COP2526-065,,APPLIED SCIENCES (PHY.SC),"University of Vavuniya, Sri Lanka",BATTICALOA,0.8281,value,3,11,0.8281
COP2526-065,,APPLIED SCIENCES (PHY.SC),"University of Vavuniya, Sri Lanka",AMPARA,0.8160,value,3,11,0.8160
COP2526-065,,APPLIED SCIENCES (PHY.SC),"University of Vavuniya, Sri Lanka",PUTTALAM,0.8262,value,3,11,0.8262
COP2526-065,,APPLIED SCIENCES (PHY.SC),"University of Vavuniya, Sri Lanka",KURUNEGALA,0.9905,value,3,11,0.9905
COP2526-065,,APPLIED SCIENCES (PHY.SC),"University of Vavuniya, Sri Lanka",ANURADHAPURA,0.8139,value,3,11,0.8139
COP2526-065,,APPLIED SCIENCES (PHY.SC),"University of Vavuniya, Sri Lanka",POLONNARUWA,0.8512,value,3,11,0.8512
COP2526-065,,APPLIED SCIENCES (PHY.SC),"University of Vavuniya, Sri Lanka",BADULLA,0.8865,value,3,11,0.8865
COP2526-065,,APPLIED SCIENCES (PHY.SC),"University of Vavuniya, Sri Lanka",MONARAGALA,0.8359,value,3,11,0.8359
COP2526-065,,APPLIED SCIENCES (PHY.SC),"University of Vavuniya, Sri Lanka",KEGALLE,0.9522,value,3,11,0.9522
COP2526-065,,APPLIED SCIENCES (PHY.SC),"University of Vavuniya, Sri Lanka",RATNAPURA,0.8584,value,3,11,0.8584
COP2526-066,,APPLIED SCIENCES (PHY.SC),"Trincomalee Campus, Eastern University, Sri Lanka",COLOMBO,1.0230,value,3,12,1.0230
COP2526-066,,APPLIED SCIENCES (PHY.SC),"Trincomalee Campus, Eastern University, Sri Lanka",GAMPAHA,0.8823,value,3,12,0.8823
COP2526-066,,APPLIED SCIENCES (PHY.SC),"Trincomalee Campus, Eastern University, Sri Lanka",KALUTARA,0.9799,value,3,12,0.9799
COP2526-066,,APPLIED SCIENCES (PHY.SC),"Trincomalee Campus, Eastern University, Sri Lanka",MATALE,0.7881,value,3,12,0.7881
COP2526-066,,APPLIED SCIENCES (PHY.SC),"Trincomalee Campus, Eastern University, Sri Lanka",KANDY,,NQC,3,12,NQC
COP2526-066,,APPLIED SCIENCES (PHY.SC),"Trincomalee Campus, Eastern University, Sri Lanka",NUWARA ELIYA,0.4529,value,3,12,0.4529
COP2526-066,,APPLIED SCIENCES (PHY.SC),"Trincomalee Campus, Eastern University, Sri Lanka",GALLE,,NQC,3,12,NQC
COP2526-066,,APPLIED SCIENCES (PHY.SC),"Trincomalee Campus, Eastern University, Sri Lanka",MATARA,,NQC,3,12,NQC
COP2526-066,,APPLIED SCIENCES (PHY.SC),"Trincomalee Campus, Eastern University, Sri Lanka",HAMBANTOTA,,NQC,3,12,NQC
COP2526-066,,APPLIED SCIENCES (PHY.SC),"Trincomalee Campus, Eastern University, Sri Lanka",JAFFNA,,NQC,3,12,NQC
COP2526-066,,APPLIED SCIENCES (PHY.SC),"Trincomalee Campus, Eastern University, Sri Lanka",KILINOCHCHI,0.4080,value,3,12,0.4080
COP2526-066,,APPLIED SCIENCES (PHY.SC),"Trincomalee Campus, Eastern University, Sri Lanka",MANNAR,0.2211,value,3,12,0.2211
COP2526-066,,APPLIED SCIENCES (PHY.SC),"Trincomalee Campus, Eastern University, Sri Lanka",MULLAITIVU,0.1238,value,3,12,0.1238
COP2526-066,,APPLIED SCIENCES (PHY.SC),"Trincomalee Campus, Eastern University, Sri Lanka",VAVUNIYA,0.3802,value,3,12,0.3802
COP2526-066,,APPLIED SCIENCES (PHY.SC),"Trincomalee Campus, Eastern University, Sri Lanka",TRINCOMALEE,0.4560,value,3,12,0.4560
COP2526-066,,APPLIED SCIENCES (PHY.SC),"Trincomalee Campus, Eastern University, Sri Lanka",BATTICALOA,0.7651,value,3,12,0.7651
COP2526-066,,APPLIED SCIENCES (PHY.SC),"Trincomalee Campus, Eastern University, Sri Lanka",AMPARA,0.7664,value,3,12,0.7664
COP2526-066,,APPLIED SCIENCES (PHY.SC),"Trincomalee Campus, Eastern University, Sri Lanka",PUTTALAM,0.5762,value,3,12,0.5762
COP2526-066,,APPLIED SCIENCES (PHY.SC),"Trincomalee Campus, Eastern University, Sri Lanka",KURUNEGALA,,NQC,3,12,NQC
COP2526-066,,APPLIED SCIENCES (PHY.SC),"Trincomalee Campus, Eastern University, Sri Lanka",ANURADHAPURA,0.6517,value,3,12,0.6517
COP2526-066,,APPLIED SCIENCES (PHY.SC),"Trincomalee Campus, Eastern University, Sri Lanka",POLONNARUWA,0.3859,value,3,12,0.3859
COP2526-066,,APPLIED SCIENCES (PHY.SC),"Trincomalee Campus, Eastern University, Sri Lanka",BADULLA,0.8991,value,3,12,0.8991
COP2526-066,,APPLIED SCIENCES (PHY.SC),"Trincomalee Campus, Eastern University, Sri Lanka",MONARAGALA,0.7925,value,3,12,0.7925
COP2526-066,,APPLIED SCIENCES (PHY.SC),"Trincomalee Campus, Eastern University, Sri Lanka",KEGALLE,0.9655,value,3,12,0.9655
COP2526-066,,APPLIED SCIENCES (PHY.SC),"Trincomalee Campus, Eastern University, Sri Lanka",RATNAPURA,0.8662,value,3,12,0.8662
COP2526-067,,MANAGEMENT,University of Colombo,COLOMBO,1.7686,value,3,13,1.7686
COP2526-067,,MANAGEMENT,University of Colombo,GAMPAHA,1.7718,value,3,13,1.7718
COP2526-067,,MANAGEMENT,University of Colombo,KALUTARA,1.7707,value,3,13,1.7707
COP2526-067,,MANAGEMENT,University of Colombo,MATALE,1.7832,value,3,13,1.7832
COP2526-067,,MANAGEMENT,University of Colombo,KANDY,1.7698,value,3,13,1.7698
COP2526-067,,MANAGEMENT,University of Colombo,NUWARA ELIYA,1.7690,value,3,13,1.7690
COP2526-067,,MANAGEMENT,University of Colombo,GALLE,1.7690,value,3,13,1.7690
COP2526-067,,MANAGEMENT,University of Colombo,MATARA,1.7736,value,3,13,1.7736
COP2526-067,,MANAGEMENT,University of Colombo,HAMBANTOTA,1.7882,value,3,13,1.7882
COP2526-067,,MANAGEMENT,University of Colombo,JAFFNA,1.7687,value,3,13,1.7687
COP2526-067,,MANAGEMENT,University of Colombo,KILINOCHCHI,1.9736,value,3,13,1.9736
COP2526-067,,MANAGEMENT,University of Colombo,MANNAR,,NQC,3,13,NQC
COP2526-067,,MANAGEMENT,University of Colombo,MULLAITIVU,,NQC,3,13,NQC
COP2526-067,,MANAGEMENT,University of Colombo,VAVUNIYA,1.7917,value,3,13,1.7917
COP2526-067,,MANAGEMENT,University of Colombo,TRINCOMALEE,1.7997,value,3,13,1.7997
COP2526-067,,MANAGEMENT,University of Colombo,BATTICALOA,1.7712,value,3,13,1.7712
COP2526-067,,MANAGEMENT,University of Colombo,AMPARA,1.7872,value,3,13,1.7872
COP2526-067,,MANAGEMENT,University of Colombo,PUTTALAM,1.7791,value,3,13,1.7791
COP2526-067,,MANAGEMENT,University of Colombo,KURUNEGALA,1.7703,value,3,13,1.7703
COP2526-067,,MANAGEMENT,University of Colombo,ANURADHAPURA,1.7707,value,3,13,1.7707
COP2526-067,,MANAGEMENT,University of Colombo,POLONNARUWA,1.7723,value,3,13,1.7723
COP2526-067,,MANAGEMENT,University of Colombo,BADULLA,1.7721,value,3,13,1.7721
COP2526-067,,MANAGEMENT,University of Colombo,MONARAGALA,1.7759,value,3,13,1.7759
COP2526-067,,MANAGEMENT,University of Colombo,KEGALLE,1.7808,value,3,13,1.7808
COP2526-067,,MANAGEMENT,University of Colombo,RATNAPURA,1.7720,value,3,13,1.7720
COP2526-068,,MANAGEMENT,University of Peradeniya,COLOMBO,1.5941,value,3,14,1.5941
COP2526-068,,MANAGEMENT,University of Peradeniya,GAMPAHA,1.5941,value,3,14,1.5941
COP2526-068,,MANAGEMENT,University of Peradeniya,KALUTARA,1.5973,value,3,14,1.5973
COP2526-068,,MANAGEMENT,University of Peradeniya,MATALE,1.5945,value,3,14,1.5945
COP2526-068,,MANAGEMENT,University of Peradeniya,KANDY,1.6000,value,3,14,1.6000
COP2526-068,,MANAGEMENT,University of Peradeniya,NUWARA ELIYA,1.6096,value,3,14,1.6096
COP2526-068,,MANAGEMENT,University of Peradeniya,GALLE,1.6234,value,3,14,1.6234
COP2526-068,,MANAGEMENT,University of Peradeniya,MATARA,1.5979,value,3,14,1.5979
COP2526-068,,MANAGEMENT,University of Peradeniya,HAMBANTOTA,1.5987,value,3,14,1.5987
COP2526-068,,MANAGEMENT,University of Peradeniya,JAFFNA,1.5968,value,3,14,1.5968
COP2526-068,,MANAGEMENT,University of Peradeniya,KILINOCHCHI,1.6153,value,3,14,1.6153
COP2526-068,,MANAGEMENT,University of Peradeniya,MANNAR,1.6854,value,3,14,1.6854
COP2526-068,,MANAGEMENT,University of Peradeniya,MULLAITIVU,1.6079,value,3,14,1.6079
COP2526-068,,MANAGEMENT,University of Peradeniya,VAVUNIYA,1.6104,value,3,14,1.6104
COP2526-068,,MANAGEMENT,University of Peradeniya,TRINCOMALEE,1.6708,value,3,14,1.6708
COP2526-068,,MANAGEMENT,University of Peradeniya,BATTICALOA,1.6073,value,3,14,1.6073
COP2526-068,,MANAGEMENT,University of Peradeniya,AMPARA,1.6178,value,3,14,1.6178
COP2526-068,,MANAGEMENT,University of Peradeniya,PUTTALAM,1.6123,value,3,14,1.6123
COP2526-068,,MANAGEMENT,University of Peradeniya,KURUNEGALA,1.5943,value,3,14,1.5943
COP2526-068,,MANAGEMENT,University of Peradeniya,ANURADHAPURA,1.6018,value,3,14,1.6018
COP2526-068,,MANAGEMENT,University of Peradeniya,POLONNARUWA,1.6096,value,3,14,1.6096
COP2526-068,,MANAGEMENT,University of Peradeniya,BADULLA,1.6042,value,3,14,1.6042
COP2526-068,,MANAGEMENT,University of Peradeniya,MONARAGALA,1.6034,value,3,14,1.6034
COP2526-068,,MANAGEMENT,University of Peradeniya,KEGALLE,1.6056,value,3,14,1.6056
COP2526-068,,MANAGEMENT,University of Peradeniya,RATNAPURA,1.5976,value,3,14,1.5976
COP2526-069,,MANAGEMENT,University of Sri Jayewardenepura,COLOMBO,1.8054,value,3,15,1.8054
COP2526-069,,MANAGEMENT,University of Sri Jayewardenepura,GAMPAHA,1.8011,value,3,15,1.8011
COP2526-069,,MANAGEMENT,University of Sri Jayewardenepura,KALUTARA,1.8034,value,3,15,1.8034
COP2526-069,,MANAGEMENT,University of Sri Jayewardenepura,MATALE,1.8607,value,3,15,1.8607
COP2526-069,,MANAGEMENT,University of Sri Jayewardenepura,KANDY,1.8010,value,3,15,1.8010
COP2526-069,,MANAGEMENT,University of Sri Jayewardenepura,NUWARA ELIYA,1.8009,value,3,15,1.8009
COP2526-069,,MANAGEMENT,University of Sri Jayewardenepura,GALLE,1.8036,value,3,15,1.8036
COP2526-069,,MANAGEMENT,University of Sri Jayewardenepura,MATARA,1.8104,value,3,15,1.8104
COP2526-069,,MANAGEMENT,University of Sri Jayewardenepura,HAMBANTOTA,1.8278,value,3,15,1.8278
COP2526-069,,MANAGEMENT,University of Sri Jayewardenepura,JAFFNA,1.8828,value,3,15,1.8828
COP2526-069,,MANAGEMENT,University of Sri Jayewardenepura,KILINOCHCHI,1.8346,value,3,15,1.8346
COP2526-069,,MANAGEMENT,University of Sri Jayewardenepura,MANNAR,1.7985,value,3,15,1.7985
COP2526-069,,MANAGEMENT,University of Sri Jayewardenepura,MULLAITIVU,1.9085,value,3,15,1.9085
COP2526-069,,MANAGEMENT,University of Sri Jayewardenepura,VAVUNIYA,1.8467,value,3,15,1.8467
COP2526-069,,MANAGEMENT,University of Sri Jayewardenepura,TRINCOMALEE,1.8135,value,3,15,1.8135
COP2526-069,,MANAGEMENT,University of Sri Jayewardenepura,BATTICALOA,1.8003,value,3,15,1.8003
COP2526-069,,MANAGEMENT,University of Sri Jayewardenepura,AMPARA,1.8463,value,3,15,1.8463
COP2526-069,,MANAGEMENT,University of Sri Jayewardenepura,PUTTALAM,1.9134,value,3,15,1.9134
COP2526-069,,MANAGEMENT,University of Sri Jayewardenepura,KURUNEGALA,1.8012,value,3,15,1.8012
COP2526-069,,MANAGEMENT,University of Sri Jayewardenepura,ANURADHAPURA,1.8037,value,3,15,1.8037
COP2526-069,,MANAGEMENT,University of Sri Jayewardenepura,POLONNARUWA,1.8154,value,3,15,1.8154
COP2526-069,,MANAGEMENT,University of Sri Jayewardenepura,BADULLA,1.7998,value,3,15,1.7998
COP2526-069,,MANAGEMENT,University of Sri Jayewardenepura,MONARAGALA,1.9029,value,3,15,1.9029
COP2526-069,,MANAGEMENT,University of Sri Jayewardenepura,KEGALLE,1.8782,value,3,15,1.8782
COP2526-069,,MANAGEMENT,University of Sri Jayewardenepura,RATNAPURA,1.8004,value,3,15,1.8004
COP2526-070,,MANAGEMENT,University of Kelaniya,COLOMBO,1.6668,value,3,16,1.6668
COP2526-070,,MANAGEMENT,University of Kelaniya,GAMPAHA,1.6654,value,3,16,1.6654
COP2526-070,,MANAGEMENT,University of Kelaniya,KALUTARA,1.6670,value,3,16,1.6670
COP2526-070,,MANAGEMENT,University of Kelaniya,MATALE,1.6678,value,3,16,1.6678
COP2526-070,,MANAGEMENT,University of Kelaniya,KANDY,1.6662,value,3,16,1.6662
COP2526-070,,MANAGEMENT,University of Kelaniya,NUWARA ELIYA,1.6720,value,3,16,1.6720
COP2526-070,,MANAGEMENT,University of Kelaniya,GALLE,1.6732,value,3,16,1.6732
COP2526-070,,MANAGEMENT,University of Kelaniya,MATARA,1.6654,value,3,16,1.6654
COP2526-070,,MANAGEMENT,University of Kelaniya,HAMBANTOTA,1.6987,value,3,16,1.6987
COP2526-070,,MANAGEMENT,University of Kelaniya,JAFFNA,1.7303,value,3,16,1.7303
COP2526-070,,MANAGEMENT,University of Kelaniya,KILINOCHCHI,,NQC,3,16,NQC
COP2526-070,,MANAGEMENT,University of Kelaniya,MANNAR,,NQC,3,16,NQC
COP2526-070,,MANAGEMENT,University of Kelaniya,MULLAITIVU,,NQC,3,16,NQC
COP2526-070,,MANAGEMENT,University of Kelaniya,VAVUNIYA,1.6914,value,3,16,1.6914
COP2526-070,,MANAGEMENT,University of Kelaniya,TRINCOMALEE,1.7730,value,3,16,1.7730
COP2526-070,,MANAGEMENT,University of Kelaniya,BATTICALOA,1.6760,value,3,16,1.6760
COP2526-070,,MANAGEMENT,University of Kelaniya,AMPARA,1.6705,value,3,16,1.6705
COP2526-070,,MANAGEMENT,University of Kelaniya,PUTTALAM,1.6772,value,3,16,1.6772
COP2526-070,,MANAGEMENT,University of Kelaniya,KURUNEGALA,1.6668,value,3,16,1.6668
COP2526-070,,MANAGEMENT,University of Kelaniya,ANURADHAPURA,1.6726,value,3,16,1.6726
COP2526-070,,MANAGEMENT,University of Kelaniya,POLONNARUWA,1.7159,value,3,16,1.7159
COP2526-070,,MANAGEMENT,University of Kelaniya,BADULLA,1.6782,value,3,16,1.6782
COP2526-070,,MANAGEMENT,University of Kelaniya,MONARAGALA,1.6934,value,3,16,1.6934
COP2526-070,,MANAGEMENT,University of Kelaniya,KEGALLE,1.6697,value,3,16,1.6697
COP2526-070,,MANAGEMENT,University of Kelaniya,RATNAPURA,1.6654,value,3,16,1.6654
COP2526-071,,MANAGEMENT,University of Jaffna,COLOMBO,1.3407,value,3,17,1.3407
COP2526-071,,MANAGEMENT,University of Jaffna,GAMPAHA,1.2975,value,3,17,1.2975
COP2526-071,,MANAGEMENT,University of Jaffna,KALUTARA,1.3630,value,3,17,1.3630
COP2526-071,,MANAGEMENT,University of Jaffna,MATALE,1.4707,value,3,17,1.4707
COP2526-071,,MANAGEMENT,University of Jaffna,KANDY,1.2394,value,3,17,1.2394
COP2526-071,,MANAGEMENT,University of Jaffna,NUWARA ELIYA,1.1314,value,3,17,1.1314
COP2526-071,,MANAGEMENT,University of Jaffna,GALLE,,NQC,3,17,NQC
COP2526-071,,MANAGEMENT,University of Jaffna,MATARA,,NQC,3,17,NQC
COP2526-071,,MANAGEMENT,University of Jaffna,HAMBANTOTA,1.0966,value,3,17,1.0966
COP2526-071,,MANAGEMENT,University of Jaffna,JAFFNA,1.1108,value,3,17,1.1108
COP2526-071,,MANAGEMENT,University of Jaffna,KILINOCHCHI,1.0377,value,3,17,1.0377
COP2526-071,,MANAGEMENT,University of Jaffna,MANNAR,1.0710,value,3,17,1.0710
COP2526-071,,MANAGEMENT,University of Jaffna,MULLAITIVU,1.0419,value,3,17,1.0419
COP2526-071,,MANAGEMENT,University of Jaffna,VAVUNIYA,1.0636,value,3,17,1.0636
COP2526-071,,MANAGEMENT,University of Jaffna,TRINCOMALEE,1.0381,value,3,17,1.0381
COP2526-071,,MANAGEMENT,University of Jaffna,BATTICALOA,1.0639,value,3,17,1.0639
COP2526-071,,MANAGEMENT,University of Jaffna,AMPARA,1.0408,value,3,17,1.0408
COP2526-071,,MANAGEMENT,University of Jaffna,PUTTALAM,1.1648,value,3,17,1.1648
COP2526-071,,MANAGEMENT,University of Jaffna,KURUNEGALA,1.3395,value,3,17,1.3395
COP2526-071,,MANAGEMENT,University of Jaffna,ANURADHAPURA,1.1492,value,3,17,1.1492
COP2526-071,,MANAGEMENT,University of Jaffna,POLONNARUWA,1.1043,value,3,17,1.1043
COP2526-071,,MANAGEMENT,University of Jaffna,BADULLA,1.1994,value,3,17,1.1994
COP2526-071,,MANAGEMENT,University of Jaffna,MONARAGALA,1.2305,value,3,17,1.2305
COP2526-071,,MANAGEMENT,University of Jaffna,KEGALLE,1.3476,value,3,17,1.3476
COP2526-071,,MANAGEMENT,University of Jaffna,RATNAPURA,1.3049,value,3,17,1.3049
COP2526-072,,MANAGEMENT,University of Ruhuna,COLOMBO,1.4584,value,3,18,1.4584
COP2526-072,,MANAGEMENT,University of Ruhuna,GAMPAHA,1.4623,value,3,18,1.4623
COP2526-072,,MANAGEMENT,University of Ruhuna,KALUTARA,1.4586,value,3,18,1.4586
COP2526-072,,MANAGEMENT,University of Ruhuna,MATALE,1.4589,value,3,18,1.4589
COP2526-072,,MANAGEMENT,University of Ruhuna,KANDY,1.4586,value,3,18,1.4586
COP2526-072,,MANAGEMENT,University of Ruhuna,NUWARA ELIYA,1.4780,value,3,18,1.4780
COP2526-072,,MANAGEMENT,University of Ruhuna,GALLE,1.4583,value,3,18,1.4583
COP2526-072,,MANAGEMENT,University of Ruhuna,MATARA,1.4583,value,3,18,1.4583
COP2526-072,,MANAGEMENT,University of Ruhuna,HAMBANTOTA,1.4627,value,3,18,1.4627
COP2526-072,,MANAGEMENT,University of Ruhuna,JAFFNA,1.5059,value,3,18,1.5059
COP2526-072,,MANAGEMENT,University of Ruhuna,KILINOCHCHI,,NQC,3,18,NQC
COP2526-072,,MANAGEMENT,University of Ruhuna,MANNAR,,NQC,3,18,NQC
COP2526-072,,MANAGEMENT,University of Ruhuna,MULLAITIVU,1.4779,value,3,18,1.4779
COP2526-072,,MANAGEMENT,University of Ruhuna,VAVUNIYA,,NQC,3,18,NQC
COP2526-072,,MANAGEMENT,University of Ruhuna,TRINCOMALEE,1.4720,value,3,18,1.4720
COP2526-072,,MANAGEMENT,University of Ruhuna,BATTICALOA,1.4690,value,3,18,1.4690
COP2526-072,,MANAGEMENT,University of Ruhuna,AMPARA,1.4827,value,3,18,1.4827
COP2526-072,,MANAGEMENT,University of Ruhuna,PUTTALAM,1.4598,value,3,18,1.4598
COP2526-072,,MANAGEMENT,University of Ruhuna,KURUNEGALA,1.4584,value,3,18,1.4584
COP2526-072,,MANAGEMENT,University of Ruhuna,ANURADHAPURA,1.4618,value,3,18,1.4618
COP2526-072,,MANAGEMENT,University of Ruhuna,POLONNARUWA,1.4647,value,3,18,1.4647
COP2526-072,,MANAGEMENT,University of Ruhuna,BADULLA,1.4584,value,3,18,1.4584
COP2526-072,,MANAGEMENT,University of Ruhuna,MONARAGALA,1.4579,value,3,18,1.4579
COP2526-072,,MANAGEMENT,University of Ruhuna,KEGALLE,1.4582,value,3,18,1.4582
COP2526-072,,MANAGEMENT,University of Ruhuna,RATNAPURA,1.4653,value,3,18,1.4653
COP2526-073,,MANAGEMENT,"Eastern University, Sri Lanka",COLOMBO,1.3470,value,3,19,1.3470
COP2526-073,,MANAGEMENT,"Eastern University, Sri Lanka",GAMPAHA,1.3179,value,3,19,1.3179
COP2526-073,,MANAGEMENT,"Eastern University, Sri Lanka",KALUTARA,1.4551,value,3,19,1.4551
COP2526-073,,MANAGEMENT,"Eastern University, Sri Lanka",MATALE,,NQC,3,19,NQC
COP2526-073,,MANAGEMENT,"Eastern University, Sri Lanka",KANDY,1.2394,value,3,19,1.2394
COP2526-073,,MANAGEMENT,"Eastern University, Sri Lanka",NUWARA ELIYA,1.1189,value,3,19,1.1189
COP2526-073,,MANAGEMENT,"Eastern University, Sri Lanka",GALLE,1.4398,value,3,19,1.4398
COP2526-073,,MANAGEMENT,"Eastern University, Sri Lanka",MATARA,,NQC,3,19,NQC
COP2526-073,,MANAGEMENT,"Eastern University, Sri Lanka",HAMBANTOTA,1.1838,value,3,19,1.1838
COP2526-073,,MANAGEMENT,"Eastern University, Sri Lanka",JAFFNA,1.1302,value,3,19,1.1302
COP2526-073,,MANAGEMENT,"Eastern University, Sri Lanka",KILINOCHCHI,0.7969,value,3,19,0.7969
COP2526-073,,MANAGEMENT,"Eastern University, Sri Lanka",MANNAR,0.8671,value,3,19,0.8671
COP2526-073,,MANAGEMENT,"Eastern University, Sri Lanka",MULLAITIVU,1.0032,value,3,19,1.0032
COP2526-073,,MANAGEMENT,"Eastern University, Sri Lanka",VAVUNIYA,,NQC,3,19,NQC
COP2526-073,,MANAGEMENT,"Eastern University, Sri Lanka",TRINCOMALEE,0.8457,value,3,19,0.8457
COP2526-073,,MANAGEMENT,"Eastern University, Sri Lanka",BATTICALOA,1.0538,value,3,19,1.0538
COP2526-073,,MANAGEMENT,"Eastern University, Sri Lanka",AMPARA,1.0044,value,3,19,1.0044
COP2526-073,,MANAGEMENT,"Eastern University, Sri Lanka",PUTTALAM,1.1747,value,3,19,1.1747
COP2526-073,,MANAGEMENT,"Eastern University, Sri Lanka",KURUNEGALA,,NQC,3,19,NQC
COP2526-073,,MANAGEMENT,"Eastern University, Sri Lanka",ANURADHAPURA,1.1551,value,3,19,1.1551
COP2526-073,,MANAGEMENT,"Eastern University, Sri Lanka",POLONNARUWA,1.1920,value,3,19,1.1920
COP2526-073,,MANAGEMENT,"Eastern University, Sri Lanka",BADULLA,1.2020,value,3,19,1.2020
COP2526-073,,MANAGEMENT,"Eastern University, Sri Lanka",MONARAGALA,1.2281,value,3,19,1.2281
COP2526-073,,MANAGEMENT,"Eastern University, Sri Lanka",KEGALLE,1.3213,value,3,19,1.3213
COP2526-073,,MANAGEMENT,"Eastern University, Sri Lanka",RATNAPURA,1.3193,value,3,19,1.3193
COP2526-074,,MANAGEMENT,South Eastern University of Sri Lanka,COLOMBO,1.3460,value,3,20,1.3460
COP2526-074,,MANAGEMENT,South Eastern University of Sri Lanka,GAMPAHA,,NQC,3,20,NQC
COP2526-074,,MANAGEMENT,South Eastern University of Sri Lanka,KALUTARA,,NQC,3,20,NQC
COP2526-074,,MANAGEMENT,South Eastern University of Sri Lanka,MATALE,1.4324,value,3,20,1.4324
COP2526-074,,MANAGEMENT,South Eastern University of Sri Lanka,KANDY,1.2408,value,3,20,1.2408
COP2526-074,,MANAGEMENT,South Eastern University of Sri Lanka,NUWARA ELIYA,1.1298,value,3,20,1.1298
COP2526-074,,MANAGEMENT,South Eastern University of Sri Lanka,GALLE,,NQC,3,20,NQC
COP2526-074,,MANAGEMENT,South Eastern University of Sri Lanka,MATARA,,NQC,3,20,NQC
COP2526-074,,MANAGEMENT,South Eastern University of Sri Lanka,HAMBANTOTA,1.1001,value,3,20,1.1001
COP2526-074,,MANAGEMENT,South Eastern University of Sri Lanka,JAFFNA,1.1317,value,3,20,1.1317
COP2526-074,,MANAGEMENT,South Eastern University of Sri Lanka,KILINOCHCHI,0.7849,value,3,20,0.7849
COP2526-074,,MANAGEMENT,South Eastern University of Sri Lanka,MANNAR,0.8069,value,3,20,0.8069
COP2526-074,,MANAGEMENT,South Eastern University of Sri Lanka,MULLAITIVU,1.1226,value,3,20,1.1226
COP2526-074,,MANAGEMENT,South Eastern University of Sri Lanka,VAVUNIYA,,NQC,3,20,NQC
COP2526-074,,MANAGEMENT,South Eastern University of Sri Lanka,TRINCOMALEE,0.8817,value,3,20,0.8817
COP2526-074,,MANAGEMENT,South Eastern University of Sri Lanka,BATTICALOA,1.0945,value,3,20,1.0945
COP2526-074,,MANAGEMENT,South Eastern University of Sri Lanka,AMPARA,1.0018,value,3,20,1.0018
COP2526-074,,MANAGEMENT,South Eastern University of Sri Lanka,PUTTALAM,1.1762,value,3,20,1.1762
COP2526-074,,MANAGEMENT,South Eastern University of Sri Lanka,KURUNEGALA,,NQC,3,20,NQC
COP2526-074,,MANAGEMENT,South Eastern University of Sri Lanka,ANURADHAPURA,,NQC,3,20,NQC
COP2526-074,,MANAGEMENT,South Eastern University of Sri Lanka,POLONNARUWA,1.2556,value,3,20,1.2556
COP2526-074,,MANAGEMENT,South Eastern University of Sri Lanka,BADULLA,1.2663,value,3,20,1.2663
COP2526-074,,MANAGEMENT,South Eastern University of Sri Lanka,MONARAGALA,1.2309,value,3,20,1.2309
COP2526-074,,MANAGEMENT,South Eastern University of Sri Lanka,KEGALLE,,NQC,3,20,NQC
COP2526-074,,MANAGEMENT,South Eastern University of Sri Lanka,RATNAPURA,1.3115,value,3,20,1.3115
COP2526-075,,MANAGEMENT,Rajarata University of Sri Lanka,COLOMBO,1.3409,value,3,21,1.3409
COP2526-075,,MANAGEMENT,Rajarata University of Sri Lanka,GAMPAHA,1.2973,value,3,21,1.2973
COP2526-075,,MANAGEMENT,Rajarata University of Sri Lanka,KALUTARA,1.3636,value,3,21,1.3636
COP2526-075,,MANAGEMENT,Rajarata University of Sri Lanka,MATALE,1.3133,value,3,21,1.3133
COP2526-075,,MANAGEMENT,Rajarata University of Sri Lanka,KANDY,1.2789,value,3,21,1.2789
COP2526-075,,MANAGEMENT,Rajarata University of Sri Lanka,NUWARA ELIYA,1.2780,value,3,21,1.2780
COP2526-075,,MANAGEMENT,Rajarata University of Sri Lanka,GALLE,1.4017,value,3,21,1.4017
COP2526-075,,MANAGEMENT,Rajarata University of Sri Lanka,MATARA,1.3933,value,3,21,1.3933
COP2526-075,,MANAGEMENT,Rajarata University of Sri Lanka,HAMBANTOTA,1.2767,value,3,21,1.2767
COP2526-075,,MANAGEMENT,Rajarata University of Sri Lanka,JAFFNA,1.2822,value,3,21,1.2822
COP2526-075,,MANAGEMENT,Rajarata University of Sri Lanka,KILINOCHCHI,,NQC,3,21,NQC
COP2526-075,,MANAGEMENT,Rajarata University of Sri Lanka,MANNAR,1.2835,value,3,21,1.2835
COP2526-075,,MANAGEMENT,Rajarata University of Sri Lanka,MULLAITIVU,,NQC,3,21,NQC
COP2526-075,,MANAGEMENT,Rajarata University of Sri Lanka,VAVUNIYA,1.3321,value,3,21,1.3321
COP2526-075,,MANAGEMENT,Rajarata University of Sri Lanka,TRINCOMALEE,1.2785,value,3,21,1.2785
COP2526-075,,MANAGEMENT,Rajarata University of Sri Lanka,BATTICALOA,1.2799,value,3,21,1.2799
COP2526-075,,MANAGEMENT,Rajarata University of Sri Lanka,AMPARA,1.2831,value,3,21,1.2831
COP2526-075,,MANAGEMENT,Rajarata University of Sri Lanka,PUTTALAM,1.2818,value,3,21,1.2818
COP2526-075,,MANAGEMENT,Rajarata University of Sri Lanka,KURUNEGALA,1.3386,value,3,21,1.3386
COP2526-075,,MANAGEMENT,Rajarata University of Sri Lanka,ANURADHAPURA,1.2777,value,3,21,1.2777
COP2526-075,,MANAGEMENT,Rajarata University of Sri Lanka,POLONNARUWA,1.2858,value,3,21,1.2858
COP2526-075,,MANAGEMENT,Rajarata University of Sri Lanka,BADULLA,1.2775,value,3,21,1.2775
COP2526-075,,MANAGEMENT,Rajarata University of Sri Lanka,MONARAGALA,1.2799,value,3,21,1.2799
COP2526-075,,MANAGEMENT,Rajarata University of Sri Lanka,KEGALLE,1.3213,value,3,21,1.3213
COP2526-075,,MANAGEMENT,Rajarata University of Sri Lanka,RATNAPURA,1.2968,value,3,21,1.2968
COP2526-076,,MANAGEMENT,Sabaragamuwa University of Sri Lanka,COLOMBO,1.3636,value,3,22,1.3636
COP2526-076,,MANAGEMENT,Sabaragamuwa University of Sri Lanka,GAMPAHA,1.3626,value,3,22,1.3626
COP2526-076,,MANAGEMENT,Sabaragamuwa University of Sri Lanka,KALUTARA,1.3620,value,3,22,1.3620
COP2526-076,,MANAGEMENT,Sabaragamuwa University of Sri Lanka,MATALE,1.3944,value,3,22,1.3944
COP2526-076,,MANAGEMENT,Sabaragamuwa University of Sri Lanka,KANDY,1.3826,value,3,22,1.3826
COP2526-076,,MANAGEMENT,Sabaragamuwa University of Sri Lanka,NUWARA ELIYA,1.3784,value,3,22,1.3784
COP2526-076,,MANAGEMENT,Sabaragamuwa University of Sri Lanka,GALLE,1.3620,value,3,22,1.3620
COP2526-076,,MANAGEMENT,Sabaragamuwa University of Sri Lanka,MATARA,1.3889,value,3,22,1.3889
COP2526-076,,MANAGEMENT,Sabaragamuwa University of Sri Lanka,HAMBANTOTA,1.3712,value,3,22,1.3712
COP2526-076,,MANAGEMENT,Sabaragamuwa University of Sri Lanka,JAFFNA,,NQC,3,22,NQC
COP2526-076,,MANAGEMENT,Sabaragamuwa University of Sri Lanka,KILINOCHCHI,,NQC,3,22,NQC
COP2526-076,,MANAGEMENT,Sabaragamuwa University of Sri Lanka,MANNAR,1.4087,value,3,22,1.4087
COP2526-076,,MANAGEMENT,Sabaragamuwa University of Sri Lanka,MULLAITIVU,,NQC,3,22,NQC
COP2526-076,,MANAGEMENT,Sabaragamuwa University of Sri Lanka,VAVUNIYA,,NQC,3,22,NQC
COP2526-076,,MANAGEMENT,Sabaragamuwa University of Sri Lanka,TRINCOMALEE,,NQC,3,22,NQC
COP2526-076,,MANAGEMENT,Sabaragamuwa University of Sri Lanka,BATTICALOA,,NQC,3,22,NQC
COP2526-076,,MANAGEMENT,Sabaragamuwa University of Sri Lanka,AMPARA,1.3785,value,3,22,1.3785
COP2526-076,,MANAGEMENT,Sabaragamuwa University of Sri Lanka,PUTTALAM,1.4044,value,3,22,1.4044
COP2526-076,,MANAGEMENT,Sabaragamuwa University of Sri Lanka,KURUNEGALA,1.3616,value,3,22,1.3616
COP2526-076,,MANAGEMENT,Sabaragamuwa University of Sri Lanka,ANURADHAPURA,1.3700,value,3,22,1.3700
COP2526-076,,MANAGEMENT,Sabaragamuwa University of Sri Lanka,POLONNARUWA,1.3644,value,3,22,1.3644
COP2526-076,,MANAGEMENT,Sabaragamuwa University of Sri Lanka,BADULLA,1.3621,value,3,22,1.3621
COP2526-076,,MANAGEMENT,Sabaragamuwa University of Sri Lanka,MONARAGALA,1.3743,value,3,22,1.3743
COP2526-076,,MANAGEMENT,Sabaragamuwa University of Sri Lanka,KEGALLE,1.3621,value,3,22,1.3621
COP2526-076,,MANAGEMENT,Sabaragamuwa University of Sri Lanka,RATNAPURA,1.3648,value,3,22,1.3648
COP2526-077,,MANAGEMENT,Wayamba University of Sri Lanka,COLOMBO,1.3562,value,3,23,1.3562
COP2526-077,,MANAGEMENT,Wayamba University of Sri Lanka,GAMPAHA,1.3541,value,3,23,1.3541
COP2526-077,,MANAGEMENT,Wayamba University of Sri Lanka,KALUTARA,1.3708,value,3,23,1.3708
COP2526-077,,MANAGEMENT,Wayamba University of Sri Lanka,MATALE,1.3541,value,3,23,1.3541
COP2526-077,,MANAGEMENT,Wayamba University of Sri Lanka,KANDY,1.3589,value,3,23,1.3589
COP2526-077,,MANAGEMENT,Wayamba University of Sri Lanka,NUWARA ELIYA,1.3611,value,3,23,1.3611
COP2526-077,,MANAGEMENT,Wayamba University of Sri Lanka,GALLE,1.3660,value,3,23,1.3660
COP2526-077,,MANAGEMENT,Wayamba University of Sri Lanka,MATARA,1.3889,value,3,23,1.3889
COP2526-077,,MANAGEMENT,Wayamba University of Sri Lanka,HAMBANTOTA,1.3577,value,3,23,1.3577
COP2526-077,,MANAGEMENT,Wayamba University of Sri Lanka,JAFFNA,1.5801,value,3,23,1.5801
COP2526-077,,MANAGEMENT,Wayamba University of Sri Lanka,KILINOCHCHI,,NQC,3,23,NQC
COP2526-077,,MANAGEMENT,Wayamba University of Sri Lanka,MANNAR,,NQC,3,23,NQC
COP2526-077,,MANAGEMENT,Wayamba University of Sri Lanka,MULLAITIVU,,NQC,3,23,NQC
COP2526-077,,MANAGEMENT,Wayamba University of Sri Lanka,VAVUNIYA,,NQC,3,23,NQC
COP2526-077,,MANAGEMENT,Wayamba University of Sri Lanka,TRINCOMALEE,1.3587,value,3,23,1.3587
COP2526-077,,MANAGEMENT,Wayamba University of Sri Lanka,BATTICALOA,1.3932,value,3,23,1.3932
COP2526-077,,MANAGEMENT,Wayamba University of Sri Lanka,AMPARA,1.3981,value,3,23,1.3981
COP2526-077,,MANAGEMENT,Wayamba University of Sri Lanka,PUTTALAM,1.3582,value,3,23,1.3582
COP2526-077,,MANAGEMENT,Wayamba University of Sri Lanka,KURUNEGALA,1.3615,value,3,23,1.3615
COP2526-077,,MANAGEMENT,Wayamba University of Sri Lanka,ANURADHAPURA,1.3573,value,3,23,1.3573
COP2526-077,,MANAGEMENT,Wayamba University of Sri Lanka,POLONNARUWA,1.3644,value,3,23,1.3644
COP2526-077,,MANAGEMENT,Wayamba University of Sri Lanka,BADULLA,1.3556,value,3,23,1.3556
COP2526-077,,MANAGEMENT,Wayamba University of Sri Lanka,MONARAGALA,1.3656,value,3,23,1.3656
COP2526-077,,MANAGEMENT,Wayamba University of Sri Lanka,KEGALLE,1.3566,value,3,23,1.3566
COP2526-077,,MANAGEMENT,Wayamba University of Sri Lanka,RATNAPURA,1.3554,value,3,23,1.3554
COP2526-078,,REAL ESTATE MANAGEMENT & VALUATION,University of Sri Jayewardenepura,COLOMBO,1.6110,value,3,24,1.6110
COP2526-078,,REAL ESTATE MANAGEMENT & VALUATION,University of Sri Jayewardenepura,GAMPAHA,1.5072,value,3,24,1.5072
COP2526-078,,REAL ESTATE MANAGEMENT & VALUATION,University of Sri Jayewardenepura,KALUTARA,1.6067,value,3,24,1.6067
COP2526-078,,REAL ESTATE MANAGEMENT & VALUATION,University of Sri Jayewardenepura,MATALE,1.6339,value,3,24,1.6339
COP2526-078,,REAL ESTATE MANAGEMENT & VALUATION,University of Sri Jayewardenepura,KANDY,1.5943,value,3,24,1.5943
COP2526-078,,REAL ESTATE MANAGEMENT & VALUATION,University of Sri Jayewardenepura,NUWARA ELIYA,1.5517,value,3,24,1.5517
COP2526-078,,REAL ESTATE MANAGEMENT & VALUATION,University of Sri Jayewardenepura,GALLE,1.5902,value,3,24,1.5902
COP2526-078,,REAL ESTATE MANAGEMENT & VALUATION,University of Sri Jayewardenepura,MATARA,1.6343,value,3,24,1.6343
COP2526-078,,REAL ESTATE MANAGEMENT & VALUATION,University of Sri Jayewardenepura,HAMBANTOTA,1.6086,value,3,24,1.6086
COP2526-078,,REAL ESTATE MANAGEMENT & VALUATION,University of Sri Jayewardenepura,JAFFNA,1.3929,value,3,24,1.3929
COP2526-078,,REAL ESTATE MANAGEMENT & VALUATION,University of Sri Jayewardenepura,KILINOCHCHI,1.5216,value,3,24,1.5216
COP2526-078,,REAL ESTATE MANAGEMENT & VALUATION,University of Sri Jayewardenepura,MANNAR,1.4792,value,3,24,1.4792
COP2526-078,,REAL ESTATE MANAGEMENT & VALUATION,University of Sri Jayewardenepura,MULLAITIVU,1.2457,value,3,24,1.2457
COP2526-078,,REAL ESTATE MANAGEMENT & VALUATION,University of Sri Jayewardenepura,VAVUNIYA,1.5066,value,3,24,1.5066
COP2526-078,,REAL ESTATE MANAGEMENT & VALUATION,University of Sri Jayewardenepura,TRINCOMALEE,1.5258,value,3,24,1.5258
COP2526-078,,REAL ESTATE MANAGEMENT & VALUATION,University of Sri Jayewardenepura,BATTICALOA,1.3541,value,3,24,1.3541
COP2526-078,,REAL ESTATE MANAGEMENT & VALUATION,University of Sri Jayewardenepura,AMPARA,1.3251,value,3,24,1.3251
COP2526-078,,REAL ESTATE MANAGEMENT & VALUATION,University of Sri Jayewardenepura,PUTTALAM,1.4765,value,3,24,1.4765
COP2526-078,,REAL ESTATE MANAGEMENT & VALUATION,University of Sri Jayewardenepura,KURUNEGALA,1.5589,value,3,24,1.5589
COP2526-078,,REAL ESTATE MANAGEMENT & VALUATION,University of Sri Jayewardenepura,ANURADHAPURA,1.5605,value,3,24,1.5605
COP2526-078,,REAL ESTATE MANAGEMENT & VALUATION,University of Sri Jayewardenepura,POLONNARUWA,1.4520,value,3,24,1.4520
COP2526-078,,REAL ESTATE MANAGEMENT & VALUATION,University of Sri Jayewardenepura,BADULLA,1.5978,value,3,24,1.5978
COP2526-078,,REAL ESTATE MANAGEMENT & VALUATION,University of Sri Jayewardenepura,MONARAGALA,1.5871,value,3,24,1.5871
COP2526-078,,REAL ESTATE MANAGEMENT & VALUATION,University of Sri Jayewardenepura,KEGALLE,1.6063,value,3,24,1.6063
COP2526-078,,REAL ESTATE MANAGEMENT & VALUATION,University of Sri Jayewardenepura,RATNAPURA,1.5824,value,3,24,1.5824
COP2526-079,,COMMERCE,University of Sri Jayewardenepura,COLOMBO,1.6280,value,3,25,1.6280
COP2526-079,,COMMERCE,University of Sri Jayewardenepura,GAMPAHA,1.6316,value,3,25,1.6316
COP2526-079,,COMMERCE,University of Sri Jayewardenepura,KALUTARA,1.6337,value,3,25,1.6337
COP2526-079,,COMMERCE,University of Sri Jayewardenepura,MATALE,1.6718,value,3,25,1.6718
COP2526-079,,COMMERCE,University of Sri Jayewardenepura,KANDY,1.6310,value,3,25,1.6310
COP2526-079,,COMMERCE,University of Sri Jayewardenepura,NUWARA ELIYA,,NQC,3,25,NQC
COP2526-079,,COMMERCE,University of Sri Jayewardenepura,GALLE,1.6336,value,3,25,1.6336
COP2526-079,,COMMERCE,University of Sri Jayewardenepura,MATARA,1.6563,value,3,25,1.6563
COP2526-079,,COMMERCE,University of Sri Jayewardenepura,HAMBANTOTA,1.6368,value,3,25,1.6368
COP2526-079,,COMMERCE,University of Sri Jayewardenepura,JAFFNA,,NQC,3,25,NQC
COP2526-079,,COMMERCE,University of Sri Jayewardenepura,KILINOCHCHI,,NQC,3,25,NQC
COP2526-079,,COMMERCE,University of Sri Jayewardenepura,MANNAR,1.7507,value,3,25,1.7507
COP2526-079,,COMMERCE,University of Sri Jayewardenepura,MULLAITIVU,,NQC,3,25,NQC
COP2526-079,,COMMERCE,University of Sri Jayewardenepura,VAVUNIYA,1.6602,value,3,25,1.6602
COP2526-079,,COMMERCE,University of Sri Jayewardenepura,TRINCOMALEE,,NQC,3,25,NQC
COP2526-079,,COMMERCE,University of Sri Jayewardenepura,BATTICALOA,1.6530,value,3,25,1.6530
COP2526-079,,COMMERCE,University of Sri Jayewardenepura,AMPARA,,NQC,3,25,NQC
COP2526-079,,COMMERCE,University of Sri Jayewardenepura,PUTTALAM,,NQC,3,25,NQC
COP2526-079,,COMMERCE,University of Sri Jayewardenepura,KURUNEGALA,1.6294,value,3,25,1.6294
COP2526-079,,COMMERCE,University of Sri Jayewardenepura,ANURADHAPURA,1.6370,value,3,25,1.6370
COP2526-079,,COMMERCE,University of Sri Jayewardenepura,POLONNARUWA,,NQC,3,25,NQC
COP2526-079,,COMMERCE,University of Sri Jayewardenepura,BADULLA,1.6934,value,3,25,1.6934
COP2526-079,,COMMERCE,University of Sri Jayewardenepura,MONARAGALA,1.6324,value,3,25,1.6324
COP2526-079,,COMMERCE,University of Sri Jayewardenepura,KEGALLE,1.6370,value,3,25,1.6370
COP2526-079,,COMMERCE,University of Sri Jayewardenepura,RATNAPURA,1.6294,value,3,25,1.6294
COP2526-080,,COMMERCE,University of Kelaniya,COLOMBO,1.5187,value,3,26,1.5187
COP2526-080,,COMMERCE,University of Kelaniya,GAMPAHA,1.5197,value,3,26,1.5197
COP2526-080,,COMMERCE,University of Kelaniya,KALUTARA,1.5191,value,3,26,1.5191
COP2526-080,,COMMERCE,University of Kelaniya,MATALE,1.5313,value,3,26,1.5313
COP2526-080,,COMMERCE,University of Kelaniya,KANDY,1.5187,value,3,26,1.5187
COP2526-080,,COMMERCE,University of Kelaniya,NUWARA ELIYA,1.5240,value,3,26,1.5240
COP2526-080,,COMMERCE,University of Kelaniya,GALLE,1.5171,value,3,26,1.5171
COP2526-080,,COMMERCE,University of Kelaniya,MATARA,1.5179,value,3,26,1.5179
COP2526-080,,COMMERCE,University of Kelaniya,HAMBANTOTA,1.5377,value,3,26,1.5377
COP2526-080,,COMMERCE,University of Kelaniya,JAFFNA,,NQC,3,26,NQC
COP2526-080,,COMMERCE,University of Kelaniya,KILINOCHCHI,,NQC,3,26,NQC
COP2526-080,,COMMERCE,University of Kelaniya,MANNAR,,NQC,3,26,NQC
COP2526-080,,COMMERCE,University of Kelaniya,MULLAITIVU,,NQC,3,26,NQC
COP2526-080,,COMMERCE,University of Kelaniya,VAVUNIYA,,NQC,3,26,NQC
COP2526-080,,COMMERCE,University of Kelaniya,TRINCOMALEE,1.5366,value,3,26,1.5366
COP2526-080,,COMMERCE,University of Kelaniya,BATTICALOA,1.5467,value,3,26,1.5467
COP2526-080,,COMMERCE,University of Kelaniya,AMPARA,,NQC,3,26,NQC
COP2526-080,,COMMERCE,University of Kelaniya,PUTTALAM,1.5474,value,3,26,1.5474
COP2526-080,,COMMERCE,University of Kelaniya,KURUNEGALA,1.5205,value,3,26,1.5205
COP2526-080,,COMMERCE,University of Kelaniya,ANURADHAPURA,1.5393,value,3,26,1.5393
COP2526-080,,COMMERCE,University of Kelaniya,POLONNARUWA,1.5193,value,3,26,1.5193
COP2526-080,,COMMERCE,University of Kelaniya,BADULLA,1.5581,value,3,26,1.5581
COP2526-080,,COMMERCE,University of Kelaniya,MONARAGALA,1.5550,value,3,26,1.5550
COP2526-080,,COMMERCE,University of Kelaniya,KEGALLE,1.5198,value,3,26,1.5198
COP2526-080,,COMMERCE,University of Kelaniya,RATNAPURA,1.5241,value,3,26,1.5241
COP2526-081,,COMMERCE,University of Jaffna,COLOMBO,1.2894,value,3,27,1.2894
COP2526-081,,COMMERCE,University of Jaffna,GAMPAHA,1.2468,value,3,27,1.2468
COP2526-081,,COMMERCE,University of Jaffna,KALUTARA,1.2737,value,3,27,1.2737
COP2526-081,,COMMERCE,University of Jaffna,MATALE,1.2464,value,3,27,1.2464
COP2526-081,,COMMERCE,University of Jaffna,KANDY,1.2363,value,3,27,1.2363
COP2526-081,,COMMERCE,University of Jaffna,NUWARA ELIYA,1.3450,value,3,27,1.3450
COP2526-081,,COMMERCE,University of Jaffna,GALLE,1.3021,value,3,27,1.3021
COP2526-081,,COMMERCE,University of Jaffna,MATARA,1.2773,value,3,27,1.2773
COP2526-081,,COMMERCE,University of Jaffna,HAMBANTOTA,,NQC,3,27,NQC
COP2526-081,,COMMERCE,University of Jaffna,JAFFNA,,NQC,3,27,NQC
COP2526-081,,COMMERCE,University of Jaffna,KILINOCHCHI,,NQC,3,27,NQC
COP2526-081,,COMMERCE,University of Jaffna,MANNAR,,NQC,3,27,NQC
COP2526-081,,COMMERCE,University of Jaffna,MULLAITIVU,,NQC,3,27,NQC
COP2526-081,,COMMERCE,University of Jaffna,VAVUNIYA,,NQC,3,27,NQC
COP2526-081,,COMMERCE,University of Jaffna,TRINCOMALEE,,NQC,3,27,NQC
COP2526-081,,COMMERCE,University of Jaffna,BATTICALOA,,NQC,3,27,NQC
COP2526-081,,COMMERCE,University of Jaffna,AMPARA,,NQC,3,27,NQC
COP2526-081,,COMMERCE,University of Jaffna,PUTTALAM,1.3294,value,3,27,1.3294
COP2526-081,,COMMERCE,University of Jaffna,KURUNEGALA,1.2470,value,3,27,1.2470
COP2526-081,,COMMERCE,University of Jaffna,ANURADHAPURA,,NQC,3,27,NQC
COP2526-081,,COMMERCE,University of Jaffna,POLONNARUWA,,NQC,3,27,NQC
COP2526-081,,COMMERCE,University of Jaffna,BADULLA,,NQC,3,27,NQC
COP2526-081,,COMMERCE,University of Jaffna,MONARAGALA,,NQC,3,27,NQC
COP2526-081,,COMMERCE,University of Jaffna,KEGALLE,1.2765,value,3,27,1.2765
COP2526-081,,COMMERCE,University of Jaffna,RATNAPURA,1.2386,value,3,27,1.2386
COP2526-082,,COMMERCE,"Eastern University, Sri Lanka",COLOMBO,1.2884,value,4,1,1.2884
COP2526-082,,COMMERCE,"Eastern University, Sri Lanka",GAMPAHA,1.2482,value,4,1,1.2482
COP2526-082,,COMMERCE,"Eastern University, Sri Lanka",KALUTARA,1.2816,value,4,1,1.2816
COP2526-082,,COMMERCE,"Eastern University, Sri Lanka",MATALE,,NQC,4,1,NQC
COP2526-082,,COMMERCE,"Eastern University, Sri Lanka",KANDY,1.1920,value,4,1,1.1920
COP2526-082,,COMMERCE,"Eastern University, Sri Lanka",NUWARA ELIYA,1.0482,value,4,1,1.0482
COP2526-082,,COMMERCE,"Eastern University, Sri Lanka",GALLE,1.2969,value,4,1,1.2969
COP2526-082,,COMMERCE,"Eastern University, Sri Lanka",MATARA,1.2629,value,4,1,1.2629
COP2526-082,,COMMERCE,"Eastern University, Sri Lanka",HAMBANTOTA,1.0423,value,4,1,1.0423
COP2526-082,,COMMERCE,"Eastern University, Sri Lanka",JAFFNA,1.0091,value,4,1,1.0091
COP2526-082,,COMMERCE,"Eastern University, Sri Lanka",KILINOCHCHI,,NQC,4,1,NQC
COP2526-082,,COMMERCE,"Eastern University, Sri Lanka",MANNAR,,NQC,4,1,NQC
COP2526-082,,COMMERCE,"Eastern University, Sri Lanka",MULLAITIVU,1.0985,value,4,1,1.0985
COP2526-082,,COMMERCE,"Eastern University, Sri Lanka",VAVUNIYA,1.0128,value,4,1,1.0128
COP2526-082,,COMMERCE,"Eastern University, Sri Lanka",TRINCOMALEE,,NQC,4,1,NQC
COP2526-082,,COMMERCE,"Eastern University, Sri Lanka",BATTICALOA,0.9957,value,4,1,0.9957
COP2526-082,,COMMERCE,"Eastern University, Sri Lanka",AMPARA,0.9969,value,4,1,0.9969
COP2526-082,,COMMERCE,"Eastern University, Sri Lanka",PUTTALAM,1.0935,value,4,1,1.0935
COP2526-082,,COMMERCE,"Eastern University, Sri Lanka",KURUNEGALA,1.2585,value,4,1,1.2585
COP2526-082,,COMMERCE,"Eastern University, Sri Lanka",ANURADHAPURA,1.0575,value,4,1,1.0575
COP2526-082,,COMMERCE,"Eastern University, Sri Lanka",POLONNARUWA,1.0665,value,4,1,1.0665
COP2526-082,,COMMERCE,"Eastern University, Sri Lanka",BADULLA,1.1360,value,4,1,1.1360
COP2526-082,,COMMERCE,"Eastern University, Sri Lanka",MONARAGALA,1.1812,value,4,1,1.1812
COP2526-082,,COMMERCE,"Eastern University, Sri Lanka",KEGALLE,1.2896,value,4,1,1.2896
COP2526-082,,COMMERCE,"Eastern University, Sri Lanka",RATNAPURA,1.2113,value,4,1,1.2113
COP2526-083,,COMMERCE,South Eastern University of Sri Lanka,COLOMBO,1.2941,value,4,2,1.2941
COP2526-083,,COMMERCE,South Eastern University of Sri Lanka,GAMPAHA,1.2532,value,4,2,1.2532
COP2526-083,,COMMERCE,South Eastern University of Sri Lanka,KALUTARA,1.2711,value,4,2,1.2711
COP2526-083,,COMMERCE,South Eastern University of Sri Lanka,MATALE,1.2998,value,4,2,1.2998
COP2526-083,,COMMERCE,South Eastern University of Sri Lanka,KANDY,1.2131,value,4,2,1.2131
COP2526-083,,COMMERCE,South Eastern University of Sri Lanka,NUWARA ELIYA,1.0478,value,4,2,1.0478
COP2526-083,,COMMERCE,South Eastern University of Sri Lanka,GALLE,1.2899,value,4,2,1.2899
COP2526-083,,COMMERCE,South Eastern University of Sri Lanka,MATARA,1.2682,value,4,2,1.2682
COP2526-083,,COMMERCE,South Eastern University of Sri Lanka,HAMBANTOTA,1.0350,value,4,2,1.0350
COP2526-083,,COMMERCE,South Eastern University of Sri Lanka,JAFFNA,1.0192,value,4,2,1.0192
COP2526-083,,COMMERCE,South Eastern University of Sri Lanka,KILINOCHCHI,0.7017,value,4,2,0.7017
COP2526-083,,COMMERCE,South Eastern University of Sri Lanka,MANNAR,0.7786,value,4,2,0.7786
COP2526-083,,COMMERCE,South Eastern University of Sri Lanka,MULLAITIVU,0.9691,value,4,2,0.9691
COP2526-083,,COMMERCE,South Eastern University of Sri Lanka,VAVUNIYA,1.0021,value,4,2,1.0021
COP2526-083,,COMMERCE,South Eastern University of Sri Lanka,TRINCOMALEE,0.7536,value,4,2,0.7536
COP2526-083,,COMMERCE,South Eastern University of Sri Lanka,BATTICALOA,0.9669,value,4,2,0.9669
COP2526-083,,COMMERCE,South Eastern University of Sri Lanka,AMPARA,0.9252,value,4,2,0.9252
COP2526-083,,COMMERCE,South Eastern University of Sri Lanka,PUTTALAM,1.0725,value,4,2,1.0725
COP2526-083,,COMMERCE,South Eastern University of Sri Lanka,KURUNEGALA,1.2967,value,4,2,1.2967
COP2526-083,,COMMERCE,South Eastern University of Sri Lanka,ANURADHAPURA,1.0593,value,4,2,1.0593
COP2526-083,,COMMERCE,South Eastern University of Sri Lanka,POLONNARUWA,0.9664,value,4,2,0.9664
COP2526-083,,COMMERCE,South Eastern University of Sri Lanka,BADULLA,1.1401,value,4,2,1.1401
COP2526-083,,COMMERCE,South Eastern University of Sri Lanka,MONARAGALA,1.1712,value,4,2,1.1712
COP2526-083,,COMMERCE,South Eastern University of Sri Lanka,KEGALLE,,NQC,4,2,NQC
COP2526-083,,COMMERCE,South Eastern University of Sri Lanka,RATNAPURA,1.2025,value,4,2,1.2025
COP2526-084,,MANAGEMENT AND PUBLIC POLICY,University of Sri Jayewardenepura,COLOMBO,1.5556,value,4,3,1.5556
COP2526-084,,MANAGEMENT AND PUBLIC POLICY,University of Sri Jayewardenepura,GAMPAHA,1.4701,value,4,3,1.4701
COP2526-084,,MANAGEMENT AND PUBLIC POLICY,University of Sri Jayewardenepura,KALUTARA,1.4866,value,4,3,1.4866
COP2526-084,,MANAGEMENT AND PUBLIC POLICY,University of Sri Jayewardenepura,MATALE,1.5100,value,4,3,1.5100
COP2526-084,,MANAGEMENT AND PUBLIC POLICY,University of Sri Jayewardenepura,KANDY,1.4948,value,4,3,1.4948
COP2526-084,,MANAGEMENT AND PUBLIC POLICY,University of Sri Jayewardenepura,NUWARA ELIYA,1.5309,value,4,3,1.5309
COP2526-084,,MANAGEMENT AND PUBLIC POLICY,University of Sri Jayewardenepura,GALLE,1.4685,value,4,3,1.4685
COP2526-084,,MANAGEMENT AND PUBLIC POLICY,University of Sri Jayewardenepura,MATARA,1.4773,value,4,3,1.4773
COP2526-084,,MANAGEMENT AND PUBLIC POLICY,University of Sri Jayewardenepura,HAMBANTOTA,1.5029,value,4,3,1.5029
COP2526-084,,MANAGEMENT AND PUBLIC POLICY,University of Sri Jayewardenepura,JAFFNA,1.5080,value,4,3,1.5080
COP2526-084,,MANAGEMENT AND PUBLIC POLICY,University of Sri Jayewardenepura,KILINOCHCHI,1.5422,value,4,3,1.5422
COP2526-084,,MANAGEMENT AND PUBLIC POLICY,University of Sri Jayewardenepura,MANNAR,1.4888,value,4,3,1.4888
COP2526-084,,MANAGEMENT AND PUBLIC POLICY,University of Sri Jayewardenepura,MULLAITIVU,1.2876,value,4,3,1.2876
COP2526-084,,MANAGEMENT AND PUBLIC POLICY,University of Sri Jayewardenepura,VAVUNIYA,1.5537,value,4,3,1.5537
COP2526-084,,MANAGEMENT AND PUBLIC POLICY,University of Sri Jayewardenepura,TRINCOMALEE,1.5492,value,4,3,1.5492
COP2526-084,,MANAGEMENT AND PUBLIC POLICY,University of Sri Jayewardenepura,BATTICALOA,1.4870,value,4,3,1.4870
COP2526-084,,MANAGEMENT AND PUBLIC POLICY,University of Sri Jayewardenepura,AMPARA,1.3218,value,4,3,1.3218
COP2526-084,,MANAGEMENT AND PUBLIC POLICY,University of Sri Jayewardenepura,PUTTALAM,1.3843,value,4,3,1.3843
COP2526-084,,MANAGEMENT AND PUBLIC POLICY,University of Sri Jayewardenepura,KURUNEGALA,1.4559,value,4,3,1.4559
COP2526-084,,MANAGEMENT AND PUBLIC POLICY,University of Sri Jayewardenepura,ANURADHAPURA,1.4872,value,4,3,1.4872
COP2526-084,,MANAGEMENT AND PUBLIC POLICY,University of Sri Jayewardenepura,POLONNARUWA,1.5742,value,4,3,1.5742
COP2526-084,,MANAGEMENT AND PUBLIC POLICY,University of Sri Jayewardenepura,BADULLA,1.5103,value,4,3,1.5103
COP2526-084,,MANAGEMENT AND PUBLIC POLICY,University of Sri Jayewardenepura,MONARAGALA,1.5076,value,4,3,1.5076
COP2526-084,,MANAGEMENT AND PUBLIC POLICY,University of Sri Jayewardenepura,KEGALLE,1.5375,value,4,3,1.5375
COP2526-084,,MANAGEMENT AND PUBLIC POLICY,University of Sri Jayewardenepura,RATNAPURA,1.5722,value,4,3,1.5722
COP2526-085,,BUSINESS INFORMATION SYSTEMS (HONOURS) (BIS),University of Sri Jayewardenepura,COLOMBO,2.0387,value,4,4,2.0387
COP2526-085,,BUSINESS INFORMATION SYSTEMS (HONOURS) (BIS),University of Sri Jayewardenepura,GAMPAHA,1.9758,value,4,4,1.9758
COP2526-085,,BUSINESS INFORMATION SYSTEMS (HONOURS) (BIS),University of Sri Jayewardenepura,KALUTARA,1.9418,value,4,4,1.9418
COP2526-085,,BUSINESS INFORMATION SYSTEMS (HONOURS) (BIS),University of Sri Jayewardenepura,MATALE,1.9526,value,4,4,1.9526
COP2526-085,,BUSINESS INFORMATION SYSTEMS (HONOURS) (BIS),University of Sri Jayewardenepura,KANDY,1.7473,value,4,4,1.7473
COP2526-085,,BUSINESS INFORMATION SYSTEMS (HONOURS) (BIS),University of Sri Jayewardenepura,NUWARA ELIYA,1.8263,value,4,4,1.8263
COP2526-085,,BUSINESS INFORMATION SYSTEMS (HONOURS) (BIS),University of Sri Jayewardenepura,GALLE,1.9772,value,4,4,1.9772
COP2526-085,,BUSINESS INFORMATION SYSTEMS (HONOURS) (BIS),University of Sri Jayewardenepura,MATARA,2.0167,value,4,4,2.0167
COP2526-085,,BUSINESS INFORMATION SYSTEMS (HONOURS) (BIS),University of Sri Jayewardenepura,HAMBANTOTA,1.7524,value,4,4,1.7524
COP2526-085,,BUSINESS INFORMATION SYSTEMS (HONOURS) (BIS),University of Sri Jayewardenepura,JAFFNA,1.6559,value,4,4,1.6559
COP2526-085,,BUSINESS INFORMATION SYSTEMS (HONOURS) (BIS),University of Sri Jayewardenepura,KILINOCHCHI,1.5113,value,4,4,1.5113
COP2526-085,,BUSINESS INFORMATION SYSTEMS (HONOURS) (BIS),University of Sri Jayewardenepura,MANNAR,1.7369,value,4,4,1.7369
COP2526-085,,BUSINESS INFORMATION SYSTEMS (HONOURS) (BIS),University of Sri Jayewardenepura,MULLAITIVU,1.2264,value,4,4,1.2264
COP2526-085,,BUSINESS INFORMATION SYSTEMS (HONOURS) (BIS),University of Sri Jayewardenepura,VAVUNIYA,1.5705,value,4,4,1.5705
COP2526-085,,BUSINESS INFORMATION SYSTEMS (HONOURS) (BIS),University of Sri Jayewardenepura,TRINCOMALEE,1.8059,value,4,4,1.8059
COP2526-085,,BUSINESS INFORMATION SYSTEMS (HONOURS) (BIS),University of Sri Jayewardenepura,BATTICALOA,1.6699,value,4,4,1.6699
COP2526-085,,BUSINESS INFORMATION SYSTEMS (HONOURS) (BIS),University of Sri Jayewardenepura,AMPARA,1.6055,value,4,4,1.6055
COP2526-085,,BUSINESS INFORMATION SYSTEMS (HONOURS) (BIS),University of Sri Jayewardenepura,PUTTALAM,1.9368,value,4,4,1.9368
COP2526-085,,BUSINESS INFORMATION SYSTEMS (HONOURS) (BIS),University of Sri Jayewardenepura,KURUNEGALA,1.8773,value,4,4,1.8773
COP2526-085,,BUSINESS INFORMATION SYSTEMS (HONOURS) (BIS),University of Sri Jayewardenepura,ANURADHAPURA,2.0655,value,4,4,2.0655
COP2526-085,,BUSINESS INFORMATION SYSTEMS (HONOURS) (BIS),University of Sri Jayewardenepura,POLONNARUWA,1.7147,value,4,4,1.7147
COP2526-085,,BUSINESS INFORMATION SYSTEMS (HONOURS) (BIS),University of Sri Jayewardenepura,BADULLA,1.7293,value,4,4,1.7293
COP2526-085,,BUSINESS INFORMATION SYSTEMS (HONOURS) (BIS),University of Sri Jayewardenepura,MONARAGALA,1.9987,value,4,4,1.9987
COP2526-085,,BUSINESS INFORMATION SYSTEMS (HONOURS) (BIS),University of Sri Jayewardenepura,KEGALLE,2.0266,value,4,4,2.0266
COP2526-085,,BUSINESS INFORMATION SYSTEMS (HONOURS) (BIS),University of Sri Jayewardenepura,RATNAPURA,1.7369,value,4,4,1.7369
COP2526-086,,FINANCIAL ENGINEERING,University of Kelaniya,COLOMBO,1.7961,value,4,5,1.7961
COP2526-086,,FINANCIAL ENGINEERING,University of Kelaniya,GAMPAHA,1.7579,value,4,5,1.7579
COP2526-086,,FINANCIAL ENGINEERING,University of Kelaniya,KALUTARA,1.7907,value,4,5,1.7907
COP2526-086,,FINANCIAL ENGINEERING,University of Kelaniya,MATALE,1.5910,value,4,5,1.5910
COP2526-086,,FINANCIAL ENGINEERING,University of Kelaniya,KANDY,1.6824,value,4,5,1.6824
COP2526-086,,FINANCIAL ENGINEERING,University of Kelaniya,NUWARA ELIYA,1.6932,value,4,5,1.6932
COP2526-086,,FINANCIAL ENGINEERING,University of Kelaniya,GALLE,1.6630,value,4,5,1.6630
COP2526-086,,FINANCIAL ENGINEERING,University of Kelaniya,MATARA,1.7192,value,4,5,1.7192
COP2526-086,,FINANCIAL ENGINEERING,University of Kelaniya,HAMBANTOTA,1.6063,value,4,5,1.6063
COP2526-086,,FINANCIAL ENGINEERING,University of Kelaniya,JAFFNA,1.4978,value,4,5,1.4978
COP2526-086,,FINANCIAL ENGINEERING,University of Kelaniya,KILINOCHCHI,1.4649,value,4,5,1.4649
COP2526-086,,FINANCIAL ENGINEERING,University of Kelaniya,MANNAR,1.2006,value,4,5,1.2006
COP2526-086,,FINANCIAL ENGINEERING,University of Kelaniya,MULLAITIVU,1.2040,value,4,5,1.2040
COP2526-086,,FINANCIAL ENGINEERING,University of Kelaniya,VAVUNIYA,1.4798,value,4,5,1.4798
COP2526-086,,FINANCIAL ENGINEERING,University of Kelaniya,TRINCOMALEE,1.5923,value,4,5,1.5923
COP2526-086,,FINANCIAL ENGINEERING,University of Kelaniya,BATTICALOA,1.8010,value,4,5,1.8010
COP2526-086,,FINANCIAL ENGINEERING,University of Kelaniya,AMPARA,1.4514,value,4,5,1.4514
COP2526-086,,FINANCIAL ENGINEERING,University of Kelaniya,PUTTALAM,1.6326,value,4,5,1.6326
COP2526-086,,FINANCIAL ENGINEERING,University of Kelaniya,KURUNEGALA,1.7451,value,4,5,1.7451
COP2526-086,,FINANCIAL ENGINEERING,University of Kelaniya,ANURADHAPURA,1.7388,value,4,5,1.7388
COP2526-086,,FINANCIAL ENGINEERING,University of Kelaniya,POLONNARUWA,1.6426,value,4,5,1.6426
COP2526-086,,FINANCIAL ENGINEERING,University of Kelaniya,BADULLA,1.7363,value,4,5,1.7363
COP2526-086,,FINANCIAL ENGINEERING,University of Kelaniya,MONARAGALA,1.6217,value,4,5,1.6217
COP2526-086,,FINANCIAL ENGINEERING,University of Kelaniya,KEGALLE,1.7404,value,4,5,1.7404
COP2526-086,,FINANCIAL ENGINEERING,University of Kelaniya,RATNAPURA,1.7175,value,4,5,1.7175
COP2526-087,,BANKING & INSURANCE,"University of Vavuniya, Sri Lanka",COLOMBO,1.2798,value,4,6,1.2798
COP2526-087,,BANKING & INSURANCE,"University of Vavuniya, Sri Lanka",GAMPAHA,1.2552,value,4,6,1.2552
COP2526-087,,BANKING & INSURANCE,"University of Vavuniya, Sri Lanka",KALUTARA,1.2720,value,4,6,1.2720
COP2526-087,,BANKING & INSURANCE,"University of Vavuniya, Sri Lanka",MATALE,1.2343,value,4,6,1.2343
COP2526-087,,BANKING & INSURANCE,"University of Vavuniya, Sri Lanka",KANDY,1.2074,value,4,6,1.2074
COP2526-087,,BANKING & INSURANCE,"University of Vavuniya, Sri Lanka",NUWARA ELIYA,1.1172,value,4,6,1.1172
COP2526-087,,BANKING & INSURANCE,"University of Vavuniya, Sri Lanka",GALLE,1.2643,value,4,6,1.2643
COP2526-087,,BANKING & INSURANCE,"University of Vavuniya, Sri Lanka",MATARA,1.2416,value,4,6,1.2416
COP2526-087,,BANKING & INSURANCE,"University of Vavuniya, Sri Lanka",HAMBANTOTA,1.1739,value,4,6,1.1739
COP2526-087,,BANKING & INSURANCE,"University of Vavuniya, Sri Lanka",JAFFNA,1.0735,value,4,6,1.0735
COP2526-087,,BANKING & INSURANCE,"University of Vavuniya, Sri Lanka",KILINOCHCHI,0.8032,value,4,6,0.8032
COP2526-087,,BANKING & INSURANCE,"University of Vavuniya, Sri Lanka",MANNAR,0.7732,value,4,6,0.7732
COP2526-087,,BANKING & INSURANCE,"University of Vavuniya, Sri Lanka",MULLAITIVU,0.9528,value,4,6,0.9528
COP2526-087,,BANKING & INSURANCE,"University of Vavuniya, Sri Lanka",VAVUNIYA,1.0054,value,4,6,1.0054
COP2526-087,,BANKING & INSURANCE,"University of Vavuniya, Sri Lanka",TRINCOMALEE,1.2645,value,4,6,1.2645
COP2526-087,,BANKING & INSURANCE,"University of Vavuniya, Sri Lanka",BATTICALOA,1.1187,value,4,6,1.1187
COP2526-087,,BANKING & INSURANCE,"University of Vavuniya, Sri Lanka",AMPARA,0.9934,value,4,6,0.9934
COP2526-087,,BANKING & INSURANCE,"University of Vavuniya, Sri Lanka",PUTTALAM,1.2666,value,4,6,1.2666
COP2526-087,,BANKING & INSURANCE,"University of Vavuniya, Sri Lanka",KURUNEGALA,1.2762,value,4,6,1.2762
COP2526-087,,BANKING & INSURANCE,"University of Vavuniya, Sri Lanka",ANURADHAPURA,1.1510,value,4,6,1.1510
COP2526-087,,BANKING & INSURANCE,"University of Vavuniya, Sri Lanka",POLONNARUWA,1.0394,value,4,6,1.0394
COP2526-087,,BANKING & INSURANCE,"University of Vavuniya, Sri Lanka",BADULLA,1.1700,value,4,6,1.1700
COP2526-087,,BANKING & INSURANCE,"University of Vavuniya, Sri Lanka",MONARAGALA,1.2050,value,4,6,1.2050
COP2526-087,,BANKING & INSURANCE,"University of Vavuniya, Sri Lanka",KEGALLE,1.2740,value,4,6,1.2740
COP2526-087,,BANKING & INSURANCE,"University of Vavuniya, Sri Lanka",RATNAPURA,1.2870,value,4,6,1.2870
COP2526-088,,LAW,University of Colombo,COLOMBO,2.0156,value,4,7,2.0156
COP2526-088,,LAW,University of Colombo,GAMPAHA,2.0132,value,4,7,2.0132
COP2526-088,,LAW,University of Colombo,KALUTARA,2.0129,value,4,7,2.0129
COP2526-088,,LAW,University of Colombo,MATALE,2.0159,value,4,7,2.0159
COP2526-088,,LAW,University of Colombo,KANDY,2.0182,value,4,7,2.0182
COP2526-088,,LAW,University of Colombo,NUWARA ELIYA,2.0233,value,4,7,2.0233
COP2526-088,,LAW,University of Colombo,GALLE,2.0129,value,4,7,2.0129
COP2526-088,,LAW,University of Colombo,MATARA,2.0251,value,4,7,2.0251
COP2526-088,,LAW,University of Colombo,HAMBANTOTA,2.0139,value,4,7,2.0139
COP2526-088,,LAW,University of Colombo,JAFFNA,2.0370,value,4,7,2.0370
COP2526-088,,LAW,University of Colombo,KILINOCHCHI,2.0430,value,4,7,2.0430
COP2526-088,,LAW,University of Colombo,MANNAR,,NQC,4,7,NQC
COP2526-088,,LAW,University of Colombo,MULLAITIVU,2.0541,value,4,7,2.0541
COP2526-088,,LAW,University of Colombo,VAVUNIYA,2.1215,value,4,7,2.1215
COP2526-088,,LAW,University of Colombo,TRINCOMALEE,2.0248,value,4,7,2.0248
COP2526-088,,LAW,University of Colombo,BATTICALOA,2.0238,value,4,7,2.0238
COP2526-088,,LAW,University of Colombo,AMPARA,2.0323,value,4,7,2.0323
COP2526-088,,LAW,University of Colombo,PUTTALAM,2.0200,value,4,7,2.0200
COP2526-088,,LAW,University of Colombo,KURUNEGALA,2.0146,value,4,7,2.0146
COP2526-088,,LAW,University of Colombo,ANURADHAPURA,2.0181,value,4,7,2.0181
COP2526-088,,LAW,University of Colombo,POLONNARUWA,2.0280,value,4,7,2.0280
COP2526-088,,LAW,University of Colombo,BADULLA,2.0197,value,4,7,2.0197
COP2526-088,,LAW,University of Colombo,MONARAGALA,2.0274,value,4,7,2.0274
COP2526-088,,LAW,University of Colombo,KEGALLE,2.0204,value,4,7,2.0204
COP2526-088,,LAW,University of Colombo,RATNAPURA,2.0147,value,4,7,2.0147
COP2526-089,,LAW,University of Peradeniya,COLOMBO,1.9787,value,4,8,1.9787
COP2526-089,,LAW,University of Peradeniya,GAMPAHA,1.9898,value,4,8,1.9898
COP2526-089,,LAW,University of Peradeniya,KALUTARA,1.9941,value,4,8,1.9941
COP2526-089,,LAW,University of Peradeniya,MATALE,1.9817,value,4,8,1.9817
COP2526-089,,LAW,University of Peradeniya,KANDY,1.9860,value,4,8,1.9860
COP2526-089,,LAW,University of Peradeniya,NUWARA ELIYA,,NQC,4,8,NQC
COP2526-089,,LAW,University of Peradeniya,GALLE,1.9803,value,4,8,1.9803
COP2526-089,,LAW,University of Peradeniya,MATARA,1.9914,value,4,8,1.9914
COP2526-089,,LAW,University of Peradeniya,HAMBANTOTA,1.9951,value,4,8,1.9951
COP2526-089,,LAW,University of Peradeniya,JAFFNA,2.2771,value,4,8,2.2771
COP2526-089,,LAW,University of Peradeniya,KILINOCHCHI,1.9884,value,4,8,1.9884
COP2526-089,,LAW,University of Peradeniya,MANNAR,2.0052,value,4,8,2.0052
COP2526-089,,LAW,University of Peradeniya,MULLAITIVU,,NQC,4,8,NQC
COP2526-089,,LAW,University of Peradeniya,VAVUNIYA,2.1127,value,4,8,2.1127
COP2526-089,,LAW,University of Peradeniya,TRINCOMALEE,,NQC,4,8,NQC
COP2526-089,,LAW,University of Peradeniya,BATTICALOA,1.9781,value,4,8,1.9781
COP2526-089,,LAW,University of Peradeniya,AMPARA,1.9788,value,4,8,1.9788
COP2526-089,,LAW,University of Peradeniya,PUTTALAM,1.9836,value,4,8,1.9836
COP2526-089,,LAW,University of Peradeniya,KURUNEGALA,1.9769,value,4,8,1.9769
COP2526-089,,LAW,University of Peradeniya,ANURADHAPURA,1.9921,value,4,8,1.9921
COP2526-089,,LAW,University of Peradeniya,POLONNARUWA,1.9894,value,4,8,1.9894
COP2526-089,,LAW,University of Peradeniya,BADULLA,1.9774,value,4,8,1.9774
COP2526-089,,LAW,University of Peradeniya,MONARAGALA,1.9970,value,4,8,1.9970
COP2526-089,,LAW,University of Peradeniya,KEGALLE,1.9769,value,4,8,1.9769
COP2526-089,,LAW,University of Peradeniya,RATNAPURA,,NQC,4,8,NQC
COP2526-090,,LAW,University of Jaffna,COLOMBO,,NQC,4,9,NQC
COP2526-090,,LAW,University of Jaffna,GAMPAHA,1.8642,value,4,9,1.8642
COP2526-090,,LAW,University of Jaffna,KALUTARA,1.9161,value,4,9,1.9161
COP2526-090,,LAW,University of Jaffna,MATALE,1.8950,value,4,9,1.8950
COP2526-090,,LAW,University of Jaffna,KANDY,1.8965,value,4,9,1.8965
COP2526-090,,LAW,University of Jaffna,NUWARA ELIYA,1.7904,value,4,9,1.7904
COP2526-090,,LAW,University of Jaffna,GALLE,1.9434,value,4,9,1.9434
COP2526-090,,LAW,University of Jaffna,MATARA,1.9409,value,4,9,1.9409
COP2526-090,,LAW,University of Jaffna,HAMBANTOTA,1.9254,value,4,9,1.9254
COP2526-090,,LAW,University of Jaffna,JAFFNA,1.9367,value,4,9,1.9367
COP2526-090,,LAW,University of Jaffna,KILINOCHCHI,,NQC,4,9,NQC
COP2526-090,,LAW,University of Jaffna,MANNAR,1.9299,value,4,9,1.9299
COP2526-090,,LAW,University of Jaffna,MULLAITIVU,1.9639,value,4,9,1.9639
COP2526-090,,LAW,University of Jaffna,VAVUNIYA,1.8685,value,4,9,1.8685
COP2526-090,,LAW,University of Jaffna,TRINCOMALEE,1.8562,value,4,9,1.8562
COP2526-090,,LAW,University of Jaffna,BATTICALOA,1.9625,value,4,9,1.9625
COP2526-090,,LAW,University of Jaffna,AMPARA,,NQC,4,9,NQC
COP2526-090,,LAW,University of Jaffna,PUTTALAM,1.8477,value,4,9,1.8477
COP2526-090,,LAW,University of Jaffna,KURUNEGALA,1.9106,value,4,9,1.9106
COP2526-090,,LAW,University of Jaffna,ANURADHAPURA,1.9339,value,4,9,1.9339
COP2526-090,,LAW,University of Jaffna,POLONNARUWA,1.9435,value,4,9,1.9435
COP2526-090,,LAW,University of Jaffna,BADULLA,1.9123,value,4,9,1.9123
COP2526-090,,LAW,University of Jaffna,MONARAGALA,1.8929,value,4,9,1.8929
COP2526-090,,LAW,University of Jaffna,KEGALLE,,NQC,4,9,NQC
COP2526-090,,LAW,University of Jaffna,RATNAPURA,1.9504,value,4,9,1.9504
COP2526-091,,ARTS,University of Colombo,COLOMBO,1.6989,value,4,10,1.6989
COP2526-091,,ARTS,University of Colombo,GAMPAHA,1.6989,value,4,10,1.6989
COP2526-091,,ARTS,University of Colombo,KALUTARA,1.6989,value,4,10,1.6989
COP2526-091,,ARTS,University of Colombo,MATALE,1.6989,value,4,10,1.6989
COP2526-091,,ARTS,University of Colombo,KANDY,1.6989,value,4,10,1.6989
COP2526-091,,ARTS,University of Colombo,NUWARA ELIYA,1.6989,value,4,10,1.6989
COP2526-091,,ARTS,University of Colombo,GALLE,1.6989,value,4,10,1.6989
COP2526-091,,ARTS,University of Colombo,MATARA,1.6989,value,4,10,1.6989
COP2526-091,,ARTS,University of Colombo,HAMBANTOTA,1.6989,value,4,10,1.6989
COP2526-091,,ARTS,University of Colombo,JAFFNA,1.6989,value,4,10,1.6989
COP2526-091,,ARTS,University of Colombo,KILINOCHCHI,1.6989,value,4,10,1.6989
COP2526-091,,ARTS,University of Colombo,MANNAR,1.6989,value,4,10,1.6989
COP2526-091,,ARTS,University of Colombo,MULLAITIVU,1.6989,value,4,10,1.6989
COP2526-091,,ARTS,University of Colombo,VAVUNIYA,1.6989,value,4,10,1.6989
COP2526-091,,ARTS,University of Colombo,TRINCOMALEE,1.6989,value,4,10,1.6989
COP2526-091,,ARTS,University of Colombo,BATTICALOA,1.6989,value,4,10,1.6989
COP2526-091,,ARTS,University of Colombo,AMPARA,1.6989,value,4,10,1.6989
COP2526-091,,ARTS,University of Colombo,PUTTALAM,1.6989,value,4,10,1.6989
COP2526-091,,ARTS,University of Colombo,KURUNEGALA,1.6989,value,4,10,1.6989
COP2526-091,,ARTS,University of Colombo,ANURADHAPURA,1.6989,value,4,10,1.6989
COP2526-091,,ARTS,University of Colombo,POLONNARUWA,1.6989,value,4,10,1.6989
COP2526-091,,ARTS,University of Colombo,BADULLA,1.6989,value,4,10,1.6989
COP2526-091,,ARTS,University of Colombo,MONARAGALA,1.6989,value,4,10,1.6989
COP2526-091,,ARTS,University of Colombo,KEGALLE,1.6989,value,4,10,1.6989
COP2526-091,,ARTS,University of Colombo,RATNAPURA,1.6989,value,4,10,1.6989
COP2526-092,,ARTS,University of Peradeniya,COLOMBO,1.5201,value,4,11,1.5201
COP2526-092,,ARTS,University of Peradeniya,GAMPAHA,1.5201,value,4,11,1.5201
COP2526-092,,ARTS,University of Peradeniya,KALUTARA,1.5201,value,4,11,1.5201
COP2526-092,,ARTS,University of Peradeniya,MATALE,1.5201,value,4,11,1.5201
COP2526-092,,ARTS,University of Peradeniya,KANDY,1.5201,value,4,11,1.5201
COP2526-092,,ARTS,University of Peradeniya,NUWARA ELIYA,1.5201,value,4,11,1.5201
COP2526-092,,ARTS,University of Peradeniya,GALLE,1.5201,value,4,11,1.5201
COP2526-092,,ARTS,University of Peradeniya,MATARA,1.5201,value,4,11,1.5201
COP2526-092,,ARTS,University of Peradeniya,HAMBANTOTA,1.5201,value,4,11,1.5201
COP2526-092,,ARTS,University of Peradeniya,JAFFNA,1.5201,value,4,11,1.5201
COP2526-092,,ARTS,University of Peradeniya,KILINOCHCHI,1.5201,value,4,11,1.5201
COP2526-092,,ARTS,University of Peradeniya,MANNAR,1.5201,value,4,11,1.5201
COP2526-092,,ARTS,University of Peradeniya,MULLAITIVU,1.5201,value,4,11,1.5201
COP2526-092,,ARTS,University of Peradeniya,VAVUNIYA,1.5201,value,4,11,1.5201
COP2526-092,,ARTS,University of Peradeniya,TRINCOMALEE,1.5201,value,4,11,1.5201
COP2526-092,,ARTS,University of Peradeniya,BATTICALOA,1.5201,value,4,11,1.5201
COP2526-092,,ARTS,University of Peradeniya,AMPARA,1.5201,value,4,11,1.5201
COP2526-092,,ARTS,University of Peradeniya,PUTTALAM,1.5201,value,4,11,1.5201
COP2526-092,,ARTS,University of Peradeniya,KURUNEGALA,1.5201,value,4,11,1.5201
COP2526-092,,ARTS,University of Peradeniya,ANURADHAPURA,1.5201,value,4,11,1.5201
COP2526-092,,ARTS,University of Peradeniya,POLONNARUWA,1.5201,value,4,11,1.5201
COP2526-092,,ARTS,University of Peradeniya,BADULLA,1.5201,value,4,11,1.5201
COP2526-092,,ARTS,University of Peradeniya,MONARAGALA,1.5201,value,4,11,1.5201
COP2526-092,,ARTS,University of Peradeniya,KEGALLE,1.5201,value,4,11,1.5201
COP2526-092,,ARTS,University of Peradeniya,RATNAPURA,1.5201,value,4,11,1.5201
COP2526-093,,ARTS,University of Sri Jayewardenepura,COLOMBO,1.5309,value,4,12,1.5309
COP2526-093,,ARTS,University of Sri Jayewardenepura,GAMPAHA,1.5309,value,4,12,1.5309
COP2526-093,,ARTS,University of Sri Jayewardenepura,KALUTARA,1.5309,value,4,12,1.5309
COP2526-093,,ARTS,University of Sri Jayewardenepura,MATALE,1.5309,value,4,12,1.5309
COP2526-093,,ARTS,University of Sri Jayewardenepura,KANDY,1.5309,value,4,12,1.5309
COP2526-093,,ARTS,University of Sri Jayewardenepura,NUWARA ELIYA,1.5309,value,4,12,1.5309
COP2526-093,,ARTS,University of Sri Jayewardenepura,GALLE,1.5309,value,4,12,1.5309
COP2526-093,,ARTS,University of Sri Jayewardenepura,MATARA,1.5309,value,4,12,1.5309
COP2526-093,,ARTS,University of Sri Jayewardenepura,HAMBANTOTA,1.5309,value,4,12,1.5309
COP2526-093,,ARTS,University of Sri Jayewardenepura,JAFFNA,1.5309,value,4,12,1.5309
COP2526-093,,ARTS,University of Sri Jayewardenepura,KILINOCHCHI,1.5309,value,4,12,1.5309
COP2526-093,,ARTS,University of Sri Jayewardenepura,MANNAR,1.5309,value,4,12,1.5309
COP2526-093,,ARTS,University of Sri Jayewardenepura,MULLAITIVU,1.5309,value,4,12,1.5309
COP2526-093,,ARTS,University of Sri Jayewardenepura,VAVUNIYA,1.5309,value,4,12,1.5309
COP2526-093,,ARTS,University of Sri Jayewardenepura,TRINCOMALEE,1.5309,value,4,12,1.5309
COP2526-093,,ARTS,University of Sri Jayewardenepura,BATTICALOA,1.5309,value,4,12,1.5309
COP2526-093,,ARTS,University of Sri Jayewardenepura,AMPARA,1.5309,value,4,12,1.5309
COP2526-093,,ARTS,University of Sri Jayewardenepura,PUTTALAM,1.5309,value,4,12,1.5309
COP2526-093,,ARTS,University of Sri Jayewardenepura,KURUNEGALA,1.5309,value,4,12,1.5309
COP2526-093,,ARTS,University of Sri Jayewardenepura,ANURADHAPURA,1.5309,value,4,12,1.5309
COP2526-093,,ARTS,University of Sri Jayewardenepura,POLONNARUWA,1.5309,value,4,12,1.5309
COP2526-093,,ARTS,University of Sri Jayewardenepura,BADULLA,1.5309,value,4,12,1.5309
COP2526-093,,ARTS,University of Sri Jayewardenepura,MONARAGALA,1.5309,value,4,12,1.5309
COP2526-093,,ARTS,University of Sri Jayewardenepura,KEGALLE,1.5309,value,4,12,1.5309
COP2526-093,,ARTS,University of Sri Jayewardenepura,RATNAPURA,1.5309,value,4,12,1.5309
COP2526-094,,ARTS,University of Kelaniya,COLOMBO,1.4229,value,4,13,1.4229
COP2526-094,,ARTS,University of Kelaniya,GAMPAHA,1.4229,value,4,13,1.4229
COP2526-094,,ARTS,University of Kelaniya,KALUTARA,1.4229,value,4,13,1.4229
COP2526-094,,ARTS,University of Kelaniya,MATALE,1.4229,value,4,13,1.4229
COP2526-094,,ARTS,University of Kelaniya,KANDY,1.4229,value,4,13,1.4229
COP2526-094,,ARTS,University of Kelaniya,NUWARA ELIYA,1.4229,value,4,13,1.4229
COP2526-094,,ARTS,University of Kelaniya,GALLE,1.4229,value,4,13,1.4229
COP2526-094,,ARTS,University of Kelaniya,MATARA,1.4229,value,4,13,1.4229
COP2526-094,,ARTS,University of Kelaniya,HAMBANTOTA,1.4229,value,4,13,1.4229
COP2526-094,,ARTS,University of Kelaniya,JAFFNA,1.4229,value,4,13,1.4229
COP2526-094,,ARTS,University of Kelaniya,KILINOCHCHI,1.4229,value,4,13,1.4229
COP2526-094,,ARTS,University of Kelaniya,MANNAR,1.4229,value,4,13,1.4229
COP2526-094,,ARTS,University of Kelaniya,MULLAITIVU,1.4229,value,4,13,1.4229
COP2526-094,,ARTS,University of Kelaniya,VAVUNIYA,1.4229,value,4,13,1.4229
COP2526-094,,ARTS,University of Kelaniya,TRINCOMALEE,1.4229,value,4,13,1.4229
COP2526-094,,ARTS,University of Kelaniya,BATTICALOA,1.4229,value,4,13,1.4229
COP2526-094,,ARTS,University of Kelaniya,AMPARA,1.4229,value,4,13,1.4229
COP2526-094,,ARTS,University of Kelaniya,PUTTALAM,1.4229,value,4,13,1.4229
COP2526-094,,ARTS,University of Kelaniya,KURUNEGALA,1.4229,value,4,13,1.4229
COP2526-094,,ARTS,University of Kelaniya,ANURADHAPURA,1.4229,value,4,13,1.4229
COP2526-094,,ARTS,University of Kelaniya,POLONNARUWA,1.4229,value,4,13,1.4229
COP2526-094,,ARTS,University of Kelaniya,BADULLA,1.4229,value,4,13,1.4229
COP2526-094,,ARTS,University of Kelaniya,MONARAGALA,1.4229,value,4,13,1.4229
COP2526-094,,ARTS,University of Kelaniya,KEGALLE,1.4229,value,4,13,1.4229
COP2526-094,,ARTS,University of Kelaniya,RATNAPURA,1.4229,value,4,13,1.4229
COP2526-095,,ARTS,University of Jaffna,COLOMBO,1.1684,value,4,14,1.1684
COP2526-095,,ARTS,University of Jaffna,GAMPAHA,1.1684,value,4,14,1.1684
COP2526-095,,ARTS,University of Jaffna,KALUTARA,1.1684,value,4,14,1.1684
COP2526-095,,ARTS,University of Jaffna,MATALE,1.1684,value,4,14,1.1684
COP2526-095,,ARTS,University of Jaffna,KANDY,1.1684,value,4,14,1.1684
COP2526-095,,ARTS,University of Jaffna,NUWARA ELIYA,1.1684,value,4,14,1.1684
COP2526-095,,ARTS,University of Jaffna,GALLE,1.1684,value,4,14,1.1684
COP2526-095,,ARTS,University of Jaffna,MATARA,1.1684,value,4,14,1.1684
COP2526-095,,ARTS,University of Jaffna,HAMBANTOTA,1.1684,value,4,14,1.1684
COP2526-095,,ARTS,University of Jaffna,JAFFNA,1.1684,value,4,14,1.1684
COP2526-095,,ARTS,University of Jaffna,KILINOCHCHI,1.1684,value,4,14,1.1684
COP2526-095,,ARTS,University of Jaffna,MANNAR,1.1684,value,4,14,1.1684
COP2526-095,,ARTS,University of Jaffna,MULLAITIVU,1.1684,value,4,14,1.1684
COP2526-095,,ARTS,University of Jaffna,VAVUNIYA,1.1684,value,4,14,1.1684
COP2526-095,,ARTS,University of Jaffna,TRINCOMALEE,1.1684,value,4,14,1.1684
COP2526-095,,ARTS,University of Jaffna,BATTICALOA,1.1684,value,4,14,1.1684
COP2526-095,,ARTS,University of Jaffna,AMPARA,1.1684,value,4,14,1.1684
COP2526-095,,ARTS,University of Jaffna,PUTTALAM,1.1684,value,4,14,1.1684
COP2526-095,,ARTS,University of Jaffna,KURUNEGALA,1.1684,value,4,14,1.1684
COP2526-095,,ARTS,University of Jaffna,ANURADHAPURA,1.1684,value,4,14,1.1684
COP2526-095,,ARTS,University of Jaffna,POLONNARUWA,1.1684,value,4,14,1.1684
COP2526-095,,ARTS,University of Jaffna,BADULLA,1.1684,value,4,14,1.1684
COP2526-095,,ARTS,University of Jaffna,MONARAGALA,1.1684,value,4,14,1.1684
COP2526-095,,ARTS,University of Jaffna,KEGALLE,1.1684,value,4,14,1.1684
COP2526-095,,ARTS,University of Jaffna,RATNAPURA,1.1684,value,4,14,1.1684
COP2526-096,,ARTS,University of Ruhuna,COLOMBO,1.3412,value,4,15,1.3412
COP2526-096,,ARTS,University of Ruhuna,GAMPAHA,1.3412,value,4,15,1.3412
COP2526-096,,ARTS,University of Ruhuna,KALUTARA,1.3412,value,4,15,1.3412
COP2526-096,,ARTS,University of Ruhuna,MATALE,1.3412,value,4,15,1.3412
COP2526-096,,ARTS,University of Ruhuna,KANDY,1.3412,value,4,15,1.3412
COP2526-096,,ARTS,University of Ruhuna,NUWARA ELIYA,1.3412,value,4,15,1.3412
COP2526-096,,ARTS,University of Ruhuna,GALLE,1.3412,value,4,15,1.3412
COP2526-096,,ARTS,University of Ruhuna,MATARA,1.3412,value,4,15,1.3412
COP2526-096,,ARTS,University of Ruhuna,HAMBANTOTA,1.3412,value,4,15,1.3412
COP2526-096,,ARTS,University of Ruhuna,JAFFNA,1.3412,value,4,15,1.3412
COP2526-096,,ARTS,University of Ruhuna,KILINOCHCHI,1.3412,value,4,15,1.3412
COP2526-096,,ARTS,University of Ruhuna,MANNAR,1.3412,value,4,15,1.3412
COP2526-096,,ARTS,University of Ruhuna,MULLAITIVU,1.3412,value,4,15,1.3412
COP2526-096,,ARTS,University of Ruhuna,VAVUNIYA,1.3412,value,4,15,1.3412
COP2526-096,,ARTS,University of Ruhuna,TRINCOMALEE,1.3412,value,4,15,1.3412
COP2526-096,,ARTS,University of Ruhuna,BATTICALOA,1.3412,value,4,15,1.3412
COP2526-096,,ARTS,University of Ruhuna,AMPARA,1.3412,value,4,15,1.3412
COP2526-096,,ARTS,University of Ruhuna,PUTTALAM,1.3412,value,4,15,1.3412
COP2526-096,,ARTS,University of Ruhuna,KURUNEGALA,1.3412,value,4,15,1.3412
COP2526-096,,ARTS,University of Ruhuna,ANURADHAPURA,1.3412,value,4,15,1.3412
COP2526-096,,ARTS,University of Ruhuna,POLONNARUWA,1.3412,value,4,15,1.3412
COP2526-096,,ARTS,University of Ruhuna,BADULLA,1.3412,value,4,15,1.3412
COP2526-096,,ARTS,University of Ruhuna,MONARAGALA,1.3412,value,4,15,1.3412
COP2526-096,,ARTS,University of Ruhuna,KEGALLE,1.3412,value,4,15,1.3412
COP2526-096,,ARTS,University of Ruhuna,RATNAPURA,1.3412,value,4,15,1.3412
COP2526-097,,ARTS,"Eastern University, Sri Lanka",COLOMBO,1.1566,value,4,16,1.1566
COP2526-097,,ARTS,"Eastern University, Sri Lanka",GAMPAHA,1.1566,value,4,16,1.1566
COP2526-097,,ARTS,"Eastern University, Sri Lanka",KALUTARA,1.1566,value,4,16,1.1566
COP2526-097,,ARTS,"Eastern University, Sri Lanka",MATALE,1.1566,value,4,16,1.1566
COP2526-097,,ARTS,"Eastern University, Sri Lanka",KANDY,1.1566,value,4,16,1.1566
COP2526-097,,ARTS,"Eastern University, Sri Lanka",NUWARA ELIYA,1.1566,value,4,16,1.1566
COP2526-097,,ARTS,"Eastern University, Sri Lanka",GALLE,1.1566,value,4,16,1.1566
COP2526-097,,ARTS,"Eastern University, Sri Lanka",MATARA,1.1566,value,4,16,1.1566
COP2526-097,,ARTS,"Eastern University, Sri Lanka",HAMBANTOTA,1.1566,value,4,16,1.1566
COP2526-097,,ARTS,"Eastern University, Sri Lanka",JAFFNA,1.1566,value,4,16,1.1566
COP2526-097,,ARTS,"Eastern University, Sri Lanka",KILINOCHCHI,1.1566,value,4,16,1.1566
COP2526-097,,ARTS,"Eastern University, Sri Lanka",MANNAR,1.1566,value,4,16,1.1566
COP2526-097,,ARTS,"Eastern University, Sri Lanka",MULLAITIVU,1.1566,value,4,16,1.1566
COP2526-097,,ARTS,"Eastern University, Sri Lanka",VAVUNIYA,1.1566,value,4,16,1.1566
COP2526-097,,ARTS,"Eastern University, Sri Lanka",TRINCOMALEE,1.1566,value,4,16,1.1566
COP2526-097,,ARTS,"Eastern University, Sri Lanka",BATTICALOA,1.1566,value,4,16,1.1566
COP2526-097,,ARTS,"Eastern University, Sri Lanka",AMPARA,1.1566,value,4,16,1.1566
COP2526-097,,ARTS,"Eastern University, Sri Lanka",PUTTALAM,1.1566,value,4,16,1.1566
COP2526-097,,ARTS,"Eastern University, Sri Lanka",KURUNEGALA,1.1566,value,4,16,1.1566
COP2526-097,,ARTS,"Eastern University, Sri Lanka",ANURADHAPURA,1.1566,value,4,16,1.1566
COP2526-097,,ARTS,"Eastern University, Sri Lanka",POLONNARUWA,1.1566,value,4,16,1.1566
COP2526-097,,ARTS,"Eastern University, Sri Lanka",BADULLA,1.1566,value,4,16,1.1566
COP2526-097,,ARTS,"Eastern University, Sri Lanka",MONARAGALA,1.1566,value,4,16,1.1566
COP2526-097,,ARTS,"Eastern University, Sri Lanka",KEGALLE,1.1566,value,4,16,1.1566
COP2526-097,,ARTS,"Eastern University, Sri Lanka",RATNAPURA,1.1566,value,4,16,1.1566
COP2526-098,,ARTS,South Eastern University of Sri Lanka,COLOMBO,1.2388,value,4,17,1.2388
COP2526-098,,ARTS,South Eastern University of Sri Lanka,GAMPAHA,1.2388,value,4,17,1.2388
COP2526-098,,ARTS,South Eastern University of Sri Lanka,KALUTARA,1.2388,value,4,17,1.2388
COP2526-098,,ARTS,South Eastern University of Sri Lanka,MATALE,1.2388,value,4,17,1.2388
COP2526-098,,ARTS,South Eastern University of Sri Lanka,KANDY,1.2388,value,4,17,1.2388
COP2526-098,,ARTS,South Eastern University of Sri Lanka,NUWARA ELIYA,1.2388,value,4,17,1.2388
COP2526-098,,ARTS,South Eastern University of Sri Lanka,GALLE,1.2388,value,4,17,1.2388
COP2526-098,,ARTS,South Eastern University of Sri Lanka,MATARA,1.2388,value,4,17,1.2388
COP2526-098,,ARTS,South Eastern University of Sri Lanka,HAMBANTOTA,1.2388,value,4,17,1.2388
COP2526-098,,ARTS,South Eastern University of Sri Lanka,JAFFNA,1.2388,value,4,17,1.2388
COP2526-098,,ARTS,South Eastern University of Sri Lanka,KILINOCHCHI,1.2388,value,4,17,1.2388
COP2526-098,,ARTS,South Eastern University of Sri Lanka,MANNAR,1.2388,value,4,17,1.2388
COP2526-098,,ARTS,South Eastern University of Sri Lanka,MULLAITIVU,1.2388,value,4,17,1.2388
COP2526-098,,ARTS,South Eastern University of Sri Lanka,VAVUNIYA,1.2388,value,4,17,1.2388
COP2526-098,,ARTS,South Eastern University of Sri Lanka,TRINCOMALEE,1.2388,value,4,17,1.2388
COP2526-098,,ARTS,South Eastern University of Sri Lanka,BATTICALOA,1.2388,value,4,17,1.2388
COP2526-098,,ARTS,South Eastern University of Sri Lanka,AMPARA,1.2388,value,4,17,1.2388
COP2526-098,,ARTS,South Eastern University of Sri Lanka,PUTTALAM,1.2388,value,4,17,1.2388
COP2526-098,,ARTS,South Eastern University of Sri Lanka,KURUNEGALA,1.2388,value,4,17,1.2388
COP2526-098,,ARTS,South Eastern University of Sri Lanka,ANURADHAPURA,1.2388,value,4,17,1.2388
COP2526-098,,ARTS,South Eastern University of Sri Lanka,POLONNARUWA,1.2388,value,4,17,1.2388
COP2526-098,,ARTS,South Eastern University of Sri Lanka,BADULLA,1.2388,value,4,17,1.2388
COP2526-098,,ARTS,South Eastern University of Sri Lanka,MONARAGALA,1.2388,value,4,17,1.2388
COP2526-098,,ARTS,South Eastern University of Sri Lanka,KEGALLE,1.2388,value,4,17,1.2388
COP2526-098,,ARTS,South Eastern University of Sri Lanka,RATNAPURA,1.2388,value,4,17,1.2388
COP2526-099,,ARTS,Rajarata University of Sri Lanka,COLOMBO,1.2924,value,4,18,1.2924
COP2526-099,,ARTS,Rajarata University of Sri Lanka,GAMPAHA,1.2924,value,4,18,1.2924
COP2526-099,,ARTS,Rajarata University of Sri Lanka,KALUTARA,1.2924,value,4,18,1.2924
COP2526-099,,ARTS,Rajarata University of Sri Lanka,MATALE,1.2924,value,4,18,1.2924
COP2526-099,,ARTS,Rajarata University of Sri Lanka,KANDY,1.2924,value,4,18,1.2924
COP2526-099,,ARTS,Rajarata University of Sri Lanka,NUWARA ELIYA,1.2924,value,4,18,1.2924
COP2526-099,,ARTS,Rajarata University of Sri Lanka,GALLE,1.2924,value,4,18,1.2924
COP2526-099,,ARTS,Rajarata University of Sri Lanka,MATARA,1.2924,value,4,18,1.2924
COP2526-099,,ARTS,Rajarata University of Sri Lanka,HAMBANTOTA,1.2924,value,4,18,1.2924
COP2526-099,,ARTS,Rajarata University of Sri Lanka,JAFFNA,1.2924,value,4,18,1.2924
COP2526-099,,ARTS,Rajarata University of Sri Lanka,KILINOCHCHI,1.2924,value,4,18,1.2924
COP2526-099,,ARTS,Rajarata University of Sri Lanka,MANNAR,1.2924,value,4,18,1.2924
COP2526-099,,ARTS,Rajarata University of Sri Lanka,MULLAITIVU,1.2924,value,4,18,1.2924
COP2526-099,,ARTS,Rajarata University of Sri Lanka,VAVUNIYA,1.2924,value,4,18,1.2924
COP2526-099,,ARTS,Rajarata University of Sri Lanka,TRINCOMALEE,1.2924,value,4,18,1.2924
COP2526-099,,ARTS,Rajarata University of Sri Lanka,BATTICALOA,1.2924,value,4,18,1.2924
COP2526-099,,ARTS,Rajarata University of Sri Lanka,AMPARA,1.2924,value,4,18,1.2924
COP2526-099,,ARTS,Rajarata University of Sri Lanka,PUTTALAM,1.2924,value,4,18,1.2924
COP2526-099,,ARTS,Rajarata University of Sri Lanka,KURUNEGALA,1.2924,value,4,18,1.2924
COP2526-099,,ARTS,Rajarata University of Sri Lanka,ANURADHAPURA,1.2924,value,4,18,1.2924
COP2526-099,,ARTS,Rajarata University of Sri Lanka,POLONNARUWA,1.2924,value,4,18,1.2924
COP2526-099,,ARTS,Rajarata University of Sri Lanka,BADULLA,1.2924,value,4,18,1.2924
COP2526-099,,ARTS,Rajarata University of Sri Lanka,MONARAGALA,1.2924,value,4,18,1.2924
COP2526-099,,ARTS,Rajarata University of Sri Lanka,KEGALLE,1.2924,value,4,18,1.2924
COP2526-099,,ARTS,Rajarata University of Sri Lanka,RATNAPURA,1.2924,value,4,18,1.2924
COP2526-100,,ARTS (SP) / MASS MEDIA,University of Colombo - Sri Palee Campus,COLOMBO,1.1653,value,4,19,1.1653
COP2526-100,,ARTS (SP) / MASS MEDIA,University of Colombo - Sri Palee Campus,GAMPAHA,1.1653,value,4,19,1.1653
COP2526-100,,ARTS (SP) / MASS MEDIA,University of Colombo - Sri Palee Campus,KALUTARA,1.1653,value,4,19,1.1653
COP2526-100,,ARTS (SP) / MASS MEDIA,University of Colombo - Sri Palee Campus,MATALE,1.1653,value,4,19,1.1653
COP2526-100,,ARTS (SP) / MASS MEDIA,University of Colombo - Sri Palee Campus,KANDY,1.1653,value,4,19,1.1653
COP2526-100,,ARTS (SP) / MASS MEDIA,University of Colombo - Sri Palee Campus,NUWARA ELIYA,1.1653,value,4,19,1.1653
COP2526-100,,ARTS (SP) / MASS MEDIA,University of Colombo - Sri Palee Campus,GALLE,1.1653,value,4,19,1.1653
COP2526-100,,ARTS (SP) / MASS MEDIA,University of Colombo - Sri Palee Campus,MATARA,1.1653,value,4,19,1.1653
COP2526-100,,ARTS (SP) / MASS MEDIA,University of Colombo - Sri Palee Campus,HAMBANTOTA,1.1653,value,4,19,1.1653
COP2526-100,,ARTS (SP) / MASS MEDIA,University of Colombo - Sri Palee Campus,JAFFNA,1.1653,value,4,19,1.1653
COP2526-100,,ARTS (SP) / MASS MEDIA,University of Colombo - Sri Palee Campus,KILINOCHCHI,1.1653,value,4,19,1.1653
COP2526-100,,ARTS (SP) / MASS MEDIA,University of Colombo - Sri Palee Campus,MANNAR,1.1653,value,4,19,1.1653
COP2526-100,,ARTS (SP) / MASS MEDIA,University of Colombo - Sri Palee Campus,MULLAITIVU,1.1653,value,4,19,1.1653
COP2526-100,,ARTS (SP) / MASS MEDIA,University of Colombo - Sri Palee Campus,VAVUNIYA,1.1653,value,4,19,1.1653
COP2526-100,,ARTS (SP) / MASS MEDIA,University of Colombo - Sri Palee Campus,TRINCOMALEE,1.1653,value,4,19,1.1653
COP2526-100,,ARTS (SP) / MASS MEDIA,University of Colombo - Sri Palee Campus,BATTICALOA,1.1653,value,4,19,1.1653
COP2526-100,,ARTS (SP) / MASS MEDIA,University of Colombo - Sri Palee Campus,AMPARA,1.1653,value,4,19,1.1653
COP2526-100,,ARTS (SP) / MASS MEDIA,University of Colombo - Sri Palee Campus,PUTTALAM,1.1653,value,4,19,1.1653
COP2526-100,,ARTS (SP) / MASS MEDIA,University of Colombo - Sri Palee Campus,KURUNEGALA,1.1653,value,4,19,1.1653
COP2526-100,,ARTS (SP) / MASS MEDIA,University of Colombo - Sri Palee Campus,ANURADHAPURA,1.1653,value,4,19,1.1653
COP2526-100,,ARTS (SP) / MASS MEDIA,University of Colombo - Sri Palee Campus,POLONNARUWA,1.1653,value,4,19,1.1653
COP2526-100,,ARTS (SP) / MASS MEDIA,University of Colombo - Sri Palee Campus,BADULLA,1.1653,value,4,19,1.1653
COP2526-100,,ARTS (SP) / MASS MEDIA,University of Colombo - Sri Palee Campus,MONARAGALA,1.1653,value,4,19,1.1653
COP2526-100,,ARTS (SP) / MASS MEDIA,University of Colombo - Sri Palee Campus,KEGALLE,1.1653,value,4,19,1.1653
COP2526-100,,ARTS (SP) / MASS MEDIA,University of Colombo - Sri Palee Campus,RATNAPURA,1.1653,value,4,19,1.1653
COP2526-101,,ARTS (SP) / PERFORMING ARTS,University of Colombo - Sri Palee Campus,COLOMBO,0.9374,value,4,20,0.9374
COP2526-101,,ARTS (SP) / PERFORMING ARTS,University of Colombo - Sri Palee Campus,GAMPAHA,0.9374,value,4,20,0.9374
COP2526-101,,ARTS (SP) / PERFORMING ARTS,University of Colombo - Sri Palee Campus,KALUTARA,0.9374,value,4,20,0.9374
COP2526-101,,ARTS (SP) / PERFORMING ARTS,University of Colombo - Sri Palee Campus,MATALE,0.9374,value,4,20,0.9374
COP2526-101,,ARTS (SP) / PERFORMING ARTS,University of Colombo - Sri Palee Campus,KANDY,0.9374,value,4,20,0.9374
COP2526-101,,ARTS (SP) / PERFORMING ARTS,University of Colombo - Sri Palee Campus,NUWARA ELIYA,0.9374,value,4,20,0.9374
COP2526-101,,ARTS (SP) / PERFORMING ARTS,University of Colombo - Sri Palee Campus,GALLE,0.9374,value,4,20,0.9374
COP2526-101,,ARTS (SP) / PERFORMING ARTS,University of Colombo - Sri Palee Campus,MATARA,0.9374,value,4,20,0.9374
COP2526-101,,ARTS (SP) / PERFORMING ARTS,University of Colombo - Sri Palee Campus,HAMBANTOTA,0.9374,value,4,20,0.9374
COP2526-101,,ARTS (SP) / PERFORMING ARTS,University of Colombo - Sri Palee Campus,JAFFNA,0.9374,value,4,20,0.9374
COP2526-101,,ARTS (SP) / PERFORMING ARTS,University of Colombo - Sri Palee Campus,KILINOCHCHI,0.9374,value,4,20,0.9374
COP2526-101,,ARTS (SP) / PERFORMING ARTS,University of Colombo - Sri Palee Campus,MANNAR,0.9374,value,4,20,0.9374
COP2526-101,,ARTS (SP) / PERFORMING ARTS,University of Colombo - Sri Palee Campus,MULLAITIVU,0.9374,value,4,20,0.9374
COP2526-101,,ARTS (SP) / PERFORMING ARTS,University of Colombo - Sri Palee Campus,VAVUNIYA,0.9374,value,4,20,0.9374
COP2526-101,,ARTS (SP) / PERFORMING ARTS,University of Colombo - Sri Palee Campus,TRINCOMALEE,0.9374,value,4,20,0.9374
COP2526-101,,ARTS (SP) / PERFORMING ARTS,University of Colombo - Sri Palee Campus,BATTICALOA,0.9374,value,4,20,0.9374
COP2526-101,,ARTS (SP) / PERFORMING ARTS,University of Colombo - Sri Palee Campus,AMPARA,0.9374,value,4,20,0.9374
COP2526-101,,ARTS (SP) / PERFORMING ARTS,University of Colombo - Sri Palee Campus,PUTTALAM,0.9374,value,4,20,0.9374
COP2526-101,,ARTS (SP) / PERFORMING ARTS,University of Colombo - Sri Palee Campus,KURUNEGALA,0.9374,value,4,20,0.9374
COP2526-101,,ARTS (SP) / PERFORMING ARTS,University of Colombo - Sri Palee Campus,ANURADHAPURA,0.9374,value,4,20,0.9374
COP2526-101,,ARTS (SP) / PERFORMING ARTS,University of Colombo - Sri Palee Campus,POLONNARUWA,0.9374,value,4,20,0.9374
COP2526-101,,ARTS (SP) / PERFORMING ARTS,University of Colombo - Sri Palee Campus,BADULLA,0.9374,value,4,20,0.9374
COP2526-101,,ARTS (SP) / PERFORMING ARTS,University of Colombo - Sri Palee Campus,MONARAGALA,0.9374,value,4,20,0.9374
COP2526-101,,ARTS (SP) / PERFORMING ARTS,University of Colombo - Sri Palee Campus,KEGALLE,0.9374,value,4,20,0.9374
COP2526-101,,ARTS (SP) / PERFORMING ARTS,University of Colombo - Sri Palee Campus,RATNAPURA,0.9374,value,4,20,0.9374
COP2526-102,,ARTS (SAB) - A [Arts Stream],Sabaragamuwa University of Sri Lanka,COLOMBO,1.3336,value,4,21,1.3336
COP2526-102,,ARTS (SAB) - A [Arts Stream],Sabaragamuwa University of Sri Lanka,GAMPAHA,1.3336,value,4,21,1.3336
COP2526-102,,ARTS (SAB) - A [Arts Stream],Sabaragamuwa University of Sri Lanka,KALUTARA,1.3336,value,4,21,1.3336
COP2526-102,,ARTS (SAB) - A [Arts Stream],Sabaragamuwa University of Sri Lanka,MATALE,1.3336,value,4,21,1.3336
COP2526-102,,ARTS (SAB) - A [Arts Stream],Sabaragamuwa University of Sri Lanka,KANDY,1.3336,value,4,21,1.3336
COP2526-102,,ARTS (SAB) - A [Arts Stream],Sabaragamuwa University of Sri Lanka,NUWARA ELIYA,1.3336,value,4,21,1.3336
COP2526-102,,ARTS (SAB) - A [Arts Stream],Sabaragamuwa University of Sri Lanka,GALLE,1.3336,value,4,21,1.3336
COP2526-102,,ARTS (SAB) - A [Arts Stream],Sabaragamuwa University of Sri Lanka,MATARA,1.3336,value,4,21,1.3336
COP2526-102,,ARTS (SAB) - A [Arts Stream],Sabaragamuwa University of Sri Lanka,HAMBANTOTA,1.3336,value,4,21,1.3336
COP2526-102,,ARTS (SAB) - A [Arts Stream],Sabaragamuwa University of Sri Lanka,JAFFNA,1.3336,value,4,21,1.3336
COP2526-102,,ARTS (SAB) - A [Arts Stream],Sabaragamuwa University of Sri Lanka,KILINOCHCHI,1.3336,value,4,21,1.3336
COP2526-102,,ARTS (SAB) - A [Arts Stream],Sabaragamuwa University of Sri Lanka,MANNAR,1.3336,value,4,21,1.3336
COP2526-102,,ARTS (SAB) - A [Arts Stream],Sabaragamuwa University of Sri Lanka,MULLAITIVU,1.3336,value,4,21,1.3336
COP2526-102,,ARTS (SAB) - A [Arts Stream],Sabaragamuwa University of Sri Lanka,VAVUNIYA,1.3336,value,4,21,1.3336
COP2526-102,,ARTS (SAB) - A [Arts Stream],Sabaragamuwa University of Sri Lanka,TRINCOMALEE,1.3336,value,4,21,1.3336
COP2526-102,,ARTS (SAB) - A [Arts Stream],Sabaragamuwa University of Sri Lanka,BATTICALOA,1.3336,value,4,21,1.3336
COP2526-102,,ARTS (SAB) - A [Arts Stream],Sabaragamuwa University of Sri Lanka,AMPARA,1.3336,value,4,21,1.3336
COP2526-102,,ARTS (SAB) - A [Arts Stream],Sabaragamuwa University of Sri Lanka,PUTTALAM,1.3336,value,4,21,1.3336
COP2526-102,,ARTS (SAB) - A [Arts Stream],Sabaragamuwa University of Sri Lanka,KURUNEGALA,1.3336,value,4,21,1.3336
COP2526-102,,ARTS (SAB) - A [Arts Stream],Sabaragamuwa University of Sri Lanka,ANURADHAPURA,1.3336,value,4,21,1.3336
COP2526-102,,ARTS (SAB) - A [Arts Stream],Sabaragamuwa University of Sri Lanka,POLONNARUWA,1.3336,value,4,21,1.3336
COP2526-102,,ARTS (SAB) - A [Arts Stream],Sabaragamuwa University of Sri Lanka,BADULLA,1.3336,value,4,21,1.3336
COP2526-102,,ARTS (SAB) - A [Arts Stream],Sabaragamuwa University of Sri Lanka,MONARAGALA,1.3336,value,4,21,1.3336
COP2526-102,,ARTS (SAB) - A [Arts Stream],Sabaragamuwa University of Sri Lanka,KEGALLE,1.3336,value,4,21,1.3336
COP2526-102,,ARTS (SAB) - A [Arts Stream],Sabaragamuwa University of Sri Lanka,RATNAPURA,1.3336,value,4,21,1.3336
COP2526-103,,ARTS (SAB) - B [Commerce Stream],Sabaragamuwa University of Sri Lanka,COLOMBO,1.1842,value,4,22,1.1842
COP2526-103,,ARTS (SAB) - B [Commerce Stream],Sabaragamuwa University of Sri Lanka,GAMPAHA,1.1842,value,4,22,1.1842
COP2526-103,,ARTS (SAB) - B [Commerce Stream],Sabaragamuwa University of Sri Lanka,KALUTARA,1.1842,value,4,22,1.1842
COP2526-103,,ARTS (SAB) - B [Commerce Stream],Sabaragamuwa University of Sri Lanka,MATALE,1.1842,value,4,22,1.1842
COP2526-103,,ARTS (SAB) - B [Commerce Stream],Sabaragamuwa University of Sri Lanka,KANDY,1.1842,value,4,22,1.1842
COP2526-103,,ARTS (SAB) - B [Commerce Stream],Sabaragamuwa University of Sri Lanka,NUWARA ELIYA,1.1842,value,4,22,1.1842
COP2526-103,,ARTS (SAB) - B [Commerce Stream],Sabaragamuwa University of Sri Lanka,GALLE,1.1842,value,4,22,1.1842
COP2526-103,,ARTS (SAB) - B [Commerce Stream],Sabaragamuwa University of Sri Lanka,MATARA,1.1842,value,4,22,1.1842
COP2526-103,,ARTS (SAB) - B [Commerce Stream],Sabaragamuwa University of Sri Lanka,HAMBANTOTA,1.1842,value,4,22,1.1842
COP2526-103,,ARTS (SAB) - B [Commerce Stream],Sabaragamuwa University of Sri Lanka,JAFFNA,1.1842,value,4,22,1.1842
COP2526-103,,ARTS (SAB) - B [Commerce Stream],Sabaragamuwa University of Sri Lanka,KILINOCHCHI,1.1842,value,4,22,1.1842
COP2526-103,,ARTS (SAB) - B [Commerce Stream],Sabaragamuwa University of Sri Lanka,MANNAR,1.1842,value,4,22,1.1842
COP2526-103,,ARTS (SAB) - B [Commerce Stream],Sabaragamuwa University of Sri Lanka,MULLAITIVU,1.1842,value,4,22,1.1842
COP2526-103,,ARTS (SAB) - B [Commerce Stream],Sabaragamuwa University of Sri Lanka,VAVUNIYA,1.1842,value,4,22,1.1842
COP2526-103,,ARTS (SAB) - B [Commerce Stream],Sabaragamuwa University of Sri Lanka,TRINCOMALEE,1.1842,value,4,22,1.1842
COP2526-103,,ARTS (SAB) - B [Commerce Stream],Sabaragamuwa University of Sri Lanka,BATTICALOA,1.1842,value,4,22,1.1842
COP2526-103,,ARTS (SAB) - B [Commerce Stream],Sabaragamuwa University of Sri Lanka,AMPARA,1.1842,value,4,22,1.1842
COP2526-103,,ARTS (SAB) - B [Commerce Stream],Sabaragamuwa University of Sri Lanka,PUTTALAM,1.1842,value,4,22,1.1842
COP2526-103,,ARTS (SAB) - B [Commerce Stream],Sabaragamuwa University of Sri Lanka,KURUNEGALA,1.1842,value,4,22,1.1842
COP2526-103,,ARTS (SAB) - B [Commerce Stream],Sabaragamuwa University of Sri Lanka,ANURADHAPURA,1.1842,value,4,22,1.1842
COP2526-103,,ARTS (SAB) - B [Commerce Stream],Sabaragamuwa University of Sri Lanka,POLONNARUWA,1.1842,value,4,22,1.1842
COP2526-103,,ARTS (SAB) - B [Commerce Stream],Sabaragamuwa University of Sri Lanka,BADULLA,1.1842,value,4,22,1.1842
COP2526-103,,ARTS (SAB) - B [Commerce Stream],Sabaragamuwa University of Sri Lanka,MONARAGALA,1.1842,value,4,22,1.1842
COP2526-103,,ARTS (SAB) - B [Commerce Stream],Sabaragamuwa University of Sri Lanka,KEGALLE,1.1842,value,4,22,1.1842
COP2526-103,,ARTS (SAB) - B [Commerce Stream],Sabaragamuwa University of Sri Lanka,RATNAPURA,1.1842,value,4,22,1.1842
COP2526-104,,ARTS-INFORMATION TECHNOLOGY,University of Sri Jayewardenepura,COLOMBO,1.7910,value,4,23,1.7910
COP2526-104,,ARTS-INFORMATION TECHNOLOGY,University of Sri Jayewardenepura,GAMPAHA,1.7910,value,4,23,1.7910
COP2526-104,,ARTS-INFORMATION TECHNOLOGY,University of Sri Jayewardenepura,KALUTARA,1.7910,value,4,23,1.7910
COP2526-104,,ARTS-INFORMATION TECHNOLOGY,University of Sri Jayewardenepura,MATALE,1.7910,value,4,23,1.7910
COP2526-104,,ARTS-INFORMATION TECHNOLOGY,University of Sri Jayewardenepura,KANDY,1.7910,value,4,23,1.7910
COP2526-104,,ARTS-INFORMATION TECHNOLOGY,University of Sri Jayewardenepura,NUWARA ELIYA,1.7910,value,4,23,1.7910
COP2526-104,,ARTS-INFORMATION TECHNOLOGY,University of Sri Jayewardenepura,GALLE,1.7910,value,4,23,1.7910
COP2526-104,,ARTS-INFORMATION TECHNOLOGY,University of Sri Jayewardenepura,MATARA,1.7910,value,4,23,1.7910
COP2526-104,,ARTS-INFORMATION TECHNOLOGY,University of Sri Jayewardenepura,HAMBANTOTA,1.7910,value,4,23,1.7910
COP2526-104,,ARTS-INFORMATION TECHNOLOGY,University of Sri Jayewardenepura,JAFFNA,1.7910,value,4,23,1.7910
COP2526-104,,ARTS-INFORMATION TECHNOLOGY,University of Sri Jayewardenepura,KILINOCHCHI,1.7910,value,4,23,1.7910
COP2526-104,,ARTS-INFORMATION TECHNOLOGY,University of Sri Jayewardenepura,MANNAR,1.7910,value,4,23,1.7910
COP2526-104,,ARTS-INFORMATION TECHNOLOGY,University of Sri Jayewardenepura,MULLAITIVU,1.7910,value,4,23,1.7910
COP2526-104,,ARTS-INFORMATION TECHNOLOGY,University of Sri Jayewardenepura,VAVUNIYA,1.7910,value,4,23,1.7910
COP2526-104,,ARTS-INFORMATION TECHNOLOGY,University of Sri Jayewardenepura,TRINCOMALEE,1.7910,value,4,23,1.7910
COP2526-104,,ARTS-INFORMATION TECHNOLOGY,University of Sri Jayewardenepura,BATTICALOA,1.7910,value,4,23,1.7910
COP2526-104,,ARTS-INFORMATION TECHNOLOGY,University of Sri Jayewardenepura,AMPARA,1.7910,value,4,23,1.7910
COP2526-104,,ARTS-INFORMATION TECHNOLOGY,University of Sri Jayewardenepura,PUTTALAM,1.7910,value,4,23,1.7910
COP2526-104,,ARTS-INFORMATION TECHNOLOGY,University of Sri Jayewardenepura,KURUNEGALA,1.7910,value,4,23,1.7910
COP2526-104,,ARTS-INFORMATION TECHNOLOGY,University of Sri Jayewardenepura,ANURADHAPURA,1.7910,value,4,23,1.7910
COP2526-104,,ARTS-INFORMATION TECHNOLOGY,University of Sri Jayewardenepura,POLONNARUWA,1.7910,value,4,23,1.7910
COP2526-104,,ARTS-INFORMATION TECHNOLOGY,University of Sri Jayewardenepura,BADULLA,1.7910,value,4,23,1.7910
COP2526-104,,ARTS-INFORMATION TECHNOLOGY,University of Sri Jayewardenepura,MONARAGALA,1.7910,value,4,23,1.7910
COP2526-104,,ARTS-INFORMATION TECHNOLOGY,University of Sri Jayewardenepura,KEGALLE,1.7910,value,4,23,1.7910
COP2526-104,,ARTS-INFORMATION TECHNOLOGY,University of Sri Jayewardenepura,RATNAPURA,1.7910,value,4,23,1.7910
COP2526-105,,AQUATIC BIORESOURCES,University of Sri Jayewardenepura,COLOMBO,1.2417,value,4,24,1.2417
COP2526-105,,AQUATIC BIORESOURCES,University of Sri Jayewardenepura,GAMPAHA,1.1160,value,4,24,1.1160
COP2526-105,,AQUATIC BIORESOURCES,University of Sri Jayewardenepura,KALUTARA,1.2823,value,4,24,1.2823
COP2526-105,,AQUATIC BIORESOURCES,University of Sri Jayewardenepura,MATALE,1.0241,value,4,24,1.0241
COP2526-105,,AQUATIC BIORESOURCES,University of Sri Jayewardenepura,KANDY,1.1553,value,4,24,1.1553
COP2526-105,,AQUATIC BIORESOURCES,University of Sri Jayewardenepura,NUWARA ELIYA,0.9432,value,4,24,0.9432
COP2526-105,,AQUATIC BIORESOURCES,University of Sri Jayewardenepura,GALLE,1.2253,value,4,24,1.2253
COP2526-105,,AQUATIC BIORESOURCES,University of Sri Jayewardenepura,MATARA,1.2442,value,4,24,1.2442
COP2526-105,,AQUATIC BIORESOURCES,University of Sri Jayewardenepura,HAMBANTOTA,1.2566,value,4,24,1.2566
COP2526-105,,AQUATIC BIORESOURCES,University of Sri Jayewardenepura,JAFFNA,1.2113,value,4,24,1.2113
COP2526-105,,AQUATIC BIORESOURCES,University of Sri Jayewardenepura,KILINOCHCHI,0.7371,value,4,24,0.7371
COP2526-105,,AQUATIC BIORESOURCES,University of Sri Jayewardenepura,MANNAR,0.4882,value,4,24,0.4882
COP2526-105,,AQUATIC BIORESOURCES,University of Sri Jayewardenepura,MULLAITIVU,0.4325,value,4,24,0.4325
COP2526-105,,AQUATIC BIORESOURCES,University of Sri Jayewardenepura,VAVUNIYA,0.5589,value,4,24,0.5589
COP2526-105,,AQUATIC BIORESOURCES,University of Sri Jayewardenepura,TRINCOMALEE,1.0736,value,4,24,1.0736
COP2526-105,,AQUATIC BIORESOURCES,University of Sri Jayewardenepura,BATTICALOA,1.1343,value,4,24,1.1343
COP2526-105,,AQUATIC BIORESOURCES,University of Sri Jayewardenepura,AMPARA,1.2742,value,4,24,1.2742
COP2526-105,,AQUATIC BIORESOURCES,University of Sri Jayewardenepura,PUTTALAM,1.0336,value,4,24,1.0336
COP2526-105,,AQUATIC BIORESOURCES,University of Sri Jayewardenepura,KURUNEGALA,1.1122,value,4,24,1.1122
COP2526-105,,AQUATIC BIORESOURCES,University of Sri Jayewardenepura,ANURADHAPURA,0.9543,value,4,24,0.9543
COP2526-105,,AQUATIC BIORESOURCES,University of Sri Jayewardenepura,POLONNARUWA,1.1499,value,4,24,1.1499
COP2526-105,,AQUATIC BIORESOURCES,University of Sri Jayewardenepura,BADULLA,1.2441,value,4,24,1.2441
COP2526-105,,AQUATIC BIORESOURCES,University of Sri Jayewardenepura,MONARAGALA,0.9655,value,4,24,0.9655
COP2526-105,,AQUATIC BIORESOURCES,University of Sri Jayewardenepura,KEGALLE,1.1541,value,4,24,1.1541
COP2526-105,,AQUATIC BIORESOURCES,University of Sri Jayewardenepura,RATNAPURA,1.1919,value,4,24,1.1919
COP2526-106,,URBAN BIORESOURCES,University of Sri Jayewardenepura,COLOMBO,1.1739,value,4,25,1.1739
COP2526-106,,URBAN BIORESOURCES,University of Sri Jayewardenepura,GAMPAHA,1.0648,value,4,25,1.0648
COP2526-106,,URBAN BIORESOURCES,University of Sri Jayewardenepura,KALUTARA,1.2137,value,4,25,1.2137
COP2526-106,,URBAN BIORESOURCES,University of Sri Jayewardenepura,MATALE,0.9284,value,4,25,0.9284
COP2526-106,,URBAN BIORESOURCES,University of Sri Jayewardenepura,KANDY,1.0326,value,4,25,1.0326
COP2526-106,,URBAN BIORESOURCES,University of Sri Jayewardenepura,NUWARA ELIYA,0.9427,value,4,25,0.9427
COP2526-106,,URBAN BIORESOURCES,University of Sri Jayewardenepura,GALLE,1.1831,value,4,25,1.1831
COP2526-106,,URBAN BIORESOURCES,University of Sri Jayewardenepura,MATARA,1.1865,value,4,25,1.1865
COP2526-106,,URBAN BIORESOURCES,University of Sri Jayewardenepura,HAMBANTOTA,1.1177,value,4,25,1.1177
COP2526-106,,URBAN BIORESOURCES,University of Sri Jayewardenepura,JAFFNA,1.2111,value,4,25,1.2111
COP2526-106,,URBAN BIORESOURCES,University of Sri Jayewardenepura,KILINOCHCHI,0.6999,value,4,25,0.6999
COP2526-106,,URBAN BIORESOURCES,University of Sri Jayewardenepura,MANNAR,0.9796,value,4,25,0.9796
COP2526-106,,URBAN BIORESOURCES,University of Sri Jayewardenepura,MULLAITIVU,0.4475,value,4,25,0.4475
COP2526-106,,URBAN BIORESOURCES,University of Sri Jayewardenepura,VAVUNIYA,0.7562,value,4,25,0.7562
COP2526-106,,URBAN BIORESOURCES,University of Sri Jayewardenepura,TRINCOMALEE,0.9747,value,4,25,0.9747
COP2526-106,,URBAN BIORESOURCES,University of Sri Jayewardenepura,BATTICALOA,1.0851,value,4,25,1.0851
COP2526-106,,URBAN BIORESOURCES,University of Sri Jayewardenepura,AMPARA,1.1576,value,4,25,1.1576
COP2526-106,,URBAN BIORESOURCES,University of Sri Jayewardenepura,PUTTALAM,1.0259,value,4,25,1.0259
COP2526-106,,URBAN BIORESOURCES,University of Sri Jayewardenepura,KURUNEGALA,1.1381,value,4,25,1.1381
COP2526-106,,URBAN BIORESOURCES,University of Sri Jayewardenepura,ANURADHAPURA,1.1240,value,4,25,1.1240
COP2526-106,,URBAN BIORESOURCES,University of Sri Jayewardenepura,POLONNARUWA,0.7812,value,4,25,0.7812
COP2526-106,,URBAN BIORESOURCES,University of Sri Jayewardenepura,BADULLA,1.1722,value,4,25,1.1722
COP2526-106,,URBAN BIORESOURCES,University of Sri Jayewardenepura,MONARAGALA,1.1308,value,4,25,1.1308
COP2526-106,,URBAN BIORESOURCES,University of Sri Jayewardenepura,KEGALLE,1.1751,value,4,25,1.1751
COP2526-106,,URBAN BIORESOURCES,University of Sri Jayewardenepura,RATNAPURA,1.1203,value,4,25,1.1203
COP2526-107,,SOCIAL WORK,University of Peradeniya,COLOMBO,1.7577,value,4,26,1.7577
COP2526-107,,SOCIAL WORK,University of Peradeniya,GAMPAHA,1.7577,value,4,26,1.7577
COP2526-107,,SOCIAL WORK,University of Peradeniya,KALUTARA,1.7577,value,4,26,1.7577
COP2526-107,,SOCIAL WORK,University of Peradeniya,MATALE,1.7577,value,4,26,1.7577
COP2526-107,,SOCIAL WORK,University of Peradeniya,KANDY,1.7577,value,4,26,1.7577
COP2526-107,,SOCIAL WORK,University of Peradeniya,NUWARA ELIYA,1.7577,value,4,26,1.7577
COP2526-107,,SOCIAL WORK,University of Peradeniya,GALLE,1.7577,value,4,26,1.7577
COP2526-107,,SOCIAL WORK,University of Peradeniya,MATARA,1.7577,value,4,26,1.7577
COP2526-107,,SOCIAL WORK,University of Peradeniya,HAMBANTOTA,1.7577,value,4,26,1.7577
COP2526-107,,SOCIAL WORK,University of Peradeniya,JAFFNA,1.7577,value,4,26,1.7577
COP2526-107,,SOCIAL WORK,University of Peradeniya,KILINOCHCHI,1.7577,value,4,26,1.7577
COP2526-107,,SOCIAL WORK,University of Peradeniya,MANNAR,1.7577,value,4,26,1.7577
COP2526-107,,SOCIAL WORK,University of Peradeniya,MULLAITIVU,1.7577,value,4,26,1.7577
COP2526-107,,SOCIAL WORK,University of Peradeniya,VAVUNIYA,1.7577,value,4,26,1.7577
COP2526-107,,SOCIAL WORK,University of Peradeniya,TRINCOMALEE,1.7577,value,4,26,1.7577
COP2526-107,,SOCIAL WORK,University of Peradeniya,BATTICALOA,1.7577,value,4,26,1.7577
COP2526-107,,SOCIAL WORK,University of Peradeniya,AMPARA,1.7577,value,4,26,1.7577
COP2526-107,,SOCIAL WORK,University of Peradeniya,PUTTALAM,1.7577,value,4,26,1.7577
COP2526-107,,SOCIAL WORK,University of Peradeniya,KURUNEGALA,1.7577,value,4,26,1.7577
COP2526-107,,SOCIAL WORK,University of Peradeniya,ANURADHAPURA,1.7577,value,4,26,1.7577
COP2526-107,,SOCIAL WORK,University of Peradeniya,POLONNARUWA,1.7577,value,4,26,1.7577
COP2526-107,,SOCIAL WORK,University of Peradeniya,BADULLA,1.7577,value,4,26,1.7577
COP2526-107,,SOCIAL WORK,University of Peradeniya,MONARAGALA,1.7577,value,4,26,1.7577
COP2526-107,,SOCIAL WORK,University of Peradeniya,KEGALLE,1.7577,value,4,26,1.7577
COP2526-107,,SOCIAL WORK,University of Peradeniya,RATNAPURA,1.7577,value,4,26,1.7577
COP2526-108,,SOCIAL WORK,University of Jayewardenepura,COLOMBO,1.7080,value,4,27,1.7080
COP2526-108,,SOCIAL WORK,University of Jayewardenepura,GAMPAHA,1.7080,value,4,27,1.7080
COP2526-108,,SOCIAL WORK,University of Jayewardenepura,KALUTARA,1.7080,value,4,27,1.7080
COP2526-108,,SOCIAL WORK,University of Jayewardenepura,MATALE,1.7080,value,4,27,1.7080
COP2526-108,,SOCIAL WORK,University of Jayewardenepura,KANDY,1.7080,value,4,27,1.7080
COP2526-108,,SOCIAL WORK,University of Jayewardenepura,NUWARA ELIYA,1.7080,value,4,27,1.7080
COP2526-108,,SOCIAL WORK,University of Jayewardenepura,GALLE,1.7080,value,4,27,1.7080
COP2526-108,,SOCIAL WORK,University of Jayewardenepura,MATARA,1.7080,value,4,27,1.7080
COP2526-108,,SOCIAL WORK,University of Jayewardenepura,HAMBANTOTA,1.7080,value,4,27,1.7080
COP2526-108,,SOCIAL WORK,University of Jayewardenepura,JAFFNA,1.7080,value,4,27,1.7080
COP2526-108,,SOCIAL WORK,University of Jayewardenepura,KILINOCHCHI,1.7080,value,4,27,1.7080
COP2526-108,,SOCIAL WORK,University of Jayewardenepura,MANNAR,1.7080,value,4,27,1.7080
COP2526-108,,SOCIAL WORK,University of Jayewardenepura,MULLAITIVU,1.7080,value,4,27,1.7080
COP2526-108,,SOCIAL WORK,University of Jayewardenepura,VAVUNIYA,1.7080,value,4,27,1.7080
COP2526-108,,SOCIAL WORK,University of Jayewardenepura,TRINCOMALEE,1.7080,value,4,27,1.7080
COP2526-108,,SOCIAL WORK,University of Jayewardenepura,BATTICALOA,1.7080,value,4,27,1.7080
COP2526-108,,SOCIAL WORK,University of Jayewardenepura,AMPARA,1.7080,value,4,27,1.7080
COP2526-108,,SOCIAL WORK,University of Jayewardenepura,PUTTALAM,1.7080,value,4,27,1.7080
COP2526-108,,SOCIAL WORK,University of Jayewardenepura,KURUNEGALA,1.7080,value,4,27,1.7080
COP2526-108,,SOCIAL WORK,University of Jayewardenepura,ANURADHAPURA,1.7080,value,4,27,1.7080
COP2526-108,,SOCIAL WORK,University of Jayewardenepura,POLONNARUWA,1.7080,value,4,27,1.7080
COP2526-108,,SOCIAL WORK,University of Jayewardenepura,BADULLA,1.7080,value,4,27,1.7080
COP2526-108,,SOCIAL WORK,University of Jayewardenepura,MONARAGALA,1.7080,value,4,27,1.7080
COP2526-108,,SOCIAL WORK,University of Jayewardenepura,KEGALLE,1.7080,value,4,27,1.7080
COP2526-108,,SOCIAL WORK,University of Jayewardenepura,RATNAPURA,1.7080,value,4,27,1.7080
COP2526-109,,HUMAN RESOURCE DEVELOPMENT,Uva Wellassa University of Sri Lanka,COLOMBO,1.4179,value,5,1,1.4179
COP2526-109,,HUMAN RESOURCE DEVELOPMENT,Uva Wellassa University of Sri Lanka,GAMPAHA,1.4664,value,5,1,1.4664
COP2526-109,,HUMAN RESOURCE DEVELOPMENT,Uva Wellassa University of Sri Lanka,KALUTARA,1.4672,value,5,1,1.4672
COP2526-109,,HUMAN RESOURCE DEVELOPMENT,Uva Wellassa University of Sri Lanka,MATALE,1.4779,value,5,1,1.4779
COP2526-109,,HUMAN RESOURCE DEVELOPMENT,Uva Wellassa University of Sri Lanka,KANDY,1.4451,value,5,1,1.4451
COP2526-109,,HUMAN RESOURCE DEVELOPMENT,Uva Wellassa University of Sri Lanka,NUWARA ELIYA,1.7135,value,5,1,1.7135
COP2526-109,,HUMAN RESOURCE DEVELOPMENT,Uva Wellassa University of Sri Lanka,GALLE,1.4256,value,5,1,1.4256
COP2526-109,,HUMAN RESOURCE DEVELOPMENT,Uva Wellassa University of Sri Lanka,MATARA,1.5193,value,5,1,1.5193
COP2526-109,,HUMAN RESOURCE DEVELOPMENT,Uva Wellassa University of Sri Lanka,HAMBANTOTA,1.6074,value,5,1,1.6074
COP2526-109,,HUMAN RESOURCE DEVELOPMENT,Uva Wellassa University of Sri Lanka,JAFFNA,1.6663,value,5,1,1.6663
COP2526-109,,HUMAN RESOURCE DEVELOPMENT,Uva Wellassa University of Sri Lanka,KILINOCHCHI,1.6661,value,5,1,1.6661
COP2526-109,,HUMAN RESOURCE DEVELOPMENT,Uva Wellassa University of Sri Lanka,MANNAR,1.6687,value,5,1,1.6687
COP2526-109,,HUMAN RESOURCE DEVELOPMENT,Uva Wellassa University of Sri Lanka,MULLAITIVU,1.6513,value,5,1,1.6513
COP2526-109,,HUMAN RESOURCE DEVELOPMENT,Uva Wellassa University of Sri Lanka,VAVUNIYA,1.5279,value,5,1,1.5279
COP2526-109,,HUMAN RESOURCE DEVELOPMENT,Uva Wellassa University of Sri Lanka,TRINCOMALEE,1.6211,value,5,1,1.6211
COP2526-109,,HUMAN RESOURCE DEVELOPMENT,Uva Wellassa University of Sri Lanka,BATTICALOA,1.7253,value,5,1,1.7253
COP2526-109,,HUMAN RESOURCE DEVELOPMENT,Uva Wellassa University of Sri Lanka,AMPARA,1.6908,value,5,1,1.6908
COP2526-109,,HUMAN RESOURCE DEVELOPMENT,Uva Wellassa University of Sri Lanka,PUTTALAM,1.5036,value,5,1,1.5036
COP2526-109,,HUMAN RESOURCE DEVELOPMENT,Uva Wellassa University of Sri Lanka,KURUNEGALA,1.5036,value,5,1,1.5036
COP2526-109,,HUMAN RESOURCE DEVELOPMENT,Uva Wellassa University of Sri Lanka,ANURADHAPURA,1.4409,value,5,1,1.4409
COP2526-109,,HUMAN RESOURCE DEVELOPMENT,Uva Wellassa University of Sri Lanka,POLONNARUWA,1.6343,value,5,1,1.6343
COP2526-109,,HUMAN RESOURCE DEVELOPMENT,Uva Wellassa University of Sri Lanka,BADULLA,1.6223,value,5,1,1.6223
COP2526-109,,HUMAN RESOURCE DEVELOPMENT,Uva Wellassa University of Sri Lanka,MONARAGALA,1.6350,value,5,1,1.6350
COP2526-109,,HUMAN RESOURCE DEVELOPMENT,Uva Wellassa University of Sri Lanka,KEGALLE,1.6715,value,5,1,1.6715
COP2526-109,,HUMAN RESOURCE DEVELOPMENT,Uva Wellassa University of Sri Lanka,RATNAPURA,1.4646,value,5,1,1.4646
COP2526-110,,PRIMARY EDUCATION,University of Colombo,COLOMBO,1.4899,value,5,2,1.4899
COP2526-110,,PRIMARY EDUCATION,University of Colombo,GAMPAHA,1.5265,value,5,2,1.5265
COP2526-110,,PRIMARY EDUCATION,University of Colombo,KALUTARA,1.6722,value,5,2,1.6722
COP2526-110,,PRIMARY EDUCATION,University of Colombo,MATALE,1.7479,value,5,2,1.7479
COP2526-110,,PRIMARY EDUCATION,University of Colombo,KANDY,1.5433,value,5,2,1.5433
COP2526-110,,PRIMARY EDUCATION,University of Colombo,NUWARA ELIYA,1.6182,value,5,2,1.6182
COP2526-110,,PRIMARY EDUCATION,University of Colombo,GALLE,1.7482,value,5,2,1.7482
COP2526-110,,PRIMARY EDUCATION,University of Colombo,MATARA,1.7859,value,5,2,1.7859
COP2526-110,,PRIMARY EDUCATION,University of Colombo,HAMBANTOTA,1.7107,value,5,2,1.7107
COP2526-110,,PRIMARY EDUCATION,University of Colombo,JAFFNA,,NQC,5,2,NQC
COP2526-110,,PRIMARY EDUCATION,University of Colombo,KILINOCHCHI,,NQC,5,2,NQC
COP2526-110,,PRIMARY EDUCATION,University of Colombo,MANNAR,,NQC,5,2,NQC
COP2526-110,,PRIMARY EDUCATION,University of Colombo,MULLAITIVU,,NQC,5,2,NQC
COP2526-110,,PRIMARY EDUCATION,University of Colombo,VAVUNIYA,1.7990,value,5,2,1.7990
COP2526-110,,PRIMARY EDUCATION,University of Colombo,TRINCOMALEE,1.4225,value,5,2,1.4225
COP2526-110,,PRIMARY EDUCATION,University of Colombo,BATTICALOA,,NQC,5,2,NQC
COP2526-110,,PRIMARY EDUCATION,University of Colombo,AMPARA,1.4945,value,5,2,1.4945
COP2526-110,,PRIMARY EDUCATION,University of Colombo,PUTTALAM,1.4735,value,5,2,1.4735
COP2526-110,,PRIMARY EDUCATION,University of Colombo,KURUNEGALA,1.7324,value,5,2,1.7324
COP2526-110,,PRIMARY EDUCATION,University of Colombo,ANURADHAPURA,1.7776,value,5,2,1.7776
COP2526-110,,PRIMARY EDUCATION,University of Colombo,POLONNARUWA,1.7532,value,5,2,1.7532
COP2526-110,,PRIMARY EDUCATION,University of Colombo,BADULLA,1.6478,value,5,2,1.6478
COP2526-110,,PRIMARY EDUCATION,University of Colombo,MONARAGALA,1.6804,value,5,2,1.6804
COP2526-110,,PRIMARY EDUCATION,University of Colombo,KEGALLE,1.6498,value,5,2,1.6498
COP2526-110,,PRIMARY EDUCATION,University of Colombo,RATNAPURA,1.7770,value,5,2,1.7770
COP2526-111,,MANAGEMENT STUDIES (TV) - A [Commerce Stream],"University of Vavuniya, Sri Lanka",COLOMBO,1.2116,value,5,3,1.2116
COP2526-111,,MANAGEMENT STUDIES (TV) - A [Commerce Stream],"University of Vavuniya, Sri Lanka",GAMPAHA,1.2179,value,5,3,1.2179
COP2526-111,,MANAGEMENT STUDIES (TV) - A [Commerce Stream],"University of Vavuniya, Sri Lanka",KALUTARA,1.2266,value,5,3,1.2266
COP2526-111,,MANAGEMENT STUDIES (TV) - A [Commerce Stream],"University of Vavuniya, Sri Lanka",MATALE,1.2284,value,5,3,1.2284
COP2526-111,,MANAGEMENT STUDIES (TV) - A [Commerce Stream],"University of Vavuniya, Sri Lanka",KANDY,1.1841,value,5,3,1.1841
COP2526-111,,MANAGEMENT STUDIES (TV) - A [Commerce Stream],"University of Vavuniya, Sri Lanka",NUWARA ELIYA,1.0569,value,5,3,1.0569
COP2526-111,,MANAGEMENT STUDIES (TV) - A [Commerce Stream],"University of Vavuniya, Sri Lanka",GALLE,1.1946,value,5,3,1.1946
COP2526-111,,MANAGEMENT STUDIES (TV) - A [Commerce Stream],"University of Vavuniya, Sri Lanka",MATARA,1.2180,value,5,3,1.2180
COP2526-111,,MANAGEMENT STUDIES (TV) - A [Commerce Stream],"University of Vavuniya, Sri Lanka",HAMBANTOTA,1.0600,value,5,3,1.0600
COP2526-111,,MANAGEMENT STUDIES (TV) - A [Commerce Stream],"University of Vavuniya, Sri Lanka",JAFFNA,1.0688,value,5,3,1.0688
COP2526-111,,MANAGEMENT STUDIES (TV) - A [Commerce Stream],"University of Vavuniya, Sri Lanka",KILINOCHCHI,,NQC,5,3,NQC
COP2526-111,,MANAGEMENT STUDIES (TV) - A [Commerce Stream],"University of Vavuniya, Sri Lanka",MANNAR,,NQC,5,3,NQC
COP2526-111,,MANAGEMENT STUDIES (TV) - A [Commerce Stream],"University of Vavuniya, Sri Lanka",MULLAITIVU,,NQC,5,3,NQC
COP2526-111,,MANAGEMENT STUDIES (TV) - A [Commerce Stream],"University of Vavuniya, Sri Lanka",VAVUNIYA,,NQC,5,3,NQC
COP2526-111,,MANAGEMENT STUDIES (TV) - A [Commerce Stream],"University of Vavuniya, Sri Lanka",TRINCOMALEE,,NQC,5,3,NQC
COP2526-111,,MANAGEMENT STUDIES (TV) - A [Commerce Stream],"University of Vavuniya, Sri Lanka",BATTICALOA,,NQC,5,3,NQC
COP2526-111,,MANAGEMENT STUDIES (TV) - A [Commerce Stream],"University of Vavuniya, Sri Lanka",AMPARA,,NQC,5,3,NQC
COP2526-111,,MANAGEMENT STUDIES (TV) - A [Commerce Stream],"University of Vavuniya, Sri Lanka",PUTTALAM,1.0691,value,5,3,1.0691
COP2526-111,,MANAGEMENT STUDIES (TV) - A [Commerce Stream],"University of Vavuniya, Sri Lanka",KURUNEGALA,1.2199,value,5,3,1.2199
COP2526-111,,MANAGEMENT STUDIES (TV) - A [Commerce Stream],"University of Vavuniya, Sri Lanka",ANURADHAPURA,1.0608,value,5,3,1.0608
COP2526-111,,MANAGEMENT STUDIES (TV) - A [Commerce Stream],"University of Vavuniya, Sri Lanka",POLONNARUWA,,NQC,5,3,NQC
COP2526-111,,MANAGEMENT STUDIES (TV) - A [Commerce Stream],"University of Vavuniya, Sri Lanka",BADULLA,1.1436,value,5,3,1.1436
COP2526-111,,MANAGEMENT STUDIES (TV) - A [Commerce Stream],"University of Vavuniya, Sri Lanka",MONARAGALA,1.1280,value,5,3,1.1280
COP2526-111,,MANAGEMENT STUDIES (TV) - A [Commerce Stream],"University of Vavuniya, Sri Lanka",KEGALLE,1.2239,value,5,3,1.2239
COP2526-111,,MANAGEMENT STUDIES (TV) - A [Commerce Stream],"University of Vavuniya, Sri Lanka",RATNAPURA,1.1741,value,5,3,1.1741
COP2526-112,,MANAGEMENT STUDIES (TV) - A [Commerce Stream],"Trincomalee Campus, Eastern University, Sri Lanka",COLOMBO,1.2119,value,5,4,1.2119
COP2526-112,,MANAGEMENT STUDIES (TV) - A [Commerce Stream],"Trincomalee Campus, Eastern University, Sri Lanka",GAMPAHA,1.2165,value,5,4,1.2165
COP2526-112,,MANAGEMENT STUDIES (TV) - A [Commerce Stream],"Trincomalee Campus, Eastern University, Sri Lanka",KALUTARA,1.2277,value,5,4,1.2277
COP2526-112,,MANAGEMENT STUDIES (TV) - A [Commerce Stream],"Trincomalee Campus, Eastern University, Sri Lanka",MATALE,1.2354,value,5,4,1.2354
COP2526-112,,MANAGEMENT STUDIES (TV) - A [Commerce Stream],"Trincomalee Campus, Eastern University, Sri Lanka",KANDY,1.1687,value,5,4,1.1687
COP2526-112,,MANAGEMENT STUDIES (TV) - A [Commerce Stream],"Trincomalee Campus, Eastern University, Sri Lanka",NUWARA ELIYA,1.0490,value,5,4,1.0490
COP2526-112,,MANAGEMENT STUDIES (TV) - A [Commerce Stream],"Trincomalee Campus, Eastern University, Sri Lanka",GALLE,1.1920,value,5,4,1.1920
COP2526-112,,MANAGEMENT STUDIES (TV) - A [Commerce Stream],"Trincomalee Campus, Eastern University, Sri Lanka",MATARA,1.2145,value,5,4,1.2145
COP2526-112,,MANAGEMENT STUDIES (TV) - A [Commerce Stream],"Trincomalee Campus, Eastern University, Sri Lanka",HAMBANTOTA,1.0439,value,5,4,1.0439
COP2526-112,,MANAGEMENT STUDIES (TV) - A [Commerce Stream],"Trincomalee Campus, Eastern University, Sri Lanka",JAFFNA,1.1877,value,5,4,1.1877
COP2526-112,,MANAGEMENT STUDIES (TV) - A [Commerce Stream],"Trincomalee Campus, Eastern University, Sri Lanka",KILINOCHCHI,0.6580,value,5,4,0.6580
COP2526-112,,MANAGEMENT STUDIES (TV) - A [Commerce Stream],"Trincomalee Campus, Eastern University, Sri Lanka",MANNAR,0.7444,value,5,4,0.7444
COP2526-112,,MANAGEMENT STUDIES (TV) - A [Commerce Stream],"Trincomalee Campus, Eastern University, Sri Lanka",MULLAITIVU,0.9083,value,5,4,0.9083
COP2526-112,,MANAGEMENT STUDIES (TV) - A [Commerce Stream],"Trincomalee Campus, Eastern University, Sri Lanka",VAVUNIYA,1.0482,value,5,4,1.0482
COP2526-112,,MANAGEMENT STUDIES (TV) - A [Commerce Stream],"Trincomalee Campus, Eastern University, Sri Lanka",TRINCOMALEE,0.7431,value,5,4,0.7431
COP2526-112,,MANAGEMENT STUDIES (TV) - A [Commerce Stream],"Trincomalee Campus, Eastern University, Sri Lanka",BATTICALOA,0.9609,value,5,4,0.9609
COP2526-112,,MANAGEMENT STUDIES (TV) - A [Commerce Stream],"Trincomalee Campus, Eastern University, Sri Lanka",AMPARA,0.9017,value,5,4,0.9017
COP2526-112,,MANAGEMENT STUDIES (TV) - A [Commerce Stream],"Trincomalee Campus, Eastern University, Sri Lanka",PUTTALAM,,NQC,5,4,NQC
COP2526-112,,MANAGEMENT STUDIES (TV) - A [Commerce Stream],"Trincomalee Campus, Eastern University, Sri Lanka",KURUNEGALA,1.2209,value,5,4,1.2209
COP2526-112,,MANAGEMENT STUDIES (TV) - A [Commerce Stream],"Trincomalee Campus, Eastern University, Sri Lanka",ANURADHAPURA,1.0561,value,5,4,1.0561
COP2526-112,,MANAGEMENT STUDIES (TV) - A [Commerce Stream],"Trincomalee Campus, Eastern University, Sri Lanka",POLONNARUWA,0.9520,value,5,4,0.9520
COP2526-112,,MANAGEMENT STUDIES (TV) - A [Commerce Stream],"Trincomalee Campus, Eastern University, Sri Lanka",BADULLA,1.1438,value,5,4,1.1438
COP2526-112,,MANAGEMENT STUDIES (TV) - A [Commerce Stream],"Trincomalee Campus, Eastern University, Sri Lanka",MONARAGALA,1.1350,value,5,4,1.1350
COP2526-112,,MANAGEMENT STUDIES (TV) - A [Commerce Stream],"Trincomalee Campus, Eastern University, Sri Lanka",KEGALLE,1.2404,value,5,4,1.2404
COP2526-112,,MANAGEMENT STUDIES (TV) - A [Commerce Stream],"Trincomalee Campus, Eastern University, Sri Lanka",RATNAPURA,1.1724,value,5,4,1.1724
COP2526-113,,MANAGEMENT STUDIES (TV) - B [Any subject combination],"University of Vavuniya, Sri Lanka",COLOMBO,,NQC,5,5,NQC
COP2526-113,,MANAGEMENT STUDIES (TV) - B [Any subject combination],"University of Vavuniya, Sri Lanka",GAMPAHA,1.2963,value,5,5,1.2963
COP2526-113,,MANAGEMENT STUDIES (TV) - B [Any subject combination],"University of Vavuniya, Sri Lanka",KALUTARA,,NQC,5,5,NQC
COP2526-113,,MANAGEMENT STUDIES (TV) - B [Any subject combination],"University of Vavuniya, Sri Lanka",MATALE,1.3179,value,5,5,1.3179
COP2526-113,,MANAGEMENT STUDIES (TV) - B [Any subject combination],"University of Vavuniya, Sri Lanka",KANDY,1.3508,value,5,5,1.3508
COP2526-113,,MANAGEMENT STUDIES (TV) - B [Any subject combination],"University of Vavuniya, Sri Lanka",NUWARA ELIYA,1.3152,value,5,5,1.3152
COP2526-113,,MANAGEMENT STUDIES (TV) - B [Any subject combination],"University of Vavuniya, Sri Lanka",GALLE,1.3098,value,5,5,1.3098
COP2526-113,,MANAGEMENT STUDIES (TV) - B [Any subject combination],"University of Vavuniya, Sri Lanka",MATARA,,NQC,5,5,NQC
COP2526-113,,MANAGEMENT STUDIES (TV) - B [Any subject combination],"University of Vavuniya, Sri Lanka",HAMBANTOTA,,NQC,5,5,NQC
COP2526-113,,MANAGEMENT STUDIES (TV) - B [Any subject combination],"University of Vavuniya, Sri Lanka",JAFFNA,1.2964,value,5,5,1.2964
COP2526-113,,MANAGEMENT STUDIES (TV) - B [Any subject combination],"University of Vavuniya, Sri Lanka",KILINOCHCHI,1.3730,value,5,5,1.3730
COP2526-113,,MANAGEMENT STUDIES (TV) - B [Any subject combination],"University of Vavuniya, Sri Lanka",MANNAR,1.2955,value,5,5,1.2955
COP2526-113,,MANAGEMENT STUDIES (TV) - B [Any subject combination],"University of Vavuniya, Sri Lanka",MULLAITIVU,,NQC,5,5,NQC
COP2526-113,,MANAGEMENT STUDIES (TV) - B [Any subject combination],"University of Vavuniya, Sri Lanka",VAVUNIYA,,NQC,5,5,NQC
COP2526-113,,MANAGEMENT STUDIES (TV) - B [Any subject combination],"University of Vavuniya, Sri Lanka",TRINCOMALEE,1.3299,value,5,5,1.3299
COP2526-113,,MANAGEMENT STUDIES (TV) - B [Any subject combination],"University of Vavuniya, Sri Lanka",BATTICALOA,1.3184,value,5,5,1.3184
COP2526-113,,MANAGEMENT STUDIES (TV) - B [Any subject combination],"University of Vavuniya, Sri Lanka",AMPARA,1.3050,value,5,5,1.3050
COP2526-113,,MANAGEMENT STUDIES (TV) - B [Any subject combination],"University of Vavuniya, Sri Lanka",PUTTALAM,1.2977,value,5,5,1.2977
COP2526-113,,MANAGEMENT STUDIES (TV) - B [Any subject combination],"University of Vavuniya, Sri Lanka",KURUNEGALA,1.3479,value,5,5,1.3479
COP2526-113,,MANAGEMENT STUDIES (TV) - B [Any subject combination],"University of Vavuniya, Sri Lanka",ANURADHAPURA,1.3177,value,5,5,1.3177
COP2526-113,,MANAGEMENT STUDIES (TV) - B [Any subject combination],"University of Vavuniya, Sri Lanka",POLONNARUWA,,NQC,5,5,NQC
COP2526-113,,MANAGEMENT STUDIES (TV) - B [Any subject combination],"University of Vavuniya, Sri Lanka",BADULLA,1.3310,value,5,5,1.3310
COP2526-113,,MANAGEMENT STUDIES (TV) - B [Any subject combination],"University of Vavuniya, Sri Lanka",MONARAGALA,,NQC,5,5,NQC
COP2526-113,,MANAGEMENT STUDIES (TV) - B [Any subject combination],"University of Vavuniya, Sri Lanka",KEGALLE,1.3235,value,5,5,1.3235
COP2526-113,,MANAGEMENT STUDIES (TV) - B [Any subject combination],"University of Vavuniya, Sri Lanka",RATNAPURA,1.3042,value,5,5,1.3042
COP2526-114,,MANAGEMENT STUDIES (TV) - B [Any subject combination],"Trincomalee Campus, Eastern University, Sri Lanka",COLOMBO,1.2051,value,5,6,1.2051
COP2526-114,,MANAGEMENT STUDIES (TV) - B [Any subject combination],"Trincomalee Campus, Eastern University, Sri Lanka",GAMPAHA,1.2527,value,5,6,1.2527
COP2526-114,,MANAGEMENT STUDIES (TV) - B [Any subject combination],"Trincomalee Campus, Eastern University, Sri Lanka",KALUTARA,1.2550,value,5,6,1.2550
COP2526-114,,MANAGEMENT STUDIES (TV) - B [Any subject combination],"Trincomalee Campus, Eastern University, Sri Lanka",MATALE,,NQC,5,6,NQC
COP2526-114,,MANAGEMENT STUDIES (TV) - B [Any subject combination],"Trincomalee Campus, Eastern University, Sri Lanka",KANDY,1.2670,value,5,6,1.2670
COP2526-114,,MANAGEMENT STUDIES (TV) - B [Any subject combination],"Trincomalee Campus, Eastern University, Sri Lanka",NUWARA ELIYA,1.2737,value,5,6,1.2737
COP2526-114,,MANAGEMENT STUDIES (TV) - B [Any subject combination],"Trincomalee Campus, Eastern University, Sri Lanka",GALLE,1.3104,value,5,6,1.3104
COP2526-114,,MANAGEMENT STUDIES (TV) - B [Any subject combination],"Trincomalee Campus, Eastern University, Sri Lanka",MATARA,1.2847,value,5,6,1.2847
COP2526-114,,MANAGEMENT STUDIES (TV) - B [Any subject combination],"Trincomalee Campus, Eastern University, Sri Lanka",HAMBANTOTA,1.2768,value,5,6,1.2768
COP2526-114,,MANAGEMENT STUDIES (TV) - B [Any subject combination],"Trincomalee Campus, Eastern University, Sri Lanka",JAFFNA,1.2560,value,5,6,1.2560
COP2526-114,,MANAGEMENT STUDIES (TV) - B [Any subject combination],"Trincomalee Campus, Eastern University, Sri Lanka",KILINOCHCHI,1.3208,value,5,6,1.3208
COP2526-114,,MANAGEMENT STUDIES (TV) - B [Any subject combination],"Trincomalee Campus, Eastern University, Sri Lanka",MANNAR,1.3822,value,5,6,1.3822
COP2526-114,,MANAGEMENT STUDIES (TV) - B [Any subject combination],"Trincomalee Campus, Eastern University, Sri Lanka",MULLAITIVU,1.2886,value,5,6,1.2886
COP2526-114,,MANAGEMENT STUDIES (TV) - B [Any subject combination],"Trincomalee Campus, Eastern University, Sri Lanka",VAVUNIYA,1.3003,value,5,6,1.3003
COP2526-114,,MANAGEMENT STUDIES (TV) - B [Any subject combination],"Trincomalee Campus, Eastern University, Sri Lanka",TRINCOMALEE,1.3303,value,5,6,1.3303
COP2526-114,,MANAGEMENT STUDIES (TV) - B [Any subject combination],"Trincomalee Campus, Eastern University, Sri Lanka",BATTICALOA,1.2739,value,5,6,1.2739
COP2526-114,,MANAGEMENT STUDIES (TV) - B [Any subject combination],"Trincomalee Campus, Eastern University, Sri Lanka",AMPARA,1.2780,value,5,6,1.2780
COP2526-114,,MANAGEMENT STUDIES (TV) - B [Any subject combination],"Trincomalee Campus, Eastern University, Sri Lanka",PUTTALAM,1.2793,value,5,6,1.2793
COP2526-114,,MANAGEMENT STUDIES (TV) - B [Any subject combination],"Trincomalee Campus, Eastern University, Sri Lanka",KURUNEGALA,1.2818,value,5,6,1.2818
COP2526-114,,MANAGEMENT STUDIES (TV) - B [Any subject combination],"Trincomalee Campus, Eastern University, Sri Lanka",ANURADHAPURA,1.2845,value,5,6,1.2845
COP2526-114,,MANAGEMENT STUDIES (TV) - B [Any subject combination],"Trincomalee Campus, Eastern University, Sri Lanka",POLONNARUWA,1.2761,value,5,6,1.2761
COP2526-114,,MANAGEMENT STUDIES (TV) - B [Any subject combination],"Trincomalee Campus, Eastern University, Sri Lanka",BADULLA,1.2820,value,5,6,1.2820
COP2526-114,,MANAGEMENT STUDIES (TV) - B [Any subject combination],"Trincomalee Campus, Eastern University, Sri Lanka",MONARAGALA,1.2830,value,5,6,1.2830
COP2526-114,,MANAGEMENT STUDIES (TV) - B [Any subject combination],"Trincomalee Campus, Eastern University, Sri Lanka",KEGALLE,1.2801,value,5,6,1.2801
COP2526-114,,MANAGEMENT STUDIES (TV) - B [Any subject combination],"Trincomalee Campus, Eastern University, Sri Lanka",RATNAPURA,1.2832,value,5,6,1.2832
COP2526-115,,COMMUNICATION STUDIES,"Trincomalee Campus, Eastern University, Sri Lanka",COLOMBO,1.2221,value,5,7,1.2221
COP2526-115,,COMMUNICATION STUDIES,"Trincomalee Campus, Eastern University, Sri Lanka",GAMPAHA,1.2221,value,5,7,1.2221
COP2526-115,,COMMUNICATION STUDIES,"Trincomalee Campus, Eastern University, Sri Lanka",KALUTARA,1.2221,value,5,7,1.2221
COP2526-115,,COMMUNICATION STUDIES,"Trincomalee Campus, Eastern University, Sri Lanka",MATALE,1.2221,value,5,7,1.2221
COP2526-115,,COMMUNICATION STUDIES,"Trincomalee Campus, Eastern University, Sri Lanka",KANDY,1.2221,value,5,7,1.2221
COP2526-115,,COMMUNICATION STUDIES,"Trincomalee Campus, Eastern University, Sri Lanka",NUWARA ELIYA,1.2221,value,5,7,1.2221
COP2526-115,,COMMUNICATION STUDIES,"Trincomalee Campus, Eastern University, Sri Lanka",GALLE,1.2221,value,5,7,1.2221
COP2526-115,,COMMUNICATION STUDIES,"Trincomalee Campus, Eastern University, Sri Lanka",MATARA,1.2221,value,5,7,1.2221
COP2526-115,,COMMUNICATION STUDIES,"Trincomalee Campus, Eastern University, Sri Lanka",HAMBANTOTA,1.2221,value,5,7,1.2221
COP2526-115,,COMMUNICATION STUDIES,"Trincomalee Campus, Eastern University, Sri Lanka",JAFFNA,1.2221,value,5,7,1.2221
COP2526-115,,COMMUNICATION STUDIES,"Trincomalee Campus, Eastern University, Sri Lanka",KILINOCHCHI,1.2221,value,5,7,1.2221
COP2526-115,,COMMUNICATION STUDIES,"Trincomalee Campus, Eastern University, Sri Lanka",MANNAR,1.2221,value,5,7,1.2221
COP2526-115,,COMMUNICATION STUDIES,"Trincomalee Campus, Eastern University, Sri Lanka",MULLAITIVU,1.2221,value,5,7,1.2221
COP2526-115,,COMMUNICATION STUDIES,"Trincomalee Campus, Eastern University, Sri Lanka",VAVUNIYA,1.2221,value,5,7,1.2221
COP2526-115,,COMMUNICATION STUDIES,"Trincomalee Campus, Eastern University, Sri Lanka",TRINCOMALEE,1.2221,value,5,7,1.2221
COP2526-115,,COMMUNICATION STUDIES,"Trincomalee Campus, Eastern University, Sri Lanka",BATTICALOA,1.2221,value,5,7,1.2221
COP2526-115,,COMMUNICATION STUDIES,"Trincomalee Campus, Eastern University, Sri Lanka",AMPARA,1.2221,value,5,7,1.2221
COP2526-115,,COMMUNICATION STUDIES,"Trincomalee Campus, Eastern University, Sri Lanka",PUTTALAM,1.2221,value,5,7,1.2221
COP2526-115,,COMMUNICATION STUDIES,"Trincomalee Campus, Eastern University, Sri Lanka",KURUNEGALA,1.2221,value,5,7,1.2221
COP2526-115,,COMMUNICATION STUDIES,"Trincomalee Campus, Eastern University, Sri Lanka",ANURADHAPURA,1.2221,value,5,7,1.2221
COP2526-115,,COMMUNICATION STUDIES,"Trincomalee Campus, Eastern University, Sri Lanka",POLONNARUWA,1.2221,value,5,7,1.2221
COP2526-115,,COMMUNICATION STUDIES,"Trincomalee Campus, Eastern University, Sri Lanka",BADULLA,1.2221,value,5,7,1.2221
COP2526-115,,COMMUNICATION STUDIES,"Trincomalee Campus, Eastern University, Sri Lanka",MONARAGALA,1.2221,value,5,7,1.2221
COP2526-115,,COMMUNICATION STUDIES,"Trincomalee Campus, Eastern University, Sri Lanka",KEGALLE,1.2221,value,5,7,1.2221
COP2526-115,,COMMUNICATION STUDIES,"Trincomalee Campus, Eastern University, Sri Lanka",RATNAPURA,1.2221,value,5,7,1.2221
COP2526-116,,FINANCIAL ECONOMICS,University of Sri Jayewardenepura,COLOMBO,1.7935,value,5,8,1.7935
COP2526-116,,FINANCIAL ECONOMICS,University of Sri Jayewardenepura,GAMPAHA,1.7517,value,5,8,1.7517
COP2526-116,,FINANCIAL ECONOMICS,University of Sri Jayewardenepura,KALUTARA,1.8521,value,5,8,1.8521
COP2526-116,,FINANCIAL ECONOMICS,University of Sri Jayewardenepura,MATALE,1.7325,value,5,8,1.7325
COP2526-116,,FINANCIAL ECONOMICS,University of Sri Jayewardenepura,KANDY,1.8222,value,5,8,1.8222
COP2526-116,,FINANCIAL ECONOMICS,University of Sri Jayewardenepura,NUWARA ELIYA,1.6724,value,5,8,1.6724
COP2526-116,,FINANCIAL ECONOMICS,University of Sri Jayewardenepura,GALLE,1.8153,value,5,8,1.8153
COP2526-116,,FINANCIAL ECONOMICS,University of Sri Jayewardenepura,MATARA,1.8232,value,5,8,1.8232
COP2526-116,,FINANCIAL ECONOMICS,University of Sri Jayewardenepura,HAMBANTOTA,1.6057,value,5,8,1.6057
COP2526-116,,FINANCIAL ECONOMICS,University of Sri Jayewardenepura,JAFFNA,1.6862,value,5,8,1.6862
COP2526-116,,FINANCIAL ECONOMICS,University of Sri Jayewardenepura,KILINOCHCHI,1.3739,value,5,8,1.3739
COP2526-116,,FINANCIAL ECONOMICS,University of Sri Jayewardenepura,MANNAR,1.1108,value,5,8,1.1108
COP2526-116,,FINANCIAL ECONOMICS,University of Sri Jayewardenepura,MULLAITIVU,1.0929,value,5,8,1.0929
COP2526-116,,FINANCIAL ECONOMICS,University of Sri Jayewardenepura,VAVUNIYA,1.8080,value,5,8,1.8080
COP2526-116,,FINANCIAL ECONOMICS,University of Sri Jayewardenepura,TRINCOMALEE,1.6929,value,5,8,1.6929
COP2526-116,,FINANCIAL ECONOMICS,University of Sri Jayewardenepura,BATTICALOA,1.5051,value,5,8,1.5051
COP2526-116,,FINANCIAL ECONOMICS,University of Sri Jayewardenepura,AMPARA,1.5708,value,5,8,1.5708
COP2526-116,,FINANCIAL ECONOMICS,University of Sri Jayewardenepura,PUTTALAM,1.8426,value,5,8,1.8426
COP2526-116,,FINANCIAL ECONOMICS,University of Sri Jayewardenepura,KURUNEGALA,1.7286,value,5,8,1.7286
COP2526-116,,FINANCIAL ECONOMICS,University of Sri Jayewardenepura,ANURADHAPURA,1.6673,value,5,8,1.6673
COP2526-116,,FINANCIAL ECONOMICS,University of Sri Jayewardenepura,POLONNARUWA,1.6314,value,5,8,1.6314
COP2526-116,,FINANCIAL ECONOMICS,University of Sri Jayewardenepura,BADULLA,1.6858,value,5,8,1.6858
COP2526-116,,FINANCIAL ECONOMICS,University of Sri Jayewardenepura,MONARAGALA,1.6876,value,5,8,1.6876
COP2526-116,,FINANCIAL ECONOMICS,University of Sri Jayewardenepura,KEGALLE,1.7543,value,5,8,1.7543
COP2526-116,,FINANCIAL ECONOMICS,University of Sri Jayewardenepura,RATNAPURA,1.8498,value,5,8,1.8498
COP2526-117,,CREATIVE MUSIC TECHNOLOGY & PRODUCTION,University of Sri Jayewardenepura,COLOMBO,1.5067,value,5,9,1.5067
COP2526-117,,CREATIVE MUSIC TECHNOLOGY & PRODUCTION,University of Sri Jayewardenepura,GAMPAHA,1.3651,value,5,9,1.3651
COP2526-117,,CREATIVE MUSIC TECHNOLOGY & PRODUCTION,University of Sri Jayewardenepura,KALUTARA,1.4770,value,5,9,1.4770
COP2526-117,,CREATIVE MUSIC TECHNOLOGY & PRODUCTION,University of Sri Jayewardenepura,MATALE,1.3871,value,5,9,1.3871
COP2526-117,,CREATIVE MUSIC TECHNOLOGY & PRODUCTION,University of Sri Jayewardenepura,KANDY,1.3809,value,5,9,1.3809
COP2526-117,,CREATIVE MUSIC TECHNOLOGY & PRODUCTION,University of Sri Jayewardenepura,NUWARA ELIYA,1.4214,value,5,9,1.4214
COP2526-117,,CREATIVE MUSIC TECHNOLOGY & PRODUCTION,University of Sri Jayewardenepura,GALLE,1.5349,value,5,9,1.5349
COP2526-117,,CREATIVE MUSIC TECHNOLOGY & PRODUCTION,University of Sri Jayewardenepura,MATARA,1.4892,value,5,9,1.4892
COP2526-117,,CREATIVE MUSIC TECHNOLOGY & PRODUCTION,University of Sri Jayewardenepura,HAMBANTOTA,1.3237,value,5,9,1.3237
COP2526-117,,CREATIVE MUSIC TECHNOLOGY & PRODUCTION,University of Sri Jayewardenepura,JAFFNA,1.4313,value,5,9,1.4313
COP2526-117,,CREATIVE MUSIC TECHNOLOGY & PRODUCTION,University of Sri Jayewardenepura,KILINOCHCHI,1.2663,value,5,9,1.2663
COP2526-117,,CREATIVE MUSIC TECHNOLOGY & PRODUCTION,University of Sri Jayewardenepura,MANNAR,1.3006,value,5,9,1.3006
COP2526-117,,CREATIVE MUSIC TECHNOLOGY & PRODUCTION,University of Sri Jayewardenepura,MULLAITIVU,1.5451,value,5,9,1.5451
COP2526-117,,CREATIVE MUSIC TECHNOLOGY & PRODUCTION,University of Sri Jayewardenepura,VAVUNIYA,1.2473,value,5,9,1.2473
COP2526-117,,CREATIVE MUSIC TECHNOLOGY & PRODUCTION,University of Sri Jayewardenepura,TRINCOMALEE,1.2822,value,5,9,1.2822
COP2526-117,,CREATIVE MUSIC TECHNOLOGY & PRODUCTION,University of Sri Jayewardenepura,BATTICALOA,1.2369,value,5,9,1.2369
COP2526-117,,CREATIVE MUSIC TECHNOLOGY & PRODUCTION,University of Sri Jayewardenepura,AMPARA,1.2633,value,5,9,1.2633
COP2526-117,,CREATIVE MUSIC TECHNOLOGY & PRODUCTION,University of Sri Jayewardenepura,PUTTALAM,1.2823,value,5,9,1.2823
COP2526-117,,CREATIVE MUSIC TECHNOLOGY & PRODUCTION,University of Sri Jayewardenepura,KURUNEGALA,1.4485,value,5,9,1.4485
COP2526-117,,CREATIVE MUSIC TECHNOLOGY & PRODUCTION,University of Sri Jayewardenepura,ANURADHAPURA,1.4200,value,5,9,1.4200
COP2526-117,,CREATIVE MUSIC TECHNOLOGY & PRODUCTION,University of Sri Jayewardenepura,POLONNARUWA,1.4918,value,5,9,1.4918
COP2526-117,,CREATIVE MUSIC TECHNOLOGY & PRODUCTION,University of Sri Jayewardenepura,BADULLA,1.4854,value,5,9,1.4854
COP2526-117,,CREATIVE MUSIC TECHNOLOGY & PRODUCTION,University of Sri Jayewardenepura,MONARAGALA,1.4533,value,5,9,1.4533
COP2526-117,,CREATIVE MUSIC TECHNOLOGY & PRODUCTION,University of Sri Jayewardenepura,KEGALLE,1.4609,value,5,9,1.4609
COP2526-117,,CREATIVE MUSIC TECHNOLOGY & PRODUCTION,University of Sri Jayewardenepura,RATNAPURA,1.4511,value,5,9,1.4511
COP2526-118,,PEACE & CONFLICT RESOLUTION,University of Kelaniya,COLOMBO,1.7433,value,5,10,1.7433
COP2526-118,,PEACE & CONFLICT RESOLUTION,University of Kelaniya,GAMPAHA,1.7433,value,5,10,1.7433
COP2526-118,,PEACE & CONFLICT RESOLUTION,University of Kelaniya,KALUTARA,1.7433,value,5,10,1.7433
COP2526-118,,PEACE & CONFLICT RESOLUTION,University of Kelaniya,MATALE,1.7433,value,5,10,1.7433
COP2526-118,,PEACE & CONFLICT RESOLUTION,University of Kelaniya,KANDY,1.7433,value,5,10,1.7433
COP2526-118,,PEACE & CONFLICT RESOLUTION,University of Kelaniya,NUWARA ELIYA,1.7433,value,5,10,1.7433
COP2526-118,,PEACE & CONFLICT RESOLUTION,University of Kelaniya,GALLE,1.7433,value,5,10,1.7433
COP2526-118,,PEACE & CONFLICT RESOLUTION,University of Kelaniya,MATARA,1.7433,value,5,10,1.7433
COP2526-118,,PEACE & CONFLICT RESOLUTION,University of Kelaniya,HAMBANTOTA,1.7433,value,5,10,1.7433
COP2526-118,,PEACE & CONFLICT RESOLUTION,University of Kelaniya,JAFFNA,1.7433,value,5,10,1.7433
COP2526-118,,PEACE & CONFLICT RESOLUTION,University of Kelaniya,KILINOCHCHI,1.7433,value,5,10,1.7433
COP2526-118,,PEACE & CONFLICT RESOLUTION,University of Kelaniya,MANNAR,1.7433,value,5,10,1.7433
COP2526-118,,PEACE & CONFLICT RESOLUTION,University of Kelaniya,MULLAITIVU,1.7433,value,5,10,1.7433
COP2526-118,,PEACE & CONFLICT RESOLUTION,University of Kelaniya,VAVUNIYA,1.7433,value,5,10,1.7433
COP2526-118,,PEACE & CONFLICT RESOLUTION,University of Kelaniya,TRINCOMALEE,1.7433,value,5,10,1.7433
COP2526-118,,PEACE & CONFLICT RESOLUTION,University of Kelaniya,BATTICALOA,1.7433,value,5,10,1.7433
COP2526-118,,PEACE & CONFLICT RESOLUTION,University of Kelaniya,AMPARA,1.7433,value,5,10,1.7433
COP2526-118,,PEACE & CONFLICT RESOLUTION,University of Kelaniya,PUTTALAM,1.7433,value,5,10,1.7433
COP2526-118,,PEACE & CONFLICT RESOLUTION,University of Kelaniya,KURUNEGALA,1.7433,value,5,10,1.7433
COP2526-118,,PEACE & CONFLICT RESOLUTION,University of Kelaniya,ANURADHAPURA,1.7433,value,5,10,1.7433
COP2526-118,,PEACE & CONFLICT RESOLUTION,University of Kelaniya,POLONNARUWA,1.7433,value,5,10,1.7433
COP2526-118,,PEACE & CONFLICT RESOLUTION,University of Kelaniya,BADULLA,1.7433,value,5,10,1.7433
COP2526-118,,PEACE & CONFLICT RESOLUTION,University of Kelaniya,MONARAGALA,1.7433,value,5,10,1.7433
COP2526-118,,PEACE & CONFLICT RESOLUTION,University of Kelaniya,KEGALLE,1.7433,value,5,10,1.7433
COP2526-118,,PEACE & CONFLICT RESOLUTION,University of Kelaniya,RATNAPURA,1.7433,value,5,10,1.7433
COP2526-119,,ISLAMIC STUDIES,South Eastern University of Sri Lanka,COLOMBO,1.0502,value,5,11,1.0502
COP2526-119,,ISLAMIC STUDIES,South Eastern University of Sri Lanka,GAMPAHA,1.0502,value,5,11,1.0502
COP2526-119,,ISLAMIC STUDIES,South Eastern University of Sri Lanka,KALUTARA,1.0502,value,5,11,1.0502
COP2526-119,,ISLAMIC STUDIES,South Eastern University of Sri Lanka,MATALE,1.0502,value,5,11,1.0502
COP2526-119,,ISLAMIC STUDIES,South Eastern University of Sri Lanka,KANDY,1.0502,value,5,11,1.0502
COP2526-119,,ISLAMIC STUDIES,South Eastern University of Sri Lanka,NUWARA ELIYA,1.0502,value,5,11,1.0502
COP2526-119,,ISLAMIC STUDIES,South Eastern University of Sri Lanka,GALLE,1.0502,value,5,11,1.0502
COP2526-119,,ISLAMIC STUDIES,South Eastern University of Sri Lanka,MATARA,1.0502,value,5,11,1.0502
COP2526-119,,ISLAMIC STUDIES,South Eastern University of Sri Lanka,HAMBANTOTA,1.0502,value,5,11,1.0502
COP2526-119,,ISLAMIC STUDIES,South Eastern University of Sri Lanka,JAFFNA,1.0502,value,5,11,1.0502
COP2526-119,,ISLAMIC STUDIES,South Eastern University of Sri Lanka,KILINOCHCHI,1.0502,value,5,11,1.0502
COP2526-119,,ISLAMIC STUDIES,South Eastern University of Sri Lanka,MANNAR,1.0502,value,5,11,1.0502
COP2526-119,,ISLAMIC STUDIES,South Eastern University of Sri Lanka,MULLAITIVU,1.0502,value,5,11,1.0502
COP2526-119,,ISLAMIC STUDIES,South Eastern University of Sri Lanka,VAVUNIYA,1.0502,value,5,11,1.0502
COP2526-119,,ISLAMIC STUDIES,South Eastern University of Sri Lanka,TRINCOMALEE,1.0502,value,5,11,1.0502
COP2526-119,,ISLAMIC STUDIES,South Eastern University of Sri Lanka,BATTICALOA,1.0502,value,5,11,1.0502
COP2526-119,,ISLAMIC STUDIES,South Eastern University of Sri Lanka,AMPARA,1.0502,value,5,11,1.0502
COP2526-119,,ISLAMIC STUDIES,South Eastern University of Sri Lanka,PUTTALAM,1.0502,value,5,11,1.0502
COP2526-119,,ISLAMIC STUDIES,South Eastern University of Sri Lanka,KURUNEGALA,1.0502,value,5,11,1.0502
COP2526-119,,ISLAMIC STUDIES,South Eastern University of Sri Lanka,ANURADHAPURA,1.0502,value,5,11,1.0502
COP2526-119,,ISLAMIC STUDIES,South Eastern University of Sri Lanka,POLONNARUWA,1.0502,value,5,11,1.0502
COP2526-119,,ISLAMIC STUDIES,South Eastern University of Sri Lanka,BADULLA,1.0502,value,5,11,1.0502
COP2526-119,,ISLAMIC STUDIES,South Eastern University of Sri Lanka,MONARAGALA,1.0502,value,5,11,1.0502
COP2526-119,,ISLAMIC STUDIES,South Eastern University of Sri Lanka,KEGALLE,1.0502,value,5,11,1.0502
COP2526-119,,ISLAMIC STUDIES,South Eastern University of Sri Lanka,RATNAPURA,1.0502,value,5,11,1.0502
COP2526-120,,ARABIC LANGUAGE,South Eastern University of Sri Lanka,COLOMBO,0.6095,value,5,12,0.6095
COP2526-120,,ARABIC LANGUAGE,South Eastern University of Sri Lanka,GAMPAHA,0.6095,value,5,12,0.6095
COP2526-120,,ARABIC LANGUAGE,South Eastern University of Sri Lanka,KALUTARA,0.6095,value,5,12,0.6095
COP2526-120,,ARABIC LANGUAGE,South Eastern University of Sri Lanka,MATALE,0.6095,value,5,12,0.6095
COP2526-120,,ARABIC LANGUAGE,South Eastern University of Sri Lanka,KANDY,0.6095,value,5,12,0.6095
COP2526-120,,ARABIC LANGUAGE,South Eastern University of Sri Lanka,NUWARA ELIYA,0.6095,value,5,12,0.6095
COP2526-120,,ARABIC LANGUAGE,South Eastern University of Sri Lanka,GALLE,0.6095,value,5,12,0.6095
COP2526-120,,ARABIC LANGUAGE,South Eastern University of Sri Lanka,MATARA,0.6095,value,5,12,0.6095
COP2526-120,,ARABIC LANGUAGE,South Eastern University of Sri Lanka,HAMBANTOTA,0.6095,value,5,12,0.6095
COP2526-120,,ARABIC LANGUAGE,South Eastern University of Sri Lanka,JAFFNA,0.6095,value,5,12,0.6095
COP2526-120,,ARABIC LANGUAGE,South Eastern University of Sri Lanka,KILINOCHCHI,0.6095,value,5,12,0.6095
COP2526-120,,ARABIC LANGUAGE,South Eastern University of Sri Lanka,MANNAR,0.6095,value,5,12,0.6095
COP2526-120,,ARABIC LANGUAGE,South Eastern University of Sri Lanka,MULLAITIVU,0.6095,value,5,12,0.6095
COP2526-120,,ARABIC LANGUAGE,South Eastern University of Sri Lanka,VAVUNIYA,0.6095,value,5,12,0.6095
COP2526-120,,ARABIC LANGUAGE,South Eastern University of Sri Lanka,TRINCOMALEE,0.6095,value,5,12,0.6095
COP2526-120,,ARABIC LANGUAGE,South Eastern University of Sri Lanka,BATTICALOA,0.6095,value,5,12,0.6095
COP2526-120,,ARABIC LANGUAGE,South Eastern University of Sri Lanka,AMPARA,0.6095,value,5,12,0.6095
COP2526-120,,ARABIC LANGUAGE,South Eastern University of Sri Lanka,PUTTALAM,0.6095,value,5,12,0.6095
COP2526-120,,ARABIC LANGUAGE,South Eastern University of Sri Lanka,KURUNEGALA,0.6095,value,5,12,0.6095
COP2526-120,,ARABIC LANGUAGE,South Eastern University of Sri Lanka,ANURADHAPURA,0.6095,value,5,12,0.6095
COP2526-120,,ARABIC LANGUAGE,South Eastern University of Sri Lanka,POLONNARUWA,0.6095,value,5,12,0.6095
COP2526-120,,ARABIC LANGUAGE,South Eastern University of Sri Lanka,BADULLA,0.6095,value,5,12,0.6095
COP2526-120,,ARABIC LANGUAGE,South Eastern University of Sri Lanka,MONARAGALA,0.6095,value,5,12,0.6095
COP2526-120,,ARABIC LANGUAGE,South Eastern University of Sri Lanka,KEGALLE,0.6095,value,5,12,0.6095
COP2526-120,,ARABIC LANGUAGE,South Eastern University of Sri Lanka,RATNAPURA,0.6095,value,5,12,0.6095
COP2526-121,,ARCHITECTURE,University of Moratuwa,COLOMBO,0.9680,value,5,13,0.9680
COP2526-121,,ARCHITECTURE,University of Moratuwa,GAMPAHA,0.0843,value,5,13,0.0843
COP2526-121,,ARCHITECTURE,University of Moratuwa,KALUTARA,0.2418,value,5,13,0.2418
COP2526-121,,ARCHITECTURE,University of Moratuwa,MATALE,0.9922,value,5,13,0.9922
COP2526-121,,ARCHITECTURE,University of Moratuwa,KANDY,0.8100,value,5,13,0.8100
COP2526-121,,ARCHITECTURE,University of Moratuwa,NUWARA ELIYA,0.1058,value,5,13,0.1058
COP2526-121,,ARCHITECTURE,University of Moratuwa,GALLE,0.8599,value,5,13,0.8599
COP2526-121,,ARCHITECTURE,University of Moratuwa,MATARA,0.9088,value,5,13,0.9088
COP2526-121,,ARCHITECTURE,University of Moratuwa,HAMBANTOTA,0.4784,value,5,13,0.4784
COP2526-121,,ARCHITECTURE,University of Moratuwa,JAFFNA,0.9789,value,5,13,0.9789
COP2526-121,,ARCHITECTURE,University of Moratuwa,KILINOCHCHI,,NQC,5,13,NQC
COP2526-121,,ARCHITECTURE,University of Moratuwa,MANNAR,,NQC,5,13,NQC
COP2526-121,,ARCHITECTURE,University of Moratuwa,MULLAITIVU,,NQC,5,13,NQC
COP2526-121,,ARCHITECTURE,University of Moratuwa,VAVUNIYA,0.4557,value,5,13,0.4557
COP2526-121,,ARCHITECTURE,University of Moratuwa,TRINCOMALEE,-0.2638,value,5,13,-0.2638
COP2526-121,,ARCHITECTURE,University of Moratuwa,BATTICALOA,1.1451,value,5,13,1.1451
COP2526-121,,ARCHITECTURE,University of Moratuwa,AMPARA,0.3918,value,5,13,0.3918
COP2526-121,,ARCHITECTURE,University of Moratuwa,PUTTALAM,-0.4582,value,5,13,-0.4582
COP2526-121,,ARCHITECTURE,University of Moratuwa,KURUNEGALA,0.8873,value,5,13,0.8873
COP2526-121,,ARCHITECTURE,University of Moratuwa,ANURADHAPURA,0.7362,value,5,13,0.7362
COP2526-121,,ARCHITECTURE,University of Moratuwa,POLONNARUWA,0.9218,value,5,13,0.9218
COP2526-121,,ARCHITECTURE,University of Moratuwa,BADULLA,0.8486,value,5,13,0.8486
COP2526-121,,ARCHITECTURE,University of Moratuwa,MONARAGALA,1.9291,value,5,13,1.9291
COP2526-121,,ARCHITECTURE,University of Moratuwa,KEGALLE,0.8492,value,5,13,0.8492
COP2526-121,,ARCHITECTURE,University of Moratuwa,RATNAPURA,0.8005,value,5,13,0.8005
COP2526-122,,DESIGN,University of Moratuwa,COLOMBO,0.7374,value,5,14,0.7374
COP2526-122,,DESIGN,University of Moratuwa,GAMPAHA,0.8339,value,5,14,0.8339
COP2526-122,,DESIGN,University of Moratuwa,KALUTARA,0.3740,value,5,14,0.3740
COP2526-122,,DESIGN,University of Moratuwa,MATALE,1.0464,value,5,14,1.0464
COP2526-122,,DESIGN,University of Moratuwa,KANDY,0.7583,value,5,14,0.7583
COP2526-122,,DESIGN,University of Moratuwa,NUWARA ELIYA,,NQC,5,14,NQC
COP2526-122,,DESIGN,University of Moratuwa,GALLE,0.4895,value,5,14,0.4895
COP2526-122,,DESIGN,University of Moratuwa,MATARA,0.8354,value,5,14,0.8354
COP2526-122,,DESIGN,University of Moratuwa,HAMBANTOTA,0.7152,value,5,14,0.7152
COP2526-122,,DESIGN,University of Moratuwa,JAFFNA,0.0068,value,5,14,0.0068
COP2526-122,,DESIGN,University of Moratuwa,KILINOCHCHI,,NQC,5,14,NQC
COP2526-122,,DESIGN,University of Moratuwa,MANNAR,,NQC,5,14,NQC
COP2526-122,,DESIGN,University of Moratuwa,MULLAITIVU,,NQC,5,14,NQC
COP2526-122,,DESIGN,University of Moratuwa,VAVUNIYA,,NQC,5,14,NQC
COP2526-122,,DESIGN,University of Moratuwa,TRINCOMALEE,0.6225,value,5,14,0.6225
COP2526-122,,DESIGN,University of Moratuwa,BATTICALOA,0.4949,value,5,14,0.4949
COP2526-122,,DESIGN,University of Moratuwa,AMPARA,0.4381,value,5,14,0.4381
COP2526-122,,DESIGN,University of Moratuwa,PUTTALAM,,NQC,5,14,NQC
COP2526-122,,DESIGN,University of Moratuwa,KURUNEGALA,0.5169,value,5,14,0.5169
COP2526-122,,DESIGN,University of Moratuwa,ANURADHAPURA,0.0060,value,5,14,0.0060
COP2526-122,,DESIGN,University of Moratuwa,POLONNARUWA,,NQC,5,14,NQC
COP2526-122,,DESIGN,University of Moratuwa,BADULLA,-0.0627,value,5,14,-0.0627
COP2526-122,,DESIGN,University of Moratuwa,MONARAGALA,1.2718,value,5,14,1.2718
COP2526-122,,DESIGN,University of Moratuwa,KEGALLE,0.8001,value,5,14,0.8001
COP2526-122,,DESIGN,University of Moratuwa,RATNAPURA,0.1843,value,5,14,0.1843
COP2526-123,,LANDSCAPE ARCHITECTURE,University of Moratuwa,COLOMBO,-0.1033,value,5,15,-0.1033
COP2526-123,,LANDSCAPE ARCHITECTURE,University of Moratuwa,GAMPAHA,0.1045,value,5,15,0.1045
COP2526-123,,LANDSCAPE ARCHITECTURE,University of Moratuwa,KALUTARA,,NQC,5,15,NQC
COP2526-123,,LANDSCAPE ARCHITECTURE,University of Moratuwa,MATALE,0.7278,value,5,15,0.7278
COP2526-123,,LANDSCAPE ARCHITECTURE,University of Moratuwa,KANDY,0.2998,value,5,15,0.2998
COP2526-123,,LANDSCAPE ARCHITECTURE,University of Moratuwa,NUWARA ELIYA,,NQC,5,15,NQC
COP2526-123,,LANDSCAPE ARCHITECTURE,University of Moratuwa,GALLE,0.0333,value,5,15,0.0333
COP2526-123,,LANDSCAPE ARCHITECTURE,University of Moratuwa,MATARA,-0.1211,value,5,15,-0.1211
COP2526-123,,LANDSCAPE ARCHITECTURE,University of Moratuwa,HAMBANTOTA,0.4494,value,5,15,0.4494
COP2526-123,,LANDSCAPE ARCHITECTURE,University of Moratuwa,JAFFNA,0.3890,value,5,15,0.3890
COP2526-123,,LANDSCAPE ARCHITECTURE,University of Moratuwa,KILINOCHCHI,,NQC,5,15,NQC
COP2526-123,,LANDSCAPE ARCHITECTURE,University of Moratuwa,MANNAR,,NQC,5,15,NQC
COP2526-123,,LANDSCAPE ARCHITECTURE,University of Moratuwa,MULLAITIVU,,NQC,5,15,NQC
COP2526-123,,LANDSCAPE ARCHITECTURE,University of Moratuwa,VAVUNIYA,,NQC,5,15,NQC
COP2526-123,,LANDSCAPE ARCHITECTURE,University of Moratuwa,TRINCOMALEE,,NQC,5,15,NQC
COP2526-123,,LANDSCAPE ARCHITECTURE,University of Moratuwa,BATTICALOA,,NQC,5,15,NQC
COP2526-123,,LANDSCAPE ARCHITECTURE,University of Moratuwa,AMPARA,0.2376,value,5,15,0.2376
COP2526-123,,LANDSCAPE ARCHITECTURE,University of Moratuwa,PUTTALAM,,NQC,5,15,NQC
COP2526-123,,LANDSCAPE ARCHITECTURE,University of Moratuwa,KURUNEGALA,-0.0129,value,5,15,-0.0129
COP2526-123,,LANDSCAPE ARCHITECTURE,University of Moratuwa,ANURADHAPURA,0.2122,value,5,15,0.2122
COP2526-123,,LANDSCAPE ARCHITECTURE,University of Moratuwa,POLONNARUWA,0.1564,value,5,15,0.1564
COP2526-123,,LANDSCAPE ARCHITECTURE,University of Moratuwa,BADULLA,0.0776,value,5,15,0.0776
COP2526-123,,LANDSCAPE ARCHITECTURE,University of Moratuwa,MONARAGALA,,NQC,5,15,NQC
COP2526-123,,LANDSCAPE ARCHITECTURE,University of Moratuwa,KEGALLE,-0.3265,value,5,15,-0.3265
COP2526-123,,LANDSCAPE ARCHITECTURE,University of Moratuwa,RATNAPURA,0.4534,value,5,15,0.4534
COP2526-124,,URBAN INFORMATICS AND PLANNING,University of Moratuwa,COLOMBO,1.3245,value,5,16,1.3245
COP2526-124,,URBAN INFORMATICS AND PLANNING,University of Moratuwa,GAMPAHA,1.2854,value,5,16,1.2854
COP2526-124,,URBAN INFORMATICS AND PLANNING,University of Moratuwa,KALUTARA,1.3374,value,5,16,1.3374
COP2526-124,,URBAN INFORMATICS AND PLANNING,University of Moratuwa,MATALE,1.1427,value,5,16,1.1427
COP2526-124,,URBAN INFORMATICS AND PLANNING,University of Moratuwa,KANDY,1.2532,value,5,16,1.2532
COP2526-124,,URBAN INFORMATICS AND PLANNING,University of Moratuwa,NUWARA ELIYA,1.1078,value,5,16,1.1078
COP2526-124,,URBAN INFORMATICS AND PLANNING,University of Moratuwa,GALLE,1.3131,value,5,16,1.3131
COP2526-124,,URBAN INFORMATICS AND PLANNING,University of Moratuwa,MATARA,1.3261,value,5,16,1.3261
COP2526-124,,URBAN INFORMATICS AND PLANNING,University of Moratuwa,HAMBANTOTA,1.2859,value,5,16,1.2859
COP2526-124,,URBAN INFORMATICS AND PLANNING,University of Moratuwa,JAFFNA,1.3033,value,5,16,1.3033
COP2526-124,,URBAN INFORMATICS AND PLANNING,University of Moratuwa,KILINOCHCHI,0.8167,value,5,16,0.8167
COP2526-124,,URBAN INFORMATICS AND PLANNING,University of Moratuwa,MANNAR,0.8753,value,5,16,0.8753
COP2526-124,,URBAN INFORMATICS AND PLANNING,University of Moratuwa,MULLAITIVU,0.8059,value,5,16,0.8059
COP2526-124,,URBAN INFORMATICS AND PLANNING,University of Moratuwa,VAVUNIYA,0.9389,value,5,16,0.9389
COP2526-124,,URBAN INFORMATICS AND PLANNING,University of Moratuwa,TRINCOMALEE,1.0110,value,5,16,1.0110
COP2526-124,,URBAN INFORMATICS AND PLANNING,University of Moratuwa,BATTICALOA,1.2726,value,5,16,1.2726
COP2526-124,,URBAN INFORMATICS AND PLANNING,University of Moratuwa,AMPARA,1.2910,value,5,16,1.2910
COP2526-124,,URBAN INFORMATICS AND PLANNING,University of Moratuwa,PUTTALAM,1.3019,value,5,16,1.3019
COP2526-124,,URBAN INFORMATICS AND PLANNING,University of Moratuwa,KURUNEGALA,1.3109,value,5,16,1.3109
COP2526-124,,URBAN INFORMATICS AND PLANNING,University of Moratuwa,ANURADHAPURA,1.2335,value,5,16,1.2335
COP2526-124,,URBAN INFORMATICS AND PLANNING,University of Moratuwa,POLONNARUWA,1.0545,value,5,16,1.0545
COP2526-124,,URBAN INFORMATICS AND PLANNING,University of Moratuwa,BADULLA,1.3109,value,5,16,1.3109
COP2526-124,,URBAN INFORMATICS AND PLANNING,University of Moratuwa,MONARAGALA,1.3179,value,5,16,1.3179
COP2526-124,,URBAN INFORMATICS AND PLANNING,University of Moratuwa,KEGALLE,1.1821,value,5,16,1.1821
COP2526-124,,URBAN INFORMATICS AND PLANNING,University of Moratuwa,RATNAPURA,1.3352,value,5,16,1.3352
COP2526-125,,FASHION DESIGN & PRODUCT DEVELOPMENT,University of Moratuwa,COLOMBO,1.0140,value,5,17,1.0140
COP2526-125,,FASHION DESIGN & PRODUCT DEVELOPMENT,University of Moratuwa,GAMPAHA,0.6015,value,5,17,0.6015
COP2526-125,,FASHION DESIGN & PRODUCT DEVELOPMENT,University of Moratuwa,KALUTARA,0.6247,value,5,17,0.6247
COP2526-125,,FASHION DESIGN & PRODUCT DEVELOPMENT,University of Moratuwa,MATALE,0.8406,value,5,17,0.8406
COP2526-125,,FASHION DESIGN & PRODUCT DEVELOPMENT,University of Moratuwa,KANDY,0.8216,value,5,17,0.8216
COP2526-125,,FASHION DESIGN & PRODUCT DEVELOPMENT,University of Moratuwa,NUWARA ELIYA,0.4842,value,5,17,0.4842
COP2526-125,,FASHION DESIGN & PRODUCT DEVELOPMENT,University of Moratuwa,GALLE,0.7316,value,5,17,0.7316
COP2526-125,,FASHION DESIGN & PRODUCT DEVELOPMENT,University of Moratuwa,MATARA,0.7622,value,5,17,0.7622
COP2526-125,,FASHION DESIGN & PRODUCT DEVELOPMENT,University of Moratuwa,HAMBANTOTA,0.6267,value,5,17,0.6267
COP2526-125,,FASHION DESIGN & PRODUCT DEVELOPMENT,University of Moratuwa,JAFFNA,1.0645,value,5,17,1.0645
COP2526-125,,FASHION DESIGN & PRODUCT DEVELOPMENT,University of Moratuwa,KILINOCHCHI,,NQC,5,17,NQC
COP2526-125,,FASHION DESIGN & PRODUCT DEVELOPMENT,University of Moratuwa,MANNAR,,NQC,5,17,NQC
COP2526-125,,FASHION DESIGN & PRODUCT DEVELOPMENT,University of Moratuwa,MULLAITIVU,,NQC,5,17,NQC
COP2526-125,,FASHION DESIGN & PRODUCT DEVELOPMENT,University of Moratuwa,VAVUNIYA,,NQC,5,17,NQC
COP2526-125,,FASHION DESIGN & PRODUCT DEVELOPMENT,University of Moratuwa,TRINCOMALEE,,NQC,5,17,NQC
COP2526-125,,FASHION DESIGN & PRODUCT DEVELOPMENT,University of Moratuwa,BATTICALOA,,NQC,5,17,NQC
COP2526-125,,FASHION DESIGN & PRODUCT DEVELOPMENT,University of Moratuwa,AMPARA,,NQC,5,17,NQC
COP2526-125,,FASHION DESIGN & PRODUCT DEVELOPMENT,University of Moratuwa,PUTTALAM,0.7539,value,5,17,0.7539
COP2526-125,,FASHION DESIGN & PRODUCT DEVELOPMENT,University of Moratuwa,KURUNEGALA,0.2945,value,5,17,0.2945
COP2526-125,,FASHION DESIGN & PRODUCT DEVELOPMENT,University of Moratuwa,ANURADHAPURA,1.4464,value,5,17,1.4464
COP2526-125,,FASHION DESIGN & PRODUCT DEVELOPMENT,University of Moratuwa,POLONNARUWA,0.1367,value,5,17,0.1367
COP2526-125,,FASHION DESIGN & PRODUCT DEVELOPMENT,University of Moratuwa,BADULLA,0.4464,value,5,17,0.4464
COP2526-125,,FASHION DESIGN & PRODUCT DEVELOPMENT,University of Moratuwa,MONARAGALA,-0.3476,value,5,17,-0.3476
COP2526-125,,FASHION DESIGN & PRODUCT DEVELOPMENT,University of Moratuwa,KEGALLE,-0.1583,value,5,17,-0.1583
COP2526-125,,FASHION DESIGN & PRODUCT DEVELOPMENT,University of Moratuwa,RATNAPURA,0.4243,value,5,17,0.4243
COP2526-126,,ARTIFICIAL INTELLIGENCE,University of Moratuwa,COLOMBO,2.4074,value,5,18,2.4074
COP2526-126,,ARTIFICIAL INTELLIGENCE,University of Moratuwa,GAMPAHA,2.3055,value,5,18,2.3055
COP2526-126,,ARTIFICIAL INTELLIGENCE,University of Moratuwa,KALUTARA,2.3817,value,5,18,2.3817
COP2526-126,,ARTIFICIAL INTELLIGENCE,University of Moratuwa,MATALE,1.7755,value,5,18,1.7755
COP2526-126,,ARTIFICIAL INTELLIGENCE,University of Moratuwa,KANDY,1.9858,value,5,18,1.9858
COP2526-126,,ARTIFICIAL INTELLIGENCE,University of Moratuwa,NUWARA ELIYA,1.9404,value,5,18,1.9404
COP2526-126,,ARTIFICIAL INTELLIGENCE,University of Moratuwa,GALLE,2.4677,value,5,18,2.4677
COP2526-126,,ARTIFICIAL INTELLIGENCE,University of Moratuwa,MATARA,2.3319,value,5,18,2.3319
COP2526-126,,ARTIFICIAL INTELLIGENCE,University of Moratuwa,HAMBANTOTA,2.1539,value,5,18,2.1539
COP2526-126,,ARTIFICIAL INTELLIGENCE,University of Moratuwa,JAFFNA,2.2442,value,5,18,2.2442
COP2526-126,,ARTIFICIAL INTELLIGENCE,University of Moratuwa,KILINOCHCHI,1.3978,value,5,18,1.3978
COP2526-126,,ARTIFICIAL INTELLIGENCE,University of Moratuwa,MANNAR,1.1199,value,5,18,1.1199
COP2526-126,,ARTIFICIAL INTELLIGENCE,University of Moratuwa,MULLAITIVU,1.2772,value,5,18,1.2772
COP2526-126,,ARTIFICIAL INTELLIGENCE,University of Moratuwa,VAVUNIYA,1.4349,value,5,18,1.4349
COP2526-126,,ARTIFICIAL INTELLIGENCE,University of Moratuwa,TRINCOMALEE,1.9656,value,5,18,1.9656
COP2526-126,,ARTIFICIAL INTELLIGENCE,University of Moratuwa,BATTICALOA,1.9416,value,5,18,1.9416
COP2526-126,,ARTIFICIAL INTELLIGENCE,University of Moratuwa,AMPARA,1.6692,value,5,18,1.6692
COP2526-126,,ARTIFICIAL INTELLIGENCE,University of Moratuwa,PUTTALAM,2.1163,value,5,18,2.1163
COP2526-126,,ARTIFICIAL INTELLIGENCE,University of Moratuwa,KURUNEGALA,2.2025,value,5,18,2.2025
COP2526-126,,ARTIFICIAL INTELLIGENCE,University of Moratuwa,ANURADHAPURA,2.3262,value,5,18,2.3262
COP2526-126,,ARTIFICIAL INTELLIGENCE,University of Moratuwa,POLONNARUWA,2.2782,value,5,18,2.2782
COP2526-126,,ARTIFICIAL INTELLIGENCE,University of Moratuwa,BADULLA,2.1463,value,5,18,2.1463
COP2526-126,,ARTIFICIAL INTELLIGENCE,University of Moratuwa,MONARAGALA,1.9323,value,5,18,1.9323
COP2526-126,,ARTIFICIAL INTELLIGENCE,University of Moratuwa,KEGALLE,2.4000,value,5,18,2.4000
COP2526-126,,ARTIFICIAL INTELLIGENCE,University of Moratuwa,RATNAPURA,2.0883,value,5,18,2.0883
COP2526-127,,Electronic and Intelligent Systems Engineering,University of Peradeniya,COLOMBO,1.9867,value,5,19,1.9867
COP2526-127,,Electronic and Intelligent Systems Engineering,University of Peradeniya,GAMPAHA,1.9058,value,5,19,1.9058
COP2526-127,,Electronic and Intelligent Systems Engineering,University of Peradeniya,KALUTARA,1.9730,value,5,19,1.9730
COP2526-127,,Electronic and Intelligent Systems Engineering,University of Peradeniya,MATALE,1.9663,value,5,19,1.9663
COP2526-127,,Electronic and Intelligent Systems Engineering,University of Peradeniya,KANDY,1.9534,value,5,19,1.9534
COP2526-127,,Electronic and Intelligent Systems Engineering,University of Peradeniya,NUWARA ELIYA,1.8267,value,5,19,1.8267
COP2526-127,,Electronic and Intelligent Systems Engineering,University of Peradeniya,GALLE,1.9543,value,5,19,1.9543
COP2526-127,,Electronic and Intelligent Systems Engineering,University of Peradeniya,MATARA,2.0039,value,5,19,2.0039
COP2526-127,,Electronic and Intelligent Systems Engineering,University of Peradeniya,HAMBANTOTA,1.9983,value,5,19,1.9983
COP2526-127,,Electronic and Intelligent Systems Engineering,University of Peradeniya,JAFFNA,2.0033,value,5,19,2.0033
COP2526-127,,Electronic and Intelligent Systems Engineering,University of Peradeniya,KILINOCHCHI,1.4912,value,5,19,1.4912
COP2526-127,,Electronic and Intelligent Systems Engineering,University of Peradeniya,MANNAR,1.5951,value,5,19,1.5951
COP2526-127,,Electronic and Intelligent Systems Engineering,University of Peradeniya,MULLAITIVU,0.8645,value,5,19,0.8645
COP2526-127,,Electronic and Intelligent Systems Engineering,University of Peradeniya,VAVUNIYA,1.8672,value,5,19,1.8672
COP2526-127,,Electronic and Intelligent Systems Engineering,University of Peradeniya,TRINCOMALEE,1.6684,value,5,19,1.6684
COP2526-127,,Electronic and Intelligent Systems Engineering,University of Peradeniya,BATTICALOA,1.7138,value,5,19,1.7138
COP2526-127,,Electronic and Intelligent Systems Engineering,University of Peradeniya,AMPARA,2.0046,value,5,19,2.0046
COP2526-127,,Electronic and Intelligent Systems Engineering,University of Peradeniya,PUTTALAM,1.8490,value,5,19,1.8490
COP2526-127,,Electronic and Intelligent Systems Engineering,University of Peradeniya,KURUNEGALA,1.9599,value,5,19,1.9599
COP2526-127,,Electronic and Intelligent Systems Engineering,University of Peradeniya,ANURADHAPURA,1.9015,value,5,19,1.9015
COP2526-127,,Electronic and Intelligent Systems Engineering,University of Peradeniya,POLONNARUWA,1.9835,value,5,19,1.9835
COP2526-127,,Electronic and Intelligent Systems Engineering,University of Peradeniya,BADULLA,1.8366,value,5,19,1.8366
COP2526-127,,Electronic and Intelligent Systems Engineering,University of Peradeniya,MONARAGALA,1.8917,value,5,19,1.8917
COP2526-127,,Electronic and Intelligent Systems Engineering,University of Peradeniya,KEGALLE,1.9437,value,5,19,1.9437
COP2526-127,,Electronic and Intelligent Systems Engineering,University of Peradeniya,RATNAPURA,1.9754,value,5,19,1.9754
COP2526-128,,INFORMATION TECHNOLOGY (IT),University of Moratuwa,COLOMBO,1.6293,value,5,20,1.6293
COP2526-128,,INFORMATION TECHNOLOGY (IT),University of Moratuwa,GAMPAHA,1.4401,value,5,20,1.4401
COP2526-128,,INFORMATION TECHNOLOGY (IT),University of Moratuwa,KALUTARA,1.5721,value,5,20,1.5721
COP2526-128,,INFORMATION TECHNOLOGY (IT),University of Moratuwa,MATALE,1.4473,value,5,20,1.4473
COP2526-128,,INFORMATION TECHNOLOGY (IT),University of Moratuwa,KANDY,1.5366,value,5,20,1.5366
COP2526-128,,INFORMATION TECHNOLOGY (IT),University of Moratuwa,NUWARA ELIYA,1.2592,value,5,20,1.2592
COP2526-128,,INFORMATION TECHNOLOGY (IT),University of Moratuwa,GALLE,1.6763,value,5,20,1.6763
COP2526-128,,INFORMATION TECHNOLOGY (IT),University of Moratuwa,MATARA,1.7024,value,5,20,1.7024
COP2526-128,,INFORMATION TECHNOLOGY (IT),University of Moratuwa,HAMBANTOTA,1.6649,value,5,20,1.6649
COP2526-128,,INFORMATION TECHNOLOGY (IT),University of Moratuwa,JAFFNA,1.6991,value,5,20,1.6991
COP2526-128,,INFORMATION TECHNOLOGY (IT),University of Moratuwa,KILINOCHCHI,1.5251,value,5,20,1.5251
COP2526-128,,INFORMATION TECHNOLOGY (IT),University of Moratuwa,MANNAR,1.3083,value,5,20,1.3083
COP2526-128,,INFORMATION TECHNOLOGY (IT),University of Moratuwa,MULLAITIVU,1.6268,value,5,20,1.6268
COP2526-128,,INFORMATION TECHNOLOGY (IT),University of Moratuwa,VAVUNIYA,1.5058,value,5,20,1.5058
COP2526-128,,INFORMATION TECHNOLOGY (IT),University of Moratuwa,TRINCOMALEE,1.5932,value,5,20,1.5932
COP2526-128,,INFORMATION TECHNOLOGY (IT),University of Moratuwa,BATTICALOA,1.5698,value,5,20,1.5698
COP2526-128,,INFORMATION TECHNOLOGY (IT),University of Moratuwa,AMPARA,1.5345,value,5,20,1.5345
COP2526-128,,INFORMATION TECHNOLOGY (IT),University of Moratuwa,PUTTALAM,1.3939,value,5,20,1.3939
COP2526-128,,INFORMATION TECHNOLOGY (IT),University of Moratuwa,KURUNEGALA,1.6067,value,5,20,1.6067
COP2526-128,,INFORMATION TECHNOLOGY (IT),University of Moratuwa,ANURADHAPURA,1.4464,value,5,20,1.4464
COP2526-128,,INFORMATION TECHNOLOGY (IT),University of Moratuwa,POLONNARUWA,1.2123,value,5,20,1.2123
COP2526-128,,INFORMATION TECHNOLOGY (IT),University of Moratuwa,BADULLA,1.4270,value,5,20,1.4270
COP2526-128,,INFORMATION TECHNOLOGY (IT),University of Moratuwa,MONARAGALA,1.4453,value,5,20,1.4453
COP2526-128,,INFORMATION TECHNOLOGY (IT),University of Moratuwa,KEGALLE,1.5327,value,5,20,1.5327
COP2526-128,,INFORMATION TECHNOLOGY (IT),University of Moratuwa,RATNAPURA,1.5214,value,5,20,1.5214
COP2526-129,,INFORMATION TECHNOLOGY & MANAGEMENT,University of Moratuwa,COLOMBO,1.7401,value,5,21,1.7401
COP2526-129,,INFORMATION TECHNOLOGY & MANAGEMENT,University of Moratuwa,GAMPAHA,1.5852,value,5,21,1.5852
COP2526-129,,INFORMATION TECHNOLOGY & MANAGEMENT,University of Moratuwa,KALUTARA,1.6440,value,5,21,1.6440
COP2526-129,,INFORMATION TECHNOLOGY & MANAGEMENT,University of Moratuwa,MATALE,1.5083,value,5,21,1.5083
COP2526-129,,INFORMATION TECHNOLOGY & MANAGEMENT,University of Moratuwa,KANDY,1.5730,value,5,21,1.5730
COP2526-129,,INFORMATION TECHNOLOGY & MANAGEMENT,University of Moratuwa,NUWARA ELIYA,1.2366,value,5,21,1.2366
COP2526-129,,INFORMATION TECHNOLOGY & MANAGEMENT,University of Moratuwa,GALLE,1.6907,value,5,21,1.6907
COP2526-129,,INFORMATION TECHNOLOGY & MANAGEMENT,University of Moratuwa,MATARA,1.6823,value,5,21,1.6823
COP2526-129,,INFORMATION TECHNOLOGY & MANAGEMENT,University of Moratuwa,HAMBANTOTA,1.5816,value,5,21,1.5816
COP2526-129,,INFORMATION TECHNOLOGY & MANAGEMENT,University of Moratuwa,JAFFNA,1.6675,value,5,21,1.6675
COP2526-129,,INFORMATION TECHNOLOGY & MANAGEMENT,University of Moratuwa,KILINOCHCHI,1.5179,value,5,21,1.5179
COP2526-129,,INFORMATION TECHNOLOGY & MANAGEMENT,University of Moratuwa,MANNAR,1.0430,value,5,21,1.0430
COP2526-129,,INFORMATION TECHNOLOGY & MANAGEMENT,University of Moratuwa,MULLAITIVU,1.3364,value,5,21,1.3364
COP2526-129,,INFORMATION TECHNOLOGY & MANAGEMENT,University of Moratuwa,VAVUNIYA,1.4214,value,5,21,1.4214
COP2526-129,,INFORMATION TECHNOLOGY & MANAGEMENT,University of Moratuwa,TRINCOMALEE,1.4171,value,5,21,1.4171
COP2526-129,,INFORMATION TECHNOLOGY & MANAGEMENT,University of Moratuwa,BATTICALOA,1.5323,value,5,21,1.5323
COP2526-129,,INFORMATION TECHNOLOGY & MANAGEMENT,University of Moratuwa,AMPARA,1.4371,value,5,21,1.4371
COP2526-129,,INFORMATION TECHNOLOGY & MANAGEMENT,University of Moratuwa,PUTTALAM,1.4242,value,5,21,1.4242
COP2526-129,,INFORMATION TECHNOLOGY & MANAGEMENT,University of Moratuwa,KURUNEGALA,1.5578,value,5,21,1.5578
COP2526-129,,INFORMATION TECHNOLOGY & MANAGEMENT,University of Moratuwa,ANURADHAPURA,1.5717,value,5,21,1.5717
COP2526-129,,INFORMATION TECHNOLOGY & MANAGEMENT,University of Moratuwa,POLONNARUWA,1.3991,value,5,21,1.3991
COP2526-129,,INFORMATION TECHNOLOGY & MANAGEMENT,University of Moratuwa,BADULLA,1.4594,value,5,21,1.4594
COP2526-129,,INFORMATION TECHNOLOGY & MANAGEMENT,University of Moratuwa,MONARAGALA,1.5272,value,5,21,1.5272
COP2526-129,,INFORMATION TECHNOLOGY & MANAGEMENT,University of Moratuwa,KEGALLE,1.6291,value,5,21,1.6291
COP2526-129,,INFORMATION TECHNOLOGY & MANAGEMENT,University of Moratuwa,RATNAPURA,1.6680,value,5,21,1.6680
COP2526-130,,FACILITIES MANAGEMENT,University of Moratuwa,COLOMBO,1.5828,value,5,22,1.5828
COP2526-130,,FACILITIES MANAGEMENT,University of Moratuwa,GAMPAHA,1.5471,value,5,22,1.5471
COP2526-130,,FACILITIES MANAGEMENT,University of Moratuwa,KALUTARA,1.5392,value,5,22,1.5392
COP2526-130,,FACILITIES MANAGEMENT,University of Moratuwa,MATALE,1.5771,value,5,22,1.5771
COP2526-130,,FACILITIES MANAGEMENT,University of Moratuwa,KANDY,1.4560,value,5,22,1.4560
COP2526-130,,FACILITIES MANAGEMENT,University of Moratuwa,NUWARA ELIYA,1.4328,value,5,22,1.4328
COP2526-130,,FACILITIES MANAGEMENT,University of Moratuwa,GALLE,1.5827,value,5,22,1.5827
COP2526-130,,FACILITIES MANAGEMENT,University of Moratuwa,MATARA,1.5995,value,5,22,1.5995
COP2526-130,,FACILITIES MANAGEMENT,University of Moratuwa,HAMBANTOTA,1.5208,value,5,22,1.5208
COP2526-130,,FACILITIES MANAGEMENT,University of Moratuwa,JAFFNA,1.3786,value,5,22,1.3786
COP2526-130,,FACILITIES MANAGEMENT,University of Moratuwa,KILINOCHCHI,1.1283,value,5,22,1.1283
COP2526-130,,FACILITIES MANAGEMENT,University of Moratuwa,MANNAR,1.2870,value,5,22,1.2870
COP2526-130,,FACILITIES MANAGEMENT,University of Moratuwa,MULLAITIVU,0.9535,value,5,22,0.9535
COP2526-130,,FACILITIES MANAGEMENT,University of Moratuwa,VAVUNIYA,1.3335,value,5,22,1.3335
COP2526-130,,FACILITIES MANAGEMENT,University of Moratuwa,TRINCOMALEE,1.5123,value,5,22,1.5123
COP2526-130,,FACILITIES MANAGEMENT,University of Moratuwa,BATTICALOA,1.4004,value,5,22,1.4004
COP2526-130,,FACILITIES MANAGEMENT,University of Moratuwa,AMPARA,1.2767,value,5,22,1.2767
COP2526-130,,FACILITIES MANAGEMENT,University of Moratuwa,PUTTALAM,1.2898,value,5,22,1.2898
COP2526-130,,FACILITIES MANAGEMENT,University of Moratuwa,KURUNEGALA,1.5309,value,5,22,1.5309
COP2526-130,,FACILITIES MANAGEMENT,University of Moratuwa,ANURADHAPURA,1.5427,value,5,22,1.5427
COP2526-130,,FACILITIES MANAGEMENT,University of Moratuwa,POLONNARUWA,1.3436,value,5,22,1.3436
COP2526-130,,FACILITIES MANAGEMENT,University of Moratuwa,BADULLA,1.4707,value,5,22,1.4707
COP2526-130,,FACILITIES MANAGEMENT,University of Moratuwa,MONARAGALA,1.5267,value,5,22,1.5267
COP2526-130,,FACILITIES MANAGEMENT,University of Moratuwa,KEGALLE,1.4491,value,5,22,1.4491
COP2526-130,,FACILITIES MANAGEMENT,University of Moratuwa,RATNAPURA,1.5601,value,5,22,1.5601
COP2526-131,,TRANSPORT MANAGEMENT & LOGISTICS ENGINEERING (TMLE),University of Moratuwa,COLOMBO,1.7415,value,5,23,1.7415
COP2526-131,,TRANSPORT MANAGEMENT & LOGISTICS ENGINEERING (TMLE),University of Moratuwa,GAMPAHA,1.5895,value,5,23,1.5895
COP2526-131,,TRANSPORT MANAGEMENT & LOGISTICS ENGINEERING (TMLE),University of Moratuwa,KALUTARA,1.6090,value,5,23,1.6090
COP2526-131,,TRANSPORT MANAGEMENT & LOGISTICS ENGINEERING (TMLE),University of Moratuwa,MATALE,1.5357,value,5,23,1.5357
COP2526-131,,TRANSPORT MANAGEMENT & LOGISTICS ENGINEERING (TMLE),University of Moratuwa,KANDY,1.6242,value,5,23,1.6242
COP2526-131,,TRANSPORT MANAGEMENT & LOGISTICS ENGINEERING (TMLE),University of Moratuwa,NUWARA ELIYA,1.4026,value,5,23,1.4026
COP2526-131,,TRANSPORT MANAGEMENT & LOGISTICS ENGINEERING (TMLE),University of Moratuwa,GALLE,1.7487,value,5,23,1.7487
COP2526-131,,TRANSPORT MANAGEMENT & LOGISTICS ENGINEERING (TMLE),University of Moratuwa,MATARA,1.7415,value,5,23,1.7415
COP2526-131,,TRANSPORT MANAGEMENT & LOGISTICS ENGINEERING (TMLE),University of Moratuwa,HAMBANTOTA,1.6862,value,5,23,1.6862
COP2526-131,,TRANSPORT MANAGEMENT & LOGISTICS ENGINEERING (TMLE),University of Moratuwa,JAFFNA,1.6073,value,5,23,1.6073
COP2526-131,,TRANSPORT MANAGEMENT & LOGISTICS ENGINEERING (TMLE),University of Moratuwa,KILINOCHCHI,1.2185,value,5,23,1.2185
COP2526-131,,TRANSPORT MANAGEMENT & LOGISTICS ENGINEERING (TMLE),University of Moratuwa,MANNAR,0.7340,value,5,23,0.7340
COP2526-131,,TRANSPORT MANAGEMENT & LOGISTICS ENGINEERING (TMLE),University of Moratuwa,MULLAITIVU,0.7632,value,5,23,0.7632
COP2526-131,,TRANSPORT MANAGEMENT & LOGISTICS ENGINEERING (TMLE),University of Moratuwa,VAVUNIYA,1.1369,value,5,23,1.1369
COP2526-131,,TRANSPORT MANAGEMENT & LOGISTICS ENGINEERING (TMLE),University of Moratuwa,TRINCOMALEE,1.5349,value,5,23,1.5349
COP2526-131,,TRANSPORT MANAGEMENT & LOGISTICS ENGINEERING (TMLE),University of Moratuwa,BATTICALOA,1.4580,value,5,23,1.4580
COP2526-131,,TRANSPORT MANAGEMENT & LOGISTICS ENGINEERING (TMLE),University of Moratuwa,AMPARA,1.4531,value,5,23,1.4531
COP2526-131,,TRANSPORT MANAGEMENT & LOGISTICS ENGINEERING (TMLE),University of Moratuwa,PUTTALAM,1.5830,value,5,23,1.5830
COP2526-131,,TRANSPORT MANAGEMENT & LOGISTICS ENGINEERING (TMLE),University of Moratuwa,KURUNEGALA,1.6845,value,5,23,1.6845
COP2526-131,,TRANSPORT MANAGEMENT & LOGISTICS ENGINEERING (TMLE),University of Moratuwa,ANURADHAPURA,1.4944,value,5,23,1.4944
COP2526-131,,TRANSPORT MANAGEMENT & LOGISTICS ENGINEERING (TMLE),University of Moratuwa,POLONNARUWA,1.5337,value,5,23,1.5337
COP2526-131,,TRANSPORT MANAGEMENT & LOGISTICS ENGINEERING (TMLE),University of Moratuwa,BADULLA,1.5781,value,5,23,1.5781
COP2526-131,,TRANSPORT MANAGEMENT & LOGISTICS ENGINEERING (TMLE),University of Moratuwa,MONARAGALA,1.6016,value,5,23,1.6016
COP2526-131,,TRANSPORT MANAGEMENT & LOGISTICS ENGINEERING (TMLE),University of Moratuwa,KEGALLE,1.6221,value,5,23,1.6221
COP2526-131,,TRANSPORT MANAGEMENT & LOGISTICS ENGINEERING (TMLE),University of Moratuwa,RATNAPURA,1.5992,value,5,23,1.5992
COP2526-132,,BUSINESS SCIENCE,University of Moratuwa,COLOMBO,2.2306,value,5,24,2.2306
COP2526-132,,BUSINESS SCIENCE,University of Moratuwa,GAMPAHA,2.0926,value,5,24,2.0926
COP2526-132,,BUSINESS SCIENCE,University of Moratuwa,KALUTARA,2.1192,value,5,24,2.1192
COP2526-132,,BUSINESS SCIENCE,University of Moratuwa,MATALE,1.7329,value,5,24,1.7329
COP2526-132,,BUSINESS SCIENCE,University of Moratuwa,KANDY,1.6547,value,5,24,1.6547
COP2526-132,,BUSINESS SCIENCE,University of Moratuwa,NUWARA ELIYA,1.6434,value,5,24,1.6434
COP2526-132,,BUSINESS SCIENCE,University of Moratuwa,GALLE,1.9971,value,5,24,1.9971
COP2526-132,,BUSINESS SCIENCE,University of Moratuwa,MATARA,2.1167,value,5,24,2.1167
COP2526-132,,BUSINESS SCIENCE,University of Moratuwa,HAMBANTOTA,1.6433,value,5,24,1.6433
COP2526-132,,BUSINESS SCIENCE,University of Moratuwa,JAFFNA,1.6749,value,5,24,1.6749
COP2526-132,,BUSINESS SCIENCE,University of Moratuwa,KILINOCHCHI,1.3634,value,5,24,1.3634
COP2526-132,,BUSINESS SCIENCE,University of Moratuwa,MANNAR,1.6592,value,5,24,1.6592
COP2526-132,,BUSINESS SCIENCE,University of Moratuwa,MULLAITIVU,1.0598,value,5,24,1.0598
COP2526-132,,BUSINESS SCIENCE,University of Moratuwa,VAVUNIYA,1.4122,value,5,24,1.4122
COP2526-132,,BUSINESS SCIENCE,University of Moratuwa,TRINCOMALEE,1.7589,value,5,24,1.7589
COP2526-132,,BUSINESS SCIENCE,University of Moratuwa,BATTICALOA,1.5428,value,5,24,1.5428
COP2526-132,,BUSINESS SCIENCE,University of Moratuwa,AMPARA,1.5607,value,5,24,1.5607
COP2526-132,,BUSINESS SCIENCE,University of Moratuwa,PUTTALAM,1.6878,value,5,24,1.6878
COP2526-132,,BUSINESS SCIENCE,University of Moratuwa,KURUNEGALA,1.6526,value,5,24,1.6526
COP2526-132,,BUSINESS SCIENCE,University of Moratuwa,ANURADHAPURA,1.9328,value,5,24,1.9328
COP2526-132,,BUSINESS SCIENCE,University of Moratuwa,POLONNARUWA,1.7002,value,5,24,1.7002
COP2526-132,,BUSINESS SCIENCE,University of Moratuwa,BADULLA,1.7921,value,5,24,1.7921
COP2526-132,,BUSINESS SCIENCE,University of Moratuwa,MONARAGALA,1.5991,value,5,24,1.5991
COP2526-132,,BUSINESS SCIENCE,University of Moratuwa,KEGALLE,2.1452,value,5,24,2.1452
COP2526-132,,BUSINESS SCIENCE,University of Moratuwa,RATNAPURA,1.8395,value,5,24,1.8395
COP2526-133,,MANAGEMENT AND INFORMATION TECHNOLOGY (MIT) (BIO SCIENCE STREAM),University of Kelaniya,COLOMBO,1.4652,value,5,25,1.4652
COP2526-133,,MANAGEMENT AND INFORMATION TECHNOLOGY (MIT) (BIO SCIENCE STREAM),University of Kelaniya,GAMPAHA,1.4140,value,5,25,1.4140
COP2526-133,,MANAGEMENT AND INFORMATION TECHNOLOGY (MIT) (BIO SCIENCE STREAM),University of Kelaniya,KALUTARA,1.3542,value,5,25,1.3542
COP2526-133,,MANAGEMENT AND INFORMATION TECHNOLOGY (MIT) (BIO SCIENCE STREAM),University of Kelaniya,MATALE,1.2674,value,5,25,1.2674
COP2526-133,,MANAGEMENT AND INFORMATION TECHNOLOGY (MIT) (BIO SCIENCE STREAM),University of Kelaniya,KANDY,1.4209,value,5,25,1.4209
COP2526-133,,MANAGEMENT AND INFORMATION TECHNOLOGY (MIT) (BIO SCIENCE STREAM),University of Kelaniya,NUWARA ELIYA,1.4343,value,5,25,1.4343
COP2526-133,,MANAGEMENT AND INFORMATION TECHNOLOGY (MIT) (BIO SCIENCE STREAM),University of Kelaniya,GALLE,1.5098,value,5,25,1.5098
COP2526-133,,MANAGEMENT AND INFORMATION TECHNOLOGY (MIT) (BIO SCIENCE STREAM),University of Kelaniya,MATARA,1.5055,value,5,25,1.5055
COP2526-133,,MANAGEMENT AND INFORMATION TECHNOLOGY (MIT) (BIO SCIENCE STREAM),University of Kelaniya,HAMBANTOTA,1.4872,value,5,25,1.4872
COP2526-133,,MANAGEMENT AND INFORMATION TECHNOLOGY (MIT) (BIO SCIENCE STREAM),University of Kelaniya,JAFFNA,1.4721,value,5,25,1.4721
COP2526-133,,MANAGEMENT AND INFORMATION TECHNOLOGY (MIT) (BIO SCIENCE STREAM),University of Kelaniya,KILINOCHCHI,0.9583,value,5,25,0.9583
COP2526-133,,MANAGEMENT AND INFORMATION TECHNOLOGY (MIT) (BIO SCIENCE STREAM),University of Kelaniya,MANNAR,1.1889,value,5,25,1.1889
COP2526-133,,MANAGEMENT AND INFORMATION TECHNOLOGY (MIT) (BIO SCIENCE STREAM),University of Kelaniya,MULLAITIVU,1.1165,value,5,25,1.1165
COP2526-133,,MANAGEMENT AND INFORMATION TECHNOLOGY (MIT) (BIO SCIENCE STREAM),University of Kelaniya,VAVUNIYA,1.2600,value,5,25,1.2600
COP2526-133,,MANAGEMENT AND INFORMATION TECHNOLOGY (MIT) (BIO SCIENCE STREAM),University of Kelaniya,TRINCOMALEE,1.3704,value,5,25,1.3704
COP2526-133,,MANAGEMENT AND INFORMATION TECHNOLOGY (MIT) (BIO SCIENCE STREAM),University of Kelaniya,BATTICALOA,1.3478,value,5,25,1.3478
COP2526-133,,MANAGEMENT AND INFORMATION TECHNOLOGY (MIT) (BIO SCIENCE STREAM),University of Kelaniya,AMPARA,1.4587,value,5,25,1.4587
COP2526-133,,MANAGEMENT AND INFORMATION TECHNOLOGY (MIT) (BIO SCIENCE STREAM),University of Kelaniya,PUTTALAM,1.3123,value,5,25,1.3123
COP2526-133,,MANAGEMENT AND INFORMATION TECHNOLOGY (MIT) (BIO SCIENCE STREAM),University of Kelaniya,KURUNEGALA,1.4951,value,5,25,1.4951
COP2526-133,,MANAGEMENT AND INFORMATION TECHNOLOGY (MIT) (BIO SCIENCE STREAM),University of Kelaniya,ANURADHAPURA,1.4089,value,5,25,1.4089
COP2526-133,,MANAGEMENT AND INFORMATION TECHNOLOGY (MIT) (BIO SCIENCE STREAM),University of Kelaniya,POLONNARUWA,1.0819,value,5,25,1.0819
COP2526-133,,MANAGEMENT AND INFORMATION TECHNOLOGY (MIT) (BIO SCIENCE STREAM),University of Kelaniya,BADULLA,1.3951,value,5,25,1.3951
COP2526-133,,MANAGEMENT AND INFORMATION TECHNOLOGY (MIT) (BIO SCIENCE STREAM),University of Kelaniya,MONARAGALA,1.4791,value,5,25,1.4791
COP2526-133,,MANAGEMENT AND INFORMATION TECHNOLOGY (MIT) (BIO SCIENCE STREAM),University of Kelaniya,KEGALLE,1.5264,value,5,25,1.5264
COP2526-133,,MANAGEMENT AND INFORMATION TECHNOLOGY (MIT) (BIO SCIENCE STREAM),University of Kelaniya,RATNAPURA,1.4363,value,5,25,1.4363
COP2526-134,,MANAGEMENT AND INFORMATION TECHNOLOGY (MIT) (OTHER STREAM),University of Kelaniya,COLOMBO,1.4612,value,5,26,1.4612
COP2526-134,,MANAGEMENT AND INFORMATION TECHNOLOGY (MIT) (OTHER STREAM),University of Kelaniya,GAMPAHA,1.4101,value,5,26,1.4101
COP2526-134,,MANAGEMENT AND INFORMATION TECHNOLOGY (MIT) (OTHER STREAM),University of Kelaniya,KALUTARA,1.4635,value,5,26,1.4635
COP2526-134,,MANAGEMENT AND INFORMATION TECHNOLOGY (MIT) (OTHER STREAM),University of Kelaniya,MATALE,1.3914,value,5,26,1.3914
COP2526-134,,MANAGEMENT AND INFORMATION TECHNOLOGY (MIT) (OTHER STREAM),University of Kelaniya,KANDY,1.4244,value,5,26,1.4244
COP2526-134,,MANAGEMENT AND INFORMATION TECHNOLOGY (MIT) (OTHER STREAM),University of Kelaniya,NUWARA ELIYA,1.0353,value,5,26,1.0353
COP2526-134,,MANAGEMENT AND INFORMATION TECHNOLOGY (MIT) (OTHER STREAM),University of Kelaniya,GALLE,1.4215,value,5,26,1.4215
COP2526-134,,MANAGEMENT AND INFORMATION TECHNOLOGY (MIT) (OTHER STREAM),University of Kelaniya,MATARA,1.4481,value,5,26,1.4481
COP2526-134,,MANAGEMENT AND INFORMATION TECHNOLOGY (MIT) (OTHER STREAM),University of Kelaniya,HAMBANTOTA,1.4653,value,5,26,1.4653
COP2526-134,,MANAGEMENT AND INFORMATION TECHNOLOGY (MIT) (OTHER STREAM),University of Kelaniya,JAFFNA,1.4536,value,5,26,1.4536
COP2526-134,,MANAGEMENT AND INFORMATION TECHNOLOGY (MIT) (OTHER STREAM),University of Kelaniya,KILINOCHCHI,1.1612,value,5,26,1.1612
COP2526-134,,MANAGEMENT AND INFORMATION TECHNOLOGY (MIT) (OTHER STREAM),University of Kelaniya,MANNAR,0.8178,value,5,26,0.8178
COP2526-134,,MANAGEMENT AND INFORMATION TECHNOLOGY (MIT) (OTHER STREAM),University of Kelaniya,MULLAITIVU,0.7092,value,5,26,0.7092
COP2526-134,,MANAGEMENT AND INFORMATION TECHNOLOGY (MIT) (OTHER STREAM),University of Kelaniya,VAVUNIYA,1.0776,value,5,26,1.0776
COP2526-134,,MANAGEMENT AND INFORMATION TECHNOLOGY (MIT) (OTHER STREAM),University of Kelaniya,TRINCOMALEE,1.0481,value,5,26,1.0481
COP2526-134,,MANAGEMENT AND INFORMATION TECHNOLOGY (MIT) (OTHER STREAM),University of Kelaniya,BATTICALOA,1.4189,value,5,26,1.4189
COP2526-134,,MANAGEMENT AND INFORMATION TECHNOLOGY (MIT) (OTHER STREAM),University of Kelaniya,AMPARA,1.2577,value,5,26,1.2577
COP2526-134,,MANAGEMENT AND INFORMATION TECHNOLOGY (MIT) (OTHER STREAM),University of Kelaniya,PUTTALAM,1.3326,value,5,26,1.3326
COP2526-134,,MANAGEMENT AND INFORMATION TECHNOLOGY (MIT) (OTHER STREAM),University of Kelaniya,KURUNEGALA,1.4587,value,5,26,1.4587
COP2526-134,,MANAGEMENT AND INFORMATION TECHNOLOGY (MIT) (OTHER STREAM),University of Kelaniya,ANURADHAPURA,1.2617,value,5,26,1.2617
COP2526-134,,MANAGEMENT AND INFORMATION TECHNOLOGY (MIT) (OTHER STREAM),University of Kelaniya,POLONNARUWA,1.0929,value,5,26,1.0929
COP2526-134,,MANAGEMENT AND INFORMATION TECHNOLOGY (MIT) (OTHER STREAM),University of Kelaniya,BADULLA,1.3853,value,5,26,1.3853
COP2526-134,,MANAGEMENT AND INFORMATION TECHNOLOGY (MIT) (OTHER STREAM),University of Kelaniya,MONARAGALA,1.3321,value,5,26,1.3321
COP2526-134,,MANAGEMENT AND INFORMATION TECHNOLOGY (MIT) (OTHER STREAM),University of Kelaniya,KEGALLE,1.4084,value,5,26,1.4084
COP2526-134,,MANAGEMENT AND INFORMATION TECHNOLOGY (MIT) (OTHER STREAM),University of Kelaniya,RATNAPURA,1.4138,value,5,26,1.4138
COP2526-135,,INDUSTRIAL STATISTICS & MATHEMATICAL FINANCE,University of Colombo,COLOMBO,1.5561,value,5,27,1.5561
COP2526-135,,INDUSTRIAL STATISTICS & MATHEMATICAL FINANCE,University of Colombo,GAMPAHA,1.4366,value,5,27,1.4366
COP2526-135,,INDUSTRIAL STATISTICS & MATHEMATICAL FINANCE,University of Colombo,KALUTARA,1.5320,value,5,27,1.5320
COP2526-135,,INDUSTRIAL STATISTICS & MATHEMATICAL FINANCE,University of Colombo,MATALE,1.2767,value,5,27,1.2767
COP2526-135,,INDUSTRIAL STATISTICS & MATHEMATICAL FINANCE,University of Colombo,KANDY,1.4366,value,5,27,1.4366
COP2526-135,,INDUSTRIAL STATISTICS & MATHEMATICAL FINANCE,University of Colombo,NUWARA ELIYA,1.0948,value,5,27,1.0948
COP2526-135,,INDUSTRIAL STATISTICS & MATHEMATICAL FINANCE,University of Colombo,GALLE,1.5660,value,5,27,1.5660
COP2526-135,,INDUSTRIAL STATISTICS & MATHEMATICAL FINANCE,University of Colombo,MATARA,1.5464,value,5,27,1.5464
COP2526-135,,INDUSTRIAL STATISTICS & MATHEMATICAL FINANCE,University of Colombo,HAMBANTOTA,1.4638,value,5,27,1.4638
COP2526-135,,INDUSTRIAL STATISTICS & MATHEMATICAL FINANCE,University of Colombo,JAFFNA,1.4245,value,5,27,1.4245
COP2526-135,,INDUSTRIAL STATISTICS & MATHEMATICAL FINANCE,University of Colombo,KILINOCHCHI,0.8498,value,5,27,0.8498
COP2526-135,,INDUSTRIAL STATISTICS & MATHEMATICAL FINANCE,University of Colombo,MANNAR,0.5728,value,5,27,0.5728
COP2526-135,,INDUSTRIAL STATISTICS & MATHEMATICAL FINANCE,University of Colombo,MULLAITIVU,0.6145,value,5,27,0.6145
COP2526-135,,INDUSTRIAL STATISTICS & MATHEMATICAL FINANCE,University of Colombo,VAVUNIYA,0.8252,value,5,27,0.8252
COP2526-135,,INDUSTRIAL STATISTICS & MATHEMATICAL FINANCE,University of Colombo,TRINCOMALEE,1.0497,value,5,27,1.0497
COP2526-135,,INDUSTRIAL STATISTICS & MATHEMATICAL FINANCE,University of Colombo,BATTICALOA,1.3189,value,5,27,1.3189
COP2526-135,,INDUSTRIAL STATISTICS & MATHEMATICAL FINANCE,University of Colombo,AMPARA,1.2468,value,5,27,1.2468
COP2526-135,,INDUSTRIAL STATISTICS & MATHEMATICAL FINANCE,University of Colombo,PUTTALAM,1.2465,value,5,27,1.2465
COP2526-135,,INDUSTRIAL STATISTICS & MATHEMATICAL FINANCE,University of Colombo,KURUNEGALA,1.4490,value,5,27,1.4490
COP2526-135,,INDUSTRIAL STATISTICS & MATHEMATICAL FINANCE,University of Colombo,ANURADHAPURA,1.2946,value,5,27,1.2946
COP2526-135,,INDUSTRIAL STATISTICS & MATHEMATICAL FINANCE,University of Colombo,POLONNARUWA,1.0872,value,5,27,1.0872
COP2526-135,,INDUSTRIAL STATISTICS & MATHEMATICAL FINANCE,University of Colombo,BADULLA,1.4878,value,5,27,1.4878
COP2526-135,,INDUSTRIAL STATISTICS & MATHEMATICAL FINANCE,University of Colombo,MONARAGALA,1.3928,value,5,27,1.3928
COP2526-135,,INDUSTRIAL STATISTICS & MATHEMATICAL FINANCE,University of Colombo,KEGALLE,1.4808,value,5,27,1.4808
COP2526-135,,INDUSTRIAL STATISTICS & MATHEMATICAL FINANCE,University of Colombo,RATNAPURA,1.4237,value,5,27,1.4237
COP2526-136,,FINANCIAL MATHEMATICS AND INDUSTRIAL STATISTICS,University of Ruhuna,COLOMBO,1.3850,value,6,1,1.3850
COP2526-136,,FINANCIAL MATHEMATICS AND INDUSTRIAL STATISTICS,University of Ruhuna,GAMPAHA,1.3338,value,6,1,1.3338
COP2526-136,,FINANCIAL MATHEMATICS AND INDUSTRIAL STATISTICS,University of Ruhuna,KALUTARA,1.3896,value,6,1,1.3896
COP2526-136,,FINANCIAL MATHEMATICS AND INDUSTRIAL STATISTICS,University of Ruhuna,MATALE,1.1713,value,6,1,1.1713
COP2526-136,,FINANCIAL MATHEMATICS AND INDUSTRIAL STATISTICS,University of Ruhuna,KANDY,1.3272,value,6,1,1.3272
COP2526-136,,FINANCIAL MATHEMATICS AND INDUSTRIAL STATISTICS,University of Ruhuna,NUWARA ELIYA,1.0808,value,6,1,1.0808
COP2526-136,,FINANCIAL MATHEMATICS AND INDUSTRIAL STATISTICS,University of Ruhuna,GALLE,1.3622,value,6,1,1.3622
COP2526-136,,FINANCIAL MATHEMATICS AND INDUSTRIAL STATISTICS,University of Ruhuna,MATARA,1.3774,value,6,1,1.3774
COP2526-136,,FINANCIAL MATHEMATICS AND INDUSTRIAL STATISTICS,University of Ruhuna,HAMBANTOTA,1.3750,value,6,1,1.3750
COP2526-136,,FINANCIAL MATHEMATICS AND INDUSTRIAL STATISTICS,University of Ruhuna,JAFFNA,1.3235,value,6,1,1.3235
COP2526-136,,FINANCIAL MATHEMATICS AND INDUSTRIAL STATISTICS,University of Ruhuna,KILINOCHCHI,0.7030,value,6,1,0.7030
COP2526-136,,FINANCIAL MATHEMATICS AND INDUSTRIAL STATISTICS,University of Ruhuna,MANNAR,0.5437,value,6,1,0.5437
COP2526-136,,FINANCIAL MATHEMATICS AND INDUSTRIAL STATISTICS,University of Ruhuna,MULLAITIVU,0.5316,value,6,1,0.5316
COP2526-136,,FINANCIAL MATHEMATICS AND INDUSTRIAL STATISTICS,University of Ruhuna,VAVUNIYA,0.6439,value,6,1,0.6439
COP2526-136,,FINANCIAL MATHEMATICS AND INDUSTRIAL STATISTICS,University of Ruhuna,TRINCOMALEE,1.0182,value,6,1,1.0182
COP2526-136,,FINANCIAL MATHEMATICS AND INDUSTRIAL STATISTICS,University of Ruhuna,BATTICALOA,1.1563,value,6,1,1.1563
COP2526-136,,FINANCIAL MATHEMATICS AND INDUSTRIAL STATISTICS,University of Ruhuna,AMPARA,1.1867,value,6,1,1.1867
COP2526-136,,FINANCIAL MATHEMATICS AND INDUSTRIAL STATISTICS,University of Ruhuna,PUTTALAM,1.2134,value,6,1,1.2134
COP2526-136,,FINANCIAL MATHEMATICS AND INDUSTRIAL STATISTICS,University of Ruhuna,KURUNEGALA,1.3317,value,6,1,1.3317
COP2526-136,,FINANCIAL MATHEMATICS AND INDUSTRIAL STATISTICS,University of Ruhuna,ANURADHAPURA,1.3117,value,6,1,1.3117
COP2526-136,,FINANCIAL MATHEMATICS AND INDUSTRIAL STATISTICS,University of Ruhuna,POLONNARUWA,1.0029,value,6,1,1.0029
COP2526-136,,FINANCIAL MATHEMATICS AND INDUSTRIAL STATISTICS,University of Ruhuna,BADULLA,1.3651,value,6,1,1.3651
COP2526-136,,FINANCIAL MATHEMATICS AND INDUSTRIAL STATISTICS,University of Ruhuna,MONARAGALA,1.3541,value,6,1,1.3541
COP2526-136,,FINANCIAL MATHEMATICS AND INDUSTRIAL STATISTICS,University of Ruhuna,KEGALLE,1.2947,value,6,1,1.2947
COP2526-136,,FINANCIAL MATHEMATICS AND INDUSTRIAL STATISTICS,University of Ruhuna,RATNAPURA,1.3456,value,6,1,1.3456
COP2526-137,,STATISTICS & OPERATIONS RESEARCH,University of Peradeniya,COLOMBO,1.5226,value,6,2,1.5226
COP2526-137,,STATISTICS & OPERATIONS RESEARCH,University of Peradeniya,GAMPAHA,1.4260,value,6,2,1.4260
COP2526-137,,STATISTICS & OPERATIONS RESEARCH,University of Peradeniya,KALUTARA,1.5114,value,6,2,1.5114
COP2526-137,,STATISTICS & OPERATIONS RESEARCH,University of Peradeniya,MATALE,1.3555,value,6,2,1.3555
COP2526-137,,STATISTICS & OPERATIONS RESEARCH,University of Peradeniya,KANDY,1.5153,value,6,2,1.5153
COP2526-137,,STATISTICS & OPERATIONS RESEARCH,University of Peradeniya,NUWARA ELIYA,1.2832,value,6,2,1.2832
COP2526-137,,STATISTICS & OPERATIONS RESEARCH,University of Peradeniya,GALLE,1.5211,value,6,2,1.5211
COP2526-137,,STATISTICS & OPERATIONS RESEARCH,University of Peradeniya,MATARA,1.5153,value,6,2,1.5153
COP2526-137,,STATISTICS & OPERATIONS RESEARCH,University of Peradeniya,HAMBANTOTA,1.4400,value,6,2,1.4400
COP2526-137,,STATISTICS & OPERATIONS RESEARCH,University of Peradeniya,JAFFNA,1.4784,value,6,2,1.4784
COP2526-137,,STATISTICS & OPERATIONS RESEARCH,University of Peradeniya,KILINOCHCHI,0.8629,value,6,2,0.8629
COP2526-137,,STATISTICS & OPERATIONS RESEARCH,University of Peradeniya,MANNAR,0.6706,value,6,2,0.6706
COP2526-137,,STATISTICS & OPERATIONS RESEARCH,University of Peradeniya,MULLAITIVU,0.7476,value,6,2,0.7476
COP2526-137,,STATISTICS & OPERATIONS RESEARCH,University of Peradeniya,VAVUNIYA,0.8428,value,6,2,0.8428
COP2526-137,,STATISTICS & OPERATIONS RESEARCH,University of Peradeniya,TRINCOMALEE,1.4181,value,6,2,1.4181
COP2526-137,,STATISTICS & OPERATIONS RESEARCH,University of Peradeniya,BATTICALOA,1.2815,value,6,2,1.2815
COP2526-137,,STATISTICS & OPERATIONS RESEARCH,University of Peradeniya,AMPARA,1.2606,value,6,2,1.2606
COP2526-137,,STATISTICS & OPERATIONS RESEARCH,University of Peradeniya,PUTTALAM,1.2784,value,6,2,1.2784
COP2526-137,,STATISTICS & OPERATIONS RESEARCH,University of Peradeniya,KURUNEGALA,1.4837,value,6,2,1.4837
COP2526-137,,STATISTICS & OPERATIONS RESEARCH,University of Peradeniya,ANURADHAPURA,1.3221,value,6,2,1.3221
COP2526-137,,STATISTICS & OPERATIONS RESEARCH,University of Peradeniya,POLONNARUWA,1.1532,value,6,2,1.1532
COP2526-137,,STATISTICS & OPERATIONS RESEARCH,University of Peradeniya,BADULLA,1.4274,value,6,2,1.4274
COP2526-137,,STATISTICS & OPERATIONS RESEARCH,University of Peradeniya,MONARAGALA,1.3230,value,6,2,1.3230
COP2526-137,,STATISTICS & OPERATIONS RESEARCH,University of Peradeniya,KEGALLE,1.4986,value,6,2,1.4986
COP2526-137,,STATISTICS & OPERATIONS RESEARCH,University of Peradeniya,RATNAPURA,1.4456,value,6,2,1.4456
COP2526-138,,GEOGRAPHICAL INFORMATION SCIENCE,University of Peradeniya,COLOMBO,1.9246,value,6,3,1.9246
COP2526-138,,GEOGRAPHICAL INFORMATION SCIENCE,University of Peradeniya,GAMPAHA,1.9035,value,6,3,1.9035
COP2526-138,,GEOGRAPHICAL INFORMATION SCIENCE,University of Peradeniya,KALUTARA,1.8814,value,6,3,1.8814
COP2526-138,,GEOGRAPHICAL INFORMATION SCIENCE,University of Peradeniya,MATALE,1.9807,value,6,3,1.9807
COP2526-138,,GEOGRAPHICAL INFORMATION SCIENCE,University of Peradeniya,KANDY,1.9416,value,6,3,1.9416
COP2526-138,,GEOGRAPHICAL INFORMATION SCIENCE,University of Peradeniya,NUWARA ELIYA,1.7519,value,6,3,1.7519
COP2526-138,,GEOGRAPHICAL INFORMATION SCIENCE,University of Peradeniya,GALLE,1.9108,value,6,3,1.9108
COP2526-138,,GEOGRAPHICAL INFORMATION SCIENCE,University of Peradeniya,MATARA,1.9461,value,6,3,1.9461
COP2526-138,,GEOGRAPHICAL INFORMATION SCIENCE,University of Peradeniya,HAMBANTOTA,1.9232,value,6,3,1.9232
COP2526-138,,GEOGRAPHICAL INFORMATION SCIENCE,University of Peradeniya,JAFFNA,1.9354,value,6,3,1.9354
COP2526-138,,GEOGRAPHICAL INFORMATION SCIENCE,University of Peradeniya,KILINOCHCHI,2.0022,value,6,3,2.0022
COP2526-138,,GEOGRAPHICAL INFORMATION SCIENCE,University of Peradeniya,MANNAR,2.0858,value,6,3,2.0858
COP2526-138,,GEOGRAPHICAL INFORMATION SCIENCE,University of Peradeniya,MULLAITIVU,1.8908,value,6,3,1.8908
COP2526-138,,GEOGRAPHICAL INFORMATION SCIENCE,University of Peradeniya,VAVUNIYA,1.8769,value,6,3,1.8769
COP2526-138,,GEOGRAPHICAL INFORMATION SCIENCE,University of Peradeniya,TRINCOMALEE,2.0456,value,6,3,2.0456
COP2526-138,,GEOGRAPHICAL INFORMATION SCIENCE,University of Peradeniya,BATTICALOA,2.0427,value,6,3,2.0427
COP2526-138,,GEOGRAPHICAL INFORMATION SCIENCE,University of Peradeniya,AMPARA,1.9247,value,6,3,1.9247
COP2526-138,,GEOGRAPHICAL INFORMATION SCIENCE,University of Peradeniya,PUTTALAM,1.8578,value,6,3,1.8578
COP2526-138,,GEOGRAPHICAL INFORMATION SCIENCE,University of Peradeniya,KURUNEGALA,2.0258,value,6,3,2.0258
COP2526-138,,GEOGRAPHICAL INFORMATION SCIENCE,University of Peradeniya,ANURADHAPURA,1.9250,value,6,3,1.9250
COP2526-138,,GEOGRAPHICAL INFORMATION SCIENCE,University of Peradeniya,POLONNARUWA,1.8730,value,6,3,1.8730
COP2526-138,,GEOGRAPHICAL INFORMATION SCIENCE,University of Peradeniya,BADULLA,1.9982,value,6,3,1.9982
COP2526-138,,GEOGRAPHICAL INFORMATION SCIENCE,University of Peradeniya,MONARAGALA,1.8880,value,6,3,1.8880
COP2526-138,,GEOGRAPHICAL INFORMATION SCIENCE,University of Peradeniya,KEGALLE,1.9735,value,6,3,1.9735
COP2526-138,,GEOGRAPHICAL INFORMATION SCIENCE,University of Peradeniya,RATNAPURA,1.9422,value,6,3,1.9422
COP2526-139,,GEOGRAPHICAL INFORMATION SYSTEMS,University of Ruhuna,COLOMBO,1.7818,value,6,4,1.7818
COP2526-139,,GEOGRAPHICAL INFORMATION SYSTEMS,University of Ruhuna,GAMPAHA,1.7649,value,6,4,1.7649
COP2526-139,,GEOGRAPHICAL INFORMATION SYSTEMS,University of Ruhuna,KALUTARA,1.8391,value,6,4,1.8391
COP2526-139,,GEOGRAPHICAL INFORMATION SYSTEMS,University of Ruhuna,MATALE,1.8353,value,6,4,1.8353
COP2526-139,,GEOGRAPHICAL INFORMATION SYSTEMS,University of Ruhuna,KANDY,1.8291,value,6,4,1.8291
COP2526-139,,GEOGRAPHICAL INFORMATION SYSTEMS,University of Ruhuna,NUWARA ELIYA,1.7767,value,6,4,1.7767
COP2526-139,,GEOGRAPHICAL INFORMATION SYSTEMS,University of Ruhuna,GALLE,1.7388,value,6,4,1.7388
COP2526-139,,GEOGRAPHICAL INFORMATION SYSTEMS,University of Ruhuna,MATARA,1.8852,value,6,4,1.8852
COP2526-139,,GEOGRAPHICAL INFORMATION SYSTEMS,University of Ruhuna,HAMBANTOTA,1.7697,value,6,4,1.7697
COP2526-139,,GEOGRAPHICAL INFORMATION SYSTEMS,University of Ruhuna,JAFFNA,1.8626,value,6,4,1.8626
COP2526-139,,GEOGRAPHICAL INFORMATION SYSTEMS,University of Ruhuna,KILINOCHCHI,1.7350,value,6,4,1.7350
COP2526-139,,GEOGRAPHICAL INFORMATION SYSTEMS,University of Ruhuna,MANNAR,1.7896,value,6,4,1.7896
COP2526-139,,GEOGRAPHICAL INFORMATION SYSTEMS,University of Ruhuna,MULLAITIVU,1.8309,value,6,4,1.8309
COP2526-139,,GEOGRAPHICAL INFORMATION SYSTEMS,University of Ruhuna,VAVUNIYA,1.8288,value,6,4,1.8288
COP2526-139,,GEOGRAPHICAL INFORMATION SYSTEMS,University of Ruhuna,TRINCOMALEE,1.8542,value,6,4,1.8542
COP2526-139,,GEOGRAPHICAL INFORMATION SYSTEMS,University of Ruhuna,BATTICALOA,1.8556,value,6,4,1.8556
COP2526-139,,GEOGRAPHICAL INFORMATION SYSTEMS,University of Ruhuna,AMPARA,1.8955,value,6,4,1.8955
COP2526-139,,GEOGRAPHICAL INFORMATION SYSTEMS,University of Ruhuna,PUTTALAM,1.7849,value,6,4,1.7849
COP2526-139,,GEOGRAPHICAL INFORMATION SYSTEMS,University of Ruhuna,KURUNEGALA,1.8758,value,6,4,1.8758
COP2526-139,,GEOGRAPHICAL INFORMATION SYSTEMS,University of Ruhuna,ANURADHAPURA,1.8992,value,6,4,1.8992
COP2526-139,,GEOGRAPHICAL INFORMATION SYSTEMS,University of Ruhuna,POLONNARUWA,1.8032,value,6,4,1.8032
COP2526-139,,GEOGRAPHICAL INFORMATION SYSTEMS,University of Ruhuna,BADULLA,1.6915,value,6,4,1.6915
COP2526-139,,GEOGRAPHICAL INFORMATION SYSTEMS,University of Ruhuna,MONARAGALA,1.8744,value,6,4,1.8744
COP2526-139,,GEOGRAPHICAL INFORMATION SYSTEMS,University of Ruhuna,KEGALLE,1.8245,value,6,4,1.8245
COP2526-139,,GEOGRAPHICAL INFORMATION SYSTEMS,University of Ruhuna,RATNAPURA,1.8994,value,6,4,1.8994
COP2526-140,,INFORMATION AND COMMUNICATION TECHNOLOGY (ICT),Rajarata University of Sri Lanka,COLOMBO,1.2734,value,6,5,1.2734
COP2526-140,,INFORMATION AND COMMUNICATION TECHNOLOGY (ICT),Rajarata University of Sri Lanka,GAMPAHA,1.2737,value,6,5,1.2737
COP2526-140,,INFORMATION AND COMMUNICATION TECHNOLOGY (ICT),Rajarata University of Sri Lanka,KALUTARA,1.2747,value,6,5,1.2747
COP2526-140,,INFORMATION AND COMMUNICATION TECHNOLOGY (ICT),Rajarata University of Sri Lanka,MATALE,1.2842,value,6,5,1.2842
COP2526-140,,INFORMATION AND COMMUNICATION TECHNOLOGY (ICT),Rajarata University of Sri Lanka,KANDY,1.2993,value,6,5,1.2993
COP2526-140,,INFORMATION AND COMMUNICATION TECHNOLOGY (ICT),Rajarata University of Sri Lanka,NUWARA ELIYA,1.3096,value,6,5,1.3096
COP2526-140,,INFORMATION AND COMMUNICATION TECHNOLOGY (ICT),Rajarata University of Sri Lanka,GALLE,1.2822,value,6,5,1.2822
COP2526-140,,INFORMATION AND COMMUNICATION TECHNOLOGY (ICT),Rajarata University of Sri Lanka,MATARA,1.2742,value,6,5,1.2742
COP2526-140,,INFORMATION AND COMMUNICATION TECHNOLOGY (ICT),Rajarata University of Sri Lanka,HAMBANTOTA,1.2822,value,6,5,1.2822
COP2526-140,,INFORMATION AND COMMUNICATION TECHNOLOGY (ICT),Rajarata University of Sri Lanka,JAFFNA,1.2773,value,6,5,1.2773
COP2526-140,,INFORMATION AND COMMUNICATION TECHNOLOGY (ICT),Rajarata University of Sri Lanka,KILINOCHCHI,,NQC,6,5,NQC
COP2526-140,,INFORMATION AND COMMUNICATION TECHNOLOGY (ICT),Rajarata University of Sri Lanka,MANNAR,,NQC,6,5,NQC
COP2526-140,,INFORMATION AND COMMUNICATION TECHNOLOGY (ICT),Rajarata University of Sri Lanka,MULLAITIVU,1.3585,value,6,5,1.3585
COP2526-140,,INFORMATION AND COMMUNICATION TECHNOLOGY (ICT),Rajarata University of Sri Lanka,VAVUNIYA,,NQC,6,5,NQC
COP2526-140,,INFORMATION AND COMMUNICATION TECHNOLOGY (ICT),Rajarata University of Sri Lanka,TRINCOMALEE,1.4502,value,6,5,1.4502
COP2526-140,,INFORMATION AND COMMUNICATION TECHNOLOGY (ICT),Rajarata University of Sri Lanka,BATTICALOA,1.2757,value,6,5,1.2757
COP2526-140,,INFORMATION AND COMMUNICATION TECHNOLOGY (ICT),Rajarata University of Sri Lanka,AMPARA,1.2846,value,6,5,1.2846
COP2526-140,,INFORMATION AND COMMUNICATION TECHNOLOGY (ICT),Rajarata University of Sri Lanka,PUTTALAM,1.4512,value,6,5,1.4512
COP2526-140,,INFORMATION AND COMMUNICATION TECHNOLOGY (ICT),Rajarata University of Sri Lanka,KURUNEGALA,1.2744,value,6,5,1.2744
COP2526-140,,INFORMATION AND COMMUNICATION TECHNOLOGY (ICT),Rajarata University of Sri Lanka,ANURADHAPURA,1.2737,value,6,5,1.2737
COP2526-140,,INFORMATION AND COMMUNICATION TECHNOLOGY (ICT),Rajarata University of Sri Lanka,POLONNARUWA,1.5202,value,6,5,1.5202
COP2526-140,,INFORMATION AND COMMUNICATION TECHNOLOGY (ICT),Rajarata University of Sri Lanka,BADULLA,,NQC,6,5,NQC
COP2526-140,,INFORMATION AND COMMUNICATION TECHNOLOGY (ICT),Rajarata University of Sri Lanka,MONARAGALA,1.3527,value,6,5,1.3527
COP2526-140,,INFORMATION AND COMMUNICATION TECHNOLOGY (ICT),Rajarata University of Sri Lanka,KEGALLE,1.2904,value,6,5,1.2904
COP2526-140,,INFORMATION AND COMMUNICATION TECHNOLOGY (ICT),Rajarata University of Sri Lanka,RATNAPURA,1.2924,value,6,5,1.2924
COP2526-141,,INFORMATION AND COMMUNICATION TECHNOLOGY (ICT),"University of Vavuniya, Sri Lanka",COLOMBO,1.1908,value,6,6,1.1908
COP2526-141,,INFORMATION AND COMMUNICATION TECHNOLOGY (ICT),"University of Vavuniya, Sri Lanka",GAMPAHA,1.1740,value,6,6,1.1740
COP2526-141,,INFORMATION AND COMMUNICATION TECHNOLOGY (ICT),"University of Vavuniya, Sri Lanka",KALUTARA,1.2333,value,6,6,1.2333
COP2526-141,,INFORMATION AND COMMUNICATION TECHNOLOGY (ICT),"University of Vavuniya, Sri Lanka",MATALE,1.2639,value,6,6,1.2639
COP2526-141,,INFORMATION AND COMMUNICATION TECHNOLOGY (ICT),"University of Vavuniya, Sri Lanka",KANDY,1.1831,value,6,6,1.1831
COP2526-141,,INFORMATION AND COMMUNICATION TECHNOLOGY (ICT),"University of Vavuniya, Sri Lanka",NUWARA ELIYA,0.9925,value,6,6,0.9925
COP2526-141,,INFORMATION AND COMMUNICATION TECHNOLOGY (ICT),"University of Vavuniya, Sri Lanka",GALLE,1.2329,value,6,6,1.2329
COP2526-141,,INFORMATION AND COMMUNICATION TECHNOLOGY (ICT),"University of Vavuniya, Sri Lanka",MATARA,1.2694,value,6,6,1.2694
COP2526-141,,INFORMATION AND COMMUNICATION TECHNOLOGY (ICT),"University of Vavuniya, Sri Lanka",HAMBANTOTA,1.1556,value,6,6,1.1556
COP2526-141,,INFORMATION AND COMMUNICATION TECHNOLOGY (ICT),"University of Vavuniya, Sri Lanka",JAFFNA,1.2256,value,6,6,1.2256
COP2526-141,,INFORMATION AND COMMUNICATION TECHNOLOGY (ICT),"University of Vavuniya, Sri Lanka",KILINOCHCHI,1.1504,value,6,6,1.1504
COP2526-141,,INFORMATION AND COMMUNICATION TECHNOLOGY (ICT),"University of Vavuniya, Sri Lanka",MANNAR,0.9832,value,6,6,0.9832
COP2526-141,,INFORMATION AND COMMUNICATION TECHNOLOGY (ICT),"University of Vavuniya, Sri Lanka",MULLAITIVU,0.9059,value,6,6,0.9059
COP2526-141,,INFORMATION AND COMMUNICATION TECHNOLOGY (ICT),"University of Vavuniya, Sri Lanka",VAVUNIYA,1.0214,value,6,6,1.0214
COP2526-141,,INFORMATION AND COMMUNICATION TECHNOLOGY (ICT),"University of Vavuniya, Sri Lanka",TRINCOMALEE,1.0131,value,6,6,1.0131
COP2526-141,,INFORMATION AND COMMUNICATION TECHNOLOGY (ICT),"University of Vavuniya, Sri Lanka",BATTICALOA,1.2246,value,6,6,1.2246
COP2526-141,,INFORMATION AND COMMUNICATION TECHNOLOGY (ICT),"University of Vavuniya, Sri Lanka",AMPARA,1.2242,value,6,6,1.2242
COP2526-141,,INFORMATION AND COMMUNICATION TECHNOLOGY (ICT),"University of Vavuniya, Sri Lanka",PUTTALAM,1.0578,value,6,6,1.0578
COP2526-141,,INFORMATION AND COMMUNICATION TECHNOLOGY (ICT),"University of Vavuniya, Sri Lanka",KURUNEGALA,1.2626,value,6,6,1.2626
COP2526-141,,INFORMATION AND COMMUNICATION TECHNOLOGY (ICT),"University of Vavuniya, Sri Lanka",ANURADHAPURA,1.2312,value,6,6,1.2312
COP2526-141,,INFORMATION AND COMMUNICATION TECHNOLOGY (ICT),"University of Vavuniya, Sri Lanka",POLONNARUWA,0.9635,value,6,6,0.9635
COP2526-141,,INFORMATION AND COMMUNICATION TECHNOLOGY (ICT),"University of Vavuniya, Sri Lanka",BADULLA,1.0892,value,6,6,1.0892
COP2526-141,,INFORMATION AND COMMUNICATION TECHNOLOGY (ICT),"University of Vavuniya, Sri Lanka",MONARAGALA,1.1078,value,6,6,1.1078
COP2526-141,,INFORMATION AND COMMUNICATION TECHNOLOGY (ICT),"University of Vavuniya, Sri Lanka",KEGALLE,1.2332,value,6,6,1.2332
COP2526-141,,INFORMATION AND COMMUNICATION TECHNOLOGY (ICT),"University of Vavuniya, Sri Lanka",RATNAPURA,1.1795,value,6,6,1.1795
COP2526-142,,INFORMATION SYSTEMS,University of Colombo School of Computing,COLOMBO,1.7912,value,6,7,1.7912
COP2526-142,,INFORMATION SYSTEMS,University of Colombo School of Computing,GAMPAHA,1.7869,value,6,7,1.7869
COP2526-142,,INFORMATION SYSTEMS,University of Colombo School of Computing,KALUTARA,1.8597,value,6,7,1.8597
COP2526-142,,INFORMATION SYSTEMS,University of Colombo School of Computing,MATALE,1.8159,value,6,7,1.8159
COP2526-142,,INFORMATION SYSTEMS,University of Colombo School of Computing,KANDY,1.8250,value,6,7,1.8250
COP2526-142,,INFORMATION SYSTEMS,University of Colombo School of Computing,NUWARA ELIYA,1.8998,value,6,7,1.8998
COP2526-142,,INFORMATION SYSTEMS,University of Colombo School of Computing,GALLE,1.8117,value,6,7,1.8117
COP2526-142,,INFORMATION SYSTEMS,University of Colombo School of Computing,MATARA,1.8361,value,6,7,1.8361
COP2526-142,,INFORMATION SYSTEMS,University of Colombo School of Computing,HAMBANTOTA,,NQC,6,7,NQC
COP2526-142,,INFORMATION SYSTEMS,University of Colombo School of Computing,JAFFNA,1.8981,value,6,7,1.8981
COP2526-142,,INFORMATION SYSTEMS,University of Colombo School of Computing,KILINOCHCHI,,NQC,6,7,NQC
COP2526-142,,INFORMATION SYSTEMS,University of Colombo School of Computing,MANNAR,,NQC,6,7,NQC
COP2526-142,,INFORMATION SYSTEMS,University of Colombo School of Computing,MULLAITIVU,,NQC,6,7,NQC
COP2526-142,,INFORMATION SYSTEMS,University of Colombo School of Computing,VAVUNIYA,,NQC,6,7,NQC
COP2526-142,,INFORMATION SYSTEMS,University of Colombo School of Computing,TRINCOMALEE,,NQC,6,7,NQC
COP2526-142,,INFORMATION SYSTEMS,University of Colombo School of Computing,BATTICALOA,1.8168,value,6,7,1.8168
COP2526-142,,INFORMATION SYSTEMS,University of Colombo School of Computing,AMPARA,1.8099,value,6,7,1.8099
COP2526-142,,INFORMATION SYSTEMS,University of Colombo School of Computing,PUTTALAM,,NQC,6,7,NQC
COP2526-142,,INFORMATION SYSTEMS,University of Colombo School of Computing,KURUNEGALA,1.8261,value,6,7,1.8261
COP2526-142,,INFORMATION SYSTEMS,University of Colombo School of Computing,ANURADHAPURA,1.8016,value,6,7,1.8016
COP2526-142,,INFORMATION SYSTEMS,University of Colombo School of Computing,POLONNARUWA,1.7988,value,6,7,1.7988
COP2526-142,,INFORMATION SYSTEMS,University of Colombo School of Computing,BADULLA,1.8164,value,6,7,1.8164
COP2526-142,,INFORMATION SYSTEMS,University of Colombo School of Computing,MONARAGALA,2.0351,value,6,7,2.0351
COP2526-142,,INFORMATION SYSTEMS,University of Colombo School of Computing,KEGALLE,1.8502,value,6,7,1.8502
COP2526-142,,INFORMATION SYSTEMS,University of Colombo School of Computing,RATNAPURA,1.8143,value,6,7,1.8143
COP2526-143,,INFORMATION SYSTEMS,University of Sri Jayewardenepura,COLOMBO,1.7274,value,6,8,1.7274
COP2526-143,,INFORMATION SYSTEMS,University of Sri Jayewardenepura,GAMPAHA,1.7512,value,6,8,1.7512
COP2526-143,,INFORMATION SYSTEMS,University of Sri Jayewardenepura,KALUTARA,1.7452,value,6,8,1.7452
COP2526-143,,INFORMATION SYSTEMS,University of Sri Jayewardenepura,MATALE,,NQC,6,8,NQC
COP2526-143,,INFORMATION SYSTEMS,University of Sri Jayewardenepura,KANDY,1.7559,value,6,8,1.7559
COP2526-143,,INFORMATION SYSTEMS,University of Sri Jayewardenepura,NUWARA ELIYA,,NQC,6,8,NQC
COP2526-143,,INFORMATION SYSTEMS,University of Sri Jayewardenepura,GALLE,1.7201,value,6,8,1.7201
COP2526-143,,INFORMATION SYSTEMS,University of Sri Jayewardenepura,MATARA,1.7201,value,6,8,1.7201
COP2526-143,,INFORMATION SYSTEMS,University of Sri Jayewardenepura,HAMBANTOTA,1.7705,value,6,8,1.7705
COP2526-143,,INFORMATION SYSTEMS,University of Sri Jayewardenepura,JAFFNA,1.7417,value,6,8,1.7417
COP2526-143,,INFORMATION SYSTEMS,University of Sri Jayewardenepura,KILINOCHCHI,,NQC,6,8,NQC
COP2526-143,,INFORMATION SYSTEMS,University of Sri Jayewardenepura,MANNAR,,NQC,6,8,NQC
COP2526-143,,INFORMATION SYSTEMS,University of Sri Jayewardenepura,MULLAITIVU,,NQC,6,8,NQC
COP2526-143,,INFORMATION SYSTEMS,University of Sri Jayewardenepura,VAVUNIYA,,NQC,6,8,NQC
COP2526-143,,INFORMATION SYSTEMS,University of Sri Jayewardenepura,TRINCOMALEE,,NQC,6,8,NQC
COP2526-143,,INFORMATION SYSTEMS,University of Sri Jayewardenepura,BATTICALOA,1.8148,value,6,8,1.8148
COP2526-143,,INFORMATION SYSTEMS,University of Sri Jayewardenepura,AMPARA,1.7242,value,6,8,1.7242
COP2526-143,,INFORMATION SYSTEMS,University of Sri Jayewardenepura,PUTTALAM,,NQC,6,8,NQC
COP2526-143,,INFORMATION SYSTEMS,University of Sri Jayewardenepura,KURUNEGALA,1.7263,value,6,8,1.7263
COP2526-143,,INFORMATION SYSTEMS,University of Sri Jayewardenepura,ANURADHAPURA,1.9317,value,6,8,1.9317
COP2526-143,,INFORMATION SYSTEMS,University of Sri Jayewardenepura,POLONNARUWA,,NQC,6,8,NQC
COP2526-143,,INFORMATION SYSTEMS,University of Sri Jayewardenepura,BADULLA,,NQC,6,8,NQC
COP2526-143,,INFORMATION SYSTEMS,University of Sri Jayewardenepura,MONARAGALA,,NQC,6,8,NQC
COP2526-143,,INFORMATION SYSTEMS,University of Sri Jayewardenepura,KEGALLE,1.7619,value,6,8,1.7619
COP2526-143,,INFORMATION SYSTEMS,University of Sri Jayewardenepura,RATNAPURA,,NQC,6,8,NQC
COP2526-144,,INFORMATION SYSTEMS,Sabaragamuwa University of Sri Lanka,COLOMBO,1.4139,value,6,9,1.4139
COP2526-144,,INFORMATION SYSTEMS,Sabaragamuwa University of Sri Lanka,GAMPAHA,1.2744,value,6,9,1.2744
COP2526-144,,INFORMATION SYSTEMS,Sabaragamuwa University of Sri Lanka,KALUTARA,1.3939,value,6,9,1.3939
COP2526-144,,INFORMATION SYSTEMS,Sabaragamuwa University of Sri Lanka,MATALE,1.3325,value,6,9,1.3325
COP2526-144,,INFORMATION SYSTEMS,Sabaragamuwa University of Sri Lanka,KANDY,1.2713,value,6,9,1.2713
COP2526-144,,INFORMATION SYSTEMS,Sabaragamuwa University of Sri Lanka,NUWARA ELIYA,1.0530,value,6,9,1.0530
COP2526-144,,INFORMATION SYSTEMS,Sabaragamuwa University of Sri Lanka,GALLE,1.4434,value,6,9,1.4434
COP2526-144,,INFORMATION SYSTEMS,Sabaragamuwa University of Sri Lanka,MATARA,1.6397,value,6,9,1.6397
COP2526-144,,INFORMATION SYSTEMS,Sabaragamuwa University of Sri Lanka,HAMBANTOTA,1.3862,value,6,9,1.3862
COP2526-144,,INFORMATION SYSTEMS,Sabaragamuwa University of Sri Lanka,JAFFNA,1.3074,value,6,9,1.3074
COP2526-144,,INFORMATION SYSTEMS,Sabaragamuwa University of Sri Lanka,KILINOCHCHI,1.4815,value,6,9,1.4815
COP2526-144,,INFORMATION SYSTEMS,Sabaragamuwa University of Sri Lanka,MANNAR,1.0430,value,6,9,1.0430
COP2526-144,,INFORMATION SYSTEMS,Sabaragamuwa University of Sri Lanka,MULLAITIVU,0.8290,value,6,9,0.8290
COP2526-144,,INFORMATION SYSTEMS,Sabaragamuwa University of Sri Lanka,VAVUNIYA,0.8730,value,6,9,0.8730
COP2526-144,,INFORMATION SYSTEMS,Sabaragamuwa University of Sri Lanka,TRINCOMALEE,1.0785,value,6,9,1.0785
COP2526-144,,INFORMATION SYSTEMS,Sabaragamuwa University of Sri Lanka,BATTICALOA,1.3075,value,6,9,1.3075
COP2526-144,,INFORMATION SYSTEMS,Sabaragamuwa University of Sri Lanka,AMPARA,1.5527,value,6,9,1.5527
COP2526-144,,INFORMATION SYSTEMS,Sabaragamuwa University of Sri Lanka,PUTTALAM,1.0836,value,6,9,1.0836
COP2526-144,,INFORMATION SYSTEMS,Sabaragamuwa University of Sri Lanka,KURUNEGALA,1.3480,value,6,9,1.3480
COP2526-144,,INFORMATION SYSTEMS,Sabaragamuwa University of Sri Lanka,ANURADHAPURA,1.2999,value,6,9,1.2999
COP2526-144,,INFORMATION SYSTEMS,Sabaragamuwa University of Sri Lanka,POLONNARUWA,1.1808,value,6,9,1.1808
COP2526-144,,INFORMATION SYSTEMS,Sabaragamuwa University of Sri Lanka,BADULLA,1.2340,value,6,9,1.2340
COP2526-144,,INFORMATION SYSTEMS,Sabaragamuwa University of Sri Lanka,MONARAGALA,1.2040,value,6,9,1.2040
COP2526-144,,INFORMATION SYSTEMS,Sabaragamuwa University of Sri Lanka,KEGALLE,1.3049,value,6,9,1.3049
COP2526-144,,INFORMATION SYSTEMS,Sabaragamuwa University of Sri Lanka,RATNAPURA,1.2831,value,6,9,1.2831
COP2526-145,,SOFTWARE ENGINEERING,University of Sri Jayewardenepura,COLOMBO,1.4446,value,6,10,1.4446
COP2526-145,,SOFTWARE ENGINEERING,University of Sri Jayewardenepura,GAMPAHA,1.9886,value,6,10,1.9886
COP2526-145,,SOFTWARE ENGINEERING,University of Sri Jayewardenepura,KALUTARA,1.5383,value,6,10,1.5383
COP2526-145,,SOFTWARE ENGINEERING,University of Sri Jayewardenepura,MATALE,,NQC,6,10,NQC
COP2526-145,,SOFTWARE ENGINEERING,University of Sri Jayewardenepura,KANDY,1.4507,value,6,10,1.4507
COP2526-145,,SOFTWARE ENGINEERING,University of Sri Jayewardenepura,NUWARA ELIYA,,NQC,6,10,NQC
COP2526-145,,SOFTWARE ENGINEERING,University of Sri Jayewardenepura,GALLE,1.4864,value,6,10,1.4864
COP2526-145,,SOFTWARE ENGINEERING,University of Sri Jayewardenepura,MATARA,1.5001,value,6,10,1.5001
COP2526-145,,SOFTWARE ENGINEERING,University of Sri Jayewardenepura,HAMBANTOTA,1.4578,value,6,10,1.4578
COP2526-145,,SOFTWARE ENGINEERING,University of Sri Jayewardenepura,JAFFNA,1.5260,value,6,10,1.5260
COP2526-145,,SOFTWARE ENGINEERING,University of Sri Jayewardenepura,KILINOCHCHI,,NQC,6,10,NQC
COP2526-145,,SOFTWARE ENGINEERING,University of Sri Jayewardenepura,MANNAR,,NQC,6,10,NQC
COP2526-145,,SOFTWARE ENGINEERING,University of Sri Jayewardenepura,MULLAITIVU,,NQC,6,10,NQC
COP2526-145,,SOFTWARE ENGINEERING,University of Sri Jayewardenepura,VAVUNIYA,,NQC,6,10,NQC
COP2526-145,,SOFTWARE ENGINEERING,University of Sri Jayewardenepura,TRINCOMALEE,1.4704,value,6,10,1.4704
COP2526-145,,SOFTWARE ENGINEERING,University of Sri Jayewardenepura,BATTICALOA,,NQC,6,10,NQC
COP2526-145,,SOFTWARE ENGINEERING,University of Sri Jayewardenepura,AMPARA,1.5561,value,6,10,1.5561
COP2526-145,,SOFTWARE ENGINEERING,University of Sri Jayewardenepura,PUTTALAM,,NQC,6,10,NQC
COP2526-145,,SOFTWARE ENGINEERING,University of Sri Jayewardenepura,KURUNEGALA,1.4457,value,6,10,1.4457
COP2526-145,,SOFTWARE ENGINEERING,University of Sri Jayewardenepura,ANURADHAPURA,,NQC,6,10,NQC
COP2526-145,,SOFTWARE ENGINEERING,University of Sri Jayewardenepura,POLONNARUWA,,NQC,6,10,NQC
COP2526-145,,SOFTWARE ENGINEERING,University of Sri Jayewardenepura,BADULLA,,NQC,6,10,NQC
COP2526-145,,SOFTWARE ENGINEERING,University of Sri Jayewardenepura,MONARAGALA,,NQC,6,10,NQC
COP2526-145,,SOFTWARE ENGINEERING,University of Sri Jayewardenepura,KEGALLE,1.4595,value,6,10,1.4595
COP2526-145,,SOFTWARE ENGINEERING,University of Sri Jayewardenepura,RATNAPURA,1.4432,value,6,10,1.4432
COP2526-146,,SOFTWARE ENGINEERING,University of Kelaniya,COLOMBO,1.4521,value,6,11,1.4521
COP2526-146,,SOFTWARE ENGINEERING,University of Kelaniya,GAMPAHA,1.4538,value,6,11,1.4538
COP2526-146,,SOFTWARE ENGINEERING,University of Kelaniya,KALUTARA,1.4744,value,6,11,1.4744
COP2526-146,,SOFTWARE ENGINEERING,University of Kelaniya,MATALE,,NQC,6,11,NQC
COP2526-146,,SOFTWARE ENGINEERING,University of Kelaniya,KANDY,1.4936,value,6,11,1.4936
COP2526-146,,SOFTWARE ENGINEERING,University of Kelaniya,NUWARA ELIYA,,NQC,6,11,NQC
COP2526-146,,SOFTWARE ENGINEERING,University of Kelaniya,GALLE,1.4522,value,6,11,1.4522
COP2526-146,,SOFTWARE ENGINEERING,University of Kelaniya,MATARA,1.4675,value,6,11,1.4675
COP2526-146,,SOFTWARE ENGINEERING,University of Kelaniya,HAMBANTOTA,1.4604,value,6,11,1.4604
COP2526-146,,SOFTWARE ENGINEERING,University of Kelaniya,JAFFNA,1.4537,value,6,11,1.4537
COP2526-146,,SOFTWARE ENGINEERING,University of Kelaniya,KILINOCHCHI,,NQC,6,11,NQC
COP2526-146,,SOFTWARE ENGINEERING,University of Kelaniya,MANNAR,,NQC,6,11,NQC
COP2526-146,,SOFTWARE ENGINEERING,University of Kelaniya,MULLAITIVU,,NQC,6,11,NQC
COP2526-146,,SOFTWARE ENGINEERING,University of Kelaniya,VAVUNIYA,,NQC,6,11,NQC
COP2526-146,,SOFTWARE ENGINEERING,University of Kelaniya,TRINCOMALEE,,NQC,6,11,NQC
COP2526-146,,SOFTWARE ENGINEERING,University of Kelaniya,BATTICALOA,,NQC,6,11,NQC
COP2526-146,,SOFTWARE ENGINEERING,University of Kelaniya,AMPARA,,NQC,6,11,NQC
COP2526-146,,SOFTWARE ENGINEERING,University of Kelaniya,PUTTALAM,,NQC,6,11,NQC
COP2526-146,,SOFTWARE ENGINEERING,University of Kelaniya,KURUNEGALA,1.4740,value,6,11,1.4740
COP2526-146,,SOFTWARE ENGINEERING,University of Kelaniya,ANURADHAPURA,,NQC,6,11,NQC
COP2526-146,,SOFTWARE ENGINEERING,University of Kelaniya,POLONNARUWA,,NQC,6,11,NQC
COP2526-146,,SOFTWARE ENGINEERING,University of Kelaniya,BADULLA,,NQC,6,11,NQC
COP2526-146,,SOFTWARE ENGINEERING,University of Kelaniya,MONARAGALA,,NQC,6,11,NQC
COP2526-146,,SOFTWARE ENGINEERING,University of Kelaniya,KEGALLE,1.4905,value,6,11,1.4905
COP2526-146,,SOFTWARE ENGINEERING,University of Kelaniya,RATNAPURA,,NQC,6,11,NQC
COP2526-147,,SOFTWARE ENGINEERING,Sabaragamuwa University of Sri Lanka,COLOMBO,1.4369,value,6,12,1.4369
COP2526-147,,SOFTWARE ENGINEERING,Sabaragamuwa University of Sri Lanka,GAMPAHA,1.3002,value,6,12,1.3002
COP2526-147,,SOFTWARE ENGINEERING,Sabaragamuwa University of Sri Lanka,KALUTARA,1.3774,value,6,12,1.3774
COP2526-147,,SOFTWARE ENGINEERING,Sabaragamuwa University of Sri Lanka,MATALE,1.1213,value,6,12,1.1213
COP2526-147,,SOFTWARE ENGINEERING,Sabaragamuwa University of Sri Lanka,KANDY,1.3417,value,6,12,1.3417
COP2526-147,,SOFTWARE ENGINEERING,Sabaragamuwa University of Sri Lanka,NUWARA ELIYA,1.0371,value,6,12,1.0371
COP2526-147,,SOFTWARE ENGINEERING,Sabaragamuwa University of Sri Lanka,GALLE,,NQC,6,12,NQC
COP2526-147,,SOFTWARE ENGINEERING,Sabaragamuwa University of Sri Lanka,MATARA,,NQC,6,12,NQC
COP2526-147,,SOFTWARE ENGINEERING,Sabaragamuwa University of Sri Lanka,HAMBANTOTA,,NQC,6,12,NQC
COP2526-147,,SOFTWARE ENGINEERING,Sabaragamuwa University of Sri Lanka,JAFFNA,,NQC,6,12,NQC
COP2526-147,,SOFTWARE ENGINEERING,Sabaragamuwa University of Sri Lanka,KILINOCHCHI,1.0247,value,6,12,1.0247
COP2526-147,,SOFTWARE ENGINEERING,Sabaragamuwa University of Sri Lanka,MANNAR,0.9616,value,6,12,0.9616
COP2526-147,,SOFTWARE ENGINEERING,Sabaragamuwa University of Sri Lanka,MULLAITIVU,0.9255,value,6,12,0.9255
COP2526-147,,SOFTWARE ENGINEERING,Sabaragamuwa University of Sri Lanka,VAVUNIYA,1.0597,value,6,12,1.0597
COP2526-147,,SOFTWARE ENGINEERING,Sabaragamuwa University of Sri Lanka,TRINCOMALEE,1.2325,value,6,12,1.2325
COP2526-147,,SOFTWARE ENGINEERING,Sabaragamuwa University of Sri Lanka,BATTICALOA,1.2937,value,6,12,1.2937
COP2526-147,,SOFTWARE ENGINEERING,Sabaragamuwa University of Sri Lanka,AMPARA,1.2886,value,6,12,1.2886
COP2526-147,,SOFTWARE ENGINEERING,Sabaragamuwa University of Sri Lanka,PUTTALAM,1.2180,value,6,12,1.2180
COP2526-147,,SOFTWARE ENGINEERING,Sabaragamuwa University of Sri Lanka,KURUNEGALA,1.3847,value,6,12,1.3847
COP2526-147,,SOFTWARE ENGINEERING,Sabaragamuwa University of Sri Lanka,ANURADHAPURA,1.1799,value,6,12,1.1799
COP2526-147,,SOFTWARE ENGINEERING,Sabaragamuwa University of Sri Lanka,POLONNARUWA,0.9672,value,6,12,0.9672
COP2526-147,,SOFTWARE ENGINEERING,Sabaragamuwa University of Sri Lanka,BADULLA,1.3474,value,6,12,1.3474
COP2526-147,,SOFTWARE ENGINEERING,Sabaragamuwa University of Sri Lanka,MONARAGALA,1.2270,value,6,12,1.2270
COP2526-147,,SOFTWARE ENGINEERING,Sabaragamuwa University of Sri Lanka,KEGALLE,1.3034,value,6,12,1.3034
COP2526-147,,SOFTWARE ENGINEERING,Sabaragamuwa University of Sri Lanka,RATNAPURA,1.3315,value,6,12,1.3315
COP2526-148,,AYURVEDA MEDICINE & SURGERY,University of Colombo,COLOMBO,1.3185,value,6,13,1.3185
COP2526-148,,AYURVEDA MEDICINE & SURGERY,University of Colombo,GAMPAHA,1.3211,value,6,13,1.3211
COP2526-148,,AYURVEDA MEDICINE & SURGERY,University of Colombo,KALUTARA,1.3167,value,6,13,1.3167
COP2526-148,,AYURVEDA MEDICINE & SURGERY,University of Colombo,MATALE,1.3567,value,6,13,1.3567
COP2526-148,,AYURVEDA MEDICINE & SURGERY,University of Colombo,KANDY,1.3220,value,6,13,1.3220
COP2526-148,,AYURVEDA MEDICINE & SURGERY,University of Colombo,NUWARA ELIYA,1.3822,value,6,13,1.3822
COP2526-148,,AYURVEDA MEDICINE & SURGERY,University of Colombo,GALLE,1.3186,value,6,13,1.3186
COP2526-148,,AYURVEDA MEDICINE & SURGERY,University of Colombo,MATARA,1.3355,value,6,13,1.3355
COP2526-148,,AYURVEDA MEDICINE & SURGERY,University of Colombo,HAMBANTOTA,1.3166,value,6,13,1.3166
COP2526-148,,AYURVEDA MEDICINE & SURGERY,University of Colombo,JAFFNA,1.3833,value,6,13,1.3833
COP2526-148,,AYURVEDA MEDICINE & SURGERY,University of Colombo,KILINOCHCHI,,NQC,6,13,NQC
COP2526-148,,AYURVEDA MEDICINE & SURGERY,University of Colombo,MANNAR,,NQC,6,13,NQC
COP2526-148,,AYURVEDA MEDICINE & SURGERY,University of Colombo,MULLAITIVU,,NQC,6,13,NQC
COP2526-148,,AYURVEDA MEDICINE & SURGERY,University of Colombo,VAVUNIYA,1.3595,value,6,13,1.3595
COP2526-148,,AYURVEDA MEDICINE & SURGERY,University of Colombo,TRINCOMALEE,1.3173,value,6,13,1.3173
COP2526-148,,AYURVEDA MEDICINE & SURGERY,University of Colombo,BATTICALOA,1.3671,value,6,13,1.3671
COP2526-148,,AYURVEDA MEDICINE & SURGERY,University of Colombo,AMPARA,1.3185,value,6,13,1.3185
COP2526-148,,AYURVEDA MEDICINE & SURGERY,University of Colombo,PUTTALAM,1.3308,value,6,13,1.3308
COP2526-148,,AYURVEDA MEDICINE & SURGERY,University of Colombo,KURUNEGALA,1.3204,value,6,13,1.3204
COP2526-148,,AYURVEDA MEDICINE & SURGERY,University of Colombo,ANURADHAPURA,1.3197,value,6,13,1.3197
COP2526-148,,AYURVEDA MEDICINE & SURGERY,University of Colombo,POLONNARUWA,1.3835,value,6,13,1.3835
COP2526-148,,AYURVEDA MEDICINE & SURGERY,University of Colombo,BADULLA,1.3165,value,6,13,1.3165
COP2526-148,,AYURVEDA MEDICINE & SURGERY,University of Colombo,MONARAGALA,1.3313,value,6,13,1.3313
COP2526-148,,AYURVEDA MEDICINE & SURGERY,University of Colombo,KEGALLE,1.3169,value,6,13,1.3169
COP2526-148,,AYURVEDA MEDICINE & SURGERY,University of Colombo,RATNAPURA,1.3389,value,6,13,1.3389
COP2526-149,,AYURVEDA MEDICINE & SURGERY,"Gampaha Wickramarachchi University of Indigenous Medicine, Sri Lanka",COLOMBO,1.1441,value,6,14,1.1441
COP2526-149,,AYURVEDA MEDICINE & SURGERY,"Gampaha Wickramarachchi University of Indigenous Medicine, Sri Lanka",GAMPAHA,0.9570,value,6,14,0.9570
COP2526-149,,AYURVEDA MEDICINE & SURGERY,"Gampaha Wickramarachchi University of Indigenous Medicine, Sri Lanka",KALUTARA,1.2439,value,6,14,1.2439
COP2526-149,,AYURVEDA MEDICINE & SURGERY,"Gampaha Wickramarachchi University of Indigenous Medicine, Sri Lanka",MATALE,0.9549,value,6,14,0.9549
COP2526-149,,AYURVEDA MEDICINE & SURGERY,"Gampaha Wickramarachchi University of Indigenous Medicine, Sri Lanka",KANDY,1.0653,value,6,14,1.0653
COP2526-149,,AYURVEDA MEDICINE & SURGERY,"Gampaha Wickramarachchi University of Indigenous Medicine, Sri Lanka",NUWARA ELIYA,0.7805,value,6,14,0.7805
COP2526-149,,AYURVEDA MEDICINE & SURGERY,"Gampaha Wickramarachchi University of Indigenous Medicine, Sri Lanka",GALLE,1.2003,value,6,14,1.2003
COP2526-149,,AYURVEDA MEDICINE & SURGERY,"Gampaha Wickramarachchi University of Indigenous Medicine, Sri Lanka",MATARA,1.1915,value,6,14,1.1915
COP2526-149,,AYURVEDA MEDICINE & SURGERY,"Gampaha Wickramarachchi University of Indigenous Medicine, Sri Lanka",HAMBANTOTA,1.2412,value,6,14,1.2412
COP2526-149,,AYURVEDA MEDICINE & SURGERY,"Gampaha Wickramarachchi University of Indigenous Medicine, Sri Lanka",JAFFNA,1.0857,value,6,14,1.0857
COP2526-149,,AYURVEDA MEDICINE & SURGERY,"Gampaha Wickramarachchi University of Indigenous Medicine, Sri Lanka",KILINOCHCHI,1.0597,value,6,14,1.0597
COP2526-149,,AYURVEDA MEDICINE & SURGERY,"Gampaha Wickramarachchi University of Indigenous Medicine, Sri Lanka",MANNAR,0.9499,value,6,14,0.9499
COP2526-149,,AYURVEDA MEDICINE & SURGERY,"Gampaha Wickramarachchi University of Indigenous Medicine, Sri Lanka",MULLAITIVU,0.6658,value,6,14,0.6658
COP2526-149,,AYURVEDA MEDICINE & SURGERY,"Gampaha Wickramarachchi University of Indigenous Medicine, Sri Lanka",VAVUNIYA,1.0171,value,6,14,1.0171
COP2526-149,,AYURVEDA MEDICINE & SURGERY,"Gampaha Wickramarachchi University of Indigenous Medicine, Sri Lanka",TRINCOMALEE,1.1229,value,6,14,1.1229
COP2526-149,,AYURVEDA MEDICINE & SURGERY,"Gampaha Wickramarachchi University of Indigenous Medicine, Sri Lanka",BATTICALOA,1.0988,value,6,14,1.0988
COP2526-149,,AYURVEDA MEDICINE & SURGERY,"Gampaha Wickramarachchi University of Indigenous Medicine, Sri Lanka",AMPARA,1.0337,value,6,14,1.0337
COP2526-149,,AYURVEDA MEDICINE & SURGERY,"Gampaha Wickramarachchi University of Indigenous Medicine, Sri Lanka",PUTTALAM,0.9170,value,6,14,0.9170
COP2526-149,,AYURVEDA MEDICINE & SURGERY,"Gampaha Wickramarachchi University of Indigenous Medicine, Sri Lanka",KURUNEGALA,1.1188,value,6,14,1.1188
COP2526-149,,AYURVEDA MEDICINE & SURGERY,"Gampaha Wickramarachchi University of Indigenous Medicine, Sri Lanka",ANURADHAPURA,1.1655,value,6,14,1.1655
COP2526-149,,AYURVEDA MEDICINE & SURGERY,"Gampaha Wickramarachchi University of Indigenous Medicine, Sri Lanka",POLONNARUWA,0.8137,value,6,14,0.8137
COP2526-149,,AYURVEDA MEDICINE & SURGERY,"Gampaha Wickramarachchi University of Indigenous Medicine, Sri Lanka",BADULLA,1.0867,value,6,14,1.0867
COP2526-149,,AYURVEDA MEDICINE & SURGERY,"Gampaha Wickramarachchi University of Indigenous Medicine, Sri Lanka",MONARAGALA,1.1577,value,6,14,1.1577
COP2526-149,,AYURVEDA MEDICINE & SURGERY,"Gampaha Wickramarachchi University of Indigenous Medicine, Sri Lanka",KEGALLE,1.1511,value,6,14,1.1511
COP2526-149,,AYURVEDA MEDICINE & SURGERY,"Gampaha Wickramarachchi University of Indigenous Medicine, Sri Lanka",RATNAPURA,1.1165,value,6,14,1.1165
COP2526-150,,UNANI MEDICINE & SURGERY,University of Colombo,COLOMBO,1.0176,value,6,15,1.0176
COP2526-150,,UNANI MEDICINE & SURGERY,University of Colombo,GAMPAHA,0.8677,value,6,15,0.8677
COP2526-150,,UNANI MEDICINE & SURGERY,University of Colombo,KALUTARA,1.0111,value,6,15,1.0111
COP2526-150,,UNANI MEDICINE & SURGERY,University of Colombo,MATALE,1.0748,value,6,15,1.0748
COP2526-150,,UNANI MEDICINE & SURGERY,University of Colombo,KANDY,1.1347,value,6,15,1.1347
COP2526-150,,UNANI MEDICINE & SURGERY,University of Colombo,NUWARA ELIYA,0.9295,value,6,15,0.9295
COP2526-150,,UNANI MEDICINE & SURGERY,University of Colombo,GALLE,1.0750,value,6,15,1.0750
COP2526-150,,UNANI MEDICINE & SURGERY,University of Colombo,MATARA,0.9898,value,6,15,0.9898
COP2526-150,,UNANI MEDICINE & SURGERY,University of Colombo,HAMBANTOTA,1.0078,value,6,15,1.0078
COP2526-150,,UNANI MEDICINE & SURGERY,University of Colombo,JAFFNA,0.9231,value,6,15,0.9231
COP2526-150,,UNANI MEDICINE & SURGERY,University of Colombo,KILINOCHCHI,0.8136,value,6,15,0.8136
COP2526-150,,UNANI MEDICINE & SURGERY,University of Colombo,MANNAR,0.8867,value,6,15,0.8867
COP2526-150,,UNANI MEDICINE & SURGERY,University of Colombo,MULLAITIVU,0.6329,value,6,15,0.6329
COP2526-150,,UNANI MEDICINE & SURGERY,University of Colombo,VAVUNIYA,0.9167,value,6,15,0.9167
COP2526-150,,UNANI MEDICINE & SURGERY,University of Colombo,TRINCOMALEE,1.1350,value,6,15,1.1350
COP2526-150,,UNANI MEDICINE & SURGERY,University of Colombo,BATTICALOA,1.0954,value,6,15,1.0954
COP2526-150,,UNANI MEDICINE & SURGERY,University of Colombo,AMPARA,1.1753,value,6,15,1.1753
COP2526-150,,UNANI MEDICINE & SURGERY,University of Colombo,PUTTALAM,1.1005,value,6,15,1.1005
COP2526-150,,UNANI MEDICINE & SURGERY,University of Colombo,KURUNEGALA,1.0594,value,6,15,1.0594
COP2526-150,,UNANI MEDICINE & SURGERY,University of Colombo,ANURADHAPURA,0.7766,value,6,15,0.7766
COP2526-150,,UNANI MEDICINE & SURGERY,University of Colombo,POLONNARUWA,0.8584,value,6,15,0.8584
COP2526-150,,UNANI MEDICINE & SURGERY,University of Colombo,BADULLA,0.9148,value,6,15,0.9148
COP2526-150,,UNANI MEDICINE & SURGERY,University of Colombo,MONARAGALA,1.0717,value,6,15,1.0717
COP2526-150,,UNANI MEDICINE & SURGERY,University of Colombo,KEGALLE,1.0841,value,6,15,1.0841
COP2526-150,,UNANI MEDICINE & SURGERY,University of Colombo,RATNAPURA,1.0326,value,6,15,1.0326
COP2526-151,,SIDDHA MEDICINE & SURGERY,University of Jaffna,COLOMBO,0.6888,value,6,16,0.6888
COP2526-151,,SIDDHA MEDICINE & SURGERY,University of Jaffna,GAMPAHA,0.0450,value,6,16,0.0450
COP2526-151,,SIDDHA MEDICINE & SURGERY,University of Jaffna,KALUTARA,0.8155,value,6,16,0.8155
COP2526-151,,SIDDHA MEDICINE & SURGERY,University of Jaffna,MATALE,0.9575,value,6,16,0.9575
COP2526-151,,SIDDHA MEDICINE & SURGERY,University of Jaffna,KANDY,0.8519,value,6,16,0.8519
COP2526-151,,SIDDHA MEDICINE & SURGERY,University of Jaffna,NUWARA ELIYA,0.5878,value,6,16,0.5878
COP2526-151,,SIDDHA MEDICINE & SURGERY,University of Jaffna,GALLE,,NQC,6,16,NQC
COP2526-151,,SIDDHA MEDICINE & SURGERY,University of Jaffna,MATARA,,NQC,6,16,NQC
COP2526-151,,SIDDHA MEDICINE & SURGERY,University of Jaffna,HAMBANTOTA,,NQC,6,16,NQC
COP2526-151,,SIDDHA MEDICINE & SURGERY,University of Jaffna,JAFFNA,0.8567,value,6,16,0.8567
COP2526-151,,SIDDHA MEDICINE & SURGERY,University of Jaffna,KILINOCHCHI,0.5789,value,6,16,0.5789
COP2526-151,,SIDDHA MEDICINE & SURGERY,University of Jaffna,MANNAR,0.7388,value,6,16,0.7388
COP2526-151,,SIDDHA MEDICINE & SURGERY,University of Jaffna,MULLAITIVU,0.6667,value,6,16,0.6667
COP2526-151,,SIDDHA MEDICINE & SURGERY,University of Jaffna,VAVUNIYA,0.7417,value,6,16,0.7417
COP2526-151,,SIDDHA MEDICINE & SURGERY,University of Jaffna,TRINCOMALEE,0.8002,value,6,16,0.8002
COP2526-151,,SIDDHA MEDICINE & SURGERY,University of Jaffna,BATTICALOA,0.8394,value,6,16,0.8394
COP2526-151,,SIDDHA MEDICINE & SURGERY,University of Jaffna,AMPARA,0.8534,value,6,16,0.8534
COP2526-151,,SIDDHA MEDICINE & SURGERY,University of Jaffna,PUTTALAM,0.5182,value,6,16,0.5182
COP2526-151,,SIDDHA MEDICINE & SURGERY,University of Jaffna,KURUNEGALA,0.8194,value,6,16,0.8194
COP2526-151,,SIDDHA MEDICINE & SURGERY,University of Jaffna,ANURADHAPURA,0.5310,value,6,16,0.5310
COP2526-151,,SIDDHA MEDICINE & SURGERY,University of Jaffna,POLONNARUWA,0.5578,value,6,16,0.5578
COP2526-151,,SIDDHA MEDICINE & SURGERY,University of Jaffna,BADULLA,0.7910,value,6,16,0.7910
COP2526-151,,SIDDHA MEDICINE & SURGERY,University of Jaffna,MONARAGALA,0.7953,value,6,16,0.7953
COP2526-151,,SIDDHA MEDICINE & SURGERY,University of Jaffna,KEGALLE,0.8549,value,6,16,0.8549
COP2526-151,,SIDDHA MEDICINE & SURGERY,University of Jaffna,RATNAPURA,,NQC,6,16,NQC
COP2526-152,,SIDDHA MEDICINE & SURGERY,"Trincomalee Campus, Eastern University, Sri Lanka",COLOMBO,0.7173,value,6,17,0.7173
COP2526-152,,SIDDHA MEDICINE & SURGERY,"Trincomalee Campus, Eastern University, Sri Lanka",GAMPAHA,0.7285,value,6,17,0.7285
COP2526-152,,SIDDHA MEDICINE & SURGERY,"Trincomalee Campus, Eastern University, Sri Lanka",KALUTARA,0.8097,value,6,17,0.8097
COP2526-152,,SIDDHA MEDICINE & SURGERY,"Trincomalee Campus, Eastern University, Sri Lanka",MATALE,0.8552,value,6,17,0.8552
COP2526-152,,SIDDHA MEDICINE & SURGERY,"Trincomalee Campus, Eastern University, Sri Lanka",KANDY,0.7974,value,6,17,0.7974
COP2526-152,,SIDDHA MEDICINE & SURGERY,"Trincomalee Campus, Eastern University, Sri Lanka",NUWARA ELIYA,,NQC,6,17,NQC
COP2526-152,,SIDDHA MEDICINE & SURGERY,"Trincomalee Campus, Eastern University, Sri Lanka",GALLE,0.7760,value,6,17,0.7760
COP2526-152,,SIDDHA MEDICINE & SURGERY,"Trincomalee Campus, Eastern University, Sri Lanka",MATARA,0.7744,value,6,17,0.7744
COP2526-152,,SIDDHA MEDICINE & SURGERY,"Trincomalee Campus, Eastern University, Sri Lanka",HAMBANTOTA,0.8320,value,6,17,0.8320
COP2526-152,,SIDDHA MEDICINE & SURGERY,"Trincomalee Campus, Eastern University, Sri Lanka",JAFFNA,0.8935,value,6,17,0.8935
COP2526-152,,SIDDHA MEDICINE & SURGERY,"Trincomalee Campus, Eastern University, Sri Lanka",KILINOCHCHI,1.1140,value,6,17,1.1140
COP2526-152,,SIDDHA MEDICINE & SURGERY,"Trincomalee Campus, Eastern University, Sri Lanka",MANNAR,,NQC,6,17,NQC
COP2526-152,,SIDDHA MEDICINE & SURGERY,"Trincomalee Campus, Eastern University, Sri Lanka",MULLAITIVU,,NQC,6,17,NQC
COP2526-152,,SIDDHA MEDICINE & SURGERY,"Trincomalee Campus, Eastern University, Sri Lanka",VAVUNIYA,0.9518,value,6,17,0.9518
COP2526-152,,SIDDHA MEDICINE & SURGERY,"Trincomalee Campus, Eastern University, Sri Lanka",TRINCOMALEE,0.9010,value,6,17,0.9010
COP2526-152,,SIDDHA MEDICINE & SURGERY,"Trincomalee Campus, Eastern University, Sri Lanka",BATTICALOA,1.0943,value,6,17,1.0943
COP2526-152,,SIDDHA MEDICINE & SURGERY,"Trincomalee Campus, Eastern University, Sri Lanka",AMPARA,0.8696,value,6,17,0.8696
COP2526-152,,SIDDHA MEDICINE & SURGERY,"Trincomalee Campus, Eastern University, Sri Lanka",PUTTALAM,0.7609,value,6,17,0.7609
COP2526-152,,SIDDHA MEDICINE & SURGERY,"Trincomalee Campus, Eastern University, Sri Lanka",KURUNEGALA,0.8099,value,6,17,0.8099
COP2526-152,,SIDDHA MEDICINE & SURGERY,"Trincomalee Campus, Eastern University, Sri Lanka",ANURADHAPURA,0.7136,value,6,17,0.7136
COP2526-152,,SIDDHA MEDICINE & SURGERY,"Trincomalee Campus, Eastern University, Sri Lanka",POLONNARUWA,,NQC,6,17,NQC
COP2526-152,,SIDDHA MEDICINE & SURGERY,"Trincomalee Campus, Eastern University, Sri Lanka",BADULLA,0.7851,value,6,17,0.7851
COP2526-152,,SIDDHA MEDICINE & SURGERY,"Trincomalee Campus, Eastern University, Sri Lanka",MONARAGALA,0.7700,value,6,17,0.7700
COP2526-152,,SIDDHA MEDICINE & SURGERY,"Trincomalee Campus, Eastern University, Sri Lanka",KEGALLE,0.8519,value,6,17,0.8519
COP2526-152,,SIDDHA MEDICINE & SURGERY,"Trincomalee Campus, Eastern University, Sri Lanka",RATNAPURA,0.7943,value,6,17,0.7943
COP2526-153,,HEALTH PROMOTION,Rajarata University of Sri Lanka,COLOMBO,0.8543,value,6,18,0.8543
COP2526-153,,HEALTH PROMOTION,Rajarata University of Sri Lanka,GAMPAHA,0.8513,value,6,18,0.8513
COP2526-153,,HEALTH PROMOTION,Rajarata University of Sri Lanka,KALUTARA,0.9300,value,6,18,0.9300
COP2526-153,,HEALTH PROMOTION,Rajarata University of Sri Lanka,MATALE,0.8917,value,6,18,0.8917
COP2526-153,,HEALTH PROMOTION,Rajarata University of Sri Lanka,KANDY,0.9057,value,6,18,0.9057
COP2526-153,,HEALTH PROMOTION,Rajarata University of Sri Lanka,NUWARA ELIYA,0.7910,value,6,18,0.7910
COP2526-153,,HEALTH PROMOTION,Rajarata University of Sri Lanka,GALLE,0.9709,value,6,18,0.9709
COP2526-153,,HEALTH PROMOTION,Rajarata University of Sri Lanka,MATARA,0.9557,value,6,18,0.9557
COP2526-153,,HEALTH PROMOTION,Rajarata University of Sri Lanka,HAMBANTOTA,0.9783,value,6,18,0.9783
COP2526-153,,HEALTH PROMOTION,Rajarata University of Sri Lanka,JAFFNA,1.0101,value,6,18,1.0101
COP2526-153,,HEALTH PROMOTION,Rajarata University of Sri Lanka,KILINOCHCHI,0.8521,value,6,18,0.8521
COP2526-153,,HEALTH PROMOTION,Rajarata University of Sri Lanka,MANNAR,0.8780,value,6,18,0.8780
COP2526-153,,HEALTH PROMOTION,Rajarata University of Sri Lanka,MULLAITIVU,0.6682,value,6,18,0.6682
COP2526-153,,HEALTH PROMOTION,Rajarata University of Sri Lanka,VAVUNIYA,0.4817,value,6,18,0.4817
COP2526-153,,HEALTH PROMOTION,Rajarata University of Sri Lanka,TRINCOMALEE,1.0251,value,6,18,1.0251
COP2526-153,,HEALTH PROMOTION,Rajarata University of Sri Lanka,BATTICALOA,1.0148,value,6,18,1.0148
COP2526-153,,HEALTH PROMOTION,Rajarata University of Sri Lanka,AMPARA,0.9882,value,6,18,0.9882
COP2526-153,,HEALTH PROMOTION,Rajarata University of Sri Lanka,PUTTALAM,0.8472,value,6,18,0.8472
COP2526-153,,HEALTH PROMOTION,Rajarata University of Sri Lanka,KURUNEGALA,1.0240,value,6,18,1.0240
COP2526-153,,HEALTH PROMOTION,Rajarata University of Sri Lanka,ANURADHAPURA,0.6995,value,6,18,0.6995
COP2526-153,,HEALTH PROMOTION,Rajarata University of Sri Lanka,POLONNARUWA,0.9799,value,6,18,0.9799
COP2526-153,,HEALTH PROMOTION,Rajarata University of Sri Lanka,BADULLA,0.8704,value,6,18,0.8704
COP2526-153,,HEALTH PROMOTION,Rajarata University of Sri Lanka,MONARAGALA,0.8989,value,6,18,0.8989
COP2526-153,,HEALTH PROMOTION,Rajarata University of Sri Lanka,KEGALLE,0.9949,value,6,18,0.9949
COP2526-153,,HEALTH PROMOTION,Rajarata University of Sri Lanka,RATNAPURA,0.9361,value,6,18,0.9361
COP2526-154,,NURSING,University of Colombo,COLOMBO,1.3784,value,6,19,1.3784
COP2526-154,,NURSING,University of Colombo,GAMPAHA,1.3868,value,6,19,1.3868
COP2526-154,,NURSING,University of Colombo,KALUTARA,1.3827,value,6,19,1.3827
COP2526-154,,NURSING,University of Colombo,MATALE,1.4022,value,6,19,1.4022
COP2526-154,,NURSING,University of Colombo,KANDY,1.4903,value,6,19,1.4903
COP2526-154,,NURSING,University of Colombo,NUWARA ELIYA,,NQC,6,19,NQC
COP2526-154,,NURSING,University of Colombo,GALLE,1.3861,value,6,19,1.3861
COP2526-154,,NURSING,University of Colombo,MATARA,1.3889,value,6,19,1.3889
COP2526-154,,NURSING,University of Colombo,HAMBANTOTA,1.3962,value,6,19,1.3962
COP2526-154,,NURSING,University of Colombo,JAFFNA,1.4169,value,6,19,1.4169
COP2526-154,,NURSING,University of Colombo,KILINOCHCHI,1.4158,value,6,19,1.4158
COP2526-154,,NURSING,University of Colombo,MANNAR,,NQC,6,19,NQC
COP2526-154,,NURSING,University of Colombo,MULLAITIVU,1.5488,value,6,19,1.5488
COP2526-154,,NURSING,University of Colombo,VAVUNIYA,,NQC,6,19,NQC
COP2526-154,,NURSING,University of Colombo,TRINCOMALEE,1.3880,value,6,19,1.3880
COP2526-154,,NURSING,University of Colombo,BATTICALOA,1.3863,value,6,19,1.3863
COP2526-154,,NURSING,University of Colombo,AMPARA,1.3866,value,6,19,1.3866
COP2526-154,,NURSING,University of Colombo,PUTTALAM,1.3919,value,6,19,1.3919
COP2526-154,,NURSING,University of Colombo,KURUNEGALA,1.4203,value,6,19,1.4203
COP2526-154,,NURSING,University of Colombo,ANURADHAPURA,1.3820,value,6,19,1.3820
COP2526-154,,NURSING,University of Colombo,POLONNARUWA,,NQC,6,19,NQC
COP2526-154,,NURSING,University of Colombo,BADULLA,1.3803,value,6,19,1.3803
COP2526-154,,NURSING,University of Colombo,MONARAGALA,1.4089,value,6,19,1.4089
COP2526-154,,NURSING,University of Colombo,KEGALLE,1.4245,value,6,19,1.4245
COP2526-154,,NURSING,University of Colombo,RATNAPURA,1.3859,value,6,19,1.3859
COP2526-155,,NURSING,University of Peradeniya,COLOMBO,,NQC,6,20,NQC
COP2526-155,,NURSING,University of Peradeniya,GAMPAHA,1.3304,value,6,20,1.3304
COP2526-155,,NURSING,University of Peradeniya,KALUTARA,1.3332,value,6,20,1.3332
COP2526-155,,NURSING,University of Peradeniya,MATALE,1.3545,value,6,20,1.3545
COP2526-155,,NURSING,University of Peradeniya,KANDY,1.3321,value,6,20,1.3321
COP2526-155,,NURSING,University of Peradeniya,NUWARA ELIYA,1.3334,value,6,20,1.3334
COP2526-155,,NURSING,University of Peradeniya,GALLE,1.3671,value,6,20,1.3671
COP2526-155,,NURSING,University of Peradeniya,MATARA,1.3342,value,6,20,1.3342
COP2526-155,,NURSING,University of Peradeniya,HAMBANTOTA,1.3282,value,6,20,1.3282
COP2526-155,,NURSING,University of Peradeniya,JAFFNA,1.3717,value,6,20,1.3717
COP2526-155,,NURSING,University of Peradeniya,KILINOCHCHI,,NQC,6,20,NQC
COP2526-155,,NURSING,University of Peradeniya,MANNAR,,NQC,6,20,NQC
COP2526-155,,NURSING,University of Peradeniya,MULLAITIVU,,NQC,6,20,NQC
COP2526-155,,NURSING,University of Peradeniya,VAVUNIYA,,NQC,6,20,NQC
COP2526-155,,NURSING,University of Peradeniya,TRINCOMALEE,1.3463,value,6,20,1.3463
COP2526-155,,NURSING,University of Peradeniya,BATTICALOA,1.3351,value,6,20,1.3351
COP2526-155,,NURSING,University of Peradeniya,AMPARA,1.3404,value,6,20,1.3404
COP2526-155,,NURSING,University of Peradeniya,PUTTALAM,1.3717,value,6,20,1.3717
COP2526-155,,NURSING,University of Peradeniya,KURUNEGALA,1.3479,value,6,20,1.3479
COP2526-155,,NURSING,University of Peradeniya,ANURADHAPURA,1.5819,value,6,20,1.5819
COP2526-155,,NURSING,University of Peradeniya,POLONNARUWA,,NQC,6,20,NQC
COP2526-155,,NURSING,University of Peradeniya,BADULLA,1.3296,value,6,20,1.3296
COP2526-155,,NURSING,University of Peradeniya,MONARAGALA,1.3594,value,6,20,1.3594
COP2526-155,,NURSING,University of Peradeniya,KEGALLE,1.3427,value,6,20,1.3427
COP2526-155,,NURSING,University of Peradeniya,RATNAPURA,1.3433,value,6,20,1.3433
COP2526-156,,NURSING,University of Sri Jayewardenepura,COLOMBO,1.3191,value,6,21,1.3191
COP2526-156,,NURSING,University of Sri Jayewardenepura,GAMPAHA,1.3173,value,6,21,1.3173
COP2526-156,,NURSING,University of Sri Jayewardenepura,KALUTARA,1.3291,value,6,21,1.3291
COP2526-156,,NURSING,University of Sri Jayewardenepura,MATALE,,NQC,6,21,NQC
COP2526-156,,NURSING,University of Sri Jayewardenepura,KANDY,,NQC,6,21,NQC
COP2526-156,,NURSING,University of Sri Jayewardenepura,NUWARA ELIYA,,NQC,6,21,NQC
COP2526-156,,NURSING,University of Sri Jayewardenepura,GALLE,1.3186,value,6,21,1.3186
COP2526-156,,NURSING,University of Sri Jayewardenepura,MATARA,1.3159,value,6,21,1.3159
COP2526-156,,NURSING,University of Sri Jayewardenepura,HAMBANTOTA,1.3255,value,6,21,1.3255
COP2526-156,,NURSING,University of Sri Jayewardenepura,JAFFNA,1.3172,value,6,21,1.3172
COP2526-156,,NURSING,University of Sri Jayewardenepura,KILINOCHCHI,,NQC,6,21,NQC
COP2526-156,,NURSING,University of Sri Jayewardenepura,MANNAR,,NQC,6,21,NQC
COP2526-156,,NURSING,University of Sri Jayewardenepura,MULLAITIVU,,NQC,6,21,NQC
COP2526-156,,NURSING,University of Sri Jayewardenepura,VAVUNIYA,,NQC,6,21,NQC
COP2526-156,,NURSING,University of Sri Jayewardenepura,TRINCOMALEE,1.3154,value,6,21,1.3154
COP2526-156,,NURSING,University of Sri Jayewardenepura,BATTICALOA,1.3193,value,6,21,1.3193
COP2526-156,,NURSING,University of Sri Jayewardenepura,AMPARA,1.3171,value,6,21,1.3171
COP2526-156,,NURSING,University of Sri Jayewardenepura,PUTTALAM,1.3169,value,6,21,1.3169
COP2526-156,,NURSING,University of Sri Jayewardenepura,KURUNEGALA,1.3160,value,6,21,1.3160
COP2526-156,,NURSING,University of Sri Jayewardenepura,ANURADHAPURA,,NQC,6,21,NQC
COP2526-156,,NURSING,University of Sri Jayewardenepura,POLONNARUWA,,NQC,6,21,NQC
COP2526-156,,NURSING,University of Sri Jayewardenepura,BADULLA,,NQC,6,21,NQC
COP2526-156,,NURSING,University of Sri Jayewardenepura,MONARAGALA,1.3152,value,6,21,1.3152
COP2526-156,,NURSING,University of Sri Jayewardenepura,KEGALLE,1.3210,value,6,21,1.3210
COP2526-156,,NURSING,University of Sri Jayewardenepura,RATNAPURA,1.3205,value,6,21,1.3205
COP2526-157,,NURSING,University of Jaffna,COLOMBO,1.0427,value,6,22,1.0427
COP2526-157,,NURSING,University of Jaffna,GAMPAHA,1.0478,value,6,22,1.0478
COP2526-157,,NURSING,University of Jaffna,KALUTARA,1.1863,value,6,22,1.1863
COP2526-157,,NURSING,University of Jaffna,MATALE,1.1276,value,6,22,1.1276
COP2526-157,,NURSING,University of Jaffna,KANDY,1.0828,value,6,22,1.0828
COP2526-157,,NURSING,University of Jaffna,NUWARA ELIYA,1.0488,value,6,22,1.0488
COP2526-157,,NURSING,University of Jaffna,GALLE,1.2429,value,6,22,1.2429
COP2526-157,,NURSING,University of Jaffna,MATARA,,NQC,6,22,NQC
COP2526-157,,NURSING,University of Jaffna,HAMBANTOTA,,NQC,6,22,NQC
COP2526-157,,NURSING,University of Jaffna,JAFFNA,1.2605,value,6,22,1.2605
COP2526-157,,NURSING,University of Jaffna,KILINOCHCHI,1.0375,value,6,22,1.0375
COP2526-157,,NURSING,University of Jaffna,MANNAR,1.2575,value,6,22,1.2575
COP2526-157,,NURSING,University of Jaffna,MULLAITIVU,1.2040,value,6,22,1.2040
COP2526-157,,NURSING,University of Jaffna,VAVUNIYA,1.0936,value,6,22,1.0936
COP2526-157,,NURSING,University of Jaffna,TRINCOMALEE,1.2223,value,6,22,1.2223
COP2526-157,,NURSING,University of Jaffna,BATTICALOA,1.2494,value,6,22,1.2494
COP2526-157,,NURSING,University of Jaffna,AMPARA,1.2437,value,6,22,1.2437
COP2526-157,,NURSING,University of Jaffna,PUTTALAM,1.1086,value,6,22,1.1086
COP2526-157,,NURSING,University of Jaffna,KURUNEGALA,1.1476,value,6,22,1.1476
COP2526-157,,NURSING,University of Jaffna,ANURADHAPURA,1.1371,value,6,22,1.1371
COP2526-157,,NURSING,University of Jaffna,POLONNARUWA,1.0844,value,6,22,1.0844
COP2526-157,,NURSING,University of Jaffna,BADULLA,1.0390,value,6,22,1.0390
COP2526-157,,NURSING,University of Jaffna,MONARAGALA,1.2074,value,6,22,1.2074
COP2526-157,,NURSING,University of Jaffna,KEGALLE,1.1093,value,6,22,1.1093
COP2526-157,,NURSING,University of Jaffna,RATNAPURA,1.2809,value,6,22,1.2809
COP2526-158,,NURSING,University of Ruhuna,COLOMBO,1.1110,value,6,23,1.1110
COP2526-158,,NURSING,University of Ruhuna,GAMPAHA,1.1078,value,6,23,1.1078
COP2526-158,,NURSING,University of Ruhuna,KALUTARA,1.1386,value,6,23,1.1386
COP2526-158,,NURSING,University of Ruhuna,MATALE,1.1132,value,6,23,1.1132
COP2526-158,,NURSING,University of Ruhuna,KANDY,1.1342,value,6,23,1.1342
COP2526-158,,NURSING,University of Ruhuna,NUWARA ELIYA,1.1688,value,6,23,1.1688
COP2526-158,,NURSING,University of Ruhuna,GALLE,1.2141,value,6,23,1.2141
COP2526-158,,NURSING,University of Ruhuna,MATARA,1.2005,value,6,23,1.2005
COP2526-158,,NURSING,University of Ruhuna,HAMBANTOTA,1.1960,value,6,23,1.1960
COP2526-158,,NURSING,University of Ruhuna,JAFFNA,,NQC,6,23,NQC
COP2526-158,,NURSING,University of Ruhuna,KILINOCHCHI,,NQC,6,23,NQC
COP2526-158,,NURSING,University of Ruhuna,MANNAR,,NQC,6,23,NQC
COP2526-158,,NURSING,University of Ruhuna,MULLAITIVU,1.1917,value,6,23,1.1917
COP2526-158,,NURSING,University of Ruhuna,VAVUNIYA,,NQC,6,23,NQC
COP2526-158,,NURSING,University of Ruhuna,TRINCOMALEE,1.2770,value,6,23,1.2770
COP2526-158,,NURSING,University of Ruhuna,BATTICALOA,1.2794,value,6,23,1.2794
COP2526-158,,NURSING,University of Ruhuna,AMPARA,1.1549,value,6,23,1.1549
COP2526-158,,NURSING,University of Ruhuna,PUTTALAM,1.1072,value,6,23,1.1072
COP2526-158,,NURSING,University of Ruhuna,KURUNEGALA,1.1136,value,6,23,1.1136
COP2526-158,,NURSING,University of Ruhuna,ANURADHAPURA,1.1082,value,6,23,1.1082
COP2526-158,,NURSING,University of Ruhuna,POLONNARUWA,1.1070,value,6,23,1.1070
COP2526-158,,NURSING,University of Ruhuna,BADULLA,1.1196,value,6,23,1.1196
COP2526-158,,NURSING,University of Ruhuna,MONARAGALA,1.2061,value,6,23,1.2061
COP2526-158,,NURSING,University of Ruhuna,KEGALLE,1.1212,value,6,23,1.1212
COP2526-158,,NURSING,University of Ruhuna,RATNAPURA,1.1493,value,6,23,1.1493
COP2526-159,,NURSING,"Eastern University, Sri Lanka",COLOMBO,1.0011,value,6,24,1.0011
COP2526-159,,NURSING,"Eastern University, Sri Lanka",GAMPAHA,0.9035,value,6,24,0.9035
COP2526-159,,NURSING,"Eastern University, Sri Lanka",KALUTARA,,NQC,6,24,NQC
COP2526-159,,NURSING,"Eastern University, Sri Lanka",MATALE,,NQC,6,24,NQC
COP2526-159,,NURSING,"Eastern University, Sri Lanka",KANDY,1.0837,value,6,24,1.0837
COP2526-159,,NURSING,"Eastern University, Sri Lanka",NUWARA ELIYA,1.0336,value,6,24,1.0336
COP2526-159,,NURSING,"Eastern University, Sri Lanka",GALLE,1.2443,value,6,24,1.2443
COP2526-159,,NURSING,"Eastern University, Sri Lanka",MATARA,1.2044,value,6,24,1.2044
COP2526-159,,NURSING,"Eastern University, Sri Lanka",HAMBANTOTA,,NQC,6,24,NQC
COP2526-159,,NURSING,"Eastern University, Sri Lanka",JAFFNA,,NQC,6,24,NQC
COP2526-159,,NURSING,"Eastern University, Sri Lanka",KILINOCHCHI,,NQC,6,24,NQC
COP2526-159,,NURSING,"Eastern University, Sri Lanka",MANNAR,1.2764,value,6,24,1.2764
COP2526-159,,NURSING,"Eastern University, Sri Lanka",MULLAITIVU,,NQC,6,24,NQC
COP2526-159,,NURSING,"Eastern University, Sri Lanka",VAVUNIYA,,NQC,6,24,NQC
COP2526-159,,NURSING,"Eastern University, Sri Lanka",TRINCOMALEE,1.2335,value,6,24,1.2335
COP2526-159,,NURSING,"Eastern University, Sri Lanka",BATTICALOA,1.2468,value,6,24,1.2468
COP2526-159,,NURSING,"Eastern University, Sri Lanka",AMPARA,1.1625,value,6,24,1.1625
COP2526-159,,NURSING,"Eastern University, Sri Lanka",PUTTALAM,,NQC,6,24,NQC
COP2526-159,,NURSING,"Eastern University, Sri Lanka",KURUNEGALA,1.2036,value,6,24,1.2036
COP2526-159,,NURSING,"Eastern University, Sri Lanka",ANURADHAPURA,1.0960,value,6,24,1.0960
COP2526-159,,NURSING,"Eastern University, Sri Lanka",POLONNARUWA,0.9792,value,6,24,0.9792
COP2526-159,,NURSING,"Eastern University, Sri Lanka",BADULLA,1.0104,value,6,24,1.0104
COP2526-159,,NURSING,"Eastern University, Sri Lanka",MONARAGALA,1.2204,value,6,24,1.2204
COP2526-159,,NURSING,"Eastern University, Sri Lanka",KEGALLE,,NQC,6,24,NQC
COP2526-159,,NURSING,"Eastern University, Sri Lanka",RATNAPURA,,NQC,6,24,NQC
COP2526-160,,PHARMACY,University of Peradeniya,COLOMBO,1.6944,value,6,25,1.6944
COP2526-160,,PHARMACY,University of Peradeniya,GAMPAHA,1.6629,value,6,25,1.6629
COP2526-160,,PHARMACY,University of Peradeniya,KALUTARA,1.6632,value,6,25,1.6632
COP2526-160,,PHARMACY,University of Peradeniya,MATALE,1.6688,value,6,25,1.6688
COP2526-160,,PHARMACY,University of Peradeniya,KANDY,1.6606,value,6,25,1.6606
COP2526-160,,PHARMACY,University of Peradeniya,NUWARA ELIYA,,NQC,6,25,NQC
COP2526-160,,PHARMACY,University of Peradeniya,GALLE,1.6616,value,6,25,1.6616
COP2526-160,,PHARMACY,University of Peradeniya,MATARA,1.6655,value,6,25,1.6655
COP2526-160,,PHARMACY,University of Peradeniya,HAMBANTOTA,1.6573,value,6,25,1.6573
COP2526-160,,PHARMACY,University of Peradeniya,JAFFNA,1.6625,value,6,25,1.6625
COP2526-160,,PHARMACY,University of Peradeniya,KILINOCHCHI,,NQC,6,25,NQC
COP2526-160,,PHARMACY,University of Peradeniya,MANNAR,,NQC,6,25,NQC
COP2526-160,,PHARMACY,University of Peradeniya,MULLAITIVU,,NQC,6,25,NQC
COP2526-160,,PHARMACY,University of Peradeniya,VAVUNIYA,,NQC,6,25,NQC
COP2526-160,,PHARMACY,University of Peradeniya,TRINCOMALEE,,NQC,6,25,NQC
COP2526-160,,PHARMACY,University of Peradeniya,BATTICALOA,1.6629,value,6,25,1.6629
COP2526-160,,PHARMACY,University of Peradeniya,AMPARA,1.6980,value,6,25,1.6980
COP2526-160,,PHARMACY,University of Peradeniya,PUTTALAM,,NQC,6,25,NQC
COP2526-160,,PHARMACY,University of Peradeniya,KURUNEGALA,1.6580,value,6,25,1.6580
COP2526-160,,PHARMACY,University of Peradeniya,ANURADHAPURA,,NQC,6,25,NQC
COP2526-160,,PHARMACY,University of Peradeniya,POLONNARUWA,,NQC,6,25,NQC
COP2526-160,,PHARMACY,University of Peradeniya,BADULLA,1.6700,value,6,25,1.6700
COP2526-160,,PHARMACY,University of Peradeniya,MONARAGALA,,NQC,6,25,NQC
COP2526-160,,PHARMACY,University of Peradeniya,KEGALLE,1.6711,value,6,25,1.6711
COP2526-160,,PHARMACY,University of Peradeniya,RATNAPURA,1.6896,value,6,25,1.6896
COP2526-161,,PHARMACY,University of Sri Jayewardenepura,COLOMBO,1.6420,value,6,26,1.6420
COP2526-161,,PHARMACY,University of Sri Jayewardenepura,GAMPAHA,1.6694,value,6,26,1.6694
COP2526-161,,PHARMACY,University of Sri Jayewardenepura,KALUTARA,1.6419,value,6,26,1.6419
COP2526-161,,PHARMACY,University of Sri Jayewardenepura,MATALE,,NQC,6,26,NQC
COP2526-161,,PHARMACY,University of Sri Jayewardenepura,KANDY,,NQC,6,26,NQC
COP2526-161,,PHARMACY,University of Sri Jayewardenepura,NUWARA ELIYA,,NQC,6,26,NQC
COP2526-161,,PHARMACY,University of Sri Jayewardenepura,GALLE,1.6549,value,6,26,1.6549
COP2526-161,,PHARMACY,University of Sri Jayewardenepura,MATARA,1.6438,value,6,26,1.6438
COP2526-161,,PHARMACY,University of Sri Jayewardenepura,HAMBANTOTA,1.6462,value,6,26,1.6462
COP2526-161,,PHARMACY,University of Sri Jayewardenepura,JAFFNA,1.6558,value,6,26,1.6558
COP2526-161,,PHARMACY,University of Sri Jayewardenepura,KILINOCHCHI,,NQC,6,26,NQC
COP2526-161,,PHARMACY,University of Sri Jayewardenepura,MANNAR,,NQC,6,26,NQC
COP2526-161,,PHARMACY,University of Sri Jayewardenepura,MULLAITIVU,,NQC,6,26,NQC
COP2526-161,,PHARMACY,University of Sri Jayewardenepura,VAVUNIYA,,NQC,6,26,NQC
COP2526-161,,PHARMACY,University of Sri Jayewardenepura,TRINCOMALEE,,NQC,6,26,NQC
COP2526-161,,PHARMACY,University of Sri Jayewardenepura,BATTICALOA,1.6425,value,6,26,1.6425
COP2526-161,,PHARMACY,University of Sri Jayewardenepura,AMPARA,1.6546,value,6,26,1.6546
COP2526-161,,PHARMACY,University of Sri Jayewardenepura,PUTTALAM,,NQC,6,26,NQC
COP2526-161,,PHARMACY,University of Sri Jayewardenepura,KURUNEGALA,,NQC,6,26,NQC
COP2526-161,,PHARMACY,University of Sri Jayewardenepura,ANURADHAPURA,,NQC,6,26,NQC
COP2526-161,,PHARMACY,University of Sri Jayewardenepura,POLONNARUWA,,NQC,6,26,NQC
COP2526-161,,PHARMACY,University of Sri Jayewardenepura,BADULLA,,NQC,6,26,NQC
COP2526-161,,PHARMACY,University of Sri Jayewardenepura,MONARAGALA,,NQC,6,26,NQC
COP2526-161,,PHARMACY,University of Sri Jayewardenepura,KEGALLE,1.6487,value,6,26,1.6487
COP2526-161,,PHARMACY,University of Sri Jayewardenepura,RATNAPURA,1.6534,value,6,26,1.6534
COP2526-162,,PHARMACY,University of Jaffna,COLOMBO,1.2838,value,6,27,1.2838
COP2526-162,,PHARMACY,University of Jaffna,GAMPAHA,1.2586,value,6,27,1.2586
COP2526-162,,PHARMACY,University of Jaffna,KALUTARA,1.5960,value,6,27,1.5960
COP2526-162,,PHARMACY,University of Jaffna,MATALE,1.3673,value,6,27,1.3673
COP2526-162,,PHARMACY,University of Jaffna,KANDY,1.4115,value,6,27,1.4115
COP2526-162,,PHARMACY,University of Jaffna,NUWARA ELIYA,1.2235,value,6,27,1.2235
COP2526-162,,PHARMACY,University of Jaffna,GALLE,,NQC,6,27,NQC
COP2526-162,,PHARMACY,University of Jaffna,MATARA,,NQC,6,27,NQC
COP2526-162,,PHARMACY,University of Jaffna,HAMBANTOTA,,NQC,6,27,NQC
COP2526-162,,PHARMACY,University of Jaffna,JAFFNA,1.6102,value,6,27,1.6102
COP2526-162,,PHARMACY,University of Jaffna,KILINOCHCHI,1.5171,value,6,27,1.5171
COP2526-162,,PHARMACY,University of Jaffna,MANNAR,1.3024,value,6,27,1.3024
COP2526-162,,PHARMACY,University of Jaffna,MULLAITIVU,1.3009,value,6,27,1.3009
COP2526-162,,PHARMACY,University of Jaffna,VAVUNIYA,1.4950,value,6,27,1.4950
COP2526-162,,PHARMACY,University of Jaffna,TRINCOMALEE,1.6079,value,6,27,1.6079
COP2526-162,,PHARMACY,University of Jaffna,BATTICALOA,1.6252,value,6,27,1.6252
COP2526-162,,PHARMACY,University of Jaffna,AMPARA,1.5909,value,6,27,1.5909
COP2526-162,,PHARMACY,University of Jaffna,PUTTALAM,1.4713,value,6,27,1.4713
COP2526-162,,PHARMACY,University of Jaffna,KURUNEGALA,1.5668,value,6,27,1.5668
COP2526-162,,PHARMACY,University of Jaffna,ANURADHAPURA,1.4702,value,6,27,1.4702
COP2526-162,,PHARMACY,University of Jaffna,POLONNARUWA,1.1884,value,6,27,1.1884
COP2526-162,,PHARMACY,University of Jaffna,BADULLA,1.4188,value,6,27,1.4188
COP2526-162,,PHARMACY,University of Jaffna,MONARAGALA,1.4412,value,6,27,1.4412
COP2526-162,,PHARMACY,University of Jaffna,KEGALLE,,NQC,6,27,NQC
COP2526-162,,PHARMACY,University of Jaffna,RATNAPURA,1.5922,value,6,27,1.5922
COP2526-163,,PHARMACY,University of Ruhuna,COLOMBO,1.5754,value,7,1,1.5754
COP2526-163,,PHARMACY,University of Ruhuna,GAMPAHA,1.5571,value,7,1,1.5571
COP2526-163,,PHARMACY,University of Ruhuna,KALUTARA,1.5849,value,7,1,1.5849
COP2526-163,,PHARMACY,University of Ruhuna,MATALE,1.5500,value,7,1,1.5500
COP2526-163,,PHARMACY,University of Ruhuna,KANDY,1.5666,value,7,1,1.5666
COP2526-163,,PHARMACY,University of Ruhuna,NUWARA ELIYA,,NQC,7,1,NQC
COP2526-163,,PHARMACY,University of Ruhuna,GALLE,1.5627,value,7,1,1.5627
COP2526-163,,PHARMACY,University of Ruhuna,MATARA,1.6072,value,7,1,1.6072
COP2526-163,,PHARMACY,University of Ruhuna,HAMBANTOTA,1.6348,value,7,1,1.6348
COP2526-163,,PHARMACY,University of Ruhuna,JAFFNA,1.6225,value,7,1,1.6225
COP2526-163,,PHARMACY,University of Ruhuna,KILINOCHCHI,,NQC,7,1,NQC
COP2526-163,,PHARMACY,University of Ruhuna,MANNAR,,NQC,7,1,NQC
COP2526-163,,PHARMACY,University of Ruhuna,MULLAITIVU,,NQC,7,1,NQC
COP2526-163,,PHARMACY,University of Ruhuna,VAVUNIYA,,NQC,7,1,NQC
COP2526-163,,PHARMACY,University of Ruhuna,TRINCOMALEE,1.5930,value,7,1,1.5930
COP2526-163,,PHARMACY,University of Ruhuna,BATTICALOA,1.6318,value,7,1,1.6318
COP2526-163,,PHARMACY,University of Ruhuna,AMPARA,1.5857,value,7,1,1.5857
COP2526-163,,PHARMACY,University of Ruhuna,PUTTALAM,1.5851,value,7,1,1.5851
COP2526-163,,PHARMACY,University of Ruhuna,KURUNEGALA,1.5702,value,7,1,1.5702
COP2526-163,,PHARMACY,University of Ruhuna,ANURADHAPURA,1.5565,value,7,1,1.5565
COP2526-163,,PHARMACY,University of Ruhuna,POLONNARUWA,,NQC,7,1,NQC
COP2526-163,,PHARMACY,University of Ruhuna,BADULLA,1.5496,value,7,1,1.5496
COP2526-163,,PHARMACY,University of Ruhuna,MONARAGALA,1.6098,value,7,1,1.6098
COP2526-163,,PHARMACY,University of Ruhuna,KEGALLE,1.5629,value,7,1,1.5629
COP2526-163,,PHARMACY,University of Ruhuna,RATNAPURA,1.5904,value,7,1,1.5904
COP2526-164,,MEDICAL LABORATORY SCIENCES,University of Peradeniya,COLOMBO,1.7699,value,7,2,1.7699
COP2526-164,,MEDICAL LABORATORY SCIENCES,University of Peradeniya,GAMPAHA,,NQC,7,2,NQC
COP2526-164,,MEDICAL LABORATORY SCIENCES,University of Peradeniya,KALUTARA,1.7665,value,7,2,1.7665
COP2526-164,,MEDICAL LABORATORY SCIENCES,University of Peradeniya,MATALE,,NQC,7,2,NQC
COP2526-164,,MEDICAL LABORATORY SCIENCES,University of Peradeniya,KANDY,1.7529,value,7,2,1.7529
COP2526-164,,MEDICAL LABORATORY SCIENCES,University of Peradeniya,NUWARA ELIYA,,NQC,7,2,NQC
COP2526-164,,MEDICAL LABORATORY SCIENCES,University of Peradeniya,GALLE,1.7683,value,7,2,1.7683
COP2526-164,,MEDICAL LABORATORY SCIENCES,University of Peradeniya,MATARA,1.7523,value,7,2,1.7523
COP2526-164,,MEDICAL LABORATORY SCIENCES,University of Peradeniya,HAMBANTOTA,1.7855,value,7,2,1.7855
COP2526-164,,MEDICAL LABORATORY SCIENCES,University of Peradeniya,JAFFNA,1.7696,value,7,2,1.7696
COP2526-164,,MEDICAL LABORATORY SCIENCES,University of Peradeniya,KILINOCHCHI,,NQC,7,2,NQC
COP2526-164,,MEDICAL LABORATORY SCIENCES,University of Peradeniya,MANNAR,,NQC,7,2,NQC
COP2526-164,,MEDICAL LABORATORY SCIENCES,University of Peradeniya,MULLAITIVU,,NQC,7,2,NQC
COP2526-164,,MEDICAL LABORATORY SCIENCES,University of Peradeniya,VAVUNIYA,,NQC,7,2,NQC
COP2526-164,,MEDICAL LABORATORY SCIENCES,University of Peradeniya,TRINCOMALEE,,NQC,7,2,NQC
COP2526-164,,MEDICAL LABORATORY SCIENCES,University of Peradeniya,BATTICALOA,1.7524,value,7,2,1.7524
COP2526-164,,MEDICAL LABORATORY SCIENCES,University of Peradeniya,AMPARA,1.7529,value,7,2,1.7529
COP2526-164,,MEDICAL LABORATORY SCIENCES,University of Peradeniya,PUTTALAM,,NQC,7,2,NQC
COP2526-164,,MEDICAL LABORATORY SCIENCES,University of Peradeniya,KURUNEGALA,1.7549,value,7,2,1.7549
COP2526-164,,MEDICAL LABORATORY SCIENCES,University of Peradeniya,ANURADHAPURA,,NQC,7,2,NQC
COP2526-164,,MEDICAL LABORATORY SCIENCES,University of Peradeniya,POLONNARUWA,,NQC,7,2,NQC
COP2526-164,,MEDICAL LABORATORY SCIENCES,University of Peradeniya,BADULLA,,NQC,7,2,NQC
COP2526-164,,MEDICAL LABORATORY SCIENCES,University of Peradeniya,MONARAGALA,,NQC,7,2,NQC
COP2526-164,,MEDICAL LABORATORY SCIENCES,University of Peradeniya,KEGALLE,,NQC,7,2,NQC
COP2526-164,,MEDICAL LABORATORY SCIENCES,University of Peradeniya,RATNAPURA,1.7556,value,7,2,1.7556
COP2526-165,,MEDICAL LABORATORY SCIENCES,University of Sri Jayewardenepura,COLOMBO,1.7160,value,7,3,1.7160
COP2526-165,,MEDICAL LABORATORY SCIENCES,University of Sri Jayewardenepura,GAMPAHA,,NQC,7,3,NQC
COP2526-165,,MEDICAL LABORATORY SCIENCES,University of Sri Jayewardenepura,KALUTARA,1.7301,value,7,3,1.7301
COP2526-165,,MEDICAL LABORATORY SCIENCES,University of Sri Jayewardenepura,MATALE,,NQC,7,3,NQC
COP2526-165,,MEDICAL LABORATORY SCIENCES,University of Sri Jayewardenepura,KANDY,1.7166,value,7,3,1.7166
COP2526-165,,MEDICAL LABORATORY SCIENCES,University of Sri Jayewardenepura,NUWARA ELIYA,,NQC,7,3,NQC
COP2526-165,,MEDICAL LABORATORY SCIENCES,University of Sri Jayewardenepura,GALLE,1.7322,value,7,3,1.7322
COP2526-165,,MEDICAL LABORATORY SCIENCES,University of Sri Jayewardenepura,MATARA,1.7212,value,7,3,1.7212
COP2526-165,,MEDICAL LABORATORY SCIENCES,University of Sri Jayewardenepura,HAMBANTOTA,1.7171,value,7,3,1.7171
COP2526-165,,MEDICAL LABORATORY SCIENCES,University of Sri Jayewardenepura,JAFFNA,1.7218,value,7,3,1.7218
COP2526-165,,MEDICAL LABORATORY SCIENCES,University of Sri Jayewardenepura,KILINOCHCHI,,NQC,7,3,NQC
COP2526-165,,MEDICAL LABORATORY SCIENCES,University of Sri Jayewardenepura,MANNAR,,NQC,7,3,NQC
COP2526-165,,MEDICAL LABORATORY SCIENCES,University of Sri Jayewardenepura,MULLAITIVU,,NQC,7,3,NQC
COP2526-165,,MEDICAL LABORATORY SCIENCES,University of Sri Jayewardenepura,VAVUNIYA,,NQC,7,3,NQC
COP2526-165,,MEDICAL LABORATORY SCIENCES,University of Sri Jayewardenepura,TRINCOMALEE,,NQC,7,3,NQC
COP2526-165,,MEDICAL LABORATORY SCIENCES,University of Sri Jayewardenepura,BATTICALOA,1.7274,value,7,3,1.7274
COP2526-165,,MEDICAL LABORATORY SCIENCES,University of Sri Jayewardenepura,AMPARA,1.7183,value,7,3,1.7183
COP2526-165,,MEDICAL LABORATORY SCIENCES,University of Sri Jayewardenepura,PUTTALAM,,NQC,7,3,NQC
COP2526-165,,MEDICAL LABORATORY SCIENCES,University of Sri Jayewardenepura,KURUNEGALA,1.7186,value,7,3,1.7186
COP2526-165,,MEDICAL LABORATORY SCIENCES,University of Sri Jayewardenepura,ANURADHAPURA,,NQC,7,3,NQC
COP2526-165,,MEDICAL LABORATORY SCIENCES,University of Sri Jayewardenepura,POLONNARUWA,,NQC,7,3,NQC
COP2526-165,,MEDICAL LABORATORY SCIENCES,University of Sri Jayewardenepura,BADULLA,1.7337,value,7,3,1.7337
COP2526-165,,MEDICAL LABORATORY SCIENCES,University of Sri Jayewardenepura,MONARAGALA,,NQC,7,3,NQC
COP2526-165,,MEDICAL LABORATORY SCIENCES,University of Sri Jayewardenepura,KEGALLE,,NQC,7,3,NQC
COP2526-165,,MEDICAL LABORATORY SCIENCES,University of Sri Jayewardenepura,RATNAPURA,1.7292,value,7,3,1.7292
COP2526-166,,MEDICAL LABORATORY SCIENCES,University of Jaffna,COLOMBO,1.4010,value,7,4,1.4010
COP2526-166,,MEDICAL LABORATORY SCIENCES,University of Jaffna,GAMPAHA,1.3831,value,7,4,1.3831
COP2526-166,,MEDICAL LABORATORY SCIENCES,University of Jaffna,KALUTARA,,NQC,7,4,NQC
COP2526-166,,MEDICAL LABORATORY SCIENCES,University of Jaffna,MATALE,1.5120,value,7,4,1.5120
COP2526-166,,MEDICAL LABORATORY SCIENCES,University of Jaffna,KANDY,1.6287,value,7,4,1.6287
COP2526-166,,MEDICAL LABORATORY SCIENCES,University of Jaffna,NUWARA ELIYA,1.3833,value,7,4,1.3833
COP2526-166,,MEDICAL LABORATORY SCIENCES,University of Jaffna,GALLE,,NQC,7,4,NQC
COP2526-166,,MEDICAL LABORATORY SCIENCES,University of Jaffna,MATARA,,NQC,7,4,NQC
COP2526-166,,MEDICAL LABORATORY SCIENCES,University of Jaffna,HAMBANTOTA,,NQC,7,4,NQC
COP2526-166,,MEDICAL LABORATORY SCIENCES,University of Jaffna,JAFFNA,1.6922,value,7,4,1.6922
COP2526-166,,MEDICAL LABORATORY SCIENCES,University of Jaffna,KILINOCHCHI,1.6088,value,7,4,1.6088
COP2526-166,,MEDICAL LABORATORY SCIENCES,University of Jaffna,MANNAR,1.3558,value,7,4,1.3558
COP2526-166,,MEDICAL LABORATORY SCIENCES,University of Jaffna,MULLAITIVU,1.2894,value,7,4,1.2894
COP2526-166,,MEDICAL LABORATORY SCIENCES,University of Jaffna,VAVUNIYA,1.5261,value,7,4,1.5261
COP2526-166,,MEDICAL LABORATORY SCIENCES,University of Jaffna,TRINCOMALEE,1.6247,value,7,4,1.6247
COP2526-166,,MEDICAL LABORATORY SCIENCES,University of Jaffna,BATTICALOA,1.7002,value,7,4,1.7002
COP2526-166,,MEDICAL LABORATORY SCIENCES,University of Jaffna,AMPARA,1.6931,value,7,4,1.6931
COP2526-166,,MEDICAL LABORATORY SCIENCES,University of Jaffna,PUTTALAM,1.5359,value,7,4,1.5359
COP2526-166,,MEDICAL LABORATORY SCIENCES,University of Jaffna,KURUNEGALA,,NQC,7,4,NQC
COP2526-166,,MEDICAL LABORATORY SCIENCES,University of Jaffna,ANURADHAPURA,1.5554,value,7,4,1.5554
COP2526-166,,MEDICAL LABORATORY SCIENCES,University of Jaffna,POLONNARUWA,1.2385,value,7,4,1.2385
COP2526-166,,MEDICAL LABORATORY SCIENCES,University of Jaffna,BADULLA,1.4401,value,7,4,1.4401
COP2526-166,,MEDICAL LABORATORY SCIENCES,University of Jaffna,MONARAGALA,1.4977,value,7,4,1.4977
COP2526-166,,MEDICAL LABORATORY SCIENCES,University of Jaffna,KEGALLE,1.6674,value,7,4,1.6674
COP2526-166,,MEDICAL LABORATORY SCIENCES,University of Jaffna,RATNAPURA,1.6683,value,7,4,1.6683
COP2526-167,,MEDICAL LABORATORY SCIENCES,University of Ruhuna,COLOMBO,1.6415,value,7,5,1.6415
COP2526-167,,MEDICAL LABORATORY SCIENCES,University of Ruhuna,GAMPAHA,,NQC,7,5,NQC
COP2526-167,,MEDICAL LABORATORY SCIENCES,University of Ruhuna,KALUTARA,1.6578,value,7,5,1.6578
COP2526-167,,MEDICAL LABORATORY SCIENCES,University of Ruhuna,MATALE,,NQC,7,5,NQC
COP2526-167,,MEDICAL LABORATORY SCIENCES,University of Ruhuna,KANDY,1.6380,value,7,5,1.6380
COP2526-167,,MEDICAL LABORATORY SCIENCES,University of Ruhuna,NUWARA ELIYA,,NQC,7,5,NQC
COP2526-167,,MEDICAL LABORATORY SCIENCES,University of Ruhuna,GALLE,1.6502,value,7,5,1.6502
COP2526-167,,MEDICAL LABORATORY SCIENCES,University of Ruhuna,MATARA,1.6604,value,7,5,1.6604
COP2526-167,,MEDICAL LABORATORY SCIENCES,University of Ruhuna,HAMBANTOTA,1.7120,value,7,5,1.7120
COP2526-167,,MEDICAL LABORATORY SCIENCES,University of Ruhuna,JAFFNA,1.6922,value,7,5,1.6922
COP2526-167,,MEDICAL LABORATORY SCIENCES,University of Ruhuna,KILINOCHCHI,,NQC,7,5,NQC
COP2526-167,,MEDICAL LABORATORY SCIENCES,University of Ruhuna,MANNAR,,NQC,7,5,NQC
COP2526-167,,MEDICAL LABORATORY SCIENCES,University of Ruhuna,MULLAITIVU,,NQC,7,5,NQC
COP2526-167,,MEDICAL LABORATORY SCIENCES,University of Ruhuna,VAVUNIYA,,NQC,7,5,NQC
COP2526-167,,MEDICAL LABORATORY SCIENCES,University of Ruhuna,TRINCOMALEE,1.6567,value,7,5,1.6567
COP2526-167,,MEDICAL LABORATORY SCIENCES,University of Ruhuna,BATTICALOA,1.6986,value,7,5,1.6986
COP2526-167,,MEDICAL LABORATORY SCIENCES,University of Ruhuna,AMPARA,1.6625,value,7,5,1.6625
COP2526-167,,MEDICAL LABORATORY SCIENCES,University of Ruhuna,PUTTALAM,1.6417,value,7,5,1.6417
COP2526-167,,MEDICAL LABORATORY SCIENCES,University of Ruhuna,KURUNEGALA,1.6397,value,7,5,1.6397
COP2526-167,,MEDICAL LABORATORY SCIENCES,University of Ruhuna,ANURADHAPURA,,NQC,7,5,NQC
COP2526-167,,MEDICAL LABORATORY SCIENCES,University of Ruhuna,POLONNARUWA,,NQC,7,5,NQC
COP2526-167,,MEDICAL LABORATORY SCIENCES,University of Ruhuna,BADULLA,1.6500,value,7,5,1.6500
COP2526-167,,MEDICAL LABORATORY SCIENCES,University of Ruhuna,MONARAGALA,,NQC,7,5,NQC
COP2526-167,,MEDICAL LABORATORY SCIENCES,University of Ruhuna,KEGALLE,1.6539,value,7,5,1.6539
COP2526-167,,MEDICAL LABORATORY SCIENCES,University of Ruhuna,RATNAPURA,1.6490,value,7,5,1.6490
COP2526-168,,RADIOGRAPHY,University of Peradeniya,COLOMBO,1.5893,value,7,6,1.5893
COP2526-168,,RADIOGRAPHY,University of Peradeniya,GAMPAHA,1.5406,value,7,6,1.5406
COP2526-168,,RADIOGRAPHY,University of Peradeniya,KALUTARA,1.5865,value,7,6,1.5865
COP2526-168,,RADIOGRAPHY,University of Peradeniya,MATALE,1.6002,value,7,6,1.6002
COP2526-168,,RADIOGRAPHY,University of Peradeniya,KANDY,1.6751,value,7,6,1.6751
COP2526-168,,RADIOGRAPHY,University of Peradeniya,NUWARA ELIYA,1.3872,value,7,6,1.3872
COP2526-168,,RADIOGRAPHY,University of Peradeniya,GALLE,1.6716,value,7,6,1.6716
COP2526-168,,RADIOGRAPHY,University of Peradeniya,MATARA,1.6360,value,7,6,1.6360
COP2526-168,,RADIOGRAPHY,University of Peradeniya,HAMBANTOTA,1.6941,value,7,6,1.6941
COP2526-168,,RADIOGRAPHY,University of Peradeniya,JAFFNA,1.6920,value,7,6,1.6920
COP2526-168,,RADIOGRAPHY,University of Peradeniya,KILINOCHCHI,1.5526,value,7,6,1.5526
COP2526-168,,RADIOGRAPHY,University of Peradeniya,MANNAR,1.3988,value,7,6,1.3988
COP2526-168,,RADIOGRAPHY,University of Peradeniya,MULLAITIVU,1.3014,value,7,6,1.3014
COP2526-168,,RADIOGRAPHY,University of Peradeniya,VAVUNIYA,1.4312,value,7,6,1.4312
COP2526-168,,RADIOGRAPHY,University of Peradeniya,TRINCOMALEE,1.6900,value,7,6,1.6900
COP2526-168,,RADIOGRAPHY,University of Peradeniya,BATTICALOA,1.6946,value,7,6,1.6946
COP2526-168,,RADIOGRAPHY,University of Peradeniya,AMPARA,1.6937,value,7,6,1.6937
COP2526-168,,RADIOGRAPHY,University of Peradeniya,PUTTALAM,1.6134,value,7,6,1.6134
COP2526-168,,RADIOGRAPHY,University of Peradeniya,KURUNEGALA,1.6358,value,7,6,1.6358
COP2526-168,,RADIOGRAPHY,University of Peradeniya,ANURADHAPURA,1.5956,value,7,6,1.5956
COP2526-168,,RADIOGRAPHY,University of Peradeniya,POLONNARUWA,1.4329,value,7,6,1.4329
COP2526-168,,RADIOGRAPHY,University of Peradeniya,BADULLA,1.5360,value,7,6,1.5360
COP2526-168,,RADIOGRAPHY,University of Peradeniya,MONARAGALA,1.5597,value,7,6,1.5597
COP2526-168,,RADIOGRAPHY,University of Peradeniya,KEGALLE,1.6750,value,7,6,1.6750
COP2526-168,,RADIOGRAPHY,University of Peradeniya,RATNAPURA,1.6772,value,7,6,1.6772
COP2526-169,,MEDICAL IMAGING TECHNOLOGY,University of Colombo,COLOMBO,1.6615,value,7,7,1.6615
COP2526-169,,MEDICAL IMAGING TECHNOLOGY,University of Colombo,GAMPAHA,1.5214,value,7,7,1.5214
COP2526-169,,MEDICAL IMAGING TECHNOLOGY,University of Colombo,KALUTARA,1.6186,value,7,7,1.6186
COP2526-169,,MEDICAL IMAGING TECHNOLOGY,University of Colombo,MATALE,1.4790,value,7,7,1.4790
COP2526-169,,MEDICAL IMAGING TECHNOLOGY,University of Colombo,KANDY,1.6459,value,7,7,1.6459
COP2526-169,,MEDICAL IMAGING TECHNOLOGY,University of Colombo,NUWARA ELIYA,1.4393,value,7,7,1.4393
COP2526-169,,MEDICAL IMAGING TECHNOLOGY,University of Colombo,GALLE,1.6909,value,7,7,1.6909
COP2526-169,,MEDICAL IMAGING TECHNOLOGY,University of Colombo,MATARA,1.5934,value,7,7,1.5934
COP2526-169,,MEDICAL IMAGING TECHNOLOGY,University of Colombo,HAMBANTOTA,1.6786,value,7,7,1.6786
COP2526-169,,MEDICAL IMAGING TECHNOLOGY,University of Colombo,JAFFNA,1.6479,value,7,7,1.6479
COP2526-169,,MEDICAL IMAGING TECHNOLOGY,University of Colombo,KILINOCHCHI,1.6521,value,7,7,1.6521
COP2526-169,,MEDICAL IMAGING TECHNOLOGY,University of Colombo,MANNAR,1.3900,value,7,7,1.3900
COP2526-169,,MEDICAL IMAGING TECHNOLOGY,University of Colombo,MULLAITIVU,1.3941,value,7,7,1.3941
COP2526-169,,MEDICAL IMAGING TECHNOLOGY,University of Colombo,VAVUNIYA,1.5123,value,7,7,1.5123
COP2526-169,,MEDICAL IMAGING TECHNOLOGY,University of Colombo,TRINCOMALEE,1.6270,value,7,7,1.6270
COP2526-169,,MEDICAL IMAGING TECHNOLOGY,University of Colombo,BATTICALOA,1.6657,value,7,7,1.6657
COP2526-169,,MEDICAL IMAGING TECHNOLOGY,University of Colombo,AMPARA,1.6560,value,7,7,1.6560
COP2526-169,,MEDICAL IMAGING TECHNOLOGY,University of Colombo,PUTTALAM,1.6801,value,7,7,1.6801
COP2526-169,,MEDICAL IMAGING TECHNOLOGY,University of Colombo,KURUNEGALA,1.6326,value,7,7,1.6326
COP2526-169,,MEDICAL IMAGING TECHNOLOGY,University of Colombo,ANURADHAPURA,1.5932,value,7,7,1.5932
COP2526-169,,MEDICAL IMAGING TECHNOLOGY,University of Colombo,POLONNARUWA,1.4396,value,7,7,1.4396
COP2526-169,,MEDICAL IMAGING TECHNOLOGY,University of Colombo,BADULLA,1.6588,value,7,7,1.6588
COP2526-169,,MEDICAL IMAGING TECHNOLOGY,University of Colombo,MONARAGALA,1.5499,value,7,7,1.5499
COP2526-169,,MEDICAL IMAGING TECHNOLOGY,University of Colombo,KEGALLE,1.6567,value,7,7,1.6567
COP2526-169,,MEDICAL IMAGING TECHNOLOGY,University of Colombo,RATNAPURA,1.6926,value,7,7,1.6926
COP2526-170,,PHYSIOTHERAPY,University of Colombo,COLOMBO,1.7444,value,7,8,1.7444
COP2526-170,,PHYSIOTHERAPY,University of Colombo,GAMPAHA,,NQC,7,8,NQC
COP2526-170,,PHYSIOTHERAPY,University of Colombo,KALUTARA,1.7347,value,7,8,1.7347
COP2526-170,,PHYSIOTHERAPY,University of Colombo,MATALE,,NQC,7,8,NQC
COP2526-170,,PHYSIOTHERAPY,University of Colombo,KANDY,1.7618,value,7,8,1.7618
COP2526-170,,PHYSIOTHERAPY,University of Colombo,NUWARA ELIYA,,NQC,7,8,NQC
COP2526-170,,PHYSIOTHERAPY,University of Colombo,GALLE,1.7409,value,7,8,1.7409
COP2526-170,,PHYSIOTHERAPY,University of Colombo,MATARA,1.7550,value,7,8,1.7550
COP2526-170,,PHYSIOTHERAPY,University of Colombo,HAMBANTOTA,1.7544,value,7,8,1.7544
COP2526-170,,PHYSIOTHERAPY,University of Colombo,JAFFNA,1.7531,value,7,8,1.7531
COP2526-170,,PHYSIOTHERAPY,University of Colombo,KILINOCHCHI,1.7688,value,7,8,1.7688
COP2526-170,,PHYSIOTHERAPY,University of Colombo,MANNAR,,NQC,7,8,NQC
COP2526-170,,PHYSIOTHERAPY,University of Colombo,MULLAITIVU,,NQC,7,8,NQC
COP2526-170,,PHYSIOTHERAPY,University of Colombo,VAVUNIYA,,NQC,7,8,NQC
COP2526-170,,PHYSIOTHERAPY,University of Colombo,TRINCOMALEE,,NQC,7,8,NQC
COP2526-170,,PHYSIOTHERAPY,University of Colombo,BATTICALOA,1.7665,value,7,8,1.7665
COP2526-170,,PHYSIOTHERAPY,University of Colombo,AMPARA,1.7492,value,7,8,1.7492
COP2526-170,,PHYSIOTHERAPY,University of Colombo,PUTTALAM,,NQC,7,8,NQC
COP2526-170,,PHYSIOTHERAPY,University of Colombo,KURUNEGALA,1.7325,value,7,8,1.7325
COP2526-170,,PHYSIOTHERAPY,University of Colombo,ANURADHAPURA,,NQC,7,8,NQC
COP2526-170,,PHYSIOTHERAPY,University of Colombo,POLONNARUWA,,NQC,7,8,NQC
COP2526-170,,PHYSIOTHERAPY,University of Colombo,BADULLA,1.7297,value,7,8,1.7297
COP2526-170,,PHYSIOTHERAPY,University of Colombo,MONARAGALA,,NQC,7,8,NQC
COP2526-170,,PHYSIOTHERAPY,University of Colombo,KEGALLE,,NQC,7,8,NQC
COP2526-170,,PHYSIOTHERAPY,University of Colombo,RATNAPURA,1.7462,value,7,8,1.7462
COP2526-171,,PHYSIOTHERAPY,University of Peradeniya,COLOMBO,1.6970,value,7,9,1.6970
COP2526-171,,PHYSIOTHERAPY,University of Peradeniya,GAMPAHA,1.6458,value,7,9,1.6458
COP2526-171,,PHYSIOTHERAPY,University of Peradeniya,KALUTARA,1.7344,value,7,9,1.7344
COP2526-171,,PHYSIOTHERAPY,University of Peradeniya,MATALE,1.6268,value,7,9,1.6268
COP2526-171,,PHYSIOTHERAPY,University of Peradeniya,KANDY,1.7132,value,7,9,1.7132
COP2526-171,,PHYSIOTHERAPY,University of Peradeniya,NUWARA ELIYA,1.4346,value,7,9,1.4346
COP2526-171,,PHYSIOTHERAPY,University of Peradeniya,GALLE,1.7879,value,7,9,1.7879
COP2526-171,,PHYSIOTHERAPY,University of Peradeniya,MATARA,,NQC,7,9,NQC
COP2526-171,,PHYSIOTHERAPY,University of Peradeniya,HAMBANTOTA,,NQC,7,9,NQC
COP2526-171,,PHYSIOTHERAPY,University of Peradeniya,JAFFNA,1.7187,value,7,9,1.7187
COP2526-171,,PHYSIOTHERAPY,University of Peradeniya,KILINOCHCHI,1.5962,value,7,9,1.5962
COP2526-171,,PHYSIOTHERAPY,University of Peradeniya,MANNAR,1.4114,value,7,9,1.4114
COP2526-171,,PHYSIOTHERAPY,University of Peradeniya,MULLAITIVU,1.4427,value,7,9,1.4427
COP2526-171,,PHYSIOTHERAPY,University of Peradeniya,VAVUNIYA,1.5181,value,7,9,1.5181
COP2526-171,,PHYSIOTHERAPY,University of Peradeniya,TRINCOMALEE,1.6646,value,7,9,1.6646
COP2526-171,,PHYSIOTHERAPY,University of Peradeniya,BATTICALOA,1.7292,value,7,9,1.7292
COP2526-171,,PHYSIOTHERAPY,University of Peradeniya,AMPARA,1.7724,value,7,9,1.7724
COP2526-171,,PHYSIOTHERAPY,University of Peradeniya,PUTTALAM,1.6633,value,7,9,1.6633
COP2526-171,,PHYSIOTHERAPY,University of Peradeniya,KURUNEGALA,1.7251,value,7,9,1.7251
COP2526-171,,PHYSIOTHERAPY,University of Peradeniya,ANURADHAPURA,1.6308,value,7,9,1.6308
COP2526-171,,PHYSIOTHERAPY,University of Peradeniya,POLONNARUWA,1.4442,value,7,9,1.4442
COP2526-171,,PHYSIOTHERAPY,University of Peradeniya,BADULLA,1.6066,value,7,9,1.6066
COP2526-171,,PHYSIOTHERAPY,University of Peradeniya,MONARAGALA,1.5877,value,7,9,1.5877
COP2526-171,,PHYSIOTHERAPY,University of Peradeniya,KEGALLE,1.6773,value,7,9,1.6773
COP2526-171,,PHYSIOTHERAPY,University of Peradeniya,RATNAPURA,,NQC,7,9,NQC
COP2526-172,,OCCUPATIONAL THERAPY,University of Kelaniya,COLOMBO,1.4487,value,7,10,1.4487
COP2526-172,,OCCUPATIONAL THERAPY,University of Kelaniya,GAMPAHA,1.4206,value,7,10,1.4206
COP2526-172,,OCCUPATIONAL THERAPY,University of Kelaniya,KALUTARA,1.5150,value,7,10,1.5150
COP2526-172,,OCCUPATIONAL THERAPY,University of Kelaniya,MATALE,1.4768,value,7,10,1.4768
COP2526-172,,OCCUPATIONAL THERAPY,University of Kelaniya,KANDY,1.4462,value,7,10,1.4462
COP2526-172,,OCCUPATIONAL THERAPY,University of Kelaniya,NUWARA ELIYA,1.3555,value,7,10,1.3555
COP2526-172,,OCCUPATIONAL THERAPY,University of Kelaniya,GALLE,1.5313,value,7,10,1.5313
COP2526-172,,OCCUPATIONAL THERAPY,University of Kelaniya,MATARA,1.5107,value,7,10,1.5107
COP2526-172,,OCCUPATIONAL THERAPY,University of Kelaniya,HAMBANTOTA,1.5012,value,7,10,1.5012
COP2526-172,,OCCUPATIONAL THERAPY,University of Kelaniya,JAFFNA,1.5707,value,7,10,1.5707
COP2526-172,,OCCUPATIONAL THERAPY,University of Kelaniya,KILINOCHCHI,1.1952,value,7,10,1.1952
COP2526-172,,OCCUPATIONAL THERAPY,University of Kelaniya,MANNAR,1.2745,value,7,10,1.2745
COP2526-172,,OCCUPATIONAL THERAPY,University of Kelaniya,MULLAITIVU,1.0840,value,7,10,1.0840
COP2526-172,,OCCUPATIONAL THERAPY,University of Kelaniya,VAVUNIYA,1.3646,value,7,10,1.3646
COP2526-172,,OCCUPATIONAL THERAPY,University of Kelaniya,TRINCOMALEE,1.5620,value,7,10,1.5620
COP2526-172,,OCCUPATIONAL THERAPY,University of Kelaniya,BATTICALOA,1.5696,value,7,10,1.5696
COP2526-172,,OCCUPATIONAL THERAPY,University of Kelaniya,AMPARA,1.5587,value,7,10,1.5587
COP2526-172,,OCCUPATIONAL THERAPY,University of Kelaniya,PUTTALAM,1.4638,value,7,10,1.4638
COP2526-172,,OCCUPATIONAL THERAPY,University of Kelaniya,KURUNEGALA,1.5345,value,7,10,1.5345
COP2526-172,,OCCUPATIONAL THERAPY,University of Kelaniya,ANURADHAPURA,1.5204,value,7,10,1.5204
COP2526-172,,OCCUPATIONAL THERAPY,University of Kelaniya,POLONNARUWA,1.3307,value,7,10,1.3307
COP2526-172,,OCCUPATIONAL THERAPY,University of Kelaniya,BADULLA,1.4911,value,7,10,1.4911
COP2526-172,,OCCUPATIONAL THERAPY,University of Kelaniya,MONARAGALA,1.2900,value,7,10,1.2900
COP2526-172,,OCCUPATIONAL THERAPY,University of Kelaniya,KEGALLE,1.5320,value,7,10,1.5320
COP2526-172,,OCCUPATIONAL THERAPY,University of Kelaniya,RATNAPURA,1.4565,value,7,10,1.4565
COP2526-173,,OPTOMETRY,University of Sri Jayewardenepura,COLOMBO,1.5511,value,7,11,1.5511
COP2526-173,,OPTOMETRY,University of Sri Jayewardenepura,GAMPAHA,1.4932,value,7,11,1.4932
COP2526-173,,OPTOMETRY,University of Sri Jayewardenepura,KALUTARA,1.6068,value,7,11,1.6068
COP2526-173,,OPTOMETRY,University of Sri Jayewardenepura,MATALE,1.5649,value,7,11,1.5649
COP2526-173,,OPTOMETRY,University of Sri Jayewardenepura,KANDY,1.4981,value,7,11,1.4981
COP2526-173,,OPTOMETRY,University of Sri Jayewardenepura,NUWARA ELIYA,1.4446,value,7,11,1.4446
COP2526-173,,OPTOMETRY,University of Sri Jayewardenepura,GALLE,1.5429,value,7,11,1.5429
COP2526-173,,OPTOMETRY,University of Sri Jayewardenepura,MATARA,1.5765,value,7,11,1.5765
COP2526-173,,OPTOMETRY,University of Sri Jayewardenepura,HAMBANTOTA,1.6225,value,7,11,1.6225
COP2526-173,,OPTOMETRY,University of Sri Jayewardenepura,JAFFNA,1.6083,value,7,11,1.6083
COP2526-173,,OPTOMETRY,University of Sri Jayewardenepura,KILINOCHCHI,1.5330,value,7,11,1.5330
COP2526-173,,OPTOMETRY,University of Sri Jayewardenepura,MANNAR,1.3908,value,7,11,1.3908
COP2526-173,,OPTOMETRY,University of Sri Jayewardenepura,MULLAITIVU,1.2900,value,7,11,1.2900
COP2526-173,,OPTOMETRY,University of Sri Jayewardenepura,VAVUNIYA,1.5216,value,7,11,1.5216
COP2526-173,,OPTOMETRY,University of Sri Jayewardenepura,TRINCOMALEE,1.5984,value,7,11,1.5984
COP2526-173,,OPTOMETRY,University of Sri Jayewardenepura,BATTICALOA,1.6117,value,7,11,1.6117
COP2526-173,,OPTOMETRY,University of Sri Jayewardenepura,AMPARA,1.5934,value,7,11,1.5934
COP2526-173,,OPTOMETRY,University of Sri Jayewardenepura,PUTTALAM,1.5953,value,7,11,1.5953
COP2526-173,,OPTOMETRY,University of Sri Jayewardenepura,KURUNEGALA,1.6057,value,7,11,1.6057
COP2526-173,,OPTOMETRY,University of Sri Jayewardenepura,ANURADHAPURA,1.4640,value,7,11,1.4640
COP2526-173,,OPTOMETRY,University of Sri Jayewardenepura,POLONNARUWA,1.1852,value,7,11,1.1852
COP2526-173,,OPTOMETRY,University of Sri Jayewardenepura,BADULLA,1.4950,value,7,11,1.4950
COP2526-173,,OPTOMETRY,University of Sri Jayewardenepura,MONARAGALA,1.5741,value,7,11,1.5741
COP2526-173,,OPTOMETRY,University of Sri Jayewardenepura,KEGALLE,1.6203,value,7,11,1.6203
COP2526-173,,OPTOMETRY,University of Sri Jayewardenepura,RATNAPURA,1.5861,value,7,11,1.5861
COP2526-174,,ENVIRONMENTAL CONSERVATION & MANAGEMENT,University of Kelaniya,COLOMBO,1.2124,value,7,12,1.2124
COP2526-174,,ENVIRONMENTAL CONSERVATION & MANAGEMENT,University of Kelaniya,GAMPAHA,1.1008,value,7,12,1.1008
COP2526-174,,ENVIRONMENTAL CONSERVATION & MANAGEMENT,University of Kelaniya,KALUTARA,1.1838,value,7,12,1.1838
COP2526-174,,ENVIRONMENTAL CONSERVATION & MANAGEMENT,University of Kelaniya,MATALE,1.2397,value,7,12,1.2397
COP2526-174,,ENVIRONMENTAL CONSERVATION & MANAGEMENT,University of Kelaniya,KANDY,1.1343,value,7,12,1.1343
COP2526-174,,ENVIRONMENTAL CONSERVATION & MANAGEMENT,University of Kelaniya,NUWARA ELIYA,1.2057,value,7,12,1.2057
COP2526-174,,ENVIRONMENTAL CONSERVATION & MANAGEMENT,University of Kelaniya,GALLE,1.2439,value,7,12,1.2439
COP2526-174,,ENVIRONMENTAL CONSERVATION & MANAGEMENT,University of Kelaniya,MATARA,1.2148,value,7,12,1.2148
COP2526-174,,ENVIRONMENTAL CONSERVATION & MANAGEMENT,University of Kelaniya,HAMBANTOTA,1.2133,value,7,12,1.2133
COP2526-174,,ENVIRONMENTAL CONSERVATION & MANAGEMENT,University of Kelaniya,JAFFNA,0.9968,value,7,12,0.9968
COP2526-174,,ENVIRONMENTAL CONSERVATION & MANAGEMENT,University of Kelaniya,KILINOCHCHI,0.5906,value,7,12,0.5906
COP2526-174,,ENVIRONMENTAL CONSERVATION & MANAGEMENT,University of Kelaniya,MANNAR,0.5140,value,7,12,0.5140
COP2526-174,,ENVIRONMENTAL CONSERVATION & MANAGEMENT,University of Kelaniya,MULLAITIVU,0.6993,value,7,12,0.6993
COP2526-174,,ENVIRONMENTAL CONSERVATION & MANAGEMENT,University of Kelaniya,VAVUNIYA,1.0095,value,7,12,1.0095
COP2526-174,,ENVIRONMENTAL CONSERVATION & MANAGEMENT,University of Kelaniya,TRINCOMALEE,1.0788,value,7,12,1.0788
COP2526-174,,ENVIRONMENTAL CONSERVATION & MANAGEMENT,University of Kelaniya,BATTICALOA,1.0611,value,7,12,1.0611
COP2526-174,,ENVIRONMENTAL CONSERVATION & MANAGEMENT,University of Kelaniya,AMPARA,1.1534,value,7,12,1.1534
COP2526-174,,ENVIRONMENTAL CONSERVATION & MANAGEMENT,University of Kelaniya,PUTTALAM,1.1018,value,7,12,1.1018
COP2526-174,,ENVIRONMENTAL CONSERVATION & MANAGEMENT,University of Kelaniya,KURUNEGALA,1.1926,value,7,12,1.1926
COP2526-174,,ENVIRONMENTAL CONSERVATION & MANAGEMENT,University of Kelaniya,ANURADHAPURA,1.1386,value,7,12,1.1386
COP2526-174,,ENVIRONMENTAL CONSERVATION & MANAGEMENT,University of Kelaniya,POLONNARUWA,1.0837,value,7,12,1.0837
COP2526-174,,ENVIRONMENTAL CONSERVATION & MANAGEMENT,University of Kelaniya,BADULLA,1.0949,value,7,12,1.0949
COP2526-174,,ENVIRONMENTAL CONSERVATION & MANAGEMENT,University of Kelaniya,MONARAGALA,1.2426,value,7,12,1.2426
COP2526-174,,ENVIRONMENTAL CONSERVATION & MANAGEMENT,University of Kelaniya,KEGALLE,1.2462,value,7,12,1.2462
COP2526-174,,ENVIRONMENTAL CONSERVATION & MANAGEMENT,University of Kelaniya,RATNAPURA,1.2098,value,7,12,1.2098
COP2526-175,,APPLIED CHEMISTRY,University of Kelaniya,COLOMBO,1.6053,value,7,13,1.6053
COP2526-175,,APPLIED CHEMISTRY,University of Kelaniya,GAMPAHA,1.6105,value,7,13,1.6105
COP2526-175,,APPLIED CHEMISTRY,University of Kelaniya,KALUTARA,1.5763,value,7,13,1.5763
COP2526-175,,APPLIED CHEMISTRY,University of Kelaniya,MATALE,1.6063,value,7,13,1.6063
COP2526-175,,APPLIED CHEMISTRY,University of Kelaniya,KANDY,1.5884,value,7,13,1.5884
COP2526-175,,APPLIED CHEMISTRY,University of Kelaniya,NUWARA ELIYA,1.4020,value,7,13,1.4020
COP2526-175,,APPLIED CHEMISTRY,University of Kelaniya,GALLE,1.5675,value,7,13,1.5675
COP2526-175,,APPLIED CHEMISTRY,University of Kelaniya,MATARA,1.6021,value,7,13,1.6021
COP2526-175,,APPLIED CHEMISTRY,University of Kelaniya,HAMBANTOTA,1.6062,value,7,13,1.6062
COP2526-175,,APPLIED CHEMISTRY,University of Kelaniya,JAFFNA,1.6219,value,7,13,1.6219
COP2526-175,,APPLIED CHEMISTRY,University of Kelaniya,KILINOCHCHI,0.9960,value,7,13,0.9960
COP2526-175,,APPLIED CHEMISTRY,University of Kelaniya,MANNAR,1.1183,value,7,13,1.1183
COP2526-175,,APPLIED CHEMISTRY,University of Kelaniya,MULLAITIVU,1.0381,value,7,13,1.0381
COP2526-175,,APPLIED CHEMISTRY,University of Kelaniya,VAVUNIYA,1.3119,value,7,13,1.3119
COP2526-175,,APPLIED CHEMISTRY,University of Kelaniya,TRINCOMALEE,1.3648,value,7,13,1.3648
COP2526-175,,APPLIED CHEMISTRY,University of Kelaniya,BATTICALOA,1.5672,value,7,13,1.5672
COP2526-175,,APPLIED CHEMISTRY,University of Kelaniya,AMPARA,1.5569,value,7,13,1.5569
COP2526-175,,APPLIED CHEMISTRY,University of Kelaniya,PUTTALAM,1.5935,value,7,13,1.5935
COP2526-175,,APPLIED CHEMISTRY,University of Kelaniya,KURUNEGALA,1.6085,value,7,13,1.6085
COP2526-175,,APPLIED CHEMISTRY,University of Kelaniya,ANURADHAPURA,1.5142,value,7,13,1.5142
COP2526-175,,APPLIED CHEMISTRY,University of Kelaniya,POLONNARUWA,1.4461,value,7,13,1.4461
COP2526-175,,APPLIED CHEMISTRY,University of Kelaniya,BADULLA,1.5281,value,7,13,1.5281
COP2526-175,,APPLIED CHEMISTRY,University of Kelaniya,MONARAGALA,1.5372,value,7,13,1.5372
COP2526-175,,APPLIED CHEMISTRY,University of Kelaniya,KEGALLE,1.5177,value,7,13,1.5177
COP2526-175,,APPLIED CHEMISTRY,University of Kelaniya,RATNAPURA,1.5481,value,7,13,1.5481
COP2526-176,,ELECTRONICS AND COMPUTER SCIENCE,University of Kelaniya,COLOMBO,1.5154,value,7,14,1.5154
COP2526-176,,ELECTRONICS AND COMPUTER SCIENCE,University of Kelaniya,GAMPAHA,1.4543,value,7,14,1.4543
COP2526-176,,ELECTRONICS AND COMPUTER SCIENCE,University of Kelaniya,KALUTARA,1.5289,value,7,14,1.5289
COP2526-176,,ELECTRONICS AND COMPUTER SCIENCE,University of Kelaniya,MATALE,1.3036,value,7,14,1.3036
COP2526-176,,ELECTRONICS AND COMPUTER SCIENCE,University of Kelaniya,KANDY,1.4619,value,7,14,1.4619
COP2526-176,,ELECTRONICS AND COMPUTER SCIENCE,University of Kelaniya,NUWARA ELIYA,1.1549,value,7,14,1.1549
COP2526-176,,ELECTRONICS AND COMPUTER SCIENCE,University of Kelaniya,GALLE,1.5245,value,7,14,1.5245
COP2526-176,,ELECTRONICS AND COMPUTER SCIENCE,University of Kelaniya,MATARA,1.5367,value,7,14,1.5367
COP2526-176,,ELECTRONICS AND COMPUTER SCIENCE,University of Kelaniya,HAMBANTOTA,1.5197,value,7,14,1.5197
COP2526-176,,ELECTRONICS AND COMPUTER SCIENCE,University of Kelaniya,JAFFNA,1.5162,value,7,14,1.5162
COP2526-176,,ELECTRONICS AND COMPUTER SCIENCE,University of Kelaniya,KILINOCHCHI,0.8616,value,7,14,0.8616
COP2526-176,,ELECTRONICS AND COMPUTER SCIENCE,University of Kelaniya,MANNAR,1.0192,value,7,14,1.0192
COP2526-176,,ELECTRONICS AND COMPUTER SCIENCE,University of Kelaniya,MULLAITIVU,0.6619,value,7,14,0.6619
COP2526-176,,ELECTRONICS AND COMPUTER SCIENCE,University of Kelaniya,VAVUNIYA,1.0436,value,7,14,1.0436
COP2526-176,,ELECTRONICS AND COMPUTER SCIENCE,University of Kelaniya,TRINCOMALEE,1.2297,value,7,14,1.2297
COP2526-176,,ELECTRONICS AND COMPUTER SCIENCE,University of Kelaniya,BATTICALOA,1.4123,value,7,14,1.4123
COP2526-176,,ELECTRONICS AND COMPUTER SCIENCE,University of Kelaniya,AMPARA,1.3009,value,7,14,1.3009
COP2526-176,,ELECTRONICS AND COMPUTER SCIENCE,University of Kelaniya,PUTTALAM,1.3611,value,7,14,1.3611
COP2526-176,,ELECTRONICS AND COMPUTER SCIENCE,University of Kelaniya,KURUNEGALA,1.5228,value,7,14,1.5228
COP2526-176,,ELECTRONICS AND COMPUTER SCIENCE,University of Kelaniya,ANURADHAPURA,1.3203,value,7,14,1.3203
COP2526-176,,ELECTRONICS AND COMPUTER SCIENCE,University of Kelaniya,POLONNARUWA,1.3373,value,7,14,1.3373
COP2526-176,,ELECTRONICS AND COMPUTER SCIENCE,University of Kelaniya,BADULLA,1.4255,value,7,14,1.4255
COP2526-176,,ELECTRONICS AND COMPUTER SCIENCE,University of Kelaniya,MONARAGALA,1.4289,value,7,14,1.4289
COP2526-176,,ELECTRONICS AND COMPUTER SCIENCE,University of Kelaniya,KEGALLE,1.5054,value,7,14,1.5054
COP2526-176,,ELECTRONICS AND COMPUTER SCIENCE,University of Kelaniya,RATNAPURA,1.4604,value,7,14,1.4604
COP2526-177,,ACCOUNTING INFORMATION SYSTEMS,University of Kelaniya,COLOMBO,1.6978,value,7,15,1.6978
COP2526-177,,ACCOUNTING INFORMATION SYSTEMS,University of Kelaniya,GAMPAHA,1.6608,value,7,15,1.6608
COP2526-177,,ACCOUNTING INFORMATION SYSTEMS,University of Kelaniya,KALUTARA,1.6708,value,7,15,1.6708
COP2526-177,,ACCOUNTING INFORMATION SYSTEMS,University of Kelaniya,MATALE,1.6287,value,7,15,1.6287
COP2526-177,,ACCOUNTING INFORMATION SYSTEMS,University of Kelaniya,KANDY,1.6164,value,7,15,1.6164
COP2526-177,,ACCOUNTING INFORMATION SYSTEMS,University of Kelaniya,NUWARA ELIYA,1.5940,value,7,15,1.5940
COP2526-177,,ACCOUNTING INFORMATION SYSTEMS,University of Kelaniya,GALLE,1.6619,value,7,15,1.6619
COP2526-177,,ACCOUNTING INFORMATION SYSTEMS,University of Kelaniya,MATARA,1.7025,value,7,15,1.7025
COP2526-177,,ACCOUNTING INFORMATION SYSTEMS,University of Kelaniya,HAMBANTOTA,1.5791,value,7,15,1.5791
COP2526-177,,ACCOUNTING INFORMATION SYSTEMS,University of Kelaniya,JAFFNA,1.5300,value,7,15,1.5300
COP2526-177,,ACCOUNTING INFORMATION SYSTEMS,University of Kelaniya,KILINOCHCHI,0.8339,value,7,15,0.8339
COP2526-177,,ACCOUNTING INFORMATION SYSTEMS,University of Kelaniya,MANNAR,0.7990,value,7,15,0.7990
COP2526-177,,ACCOUNTING INFORMATION SYSTEMS,University of Kelaniya,MULLAITIVU,1.2032,value,7,15,1.2032
COP2526-177,,ACCOUNTING INFORMATION SYSTEMS,University of Kelaniya,VAVUNIYA,1.3431,value,7,15,1.3431
COP2526-177,,ACCOUNTING INFORMATION SYSTEMS,University of Kelaniya,TRINCOMALEE,1.3773,value,7,15,1.3773
COP2526-177,,ACCOUNTING INFORMATION SYSTEMS,University of Kelaniya,BATTICALOA,1.6491,value,7,15,1.6491
COP2526-177,,ACCOUNTING INFORMATION SYSTEMS,University of Kelaniya,AMPARA,1.7181,value,7,15,1.7181
COP2526-177,,ACCOUNTING INFORMATION SYSTEMS,University of Kelaniya,PUTTALAM,1.6957,value,7,15,1.6957
COP2526-177,,ACCOUNTING INFORMATION SYSTEMS,University of Kelaniya,KURUNEGALA,1.6419,value,7,15,1.6419
COP2526-177,,ACCOUNTING INFORMATION SYSTEMS,University of Kelaniya,ANURADHAPURA,1.6973,value,7,15,1.6973
COP2526-177,,ACCOUNTING INFORMATION SYSTEMS,University of Kelaniya,POLONNARUWA,1.6860,value,7,15,1.6860
COP2526-177,,ACCOUNTING INFORMATION SYSTEMS,University of Kelaniya,BADULLA,1.5825,value,7,15,1.5825
COP2526-177,,ACCOUNTING INFORMATION SYSTEMS,University of Kelaniya,MONARAGALA,1.3723,value,7,15,1.3723
COP2526-177,,ACCOUNTING INFORMATION SYSTEMS,University of Kelaniya,KEGALLE,1.7135,value,7,15,1.7135
COP2526-177,,ACCOUNTING INFORMATION SYSTEMS,University of Kelaniya,RATNAPURA,1.6604,value,7,15,1.6604
COP2526-178,,FISHERIES & MARINE SCIENCES,University of Ruhuna,COLOMBO,0.9936,value,7,16,0.9936
COP2526-178,,FISHERIES & MARINE SCIENCES,University of Ruhuna,GAMPAHA,0.9425,value,7,16,0.9425
COP2526-178,,FISHERIES & MARINE SCIENCES,University of Ruhuna,KALUTARA,1.0433,value,7,16,1.0433
COP2526-178,,FISHERIES & MARINE SCIENCES,University of Ruhuna,MATALE,1.0001,value,7,16,1.0001
COP2526-178,,FISHERIES & MARINE SCIENCES,University of Ruhuna,KANDY,0.9706,value,7,16,0.9706
COP2526-178,,FISHERIES & MARINE SCIENCES,University of Ruhuna,NUWARA ELIYA,0.8450,value,7,16,0.8450
COP2526-178,,FISHERIES & MARINE SCIENCES,University of Ruhuna,GALLE,1.0580,value,7,16,1.0580
COP2526-178,,FISHERIES & MARINE SCIENCES,University of Ruhuna,MATARA,1.0367,value,7,16,1.0367
COP2526-178,,FISHERIES & MARINE SCIENCES,University of Ruhuna,HAMBANTOTA,1.0408,value,7,16,1.0408
COP2526-178,,FISHERIES & MARINE SCIENCES,University of Ruhuna,JAFFNA,0.8748,value,7,16,0.8748
COP2526-178,,FISHERIES & MARINE SCIENCES,University of Ruhuna,KILINOCHCHI,0.6117,value,7,16,0.6117
COP2526-178,,FISHERIES & MARINE SCIENCES,University of Ruhuna,MANNAR,0.9754,value,7,16,0.9754
COP2526-178,,FISHERIES & MARINE SCIENCES,University of Ruhuna,MULLAITIVU,0.5391,value,7,16,0.5391
COP2526-178,,FISHERIES & MARINE SCIENCES,University of Ruhuna,VAVUNIYA,0.6547,value,7,16,0.6547
COP2526-178,,FISHERIES & MARINE SCIENCES,University of Ruhuna,TRINCOMALEE,0.8250,value,7,16,0.8250
COP2526-178,,FISHERIES & MARINE SCIENCES,University of Ruhuna,BATTICALOA,0.9201,value,7,16,0.9201
COP2526-178,,FISHERIES & MARINE SCIENCES,University of Ruhuna,AMPARA,0.9289,value,7,16,0.9289
COP2526-178,,FISHERIES & MARINE SCIENCES,University of Ruhuna,PUTTALAM,0.8489,value,7,16,0.8489
COP2526-178,,FISHERIES & MARINE SCIENCES,University of Ruhuna,KURUNEGALA,0.9812,value,7,16,0.9812
COP2526-178,,FISHERIES & MARINE SCIENCES,University of Ruhuna,ANURADHAPURA,0.8169,value,7,16,0.8169
COP2526-178,,FISHERIES & MARINE SCIENCES,University of Ruhuna,POLONNARUWA,0.8655,value,7,16,0.8655
COP2526-178,,FISHERIES & MARINE SCIENCES,University of Ruhuna,BADULLA,1.0065,value,7,16,1.0065
COP2526-178,,FISHERIES & MARINE SCIENCES,University of Ruhuna,MONARAGALA,0.8577,value,7,16,0.8577
COP2526-178,,FISHERIES & MARINE SCIENCES,University of Ruhuna,KEGALLE,0.9515,value,7,16,0.9515
COP2526-178,,FISHERIES & MARINE SCIENCES,University of Ruhuna,RATNAPURA,1.0297,value,7,16,1.0297
COP2526-179,,MARINE AND FRESHWATER SCIENCES,University of Ruhuna,COLOMBO,1.1238,value,7,17,1.1238
COP2526-179,,MARINE AND FRESHWATER SCIENCES,University of Ruhuna,GAMPAHA,1.0636,value,7,17,1.0636
COP2526-179,,MARINE AND FRESHWATER SCIENCES,University of Ruhuna,KALUTARA,1.1310,value,7,17,1.1310
COP2526-179,,MARINE AND FRESHWATER SCIENCES,University of Ruhuna,MATALE,1.0633,value,7,17,1.0633
COP2526-179,,MARINE AND FRESHWATER SCIENCES,University of Ruhuna,KANDY,1.0671,value,7,17,1.0671
COP2526-179,,MARINE AND FRESHWATER SCIENCES,University of Ruhuna,NUWARA ELIYA,0.9702,value,7,17,0.9702
COP2526-179,,MARINE AND FRESHWATER SCIENCES,University of Ruhuna,GALLE,1.1404,value,7,17,1.1404
COP2526-179,,MARINE AND FRESHWATER SCIENCES,University of Ruhuna,MATARA,1.1255,value,7,17,1.1255
COP2526-179,,MARINE AND FRESHWATER SCIENCES,University of Ruhuna,HAMBANTOTA,1.0969,value,7,17,1.0969
COP2526-179,,MARINE AND FRESHWATER SCIENCES,University of Ruhuna,JAFFNA,1.1214,value,7,17,1.1214
COP2526-179,,MARINE AND FRESHWATER SCIENCES,University of Ruhuna,KILINOCHCHI,0.5377,value,7,17,0.5377
COP2526-179,,MARINE AND FRESHWATER SCIENCES,University of Ruhuna,MANNAR,0.5740,value,7,17,0.5740
COP2526-179,,MARINE AND FRESHWATER SCIENCES,University of Ruhuna,MULLAITIVU,0.4628,value,7,17,0.4628
COP2526-179,,MARINE AND FRESHWATER SCIENCES,University of Ruhuna,VAVUNIYA,0.8284,value,7,17,0.8284
COP2526-179,,MARINE AND FRESHWATER SCIENCES,University of Ruhuna,TRINCOMALEE,0.9575,value,7,17,0.9575
COP2526-179,,MARINE AND FRESHWATER SCIENCES,University of Ruhuna,BATTICALOA,1.1690,value,7,17,1.1690
COP2526-179,,MARINE AND FRESHWATER SCIENCES,University of Ruhuna,AMPARA,1.0177,value,7,17,1.0177
COP2526-179,,MARINE AND FRESHWATER SCIENCES,University of Ruhuna,PUTTALAM,1.0434,value,7,17,1.0434
COP2526-179,,MARINE AND FRESHWATER SCIENCES,University of Ruhuna,KURUNEGALA,1.1352,value,7,17,1.1352
COP2526-179,,MARINE AND FRESHWATER SCIENCES,University of Ruhuna,ANURADHAPURA,1.0715,value,7,17,1.0715
COP2526-179,,MARINE AND FRESHWATER SCIENCES,University of Ruhuna,POLONNARUWA,1.0313,value,7,17,1.0313
COP2526-179,,MARINE AND FRESHWATER SCIENCES,University of Ruhuna,BADULLA,1.1192,value,7,17,1.1192
COP2526-179,,MARINE AND FRESHWATER SCIENCES,University of Ruhuna,MONARAGALA,1.1716,value,7,17,1.1716
COP2526-179,,MARINE AND FRESHWATER SCIENCES,University of Ruhuna,KEGALLE,1.0910,value,7,17,1.0910
COP2526-179,,MARINE AND FRESHWATER SCIENCES,University of Ruhuna,RATNAPURA,1.1037,value,7,17,1.1037
COP2526-180,,ANIMAL SCIENCE & FISHERIES,University of Peradeniya,COLOMBO,1.1728,value,7,18,1.1728
COP2526-180,,ANIMAL SCIENCE & FISHERIES,University of Peradeniya,GAMPAHA,1.0682,value,7,18,1.0682
COP2526-180,,ANIMAL SCIENCE & FISHERIES,University of Peradeniya,KALUTARA,1.1889,value,7,18,1.1889
COP2526-180,,ANIMAL SCIENCE & FISHERIES,University of Peradeniya,MATALE,1.2141,value,7,18,1.2141
COP2526-180,,ANIMAL SCIENCE & FISHERIES,University of Peradeniya,KANDY,1.2059,value,7,18,1.2059
COP2526-180,,ANIMAL SCIENCE & FISHERIES,University of Peradeniya,NUWARA ELIYA,1.0405,value,7,18,1.0405
COP2526-180,,ANIMAL SCIENCE & FISHERIES,University of Peradeniya,GALLE,1.2423,value,7,18,1.2423
COP2526-180,,ANIMAL SCIENCE & FISHERIES,University of Peradeniya,MATARA,1.2442,value,7,18,1.2442
COP2526-180,,ANIMAL SCIENCE & FISHERIES,University of Peradeniya,HAMBANTOTA,1.2540,value,7,18,1.2540
COP2526-180,,ANIMAL SCIENCE & FISHERIES,University of Peradeniya,JAFFNA,1.2211,value,7,18,1.2211
COP2526-180,,ANIMAL SCIENCE & FISHERIES,University of Peradeniya,KILINOCHCHI,0.7335,value,7,18,0.7335
COP2526-180,,ANIMAL SCIENCE & FISHERIES,University of Peradeniya,MANNAR,0.9639,value,7,18,0.9639
COP2526-180,,ANIMAL SCIENCE & FISHERIES,University of Peradeniya,MULLAITIVU,0.9230,value,7,18,0.9230
COP2526-180,,ANIMAL SCIENCE & FISHERIES,University of Peradeniya,VAVUNIYA,0.9361,value,7,18,0.9361
COP2526-180,,ANIMAL SCIENCE & FISHERIES,University of Peradeniya,TRINCOMALEE,1.0888,value,7,18,1.0888
COP2526-180,,ANIMAL SCIENCE & FISHERIES,University of Peradeniya,BATTICALOA,1.1975,value,7,18,1.1975
COP2526-180,,ANIMAL SCIENCE & FISHERIES,University of Peradeniya,AMPARA,1.0687,value,7,18,1.0687
COP2526-180,,ANIMAL SCIENCE & FISHERIES,University of Peradeniya,PUTTALAM,1.2753,value,7,18,1.2753
COP2526-180,,ANIMAL SCIENCE & FISHERIES,University of Peradeniya,KURUNEGALA,1.2146,value,7,18,1.2146
COP2526-180,,ANIMAL SCIENCE & FISHERIES,University of Peradeniya,ANURADHAPURA,1.0611,value,7,18,1.0611
COP2526-180,,ANIMAL SCIENCE & FISHERIES,University of Peradeniya,POLONNARUWA,1.1426,value,7,18,1.1426
COP2526-180,,ANIMAL SCIENCE & FISHERIES,University of Peradeniya,BADULLA,1.1747,value,7,18,1.1747
COP2526-180,,ANIMAL SCIENCE & FISHERIES,University of Peradeniya,MONARAGALA,1.2025,value,7,18,1.2025
COP2526-180,,ANIMAL SCIENCE & FISHERIES,University of Peradeniya,KEGALLE,1.2643,value,7,18,1.2643
COP2526-180,,ANIMAL SCIENCE & FISHERIES,University of Peradeniya,RATNAPURA,1.2446,value,7,18,1.2446
COP2526-181,,FOOD PRODUCTION & TECHNOLOGY MANAGEMENT,Wayamba University of Sri Lanka,COLOMBO,1.0442,value,7,19,1.0442
COP2526-181,,FOOD PRODUCTION & TECHNOLOGY MANAGEMENT,Wayamba University of Sri Lanka,GAMPAHA,1.0645,value,7,19,1.0645
COP2526-181,,FOOD PRODUCTION & TECHNOLOGY MANAGEMENT,Wayamba University of Sri Lanka,KALUTARA,1.1067,value,7,19,1.1067
COP2526-181,,FOOD PRODUCTION & TECHNOLOGY MANAGEMENT,Wayamba University of Sri Lanka,MATALE,1.0648,value,7,19,1.0648
COP2526-181,,FOOD PRODUCTION & TECHNOLOGY MANAGEMENT,Wayamba University of Sri Lanka,KANDY,1.1100,value,7,19,1.1100
COP2526-181,,FOOD PRODUCTION & TECHNOLOGY MANAGEMENT,Wayamba University of Sri Lanka,NUWARA ELIYA,1.0506,value,7,19,1.0506
COP2526-181,,FOOD PRODUCTION & TECHNOLOGY MANAGEMENT,Wayamba University of Sri Lanka,GALLE,1.1410,value,7,19,1.1410
COP2526-181,,FOOD PRODUCTION & TECHNOLOGY MANAGEMENT,Wayamba University of Sri Lanka,MATARA,1.1194,value,7,19,1.1194
COP2526-181,,FOOD PRODUCTION & TECHNOLOGY MANAGEMENT,Wayamba University of Sri Lanka,HAMBANTOTA,1.1545,value,7,19,1.1545
COP2526-181,,FOOD PRODUCTION & TECHNOLOGY MANAGEMENT,Wayamba University of Sri Lanka,JAFFNA,1.1188,value,7,19,1.1188
COP2526-181,,FOOD PRODUCTION & TECHNOLOGY MANAGEMENT,Wayamba University of Sri Lanka,KILINOCHCHI,0.5180,value,7,19,0.5180
COP2526-181,,FOOD PRODUCTION & TECHNOLOGY MANAGEMENT,Wayamba University of Sri Lanka,MANNAR,0.8648,value,7,19,0.8648
COP2526-181,,FOOD PRODUCTION & TECHNOLOGY MANAGEMENT,Wayamba University of Sri Lanka,MULLAITIVU,0.5473,value,7,19,0.5473
COP2526-181,,FOOD PRODUCTION & TECHNOLOGY MANAGEMENT,Wayamba University of Sri Lanka,VAVUNIYA,0.6683,value,7,19,0.6683
COP2526-181,,FOOD PRODUCTION & TECHNOLOGY MANAGEMENT,Wayamba University of Sri Lanka,TRINCOMALEE,1.1254,value,7,19,1.1254
COP2526-181,,FOOD PRODUCTION & TECHNOLOGY MANAGEMENT,Wayamba University of Sri Lanka,BATTICALOA,1.0845,value,7,19,1.0845
COP2526-181,,FOOD PRODUCTION & TECHNOLOGY MANAGEMENT,Wayamba University of Sri Lanka,AMPARA,1.0206,value,7,19,1.0206
COP2526-181,,FOOD PRODUCTION & TECHNOLOGY MANAGEMENT,Wayamba University of Sri Lanka,PUTTALAM,1.1388,value,7,19,1.1388
COP2526-181,,FOOD PRODUCTION & TECHNOLOGY MANAGEMENT,Wayamba University of Sri Lanka,KURUNEGALA,1.1360,value,7,19,1.1360
COP2526-181,,FOOD PRODUCTION & TECHNOLOGY MANAGEMENT,Wayamba University of Sri Lanka,ANURADHAPURA,0.9773,value,7,19,0.9773
COP2526-181,,FOOD PRODUCTION & TECHNOLOGY MANAGEMENT,Wayamba University of Sri Lanka,POLONNARUWA,1.0649,value,7,19,1.0649
COP2526-181,,FOOD PRODUCTION & TECHNOLOGY MANAGEMENT,Wayamba University of Sri Lanka,BADULLA,1.0280,value,7,19,1.0280
COP2526-181,,FOOD PRODUCTION & TECHNOLOGY MANAGEMENT,Wayamba University of Sri Lanka,MONARAGALA,1.0957,value,7,19,1.0957
COP2526-181,,FOOD PRODUCTION & TECHNOLOGY MANAGEMENT,Wayamba University of Sri Lanka,KEGALLE,1.1357,value,7,19,1.1357
COP2526-181,,FOOD PRODUCTION & TECHNOLOGY MANAGEMENT,Wayamba University of Sri Lanka,RATNAPURA,1.0649,value,7,19,1.0649
COP2526-182,,FOOD BUSINESS MANAGEMENT [Biological / Physical Science Stream],Sabaragamuwa University of Sri Lanka,COLOMBO,0.9929,value,7,20,0.9929
COP2526-182,,FOOD BUSINESS MANAGEMENT [Biological / Physical Science Stream],Sabaragamuwa University of Sri Lanka,GAMPAHA,1.0001,value,7,20,1.0001
COP2526-182,,FOOD BUSINESS MANAGEMENT [Biological / Physical Science Stream],Sabaragamuwa University of Sri Lanka,KALUTARA,1.0318,value,7,20,1.0318
COP2526-182,,FOOD BUSINESS MANAGEMENT [Biological / Physical Science Stream],Sabaragamuwa University of Sri Lanka,MATALE,0.8675,value,7,20,0.8675
COP2526-182,,FOOD BUSINESS MANAGEMENT [Biological / Physical Science Stream],Sabaragamuwa University of Sri Lanka,KANDY,1.0151,value,7,20,1.0151
COP2526-182,,FOOD BUSINESS MANAGEMENT [Biological / Physical Science Stream],Sabaragamuwa University of Sri Lanka,NUWARA ELIYA,0.8546,value,7,20,0.8546
COP2526-182,,FOOD BUSINESS MANAGEMENT [Biological / Physical Science Stream],Sabaragamuwa University of Sri Lanka,GALLE,1.0452,value,7,20,1.0452
COP2526-182,,FOOD BUSINESS MANAGEMENT [Biological / Physical Science Stream],Sabaragamuwa University of Sri Lanka,MATARA,1.0611,value,7,20,1.0611
COP2526-182,,FOOD BUSINESS MANAGEMENT [Biological / Physical Science Stream],Sabaragamuwa University of Sri Lanka,HAMBANTOTA,1.0512,value,7,20,1.0512
COP2526-182,,FOOD BUSINESS MANAGEMENT [Biological / Physical Science Stream],Sabaragamuwa University of Sri Lanka,JAFFNA,1.0100,value,7,20,1.0100
COP2526-182,,FOOD BUSINESS MANAGEMENT [Biological / Physical Science Stream],Sabaragamuwa University of Sri Lanka,KILINOCHCHI,0.5412,value,7,20,0.5412
COP2526-182,,FOOD BUSINESS MANAGEMENT [Biological / Physical Science Stream],Sabaragamuwa University of Sri Lanka,MANNAR,0.3753,value,7,20,0.3753
COP2526-182,,FOOD BUSINESS MANAGEMENT [Biological / Physical Science Stream],Sabaragamuwa University of Sri Lanka,MULLAITIVU,0.6198,value,7,20,0.6198
COP2526-182,,FOOD BUSINESS MANAGEMENT [Biological / Physical Science Stream],Sabaragamuwa University of Sri Lanka,VAVUNIYA,0.4889,value,7,20,0.4889
COP2526-182,,FOOD BUSINESS MANAGEMENT [Biological / Physical Science Stream],Sabaragamuwa University of Sri Lanka,TRINCOMALEE,1.0412,value,7,20,1.0412
COP2526-182,,FOOD BUSINESS MANAGEMENT [Biological / Physical Science Stream],Sabaragamuwa University of Sri Lanka,BATTICALOA,1.0554,value,7,20,1.0554
COP2526-182,,FOOD BUSINESS MANAGEMENT [Biological / Physical Science Stream],Sabaragamuwa University of Sri Lanka,AMPARA,1.0131,value,7,20,1.0131
COP2526-182,,FOOD BUSINESS MANAGEMENT [Biological / Physical Science Stream],Sabaragamuwa University of Sri Lanka,PUTTALAM,0.8826,value,7,20,0.8826
COP2526-182,,FOOD BUSINESS MANAGEMENT [Biological / Physical Science Stream],Sabaragamuwa University of Sri Lanka,KURUNEGALA,0.9985,value,7,20,0.9985
COP2526-182,,FOOD BUSINESS MANAGEMENT [Biological / Physical Science Stream],Sabaragamuwa University of Sri Lanka,ANURADHAPURA,1.0101,value,7,20,1.0101
COP2526-182,,FOOD BUSINESS MANAGEMENT [Biological / Physical Science Stream],Sabaragamuwa University of Sri Lanka,POLONNARUWA,1.0530,value,7,20,1.0530
COP2526-182,,FOOD BUSINESS MANAGEMENT [Biological / Physical Science Stream],Sabaragamuwa University of Sri Lanka,BADULLA,0.9745,value,7,20,0.9745
COP2526-182,,FOOD BUSINESS MANAGEMENT [Biological / Physical Science Stream],Sabaragamuwa University of Sri Lanka,MONARAGALA,0.9355,value,7,20,0.9355
COP2526-182,,FOOD BUSINESS MANAGEMENT [Biological / Physical Science Stream],Sabaragamuwa University of Sri Lanka,KEGALLE,1.0360,value,7,20,1.0360
COP2526-182,,FOOD BUSINESS MANAGEMENT [Biological / Physical Science Stream],Sabaragamuwa University of Sri Lanka,RATNAPURA,0.9523,value,7,20,0.9523
COP2526-183,,FOOD BUSINESS MANAGEMENT [Commerce Stream],Sabaragamuwa University of Sri Lanka,COLOMBO,1.2614,value,7,21,1.2614
COP2526-183,,FOOD BUSINESS MANAGEMENT [Commerce Stream],Sabaragamuwa University of Sri Lanka,GAMPAHA,1.2371,value,7,21,1.2371
COP2526-183,,FOOD BUSINESS MANAGEMENT [Commerce Stream],Sabaragamuwa University of Sri Lanka,KALUTARA,1.2660,value,7,21,1.2660
COP2526-183,,FOOD BUSINESS MANAGEMENT [Commerce Stream],Sabaragamuwa University of Sri Lanka,MATALE,1.2450,value,7,21,1.2450
COP2526-183,,FOOD BUSINESS MANAGEMENT [Commerce Stream],Sabaragamuwa University of Sri Lanka,KANDY,1.2452,value,7,21,1.2452
COP2526-183,,FOOD BUSINESS MANAGEMENT [Commerce Stream],Sabaragamuwa University of Sri Lanka,NUWARA ELIYA,1.0853,value,7,21,1.0853
COP2526-183,,FOOD BUSINESS MANAGEMENT [Commerce Stream],Sabaragamuwa University of Sri Lanka,GALLE,1.2629,value,7,21,1.2629
COP2526-183,,FOOD BUSINESS MANAGEMENT [Commerce Stream],Sabaragamuwa University of Sri Lanka,MATARA,1.2653,value,7,21,1.2653
COP2526-183,,FOOD BUSINESS MANAGEMENT [Commerce Stream],Sabaragamuwa University of Sri Lanka,HAMBANTOTA,1.1563,value,7,21,1.1563
COP2526-183,,FOOD BUSINESS MANAGEMENT [Commerce Stream],Sabaragamuwa University of Sri Lanka,JAFFNA,1.0056,value,7,21,1.0056
COP2526-183,,FOOD BUSINESS MANAGEMENT [Commerce Stream],Sabaragamuwa University of Sri Lanka,KILINOCHCHI,0.6910,value,7,21,0.6910
COP2526-183,,FOOD BUSINESS MANAGEMENT [Commerce Stream],Sabaragamuwa University of Sri Lanka,MANNAR,0.7151,value,7,21,0.7151
COP2526-183,,FOOD BUSINESS MANAGEMENT [Commerce Stream],Sabaragamuwa University of Sri Lanka,MULLAITIVU,0.8653,value,7,21,0.8653
COP2526-183,,FOOD BUSINESS MANAGEMENT [Commerce Stream],Sabaragamuwa University of Sri Lanka,VAVUNIYA,0.9357,value,7,21,0.9357
COP2526-183,,FOOD BUSINESS MANAGEMENT [Commerce Stream],Sabaragamuwa University of Sri Lanka,TRINCOMALEE,1.1397,value,7,21,1.1397
COP2526-183,,FOOD BUSINESS MANAGEMENT [Commerce Stream],Sabaragamuwa University of Sri Lanka,BATTICALOA,0.9324,value,7,21,0.9324
COP2526-183,,FOOD BUSINESS MANAGEMENT [Commerce Stream],Sabaragamuwa University of Sri Lanka,AMPARA,1.0181,value,7,21,1.0181
COP2526-183,,FOOD BUSINESS MANAGEMENT [Commerce Stream],Sabaragamuwa University of Sri Lanka,PUTTALAM,1.0773,value,7,21,1.0773
COP2526-183,,FOOD BUSINESS MANAGEMENT [Commerce Stream],Sabaragamuwa University of Sri Lanka,KURUNEGALA,1.2393,value,7,21,1.2393
COP2526-183,,FOOD BUSINESS MANAGEMENT [Commerce Stream],Sabaragamuwa University of Sri Lanka,ANURADHAPURA,1.1219,value,7,21,1.1219
COP2526-183,,FOOD BUSINESS MANAGEMENT [Commerce Stream],Sabaragamuwa University of Sri Lanka,POLONNARUWA,0.9637,value,7,21,0.9637
COP2526-183,,FOOD BUSINESS MANAGEMENT [Commerce Stream],Sabaragamuwa University of Sri Lanka,BADULLA,1.1337,value,7,21,1.1337
COP2526-183,,FOOD BUSINESS MANAGEMENT [Commerce Stream],Sabaragamuwa University of Sri Lanka,MONARAGALA,1.2360,value,7,21,1.2360
COP2526-183,,FOOD BUSINESS MANAGEMENT [Commerce Stream],Sabaragamuwa University of Sri Lanka,KEGALLE,1.2458,value,7,21,1.2458
COP2526-183,,FOOD BUSINESS MANAGEMENT [Commerce Stream],Sabaragamuwa University of Sri Lanka,RATNAPURA,1.2591,value,7,21,1.2591
COP2526-184,,MANAGEMENT AND INFORMATION TECHNOLOGY (SEUSL),South Eastern University of Sri Lanka,COLOMBO,1.2836,value,7,22,1.2836
COP2526-184,,MANAGEMENT AND INFORMATION TECHNOLOGY (SEUSL),South Eastern University of Sri Lanka,GAMPAHA,1.2935,value,7,22,1.2935
COP2526-184,,MANAGEMENT AND INFORMATION TECHNOLOGY (SEUSL),South Eastern University of Sri Lanka,KALUTARA,1.3486,value,7,22,1.3486
COP2526-184,,MANAGEMENT AND INFORMATION TECHNOLOGY (SEUSL),South Eastern University of Sri Lanka,MATALE,1.5066,value,7,22,1.5066
COP2526-184,,MANAGEMENT AND INFORMATION TECHNOLOGY (SEUSL),South Eastern University of Sri Lanka,KANDY,1.3808,value,7,22,1.3808
COP2526-184,,MANAGEMENT AND INFORMATION TECHNOLOGY (SEUSL),South Eastern University of Sri Lanka,NUWARA ELIYA,1.5213,value,7,22,1.5213
COP2526-184,,MANAGEMENT AND INFORMATION TECHNOLOGY (SEUSL),South Eastern University of Sri Lanka,GALLE,1.3278,value,7,22,1.3278
COP2526-184,,MANAGEMENT AND INFORMATION TECHNOLOGY (SEUSL),South Eastern University of Sri Lanka,MATARA,1.3615,value,7,22,1.3615
COP2526-184,,MANAGEMENT AND INFORMATION TECHNOLOGY (SEUSL),South Eastern University of Sri Lanka,HAMBANTOTA,1.3200,value,7,22,1.3200
COP2526-184,,MANAGEMENT AND INFORMATION TECHNOLOGY (SEUSL),South Eastern University of Sri Lanka,JAFFNA,1.3540,value,7,22,1.3540
COP2526-184,,MANAGEMENT AND INFORMATION TECHNOLOGY (SEUSL),South Eastern University of Sri Lanka,KILINOCHCHI,1.5696,value,7,22,1.5696
COP2526-184,,MANAGEMENT AND INFORMATION TECHNOLOGY (SEUSL),South Eastern University of Sri Lanka,MANNAR,1.5800,value,7,22,1.5800
COP2526-184,,MANAGEMENT AND INFORMATION TECHNOLOGY (SEUSL),South Eastern University of Sri Lanka,MULLAITIVU,1.5782,value,7,22,1.5782
COP2526-184,,MANAGEMENT AND INFORMATION TECHNOLOGY (SEUSL),South Eastern University of Sri Lanka,VAVUNIYA,1.4697,value,7,22,1.4697
COP2526-184,,MANAGEMENT AND INFORMATION TECHNOLOGY (SEUSL),South Eastern University of Sri Lanka,TRINCOMALEE,1.5515,value,7,22,1.5515
COP2526-184,,MANAGEMENT AND INFORMATION TECHNOLOGY (SEUSL),South Eastern University of Sri Lanka,BATTICALOA,1.5275,value,7,22,1.5275
COP2526-184,,MANAGEMENT AND INFORMATION TECHNOLOGY (SEUSL),South Eastern University of Sri Lanka,AMPARA,1.5254,value,7,22,1.5254
COP2526-184,,MANAGEMENT AND INFORMATION TECHNOLOGY (SEUSL),South Eastern University of Sri Lanka,PUTTALAM,1.4883,value,7,22,1.4883
COP2526-184,,MANAGEMENT AND INFORMATION TECHNOLOGY (SEUSL),South Eastern University of Sri Lanka,KURUNEGALA,1.4192,value,7,22,1.4192
COP2526-184,,MANAGEMENT AND INFORMATION TECHNOLOGY (SEUSL),South Eastern University of Sri Lanka,ANURADHAPURA,1.3860,value,7,22,1.3860
COP2526-184,,MANAGEMENT AND INFORMATION TECHNOLOGY (SEUSL),South Eastern University of Sri Lanka,POLONNARUWA,1.3139,value,7,22,1.3139
COP2526-184,,MANAGEMENT AND INFORMATION TECHNOLOGY (SEUSL),South Eastern University of Sri Lanka,BADULLA,1.4732,value,7,22,1.4732
COP2526-184,,MANAGEMENT AND INFORMATION TECHNOLOGY (SEUSL),South Eastern University of Sri Lanka,MONARAGALA,1.4539,value,7,22,1.4539
COP2526-184,,MANAGEMENT AND INFORMATION TECHNOLOGY (SEUSL),South Eastern University of Sri Lanka,KEGALLE,1.4550,value,7,22,1.4550
COP2526-184,,MANAGEMENT AND INFORMATION TECHNOLOGY (SEUSL),South Eastern University of Sri Lanka,RATNAPURA,1.3650,value,7,22,1.3650
COP2526-185,,DATA SCIENCE,Sabaragamuwa University of Sri Lanka,COLOMBO,1.3945,value,7,23,1.3945
COP2526-185,,DATA SCIENCE,Sabaragamuwa University of Sri Lanka,GAMPAHA,1.3905,value,7,23,1.3905
COP2526-185,,DATA SCIENCE,Sabaragamuwa University of Sri Lanka,KALUTARA,1.3916,value,7,23,1.3916
COP2526-185,,DATA SCIENCE,Sabaragamuwa University of Sri Lanka,MATALE,1.2547,value,7,23,1.2547
COP2526-185,,DATA SCIENCE,Sabaragamuwa University of Sri Lanka,KANDY,1.4156,value,7,23,1.4156
COP2526-185,,DATA SCIENCE,Sabaragamuwa University of Sri Lanka,NUWARA ELIYA,1.2260,value,7,23,1.2260
COP2526-185,,DATA SCIENCE,Sabaragamuwa University of Sri Lanka,GALLE,1.3952,value,7,23,1.3952
COP2526-185,,DATA SCIENCE,Sabaragamuwa University of Sri Lanka,MATARA,1.4157,value,7,23,1.4157
COP2526-185,,DATA SCIENCE,Sabaragamuwa University of Sri Lanka,HAMBANTOTA,1.4029,value,7,23,1.4029
COP2526-185,,DATA SCIENCE,Sabaragamuwa University of Sri Lanka,JAFFNA,1.4058,value,7,23,1.4058
COP2526-185,,DATA SCIENCE,Sabaragamuwa University of Sri Lanka,KILINOCHCHI,0.7963,value,7,23,0.7963
COP2526-185,,DATA SCIENCE,Sabaragamuwa University of Sri Lanka,MANNAR,0.8714,value,7,23,0.8714
COP2526-185,,DATA SCIENCE,Sabaragamuwa University of Sri Lanka,MULLAITIVU,0.8184,value,7,23,0.8184
COP2526-185,,DATA SCIENCE,Sabaragamuwa University of Sri Lanka,VAVUNIYA,0.9345,value,7,23,0.9345
COP2526-185,,DATA SCIENCE,Sabaragamuwa University of Sri Lanka,TRINCOMALEE,1.4235,value,7,23,1.4235
COP2526-185,,DATA SCIENCE,Sabaragamuwa University of Sri Lanka,BATTICALOA,1.2881,value,7,23,1.2881
COP2526-185,,DATA SCIENCE,Sabaragamuwa University of Sri Lanka,AMPARA,1.4073,value,7,23,1.4073
COP2526-185,,DATA SCIENCE,Sabaragamuwa University of Sri Lanka,PUTTALAM,1.3330,value,7,23,1.3330
COP2526-185,,DATA SCIENCE,Sabaragamuwa University of Sri Lanka,KURUNEGALA,1.3978,value,7,23,1.3978
COP2526-185,,DATA SCIENCE,Sabaragamuwa University of Sri Lanka,ANURADHAPURA,1.2328,value,7,23,1.2328
COP2526-185,,DATA SCIENCE,Sabaragamuwa University of Sri Lanka,POLONNARUWA,1.0667,value,7,23,1.0667
COP2526-185,,DATA SCIENCE,Sabaragamuwa University of Sri Lanka,BADULLA,1.3583,value,7,23,1.3583
COP2526-185,,DATA SCIENCE,Sabaragamuwa University of Sri Lanka,MONARAGALA,1.2711,value,7,23,1.2711
COP2526-185,,DATA SCIENCE,Sabaragamuwa University of Sri Lanka,KEGALLE,1.4191,value,7,23,1.4191
COP2526-185,,DATA SCIENCE,Sabaragamuwa University of Sri Lanka,RATNAPURA,1.3764,value,7,23,1.3764
COP2526-186,,PHYSICAL EDUCATION,University of Jaffna,COLOMBO,,NQC,7,24,NQC
COP2526-186,,PHYSICAL EDUCATION,University of Jaffna,GAMPAHA,-0.0570,value,7,24,-0.0570
COP2526-186,,PHYSICAL EDUCATION,University of Jaffna,KALUTARA,-0.2379,value,7,24,-0.2379
COP2526-186,,PHYSICAL EDUCATION,University of Jaffna,MATALE,,NQC,7,24,NQC
COP2526-186,,PHYSICAL EDUCATION,University of Jaffna,KANDY,,NQC,7,24,NQC
COP2526-186,,PHYSICAL EDUCATION,University of Jaffna,NUWARA ELIYA,-0.0776,value,7,24,-0.0776
COP2526-186,,PHYSICAL EDUCATION,University of Jaffna,GALLE,0.3697,value,7,24,0.3697
COP2526-186,,PHYSICAL EDUCATION,University of Jaffna,MATARA,0.2583,value,7,24,0.2583
COP2526-186,,PHYSICAL EDUCATION,University of Jaffna,HAMBANTOTA,-0.2398,value,7,24,-0.2398
COP2526-186,,PHYSICAL EDUCATION,University of Jaffna,JAFFNA,0.4990,value,7,24,0.4990
COP2526-186,,PHYSICAL EDUCATION,University of Jaffna,KILINOCHCHI,0.7277,value,7,24,0.7277
COP2526-186,,PHYSICAL EDUCATION,University of Jaffna,MANNAR,1.0179,value,7,24,1.0179
COP2526-186,,PHYSICAL EDUCATION,University of Jaffna,MULLAITIVU,0.5823,value,7,24,0.5823
COP2526-186,,PHYSICAL EDUCATION,University of Jaffna,VAVUNIYA,,NQC,7,24,NQC
COP2526-186,,PHYSICAL EDUCATION,University of Jaffna,TRINCOMALEE,0.5723,value,7,24,0.5723
COP2526-186,,PHYSICAL EDUCATION,University of Jaffna,BATTICALOA,,NQC,7,24,NQC
COP2526-186,,PHYSICAL EDUCATION,University of Jaffna,AMPARA,0.5989,value,7,24,0.5989
COP2526-186,,PHYSICAL EDUCATION,University of Jaffna,PUTTALAM,0.0792,value,7,24,0.0792
COP2526-186,,PHYSICAL EDUCATION,University of Jaffna,KURUNEGALA,0.2526,value,7,24,0.2526
COP2526-186,,PHYSICAL EDUCATION,University of Jaffna,ANURADHAPURA,0.1569,value,7,24,0.1569
COP2526-186,,PHYSICAL EDUCATION,University of Jaffna,POLONNARUWA,0.2780,value,7,24,0.2780
COP2526-186,,PHYSICAL EDUCATION,University of Jaffna,BADULLA,,NQC,7,24,NQC
COP2526-186,,PHYSICAL EDUCATION,University of Jaffna,MONARAGALA,0.2144,value,7,24,0.2144
COP2526-186,,PHYSICAL EDUCATION,University of Jaffna,KEGALLE,,NQC,7,24,NQC
COP2526-186,,PHYSICAL EDUCATION,University of Jaffna,RATNAPURA,0.2305,value,7,24,0.2305
COP2526-187,,PHYSICAL EDUCATION,Sabaragamuwa University of Sri Lanka,COLOMBO,0.3267,value,7,25,0.3267
COP2526-187,,PHYSICAL EDUCATION,Sabaragamuwa University of Sri Lanka,GAMPAHA,0.4092,value,7,25,0.4092
COP2526-187,,PHYSICAL EDUCATION,Sabaragamuwa University of Sri Lanka,KALUTARA,0.4049,value,7,25,0.4049
COP2526-187,,PHYSICAL EDUCATION,Sabaragamuwa University of Sri Lanka,MATALE,0.3932,value,7,25,0.3932
COP2526-187,,PHYSICAL EDUCATION,Sabaragamuwa University of Sri Lanka,KANDY,0.4172,value,7,25,0.4172
COP2526-187,,PHYSICAL EDUCATION,Sabaragamuwa University of Sri Lanka,NUWARA ELIYA,0.9178,value,7,25,0.9178
COP2526-187,,PHYSICAL EDUCATION,Sabaragamuwa University of Sri Lanka,GALLE,0.4193,value,7,25,0.4193
COP2526-187,,PHYSICAL EDUCATION,Sabaragamuwa University of Sri Lanka,MATARA,0.3408,value,7,25,0.3408
COP2526-187,,PHYSICAL EDUCATION,Sabaragamuwa University of Sri Lanka,HAMBANTOTA,,NQC,7,25,NQC
COP2526-187,,PHYSICAL EDUCATION,Sabaragamuwa University of Sri Lanka,JAFFNA,0.4813,value,7,25,0.4813
COP2526-187,,PHYSICAL EDUCATION,Sabaragamuwa University of Sri Lanka,KILINOCHCHI,0.5405,value,7,25,0.5405
COP2526-187,,PHYSICAL EDUCATION,Sabaragamuwa University of Sri Lanka,MANNAR,0.5633,value,7,25,0.5633
COP2526-187,,PHYSICAL EDUCATION,Sabaragamuwa University of Sri Lanka,MULLAITIVU,0.5598,value,7,25,0.5598
COP2526-187,,PHYSICAL EDUCATION,Sabaragamuwa University of Sri Lanka,VAVUNIYA,0.3677,value,7,25,0.3677
COP2526-187,,PHYSICAL EDUCATION,Sabaragamuwa University of Sri Lanka,TRINCOMALEE,0.5559,value,7,25,0.5559
COP2526-187,,PHYSICAL EDUCATION,Sabaragamuwa University of Sri Lanka,BATTICALOA,0.3719,value,7,25,0.3719
COP2526-187,,PHYSICAL EDUCATION,Sabaragamuwa University of Sri Lanka,AMPARA,0.3814,value,7,25,0.3814
COP2526-187,,PHYSICAL EDUCATION,Sabaragamuwa University of Sri Lanka,PUTTALAM,0.3283,value,7,25,0.3283
COP2526-187,,PHYSICAL EDUCATION,Sabaragamuwa University of Sri Lanka,KURUNEGALA,0.3283,value,7,25,0.3283
COP2526-187,,PHYSICAL EDUCATION,Sabaragamuwa University of Sri Lanka,ANURADHAPURA,0.3824,value,7,25,0.3824
COP2526-187,,PHYSICAL EDUCATION,Sabaragamuwa University of Sri Lanka,POLONNARUWA,0.5361,value,7,25,0.5361
COP2526-187,,PHYSICAL EDUCATION,Sabaragamuwa University of Sri Lanka,BADULLA,0.3789,value,7,25,0.3789
COP2526-187,,PHYSICAL EDUCATION,Sabaragamuwa University of Sri Lanka,MONARAGALA,0.3254,value,7,25,0.3254
COP2526-187,,PHYSICAL EDUCATION,Sabaragamuwa University of Sri Lanka,KEGALLE,0.3598,value,7,25,0.3598
COP2526-187,,PHYSICAL EDUCATION,Sabaragamuwa University of Sri Lanka,RATNAPURA,0.3959,value,7,25,0.3959
COP2526-188,,SPORTS SCIENCE & MANAGEMENT,University of Sri Jayewardenepura,COLOMBO,0.8858,value,7,26,0.8858
COP2526-188,,SPORTS SCIENCE & MANAGEMENT,University of Sri Jayewardenepura,GAMPAHA,0.9881,value,7,26,0.9881
COP2526-188,,SPORTS SCIENCE & MANAGEMENT,University of Sri Jayewardenepura,KALUTARA,0.9106,value,7,26,0.9106
COP2526-188,,SPORTS SCIENCE & MANAGEMENT,University of Sri Jayewardenepura,MATALE,1.1178,value,7,26,1.1178
COP2526-188,,SPORTS SCIENCE & MANAGEMENT,University of Sri Jayewardenepura,KANDY,0.9023,value,7,26,0.9023
COP2526-188,,SPORTS SCIENCE & MANAGEMENT,University of Sri Jayewardenepura,NUWARA ELIYA,,NQC,7,26,NQC
COP2526-188,,SPORTS SCIENCE & MANAGEMENT,University of Sri Jayewardenepura,GALLE,0.9608,value,7,26,0.9608
COP2526-188,,SPORTS SCIENCE & MANAGEMENT,University of Sri Jayewardenepura,MATARA,0.9758,value,7,26,0.9758
COP2526-188,,SPORTS SCIENCE & MANAGEMENT,University of Sri Jayewardenepura,HAMBANTOTA,0.9334,value,7,26,0.9334
COP2526-188,,SPORTS SCIENCE & MANAGEMENT,University of Sri Jayewardenepura,JAFFNA,0.9412,value,7,26,0.9412
COP2526-188,,SPORTS SCIENCE & MANAGEMENT,University of Sri Jayewardenepura,KILINOCHCHI,,NQC,7,26,NQC
COP2526-188,,SPORTS SCIENCE & MANAGEMENT,University of Sri Jayewardenepura,MANNAR,,NQC,7,26,NQC
COP2526-188,,SPORTS SCIENCE & MANAGEMENT,University of Sri Jayewardenepura,MULLAITIVU,1.4175,value,7,26,1.4175
COP2526-188,,SPORTS SCIENCE & MANAGEMENT,University of Sri Jayewardenepura,VAVUNIYA,,NQC,7,26,NQC
COP2526-188,,SPORTS SCIENCE & MANAGEMENT,University of Sri Jayewardenepura,TRINCOMALEE,,NQC,7,26,NQC
COP2526-188,,SPORTS SCIENCE & MANAGEMENT,University of Sri Jayewardenepura,BATTICALOA,,NQC,7,26,NQC
COP2526-188,,SPORTS SCIENCE & MANAGEMENT,University of Sri Jayewardenepura,AMPARA,0.9983,value,7,26,0.9983
COP2526-188,,SPORTS SCIENCE & MANAGEMENT,University of Sri Jayewardenepura,PUTTALAM,,NQC,7,26,NQC
COP2526-188,,SPORTS SCIENCE & MANAGEMENT,University of Sri Jayewardenepura,KURUNEGALA,0.8892,value,7,26,0.8892
COP2526-188,,SPORTS SCIENCE & MANAGEMENT,University of Sri Jayewardenepura,ANURADHAPURA,0.8658,value,7,26,0.8658
COP2526-188,,SPORTS SCIENCE & MANAGEMENT,University of Sri Jayewardenepura,POLONNARUWA,,NQC,7,26,NQC
COP2526-188,,SPORTS SCIENCE & MANAGEMENT,University of Sri Jayewardenepura,BADULLA,0.9536,value,7,26,0.9536
COP2526-188,,SPORTS SCIENCE & MANAGEMENT,University of Sri Jayewardenepura,MONARAGALA,0.9190,value,7,26,0.9190
COP2526-188,,SPORTS SCIENCE & MANAGEMENT,University of Sri Jayewardenepura,KEGALLE,1.0483,value,7,26,1.0483
COP2526-188,,SPORTS SCIENCE & MANAGEMENT,University of Sri Jayewardenepura,RATNAPURA,0.9084,value,7,26,0.9084
COP2526-189,,SPORTS SCIENCE & MANAGEMENT,Sabaragamuwa University of Sri Lanka,COLOMBO,0.6338,value,8,1,0.6338
COP2526-189,,SPORTS SCIENCE & MANAGEMENT,Sabaragamuwa University of Sri Lanka,GAMPAHA,0.2918,value,8,1,0.2918
COP2526-189,,SPORTS SCIENCE & MANAGEMENT,Sabaragamuwa University of Sri Lanka,KALUTARA,0.8046,value,8,1,0.8046
COP2526-189,,SPORTS SCIENCE & MANAGEMENT,Sabaragamuwa University of Sri Lanka,MATALE,0.4031,value,8,1,0.4031
COP2526-189,,SPORTS SCIENCE & MANAGEMENT,Sabaragamuwa University of Sri Lanka,KANDY,0.5785,value,8,1,0.5785
COP2526-189,,SPORTS SCIENCE & MANAGEMENT,Sabaragamuwa University of Sri Lanka,NUWARA ELIYA,0.1791,value,8,1,0.1791
COP2526-189,,SPORTS SCIENCE & MANAGEMENT,Sabaragamuwa University of Sri Lanka,GALLE,0.6734,value,8,1,0.6734
COP2526-189,,SPORTS SCIENCE & MANAGEMENT,Sabaragamuwa University of Sri Lanka,MATARA,0.6787,value,8,1,0.6787
COP2526-189,,SPORTS SCIENCE & MANAGEMENT,Sabaragamuwa University of Sri Lanka,HAMBANTOTA,-0.0724,value,8,1,-0.0724
COP2526-189,,SPORTS SCIENCE & MANAGEMENT,Sabaragamuwa University of Sri Lanka,JAFFNA,0.8062,value,8,1,0.8062
COP2526-189,,SPORTS SCIENCE & MANAGEMENT,Sabaragamuwa University of Sri Lanka,KILINOCHCHI,0.7687,value,8,1,0.7687
COP2526-189,,SPORTS SCIENCE & MANAGEMENT,Sabaragamuwa University of Sri Lanka,MANNAR,0.5631,value,8,1,0.5631
COP2526-189,,SPORTS SCIENCE & MANAGEMENT,Sabaragamuwa University of Sri Lanka,MULLAITIVU,0.6905,value,8,1,0.6905
COP2526-189,,SPORTS SCIENCE & MANAGEMENT,Sabaragamuwa University of Sri Lanka,VAVUNIYA,0.1119,value,8,1,0.1119
COP2526-189,,SPORTS SCIENCE & MANAGEMENT,Sabaragamuwa University of Sri Lanka,TRINCOMALEE,0.5343,value,8,1,0.5343
COP2526-189,,SPORTS SCIENCE & MANAGEMENT,Sabaragamuwa University of Sri Lanka,BATTICALOA,0.6257,value,8,1,0.6257
COP2526-189,,SPORTS SCIENCE & MANAGEMENT,Sabaragamuwa University of Sri Lanka,AMPARA,0.4495,value,8,1,0.4495
COP2526-189,,SPORTS SCIENCE & MANAGEMENT,Sabaragamuwa University of Sri Lanka,PUTTALAM,0.3530,value,8,1,0.3530
COP2526-189,,SPORTS SCIENCE & MANAGEMENT,Sabaragamuwa University of Sri Lanka,KURUNEGALA,0.6632,value,8,1,0.6632
COP2526-189,,SPORTS SCIENCE & MANAGEMENT,Sabaragamuwa University of Sri Lanka,ANURADHAPURA,0.7171,value,8,1,0.7171
COP2526-189,,SPORTS SCIENCE & MANAGEMENT,Sabaragamuwa University of Sri Lanka,POLONNARUWA,0.8250,value,8,1,0.8250
COP2526-189,,SPORTS SCIENCE & MANAGEMENT,Sabaragamuwa University of Sri Lanka,BADULLA,0.7357,value,8,1,0.7357
COP2526-189,,SPORTS SCIENCE & MANAGEMENT,Sabaragamuwa University of Sri Lanka,MONARAGALA,0.4029,value,8,1,0.4029
COP2526-189,,SPORTS SCIENCE & MANAGEMENT,Sabaragamuwa University of Sri Lanka,KEGALLE,0.4560,value,8,1,0.4560
COP2526-189,,SPORTS SCIENCE & MANAGEMENT,Sabaragamuwa University of Sri Lanka,RATNAPURA,,NQC,8,1,NQC
COP2526-190,,SPORTS SCIENCE,University of Kelaniya,COLOMBO,0.7496,value,8,2,0.7496
COP2526-190,,SPORTS SCIENCE,University of Kelaniya,GAMPAHA,0.7521,value,8,2,0.7521
COP2526-190,,SPORTS SCIENCE,University of Kelaniya,KALUTARA,0.6475,value,8,2,0.6475
COP2526-190,,SPORTS SCIENCE,University of Kelaniya,MATALE,0.6587,value,8,2,0.6587
COP2526-190,,SPORTS SCIENCE,University of Kelaniya,KANDY,0.7731,value,8,2,0.7731
COP2526-190,,SPORTS SCIENCE,University of Kelaniya,NUWARA ELIYA,0.1416,value,8,2,0.1416
COP2526-190,,SPORTS SCIENCE,University of Kelaniya,GALLE,0.7399,value,8,2,0.7399
COP2526-190,,SPORTS SCIENCE,University of Kelaniya,MATARA,0.7978,value,8,2,0.7978
COP2526-190,,SPORTS SCIENCE,University of Kelaniya,HAMBANTOTA,0.6059,value,8,2,0.6059
COP2526-190,,SPORTS SCIENCE,University of Kelaniya,JAFFNA,0.3876,value,8,2,0.3876
COP2526-190,,SPORTS SCIENCE,University of Kelaniya,KILINOCHCHI,0.4427,value,8,2,0.4427
COP2526-190,,SPORTS SCIENCE,University of Kelaniya,MANNAR,0.7328,value,8,2,0.7328
COP2526-190,,SPORTS SCIENCE,University of Kelaniya,MULLAITIVU,0.5899,value,8,2,0.5899
COP2526-190,,SPORTS SCIENCE,University of Kelaniya,VAVUNIYA,-0.0195,value,8,2,-0.0195
COP2526-190,,SPORTS SCIENCE,University of Kelaniya,TRINCOMALEE,0.7943,value,8,2,0.7943
COP2526-190,,SPORTS SCIENCE,University of Kelaniya,BATTICALOA,0.4757,value,8,2,0.4757
COP2526-190,,SPORTS SCIENCE,University of Kelaniya,AMPARA,0.3690,value,8,2,0.3690
COP2526-190,,SPORTS SCIENCE,University of Kelaniya,PUTTALAM,0.5257,value,8,2,0.5257
COP2526-190,,SPORTS SCIENCE,University of Kelaniya,KURUNEGALA,0.8262,value,8,2,0.8262
COP2526-190,,SPORTS SCIENCE,University of Kelaniya,ANURADHAPURA,0.7972,value,8,2,0.7972
COP2526-190,,SPORTS SCIENCE,University of Kelaniya,POLONNARUWA,0.2898,value,8,2,0.2898
COP2526-190,,SPORTS SCIENCE,University of Kelaniya,BADULLA,0.7527,value,8,2,0.7527
COP2526-190,,SPORTS SCIENCE,University of Kelaniya,MONARAGALA,0.6405,value,8,2,0.6405
COP2526-190,,SPORTS SCIENCE,University of Kelaniya,KEGALLE,0.8041,value,8,2,0.8041
COP2526-190,,SPORTS SCIENCE,University of Kelaniya,RATNAPURA,0.8404,value,8,2,0.8404
COP2526-191,,SPEECH AND HEARING SCIENCES,University of Kelaniya,COLOMBO,1.4491,value,8,3,1.4491
COP2526-191,,SPEECH AND HEARING SCIENCES,University of Kelaniya,GAMPAHA,1.4509,value,8,3,1.4509
COP2526-191,,SPEECH AND HEARING SCIENCES,University of Kelaniya,KALUTARA,1.4361,value,8,3,1.4361
COP2526-191,,SPEECH AND HEARING SCIENCES,University of Kelaniya,MATALE,1.3891,value,8,3,1.3891
COP2526-191,,SPEECH AND HEARING SCIENCES,University of Kelaniya,KANDY,1.4175,value,8,3,1.4175
COP2526-191,,SPEECH AND HEARING SCIENCES,University of Kelaniya,NUWARA ELIYA,1.1121,value,8,3,1.1121
COP2526-191,,SPEECH AND HEARING SCIENCES,University of Kelaniya,GALLE,1.4708,value,8,3,1.4708
COP2526-191,,SPEECH AND HEARING SCIENCES,University of Kelaniya,MATARA,1.4013,value,8,3,1.4013
COP2526-191,,SPEECH AND HEARING SCIENCES,University of Kelaniya,HAMBANTOTA,1.4445,value,8,3,1.4445
COP2526-191,,SPEECH AND HEARING SCIENCES,University of Kelaniya,JAFFNA,1.4573,value,8,3,1.4573
COP2526-191,,SPEECH AND HEARING SCIENCES,University of Kelaniya,KILINOCHCHI,1.3298,value,8,3,1.3298
COP2526-191,,SPEECH AND HEARING SCIENCES,University of Kelaniya,MANNAR,1.2016,value,8,3,1.2016
COP2526-191,,SPEECH AND HEARING SCIENCES,University of Kelaniya,MULLAITIVU,1.0084,value,8,3,1.0084
COP2526-191,,SPEECH AND HEARING SCIENCES,University of Kelaniya,VAVUNIYA,1.3685,value,8,3,1.3685
COP2526-191,,SPEECH AND HEARING SCIENCES,University of Kelaniya,TRINCOMALEE,1.4817,value,8,3,1.4817
COP2526-191,,SPEECH AND HEARING SCIENCES,University of Kelaniya,BATTICALOA,1.4760,value,8,3,1.4760
COP2526-191,,SPEECH AND HEARING SCIENCES,University of Kelaniya,AMPARA,1.4511,value,8,3,1.4511
COP2526-191,,SPEECH AND HEARING SCIENCES,University of Kelaniya,PUTTALAM,1.3534,value,8,3,1.3534
COP2526-191,,SPEECH AND HEARING SCIENCES,University of Kelaniya,KURUNEGALA,1.4302,value,8,3,1.4302
COP2526-191,,SPEECH AND HEARING SCIENCES,University of Kelaniya,ANURADHAPURA,1.3752,value,8,3,1.3752
COP2526-191,,SPEECH AND HEARING SCIENCES,University of Kelaniya,POLONNARUWA,1.1360,value,8,3,1.1360
COP2526-191,,SPEECH AND HEARING SCIENCES,University of Kelaniya,BADULLA,1.3515,value,8,3,1.3515
COP2526-191,,SPEECH AND HEARING SCIENCES,University of Kelaniya,MONARAGALA,1.3645,value,8,3,1.3645
COP2526-191,,SPEECH AND HEARING SCIENCES,University of Kelaniya,KEGALLE,1.4123,value,8,3,1.4123
COP2526-191,,SPEECH AND HEARING SCIENCES,University of Kelaniya,RATNAPURA,1.4577,value,8,3,1.4577
COP2526-192,,TOURISM & HOSPITALITY MANAGEMENT,Rajarata University of Sri Lanka,COLOMBO,,NQC,8,4,NQC
COP2526-192,,TOURISM & HOSPITALITY MANAGEMENT,Rajarata University of Sri Lanka,GAMPAHA,1.4210,value,8,4,1.4210
COP2526-192,,TOURISM & HOSPITALITY MANAGEMENT,Rajarata University of Sri Lanka,KALUTARA,1.4301,value,8,4,1.4301
COP2526-192,,TOURISM & HOSPITALITY MANAGEMENT,Rajarata University of Sri Lanka,MATALE,1.4777,value,8,4,1.4777
COP2526-192,,TOURISM & HOSPITALITY MANAGEMENT,Rajarata University of Sri Lanka,KANDY,1.4439,value,8,4,1.4439
COP2526-192,,TOURISM & HOSPITALITY MANAGEMENT,Rajarata University of Sri Lanka,NUWARA ELIYA,1.4813,value,8,4,1.4813
COP2526-192,,TOURISM & HOSPITALITY MANAGEMENT,Rajarata University of Sri Lanka,GALLE,,NQC,8,4,NQC
COP2526-192,,TOURISM & HOSPITALITY MANAGEMENT,Rajarata University of Sri Lanka,MATARA,1.5748,value,8,4,1.5748
COP2526-192,,TOURISM & HOSPITALITY MANAGEMENT,Rajarata University of Sri Lanka,HAMBANTOTA,,NQC,8,4,NQC
COP2526-192,,TOURISM & HOSPITALITY MANAGEMENT,Rajarata University of Sri Lanka,JAFFNA,1.4734,value,8,4,1.4734
COP2526-192,,TOURISM & HOSPITALITY MANAGEMENT,Rajarata University of Sri Lanka,KILINOCHCHI,1.5649,value,8,4,1.5649
COP2526-192,,TOURISM & HOSPITALITY MANAGEMENT,Rajarata University of Sri Lanka,MANNAR,1.4432,value,8,4,1.4432
COP2526-192,,TOURISM & HOSPITALITY MANAGEMENT,Rajarata University of Sri Lanka,MULLAITIVU,1.5324,value,8,4,1.5324
COP2526-192,,TOURISM & HOSPITALITY MANAGEMENT,Rajarata University of Sri Lanka,VAVUNIYA,1.4885,value,8,4,1.4885
COP2526-192,,TOURISM & HOSPITALITY MANAGEMENT,Rajarata University of Sri Lanka,TRINCOMALEE,1.5206,value,8,4,1.5206
COP2526-192,,TOURISM & HOSPITALITY MANAGEMENT,Rajarata University of Sri Lanka,BATTICALOA,1.4242,value,8,4,1.4242
COP2526-192,,TOURISM & HOSPITALITY MANAGEMENT,Rajarata University of Sri Lanka,AMPARA,1.4437,value,8,4,1.4437
COP2526-192,,TOURISM & HOSPITALITY MANAGEMENT,Rajarata University of Sri Lanka,PUTTALAM,1.4907,value,8,4,1.4907
COP2526-192,,TOURISM & HOSPITALITY MANAGEMENT,Rajarata University of Sri Lanka,KURUNEGALA,1.4384,value,8,4,1.4384
COP2526-192,,TOURISM & HOSPITALITY MANAGEMENT,Rajarata University of Sri Lanka,ANURADHAPURA,1.4839,value,8,4,1.4839
COP2526-192,,TOURISM & HOSPITALITY MANAGEMENT,Rajarata University of Sri Lanka,POLONNARUWA,1.5506,value,8,4,1.5506
COP2526-192,,TOURISM & HOSPITALITY MANAGEMENT,Rajarata University of Sri Lanka,BADULLA,1.4519,value,8,4,1.4519
COP2526-192,,TOURISM & HOSPITALITY MANAGEMENT,Rajarata University of Sri Lanka,MONARAGALA,,NQC,8,4,NQC
COP2526-192,,TOURISM & HOSPITALITY MANAGEMENT,Rajarata University of Sri Lanka,KEGALLE,1.4362,value,8,4,1.4362
COP2526-192,,TOURISM & HOSPITALITY MANAGEMENT,Rajarata University of Sri Lanka,RATNAPURA,1.4819,value,8,4,1.4819
COP2526-193,,TOURISM & HOSPITALITY MANAGEMENT,Sabaragamuwa University of Sri Lanka,COLOMBO,1.3321,value,8,5,1.3321
COP2526-193,,TOURISM & HOSPITALITY MANAGEMENT,Sabaragamuwa University of Sri Lanka,GAMPAHA,1.3588,value,8,5,1.3588
COP2526-193,,TOURISM & HOSPITALITY MANAGEMENT,Sabaragamuwa University of Sri Lanka,KALUTARA,1.3840,value,8,5,1.3840
COP2526-193,,TOURISM & HOSPITALITY MANAGEMENT,Sabaragamuwa University of Sri Lanka,MATALE,1.4103,value,8,5,1.4103
COP2526-193,,TOURISM & HOSPITALITY MANAGEMENT,Sabaragamuwa University of Sri Lanka,KANDY,1.3443,value,8,5,1.3443
COP2526-193,,TOURISM & HOSPITALITY MANAGEMENT,Sabaragamuwa University of Sri Lanka,NUWARA ELIYA,1.5137,value,8,5,1.5137
COP2526-193,,TOURISM & HOSPITALITY MANAGEMENT,Sabaragamuwa University of Sri Lanka,GALLE,1.3939,value,8,5,1.3939
COP2526-193,,TOURISM & HOSPITALITY MANAGEMENT,Sabaragamuwa University of Sri Lanka,MATARA,1.4768,value,8,5,1.4768
COP2526-193,,TOURISM & HOSPITALITY MANAGEMENT,Sabaragamuwa University of Sri Lanka,HAMBANTOTA,1.3126,value,8,5,1.3126
COP2526-193,,TOURISM & HOSPITALITY MANAGEMENT,Sabaragamuwa University of Sri Lanka,JAFFNA,1.3435,value,8,5,1.3435
COP2526-193,,TOURISM & HOSPITALITY MANAGEMENT,Sabaragamuwa University of Sri Lanka,KILINOCHCHI,1.4923,value,8,5,1.4923
COP2526-193,,TOURISM & HOSPITALITY MANAGEMENT,Sabaragamuwa University of Sri Lanka,MANNAR,1.5511,value,8,5,1.5511
COP2526-193,,TOURISM & HOSPITALITY MANAGEMENT,Sabaragamuwa University of Sri Lanka,MULLAITIVU,,NQC,8,5,NQC
COP2526-193,,TOURISM & HOSPITALITY MANAGEMENT,Sabaragamuwa University of Sri Lanka,VAVUNIYA,,NQC,8,5,NQC
COP2526-193,,TOURISM & HOSPITALITY MANAGEMENT,Sabaragamuwa University of Sri Lanka,TRINCOMALEE,1.4976,value,8,5,1.4976
COP2526-193,,TOURISM & HOSPITALITY MANAGEMENT,Sabaragamuwa University of Sri Lanka,BATTICALOA,1.4200,value,8,5,1.4200
COP2526-193,,TOURISM & HOSPITALITY MANAGEMENT,Sabaragamuwa University of Sri Lanka,AMPARA,1.6055,value,8,5,1.6055
COP2526-193,,TOURISM & HOSPITALITY MANAGEMENT,Sabaragamuwa University of Sri Lanka,PUTTALAM,1.3933,value,8,5,1.3933
COP2526-193,,TOURISM & HOSPITALITY MANAGEMENT,Sabaragamuwa University of Sri Lanka,KURUNEGALA,1.4505,value,8,5,1.4505
COP2526-193,,TOURISM & HOSPITALITY MANAGEMENT,Sabaragamuwa University of Sri Lanka,ANURADHAPURA,1.3547,value,8,5,1.3547
COP2526-193,,TOURISM & HOSPITALITY MANAGEMENT,Sabaragamuwa University of Sri Lanka,POLONNARUWA,1.3246,value,8,5,1.3246
COP2526-193,,TOURISM & HOSPITALITY MANAGEMENT,Sabaragamuwa University of Sri Lanka,BADULLA,1.4871,value,8,5,1.4871
COP2526-193,,TOURISM & HOSPITALITY MANAGEMENT,Sabaragamuwa University of Sri Lanka,MONARAGALA,1.4550,value,8,5,1.4550
COP2526-193,,TOURISM & HOSPITALITY MANAGEMENT,Sabaragamuwa University of Sri Lanka,KEGALLE,1.4613,value,8,5,1.4613
COP2526-193,,TOURISM & HOSPITALITY MANAGEMENT,Sabaragamuwa University of Sri Lanka,RATNAPURA,1.3856,value,8,5,1.3856
COP2526-194,,AGRICULTURAL RESOURCE MANAGEMENT AND TECHNOLOGY,University of Ruhuna,COLOMBO,1.0099,value,8,6,1.0099
COP2526-194,,AGRICULTURAL RESOURCE MANAGEMENT AND TECHNOLOGY,University of Ruhuna,GAMPAHA,0.9605,value,8,6,0.9605
COP2526-194,,AGRICULTURAL RESOURCE MANAGEMENT AND TECHNOLOGY,University of Ruhuna,KALUTARA,1.0638,value,8,6,1.0638
COP2526-194,,AGRICULTURAL RESOURCE MANAGEMENT AND TECHNOLOGY,University of Ruhuna,MATALE,1.0264,value,8,6,1.0264
COP2526-194,,AGRICULTURAL RESOURCE MANAGEMENT AND TECHNOLOGY,University of Ruhuna,KANDY,1.0357,value,8,6,1.0357
COP2526-194,,AGRICULTURAL RESOURCE MANAGEMENT AND TECHNOLOGY,University of Ruhuna,NUWARA ELIYA,0.8992,value,8,6,0.8992
COP2526-194,,AGRICULTURAL RESOURCE MANAGEMENT AND TECHNOLOGY,University of Ruhuna,GALLE,1.1052,value,8,6,1.1052
COP2526-194,,AGRICULTURAL RESOURCE MANAGEMENT AND TECHNOLOGY,University of Ruhuna,MATARA,1.0996,value,8,6,1.0996
COP2526-194,,AGRICULTURAL RESOURCE MANAGEMENT AND TECHNOLOGY,University of Ruhuna,HAMBANTOTA,1.1003,value,8,6,1.1003
COP2526-194,,AGRICULTURAL RESOURCE MANAGEMENT AND TECHNOLOGY,University of Ruhuna,JAFFNA,0.9613,value,8,6,0.9613
COP2526-194,,AGRICULTURAL RESOURCE MANAGEMENT AND TECHNOLOGY,University of Ruhuna,KILINOCHCHI,0.5527,value,8,6,0.5527
COP2526-194,,AGRICULTURAL RESOURCE MANAGEMENT AND TECHNOLOGY,University of Ruhuna,MANNAR,0.5723,value,8,6,0.5723
COP2526-194,,AGRICULTURAL RESOURCE MANAGEMENT AND TECHNOLOGY,University of Ruhuna,MULLAITIVU,0.5576,value,8,6,0.5576
COP2526-194,,AGRICULTURAL RESOURCE MANAGEMENT AND TECHNOLOGY,University of Ruhuna,VAVUNIYA,0.4699,value,8,6,0.4699
COP2526-194,,AGRICULTURAL RESOURCE MANAGEMENT AND TECHNOLOGY,University of Ruhuna,TRINCOMALEE,0.9049,value,8,6,0.9049
COP2526-194,,AGRICULTURAL RESOURCE MANAGEMENT AND TECHNOLOGY,University of Ruhuna,BATTICALOA,0.9249,value,8,6,0.9249
COP2526-194,,AGRICULTURAL RESOURCE MANAGEMENT AND TECHNOLOGY,University of Ruhuna,AMPARA,1.0166,value,8,6,1.0166
COP2526-194,,AGRICULTURAL RESOURCE MANAGEMENT AND TECHNOLOGY,University of Ruhuna,PUTTALAM,0.8771,value,8,6,0.8771
COP2526-194,,AGRICULTURAL RESOURCE MANAGEMENT AND TECHNOLOGY,University of Ruhuna,KURUNEGALA,1.0723,value,8,6,1.0723
COP2526-194,,AGRICULTURAL RESOURCE MANAGEMENT AND TECHNOLOGY,University of Ruhuna,ANURADHAPURA,0.9950,value,8,6,0.9950
COP2526-194,,AGRICULTURAL RESOURCE MANAGEMENT AND TECHNOLOGY,University of Ruhuna,POLONNARUWA,0.9308,value,8,6,0.9308
COP2526-194,,AGRICULTURAL RESOURCE MANAGEMENT AND TECHNOLOGY,University of Ruhuna,BADULLA,1.0064,value,8,6,1.0064
COP2526-194,,AGRICULTURAL RESOURCE MANAGEMENT AND TECHNOLOGY,University of Ruhuna,MONARAGALA,0.9703,value,8,6,0.9703
COP2526-194,,AGRICULTURAL RESOURCE MANAGEMENT AND TECHNOLOGY,University of Ruhuna,KEGALLE,1.0879,value,8,6,1.0879
COP2526-194,,AGRICULTURAL RESOURCE MANAGEMENT AND TECHNOLOGY,University of Ruhuna,RATNAPURA,1.0605,value,8,6,1.0605
COP2526-195,,AGRI BUSINESS MANAGEMENT,University of Ruhuna,COLOMBO,1.0289,value,8,7,1.0289
COP2526-195,,AGRI BUSINESS MANAGEMENT,University of Ruhuna,GAMPAHA,1.0140,value,8,7,1.0140
COP2526-195,,AGRI BUSINESS MANAGEMENT,University of Ruhuna,KALUTARA,1.0977,value,8,7,1.0977
COP2526-195,,AGRI BUSINESS MANAGEMENT,University of Ruhuna,MATALE,1.0983,value,8,7,1.0983
COP2526-195,,AGRI BUSINESS MANAGEMENT,University of Ruhuna,KANDY,1.0264,value,8,7,1.0264
COP2526-195,,AGRI BUSINESS MANAGEMENT,University of Ruhuna,NUWARA ELIYA,0.9300,value,8,7,0.9300
COP2526-195,,AGRI BUSINESS MANAGEMENT,University of Ruhuna,GALLE,1.0866,value,8,7,1.0866
COP2526-195,,AGRI BUSINESS MANAGEMENT,University of Ruhuna,MATARA,1.0815,value,8,7,1.0815
COP2526-195,,AGRI BUSINESS MANAGEMENT,University of Ruhuna,HAMBANTOTA,1.0500,value,8,7,1.0500
COP2526-195,,AGRI BUSINESS MANAGEMENT,University of Ruhuna,JAFFNA,0.9351,value,8,7,0.9351
COP2526-195,,AGRI BUSINESS MANAGEMENT,University of Ruhuna,KILINOCHCHI,0.5654,value,8,7,0.5654
COP2526-195,,AGRI BUSINESS MANAGEMENT,University of Ruhuna,MANNAR,0.5090,value,8,7,0.5090
COP2526-195,,AGRI BUSINESS MANAGEMENT,University of Ruhuna,MULLAITIVU,0.6116,value,8,7,0.6116
COP2526-195,,AGRI BUSINESS MANAGEMENT,University of Ruhuna,VAVUNIYA,0.4627,value,8,7,0.4627
COP2526-195,,AGRI BUSINESS MANAGEMENT,University of Ruhuna,TRINCOMALEE,0.8417,value,8,7,0.8417
COP2526-195,,AGRI BUSINESS MANAGEMENT,University of Ruhuna,BATTICALOA,1.1004,value,8,7,1.1004
COP2526-195,,AGRI BUSINESS MANAGEMENT,University of Ruhuna,AMPARA,0.9723,value,8,7,0.9723
COP2526-195,,AGRI BUSINESS MANAGEMENT,University of Ruhuna,PUTTALAM,0.9399,value,8,7,0.9399
COP2526-195,,AGRI BUSINESS MANAGEMENT,University of Ruhuna,KURUNEGALA,1.0725,value,8,7,1.0725
COP2526-195,,AGRI BUSINESS MANAGEMENT,University of Ruhuna,ANURADHAPURA,0.9666,value,8,7,0.9666
COP2526-195,,AGRI BUSINESS MANAGEMENT,University of Ruhuna,POLONNARUWA,0.8814,value,8,7,0.8814
COP2526-195,,AGRI BUSINESS MANAGEMENT,University of Ruhuna,BADULLA,0.9841,value,8,7,0.9841
COP2526-195,,AGRI BUSINESS MANAGEMENT,University of Ruhuna,MONARAGALA,0.9429,value,8,7,0.9429
COP2526-195,,AGRI BUSINESS MANAGEMENT,University of Ruhuna,KEGALLE,1.0736,value,8,7,1.0736
COP2526-195,,AGRI BUSINESS MANAGEMENT,University of Ruhuna,RATNAPURA,1.0539,value,8,7,1.0539
COP2526-196,,GREEN TECHNOLOGY,University of Ruhuna,COLOMBO,1.1607,value,8,8,1.1607
COP2526-196,,GREEN TECHNOLOGY,University of Ruhuna,GAMPAHA,1.1018,value,8,8,1.1018
COP2526-196,,GREEN TECHNOLOGY,University of Ruhuna,KALUTARA,1.1334,value,8,8,1.1334
COP2526-196,,GREEN TECHNOLOGY,University of Ruhuna,MATALE,1.0228,value,8,8,1.0228
COP2526-196,,GREEN TECHNOLOGY,University of Ruhuna,KANDY,1.1063,value,8,8,1.1063
COP2526-196,,GREEN TECHNOLOGY,University of Ruhuna,NUWARA ELIYA,0.9193,value,8,8,0.9193
COP2526-196,,GREEN TECHNOLOGY,University of Ruhuna,GALLE,1.1567,value,8,8,1.1567
COP2526-196,,GREEN TECHNOLOGY,University of Ruhuna,MATARA,1.1698,value,8,8,1.1698
COP2526-196,,GREEN TECHNOLOGY,University of Ruhuna,HAMBANTOTA,1.1426,value,8,8,1.1426
COP2526-196,,GREEN TECHNOLOGY,University of Ruhuna,JAFFNA,1.0736,value,8,8,1.0736
COP2526-196,,GREEN TECHNOLOGY,University of Ruhuna,KILINOCHCHI,0.5991,value,8,8,0.5991
COP2526-196,,GREEN TECHNOLOGY,University of Ruhuna,MANNAR,0.8562,value,8,8,0.8562
COP2526-196,,GREEN TECHNOLOGY,University of Ruhuna,MULLAITIVU,0.5105,value,8,8,0.5105
COP2526-196,,GREEN TECHNOLOGY,University of Ruhuna,VAVUNIYA,0.4460,value,8,8,0.4460
COP2526-196,,GREEN TECHNOLOGY,University of Ruhuna,TRINCOMALEE,0.9742,value,8,8,0.9742
COP2526-196,,GREEN TECHNOLOGY,University of Ruhuna,BATTICALOA,1.0835,value,8,8,1.0835
COP2526-196,,GREEN TECHNOLOGY,University of Ruhuna,AMPARA,0.9737,value,8,8,0.9737
COP2526-196,,GREEN TECHNOLOGY,University of Ruhuna,PUTTALAM,0.9923,value,8,8,0.9923
COP2526-196,,GREEN TECHNOLOGY,University of Ruhuna,KURUNEGALA,1.0964,value,8,8,1.0964
COP2526-196,,GREEN TECHNOLOGY,University of Ruhuna,ANURADHAPURA,1.0661,value,8,8,1.0661
COP2526-196,,GREEN TECHNOLOGY,University of Ruhuna,POLONNARUWA,0.9250,value,8,8,0.9250
COP2526-196,,GREEN TECHNOLOGY,University of Ruhuna,BADULLA,1.0638,value,8,8,1.0638
COP2526-196,,GREEN TECHNOLOGY,University of Ruhuna,MONARAGALA,1.1859,value,8,8,1.1859
COP2526-196,,GREEN TECHNOLOGY,University of Ruhuna,KEGALLE,1.1194,value,8,8,1.1194
COP2526-196,,GREEN TECHNOLOGY,University of Ruhuna,RATNAPURA,1.1529,value,8,8,1.1529
COP2526-197,,SCIENCE AND TECHNOLOGY,Uva Wellassa University of Sri Lanka,COLOMBO,1.0915,value,8,9,1.0915
COP2526-197,,SCIENCE AND TECHNOLOGY,Uva Wellassa University of Sri Lanka,GAMPAHA,1.0703,value,8,9,1.0703
COP2526-197,,SCIENCE AND TECHNOLOGY,Uva Wellassa University of Sri Lanka,KALUTARA,1.1264,value,8,9,1.1264
COP2526-197,,SCIENCE AND TECHNOLOGY,Uva Wellassa University of Sri Lanka,MATALE,1.0510,value,8,9,1.0510
COP2526-197,,SCIENCE AND TECHNOLOGY,Uva Wellassa University of Sri Lanka,KANDY,1.1005,value,8,9,1.1005
COP2526-197,,SCIENCE AND TECHNOLOGY,Uva Wellassa University of Sri Lanka,NUWARA ELIYA,0.9378,value,8,9,0.9378
COP2526-197,,SCIENCE AND TECHNOLOGY,Uva Wellassa University of Sri Lanka,GALLE,1.1101,value,8,9,1.1101
COP2526-197,,SCIENCE AND TECHNOLOGY,Uva Wellassa University of Sri Lanka,MATARA,1.1287,value,8,9,1.1287
COP2526-197,,SCIENCE AND TECHNOLOGY,Uva Wellassa University of Sri Lanka,HAMBANTOTA,1.1110,value,8,9,1.1110
COP2526-197,,SCIENCE AND TECHNOLOGY,Uva Wellassa University of Sri Lanka,JAFFNA,1.1359,value,8,9,1.1359
COP2526-197,,SCIENCE AND TECHNOLOGY,Uva Wellassa University of Sri Lanka,KILINOCHCHI,0.7938,value,8,9,0.7938
COP2526-197,,SCIENCE AND TECHNOLOGY,Uva Wellassa University of Sri Lanka,MANNAR,0.8196,value,8,9,0.8196
COP2526-197,,SCIENCE AND TECHNOLOGY,Uva Wellassa University of Sri Lanka,MULLAITIVU,0.5174,value,8,9,0.5174
COP2526-197,,SCIENCE AND TECHNOLOGY,Uva Wellassa University of Sri Lanka,VAVUNIYA,0.9727,value,8,9,0.9727
COP2526-197,,SCIENCE AND TECHNOLOGY,Uva Wellassa University of Sri Lanka,TRINCOMALEE,1.1574,value,8,9,1.1574
COP2526-197,,SCIENCE AND TECHNOLOGY,Uva Wellassa University of Sri Lanka,BATTICALOA,1.1182,value,8,9,1.1182
COP2526-197,,SCIENCE AND TECHNOLOGY,Uva Wellassa University of Sri Lanka,AMPARA,1.1270,value,8,9,1.1270
COP2526-197,,SCIENCE AND TECHNOLOGY,Uva Wellassa University of Sri Lanka,PUTTALAM,1.0063,value,8,9,1.0063
COP2526-197,,SCIENCE AND TECHNOLOGY,Uva Wellassa University of Sri Lanka,KURUNEGALA,1.0954,value,8,9,1.0954
COP2526-197,,SCIENCE AND TECHNOLOGY,Uva Wellassa University of Sri Lanka,ANURADHAPURA,0.9971,value,8,9,0.9971
COP2526-197,,SCIENCE AND TECHNOLOGY,Uva Wellassa University of Sri Lanka,POLONNARUWA,1.0507,value,8,9,1.0507
COP2526-197,,SCIENCE AND TECHNOLOGY,Uva Wellassa University of Sri Lanka,BADULLA,1.0859,value,8,9,1.0859
COP2526-197,,SCIENCE AND TECHNOLOGY,Uva Wellassa University of Sri Lanka,MONARAGALA,1.0548,value,8,9,1.0548
COP2526-197,,SCIENCE AND TECHNOLOGY,Uva Wellassa University of Sri Lanka,KEGALLE,1.1258,value,8,9,1.1258
COP2526-197,,SCIENCE AND TECHNOLOGY,Uva Wellassa University of Sri Lanka,RATNAPURA,1.0913,value,8,9,1.0913
COP2526-198,,COMPUTER SCIENCE & TECHNOLOGY,Uva Wellassa University of Sri Lanka,COLOMBO,1.2456,value,8,10,1.2456
COP2526-198,,COMPUTER SCIENCE & TECHNOLOGY,Uva Wellassa University of Sri Lanka,GAMPAHA,1.2386,value,8,10,1.2386
COP2526-198,,COMPUTER SCIENCE & TECHNOLOGY,Uva Wellassa University of Sri Lanka,KALUTARA,1.2645,value,8,10,1.2645
COP2526-198,,COMPUTER SCIENCE & TECHNOLOGY,Uva Wellassa University of Sri Lanka,MATALE,1.1392,value,8,10,1.1392
COP2526-198,,COMPUTER SCIENCE & TECHNOLOGY,Uva Wellassa University of Sri Lanka,KANDY,1.1290,value,8,10,1.1290
COP2526-198,,COMPUTER SCIENCE & TECHNOLOGY,Uva Wellassa University of Sri Lanka,NUWARA ELIYA,1.0631,value,8,10,1.0631
COP2526-198,,COMPUTER SCIENCE & TECHNOLOGY,Uva Wellassa University of Sri Lanka,GALLE,1.2518,value,8,10,1.2518
COP2526-198,,COMPUTER SCIENCE & TECHNOLOGY,Uva Wellassa University of Sri Lanka,MATARA,1.3001,value,8,10,1.3001
COP2526-198,,COMPUTER SCIENCE & TECHNOLOGY,Uva Wellassa University of Sri Lanka,HAMBANTOTA,1.3083,value,8,10,1.3083
COP2526-198,,COMPUTER SCIENCE & TECHNOLOGY,Uva Wellassa University of Sri Lanka,JAFFNA,1.3154,value,8,10,1.3154
COP2526-198,,COMPUTER SCIENCE & TECHNOLOGY,Uva Wellassa University of Sri Lanka,KILINOCHCHI,0.8247,value,8,10,0.8247
COP2526-198,,COMPUTER SCIENCE & TECHNOLOGY,Uva Wellassa University of Sri Lanka,MANNAR,1.0997,value,8,10,1.0997
COP2526-198,,COMPUTER SCIENCE & TECHNOLOGY,Uva Wellassa University of Sri Lanka,MULLAITIVU,1.0082,value,8,10,1.0082
COP2526-198,,COMPUTER SCIENCE & TECHNOLOGY,Uva Wellassa University of Sri Lanka,VAVUNIYA,1.2114,value,8,10,1.2114
COP2526-198,,COMPUTER SCIENCE & TECHNOLOGY,Uva Wellassa University of Sri Lanka,TRINCOMALEE,1.2786,value,8,10,1.2786
COP2526-198,,COMPUTER SCIENCE & TECHNOLOGY,Uva Wellassa University of Sri Lanka,BATTICALOA,1.2514,value,8,10,1.2514
COP2526-198,,COMPUTER SCIENCE & TECHNOLOGY,Uva Wellassa University of Sri Lanka,AMPARA,1.2740,value,8,10,1.2740
COP2526-198,,COMPUTER SCIENCE & TECHNOLOGY,Uva Wellassa University of Sri Lanka,PUTTALAM,1.0253,value,8,10,1.0253
COP2526-198,,COMPUTER SCIENCE & TECHNOLOGY,Uva Wellassa University of Sri Lanka,KURUNEGALA,1.2736,value,8,10,1.2736
COP2526-198,,COMPUTER SCIENCE & TECHNOLOGY,Uva Wellassa University of Sri Lanka,ANURADHAPURA,1.2384,value,8,10,1.2384
COP2526-198,,COMPUTER SCIENCE & TECHNOLOGY,Uva Wellassa University of Sri Lanka,POLONNARUWA,0.9305,value,8,10,0.9305
COP2526-198,,COMPUTER SCIENCE & TECHNOLOGY,Uva Wellassa University of Sri Lanka,BADULLA,1.2296,value,8,10,1.2296
COP2526-198,,COMPUTER SCIENCE & TECHNOLOGY,Uva Wellassa University of Sri Lanka,MONARAGALA,1.1777,value,8,10,1.1777
COP2526-198,,COMPUTER SCIENCE & TECHNOLOGY,Uva Wellassa University of Sri Lanka,KEGALLE,1.2986,value,8,10,1.2986
COP2526-198,,COMPUTER SCIENCE & TECHNOLOGY,Uva Wellassa University of Sri Lanka,RATNAPURA,1.2936,value,8,10,1.2936
COP2526-199,,ENTREPRENEURSHIP AND MANAGEMENT,Uva Wellassa University of Sri Lanka,COLOMBO,1.3275,value,8,11,1.3275
COP2526-199,,ENTREPRENEURSHIP AND MANAGEMENT,Uva Wellassa University of Sri Lanka,GAMPAHA,1.2808,value,8,11,1.2808
COP2526-199,,ENTREPRENEURSHIP AND MANAGEMENT,Uva Wellassa University of Sri Lanka,KALUTARA,1.3202,value,8,11,1.3202
COP2526-199,,ENTREPRENEURSHIP AND MANAGEMENT,Uva Wellassa University of Sri Lanka,MATALE,1.2926,value,8,11,1.2926
COP2526-199,,ENTREPRENEURSHIP AND MANAGEMENT,Uva Wellassa University of Sri Lanka,KANDY,1.2837,value,8,11,1.2837
COP2526-199,,ENTREPRENEURSHIP AND MANAGEMENT,Uva Wellassa University of Sri Lanka,NUWARA ELIYA,1.1710,value,8,11,1.1710
COP2526-199,,ENTREPRENEURSHIP AND MANAGEMENT,Uva Wellassa University of Sri Lanka,GALLE,1.3228,value,8,11,1.3228
COP2526-199,,ENTREPRENEURSHIP AND MANAGEMENT,Uva Wellassa University of Sri Lanka,MATARA,1.3154,value,8,11,1.3154
COP2526-199,,ENTREPRENEURSHIP AND MANAGEMENT,Uva Wellassa University of Sri Lanka,HAMBANTOTA,1.2460,value,8,11,1.2460
COP2526-199,,ENTREPRENEURSHIP AND MANAGEMENT,Uva Wellassa University of Sri Lanka,JAFFNA,1.1262,value,8,11,1.1262
COP2526-199,,ENTREPRENEURSHIP AND MANAGEMENT,Uva Wellassa University of Sri Lanka,KILINOCHCHI,0.8918,value,8,11,0.8918
COP2526-199,,ENTREPRENEURSHIP AND MANAGEMENT,Uva Wellassa University of Sri Lanka,MANNAR,1.2406,value,8,11,1.2406
COP2526-199,,ENTREPRENEURSHIP AND MANAGEMENT,Uva Wellassa University of Sri Lanka,MULLAITIVU,0.9077,value,8,11,0.9077
COP2526-199,,ENTREPRENEURSHIP AND MANAGEMENT,Uva Wellassa University of Sri Lanka,VAVUNIYA,0.9654,value,8,11,0.9654
COP2526-199,,ENTREPRENEURSHIP AND MANAGEMENT,Uva Wellassa University of Sri Lanka,TRINCOMALEE,1.1954,value,8,11,1.1954
COP2526-199,,ENTREPRENEURSHIP AND MANAGEMENT,Uva Wellassa University of Sri Lanka,BATTICALOA,0.9773,value,8,11,0.9773
COP2526-199,,ENTREPRENEURSHIP AND MANAGEMENT,Uva Wellassa University of Sri Lanka,AMPARA,1.0816,value,8,11,1.0816
COP2526-199,,ENTREPRENEURSHIP AND MANAGEMENT,Uva Wellassa University of Sri Lanka,PUTTALAM,1.2079,value,8,11,1.2079
COP2526-199,,ENTREPRENEURSHIP AND MANAGEMENT,Uva Wellassa University of Sri Lanka,KURUNEGALA,1.3033,value,8,11,1.3033
COP2526-199,,ENTREPRENEURSHIP AND MANAGEMENT,Uva Wellassa University of Sri Lanka,ANURADHAPURA,1.2176,value,8,11,1.2176
COP2526-199,,ENTREPRENEURSHIP AND MANAGEMENT,Uva Wellassa University of Sri Lanka,POLONNARUWA,1.2880,value,8,11,1.2880
COP2526-199,,ENTREPRENEURSHIP AND MANAGEMENT,Uva Wellassa University of Sri Lanka,BADULLA,1.2583,value,8,11,1.2583
COP2526-199,,ENTREPRENEURSHIP AND MANAGEMENT,Uva Wellassa University of Sri Lanka,MONARAGALA,1.2263,value,8,11,1.2263
COP2526-199,,ENTREPRENEURSHIP AND MANAGEMENT,Uva Wellassa University of Sri Lanka,KEGALLE,1.2635,value,8,11,1.2635
COP2526-199,,ENTREPRENEURSHIP AND MANAGEMENT,Uva Wellassa University of Sri Lanka,RATNAPURA,1.2943,value,8,11,1.2943
COP2526-200,,ANIMAL PRODUCTION AND FOOD TECHNOLOGY,Uva Wellassa University of Sri Lanka,COLOMBO,0.8810,value,8,12,0.8810
COP2526-200,,ANIMAL PRODUCTION AND FOOD TECHNOLOGY,Uva Wellassa University of Sri Lanka,GAMPAHA,0.8681,value,8,12,0.8681
COP2526-200,,ANIMAL PRODUCTION AND FOOD TECHNOLOGY,Uva Wellassa University of Sri Lanka,KALUTARA,0.9619,value,8,12,0.9619
COP2526-200,,ANIMAL PRODUCTION AND FOOD TECHNOLOGY,Uva Wellassa University of Sri Lanka,MATALE,0.8807,value,8,12,0.8807
COP2526-200,,ANIMAL PRODUCTION AND FOOD TECHNOLOGY,Uva Wellassa University of Sri Lanka,KANDY,0.9347,value,8,12,0.9347
COP2526-200,,ANIMAL PRODUCTION AND FOOD TECHNOLOGY,Uva Wellassa University of Sri Lanka,NUWARA ELIYA,0.8199,value,8,12,0.8199
COP2526-200,,ANIMAL PRODUCTION AND FOOD TECHNOLOGY,Uva Wellassa University of Sri Lanka,GALLE,0.9452,value,8,12,0.9452
COP2526-200,,ANIMAL PRODUCTION AND FOOD TECHNOLOGY,Uva Wellassa University of Sri Lanka,MATARA,0.9830,value,8,12,0.9830
COP2526-200,,ANIMAL PRODUCTION AND FOOD TECHNOLOGY,Uva Wellassa University of Sri Lanka,HAMBANTOTA,0.9412,value,8,12,0.9412
COP2526-200,,ANIMAL PRODUCTION AND FOOD TECHNOLOGY,Uva Wellassa University of Sri Lanka,JAFFNA,0.9383,value,8,12,0.9383
COP2526-200,,ANIMAL PRODUCTION AND FOOD TECHNOLOGY,Uva Wellassa University of Sri Lanka,KILINOCHCHI,0.6179,value,8,12,0.6179
COP2526-200,,ANIMAL PRODUCTION AND FOOD TECHNOLOGY,Uva Wellassa University of Sri Lanka,MANNAR,0.5716,value,8,12,0.5716
COP2526-200,,ANIMAL PRODUCTION AND FOOD TECHNOLOGY,Uva Wellassa University of Sri Lanka,MULLAITIVU,0.4963,value,8,12,0.4963
COP2526-200,,ANIMAL PRODUCTION AND FOOD TECHNOLOGY,Uva Wellassa University of Sri Lanka,VAVUNIYA,0.5901,value,8,12,0.5901
COP2526-200,,ANIMAL PRODUCTION AND FOOD TECHNOLOGY,Uva Wellassa University of Sri Lanka,TRINCOMALEE,0.9583,value,8,12,0.9583
COP2526-200,,ANIMAL PRODUCTION AND FOOD TECHNOLOGY,Uva Wellassa University of Sri Lanka,BATTICALOA,0.9052,value,8,12,0.9052
COP2526-200,,ANIMAL PRODUCTION AND FOOD TECHNOLOGY,Uva Wellassa University of Sri Lanka,AMPARA,0.9710,value,8,12,0.9710
COP2526-200,,ANIMAL PRODUCTION AND FOOD TECHNOLOGY,Uva Wellassa University of Sri Lanka,PUTTALAM,0.8052,value,8,12,0.8052
COP2526-200,,ANIMAL PRODUCTION AND FOOD TECHNOLOGY,Uva Wellassa University of Sri Lanka,KURUNEGALA,0.9315,value,8,12,0.9315
COP2526-200,,ANIMAL PRODUCTION AND FOOD TECHNOLOGY,Uva Wellassa University of Sri Lanka,ANURADHAPURA,0.8042,value,8,12,0.8042
COP2526-200,,ANIMAL PRODUCTION AND FOOD TECHNOLOGY,Uva Wellassa University of Sri Lanka,POLONNARUWA,0.7823,value,8,12,0.7823
COP2526-200,,ANIMAL PRODUCTION AND FOOD TECHNOLOGY,Uva Wellassa University of Sri Lanka,BADULLA,0.9176,value,8,12,0.9176
COP2526-200,,ANIMAL PRODUCTION AND FOOD TECHNOLOGY,Uva Wellassa University of Sri Lanka,MONARAGALA,0.9290,value,8,12,0.9290
COP2526-200,,ANIMAL PRODUCTION AND FOOD TECHNOLOGY,Uva Wellassa University of Sri Lanka,KEGALLE,0.9727,value,8,12,0.9727
COP2526-200,,ANIMAL PRODUCTION AND FOOD TECHNOLOGY,Uva Wellassa University of Sri Lanka,RATNAPURA,0.9230,value,8,12,0.9230
COP2526-201,,EXPORT AGRICULTURE,Uva Wellassa University of Sri Lanka,COLOMBO,0.9590,value,8,13,0.9590
COP2526-201,,EXPORT AGRICULTURE,Uva Wellassa University of Sri Lanka,GAMPAHA,0.9181,value,8,13,0.9181
COP2526-201,,EXPORT AGRICULTURE,Uva Wellassa University of Sri Lanka,KALUTARA,0.9577,value,8,13,0.9577
COP2526-201,,EXPORT AGRICULTURE,Uva Wellassa University of Sri Lanka,MATALE,0.9469,value,8,13,0.9469
COP2526-201,,EXPORT AGRICULTURE,Uva Wellassa University of Sri Lanka,KANDY,0.9241,value,8,13,0.9241
COP2526-201,,EXPORT AGRICULTURE,Uva Wellassa University of Sri Lanka,NUWARA ELIYA,0.8287,value,8,13,0.8287
COP2526-201,,EXPORT AGRICULTURE,Uva Wellassa University of Sri Lanka,GALLE,0.9630,value,8,13,0.9630
COP2526-201,,EXPORT AGRICULTURE,Uva Wellassa University of Sri Lanka,MATARA,0.9941,value,8,13,0.9941
COP2526-201,,EXPORT AGRICULTURE,Uva Wellassa University of Sri Lanka,HAMBANTOTA,0.9932,value,8,13,0.9932
COP2526-201,,EXPORT AGRICULTURE,Uva Wellassa University of Sri Lanka,JAFFNA,0.9493,value,8,13,0.9493
COP2526-201,,EXPORT AGRICULTURE,Uva Wellassa University of Sri Lanka,KILINOCHCHI,0.5545,value,8,13,0.5545
COP2526-201,,EXPORT AGRICULTURE,Uva Wellassa University of Sri Lanka,MANNAR,0.4138,value,8,13,0.4138
COP2526-201,,EXPORT AGRICULTURE,Uva Wellassa University of Sri Lanka,MULLAITIVU,0.4050,value,8,13,0.4050
COP2526-201,,EXPORT AGRICULTURE,Uva Wellassa University of Sri Lanka,VAVUNIYA,0.5731,value,8,13,0.5731
COP2526-201,,EXPORT AGRICULTURE,Uva Wellassa University of Sri Lanka,TRINCOMALEE,0.9845,value,8,13,0.9845
COP2526-201,,EXPORT AGRICULTURE,Uva Wellassa University of Sri Lanka,BATTICALOA,0.9015,value,8,13,0.9015
COP2526-201,,EXPORT AGRICULTURE,Uva Wellassa University of Sri Lanka,AMPARA,0.9321,value,8,13,0.9321
COP2526-201,,EXPORT AGRICULTURE,Uva Wellassa University of Sri Lanka,PUTTALAM,0.8389,value,8,13,0.8389
COP2526-201,,EXPORT AGRICULTURE,Uva Wellassa University of Sri Lanka,KURUNEGALA,0.9386,value,8,13,0.9386
COP2526-201,,EXPORT AGRICULTURE,Uva Wellassa University of Sri Lanka,ANURADHAPURA,0.8699,value,8,13,0.8699
COP2526-201,,EXPORT AGRICULTURE,Uva Wellassa University of Sri Lanka,POLONNARUWA,0.9000,value,8,13,0.9000
COP2526-201,,EXPORT AGRICULTURE,Uva Wellassa University of Sri Lanka,BADULLA,0.9570,value,8,13,0.9570
COP2526-201,,EXPORT AGRICULTURE,Uva Wellassa University of Sri Lanka,MONARAGALA,0.9419,value,8,13,0.9419
COP2526-201,,EXPORT AGRICULTURE,Uva Wellassa University of Sri Lanka,KEGALLE,0.9717,value,8,13,0.9717
COP2526-201,,EXPORT AGRICULTURE,Uva Wellassa University of Sri Lanka,RATNAPURA,0.9497,value,8,13,0.9497
COP2526-202,,INDUSTRIAL INFORMATION TECHNOLOGY,Uva Wellassa University of Sri Lanka,COLOMBO,1.3400,value,8,14,1.3400
COP2526-202,,INDUSTRIAL INFORMATION TECHNOLOGY,Uva Wellassa University of Sri Lanka,GAMPAHA,1.2529,value,8,14,1.2529
COP2526-202,,INDUSTRIAL INFORMATION TECHNOLOGY,Uva Wellassa University of Sri Lanka,KALUTARA,1.3589,value,8,14,1.3589
COP2526-202,,INDUSTRIAL INFORMATION TECHNOLOGY,Uva Wellassa University of Sri Lanka,MATALE,1.3363,value,8,14,1.3363
COP2526-202,,INDUSTRIAL INFORMATION TECHNOLOGY,Uva Wellassa University of Sri Lanka,KANDY,1.3133,value,8,14,1.3133
COP2526-202,,INDUSTRIAL INFORMATION TECHNOLOGY,Uva Wellassa University of Sri Lanka,NUWARA ELIYA,1.2234,value,8,14,1.2234
COP2526-202,,INDUSTRIAL INFORMATION TECHNOLOGY,Uva Wellassa University of Sri Lanka,GALLE,1.3652,value,8,14,1.3652
COP2526-202,,INDUSTRIAL INFORMATION TECHNOLOGY,Uva Wellassa University of Sri Lanka,MATARA,1.3808,value,8,14,1.3808
COP2526-202,,INDUSTRIAL INFORMATION TECHNOLOGY,Uva Wellassa University of Sri Lanka,HAMBANTOTA,1.2617,value,8,14,1.2617
COP2526-202,,INDUSTRIAL INFORMATION TECHNOLOGY,Uva Wellassa University of Sri Lanka,JAFFNA,1.2918,value,8,14,1.2918
COP2526-202,,INDUSTRIAL INFORMATION TECHNOLOGY,Uva Wellassa University of Sri Lanka,KILINOCHCHI,1.3957,value,8,14,1.3957
COP2526-202,,INDUSTRIAL INFORMATION TECHNOLOGY,Uva Wellassa University of Sri Lanka,MANNAR,1.0641,value,8,14,1.0641
COP2526-202,,INDUSTRIAL INFORMATION TECHNOLOGY,Uva Wellassa University of Sri Lanka,MULLAITIVU,1.0371,value,8,14,1.0371
COP2526-202,,INDUSTRIAL INFORMATION TECHNOLOGY,Uva Wellassa University of Sri Lanka,VAVUNIYA,1.1303,value,8,14,1.1303
COP2526-202,,INDUSTRIAL INFORMATION TECHNOLOGY,Uva Wellassa University of Sri Lanka,TRINCOMALEE,1.2357,value,8,14,1.2357
COP2526-202,,INDUSTRIAL INFORMATION TECHNOLOGY,Uva Wellassa University of Sri Lanka,BATTICALOA,1.3449,value,8,14,1.3449
COP2526-202,,INDUSTRIAL INFORMATION TECHNOLOGY,Uva Wellassa University of Sri Lanka,AMPARA,1.2709,value,8,14,1.2709
COP2526-202,,INDUSTRIAL INFORMATION TECHNOLOGY,Uva Wellassa University of Sri Lanka,PUTTALAM,1.0975,value,8,14,1.0975
COP2526-202,,INDUSTRIAL INFORMATION TECHNOLOGY,Uva Wellassa University of Sri Lanka,KURUNEGALA,1.3294,value,8,14,1.3294
COP2526-202,,INDUSTRIAL INFORMATION TECHNOLOGY,Uva Wellassa University of Sri Lanka,ANURADHAPURA,1.3567,value,8,14,1.3567
COP2526-202,,INDUSTRIAL INFORMATION TECHNOLOGY,Uva Wellassa University of Sri Lanka,POLONNARUWA,1.2418,value,8,14,1.2418
COP2526-202,,INDUSTRIAL INFORMATION TECHNOLOGY,Uva Wellassa University of Sri Lanka,BADULLA,1.2757,value,8,14,1.2757
COP2526-202,,INDUSTRIAL INFORMATION TECHNOLOGY,Uva Wellassa University of Sri Lanka,MONARAGALA,1.2319,value,8,14,1.2319
COP2526-202,,INDUSTRIAL INFORMATION TECHNOLOGY,Uva Wellassa University of Sri Lanka,KEGALLE,1.3167,value,8,14,1.3167
COP2526-202,,INDUSTRIAL INFORMATION TECHNOLOGY,Uva Wellassa University of Sri Lanka,RATNAPURA,1.3709,value,8,14,1.3709
COP2526-203,,MINERAL RESOURCES AND TECHNOLOGY,Uva Wellassa University of Sri Lanka,COLOMBO,1.0328,value,8,15,1.0328
COP2526-203,,MINERAL RESOURCES AND TECHNOLOGY,Uva Wellassa University of Sri Lanka,GAMPAHA,1.0067,value,8,15,1.0067
COP2526-203,,MINERAL RESOURCES AND TECHNOLOGY,Uva Wellassa University of Sri Lanka,KALUTARA,1.0211,value,8,15,1.0211
COP2526-203,,MINERAL RESOURCES AND TECHNOLOGY,Uva Wellassa University of Sri Lanka,MATALE,1.0580,value,8,15,1.0580
COP2526-203,,MINERAL RESOURCES AND TECHNOLOGY,Uva Wellassa University of Sri Lanka,KANDY,1.0027,value,8,15,1.0027
COP2526-203,,MINERAL RESOURCES AND TECHNOLOGY,Uva Wellassa University of Sri Lanka,NUWARA ELIYA,0.9371,value,8,15,0.9371
COP2526-203,,MINERAL RESOURCES AND TECHNOLOGY,Uva Wellassa University of Sri Lanka,GALLE,1.0325,value,8,15,1.0325
COP2526-203,,MINERAL RESOURCES AND TECHNOLOGY,Uva Wellassa University of Sri Lanka,MATARA,1.0622,value,8,15,1.0622
COP2526-203,,MINERAL RESOURCES AND TECHNOLOGY,Uva Wellassa University of Sri Lanka,HAMBANTOTA,1.0109,value,8,15,1.0109
COP2526-203,,MINERAL RESOURCES AND TECHNOLOGY,Uva Wellassa University of Sri Lanka,JAFFNA,0.9939,value,8,15,0.9939
COP2526-203,,MINERAL RESOURCES AND TECHNOLOGY,Uva Wellassa University of Sri Lanka,KILINOCHCHI,0.6430,value,8,15,0.6430
COP2526-203,,MINERAL RESOURCES AND TECHNOLOGY,Uva Wellassa University of Sri Lanka,MANNAR,0.4680,value,8,15,0.4680
COP2526-203,,MINERAL RESOURCES AND TECHNOLOGY,Uva Wellassa University of Sri Lanka,MULLAITIVU,0.4529,value,8,15,0.4529
COP2526-203,,MINERAL RESOURCES AND TECHNOLOGY,Uva Wellassa University of Sri Lanka,VAVUNIYA,0.6209,value,8,15,0.6209
COP2526-203,,MINERAL RESOURCES AND TECHNOLOGY,Uva Wellassa University of Sri Lanka,TRINCOMALEE,0.9882,value,8,15,0.9882
COP2526-203,,MINERAL RESOURCES AND TECHNOLOGY,Uva Wellassa University of Sri Lanka,BATTICALOA,0.9900,value,8,15,0.9900
COP2526-203,,MINERAL RESOURCES AND TECHNOLOGY,Uva Wellassa University of Sri Lanka,AMPARA,1.0314,value,8,15,1.0314
COP2526-203,,MINERAL RESOURCES AND TECHNOLOGY,Uva Wellassa University of Sri Lanka,PUTTALAM,0.8282,value,8,15,0.8282
COP2526-203,,MINERAL RESOURCES AND TECHNOLOGY,Uva Wellassa University of Sri Lanka,KURUNEGALA,1.0311,value,8,15,1.0311
COP2526-203,,MINERAL RESOURCES AND TECHNOLOGY,Uva Wellassa University of Sri Lanka,ANURADHAPURA,0.9709,value,8,15,0.9709
COP2526-203,,MINERAL RESOURCES AND TECHNOLOGY,Uva Wellassa University of Sri Lanka,POLONNARUWA,0.9483,value,8,15,0.9483
COP2526-203,,MINERAL RESOURCES AND TECHNOLOGY,Uva Wellassa University of Sri Lanka,BADULLA,0.9920,value,8,15,0.9920
COP2526-203,,MINERAL RESOURCES AND TECHNOLOGY,Uva Wellassa University of Sri Lanka,MONARAGALA,1.0102,value,8,15,1.0102
COP2526-203,,MINERAL RESOURCES AND TECHNOLOGY,Uva Wellassa University of Sri Lanka,KEGALLE,1.0210,value,8,15,1.0210
COP2526-203,,MINERAL RESOURCES AND TECHNOLOGY,Uva Wellassa University of Sri Lanka,RATNAPURA,0.9914,value,8,15,0.9914
COP2526-204,,AQUATIC RESOURCES TECHNOLOGY,Uva Wellassa University of Sri Lanka,COLOMBO,0.8445,value,8,16,0.8445
COP2526-204,,AQUATIC RESOURCES TECHNOLOGY,Uva Wellassa University of Sri Lanka,GAMPAHA,0.8457,value,8,16,0.8457
COP2526-204,,AQUATIC RESOURCES TECHNOLOGY,Uva Wellassa University of Sri Lanka,KALUTARA,0.8976,value,8,16,0.8976
COP2526-204,,AQUATIC RESOURCES TECHNOLOGY,Uva Wellassa University of Sri Lanka,MATALE,0.8897,value,8,16,0.8897
COP2526-204,,AQUATIC RESOURCES TECHNOLOGY,Uva Wellassa University of Sri Lanka,KANDY,0.9141,value,8,16,0.9141
COP2526-204,,AQUATIC RESOURCES TECHNOLOGY,Uva Wellassa University of Sri Lanka,NUWARA ELIYA,0.7962,value,8,16,0.7962
COP2526-204,,AQUATIC RESOURCES TECHNOLOGY,Uva Wellassa University of Sri Lanka,GALLE,0.9294,value,8,16,0.9294
COP2526-204,,AQUATIC RESOURCES TECHNOLOGY,Uva Wellassa University of Sri Lanka,MATARA,0.9312,value,8,16,0.9312
COP2526-204,,AQUATIC RESOURCES TECHNOLOGY,Uva Wellassa University of Sri Lanka,HAMBANTOTA,0.9184,value,8,16,0.9184
COP2526-204,,AQUATIC RESOURCES TECHNOLOGY,Uva Wellassa University of Sri Lanka,JAFFNA,0.9008,value,8,16,0.9008
COP2526-204,,AQUATIC RESOURCES TECHNOLOGY,Uva Wellassa University of Sri Lanka,KILINOCHCHI,0.5116,value,8,16,0.5116
COP2526-204,,AQUATIC RESOURCES TECHNOLOGY,Uva Wellassa University of Sri Lanka,MANNAR,0.6287,value,8,16,0.6287
COP2526-204,,AQUATIC RESOURCES TECHNOLOGY,Uva Wellassa University of Sri Lanka,MULLAITIVU,0.6490,value,8,16,0.6490
COP2526-204,,AQUATIC RESOURCES TECHNOLOGY,Uva Wellassa University of Sri Lanka,VAVUNIYA,0.6146,value,8,16,0.6146
COP2526-204,,AQUATIC RESOURCES TECHNOLOGY,Uva Wellassa University of Sri Lanka,TRINCOMALEE,0.9172,value,8,16,0.9172
COP2526-204,,AQUATIC RESOURCES TECHNOLOGY,Uva Wellassa University of Sri Lanka,BATTICALOA,0.8994,value,8,16,0.8994
COP2526-204,,AQUATIC RESOURCES TECHNOLOGY,Uva Wellassa University of Sri Lanka,AMPARA,0.8809,value,8,16,0.8809
COP2526-204,,AQUATIC RESOURCES TECHNOLOGY,Uva Wellassa University of Sri Lanka,PUTTALAM,0.7821,value,8,16,0.7821
COP2526-204,,AQUATIC RESOURCES TECHNOLOGY,Uva Wellassa University of Sri Lanka,KURUNEGALA,0.9145,value,8,16,0.9145
COP2526-204,,AQUATIC RESOURCES TECHNOLOGY,Uva Wellassa University of Sri Lanka,ANURADHAPURA,0.7965,value,8,16,0.7965
COP2526-204,,AQUATIC RESOURCES TECHNOLOGY,Uva Wellassa University of Sri Lanka,POLONNARUWA,0.7809,value,8,16,0.7809
COP2526-204,,AQUATIC RESOURCES TECHNOLOGY,Uva Wellassa University of Sri Lanka,BADULLA,0.8939,value,8,16,0.8939
COP2526-204,,AQUATIC RESOURCES TECHNOLOGY,Uva Wellassa University of Sri Lanka,MONARAGALA,0.8402,value,8,16,0.8402
COP2526-204,,AQUATIC RESOURCES TECHNOLOGY,Uva Wellassa University of Sri Lanka,KEGALLE,0.9324,value,8,16,0.9324
COP2526-204,,AQUATIC RESOURCES TECHNOLOGY,Uva Wellassa University of Sri Lanka,RATNAPURA,0.9042,value,8,16,0.9042
COP2526-205,,"HOSPITALITY, TOURISM AND EVENTS MANAGEMENT",Uva Wellassa University of Sri Lanka,COLOMBO,1.3192,value,8,17,1.3192
COP2526-205,,"HOSPITALITY, TOURISM AND EVENTS MANAGEMENT",Uva Wellassa University of Sri Lanka,GAMPAHA,1.2783,value,8,17,1.2783
COP2526-205,,"HOSPITALITY, TOURISM AND EVENTS MANAGEMENT",Uva Wellassa University of Sri Lanka,KALUTARA,1.3181,value,8,17,1.3181
COP2526-205,,"HOSPITALITY, TOURISM AND EVENTS MANAGEMENT",Uva Wellassa University of Sri Lanka,MATALE,1.2948,value,8,17,1.2948
COP2526-205,,"HOSPITALITY, TOURISM AND EVENTS MANAGEMENT",Uva Wellassa University of Sri Lanka,KANDY,1.2458,value,8,17,1.2458
COP2526-205,,"HOSPITALITY, TOURISM AND EVENTS MANAGEMENT",Uva Wellassa University of Sri Lanka,NUWARA ELIYA,1.1174,value,8,17,1.1174
COP2526-205,,"HOSPITALITY, TOURISM AND EVENTS MANAGEMENT",Uva Wellassa University of Sri Lanka,GALLE,1.3200,value,8,17,1.3200
COP2526-205,,"HOSPITALITY, TOURISM AND EVENTS MANAGEMENT",Uva Wellassa University of Sri Lanka,MATARA,1.3183,value,8,17,1.3183
COP2526-205,,"HOSPITALITY, TOURISM AND EVENTS MANAGEMENT",Uva Wellassa University of Sri Lanka,HAMBANTOTA,1.2538,value,8,17,1.2538
COP2526-205,,"HOSPITALITY, TOURISM AND EVENTS MANAGEMENT",Uva Wellassa University of Sri Lanka,JAFFNA,1.0071,value,8,17,1.0071
COP2526-205,,"HOSPITALITY, TOURISM AND EVENTS MANAGEMENT",Uva Wellassa University of Sri Lanka,KILINOCHCHI,0.6861,value,8,17,0.6861
COP2526-205,,"HOSPITALITY, TOURISM AND EVENTS MANAGEMENT",Uva Wellassa University of Sri Lanka,MANNAR,1.0125,value,8,17,1.0125
COP2526-205,,"HOSPITALITY, TOURISM AND EVENTS MANAGEMENT",Uva Wellassa University of Sri Lanka,MULLAITIVU,0.8853,value,8,17,0.8853
COP2526-205,,"HOSPITALITY, TOURISM AND EVENTS MANAGEMENT",Uva Wellassa University of Sri Lanka,VAVUNIYA,1.0385,value,8,17,1.0385
COP2526-205,,"HOSPITALITY, TOURISM AND EVENTS MANAGEMENT",Uva Wellassa University of Sri Lanka,TRINCOMALEE,1.0882,value,8,17,1.0882
COP2526-205,,"HOSPITALITY, TOURISM AND EVENTS MANAGEMENT",Uva Wellassa University of Sri Lanka,BATTICALOA,1.1181,value,8,17,1.1181
COP2526-205,,"HOSPITALITY, TOURISM AND EVENTS MANAGEMENT",Uva Wellassa University of Sri Lanka,AMPARA,0.9969,value,8,17,0.9969
COP2526-205,,"HOSPITALITY, TOURISM AND EVENTS MANAGEMENT",Uva Wellassa University of Sri Lanka,PUTTALAM,1.1275,value,8,17,1.1275
COP2526-205,,"HOSPITALITY, TOURISM AND EVENTS MANAGEMENT",Uva Wellassa University of Sri Lanka,KURUNEGALA,1.3067,value,8,17,1.3067
COP2526-205,,"HOSPITALITY, TOURISM AND EVENTS MANAGEMENT",Uva Wellassa University of Sri Lanka,ANURADHAPURA,1.2093,value,8,17,1.2093
COP2526-205,,"HOSPITALITY, TOURISM AND EVENTS MANAGEMENT",Uva Wellassa University of Sri Lanka,POLONNARUWA,1.3265,value,8,17,1.3265
COP2526-205,,"HOSPITALITY, TOURISM AND EVENTS MANAGEMENT",Uva Wellassa University of Sri Lanka,BADULLA,1.1847,value,8,17,1.1847
COP2526-205,,"HOSPITALITY, TOURISM AND EVENTS MANAGEMENT",Uva Wellassa University of Sri Lanka,MONARAGALA,1.1891,value,8,17,1.1891
COP2526-205,,"HOSPITALITY, TOURISM AND EVENTS MANAGEMENT",Uva Wellassa University of Sri Lanka,KEGALLE,1.3061,value,8,17,1.3061
COP2526-205,,"HOSPITALITY, TOURISM AND EVENTS MANAGEMENT",Uva Wellassa University of Sri Lanka,RATNAPURA,1.2775,value,8,17,1.2775
COP2526-206,,ENGLISH LANGUAGE & APPLIED LINGUISTICS,Uva Wellassa University of Sri Lanka,COLOMBO,1.3176,value,8,18,1.3176
COP2526-206,,ENGLISH LANGUAGE & APPLIED LINGUISTICS,Uva Wellassa University of Sri Lanka,GAMPAHA,1.3233,value,8,18,1.3233
COP2526-206,,ENGLISH LANGUAGE & APPLIED LINGUISTICS,Uva Wellassa University of Sri Lanka,KALUTARA,1.3966,value,8,18,1.3966
COP2526-206,,ENGLISH LANGUAGE & APPLIED LINGUISTICS,Uva Wellassa University of Sri Lanka,MATALE,1.3514,value,8,18,1.3514
COP2526-206,,ENGLISH LANGUAGE & APPLIED LINGUISTICS,Uva Wellassa University of Sri Lanka,KANDY,1.3945,value,8,18,1.3945
COP2526-206,,ENGLISH LANGUAGE & APPLIED LINGUISTICS,Uva Wellassa University of Sri Lanka,NUWARA ELIYA,1.3963,value,8,18,1.3963
COP2526-206,,ENGLISH LANGUAGE & APPLIED LINGUISTICS,Uva Wellassa University of Sri Lanka,GALLE,1.3971,value,8,18,1.3971
COP2526-206,,ENGLISH LANGUAGE & APPLIED LINGUISTICS,Uva Wellassa University of Sri Lanka,MATARA,1.3625,value,8,18,1.3625
COP2526-206,,ENGLISH LANGUAGE & APPLIED LINGUISTICS,Uva Wellassa University of Sri Lanka,HAMBANTOTA,1.3226,value,8,18,1.3226
COP2526-206,,ENGLISH LANGUAGE & APPLIED LINGUISTICS,Uva Wellassa University of Sri Lanka,JAFFNA,1.5191,value,8,18,1.5191
COP2526-206,,ENGLISH LANGUAGE & APPLIED LINGUISTICS,Uva Wellassa University of Sri Lanka,KILINOCHCHI,1.4658,value,8,18,1.4658
COP2526-206,,ENGLISH LANGUAGE & APPLIED LINGUISTICS,Uva Wellassa University of Sri Lanka,MANNAR,1.4940,value,8,18,1.4940
COP2526-206,,ENGLISH LANGUAGE & APPLIED LINGUISTICS,Uva Wellassa University of Sri Lanka,MULLAITIVU,1.5461,value,8,18,1.5461
COP2526-206,,ENGLISH LANGUAGE & APPLIED LINGUISTICS,Uva Wellassa University of Sri Lanka,VAVUNIYA,1.2462,value,8,18,1.2462
COP2526-206,,ENGLISH LANGUAGE & APPLIED LINGUISTICS,Uva Wellassa University of Sri Lanka,TRINCOMALEE,1.5062,value,8,18,1.5062
COP2526-206,,ENGLISH LANGUAGE & APPLIED LINGUISTICS,Uva Wellassa University of Sri Lanka,BATTICALOA,1.5062,value,8,18,1.5062
COP2526-206,,ENGLISH LANGUAGE & APPLIED LINGUISTICS,Uva Wellassa University of Sri Lanka,AMPARA,1.5101,value,8,18,1.5101
COP2526-206,,ENGLISH LANGUAGE & APPLIED LINGUISTICS,Uva Wellassa University of Sri Lanka,PUTTALAM,1.4110,value,8,18,1.4110
COP2526-206,,ENGLISH LANGUAGE & APPLIED LINGUISTICS,Uva Wellassa University of Sri Lanka,KURUNEGALA,1.3361,value,8,18,1.3361
COP2526-206,,ENGLISH LANGUAGE & APPLIED LINGUISTICS,Uva Wellassa University of Sri Lanka,ANURADHAPURA,1.4117,value,8,18,1.4117
COP2526-206,,ENGLISH LANGUAGE & APPLIED LINGUISTICS,Uva Wellassa University of Sri Lanka,POLONNARUWA,1.3927,value,8,18,1.3927
COP2526-206,,ENGLISH LANGUAGE & APPLIED LINGUISTICS,Uva Wellassa University of Sri Lanka,BADULLA,1.5192,value,8,18,1.5192
COP2526-206,,ENGLISH LANGUAGE & APPLIED LINGUISTICS,Uva Wellassa University of Sri Lanka,MONARAGALA,1.5042,value,8,18,1.5042
COP2526-206,,ENGLISH LANGUAGE & APPLIED LINGUISTICS,Uva Wellassa University of Sri Lanka,KEGALLE,1.4282,value,8,18,1.4282
COP2526-206,,ENGLISH LANGUAGE & APPLIED LINGUISTICS,Uva Wellassa University of Sri Lanka,RATNAPURA,1.4866,value,8,18,1.4866
COP2526-207,,PLANTATION MANAGEMENT AND TECHNOLOGY,Uva Wellassa University of Sri Lanka,COLOMBO,0.8792,value,8,19,0.8792
COP2526-207,,PLANTATION MANAGEMENT AND TECHNOLOGY,Uva Wellassa University of Sri Lanka,GAMPAHA,0.8498,value,8,19,0.8498
COP2526-207,,PLANTATION MANAGEMENT AND TECHNOLOGY,Uva Wellassa University of Sri Lanka,KALUTARA,0.9190,value,8,19,0.9190
COP2526-207,,PLANTATION MANAGEMENT AND TECHNOLOGY,Uva Wellassa University of Sri Lanka,MATALE,0.8450,value,8,19,0.8450
COP2526-207,,PLANTATION MANAGEMENT AND TECHNOLOGY,Uva Wellassa University of Sri Lanka,KANDY,0.9226,value,8,19,0.9226
COP2526-207,,PLANTATION MANAGEMENT AND TECHNOLOGY,Uva Wellassa University of Sri Lanka,NUWARA ELIYA,0.7138,value,8,19,0.7138
COP2526-207,,PLANTATION MANAGEMENT AND TECHNOLOGY,Uva Wellassa University of Sri Lanka,GALLE,0.9267,value,8,19,0.9267
COP2526-207,,PLANTATION MANAGEMENT AND TECHNOLOGY,Uva Wellassa University of Sri Lanka,MATARA,0.9321,value,8,19,0.9321
COP2526-207,,PLANTATION MANAGEMENT AND TECHNOLOGY,Uva Wellassa University of Sri Lanka,HAMBANTOTA,0.9264,value,8,19,0.9264
COP2526-207,,PLANTATION MANAGEMENT AND TECHNOLOGY,Uva Wellassa University of Sri Lanka,JAFFNA,0.9116,value,8,19,0.9116
COP2526-207,,PLANTATION MANAGEMENT AND TECHNOLOGY,Uva Wellassa University of Sri Lanka,KILINOCHCHI,0.6241,value,8,19,0.6241
COP2526-207,,PLANTATION MANAGEMENT AND TECHNOLOGY,Uva Wellassa University of Sri Lanka,MANNAR,0.6064,value,8,19,0.6064
COP2526-207,,PLANTATION MANAGEMENT AND TECHNOLOGY,Uva Wellassa University of Sri Lanka,MULLAITIVU,0.4339,value,8,19,0.4339
COP2526-207,,PLANTATION MANAGEMENT AND TECHNOLOGY,Uva Wellassa University of Sri Lanka,VAVUNIYA,0.5406,value,8,19,0.5406
COP2526-207,,PLANTATION MANAGEMENT AND TECHNOLOGY,Uva Wellassa University of Sri Lanka,TRINCOMALEE,0.7730,value,8,19,0.7730
COP2526-207,,PLANTATION MANAGEMENT AND TECHNOLOGY,Uva Wellassa University of Sri Lanka,BATTICALOA,0.7802,value,8,19,0.7802
COP2526-207,,PLANTATION MANAGEMENT AND TECHNOLOGY,Uva Wellassa University of Sri Lanka,AMPARA,0.8647,value,8,19,0.8647
COP2526-207,,PLANTATION MANAGEMENT AND TECHNOLOGY,Uva Wellassa University of Sri Lanka,PUTTALAM,0.8074,value,8,19,0.8074
COP2526-207,,PLANTATION MANAGEMENT AND TECHNOLOGY,Uva Wellassa University of Sri Lanka,KURUNEGALA,0.9169,value,8,19,0.9169
COP2526-207,,PLANTATION MANAGEMENT AND TECHNOLOGY,Uva Wellassa University of Sri Lanka,ANURADHAPURA,0.7922,value,8,19,0.7922
COP2526-207,,PLANTATION MANAGEMENT AND TECHNOLOGY,Uva Wellassa University of Sri Lanka,POLONNARUWA,0.8291,value,8,19,0.8291
COP2526-207,,PLANTATION MANAGEMENT AND TECHNOLOGY,Uva Wellassa University of Sri Lanka,BADULLA,0.8980,value,8,19,0.8980
COP2526-207,,PLANTATION MANAGEMENT AND TECHNOLOGY,Uva Wellassa University of Sri Lanka,MONARAGALA,0.8196,value,8,19,0.8196
COP2526-207,,PLANTATION MANAGEMENT AND TECHNOLOGY,Uva Wellassa University of Sri Lanka,KEGALLE,0.9364,value,8,19,0.9364
COP2526-207,,PLANTATION MANAGEMENT AND TECHNOLOGY,Uva Wellassa University of Sri Lanka,RATNAPURA,0.8706,value,8,19,0.8706
COP2526-208,,POLYMER SCIENCE AND INDUSTRIAL MANAGEMENT,University of Sri Jayewardenepura,COLOMBO,1.5423,value,8,20,1.5423
COP2526-208,,POLYMER SCIENCE AND INDUSTRIAL MANAGEMENT,University of Sri Jayewardenepura,GAMPAHA,1.4803,value,8,20,1.4803
COP2526-208,,POLYMER SCIENCE AND INDUSTRIAL MANAGEMENT,University of Sri Jayewardenepura,KALUTARA,1.5407,value,8,20,1.5407
COP2526-208,,POLYMER SCIENCE AND INDUSTRIAL MANAGEMENT,University of Sri Jayewardenepura,MATALE,1.5262,value,8,20,1.5262
COP2526-208,,POLYMER SCIENCE AND INDUSTRIAL MANAGEMENT,University of Sri Jayewardenepura,KANDY,1.4823,value,8,20,1.4823
COP2526-208,,POLYMER SCIENCE AND INDUSTRIAL MANAGEMENT,University of Sri Jayewardenepura,NUWARA ELIYA,1.2943,value,8,20,1.2943
COP2526-208,,POLYMER SCIENCE AND INDUSTRIAL MANAGEMENT,University of Sri Jayewardenepura,GALLE,1.5507,value,8,20,1.5507
COP2526-208,,POLYMER SCIENCE AND INDUSTRIAL MANAGEMENT,University of Sri Jayewardenepura,MATARA,1.5532,value,8,20,1.5532
COP2526-208,,POLYMER SCIENCE AND INDUSTRIAL MANAGEMENT,University of Sri Jayewardenepura,HAMBANTOTA,1.4805,value,8,20,1.4805
COP2526-208,,POLYMER SCIENCE AND INDUSTRIAL MANAGEMENT,University of Sri Jayewardenepura,JAFFNA,1.2757,value,8,20,1.2757
COP2526-208,,POLYMER SCIENCE AND INDUSTRIAL MANAGEMENT,University of Sri Jayewardenepura,KILINOCHCHI,1.2545,value,8,20,1.2545
COP2526-208,,POLYMER SCIENCE AND INDUSTRIAL MANAGEMENT,University of Sri Jayewardenepura,MANNAR,0.8908,value,8,20,0.8908
COP2526-208,,POLYMER SCIENCE AND INDUSTRIAL MANAGEMENT,University of Sri Jayewardenepura,MULLAITIVU,1.0308,value,8,20,1.0308
COP2526-208,,POLYMER SCIENCE AND INDUSTRIAL MANAGEMENT,University of Sri Jayewardenepura,VAVUNIYA,1.0622,value,8,20,1.0622
COP2526-208,,POLYMER SCIENCE AND INDUSTRIAL MANAGEMENT,University of Sri Jayewardenepura,TRINCOMALEE,1.3413,value,8,20,1.3413
COP2526-208,,POLYMER SCIENCE AND INDUSTRIAL MANAGEMENT,University of Sri Jayewardenepura,BATTICALOA,1.2765,value,8,20,1.2765
COP2526-208,,POLYMER SCIENCE AND INDUSTRIAL MANAGEMENT,University of Sri Jayewardenepura,AMPARA,1.4299,value,8,20,1.4299
COP2526-208,,POLYMER SCIENCE AND INDUSTRIAL MANAGEMENT,University of Sri Jayewardenepura,PUTTALAM,1.5167,value,8,20,1.5167
COP2526-208,,POLYMER SCIENCE AND INDUSTRIAL MANAGEMENT,University of Sri Jayewardenepura,KURUNEGALA,1.5148,value,8,20,1.5148
COP2526-208,,POLYMER SCIENCE AND INDUSTRIAL MANAGEMENT,University of Sri Jayewardenepura,ANURADHAPURA,1.4595,value,8,20,1.4595
COP2526-208,,POLYMER SCIENCE AND INDUSTRIAL MANAGEMENT,University of Sri Jayewardenepura,POLONNARUWA,1.3502,value,8,20,1.3502
COP2526-208,,POLYMER SCIENCE AND INDUSTRIAL MANAGEMENT,University of Sri Jayewardenepura,BADULLA,1.5049,value,8,20,1.5049
COP2526-208,,POLYMER SCIENCE AND INDUSTRIAL MANAGEMENT,University of Sri Jayewardenepura,MONARAGALA,1.5096,value,8,20,1.5096
COP2526-208,,POLYMER SCIENCE AND INDUSTRIAL MANAGEMENT,University of Sri Jayewardenepura,KEGALLE,1.5274,value,8,20,1.5274
COP2526-208,,POLYMER SCIENCE AND INDUSTRIAL MANAGEMENT,University of Sri Jayewardenepura,RATNAPURA,1.5204,value,8,20,1.5204
COP2526-209,,ENGINEERING TECHNOLOGY (ET),University of Colombo,COLOMBO,2.0686,value,8,21,2.0686
COP2526-209,,ENGINEERING TECHNOLOGY (ET),University of Colombo,GAMPAHA,2.0995,value,8,21,2.0995
COP2526-209,,ENGINEERING TECHNOLOGY (ET),University of Colombo,KALUTARA,2.1270,value,8,21,2.1270
COP2526-209,,ENGINEERING TECHNOLOGY (ET),University of Colombo,MATALE,2.0905,value,8,21,2.0905
COP2526-209,,ENGINEERING TECHNOLOGY (ET),University of Colombo,KANDY,2.0780,value,8,21,2.0780
COP2526-209,,ENGINEERING TECHNOLOGY (ET),University of Colombo,NUWARA ELIYA,,NQC,8,21,NQC
COP2526-209,,ENGINEERING TECHNOLOGY (ET),University of Colombo,GALLE,2.0870,value,8,21,2.0870
COP2526-209,,ENGINEERING TECHNOLOGY (ET),University of Colombo,MATARA,2.1201,value,8,21,2.1201
COP2526-209,,ENGINEERING TECHNOLOGY (ET),University of Colombo,HAMBANTOTA,2.1208,value,8,21,2.1208
COP2526-209,,ENGINEERING TECHNOLOGY (ET),University of Colombo,JAFFNA,,NQC,8,21,NQC
COP2526-209,,ENGINEERING TECHNOLOGY (ET),University of Colombo,KILINOCHCHI,,NQC,8,21,NQC
COP2526-209,,ENGINEERING TECHNOLOGY (ET),University of Colombo,MANNAR,,NQC,8,21,NQC
COP2526-209,,ENGINEERING TECHNOLOGY (ET),University of Colombo,MULLAITIVU,,NQC,8,21,NQC
COP2526-209,,ENGINEERING TECHNOLOGY (ET),University of Colombo,VAVUNIYA,,NQC,8,21,NQC
COP2526-209,,ENGINEERING TECHNOLOGY (ET),University of Colombo,TRINCOMALEE,,NQC,8,21,NQC
COP2526-209,,ENGINEERING TECHNOLOGY (ET),University of Colombo,BATTICALOA,,NQC,8,21,NQC
COP2526-209,,ENGINEERING TECHNOLOGY (ET),University of Colombo,AMPARA,2.1046,value,8,21,2.1046
COP2526-209,,ENGINEERING TECHNOLOGY (ET),University of Colombo,PUTTALAM,2.0733,value,8,21,2.0733
COP2526-209,,ENGINEERING TECHNOLOGY (ET),University of Colombo,KURUNEGALA,2.0681,value,8,21,2.0681
COP2526-209,,ENGINEERING TECHNOLOGY (ET),University of Colombo,ANURADHAPURA,2.1352,value,8,21,2.1352
COP2526-209,,ENGINEERING TECHNOLOGY (ET),University of Colombo,POLONNARUWA,2.2135,value,8,21,2.2135
COP2526-209,,ENGINEERING TECHNOLOGY (ET),University of Colombo,BADULLA,2.0732,value,8,21,2.0732
COP2526-209,,ENGINEERING TECHNOLOGY (ET),University of Colombo,MONARAGALA,2.0774,value,8,21,2.0774
COP2526-209,,ENGINEERING TECHNOLOGY (ET),University of Colombo,KEGALLE,2.0958,value,8,21,2.0958
COP2526-209,,ENGINEERING TECHNOLOGY (ET),University of Colombo,RATNAPURA,2.0789,value,8,21,2.0789
COP2526-210,,ENGINEERING TECHNOLOGY (ET),University of Sri Jayewardenepura,COLOMBO,2.2995,value,8,22,2.2995
COP2526-210,,ENGINEERING TECHNOLOGY (ET),University of Sri Jayewardenepura,GAMPAHA,2.2865,value,8,22,2.2865
COP2526-210,,ENGINEERING TECHNOLOGY (ET),University of Sri Jayewardenepura,KALUTARA,2.2951,value,8,22,2.2951
COP2526-210,,ENGINEERING TECHNOLOGY (ET),University of Sri Jayewardenepura,MATALE,2.6662,value,8,22,2.6662
COP2526-210,,ENGINEERING TECHNOLOGY (ET),University of Sri Jayewardenepura,KANDY,2.3315,value,8,22,2.3315
COP2526-210,,ENGINEERING TECHNOLOGY (ET),University of Sri Jayewardenepura,NUWARA ELIYA,2.3798,value,8,22,2.3798
COP2526-210,,ENGINEERING TECHNOLOGY (ET),University of Sri Jayewardenepura,GALLE,2.2886,value,8,22,2.2886
COP2526-210,,ENGINEERING TECHNOLOGY (ET),University of Sri Jayewardenepura,MATARA,2.2987,value,8,22,2.2987
COP2526-210,,ENGINEERING TECHNOLOGY (ET),University of Sri Jayewardenepura,HAMBANTOTA,2.3101,value,8,22,2.3101
COP2526-210,,ENGINEERING TECHNOLOGY (ET),University of Sri Jayewardenepura,JAFFNA,2.7935,value,8,22,2.7935
COP2526-210,,ENGINEERING TECHNOLOGY (ET),University of Sri Jayewardenepura,KILINOCHCHI,,NQC,8,22,NQC
COP2526-210,,ENGINEERING TECHNOLOGY (ET),University of Sri Jayewardenepura,MANNAR,,NQC,8,22,NQC
COP2526-210,,ENGINEERING TECHNOLOGY (ET),University of Sri Jayewardenepura,MULLAITIVU,,NQC,8,22,NQC
COP2526-210,,ENGINEERING TECHNOLOGY (ET),University of Sri Jayewardenepura,VAVUNIYA,,NQC,8,22,NQC
COP2526-210,,ENGINEERING TECHNOLOGY (ET),University of Sri Jayewardenepura,TRINCOMALEE,2.6439,value,8,22,2.6439
COP2526-210,,ENGINEERING TECHNOLOGY (ET),University of Sri Jayewardenepura,BATTICALOA,2.7900,value,8,22,2.7900
COP2526-210,,ENGINEERING TECHNOLOGY (ET),University of Sri Jayewardenepura,AMPARA,2.3615,value,8,22,2.3615
COP2526-210,,ENGINEERING TECHNOLOGY (ET),University of Sri Jayewardenepura,PUTTALAM,2.3593,value,8,22,2.3593
COP2526-210,,ENGINEERING TECHNOLOGY (ET),University of Sri Jayewardenepura,KURUNEGALA,2.3294,value,8,22,2.3294
COP2526-210,,ENGINEERING TECHNOLOGY (ET),University of Sri Jayewardenepura,ANURADHAPURA,2.3034,value,8,22,2.3034
COP2526-210,,ENGINEERING TECHNOLOGY (ET),University of Sri Jayewardenepura,POLONNARUWA,2.6017,value,8,22,2.6017
COP2526-210,,ENGINEERING TECHNOLOGY (ET),University of Sri Jayewardenepura,BADULLA,2.4257,value,8,22,2.4257
COP2526-210,,ENGINEERING TECHNOLOGY (ET),University of Sri Jayewardenepura,MONARAGALA,2.4812,value,8,22,2.4812
COP2526-210,,ENGINEERING TECHNOLOGY (ET),University of Sri Jayewardenepura,KEGALLE,2.3019,value,8,22,2.3019
COP2526-210,,ENGINEERING TECHNOLOGY (ET),University of Sri Jayewardenepura,RATNAPURA,2.3011,value,8,22,2.3011
COP2526-211,,ENGINEERING TECHNOLOGY (ET),University of Kelaniya,COLOMBO,1.9576,value,8,23,1.9576
COP2526-211,,ENGINEERING TECHNOLOGY (ET),University of Kelaniya,GAMPAHA,1.9611,value,8,23,1.9611
COP2526-211,,ENGINEERING TECHNOLOGY (ET),University of Kelaniya,KALUTARA,1.9669,value,8,23,1.9669
COP2526-211,,ENGINEERING TECHNOLOGY (ET),University of Kelaniya,MATALE,1.9865,value,8,23,1.9865
COP2526-211,,ENGINEERING TECHNOLOGY (ET),University of Kelaniya,KANDY,2.0019,value,8,23,2.0019
COP2526-211,,ENGINEERING TECHNOLOGY (ET),University of Kelaniya,NUWARA ELIYA,2.0021,value,8,23,2.0021
COP2526-211,,ENGINEERING TECHNOLOGY (ET),University of Kelaniya,GALLE,1.9595,value,8,23,1.9595
COP2526-211,,ENGINEERING TECHNOLOGY (ET),University of Kelaniya,MATARA,1.9617,value,8,23,1.9617
COP2526-211,,ENGINEERING TECHNOLOGY (ET),University of Kelaniya,HAMBANTOTA,1.9594,value,8,23,1.9594
COP2526-211,,ENGINEERING TECHNOLOGY (ET),University of Kelaniya,JAFFNA,,NQC,8,23,NQC
COP2526-211,,ENGINEERING TECHNOLOGY (ET),University of Kelaniya,KILINOCHCHI,,NQC,8,23,NQC
COP2526-211,,ENGINEERING TECHNOLOGY (ET),University of Kelaniya,MANNAR,,NQC,8,23,NQC
COP2526-211,,ENGINEERING TECHNOLOGY (ET),University of Kelaniya,MULLAITIVU,2.0993,value,8,23,2.0993
COP2526-211,,ENGINEERING TECHNOLOGY (ET),University of Kelaniya,VAVUNIYA,,NQC,8,23,NQC
COP2526-211,,ENGINEERING TECHNOLOGY (ET),University of Kelaniya,TRINCOMALEE,,NQC,8,23,NQC
COP2526-211,,ENGINEERING TECHNOLOGY (ET),University of Kelaniya,BATTICALOA,,NQC,8,23,NQC
COP2526-211,,ENGINEERING TECHNOLOGY (ET),University of Kelaniya,AMPARA,1.9613,value,8,23,1.9613
COP2526-211,,ENGINEERING TECHNOLOGY (ET),University of Kelaniya,PUTTALAM,1.9605,value,8,23,1.9605
COP2526-211,,ENGINEERING TECHNOLOGY (ET),University of Kelaniya,KURUNEGALA,1.9707,value,8,23,1.9707
COP2526-211,,ENGINEERING TECHNOLOGY (ET),University of Kelaniya,ANURADHAPURA,1.9783,value,8,23,1.9783
COP2526-211,,ENGINEERING TECHNOLOGY (ET),University of Kelaniya,POLONNARUWA,1.9837,value,8,23,1.9837
COP2526-211,,ENGINEERING TECHNOLOGY (ET),University of Kelaniya,BADULLA,1.9734,value,8,23,1.9734
COP2526-211,,ENGINEERING TECHNOLOGY (ET),University of Kelaniya,MONARAGALA,1.9917,value,8,23,1.9917
COP2526-211,,ENGINEERING TECHNOLOGY (ET),University of Kelaniya,KEGALLE,1.9665,value,8,23,1.9665
COP2526-211,,ENGINEERING TECHNOLOGY (ET),University of Kelaniya,RATNAPURA,1.9621,value,8,23,1.9621
COP2526-212,,ENGINEERING TECHNOLOGY (ET),University of Jaffna,COLOMBO,1.2895,value,8,24,1.2895
COP2526-212,,ENGINEERING TECHNOLOGY (ET),University of Jaffna,GAMPAHA,1.2736,value,8,24,1.2736
COP2526-212,,ENGINEERING TECHNOLOGY (ET),University of Jaffna,KALUTARA,1.9089,value,8,24,1.9089
COP2526-212,,ENGINEERING TECHNOLOGY (ET),University of Jaffna,MATALE,1.4082,value,8,24,1.4082
COP2526-212,,ENGINEERING TECHNOLOGY (ET),University of Jaffna,KANDY,1.4621,value,8,24,1.4621
COP2526-212,,ENGINEERING TECHNOLOGY (ET),University of Jaffna,NUWARA ELIYA,1.0296,value,8,24,1.0296
COP2526-212,,ENGINEERING TECHNOLOGY (ET),University of Jaffna,GALLE,,NQC,8,24,NQC
COP2526-212,,ENGINEERING TECHNOLOGY (ET),University of Jaffna,MATARA,1.4616,value,8,24,1.4616
COP2526-212,,ENGINEERING TECHNOLOGY (ET),University of Jaffna,HAMBANTOTA,1.2600,value,8,24,1.2600
COP2526-212,,ENGINEERING TECHNOLOGY (ET),University of Jaffna,JAFFNA,0.7780,value,8,24,0.7780
COP2526-212,,ENGINEERING TECHNOLOGY (ET),University of Jaffna,KILINOCHCHI,0.3619,value,8,24,0.3619
COP2526-212,,ENGINEERING TECHNOLOGY (ET),University of Jaffna,MANNAR,0.0849,value,8,24,0.0849
COP2526-212,,ENGINEERING TECHNOLOGY (ET),University of Jaffna,MULLAITIVU,0.2527,value,8,24,0.2527
COP2526-212,,ENGINEERING TECHNOLOGY (ET),University of Jaffna,VAVUNIYA,0.3652,value,8,24,0.3652
COP2526-212,,ENGINEERING TECHNOLOGY (ET),University of Jaffna,TRINCOMALEE,1.0787,value,8,24,1.0787
COP2526-212,,ENGINEERING TECHNOLOGY (ET),University of Jaffna,BATTICALOA,0.9095,value,8,24,0.9095
COP2526-212,,ENGINEERING TECHNOLOGY (ET),University of Jaffna,AMPARA,1.0545,value,8,24,1.0545
COP2526-212,,ENGINEERING TECHNOLOGY (ET),University of Jaffna,PUTTALAM,1.0021,value,8,24,1.0021
COP2526-212,,ENGINEERING TECHNOLOGY (ET),University of Jaffna,KURUNEGALA,1.4904,value,8,24,1.4904
COP2526-212,,ENGINEERING TECHNOLOGY (ET),University of Jaffna,ANURADHAPURA,1.7050,value,8,24,1.7050
COP2526-212,,ENGINEERING TECHNOLOGY (ET),University of Jaffna,POLONNARUWA,1.0081,value,8,24,1.0081
COP2526-212,,ENGINEERING TECHNOLOGY (ET),University of Jaffna,BADULLA,1.2397,value,8,24,1.2397
COP2526-212,,ENGINEERING TECHNOLOGY (ET),University of Jaffna,MONARAGALA,1.4868,value,8,24,1.4868
COP2526-212,,ENGINEERING TECHNOLOGY (ET),University of Jaffna,KEGALLE,1.5757,value,8,24,1.5757
COP2526-212,,ENGINEERING TECHNOLOGY (ET),University of Jaffna,RATNAPURA,1.4552,value,8,24,1.4552
COP2526-213,,ENGINEERING TECHNOLOGY (ET),University of Ruhuna,COLOMBO,1.6011,value,8,25,1.6011
COP2526-213,,ENGINEERING TECHNOLOGY (ET),University of Ruhuna,GAMPAHA,1.6014,value,8,25,1.6014
COP2526-213,,ENGINEERING TECHNOLOGY (ET),University of Ruhuna,KALUTARA,1.5998,value,8,25,1.5998
COP2526-213,,ENGINEERING TECHNOLOGY (ET),University of Ruhuna,MATALE,1.6183,value,8,25,1.6183
COP2526-213,,ENGINEERING TECHNOLOGY (ET),University of Ruhuna,KANDY,1.6369,value,8,25,1.6369
COP2526-213,,ENGINEERING TECHNOLOGY (ET),University of Ruhuna,NUWARA ELIYA,1.6011,value,8,25,1.6011
COP2526-213,,ENGINEERING TECHNOLOGY (ET),University of Ruhuna,GALLE,1.6004,value,8,25,1.6004
COP2526-213,,ENGINEERING TECHNOLOGY (ET),University of Ruhuna,MATARA,1.5970,value,8,25,1.5970
COP2526-213,,ENGINEERING TECHNOLOGY (ET),University of Ruhuna,HAMBANTOTA,1.6150,value,8,25,1.6150
COP2526-213,,ENGINEERING TECHNOLOGY (ET),University of Ruhuna,JAFFNA,,NQC,8,25,NQC
COP2526-213,,ENGINEERING TECHNOLOGY (ET),University of Ruhuna,KILINOCHCHI,,NQC,8,25,NQC
COP2526-213,,ENGINEERING TECHNOLOGY (ET),University of Ruhuna,MANNAR,,NQC,8,25,NQC
COP2526-213,,ENGINEERING TECHNOLOGY (ET),University of Ruhuna,MULLAITIVU,,NQC,8,25,NQC
COP2526-213,,ENGINEERING TECHNOLOGY (ET),University of Ruhuna,VAVUNIYA,,NQC,8,25,NQC
COP2526-213,,ENGINEERING TECHNOLOGY (ET),University of Ruhuna,TRINCOMALEE,1.7477,value,8,25,1.7477
COP2526-213,,ENGINEERING TECHNOLOGY (ET),University of Ruhuna,BATTICALOA,1.7150,value,8,25,1.7150
COP2526-213,,ENGINEERING TECHNOLOGY (ET),University of Ruhuna,AMPARA,1.7049,value,8,25,1.7049
COP2526-213,,ENGINEERING TECHNOLOGY (ET),University of Ruhuna,PUTTALAM,1.7660,value,8,25,1.7660
COP2526-213,,ENGINEERING TECHNOLOGY (ET),University of Ruhuna,KURUNEGALA,1.6057,value,8,25,1.6057
COP2526-213,,ENGINEERING TECHNOLOGY (ET),University of Ruhuna,ANURADHAPURA,1.5972,value,8,25,1.5972
COP2526-213,,ENGINEERING TECHNOLOGY (ET),University of Ruhuna,POLONNARUWA,1.6211,value,8,25,1.6211
COP2526-213,,ENGINEERING TECHNOLOGY (ET),University of Ruhuna,BADULLA,1.6189,value,8,25,1.6189
COP2526-213,,ENGINEERING TECHNOLOGY (ET),University of Ruhuna,MONARAGALA,1.6666,value,8,25,1.6666
COP2526-213,,ENGINEERING TECHNOLOGY (ET),University of Ruhuna,KEGALLE,1.6005,value,8,25,1.6005
COP2526-213,,ENGINEERING TECHNOLOGY (ET),University of Ruhuna,RATNAPURA,1.6087,value,8,25,1.6087
COP2526-214,,ENGINEERING TECHNOLOGY (ET),Rajarata University of Sri Lanka,COLOMBO,1.3333,value,8,26,1.3333
COP2526-214,,ENGINEERING TECHNOLOGY (ET),Rajarata University of Sri Lanka,GAMPAHA,1.3225,value,8,26,1.3225
COP2526-214,,ENGINEERING TECHNOLOGY (ET),Rajarata University of Sri Lanka,KALUTARA,1.3353,value,8,26,1.3353
COP2526-214,,ENGINEERING TECHNOLOGY (ET),Rajarata University of Sri Lanka,MATALE,1.4234,value,8,26,1.4234
COP2526-214,,ENGINEERING TECHNOLOGY (ET),Rajarata University of Sri Lanka,KANDY,1.3397,value,8,26,1.3397
COP2526-214,,ENGINEERING TECHNOLOGY (ET),Rajarata University of Sri Lanka,NUWARA ELIYA,1.3198,value,8,26,1.3198
COP2526-214,,ENGINEERING TECHNOLOGY (ET),Rajarata University of Sri Lanka,GALLE,1.4495,value,8,26,1.4495
COP2526-214,,ENGINEERING TECHNOLOGY (ET),Rajarata University of Sri Lanka,MATARA,1.4440,value,8,26,1.4440
COP2526-214,,ENGINEERING TECHNOLOGY (ET),Rajarata University of Sri Lanka,HAMBANTOTA,1.5516,value,8,26,1.5516
COP2526-214,,ENGINEERING TECHNOLOGY (ET),Rajarata University of Sri Lanka,JAFFNA,1.4394,value,8,26,1.4394
COP2526-214,,ENGINEERING TECHNOLOGY (ET),Rajarata University of Sri Lanka,KILINOCHCHI,1.5785,value,8,26,1.5785
COP2526-214,,ENGINEERING TECHNOLOGY (ET),Rajarata University of Sri Lanka,MANNAR,,NQC,8,26,NQC
COP2526-214,,ENGINEERING TECHNOLOGY (ET),Rajarata University of Sri Lanka,MULLAITIVU,,NQC,8,26,NQC
COP2526-214,,ENGINEERING TECHNOLOGY (ET),Rajarata University of Sri Lanka,VAVUNIYA,,NQC,8,26,NQC
COP2526-214,,ENGINEERING TECHNOLOGY (ET),Rajarata University of Sri Lanka,TRINCOMALEE,,NQC,8,26,NQC
COP2526-214,,ENGINEERING TECHNOLOGY (ET),Rajarata University of Sri Lanka,BATTICALOA,1.3668,value,8,26,1.3668
COP2526-214,,ENGINEERING TECHNOLOGY (ET),Rajarata University of Sri Lanka,AMPARA,1.3438,value,8,26,1.3438
COP2526-214,,ENGINEERING TECHNOLOGY (ET),Rajarata University of Sri Lanka,PUTTALAM,1.3456,value,8,26,1.3456
COP2526-214,,ENGINEERING TECHNOLOGY (ET),Rajarata University of Sri Lanka,KURUNEGALA,1.4893,value,8,26,1.4893
COP2526-214,,ENGINEERING TECHNOLOGY (ET),Rajarata University of Sri Lanka,ANURADHAPURA,1.4302,value,8,26,1.4302
COP2526-214,,ENGINEERING TECHNOLOGY (ET),Rajarata University of Sri Lanka,POLONNARUWA,1.4165,value,8,26,1.4165
COP2526-214,,ENGINEERING TECHNOLOGY (ET),Rajarata University of Sri Lanka,BADULLA,1.3252,value,8,26,1.3252
COP2526-214,,ENGINEERING TECHNOLOGY (ET),Rajarata University of Sri Lanka,MONARAGALA,1.3290,value,8,26,1.3290
COP2526-214,,ENGINEERING TECHNOLOGY (ET),Rajarata University of Sri Lanka,KEGALLE,1.5647,value,8,26,1.5647
COP2526-214,,ENGINEERING TECHNOLOGY (ET),Rajarata University of Sri Lanka,RATNAPURA,1.3880,value,8,26,1.3880
COP2526-215,,ENGINEERING TECHNOLOGY (ET),Sabaragamuwa University of Sri Lanka,COLOMBO,1.3965,value,9,1,1.3965
COP2526-215,,ENGINEERING TECHNOLOGY (ET),Sabaragamuwa University of Sri Lanka,GAMPAHA,1.3869,value,9,1,1.3869
COP2526-215,,ENGINEERING TECHNOLOGY (ET),Sabaragamuwa University of Sri Lanka,KALUTARA,1.4289,value,9,1,1.4289
COP2526-215,,ENGINEERING TECHNOLOGY (ET),Sabaragamuwa University of Sri Lanka,MATALE,1.3911,value,9,1,1.3911
COP2526-215,,ENGINEERING TECHNOLOGY (ET),Sabaragamuwa University of Sri Lanka,KANDY,1.3982,value,9,1,1.3982
COP2526-215,,ENGINEERING TECHNOLOGY (ET),Sabaragamuwa University of Sri Lanka,NUWARA ELIYA,1.4298,value,9,1,1.4298
COP2526-215,,ENGINEERING TECHNOLOGY (ET),Sabaragamuwa University of Sri Lanka,GALLE,1.4702,value,9,1,1.4702
COP2526-215,,ENGINEERING TECHNOLOGY (ET),Sabaragamuwa University of Sri Lanka,MATARA,1.4118,value,9,1,1.4118
COP2526-215,,ENGINEERING TECHNOLOGY (ET),Sabaragamuwa University of Sri Lanka,HAMBANTOTA,1.3892,value,9,1,1.3892
COP2526-215,,ENGINEERING TECHNOLOGY (ET),Sabaragamuwa University of Sri Lanka,JAFFNA,,NQC,9,1,NQC
COP2526-215,,ENGINEERING TECHNOLOGY (ET),Sabaragamuwa University of Sri Lanka,KILINOCHCHI,,NQC,9,1,NQC
COP2526-215,,ENGINEERING TECHNOLOGY (ET),Sabaragamuwa University of Sri Lanka,MANNAR,,NQC,9,1,NQC
COP2526-215,,ENGINEERING TECHNOLOGY (ET),Sabaragamuwa University of Sri Lanka,MULLAITIVU,,NQC,9,1,NQC
COP2526-215,,ENGINEERING TECHNOLOGY (ET),Sabaragamuwa University of Sri Lanka,VAVUNIYA,,NQC,9,1,NQC
COP2526-215,,ENGINEERING TECHNOLOGY (ET),Sabaragamuwa University of Sri Lanka,TRINCOMALEE,1.3922,value,9,1,1.3922
COP2526-215,,ENGINEERING TECHNOLOGY (ET),Sabaragamuwa University of Sri Lanka,BATTICALOA,1.3985,value,9,1,1.3985
COP2526-215,,ENGINEERING TECHNOLOGY (ET),Sabaragamuwa University of Sri Lanka,AMPARA,1.4583,value,9,1,1.4583
COP2526-215,,ENGINEERING TECHNOLOGY (ET),Sabaragamuwa University of Sri Lanka,PUTTALAM,1.5664,value,9,1,1.5664
COP2526-215,,ENGINEERING TECHNOLOGY (ET),Sabaragamuwa University of Sri Lanka,KURUNEGALA,1.4872,value,9,1,1.4872
COP2526-215,,ENGINEERING TECHNOLOGY (ET),Sabaragamuwa University of Sri Lanka,ANURADHAPURA,1.4795,value,9,1,1.4795
COP2526-215,,ENGINEERING TECHNOLOGY (ET),Sabaragamuwa University of Sri Lanka,POLONNARUWA,1.5438,value,9,1,1.5438
COP2526-215,,ENGINEERING TECHNOLOGY (ET),Sabaragamuwa University of Sri Lanka,BADULLA,1.4470,value,9,1,1.4470
COP2526-215,,ENGINEERING TECHNOLOGY (ET),Sabaragamuwa University of Sri Lanka,MONARAGALA,1.3821,value,9,1,1.3821
COP2526-215,,ENGINEERING TECHNOLOGY (ET),Sabaragamuwa University of Sri Lanka,KEGALLE,1.5717,value,9,1,1.5717
COP2526-215,,ENGINEERING TECHNOLOGY (ET),Sabaragamuwa University of Sri Lanka,RATNAPURA,1.4754,value,9,1,1.4754
COP2526-216,,ENGINEERING TECHNOLOGY (ET),Wayamba University of Sri Lanka,COLOMBO,1.5865,value,9,2,1.5865
COP2526-216,,ENGINEERING TECHNOLOGY (ET),Wayamba University of Sri Lanka,GAMPAHA,1.5775,value,9,2,1.5775
COP2526-216,,ENGINEERING TECHNOLOGY (ET),Wayamba University of Sri Lanka,KALUTARA,1.5918,value,9,2,1.5918
COP2526-216,,ENGINEERING TECHNOLOGY (ET),Wayamba University of Sri Lanka,MATALE,1.5850,value,9,2,1.5850
COP2526-216,,ENGINEERING TECHNOLOGY (ET),Wayamba University of Sri Lanka,KANDY,1.5906,value,9,2,1.5906
COP2526-216,,ENGINEERING TECHNOLOGY (ET),Wayamba University of Sri Lanka,NUWARA ELIYA,1.5818,value,9,2,1.5818
COP2526-216,,ENGINEERING TECHNOLOGY (ET),Wayamba University of Sri Lanka,GALLE,1.5952,value,9,2,1.5952
COP2526-216,,ENGINEERING TECHNOLOGY (ET),Wayamba University of Sri Lanka,MATARA,1.5817,value,9,2,1.5817
COP2526-216,,ENGINEERING TECHNOLOGY (ET),Wayamba University of Sri Lanka,HAMBANTOTA,1.6983,value,9,2,1.6983
COP2526-216,,ENGINEERING TECHNOLOGY (ET),Wayamba University of Sri Lanka,JAFFNA,1.6576,value,9,2,1.6576
COP2526-216,,ENGINEERING TECHNOLOGY (ET),Wayamba University of Sri Lanka,KILINOCHCHI,,NQC,9,2,NQC
COP2526-216,,ENGINEERING TECHNOLOGY (ET),Wayamba University of Sri Lanka,MANNAR,,NQC,9,2,NQC
COP2526-216,,ENGINEERING TECHNOLOGY (ET),Wayamba University of Sri Lanka,MULLAITIVU,,NQC,9,2,NQC
COP2526-216,,ENGINEERING TECHNOLOGY (ET),Wayamba University of Sri Lanka,VAVUNIYA,,NQC,9,2,NQC
COP2526-216,,ENGINEERING TECHNOLOGY (ET),Wayamba University of Sri Lanka,TRINCOMALEE,1.6063,value,9,2,1.6063
COP2526-216,,ENGINEERING TECHNOLOGY (ET),Wayamba University of Sri Lanka,BATTICALOA,1.5887,value,9,2,1.5887
COP2526-216,,ENGINEERING TECHNOLOGY (ET),Wayamba University of Sri Lanka,AMPARA,1.6128,value,9,2,1.6128
COP2526-216,,ENGINEERING TECHNOLOGY (ET),Wayamba University of Sri Lanka,PUTTALAM,1.5854,value,9,2,1.5854
COP2526-216,,ENGINEERING TECHNOLOGY (ET),Wayamba University of Sri Lanka,KURUNEGALA,1.5779,value,9,2,1.5779
COP2526-216,,ENGINEERING TECHNOLOGY (ET),Wayamba University of Sri Lanka,ANURADHAPURA,1.5854,value,9,2,1.5854
COP2526-216,,ENGINEERING TECHNOLOGY (ET),Wayamba University of Sri Lanka,POLONNARUWA,1.5805,value,9,2,1.5805
COP2526-216,,ENGINEERING TECHNOLOGY (ET),Wayamba University of Sri Lanka,BADULLA,1.5925,value,9,2,1.5925
COP2526-216,,ENGINEERING TECHNOLOGY (ET),Wayamba University of Sri Lanka,MONARAGALA,1.6265,value,9,2,1.6265
COP2526-216,,ENGINEERING TECHNOLOGY (ET),Wayamba University of Sri Lanka,KEGALLE,1.5798,value,9,2,1.5798
COP2526-216,,ENGINEERING TECHNOLOGY (ET),Wayamba University of Sri Lanka,RATNAPURA,1.6630,value,9,2,1.6630
COP2526-217,,ENGINEERING TECHNOLOGY (ET),Uva Wellassa University of Sri Lanka,COLOMBO,1.2872,value,9,3,1.2872
COP2526-217,,ENGINEERING TECHNOLOGY (ET),Uva Wellassa University of Sri Lanka,GAMPAHA,1.2763,value,9,3,1.2763
COP2526-217,,ENGINEERING TECHNOLOGY (ET),Uva Wellassa University of Sri Lanka,KALUTARA,1.2844,value,9,3,1.2844
COP2526-217,,ENGINEERING TECHNOLOGY (ET),Uva Wellassa University of Sri Lanka,MATALE,1.3060,value,9,3,1.3060
COP2526-217,,ENGINEERING TECHNOLOGY (ET),Uva Wellassa University of Sri Lanka,KANDY,1.3067,value,9,3,1.3067
COP2526-217,,ENGINEERING TECHNOLOGY (ET),Uva Wellassa University of Sri Lanka,NUWARA ELIYA,1.2800,value,9,3,1.2800
COP2526-217,,ENGINEERING TECHNOLOGY (ET),Uva Wellassa University of Sri Lanka,GALLE,1.4902,value,9,3,1.4902
COP2526-217,,ENGINEERING TECHNOLOGY (ET),Uva Wellassa University of Sri Lanka,MATARA,1.4096,value,9,3,1.4096
COP2526-217,,ENGINEERING TECHNOLOGY (ET),Uva Wellassa University of Sri Lanka,HAMBANTOTA,1.2740,value,9,3,1.2740
COP2526-217,,ENGINEERING TECHNOLOGY (ET),Uva Wellassa University of Sri Lanka,JAFFNA,1.2883,value,9,3,1.2883
COP2526-217,,ENGINEERING TECHNOLOGY (ET),Uva Wellassa University of Sri Lanka,KILINOCHCHI,,NQC,9,3,NQC
COP2526-217,,ENGINEERING TECHNOLOGY (ET),Uva Wellassa University of Sri Lanka,MANNAR,,NQC,9,3,NQC
COP2526-217,,ENGINEERING TECHNOLOGY (ET),Uva Wellassa University of Sri Lanka,MULLAITIVU,1.4414,value,9,3,1.4414
COP2526-217,,ENGINEERING TECHNOLOGY (ET),Uva Wellassa University of Sri Lanka,VAVUNIYA,,NQC,9,3,NQC
COP2526-217,,ENGINEERING TECHNOLOGY (ET),Uva Wellassa University of Sri Lanka,TRINCOMALEE,,NQC,9,3,NQC
COP2526-217,,ENGINEERING TECHNOLOGY (ET),Uva Wellassa University of Sri Lanka,BATTICALOA,1.2869,value,9,3,1.2869
COP2526-217,,ENGINEERING TECHNOLOGY (ET),Uva Wellassa University of Sri Lanka,AMPARA,1.2785,value,9,3,1.2785
COP2526-217,,ENGINEERING TECHNOLOGY (ET),Uva Wellassa University of Sri Lanka,PUTTALAM,1.3820,value,9,3,1.3820
COP2526-217,,ENGINEERING TECHNOLOGY (ET),Uva Wellassa University of Sri Lanka,KURUNEGALA,1.5027,value,9,3,1.5027
COP2526-217,,ENGINEERING TECHNOLOGY (ET),Uva Wellassa University of Sri Lanka,ANURADHAPURA,1.5158,value,9,3,1.5158
COP2526-217,,ENGINEERING TECHNOLOGY (ET),Uva Wellassa University of Sri Lanka,POLONNARUWA,1.3020,value,9,3,1.3020
COP2526-217,,ENGINEERING TECHNOLOGY (ET),Uva Wellassa University of Sri Lanka,BADULLA,1.2930,value,9,3,1.2930
COP2526-217,,ENGINEERING TECHNOLOGY (ET),Uva Wellassa University of Sri Lanka,MONARAGALA,1.3131,value,9,3,1.3131
COP2526-217,,ENGINEERING TECHNOLOGY (ET),Uva Wellassa University of Sri Lanka,KEGALLE,1.7142,value,9,3,1.7142
COP2526-217,,ENGINEERING TECHNOLOGY (ET),Uva Wellassa University of Sri Lanka,RATNAPURA,1.4032,value,9,3,1.4032
COP2526-218,,BIOSYSTEMS TECHNOLOGY (BST),University of Colombo,COLOMBO,1.5762,value,9,4,1.5762
COP2526-218,,BIOSYSTEMS TECHNOLOGY (BST),University of Colombo,GAMPAHA,1.6013,value,9,4,1.6013
COP2526-218,,BIOSYSTEMS TECHNOLOGY (BST),University of Colombo,KALUTARA,1.5822,value,9,4,1.5822
COP2526-218,,BIOSYSTEMS TECHNOLOGY (BST),University of Colombo,MATALE,1.6178,value,9,4,1.6178
COP2526-218,,BIOSYSTEMS TECHNOLOGY (BST),University of Colombo,KANDY,1.6019,value,9,4,1.6019
COP2526-218,,BIOSYSTEMS TECHNOLOGY (BST),University of Colombo,NUWARA ELIYA,,NQC,9,4,NQC
COP2526-218,,BIOSYSTEMS TECHNOLOGY (BST),University of Colombo,GALLE,1.7136,value,9,4,1.7136
COP2526-218,,BIOSYSTEMS TECHNOLOGY (BST),University of Colombo,MATARA,1.5822,value,9,4,1.5822
COP2526-218,,BIOSYSTEMS TECHNOLOGY (BST),University of Colombo,HAMBANTOTA,1.5927,value,9,4,1.5927
COP2526-218,,BIOSYSTEMS TECHNOLOGY (BST),University of Colombo,JAFFNA,,NQC,9,4,NQC
COP2526-218,,BIOSYSTEMS TECHNOLOGY (BST),University of Colombo,KILINOCHCHI,,NQC,9,4,NQC
COP2526-218,,BIOSYSTEMS TECHNOLOGY (BST),University of Colombo,MANNAR,,NQC,9,4,NQC
COP2526-218,,BIOSYSTEMS TECHNOLOGY (BST),University of Colombo,MULLAITIVU,,NQC,9,4,NQC
COP2526-218,,BIOSYSTEMS TECHNOLOGY (BST),University of Colombo,VAVUNIYA,1.8204,value,9,4,1.8204
COP2526-218,,BIOSYSTEMS TECHNOLOGY (BST),University of Colombo,TRINCOMALEE,1.8981,value,9,4,1.8981
COP2526-218,,BIOSYSTEMS TECHNOLOGY (BST),University of Colombo,BATTICALOA,1.5774,value,9,4,1.5774
COP2526-218,,BIOSYSTEMS TECHNOLOGY (BST),University of Colombo,AMPARA,1.6120,value,9,4,1.6120
COP2526-218,,BIOSYSTEMS TECHNOLOGY (BST),University of Colombo,PUTTALAM,1.7429,value,9,4,1.7429
COP2526-218,,BIOSYSTEMS TECHNOLOGY (BST),University of Colombo,KURUNEGALA,1.6160,value,9,4,1.6160
COP2526-218,,BIOSYSTEMS TECHNOLOGY (BST),University of Colombo,ANURADHAPURA,1.5779,value,9,4,1.5779
COP2526-218,,BIOSYSTEMS TECHNOLOGY (BST),University of Colombo,POLONNARUWA,1.6125,value,9,4,1.6125
COP2526-218,,BIOSYSTEMS TECHNOLOGY (BST),University of Colombo,BADULLA,1.5975,value,9,4,1.5975
COP2526-218,,BIOSYSTEMS TECHNOLOGY (BST),University of Colombo,MONARAGALA,1.6944,value,9,4,1.6944
COP2526-218,,BIOSYSTEMS TECHNOLOGY (BST),University of Colombo,KEGALLE,1.6125,value,9,4,1.6125
COP2526-218,,BIOSYSTEMS TECHNOLOGY (BST),University of Colombo,RATNAPURA,1.5770,value,9,4,1.5770
COP2526-219,,BIOSYSTEMS TECHNOLOGY (BST),University of Sri Jayewardenepura,COLOMBO,1.9262,value,9,5,1.9262
COP2526-219,,BIOSYSTEMS TECHNOLOGY (BST),University of Sri Jayewardenepura,GAMPAHA,1.8791,value,9,5,1.8791
COP2526-219,,BIOSYSTEMS TECHNOLOGY (BST),University of Sri Jayewardenepura,KALUTARA,1.8723,value,9,5,1.8723
COP2526-219,,BIOSYSTEMS TECHNOLOGY (BST),University of Sri Jayewardenepura,MATALE,1.9274,value,9,5,1.9274
COP2526-219,,BIOSYSTEMS TECHNOLOGY (BST),University of Sri Jayewardenepura,KANDY,1.8788,value,9,5,1.8788
COP2526-219,,BIOSYSTEMS TECHNOLOGY (BST),University of Sri Jayewardenepura,NUWARA ELIYA,1.9033,value,9,5,1.9033
COP2526-219,,BIOSYSTEMS TECHNOLOGY (BST),University of Sri Jayewardenepura,GALLE,1.8946,value,9,5,1.8946
COP2526-219,,BIOSYSTEMS TECHNOLOGY (BST),University of Sri Jayewardenepura,MATARA,2.0099,value,9,5,2.0099
COP2526-219,,BIOSYSTEMS TECHNOLOGY (BST),University of Sri Jayewardenepura,HAMBANTOTA,1.9132,value,9,5,1.9132
COP2526-219,,BIOSYSTEMS TECHNOLOGY (BST),University of Sri Jayewardenepura,JAFFNA,2.1746,value,9,5,2.1746
COP2526-219,,BIOSYSTEMS TECHNOLOGY (BST),University of Sri Jayewardenepura,KILINOCHCHI,,NQC,9,5,NQC
COP2526-219,,BIOSYSTEMS TECHNOLOGY (BST),University of Sri Jayewardenepura,MANNAR,,NQC,9,5,NQC
COP2526-219,,BIOSYSTEMS TECHNOLOGY (BST),University of Sri Jayewardenepura,MULLAITIVU,1.9708,value,9,5,1.9708
COP2526-219,,BIOSYSTEMS TECHNOLOGY (BST),University of Sri Jayewardenepura,VAVUNIYA,,NQC,9,5,NQC
COP2526-219,,BIOSYSTEMS TECHNOLOGY (BST),University of Sri Jayewardenepura,TRINCOMALEE,2.1989,value,9,5,2.1989
COP2526-219,,BIOSYSTEMS TECHNOLOGY (BST),University of Sri Jayewardenepura,BATTICALOA,1.9309,value,9,5,1.9309
COP2526-219,,BIOSYSTEMS TECHNOLOGY (BST),University of Sri Jayewardenepura,AMPARA,1.8742,value,9,5,1.8742
COP2526-219,,BIOSYSTEMS TECHNOLOGY (BST),University of Sri Jayewardenepura,PUTTALAM,2.0329,value,9,5,2.0329
COP2526-219,,BIOSYSTEMS TECHNOLOGY (BST),University of Sri Jayewardenepura,KURUNEGALA,1.8689,value,9,5,1.8689
COP2526-219,,BIOSYSTEMS TECHNOLOGY (BST),University of Sri Jayewardenepura,ANURADHAPURA,1.9373,value,9,5,1.9373
COP2526-219,,BIOSYSTEMS TECHNOLOGY (BST),University of Sri Jayewardenepura,POLONNARUWA,2.1069,value,9,5,2.1069
COP2526-219,,BIOSYSTEMS TECHNOLOGY (BST),University of Sri Jayewardenepura,BADULLA,1.8754,value,9,5,1.8754
COP2526-219,,BIOSYSTEMS TECHNOLOGY (BST),University of Sri Jayewardenepura,MONARAGALA,1.9227,value,9,5,1.9227
COP2526-219,,BIOSYSTEMS TECHNOLOGY (BST),University of Sri Jayewardenepura,KEGALLE,1.8837,value,9,5,1.8837
COP2526-219,,BIOSYSTEMS TECHNOLOGY (BST),University of Sri Jayewardenepura,RATNAPURA,1.9227,value,9,5,1.9227
COP2526-220,,BIOSYSTEMS TECHNOLOGY (BST),University of Kelaniya,COLOMBO,1.5149,value,9,6,1.5149
COP2526-220,,BIOSYSTEMS TECHNOLOGY (BST),University of Kelaniya,GAMPAHA,1.5033,value,9,6,1.5033
COP2526-220,,BIOSYSTEMS TECHNOLOGY (BST),University of Kelaniya,KALUTARA,1.5063,value,9,6,1.5063
COP2526-220,,BIOSYSTEMS TECHNOLOGY (BST),University of Kelaniya,MATALE,,NQC,9,6,NQC
COP2526-220,,BIOSYSTEMS TECHNOLOGY (BST),University of Kelaniya,KANDY,1.5055,value,9,6,1.5055
COP2526-220,,BIOSYSTEMS TECHNOLOGY (BST),University of Kelaniya,NUWARA ELIYA,,NQC,9,6,NQC
COP2526-220,,BIOSYSTEMS TECHNOLOGY (BST),University of Kelaniya,GALLE,1.5124,value,9,6,1.5124
COP2526-220,,BIOSYSTEMS TECHNOLOGY (BST),University of Kelaniya,MATARA,1.5296,value,9,6,1.5296
COP2526-220,,BIOSYSTEMS TECHNOLOGY (BST),University of Kelaniya,HAMBANTOTA,1.5201,value,9,6,1.5201
COP2526-220,,BIOSYSTEMS TECHNOLOGY (BST),University of Kelaniya,JAFFNA,,NQC,9,6,NQC
COP2526-220,,BIOSYSTEMS TECHNOLOGY (BST),University of Kelaniya,KILINOCHCHI,,NQC,9,6,NQC
COP2526-220,,BIOSYSTEMS TECHNOLOGY (BST),University of Kelaniya,MANNAR,,NQC,9,6,NQC
COP2526-220,,BIOSYSTEMS TECHNOLOGY (BST),University of Kelaniya,MULLAITIVU,,NQC,9,6,NQC
COP2526-220,,BIOSYSTEMS TECHNOLOGY (BST),University of Kelaniya,VAVUNIYA,,NQC,9,6,NQC
COP2526-220,,BIOSYSTEMS TECHNOLOGY (BST),University of Kelaniya,TRINCOMALEE,,NQC,9,6,NQC
COP2526-220,,BIOSYSTEMS TECHNOLOGY (BST),University of Kelaniya,BATTICALOA,1.5484,value,9,6,1.5484
COP2526-220,,BIOSYSTEMS TECHNOLOGY (BST),University of Kelaniya,AMPARA,1.5199,value,9,6,1.5199
COP2526-220,,BIOSYSTEMS TECHNOLOGY (BST),University of Kelaniya,PUTTALAM,,NQC,9,6,NQC
COP2526-220,,BIOSYSTEMS TECHNOLOGY (BST),University of Kelaniya,KURUNEGALA,1.5341,value,9,6,1.5341
COP2526-220,,BIOSYSTEMS TECHNOLOGY (BST),University of Kelaniya,ANURADHAPURA,1.5436,value,9,6,1.5436
COP2526-220,,BIOSYSTEMS TECHNOLOGY (BST),University of Kelaniya,POLONNARUWA,,NQC,9,6,NQC
COP2526-220,,BIOSYSTEMS TECHNOLOGY (BST),University of Kelaniya,BADULLA,1.5055,value,9,6,1.5055
COP2526-220,,BIOSYSTEMS TECHNOLOGY (BST),University of Kelaniya,MONARAGALA,,NQC,9,6,NQC
COP2526-220,,BIOSYSTEMS TECHNOLOGY (BST),University of Kelaniya,KEGALLE,1.5099,value,9,6,1.5099
COP2526-220,,BIOSYSTEMS TECHNOLOGY (BST),University of Kelaniya,RATNAPURA,1.5149,value,9,6,1.5149
COP2526-221,,BIOSYSTEMS TECHNOLOGY (BST),University of Jaffna,COLOMBO,0.8378,value,9,7,0.8378
COP2526-221,,BIOSYSTEMS TECHNOLOGY (BST),University of Jaffna,GAMPAHA,0.8503,value,9,7,0.8503
COP2526-221,,BIOSYSTEMS TECHNOLOGY (BST),University of Jaffna,KALUTARA,0.8374,value,9,7,0.8374
COP2526-221,,BIOSYSTEMS TECHNOLOGY (BST),University of Jaffna,MATALE,0.9745,value,9,7,0.9745
COP2526-221,,BIOSYSTEMS TECHNOLOGY (BST),University of Jaffna,KANDY,1.0829,value,9,7,1.0829
COP2526-221,,BIOSYSTEMS TECHNOLOGY (BST),University of Jaffna,NUWARA ELIYA,0.9861,value,9,7,0.9861
COP2526-221,,BIOSYSTEMS TECHNOLOGY (BST),University of Jaffna,GALLE,0.8502,value,9,7,0.8502
COP2526-221,,BIOSYSTEMS TECHNOLOGY (BST),University of Jaffna,MATARA,0.9879,value,9,7,0.9879
COP2526-221,,BIOSYSTEMS TECHNOLOGY (BST),University of Jaffna,HAMBANTOTA,0.9662,value,9,7,0.9662
COP2526-221,,BIOSYSTEMS TECHNOLOGY (BST),University of Jaffna,JAFFNA,0.8793,value,9,7,0.8793
COP2526-221,,BIOSYSTEMS TECHNOLOGY (BST),University of Jaffna,KILINOCHCHI,,NQC,9,7,NQC
COP2526-221,,BIOSYSTEMS TECHNOLOGY (BST),University of Jaffna,MANNAR,1.0684,value,9,7,1.0684
COP2526-221,,BIOSYSTEMS TECHNOLOGY (BST),University of Jaffna,MULLAITIVU,,NQC,9,7,NQC
COP2526-221,,BIOSYSTEMS TECHNOLOGY (BST),University of Jaffna,VAVUNIYA,,NQC,9,7,NQC
COP2526-221,,BIOSYSTEMS TECHNOLOGY (BST),University of Jaffna,TRINCOMALEE,0.8495,value,9,7,0.8495
COP2526-221,,BIOSYSTEMS TECHNOLOGY (BST),University of Jaffna,BATTICALOA,0.8627,value,9,7,0.8627
COP2526-221,,BIOSYSTEMS TECHNOLOGY (BST),University of Jaffna,AMPARA,0.8473,value,9,7,0.8473
COP2526-221,,BIOSYSTEMS TECHNOLOGY (BST),University of Jaffna,PUTTALAM,0.8457,value,9,7,0.8457
COP2526-221,,BIOSYSTEMS TECHNOLOGY (BST),University of Jaffna,KURUNEGALA,1.0105,value,9,7,1.0105
COP2526-221,,BIOSYSTEMS TECHNOLOGY (BST),University of Jaffna,ANURADHAPURA,0.9865,value,9,7,0.9865
COP2526-221,,BIOSYSTEMS TECHNOLOGY (BST),University of Jaffna,POLONNARUWA,0.9228,value,9,7,0.9228
COP2526-221,,BIOSYSTEMS TECHNOLOGY (BST),University of Jaffna,BADULLA,0.9862,value,9,7,0.9862
COP2526-221,,BIOSYSTEMS TECHNOLOGY (BST),University of Jaffna,MONARAGALA,0.8700,value,9,7,0.8700
COP2526-221,,BIOSYSTEMS TECHNOLOGY (BST),University of Jaffna,KEGALLE,1.0935,value,9,7,1.0935
COP2526-221,,BIOSYSTEMS TECHNOLOGY (BST),University of Jaffna,RATNAPURA,1.0008,value,9,7,1.0008
COP2526-222,,BIOSYSTEMS TECHNOLOGY (BST),University of Ruhuna,COLOMBO,1.3598,value,9,8,1.3598
COP2526-222,,BIOSYSTEMS TECHNOLOGY (BST),University of Ruhuna,GAMPAHA,1.3817,value,9,8,1.3817
COP2526-222,,BIOSYSTEMS TECHNOLOGY (BST),University of Ruhuna,KALUTARA,1.4040,value,9,8,1.4040
COP2526-222,,BIOSYSTEMS TECHNOLOGY (BST),University of Ruhuna,MATALE,1.3836,value,9,8,1.3836
COP2526-222,,BIOSYSTEMS TECHNOLOGY (BST),University of Ruhuna,KANDY,1.3791,value,9,8,1.3791
COP2526-222,,BIOSYSTEMS TECHNOLOGY (BST),University of Ruhuna,NUWARA ELIYA,1.4360,value,9,8,1.4360
COP2526-222,,BIOSYSTEMS TECHNOLOGY (BST),University of Ruhuna,GALLE,1.3879,value,9,8,1.3879
COP2526-222,,BIOSYSTEMS TECHNOLOGY (BST),University of Ruhuna,MATARA,1.4191,value,9,8,1.4191
COP2526-222,,BIOSYSTEMS TECHNOLOGY (BST),University of Ruhuna,HAMBANTOTA,1.3646,value,9,8,1.3646
COP2526-222,,BIOSYSTEMS TECHNOLOGY (BST),University of Ruhuna,JAFFNA,1.4613,value,9,8,1.4613
COP2526-222,,BIOSYSTEMS TECHNOLOGY (BST),University of Ruhuna,KILINOCHCHI,,NQC,9,8,NQC
COP2526-222,,BIOSYSTEMS TECHNOLOGY (BST),University of Ruhuna,MANNAR,,NQC,9,8,NQC
COP2526-222,,BIOSYSTEMS TECHNOLOGY (BST),University of Ruhuna,MULLAITIVU,,NQC,9,8,NQC
COP2526-222,,BIOSYSTEMS TECHNOLOGY (BST),University of Ruhuna,VAVUNIYA,1.4470,value,9,8,1.4470
COP2526-222,,BIOSYSTEMS TECHNOLOGY (BST),University of Ruhuna,TRINCOMALEE,1.3751,value,9,8,1.3751
COP2526-222,,BIOSYSTEMS TECHNOLOGY (BST),University of Ruhuna,BATTICALOA,1.4095,value,9,8,1.4095
COP2526-222,,BIOSYSTEMS TECHNOLOGY (BST),University of Ruhuna,AMPARA,1.3795,value,9,8,1.3795
COP2526-222,,BIOSYSTEMS TECHNOLOGY (BST),University of Ruhuna,PUTTALAM,1.4269,value,9,8,1.4269
COP2526-222,,BIOSYSTEMS TECHNOLOGY (BST),University of Ruhuna,KURUNEGALA,1.3636,value,9,8,1.3636
COP2526-222,,BIOSYSTEMS TECHNOLOGY (BST),University of Ruhuna,ANURADHAPURA,1.3747,value,9,8,1.3747
COP2526-222,,BIOSYSTEMS TECHNOLOGY (BST),University of Ruhuna,POLONNARUWA,1.3987,value,9,8,1.3987
COP2526-222,,BIOSYSTEMS TECHNOLOGY (BST),University of Ruhuna,BADULLA,1.3888,value,9,8,1.3888
COP2526-222,,BIOSYSTEMS TECHNOLOGY (BST),University of Ruhuna,MONARAGALA,1.3550,value,9,8,1.3550
COP2526-222,,BIOSYSTEMS TECHNOLOGY (BST),University of Ruhuna,KEGALLE,1.3746,value,9,8,1.3746
COP2526-222,,BIOSYSTEMS TECHNOLOGY (BST),University of Ruhuna,RATNAPURA,1.3601,value,9,8,1.3601
COP2526-223,,BIOSYSTEMS TECHNOLOGY (BST),"Eastern University, Sri Lanka",COLOMBO,0.5494,value,9,9,0.5494
COP2526-223,,BIOSYSTEMS TECHNOLOGY (BST),"Eastern University, Sri Lanka",GAMPAHA,0.6858,value,9,9,0.6858
COP2526-223,,BIOSYSTEMS TECHNOLOGY (BST),"Eastern University, Sri Lanka",KALUTARA,0.8599,value,9,9,0.8599
COP2526-223,,BIOSYSTEMS TECHNOLOGY (BST),"Eastern University, Sri Lanka",MATALE,0.9602,value,9,9,0.9602
COP2526-223,,BIOSYSTEMS TECHNOLOGY (BST),"Eastern University, Sri Lanka",KANDY,,NQC,9,9,NQC
COP2526-223,,BIOSYSTEMS TECHNOLOGY (BST),"Eastern University, Sri Lanka",NUWARA ELIYA,,NQC,9,9,NQC
COP2526-223,,BIOSYSTEMS TECHNOLOGY (BST),"Eastern University, Sri Lanka",GALLE,0.7921,value,9,9,0.7921
COP2526-223,,BIOSYSTEMS TECHNOLOGY (BST),"Eastern University, Sri Lanka",MATARA,1.0148,value,9,9,1.0148
COP2526-223,,BIOSYSTEMS TECHNOLOGY (BST),"Eastern University, Sri Lanka",HAMBANTOTA,0.9565,value,9,9,0.9565
COP2526-223,,BIOSYSTEMS TECHNOLOGY (BST),"Eastern University, Sri Lanka",JAFFNA,0.5637,value,9,9,0.5637
COP2526-223,,BIOSYSTEMS TECHNOLOGY (BST),"Eastern University, Sri Lanka",KILINOCHCHI,0.3846,value,9,9,0.3846
COP2526-223,,BIOSYSTEMS TECHNOLOGY (BST),"Eastern University, Sri Lanka",MANNAR,0.5009,value,9,9,0.5009
COP2526-223,,BIOSYSTEMS TECHNOLOGY (BST),"Eastern University, Sri Lanka",MULLAITIVU,0.7874,value,9,9,0.7874
COP2526-223,,BIOSYSTEMS TECHNOLOGY (BST),"Eastern University, Sri Lanka",VAVUNIYA,0.8352,value,9,9,0.8352
COP2526-223,,BIOSYSTEMS TECHNOLOGY (BST),"Eastern University, Sri Lanka",TRINCOMALEE,0.8221,value,9,9,0.8221
COP2526-223,,BIOSYSTEMS TECHNOLOGY (BST),"Eastern University, Sri Lanka",BATTICALOA,0.7480,value,9,9,0.7480
COP2526-223,,BIOSYSTEMS TECHNOLOGY (BST),"Eastern University, Sri Lanka",AMPARA,0.8322,value,9,9,0.8322
COP2526-223,,BIOSYSTEMS TECHNOLOGY (BST),"Eastern University, Sri Lanka",PUTTALAM,0.4524,value,9,9,0.4524
COP2526-223,,BIOSYSTEMS TECHNOLOGY (BST),"Eastern University, Sri Lanka",KURUNEGALA,1.0096,value,9,9,1.0096
COP2526-223,,BIOSYSTEMS TECHNOLOGY (BST),"Eastern University, Sri Lanka",ANURADHAPURA,1.0055,value,9,9,1.0055
COP2526-223,,BIOSYSTEMS TECHNOLOGY (BST),"Eastern University, Sri Lanka",POLONNARUWA,0.5087,value,9,9,0.5087
COP2526-223,,BIOSYSTEMS TECHNOLOGY (BST),"Eastern University, Sri Lanka",BADULLA,1.0361,value,9,9,1.0361
COP2526-223,,BIOSYSTEMS TECHNOLOGY (BST),"Eastern University, Sri Lanka",MONARAGALA,0.9034,value,9,9,0.9034
COP2526-223,,BIOSYSTEMS TECHNOLOGY (BST),"Eastern University, Sri Lanka",KEGALLE,1.3505,value,9,9,1.3505
COP2526-223,,BIOSYSTEMS TECHNOLOGY (BST),"Eastern University, Sri Lanka",RATNAPURA,1.0102,value,9,9,1.0102
COP2526-224,,BIOSYSTEMS TECHNOLOGY (BST),South Eastern University of Sri Lanka,COLOMBO,0.5325,value,9,10,0.5325
COP2526-224,,BIOSYSTEMS TECHNOLOGY (BST),South Eastern University of Sri Lanka,GAMPAHA,0.7003,value,9,10,0.7003
COP2526-224,,BIOSYSTEMS TECHNOLOGY (BST),South Eastern University of Sri Lanka,KALUTARA,0.8278,value,9,10,0.8278
COP2526-224,,BIOSYSTEMS TECHNOLOGY (BST),South Eastern University of Sri Lanka,MATALE,,NQC,9,10,NQC
COP2526-224,,BIOSYSTEMS TECHNOLOGY (BST),South Eastern University of Sri Lanka,KANDY,,NQC,9,10,NQC
COP2526-224,,BIOSYSTEMS TECHNOLOGY (BST),South Eastern University of Sri Lanka,NUWARA ELIYA,0.9901,value,9,10,0.9901
COP2526-224,,BIOSYSTEMS TECHNOLOGY (BST),South Eastern University of Sri Lanka,GALLE,0.7689,value,9,10,0.7689
COP2526-224,,BIOSYSTEMS TECHNOLOGY (BST),South Eastern University of Sri Lanka,MATARA,1.0441,value,9,10,1.0441
COP2526-224,,BIOSYSTEMS TECHNOLOGY (BST),South Eastern University of Sri Lanka,HAMBANTOTA,0.9524,value,9,10,0.9524
COP2526-224,,BIOSYSTEMS TECHNOLOGY (BST),South Eastern University of Sri Lanka,JAFFNA,0.5694,value,9,10,0.5694
COP2526-224,,BIOSYSTEMS TECHNOLOGY (BST),South Eastern University of Sri Lanka,KILINOCHCHI,,NQC,9,10,NQC
COP2526-224,,BIOSYSTEMS TECHNOLOGY (BST),South Eastern University of Sri Lanka,MANNAR,0.7431,value,9,10,0.7431
COP2526-224,,BIOSYSTEMS TECHNOLOGY (BST),South Eastern University of Sri Lanka,MULLAITIVU,0.5151,value,9,10,0.5151
COP2526-224,,BIOSYSTEMS TECHNOLOGY (BST),South Eastern University of Sri Lanka,VAVUNIYA,0.5251,value,9,10,0.5251
COP2526-224,,BIOSYSTEMS TECHNOLOGY (BST),South Eastern University of Sri Lanka,TRINCOMALEE,0.7870,value,9,10,0.7870
COP2526-224,,BIOSYSTEMS TECHNOLOGY (BST),South Eastern University of Sri Lanka,BATTICALOA,0.8305,value,9,10,0.8305
COP2526-224,,BIOSYSTEMS TECHNOLOGY (BST),South Eastern University of Sri Lanka,AMPARA,0.8402,value,9,10,0.8402
COP2526-224,,BIOSYSTEMS TECHNOLOGY (BST),South Eastern University of Sri Lanka,PUTTALAM,0.4349,value,9,10,0.4349
COP2526-224,,BIOSYSTEMS TECHNOLOGY (BST),South Eastern University of Sri Lanka,KURUNEGALA,1.0638,value,9,10,1.0638
COP2526-224,,BIOSYSTEMS TECHNOLOGY (BST),South Eastern University of Sri Lanka,ANURADHAPURA,0.9959,value,9,10,0.9959
COP2526-224,,BIOSYSTEMS TECHNOLOGY (BST),South Eastern University of Sri Lanka,POLONNARUWA,,NQC,9,10,NQC
COP2526-224,,BIOSYSTEMS TECHNOLOGY (BST),South Eastern University of Sri Lanka,BADULLA,,NQC,9,10,NQC
COP2526-224,,BIOSYSTEMS TECHNOLOGY (BST),South Eastern University of Sri Lanka,MONARAGALA,0.8790,value,9,10,0.8790
COP2526-224,,BIOSYSTEMS TECHNOLOGY (BST),South Eastern University of Sri Lanka,KEGALLE,,NQC,9,10,NQC
COP2526-224,,BIOSYSTEMS TECHNOLOGY (BST),South Eastern University of Sri Lanka,RATNAPURA,0.9860,value,9,10,0.9860
COP2526-225,,BIOSYSTEMS TECHNOLOGY (BST),Rajarata University of Sri Lanka,COLOMBO,1.1806,value,9,11,1.1806
COP2526-225,,BIOSYSTEMS TECHNOLOGY (BST),Rajarata University of Sri Lanka,GAMPAHA,1.1558,value,9,11,1.1558
COP2526-225,,BIOSYSTEMS TECHNOLOGY (BST),Rajarata University of Sri Lanka,KALUTARA,1.1588,value,9,11,1.1588
COP2526-225,,BIOSYSTEMS TECHNOLOGY (BST),Rajarata University of Sri Lanka,MATALE,1.1075,value,9,11,1.1075
COP2526-225,,BIOSYSTEMS TECHNOLOGY (BST),Rajarata University of Sri Lanka,KANDY,1.0782,value,9,11,1.0782
COP2526-225,,BIOSYSTEMS TECHNOLOGY (BST),Rajarata University of Sri Lanka,NUWARA ELIYA,1.0784,value,9,11,1.0784
COP2526-225,,BIOSYSTEMS TECHNOLOGY (BST),Rajarata University of Sri Lanka,GALLE,1.0765,value,9,11,1.0765
COP2526-225,,BIOSYSTEMS TECHNOLOGY (BST),Rajarata University of Sri Lanka,MATARA,1.2010,value,9,11,1.2010
COP2526-225,,BIOSYSTEMS TECHNOLOGY (BST),Rajarata University of Sri Lanka,HAMBANTOTA,1.1181,value,9,11,1.1181
COP2526-225,,BIOSYSTEMS TECHNOLOGY (BST),Rajarata University of Sri Lanka,JAFFNA,,NQC,9,11,NQC
COP2526-225,,BIOSYSTEMS TECHNOLOGY (BST),Rajarata University of Sri Lanka,KILINOCHCHI,,NQC,9,11,NQC
COP2526-225,,BIOSYSTEMS TECHNOLOGY (BST),Rajarata University of Sri Lanka,MANNAR,,NQC,9,11,NQC
COP2526-225,,BIOSYSTEMS TECHNOLOGY (BST),Rajarata University of Sri Lanka,MULLAITIVU,1.1023,value,9,11,1.1023
COP2526-225,,BIOSYSTEMS TECHNOLOGY (BST),Rajarata University of Sri Lanka,VAVUNIYA,,NQC,9,11,NQC
COP2526-225,,BIOSYSTEMS TECHNOLOGY (BST),Rajarata University of Sri Lanka,TRINCOMALEE,1.4658,value,9,11,1.4658
COP2526-225,,BIOSYSTEMS TECHNOLOGY (BST),Rajarata University of Sri Lanka,BATTICALOA,,NQC,9,11,NQC
COP2526-225,,BIOSYSTEMS TECHNOLOGY (BST),Rajarata University of Sri Lanka,AMPARA,1.1322,value,9,11,1.1322
COP2526-225,,BIOSYSTEMS TECHNOLOGY (BST),Rajarata University of Sri Lanka,PUTTALAM,1.0977,value,9,11,1.0977
COP2526-225,,BIOSYSTEMS TECHNOLOGY (BST),Rajarata University of Sri Lanka,KURUNEGALA,1.0732,value,9,11,1.0732
COP2526-225,,BIOSYSTEMS TECHNOLOGY (BST),Rajarata University of Sri Lanka,ANURADHAPURA,1.0740,value,9,11,1.0740
COP2526-225,,BIOSYSTEMS TECHNOLOGY (BST),Rajarata University of Sri Lanka,POLONNARUWA,1.1411,value,9,11,1.1411
COP2526-225,,BIOSYSTEMS TECHNOLOGY (BST),Rajarata University of Sri Lanka,BADULLA,1.1359,value,9,11,1.1359
COP2526-225,,BIOSYSTEMS TECHNOLOGY (BST),Rajarata University of Sri Lanka,MONARAGALA,1.0870,value,9,11,1.0870
COP2526-225,,BIOSYSTEMS TECHNOLOGY (BST),Rajarata University of Sri Lanka,KEGALLE,1.1994,value,9,11,1.1994
COP2526-225,,BIOSYSTEMS TECHNOLOGY (BST),Rajarata University of Sri Lanka,RATNAPURA,1.0784,value,9,11,1.0784
COP2526-226,,BIOSYSTEMS TECHNOLOGY (BST),Sabaragamuwa University of Sri Lanka,COLOMBO,1.0691,value,9,12,1.0691
COP2526-226,,BIOSYSTEMS TECHNOLOGY (BST),Sabaragamuwa University of Sri Lanka,GAMPAHA,1.0636,value,9,12,1.0636
COP2526-226,,BIOSYSTEMS TECHNOLOGY (BST),Sabaragamuwa University of Sri Lanka,KALUTARA,1.0638,value,9,12,1.0638
COP2526-226,,BIOSYSTEMS TECHNOLOGY (BST),Sabaragamuwa University of Sri Lanka,MATALE,1.0902,value,9,12,1.0902
COP2526-226,,BIOSYSTEMS TECHNOLOGY (BST),Sabaragamuwa University of Sri Lanka,KANDY,1.0682,value,9,12,1.0682
COP2526-226,,BIOSYSTEMS TECHNOLOGY (BST),Sabaragamuwa University of Sri Lanka,NUWARA ELIYA,1.0632,value,9,12,1.0632
COP2526-226,,BIOSYSTEMS TECHNOLOGY (BST),Sabaragamuwa University of Sri Lanka,GALLE,1.0635,value,9,12,1.0635
COP2526-226,,BIOSYSTEMS TECHNOLOGY (BST),Sabaragamuwa University of Sri Lanka,MATARA,1.0686,value,9,12,1.0686
COP2526-226,,BIOSYSTEMS TECHNOLOGY (BST),Sabaragamuwa University of Sri Lanka,HAMBANTOTA,1.0695,value,9,12,1.0695
COP2526-226,,BIOSYSTEMS TECHNOLOGY (BST),Sabaragamuwa University of Sri Lanka,JAFFNA,,NQC,9,12,NQC
COP2526-226,,BIOSYSTEMS TECHNOLOGY (BST),Sabaragamuwa University of Sri Lanka,KILINOCHCHI,1.0689,value,9,12,1.0689
COP2526-226,,BIOSYSTEMS TECHNOLOGY (BST),Sabaragamuwa University of Sri Lanka,MANNAR,,NQC,9,12,NQC
COP2526-226,,BIOSYSTEMS TECHNOLOGY (BST),Sabaragamuwa University of Sri Lanka,MULLAITIVU,1.1459,value,9,12,1.1459
COP2526-226,,BIOSYSTEMS TECHNOLOGY (BST),Sabaragamuwa University of Sri Lanka,VAVUNIYA,,NQC,9,12,NQC
COP2526-226,,BIOSYSTEMS TECHNOLOGY (BST),Sabaragamuwa University of Sri Lanka,TRINCOMALEE,,NQC,9,12,NQC
COP2526-226,,BIOSYSTEMS TECHNOLOGY (BST),Sabaragamuwa University of Sri Lanka,BATTICALOA,1.2183,value,9,12,1.2183
COP2526-226,,BIOSYSTEMS TECHNOLOGY (BST),Sabaragamuwa University of Sri Lanka,AMPARA,,NQC,9,12,NQC
COP2526-226,,BIOSYSTEMS TECHNOLOGY (BST),Sabaragamuwa University of Sri Lanka,PUTTALAM,1.1702,value,9,12,1.1702
COP2526-226,,BIOSYSTEMS TECHNOLOGY (BST),Sabaragamuwa University of Sri Lanka,KURUNEGALA,1.0787,value,9,12,1.0787
COP2526-226,,BIOSYSTEMS TECHNOLOGY (BST),Sabaragamuwa University of Sri Lanka,ANURADHAPURA,1.0681,value,9,12,1.0681
COP2526-226,,BIOSYSTEMS TECHNOLOGY (BST),Sabaragamuwa University of Sri Lanka,POLONNARUWA,1.0990,value,9,12,1.0990
COP2526-226,,BIOSYSTEMS TECHNOLOGY (BST),Sabaragamuwa University of Sri Lanka,BADULLA,1.0781,value,9,12,1.0781
COP2526-226,,BIOSYSTEMS TECHNOLOGY (BST),Sabaragamuwa University of Sri Lanka,MONARAGALA,1.0640,value,9,12,1.0640
COP2526-226,,BIOSYSTEMS TECHNOLOGY (BST),Sabaragamuwa University of Sri Lanka,KEGALLE,1.1073,value,9,12,1.1073
COP2526-226,,BIOSYSTEMS TECHNOLOGY (BST),Sabaragamuwa University of Sri Lanka,RATNAPURA,1.1074,value,9,12,1.1074
COP2526-227,,BIOSYSTEMS TECHNOLOGY (BST),Wayamba University of Sri Lanka,COLOMBO,1.2030,value,9,13,1.2030
COP2526-227,,BIOSYSTEMS TECHNOLOGY (BST),Wayamba University of Sri Lanka,GAMPAHA,1.2252,value,9,13,1.2252
COP2526-227,,BIOSYSTEMS TECHNOLOGY (BST),Wayamba University of Sri Lanka,KALUTARA,,NQC,9,13,NQC
COP2526-227,,BIOSYSTEMS TECHNOLOGY (BST),Wayamba University of Sri Lanka,MATALE,1.1995,value,9,13,1.1995
COP2526-227,,BIOSYSTEMS TECHNOLOGY (BST),Wayamba University of Sri Lanka,KANDY,1.1994,value,9,13,1.1994
COP2526-227,,BIOSYSTEMS TECHNOLOGY (BST),Wayamba University of Sri Lanka,NUWARA ELIYA,1.2045,value,9,13,1.2045
COP2526-227,,BIOSYSTEMS TECHNOLOGY (BST),Wayamba University of Sri Lanka,GALLE,1.2512,value,9,13,1.2512
COP2526-227,,BIOSYSTEMS TECHNOLOGY (BST),Wayamba University of Sri Lanka,MATARA,1.2057,value,9,13,1.2057
COP2526-227,,BIOSYSTEMS TECHNOLOGY (BST),Wayamba University of Sri Lanka,HAMBANTOTA,1.2385,value,9,13,1.2385
COP2526-227,,BIOSYSTEMS TECHNOLOGY (BST),Wayamba University of Sri Lanka,JAFFNA,1.2235,value,9,13,1.2235
COP2526-227,,BIOSYSTEMS TECHNOLOGY (BST),Wayamba University of Sri Lanka,KILINOCHCHI,,NQC,9,13,NQC
COP2526-227,,BIOSYSTEMS TECHNOLOGY (BST),Wayamba University of Sri Lanka,MANNAR,,NQC,9,13,NQC
COP2526-227,,BIOSYSTEMS TECHNOLOGY (BST),Wayamba University of Sri Lanka,MULLAITIVU,,NQC,9,13,NQC
COP2526-227,,BIOSYSTEMS TECHNOLOGY (BST),Wayamba University of Sri Lanka,VAVUNIYA,,NQC,9,13,NQC
COP2526-227,,BIOSYSTEMS TECHNOLOGY (BST),Wayamba University of Sri Lanka,TRINCOMALEE,1.2623,value,9,13,1.2623
COP2526-227,,BIOSYSTEMS TECHNOLOGY (BST),Wayamba University of Sri Lanka,BATTICALOA,1.3010,value,9,13,1.3010
COP2526-227,,BIOSYSTEMS TECHNOLOGY (BST),Wayamba University of Sri Lanka,AMPARA,1.2681,value,9,13,1.2681
COP2526-227,,BIOSYSTEMS TECHNOLOGY (BST),Wayamba University of Sri Lanka,PUTTALAM,1.3595,value,9,13,1.3595
COP2526-227,,BIOSYSTEMS TECHNOLOGY (BST),Wayamba University of Sri Lanka,KURUNEGALA,1.2013,value,9,13,1.2013
COP2526-227,,BIOSYSTEMS TECHNOLOGY (BST),Wayamba University of Sri Lanka,ANURADHAPURA,1.2342,value,9,13,1.2342
COP2526-227,,BIOSYSTEMS TECHNOLOGY (BST),Wayamba University of Sri Lanka,POLONNARUWA,,NQC,9,13,NQC
COP2526-227,,BIOSYSTEMS TECHNOLOGY (BST),Wayamba University of Sri Lanka,BADULLA,1.2044,value,9,13,1.2044
COP2526-227,,BIOSYSTEMS TECHNOLOGY (BST),Wayamba University of Sri Lanka,MONARAGALA,1.2097,value,9,13,1.2097
COP2526-227,,BIOSYSTEMS TECHNOLOGY (BST),Wayamba University of Sri Lanka,KEGALLE,1.2143,value,9,13,1.2143
COP2526-227,,BIOSYSTEMS TECHNOLOGY (BST),Wayamba University of Sri Lanka,RATNAPURA,1.2217,value,9,13,1.2217
COP2526-228,,BIOSYSTEMS TECHNOLOGY (BST),Uva Wellassa University of Sri Lanka,COLOMBO,1.2044,value,9,14,1.2044
COP2526-228,,BIOSYSTEMS TECHNOLOGY (BST),Uva Wellassa University of Sri Lanka,GAMPAHA,1.1072,value,9,14,1.1072
COP2526-228,,BIOSYSTEMS TECHNOLOGY (BST),Uva Wellassa University of Sri Lanka,KALUTARA,1.2122,value,9,14,1.2122
COP2526-228,,BIOSYSTEMS TECHNOLOGY (BST),Uva Wellassa University of Sri Lanka,MATALE,,NQC,9,14,NQC
COP2526-228,,BIOSYSTEMS TECHNOLOGY (BST),Uva Wellassa University of Sri Lanka,KANDY,1.1072,value,9,14,1.1072
COP2526-228,,BIOSYSTEMS TECHNOLOGY (BST),Uva Wellassa University of Sri Lanka,NUWARA ELIYA,1.1651,value,9,14,1.1651
COP2526-228,,BIOSYSTEMS TECHNOLOGY (BST),Uva Wellassa University of Sri Lanka,GALLE,1.1797,value,9,14,1.1797
COP2526-228,,BIOSYSTEMS TECHNOLOGY (BST),Uva Wellassa University of Sri Lanka,MATARA,1.1311,value,9,14,1.1311
COP2526-228,,BIOSYSTEMS TECHNOLOGY (BST),Uva Wellassa University of Sri Lanka,HAMBANTOTA,1.1557,value,9,14,1.1557
COP2526-228,,BIOSYSTEMS TECHNOLOGY (BST),Uva Wellassa University of Sri Lanka,JAFFNA,1.1142,value,9,14,1.1142
COP2526-228,,BIOSYSTEMS TECHNOLOGY (BST),Uva Wellassa University of Sri Lanka,KILINOCHCHI,,NQC,9,14,NQC
COP2526-228,,BIOSYSTEMS TECHNOLOGY (BST),Uva Wellassa University of Sri Lanka,MANNAR,1.1656,value,9,14,1.1656
COP2526-228,,BIOSYSTEMS TECHNOLOGY (BST),Uva Wellassa University of Sri Lanka,MULLAITIVU,1.3738,value,9,14,1.3738
COP2526-228,,BIOSYSTEMS TECHNOLOGY (BST),Uva Wellassa University of Sri Lanka,VAVUNIYA,1.1661,value,9,14,1.1661
COP2526-228,,BIOSYSTEMS TECHNOLOGY (BST),Uva Wellassa University of Sri Lanka,TRINCOMALEE,1.1069,value,9,14,1.1069
COP2526-228,,BIOSYSTEMS TECHNOLOGY (BST),Uva Wellassa University of Sri Lanka,BATTICALOA,1.2287,value,9,14,1.2287
COP2526-228,,BIOSYSTEMS TECHNOLOGY (BST),Uva Wellassa University of Sri Lanka,AMPARA,1.2042,value,9,14,1.2042
COP2526-228,,BIOSYSTEMS TECHNOLOGY (BST),Uva Wellassa University of Sri Lanka,PUTTALAM,1.2870,value,9,14,1.2870
COP2526-228,,BIOSYSTEMS TECHNOLOGY (BST),Uva Wellassa University of Sri Lanka,KURUNEGALA,1.1217,value,9,14,1.1217
COP2526-228,,BIOSYSTEMS TECHNOLOGY (BST),Uva Wellassa University of Sri Lanka,ANURADHAPURA,1.1166,value,9,14,1.1166
COP2526-228,,BIOSYSTEMS TECHNOLOGY (BST),Uva Wellassa University of Sri Lanka,POLONNARUWA,1.1897,value,9,14,1.1897
COP2526-228,,BIOSYSTEMS TECHNOLOGY (BST),Uva Wellassa University of Sri Lanka,BADULLA,1.1121,value,9,14,1.1121
COP2526-228,,BIOSYSTEMS TECHNOLOGY (BST),Uva Wellassa University of Sri Lanka,MONARAGALA,1.7384,value,9,14,1.7384
COP2526-228,,BIOSYSTEMS TECHNOLOGY (BST),Uva Wellassa University of Sri Lanka,KEGALLE,1.1228,value,9,14,1.1228
COP2526-228,,BIOSYSTEMS TECHNOLOGY (BST),Uva Wellassa University of Sri Lanka,RATNAPURA,1.1170,value,9,14,1.1170
COP2526-229,,INFORMATION COMMUNICATION TECHNOLOGY,University of Colombo,COLOMBO,1.7143,value,9,15,1.7143
COP2526-229,,INFORMATION COMMUNICATION TECHNOLOGY,University of Colombo,GAMPAHA,1.7533,value,9,15,1.7533
COP2526-229,,INFORMATION COMMUNICATION TECHNOLOGY,University of Colombo,KALUTARA,2.0221,value,9,15,2.0221
COP2526-229,,INFORMATION COMMUNICATION TECHNOLOGY,University of Colombo,MATALE,1.7877,value,9,15,1.7877
COP2526-229,,INFORMATION COMMUNICATION TECHNOLOGY,University of Colombo,KANDY,1.7375,value,9,15,1.7375
COP2526-229,,INFORMATION COMMUNICATION TECHNOLOGY,University of Colombo,NUWARA ELIYA,,NQC,9,15,NQC
COP2526-229,,INFORMATION COMMUNICATION TECHNOLOGY,University of Colombo,GALLE,1.7264,value,9,15,1.7264
COP2526-229,,INFORMATION COMMUNICATION TECHNOLOGY,University of Colombo,MATARA,1.7397,value,9,15,1.7397
COP2526-229,,INFORMATION COMMUNICATION TECHNOLOGY,University of Colombo,HAMBANTOTA,1.7133,value,9,15,1.7133
COP2526-229,,INFORMATION COMMUNICATION TECHNOLOGY,University of Colombo,JAFFNA,2.2172,value,9,15,2.2172
COP2526-229,,INFORMATION COMMUNICATION TECHNOLOGY,University of Colombo,KILINOCHCHI,,NQC,9,15,NQC
COP2526-229,,INFORMATION COMMUNICATION TECHNOLOGY,University of Colombo,MANNAR,,NQC,9,15,NQC
COP2526-229,,INFORMATION COMMUNICATION TECHNOLOGY,University of Colombo,MULLAITIVU,,NQC,9,15,NQC
COP2526-229,,INFORMATION COMMUNICATION TECHNOLOGY,University of Colombo,VAVUNIYA,,NQC,9,15,NQC
COP2526-229,,INFORMATION COMMUNICATION TECHNOLOGY,University of Colombo,TRINCOMALEE,,NQC,9,15,NQC
COP2526-229,,INFORMATION COMMUNICATION TECHNOLOGY,University of Colombo,BATTICALOA,,NQC,9,15,NQC
COP2526-229,,INFORMATION COMMUNICATION TECHNOLOGY,University of Colombo,AMPARA,,NQC,9,15,NQC
COP2526-229,,INFORMATION COMMUNICATION TECHNOLOGY,University of Colombo,PUTTALAM,,NQC,9,15,NQC
COP2526-229,,INFORMATION COMMUNICATION TECHNOLOGY,University of Colombo,KURUNEGALA,1.7125,value,9,15,1.7125
COP2526-229,,INFORMATION COMMUNICATION TECHNOLOGY,University of Colombo,ANURADHAPURA,1.7367,value,9,15,1.7367
COP2526-229,,INFORMATION COMMUNICATION TECHNOLOGY,University of Colombo,POLONNARUWA,,NQC,9,15,NQC
COP2526-229,,INFORMATION COMMUNICATION TECHNOLOGY,University of Colombo,BADULLA,1.7216,value,9,15,1.7216
COP2526-229,,INFORMATION COMMUNICATION TECHNOLOGY,University of Colombo,MONARAGALA,1.7833,value,9,15,1.7833
COP2526-229,,INFORMATION COMMUNICATION TECHNOLOGY,University of Colombo,KEGALLE,1.7103,value,9,15,1.7103
COP2526-229,,INFORMATION COMMUNICATION TECHNOLOGY,University of Colombo,RATNAPURA,1.7484,value,9,15,1.7484
COP2526-230,,INFORMATION COMMUNICATION TECHNOLOGY,University of Sri Jayewardenepura,COLOMBO,1.8841,value,9,16,1.8841
COP2526-230,,INFORMATION COMMUNICATION TECHNOLOGY,University of Sri Jayewardenepura,GAMPAHA,1.8893,value,9,16,1.8893
COP2526-230,,INFORMATION COMMUNICATION TECHNOLOGY,University of Sri Jayewardenepura,KALUTARA,1.8977,value,9,16,1.8977
COP2526-230,,INFORMATION COMMUNICATION TECHNOLOGY,University of Sri Jayewardenepura,MATALE,1.8942,value,9,16,1.8942
COP2526-230,,INFORMATION COMMUNICATION TECHNOLOGY,University of Sri Jayewardenepura,KANDY,1.8839,value,9,16,1.8839
COP2526-230,,INFORMATION COMMUNICATION TECHNOLOGY,University of Sri Jayewardenepura,NUWARA ELIYA,1.9252,value,9,16,1.9252
COP2526-230,,INFORMATION COMMUNICATION TECHNOLOGY,University of Sri Jayewardenepura,GALLE,1.8936,value,9,16,1.8936
COP2526-230,,INFORMATION COMMUNICATION TECHNOLOGY,University of Sri Jayewardenepura,MATARA,1.8768,value,9,16,1.8768
COP2526-230,,INFORMATION COMMUNICATION TECHNOLOGY,University of Sri Jayewardenepura,HAMBANTOTA,1.8838,value,9,16,1.8838
COP2526-230,,INFORMATION COMMUNICATION TECHNOLOGY,University of Sri Jayewardenepura,JAFFNA,1.9652,value,9,16,1.9652
COP2526-230,,INFORMATION COMMUNICATION TECHNOLOGY,University of Sri Jayewardenepura,KILINOCHCHI,,NQC,9,16,NQC
COP2526-230,,INFORMATION COMMUNICATION TECHNOLOGY,University of Sri Jayewardenepura,MANNAR,,NQC,9,16,NQC
COP2526-230,,INFORMATION COMMUNICATION TECHNOLOGY,University of Sri Jayewardenepura,MULLAITIVU,,NQC,9,16,NQC
COP2526-230,,INFORMATION COMMUNICATION TECHNOLOGY,University of Sri Jayewardenepura,VAVUNIYA,1.9765,value,9,16,1.9765
COP2526-230,,INFORMATION COMMUNICATION TECHNOLOGY,University of Sri Jayewardenepura,TRINCOMALEE,,NQC,9,16,NQC
COP2526-230,,INFORMATION COMMUNICATION TECHNOLOGY,University of Sri Jayewardenepura,BATTICALOA,1.9765,value,9,16,1.9765
COP2526-230,,INFORMATION COMMUNICATION TECHNOLOGY,University of Sri Jayewardenepura,AMPARA,2.3976,value,9,16,2.3976
COP2526-230,,INFORMATION COMMUNICATION TECHNOLOGY,University of Sri Jayewardenepura,PUTTALAM,1.9673,value,9,16,1.9673
COP2526-230,,INFORMATION COMMUNICATION TECHNOLOGY,University of Sri Jayewardenepura,KURUNEGALA,1.9557,value,9,16,1.9557
COP2526-230,,INFORMATION COMMUNICATION TECHNOLOGY,University of Sri Jayewardenepura,ANURADHAPURA,1.8958,value,9,16,1.8958
COP2526-230,,INFORMATION COMMUNICATION TECHNOLOGY,University of Sri Jayewardenepura,POLONNARUWA,1.9095,value,9,16,1.9095
COP2526-230,,INFORMATION COMMUNICATION TECHNOLOGY,University of Sri Jayewardenepura,BADULLA,1.9041,value,9,16,1.9041
COP2526-230,,INFORMATION COMMUNICATION TECHNOLOGY,University of Sri Jayewardenepura,MONARAGALA,1.9415,value,9,16,1.9415
COP2526-230,,INFORMATION COMMUNICATION TECHNOLOGY,University of Sri Jayewardenepura,KEGALLE,1.9168,value,9,16,1.9168
COP2526-230,,INFORMATION COMMUNICATION TECHNOLOGY,University of Sri Jayewardenepura,RATNAPURA,2.0926,value,9,16,2.0926
COP2526-231,,INFORMATION COMMUNICATION TECHNOLOGY,University of Kelaniya,COLOMBO,1.6361,value,9,17,1.6361
COP2526-231,,INFORMATION COMMUNICATION TECHNOLOGY,University of Kelaniya,GAMPAHA,1.6493,value,9,17,1.6493
COP2526-231,,INFORMATION COMMUNICATION TECHNOLOGY,University of Kelaniya,KALUTARA,1.7382,value,9,17,1.7382
COP2526-231,,INFORMATION COMMUNICATION TECHNOLOGY,University of Kelaniya,MATALE,1.6910,value,9,17,1.6910
COP2526-231,,INFORMATION COMMUNICATION TECHNOLOGY,University of Kelaniya,KANDY,1.6235,value,9,17,1.6235
COP2526-231,,INFORMATION COMMUNICATION TECHNOLOGY,University of Kelaniya,NUWARA ELIYA,1.6327,value,9,17,1.6327
COP2526-231,,INFORMATION COMMUNICATION TECHNOLOGY,University of Kelaniya,GALLE,1.6225,value,9,17,1.6225
COP2526-231,,INFORMATION COMMUNICATION TECHNOLOGY,University of Kelaniya,MATARA,1.6422,value,9,17,1.6422
COP2526-231,,INFORMATION COMMUNICATION TECHNOLOGY,University of Kelaniya,HAMBANTOTA,1.6319,value,9,17,1.6319
COP2526-231,,INFORMATION COMMUNICATION TECHNOLOGY,University of Kelaniya,JAFFNA,1.7088,value,9,17,1.7088
COP2526-231,,INFORMATION COMMUNICATION TECHNOLOGY,University of Kelaniya,KILINOCHCHI,,NQC,9,17,NQC
COP2526-231,,INFORMATION COMMUNICATION TECHNOLOGY,University of Kelaniya,MANNAR,,NQC,9,17,NQC
COP2526-231,,INFORMATION COMMUNICATION TECHNOLOGY,University of Kelaniya,MULLAITIVU,,NQC,9,17,NQC
COP2526-231,,INFORMATION COMMUNICATION TECHNOLOGY,University of Kelaniya,VAVUNIYA,,NQC,9,17,NQC
COP2526-231,,INFORMATION COMMUNICATION TECHNOLOGY,University of Kelaniya,TRINCOMALEE,1.6873,value,9,17,1.6873
COP2526-231,,INFORMATION COMMUNICATION TECHNOLOGY,University of Kelaniya,BATTICALOA,2.0885,value,9,17,2.0885
COP2526-231,,INFORMATION COMMUNICATION TECHNOLOGY,University of Kelaniya,AMPARA,1.6756,value,9,17,1.6756
COP2526-231,,INFORMATION COMMUNICATION TECHNOLOGY,University of Kelaniya,PUTTALAM,1.7440,value,9,17,1.7440
COP2526-231,,INFORMATION COMMUNICATION TECHNOLOGY,University of Kelaniya,KURUNEGALA,1.6475,value,9,17,1.6475
COP2526-231,,INFORMATION COMMUNICATION TECHNOLOGY,University of Kelaniya,ANURADHAPURA,1.6398,value,9,17,1.6398
COP2526-231,,INFORMATION COMMUNICATION TECHNOLOGY,University of Kelaniya,POLONNARUWA,,NQC,9,17,NQC
COP2526-231,,INFORMATION COMMUNICATION TECHNOLOGY,University of Kelaniya,BADULLA,1.6166,value,9,17,1.6166
COP2526-231,,INFORMATION COMMUNICATION TECHNOLOGY,University of Kelaniya,MONARAGALA,,NQC,9,17,NQC
COP2526-231,,INFORMATION COMMUNICATION TECHNOLOGY,University of Kelaniya,KEGALLE,1.6335,value,9,17,1.6335
COP2526-231,,INFORMATION COMMUNICATION TECHNOLOGY,University of Kelaniya,RATNAPURA,1.6391,value,9,17,1.6391
COP2526-232,,INFORMATION COMMUNICATION TECHNOLOGY,University of Ruhuna,COLOMBO,1.4864,value,9,18,1.4864
COP2526-232,,INFORMATION COMMUNICATION TECHNOLOGY,University of Ruhuna,GAMPAHA,1.4910,value,9,18,1.4910
COP2526-232,,INFORMATION COMMUNICATION TECHNOLOGY,University of Ruhuna,KALUTARA,1.5002,value,9,18,1.5002
COP2526-232,,INFORMATION COMMUNICATION TECHNOLOGY,University of Ruhuna,MATALE,1.4844,value,9,18,1.4844
COP2526-232,,INFORMATION COMMUNICATION TECHNOLOGY,University of Ruhuna,KANDY,1.4905,value,9,18,1.4905
COP2526-232,,INFORMATION COMMUNICATION TECHNOLOGY,University of Ruhuna,NUWARA ELIYA,1.5349,value,9,18,1.5349
COP2526-232,,INFORMATION COMMUNICATION TECHNOLOGY,University of Ruhuna,GALLE,1.4968,value,9,18,1.4968
COP2526-232,,INFORMATION COMMUNICATION TECHNOLOGY,University of Ruhuna,MATARA,1.5205,value,9,18,1.5205
COP2526-232,,INFORMATION COMMUNICATION TECHNOLOGY,University of Ruhuna,HAMBANTOTA,1.4839,value,9,18,1.4839
COP2526-232,,INFORMATION COMMUNICATION TECHNOLOGY,University of Ruhuna,JAFFNA,1.5033,value,9,18,1.5033
COP2526-232,,INFORMATION COMMUNICATION TECHNOLOGY,University of Ruhuna,KILINOCHCHI,,NQC,9,18,NQC
COP2526-232,,INFORMATION COMMUNICATION TECHNOLOGY,University of Ruhuna,MANNAR,,NQC,9,18,NQC
COP2526-232,,INFORMATION COMMUNICATION TECHNOLOGY,University of Ruhuna,MULLAITIVU,,NQC,9,18,NQC
COP2526-232,,INFORMATION COMMUNICATION TECHNOLOGY,University of Ruhuna,VAVUNIYA,,NQC,9,18,NQC
COP2526-232,,INFORMATION COMMUNICATION TECHNOLOGY,University of Ruhuna,TRINCOMALEE,,NQC,9,18,NQC
COP2526-232,,INFORMATION COMMUNICATION TECHNOLOGY,University of Ruhuna,BATTICALOA,1.5021,value,9,18,1.5021
COP2526-232,,INFORMATION COMMUNICATION TECHNOLOGY,University of Ruhuna,AMPARA,1.5741,value,9,18,1.5741
COP2526-232,,INFORMATION COMMUNICATION TECHNOLOGY,University of Ruhuna,PUTTALAM,1.5867,value,9,18,1.5867
COP2526-232,,INFORMATION COMMUNICATION TECHNOLOGY,University of Ruhuna,KURUNEGALA,1.4992,value,9,18,1.4992
COP2526-232,,INFORMATION COMMUNICATION TECHNOLOGY,University of Ruhuna,ANURADHAPURA,1.5205,value,9,18,1.5205
COP2526-232,,INFORMATION COMMUNICATION TECHNOLOGY,University of Ruhuna,POLONNARUWA,,NQC,9,18,NQC
COP2526-232,,INFORMATION COMMUNICATION TECHNOLOGY,University of Ruhuna,BADULLA,1.5207,value,9,18,1.5207
COP2526-232,,INFORMATION COMMUNICATION TECHNOLOGY,University of Ruhuna,MONARAGALA,1.5177,value,9,18,1.5177
COP2526-232,,INFORMATION COMMUNICATION TECHNOLOGY,University of Ruhuna,KEGALLE,1.4997,value,9,18,1.4997
COP2526-232,,INFORMATION COMMUNICATION TECHNOLOGY,University of Ruhuna,RATNAPURA,1.4950,value,9,18,1.4950
COP2526-233,,INFORMATION COMMUNICATION TECHNOLOGY,"Eastern University, Sri Lanka",COLOMBO,1.0372,value,9,19,1.0372
COP2526-233,,INFORMATION COMMUNICATION TECHNOLOGY,"Eastern University, Sri Lanka",GAMPAHA,1.0471,value,9,19,1.0471
COP2526-233,,INFORMATION COMMUNICATION TECHNOLOGY,"Eastern University, Sri Lanka",KALUTARA,1.0964,value,9,19,1.0964
COP2526-233,,INFORMATION COMMUNICATION TECHNOLOGY,"Eastern University, Sri Lanka",MATALE,1.1759,value,9,19,1.1759
COP2526-233,,INFORMATION COMMUNICATION TECHNOLOGY,"Eastern University, Sri Lanka",KANDY,1.1017,value,9,19,1.1017
COP2526-233,,INFORMATION COMMUNICATION TECHNOLOGY,"Eastern University, Sri Lanka",NUWARA ELIYA,0.9644,value,9,19,0.9644
COP2526-233,,INFORMATION COMMUNICATION TECHNOLOGY,"Eastern University, Sri Lanka",GALLE,1.3001,value,9,19,1.3001
COP2526-233,,INFORMATION COMMUNICATION TECHNOLOGY,"Eastern University, Sri Lanka",MATARA,,NQC,9,19,NQC
COP2526-233,,INFORMATION COMMUNICATION TECHNOLOGY,"Eastern University, Sri Lanka",HAMBANTOTA,1.2037,value,9,19,1.2037
COP2526-233,,INFORMATION COMMUNICATION TECHNOLOGY,"Eastern University, Sri Lanka",JAFFNA,0.9815,value,9,19,0.9815
COP2526-233,,INFORMATION COMMUNICATION TECHNOLOGY,"Eastern University, Sri Lanka",KILINOCHCHI,,NQC,9,19,NQC
COP2526-233,,INFORMATION COMMUNICATION TECHNOLOGY,"Eastern University, Sri Lanka",MANNAR,,NQC,9,19,NQC
COP2526-233,,INFORMATION COMMUNICATION TECHNOLOGY,"Eastern University, Sri Lanka",MULLAITIVU,,NQC,9,19,NQC
COP2526-233,,INFORMATION COMMUNICATION TECHNOLOGY,"Eastern University, Sri Lanka",VAVUNIYA,,NQC,9,19,NQC
COP2526-233,,INFORMATION COMMUNICATION TECHNOLOGY,"Eastern University, Sri Lanka",TRINCOMALEE,0.9626,value,9,19,0.9626
COP2526-233,,INFORMATION COMMUNICATION TECHNOLOGY,"Eastern University, Sri Lanka",BATTICALOA,1.0034,value,9,19,1.0034
COP2526-233,,INFORMATION COMMUNICATION TECHNOLOGY,"Eastern University, Sri Lanka",AMPARA,0.9469,value,9,19,0.9469
COP2526-233,,INFORMATION COMMUNICATION TECHNOLOGY,"Eastern University, Sri Lanka",PUTTALAM,,NQC,9,19,NQC
COP2526-233,,INFORMATION COMMUNICATION TECHNOLOGY,"Eastern University, Sri Lanka",KURUNEGALA,1.3415,value,9,19,1.3415
COP2526-233,,INFORMATION COMMUNICATION TECHNOLOGY,"Eastern University, Sri Lanka",ANURADHAPURA,1.1678,value,9,19,1.1678
COP2526-233,,INFORMATION COMMUNICATION TECHNOLOGY,"Eastern University, Sri Lanka",POLONNARUWA,0.9518,value,9,19,0.9518
COP2526-233,,INFORMATION COMMUNICATION TECHNOLOGY,"Eastern University, Sri Lanka",BADULLA,0.9671,value,9,19,0.9671
COP2526-233,,INFORMATION COMMUNICATION TECHNOLOGY,"Eastern University, Sri Lanka",MONARAGALA,1.0654,value,9,19,1.0654
COP2526-233,,INFORMATION COMMUNICATION TECHNOLOGY,"Eastern University, Sri Lanka",KEGALLE,,NQC,9,19,NQC
COP2526-233,,INFORMATION COMMUNICATION TECHNOLOGY,"Eastern University, Sri Lanka",RATNAPURA,1.1693,value,9,19,1.1693
COP2526-234,,INFORMATION COMMUNICATION TECHNOLOGY,South Eastern University of Sri Lanka,COLOMBO,1.0778,value,9,20,1.0778
COP2526-234,,INFORMATION COMMUNICATION TECHNOLOGY,South Eastern University of Sri Lanka,GAMPAHA,1.1125,value,9,20,1.1125
COP2526-234,,INFORMATION COMMUNICATION TECHNOLOGY,South Eastern University of Sri Lanka,KALUTARA,1.0899,value,9,20,1.0899
COP2526-234,,INFORMATION COMMUNICATION TECHNOLOGY,South Eastern University of Sri Lanka,MATALE,1.1553,value,9,20,1.1553
COP2526-234,,INFORMATION COMMUNICATION TECHNOLOGY,South Eastern University of Sri Lanka,KANDY,1.1186,value,9,20,1.1186
COP2526-234,,INFORMATION COMMUNICATION TECHNOLOGY,South Eastern University of Sri Lanka,NUWARA ELIYA,1.4317,value,9,20,1.4317
COP2526-234,,INFORMATION COMMUNICATION TECHNOLOGY,South Eastern University of Sri Lanka,GALLE,,NQC,9,20,NQC
COP2526-234,,INFORMATION COMMUNICATION TECHNOLOGY,South Eastern University of Sri Lanka,MATARA,,NQC,9,20,NQC
COP2526-234,,INFORMATION COMMUNICATION TECHNOLOGY,South Eastern University of Sri Lanka,HAMBANTOTA,,NQC,9,20,NQC
COP2526-234,,INFORMATION COMMUNICATION TECHNOLOGY,South Eastern University of Sri Lanka,JAFFNA,,NQC,9,20,NQC
COP2526-234,,INFORMATION COMMUNICATION TECHNOLOGY,South Eastern University of Sri Lanka,KILINOCHCHI,,NQC,9,20,NQC
COP2526-234,,INFORMATION COMMUNICATION TECHNOLOGY,South Eastern University of Sri Lanka,MANNAR,,NQC,9,20,NQC
COP2526-234,,INFORMATION COMMUNICATION TECHNOLOGY,South Eastern University of Sri Lanka,MULLAITIVU,,NQC,9,20,NQC
COP2526-234,,INFORMATION COMMUNICATION TECHNOLOGY,South Eastern University of Sri Lanka,VAVUNIYA,,NQC,9,20,NQC
COP2526-234,,INFORMATION COMMUNICATION TECHNOLOGY,South Eastern University of Sri Lanka,TRINCOMALEE,1.1232,value,9,20,1.1232
COP2526-234,,INFORMATION COMMUNICATION TECHNOLOGY,South Eastern University of Sri Lanka,BATTICALOA,1.1133,value,9,20,1.1133
COP2526-234,,INFORMATION COMMUNICATION TECHNOLOGY,South Eastern University of Sri Lanka,AMPARA,1.1045,value,9,20,1.1045
COP2526-234,,INFORMATION COMMUNICATION TECHNOLOGY,South Eastern University of Sri Lanka,PUTTALAM,,NQC,9,20,NQC
COP2526-234,,INFORMATION COMMUNICATION TECHNOLOGY,South Eastern University of Sri Lanka,KURUNEGALA,1.2904,value,9,20,1.2904
COP2526-234,,INFORMATION COMMUNICATION TECHNOLOGY,South Eastern University of Sri Lanka,ANURADHAPURA,1.1659,value,9,20,1.1659
COP2526-234,,INFORMATION COMMUNICATION TECHNOLOGY,South Eastern University of Sri Lanka,POLONNARUWA,,NQC,9,20,NQC
COP2526-234,,INFORMATION COMMUNICATION TECHNOLOGY,South Eastern University of Sri Lanka,BADULLA,1.1152,value,9,20,1.1152
COP2526-234,,INFORMATION COMMUNICATION TECHNOLOGY,South Eastern University of Sri Lanka,MONARAGALA,1.0829,value,9,20,1.0829
COP2526-234,,INFORMATION COMMUNICATION TECHNOLOGY,South Eastern University of Sri Lanka,KEGALLE,1.3965,value,9,20,1.3965
COP2526-234,,INFORMATION COMMUNICATION TECHNOLOGY,South Eastern University of Sri Lanka,RATNAPURA,1.1575,value,9,20,1.1575
COP2526-235,,INFORMATION COMMUNICATION TECHNOLOGY,Rajarata University of Sri Lanka,COLOMBO,1.2850,value,9,21,1.2850
COP2526-235,,INFORMATION COMMUNICATION TECHNOLOGY,Rajarata University of Sri Lanka,GAMPAHA,1.2921,value,9,21,1.2921
COP2526-235,,INFORMATION COMMUNICATION TECHNOLOGY,Rajarata University of Sri Lanka,KALUTARA,,NQC,9,21,NQC
COP2526-235,,INFORMATION COMMUNICATION TECHNOLOGY,Rajarata University of Sri Lanka,MATALE,1.5027,value,9,21,1.5027
COP2526-235,,INFORMATION COMMUNICATION TECHNOLOGY,Rajarata University of Sri Lanka,KANDY,1.2955,value,9,21,1.2955
COP2526-235,,INFORMATION COMMUNICATION TECHNOLOGY,Rajarata University of Sri Lanka,NUWARA ELIYA,1.3028,value,9,21,1.3028
COP2526-235,,INFORMATION COMMUNICATION TECHNOLOGY,Rajarata University of Sri Lanka,GALLE,1.2865,value,9,21,1.2865
COP2526-235,,INFORMATION COMMUNICATION TECHNOLOGY,Rajarata University of Sri Lanka,MATARA,1.3378,value,9,21,1.3378
COP2526-235,,INFORMATION COMMUNICATION TECHNOLOGY,Rajarata University of Sri Lanka,HAMBANTOTA,1.2920,value,9,21,1.2920
COP2526-235,,INFORMATION COMMUNICATION TECHNOLOGY,Rajarata University of Sri Lanka,JAFFNA,1.3348,value,9,21,1.3348
COP2526-235,,INFORMATION COMMUNICATION TECHNOLOGY,Rajarata University of Sri Lanka,KILINOCHCHI,1.4724,value,9,21,1.4724
COP2526-235,,INFORMATION COMMUNICATION TECHNOLOGY,Rajarata University of Sri Lanka,MANNAR,,NQC,9,21,NQC
COP2526-235,,INFORMATION COMMUNICATION TECHNOLOGY,Rajarata University of Sri Lanka,MULLAITIVU,,NQC,9,21,NQC
COP2526-235,,INFORMATION COMMUNICATION TECHNOLOGY,Rajarata University of Sri Lanka,VAVUNIYA,1.3271,value,9,21,1.3271
COP2526-235,,INFORMATION COMMUNICATION TECHNOLOGY,Rajarata University of Sri Lanka,TRINCOMALEE,1.2868,value,9,21,1.2868
COP2526-235,,INFORMATION COMMUNICATION TECHNOLOGY,Rajarata University of Sri Lanka,BATTICALOA,1.2906,value,9,21,1.2906
COP2526-235,,INFORMATION COMMUNICATION TECHNOLOGY,Rajarata University of Sri Lanka,AMPARA,1.3046,value,9,21,1.3046
COP2526-235,,INFORMATION COMMUNICATION TECHNOLOGY,Rajarata University of Sri Lanka,PUTTALAM,1.2881,value,9,21,1.2881
COP2526-235,,INFORMATION COMMUNICATION TECHNOLOGY,Rajarata University of Sri Lanka,KURUNEGALA,1.2833,value,9,21,1.2833
COP2526-235,,INFORMATION COMMUNICATION TECHNOLOGY,Rajarata University of Sri Lanka,ANURADHAPURA,1.3157,value,9,21,1.3157
COP2526-235,,INFORMATION COMMUNICATION TECHNOLOGY,Rajarata University of Sri Lanka,POLONNARUWA,,NQC,9,21,NQC
COP2526-235,,INFORMATION COMMUNICATION TECHNOLOGY,Rajarata University of Sri Lanka,BADULLA,1.3202,value,9,21,1.3202
COP2526-235,,INFORMATION COMMUNICATION TECHNOLOGY,Rajarata University of Sri Lanka,MONARAGALA,1.3099,value,9,21,1.3099
COP2526-235,,INFORMATION COMMUNICATION TECHNOLOGY,Rajarata University of Sri Lanka,KEGALLE,1.2844,value,9,21,1.2844
COP2526-235,,INFORMATION COMMUNICATION TECHNOLOGY,Rajarata University of Sri Lanka,RATNAPURA,1.2850,value,9,21,1.2850
COP2526-236,,INFORMATION COMMUNICATION TECHNOLOGY,"University of Vavuniya, Sri Lanka",COLOMBO,1.0225,value,9,22,1.0225
COP2526-236,,INFORMATION COMMUNICATION TECHNOLOGY,"University of Vavuniya, Sri Lanka",GAMPAHA,1.0484,value,9,22,1.0484
COP2526-236,,INFORMATION COMMUNICATION TECHNOLOGY,"University of Vavuniya, Sri Lanka",KALUTARA,1.0937,value,9,22,1.0937
COP2526-236,,INFORMATION COMMUNICATION TECHNOLOGY,"University of Vavuniya, Sri Lanka",MATALE,1.2663,value,9,22,1.2663
COP2526-236,,INFORMATION COMMUNICATION TECHNOLOGY,"University of Vavuniya, Sri Lanka",KANDY,1.1580,value,9,22,1.1580
COP2526-236,,INFORMATION COMMUNICATION TECHNOLOGY,"University of Vavuniya, Sri Lanka",NUWARA ELIYA,0.8671,value,9,22,0.8671
COP2526-236,,INFORMATION COMMUNICATION TECHNOLOGY,"University of Vavuniya, Sri Lanka",GALLE,,NQC,9,22,NQC
COP2526-236,,INFORMATION COMMUNICATION TECHNOLOGY,"University of Vavuniya, Sri Lanka",MATARA,,NQC,9,22,NQC
COP2526-236,,INFORMATION COMMUNICATION TECHNOLOGY,"University of Vavuniya, Sri Lanka",HAMBANTOTA,1.2195,value,9,22,1.2195
COP2526-236,,INFORMATION COMMUNICATION TECHNOLOGY,"University of Vavuniya, Sri Lanka",JAFFNA,0.8777,value,9,22,0.8777
COP2526-236,,INFORMATION COMMUNICATION TECHNOLOGY,"University of Vavuniya, Sri Lanka",KILINOCHCHI,0.4674,value,9,22,0.4674
COP2526-236,,INFORMATION COMMUNICATION TECHNOLOGY,"University of Vavuniya, Sri Lanka",MANNAR,0.0787,value,9,22,0.0787
COP2526-236,,INFORMATION COMMUNICATION TECHNOLOGY,"University of Vavuniya, Sri Lanka",MULLAITIVU,0.1303,value,9,22,0.1303
COP2526-236,,INFORMATION COMMUNICATION TECHNOLOGY,"University of Vavuniya, Sri Lanka",VAVUNIYA,0.5789,value,9,22,0.5789
COP2526-236,,INFORMATION COMMUNICATION TECHNOLOGY,"University of Vavuniya, Sri Lanka",TRINCOMALEE,0.7928,value,9,22,0.7928
COP2526-236,,INFORMATION COMMUNICATION TECHNOLOGY,"University of Vavuniya, Sri Lanka",BATTICALOA,0.7941,value,9,22,0.7941
COP2526-236,,INFORMATION COMMUNICATION TECHNOLOGY,"University of Vavuniya, Sri Lanka",AMPARA,0.9510,value,9,22,0.9510
COP2526-236,,INFORMATION COMMUNICATION TECHNOLOGY,"University of Vavuniya, Sri Lanka",PUTTALAM,0.7965,value,9,22,0.7965
COP2526-236,,INFORMATION COMMUNICATION TECHNOLOGY,"University of Vavuniya, Sri Lanka",KURUNEGALA,1.3156,value,9,22,1.3156
COP2526-236,,INFORMATION COMMUNICATION TECHNOLOGY,"University of Vavuniya, Sri Lanka",ANURADHAPURA,1.1659,value,9,22,1.1659
COP2526-236,,INFORMATION COMMUNICATION TECHNOLOGY,"University of Vavuniya, Sri Lanka",POLONNARUWA,0.7881,value,9,22,0.7881
COP2526-236,,INFORMATION COMMUNICATION TECHNOLOGY,"University of Vavuniya, Sri Lanka",BADULLA,0.9579,value,9,22,0.9579
COP2526-236,,INFORMATION COMMUNICATION TECHNOLOGY,"University of Vavuniya, Sri Lanka",MONARAGALA,1.0112,value,9,22,1.0112
COP2526-236,,INFORMATION COMMUNICATION TECHNOLOGY,"University of Vavuniya, Sri Lanka",KEGALLE,,NQC,9,22,NQC
COP2526-236,,INFORMATION COMMUNICATION TECHNOLOGY,"University of Vavuniya, Sri Lanka",RATNAPURA,1.1851,value,9,22,1.1851
COP2526-237,,INFORMATION COMMUNICATION TECHNOLOGY,Uva Wellassa University of Sri Lanka,COLOMBO,1.4152,value,9,23,1.4152
COP2526-237,,INFORMATION COMMUNICATION TECHNOLOGY,Uva Wellassa University of Sri Lanka,GAMPAHA,1.3510,value,9,23,1.3510
COP2526-237,,INFORMATION COMMUNICATION TECHNOLOGY,Uva Wellassa University of Sri Lanka,KALUTARA,1.3432,value,9,23,1.3432
COP2526-237,,INFORMATION COMMUNICATION TECHNOLOGY,Uva Wellassa University of Sri Lanka,MATALE,1.4333,value,9,23,1.4333
COP2526-237,,INFORMATION COMMUNICATION TECHNOLOGY,Uva Wellassa University of Sri Lanka,KANDY,1.3753,value,9,23,1.3753
COP2526-237,,INFORMATION COMMUNICATION TECHNOLOGY,Uva Wellassa University of Sri Lanka,NUWARA ELIYA,1.3591,value,9,23,1.3591
COP2526-237,,INFORMATION COMMUNICATION TECHNOLOGY,Uva Wellassa University of Sri Lanka,GALLE,1.3638,value,9,23,1.3638
COP2526-237,,INFORMATION COMMUNICATION TECHNOLOGY,Uva Wellassa University of Sri Lanka,MATARA,1.3419,value,9,23,1.3419
COP2526-237,,INFORMATION COMMUNICATION TECHNOLOGY,Uva Wellassa University of Sri Lanka,HAMBANTOTA,1.3752,value,9,23,1.3752
COP2526-237,,INFORMATION COMMUNICATION TECHNOLOGY,Uva Wellassa University of Sri Lanka,JAFFNA,1.4342,value,9,23,1.4342
COP2526-237,,INFORMATION COMMUNICATION TECHNOLOGY,Uva Wellassa University of Sri Lanka,KILINOCHCHI,,NQC,9,23,NQC
COP2526-237,,INFORMATION COMMUNICATION TECHNOLOGY,Uva Wellassa University of Sri Lanka,MANNAR,,NQC,9,23,NQC
COP2526-237,,INFORMATION COMMUNICATION TECHNOLOGY,Uva Wellassa University of Sri Lanka,MULLAITIVU,1.5076,value,9,23,1.5076
COP2526-237,,INFORMATION COMMUNICATION TECHNOLOGY,Uva Wellassa University of Sri Lanka,VAVUNIYA,,NQC,9,23,NQC
COP2526-237,,INFORMATION COMMUNICATION TECHNOLOGY,Uva Wellassa University of Sri Lanka,TRINCOMALEE,1.3497,value,9,23,1.3497
COP2526-237,,INFORMATION COMMUNICATION TECHNOLOGY,Uva Wellassa University of Sri Lanka,BATTICALOA,1.4160,value,9,23,1.4160
COP2526-237,,INFORMATION COMMUNICATION TECHNOLOGY,Uva Wellassa University of Sri Lanka,AMPARA,1.5087,value,9,23,1.5087
COP2526-237,,INFORMATION COMMUNICATION TECHNOLOGY,Uva Wellassa University of Sri Lanka,PUTTALAM,1.5139,value,9,23,1.5139
COP2526-237,,INFORMATION COMMUNICATION TECHNOLOGY,Uva Wellassa University of Sri Lanka,KURUNEGALA,1.3637,value,9,23,1.3637
COP2526-237,,INFORMATION COMMUNICATION TECHNOLOGY,Uva Wellassa University of Sri Lanka,ANURADHAPURA,1.3427,value,9,23,1.3427
COP2526-237,,INFORMATION COMMUNICATION TECHNOLOGY,Uva Wellassa University of Sri Lanka,POLONNARUWA,1.3718,value,9,23,1.3718
COP2526-237,,INFORMATION COMMUNICATION TECHNOLOGY,Uva Wellassa University of Sri Lanka,BADULLA,1.3460,value,9,23,1.3460
COP2526-237,,INFORMATION COMMUNICATION TECHNOLOGY,Uva Wellassa University of Sri Lanka,MONARAGALA,,NQC,9,23,NQC
COP2526-237,,INFORMATION COMMUNICATION TECHNOLOGY,Uva Wellassa University of Sri Lanka,KEGALLE,1.3426,value,9,23,1.3426
COP2526-237,,INFORMATION COMMUNICATION TECHNOLOGY,Uva Wellassa University of Sri Lanka,RATNAPURA,1.3435,value,9,23,1.3435
COP2526-238,,PHYSICAL SCIENCE -ICT,University of Sri Jayewardenepura,COLOMBO,1.2180,value,9,24,1.2180
COP2526-238,,PHYSICAL SCIENCE -ICT,University of Sri Jayewardenepura,GAMPAHA,1.1870,value,9,24,1.1870
COP2526-238,,PHYSICAL SCIENCE -ICT,University of Sri Jayewardenepura,KALUTARA,1.2238,value,9,24,1.2238
COP2526-238,,PHYSICAL SCIENCE -ICT,University of Sri Jayewardenepura,MATALE,,NQC,9,24,NQC
COP2526-238,,PHYSICAL SCIENCE -ICT,University of Sri Jayewardenepura,KANDY,1.1720,value,9,24,1.1720
COP2526-238,,PHYSICAL SCIENCE -ICT,University of Sri Jayewardenepura,NUWARA ELIYA,,NQC,9,24,NQC
COP2526-238,,PHYSICAL SCIENCE -ICT,University of Sri Jayewardenepura,GALLE,1.2154,value,9,24,1.2154
COP2526-238,,PHYSICAL SCIENCE -ICT,University of Sri Jayewardenepura,MATARA,1.3331,value,9,24,1.3331
COP2526-238,,PHYSICAL SCIENCE -ICT,University of Sri Jayewardenepura,HAMBANTOTA,1.2031,value,9,24,1.2031
COP2526-238,,PHYSICAL SCIENCE -ICT,University of Sri Jayewardenepura,JAFFNA,1.2844,value,9,24,1.2844
COP2526-238,,PHYSICAL SCIENCE -ICT,University of Sri Jayewardenepura,KILINOCHCHI,,NQC,9,24,NQC
COP2526-238,,PHYSICAL SCIENCE -ICT,University of Sri Jayewardenepura,MANNAR,,NQC,9,24,NQC
COP2526-238,,PHYSICAL SCIENCE -ICT,University of Sri Jayewardenepura,MULLAITIVU,,NQC,9,24,NQC
COP2526-238,,PHYSICAL SCIENCE -ICT,University of Sri Jayewardenepura,VAVUNIYA,,NQC,9,24,NQC
COP2526-238,,PHYSICAL SCIENCE -ICT,University of Sri Jayewardenepura,TRINCOMALEE,,NQC,9,24,NQC
COP2526-238,,PHYSICAL SCIENCE -ICT,University of Sri Jayewardenepura,BATTICALOA,1.1871,value,9,24,1.1871
COP2526-238,,PHYSICAL SCIENCE -ICT,University of Sri Jayewardenepura,AMPARA,,NQC,9,24,NQC
COP2526-238,,PHYSICAL SCIENCE -ICT,University of Sri Jayewardenepura,PUTTALAM,,NQC,9,24,NQC
COP2526-238,,PHYSICAL SCIENCE -ICT,University of Sri Jayewardenepura,KURUNEGALA,1.2030,value,9,24,1.2030
COP2526-238,,PHYSICAL SCIENCE -ICT,University of Sri Jayewardenepura,ANURADHAPURA,1.1812,value,9,24,1.1812
COP2526-238,,PHYSICAL SCIENCE -ICT,University of Sri Jayewardenepura,POLONNARUWA,,NQC,9,24,NQC
COP2526-238,,PHYSICAL SCIENCE -ICT,University of Sri Jayewardenepura,BADULLA,1.2087,value,9,24,1.2087
COP2526-238,,PHYSICAL SCIENCE -ICT,University of Sri Jayewardenepura,MONARAGALA,,NQC,9,24,NQC
COP2526-238,,PHYSICAL SCIENCE -ICT,University of Sri Jayewardenepura,KEGALLE,1.1865,value,9,24,1.1865
COP2526-238,,PHYSICAL SCIENCE -ICT,University of Sri Jayewardenepura,RATNAPURA,1.1645,value,9,24,1.1645
COP2526-239,,PHYSICAL SCIENCE -ICT,University of Kelaniya,COLOMBO,1.2346,value,9,25,1.2346
COP2526-239,,PHYSICAL SCIENCE -ICT,University of Kelaniya,GAMPAHA,1.1378,value,9,25,1.1378
COP2526-239,,PHYSICAL SCIENCE -ICT,University of Kelaniya,KALUTARA,1.2196,value,9,25,1.2196
COP2526-239,,PHYSICAL SCIENCE -ICT,University of Kelaniya,MATALE,1.0149,value,9,25,1.0149
COP2526-239,,PHYSICAL SCIENCE -ICT,University of Kelaniya,KANDY,1.1217,value,9,25,1.1217
COP2526-239,,PHYSICAL SCIENCE -ICT,University of Kelaniya,NUWARA ELIYA,0.7596,value,9,25,0.7596
COP2526-239,,PHYSICAL SCIENCE -ICT,University of Kelaniya,GALLE,1.2168,value,9,25,1.2168
COP2526-239,,PHYSICAL SCIENCE -ICT,University of Kelaniya,MATARA,1.2271,value,9,25,1.2271
COP2526-239,,PHYSICAL SCIENCE -ICT,University of Kelaniya,HAMBANTOTA,1.0938,value,9,25,1.0938
COP2526-239,,PHYSICAL SCIENCE -ICT,University of Kelaniya,JAFFNA,1.1284,value,9,25,1.1284
COP2526-239,,PHYSICAL SCIENCE -ICT,University of Kelaniya,KILINOCHCHI,0.4767,value,9,25,0.4767
COP2526-239,,PHYSICAL SCIENCE -ICT,University of Kelaniya,MANNAR,0.1596,value,9,25,0.1596
COP2526-239,,PHYSICAL SCIENCE -ICT,University of Kelaniya,MULLAITIVU,0.5066,value,9,25,0.5066
COP2526-239,,PHYSICAL SCIENCE -ICT,University of Kelaniya,VAVUNIYA,0.6644,value,9,25,0.6644
COP2526-239,,PHYSICAL SCIENCE -ICT,University of Kelaniya,TRINCOMALEE,0.7400,value,9,25,0.7400
COP2526-239,,PHYSICAL SCIENCE -ICT,University of Kelaniya,BATTICALOA,0.7206,value,9,25,0.7206
COP2526-239,,PHYSICAL SCIENCE -ICT,University of Kelaniya,AMPARA,0.6225,value,9,25,0.6225
COP2526-239,,PHYSICAL SCIENCE -ICT,University of Kelaniya,PUTTALAM,0.9378,value,9,25,0.9378
COP2526-239,,PHYSICAL SCIENCE -ICT,University of Kelaniya,KURUNEGALA,1.2285,value,9,25,1.2285
COP2526-239,,PHYSICAL SCIENCE -ICT,University of Kelaniya,ANURADHAPURA,1.0005,value,9,25,1.0005
COP2526-239,,PHYSICAL SCIENCE -ICT,University of Kelaniya,POLONNARUWA,0.8708,value,9,25,0.8708
COP2526-239,,PHYSICAL SCIENCE -ICT,University of Kelaniya,BADULLA,1.0496,value,9,25,1.0496
COP2526-239,,PHYSICAL SCIENCE -ICT,University of Kelaniya,MONARAGALA,0.9471,value,9,25,0.9471
COP2526-239,,PHYSICAL SCIENCE -ICT,University of Kelaniya,KEGALLE,1.1329,value,9,25,1.1329
COP2526-239,,PHYSICAL SCIENCE -ICT,University of Kelaniya,RATNAPURA,1.1629,value,9,25,1.1629
COP2526-240,,TRANSLATION STUDIES,University of Kelaniya,COLOMBO,1.4162,value,9,26,1.4162
COP2526-240,,TRANSLATION STUDIES,University of Kelaniya,GAMPAHA,1.3553,value,9,26,1.3553
COP2526-240,,TRANSLATION STUDIES,University of Kelaniya,KALUTARA,1.5843,value,9,26,1.5843
COP2526-240,,TRANSLATION STUDIES,University of Kelaniya,MATALE,,NQC,9,26,NQC
COP2526-240,,TRANSLATION STUDIES,University of Kelaniya,KANDY,,NQC,9,26,NQC
COP2526-240,,TRANSLATION STUDIES,University of Kelaniya,NUWARA ELIYA,,NQC,9,26,NQC
COP2526-240,,TRANSLATION STUDIES,University of Kelaniya,GALLE,1.3665,value,9,26,1.3665
COP2526-240,,TRANSLATION STUDIES,University of Kelaniya,MATARA,1.4142,value,9,26,1.4142
COP2526-240,,TRANSLATION STUDIES,University of Kelaniya,HAMBANTOTA,1.3484,value,9,26,1.3484
COP2526-240,,TRANSLATION STUDIES,University of Kelaniya,JAFFNA,,NQC,9,26,NQC
COP2526-240,,TRANSLATION STUDIES,University of Kelaniya,KILINOCHCHI,,NQC,9,26,NQC
COP2526-240,,TRANSLATION STUDIES,University of Kelaniya,MANNAR,,NQC,9,26,NQC
COP2526-240,,TRANSLATION STUDIES,University of Kelaniya,MULLAITIVU,,NQC,9,26,NQC
COP2526-240,,TRANSLATION STUDIES,University of Kelaniya,VAVUNIYA,,NQC,9,26,NQC
COP2526-240,,TRANSLATION STUDIES,University of Kelaniya,TRINCOMALEE,,NQC,9,26,NQC
COP2526-240,,TRANSLATION STUDIES,University of Kelaniya,BATTICALOA,,NQC,9,26,NQC
COP2526-240,,TRANSLATION STUDIES,University of Kelaniya,AMPARA,,NQC,9,26,NQC
COP2526-240,,TRANSLATION STUDIES,University of Kelaniya,PUTTALAM,1.3623,value,9,26,1.3623
COP2526-240,,TRANSLATION STUDIES,University of Kelaniya,KURUNEGALA,1.3810,value,9,26,1.3810
COP2526-240,,TRANSLATION STUDIES,University of Kelaniya,ANURADHAPURA,1.4619,value,9,26,1.4619
COP2526-240,,TRANSLATION STUDIES,University of Kelaniya,POLONNARUWA,,NQC,9,26,NQC
COP2526-240,,TRANSLATION STUDIES,University of Kelaniya,BADULLA,,NQC,9,26,NQC
COP2526-240,,TRANSLATION STUDIES,University of Kelaniya,MONARAGALA,1.3414,value,9,26,1.3414
COP2526-240,,TRANSLATION STUDIES,University of Kelaniya,KEGALLE,1.3997,value,9,26,1.3997
COP2526-240,,TRANSLATION STUDIES,University of Kelaniya,RATNAPURA,,NQC,9,26,NQC
COP2526-241,,TRANSLATION STUDIES,University of Jaffna,COLOMBO,1.0331,value,10,1,1.0331
COP2526-241,,TRANSLATION STUDIES,University of Jaffna,GAMPAHA,0.1423,value,10,1,0.1423
COP2526-241,,TRANSLATION STUDIES,University of Jaffna,KALUTARA,0.8775,value,10,1,0.8775
COP2526-241,,TRANSLATION STUDIES,University of Jaffna,MATALE,0.9380,value,10,1,0.9380
COP2526-241,,TRANSLATION STUDIES,University of Jaffna,KANDY,,NQC,10,1,NQC
COP2526-241,,TRANSLATION STUDIES,University of Jaffna,NUWARA ELIYA,1.2104,value,10,1,1.2104
COP2526-241,,TRANSLATION STUDIES,University of Jaffna,GALLE,,NQC,10,1,NQC
COP2526-241,,TRANSLATION STUDIES,University of Jaffna,MATARA,0.1915,value,10,1,0.1915
COP2526-241,,TRANSLATION STUDIES,University of Jaffna,HAMBANTOTA,,NQC,10,1,NQC
COP2526-241,,TRANSLATION STUDIES,University of Jaffna,JAFFNA,1.2321,value,10,1,1.2321
COP2526-241,,TRANSLATION STUDIES,University of Jaffna,KILINOCHCHI,1.1016,value,10,1,1.1016
COP2526-241,,TRANSLATION STUDIES,University of Jaffna,MANNAR,0.7786,value,10,1,0.7786
COP2526-241,,TRANSLATION STUDIES,University of Jaffna,MULLAITIVU,1.2021,value,10,1,1.2021
COP2526-241,,TRANSLATION STUDIES,University of Jaffna,VAVUNIYA,1.2692,value,10,1,1.2692
COP2526-241,,TRANSLATION STUDIES,University of Jaffna,TRINCOMALEE,1.2218,value,10,1,1.2218
COP2526-241,,TRANSLATION STUDIES,University of Jaffna,BATTICALOA,1.3710,value,10,1,1.3710
COP2526-241,,TRANSLATION STUDIES,University of Jaffna,AMPARA,1.2640,value,10,1,1.2640
COP2526-241,,TRANSLATION STUDIES,University of Jaffna,PUTTALAM,1.1055,value,10,1,1.1055
COP2526-241,,TRANSLATION STUDIES,University of Jaffna,KURUNEGALA,0.9968,value,10,1,0.9968
COP2526-241,,TRANSLATION STUDIES,University of Jaffna,ANURADHAPURA,0.8824,value,10,1,0.8824
COP2526-241,,TRANSLATION STUDIES,University of Jaffna,POLONNARUWA,0.5149,value,10,1,0.5149
COP2526-241,,TRANSLATION STUDIES,University of Jaffna,BADULLA,1.1279,value,10,1,1.1279
COP2526-241,,TRANSLATION STUDIES,University of Jaffna,MONARAGALA,,NQC,10,1,NQC
COP2526-241,,TRANSLATION STUDIES,University of Jaffna,KEGALLE,0.8750,value,10,1,0.8750
COP2526-241,,TRANSLATION STUDIES,University of Jaffna,RATNAPURA,0.9193,value,10,1,0.9193
COP2526-242,,TRANSLATION STUDIES,"Eastern University, Sri Lanka",COLOMBO,,NQC,10,2,NQC
COP2526-242,,TRANSLATION STUDIES,"Eastern University, Sri Lanka",GAMPAHA,,NQC,10,2,NQC
COP2526-242,,TRANSLATION STUDIES,"Eastern University, Sri Lanka",KALUTARA,1.0376,value,10,2,1.0376
COP2526-242,,TRANSLATION STUDIES,"Eastern University, Sri Lanka",MATALE,,NQC,10,2,NQC
COP2526-242,,TRANSLATION STUDIES,"Eastern University, Sri Lanka",KANDY,1.0316,value,10,2,1.0316
COP2526-242,,TRANSLATION STUDIES,"Eastern University, Sri Lanka",NUWARA ELIYA,1.1753,value,10,2,1.1753
COP2526-242,,TRANSLATION STUDIES,"Eastern University, Sri Lanka",GALLE,1.0038,value,10,2,1.0038
COP2526-242,,TRANSLATION STUDIES,"Eastern University, Sri Lanka",MATARA,,NQC,10,2,NQC
COP2526-242,,TRANSLATION STUDIES,"Eastern University, Sri Lanka",HAMBANTOTA,,NQC,10,2,NQC
COP2526-242,,TRANSLATION STUDIES,"Eastern University, Sri Lanka",JAFFNA,,NQC,10,2,NQC
COP2526-242,,TRANSLATION STUDIES,"Eastern University, Sri Lanka",KILINOCHCHI,,NQC,10,2,NQC
COP2526-242,,TRANSLATION STUDIES,"Eastern University, Sri Lanka",MANNAR,,NQC,10,2,NQC
COP2526-242,,TRANSLATION STUDIES,"Eastern University, Sri Lanka",MULLAITIVU,,NQC,10,2,NQC
COP2526-242,,TRANSLATION STUDIES,"Eastern University, Sri Lanka",VAVUNIYA,1.1350,value,10,2,1.1350
COP2526-242,,TRANSLATION STUDIES,"Eastern University, Sri Lanka",TRINCOMALEE,1.4870,value,10,2,1.4870
COP2526-242,,TRANSLATION STUDIES,"Eastern University, Sri Lanka",BATTICALOA,1.2169,value,10,2,1.2169
COP2526-242,,TRANSLATION STUDIES,"Eastern University, Sri Lanka",AMPARA,1.1212,value,10,2,1.1212
COP2526-242,,TRANSLATION STUDIES,"Eastern University, Sri Lanka",PUTTALAM,1.3321,value,10,2,1.3321
COP2526-242,,TRANSLATION STUDIES,"Eastern University, Sri Lanka",KURUNEGALA,1.0154,value,10,2,1.0154
COP2526-242,,TRANSLATION STUDIES,"Eastern University, Sri Lanka",ANURADHAPURA,,NQC,10,2,NQC
COP2526-242,,TRANSLATION STUDIES,"Eastern University, Sri Lanka",POLONNARUWA,,NQC,10,2,NQC
COP2526-242,,TRANSLATION STUDIES,"Eastern University, Sri Lanka",BADULLA,1.0061,value,10,2,1.0061
COP2526-242,,TRANSLATION STUDIES,"Eastern University, Sri Lanka",MONARAGALA,,NQC,10,2,NQC
COP2526-242,,TRANSLATION STUDIES,"Eastern University, Sri Lanka",KEGALLE,1.1417,value,10,2,1.1417
COP2526-242,,TRANSLATION STUDIES,"Eastern University, Sri Lanka",RATNAPURA,1.1528,value,10,2,1.1528
COP2526-243,,TRANSLATION STUDIES,Sabaragamuwa University of Sri Lanka,COLOMBO,0.8722,value,10,3,0.8722
COP2526-243,,TRANSLATION STUDIES,Sabaragamuwa University of Sri Lanka,GAMPAHA,1.2359,value,10,3,1.2359
COP2526-243,,TRANSLATION STUDIES,Sabaragamuwa University of Sri Lanka,KALUTARA,1.2500,value,10,3,1.2500
COP2526-243,,TRANSLATION STUDIES,Sabaragamuwa University of Sri Lanka,MATALE,1.2274,value,10,3,1.2274
COP2526-243,,TRANSLATION STUDIES,Sabaragamuwa University of Sri Lanka,KANDY,1.2029,value,10,3,1.2029
COP2526-243,,TRANSLATION STUDIES,Sabaragamuwa University of Sri Lanka,NUWARA ELIYA,0.9932,value,10,3,0.9932
COP2526-243,,TRANSLATION STUDIES,Sabaragamuwa University of Sri Lanka,GALLE,1.2979,value,10,3,1.2979
COP2526-243,,TRANSLATION STUDIES,Sabaragamuwa University of Sri Lanka,MATARA,1.2843,value,10,3,1.2843
COP2526-243,,TRANSLATION STUDIES,Sabaragamuwa University of Sri Lanka,HAMBANTOTA,1.3107,value,10,3,1.3107
COP2526-243,,TRANSLATION STUDIES,Sabaragamuwa University of Sri Lanka,JAFFNA,,NQC,10,3,NQC
COP2526-243,,TRANSLATION STUDIES,Sabaragamuwa University of Sri Lanka,KILINOCHCHI,,NQC,10,3,NQC
COP2526-243,,TRANSLATION STUDIES,Sabaragamuwa University of Sri Lanka,MANNAR,,NQC,10,3,NQC
COP2526-243,,TRANSLATION STUDIES,Sabaragamuwa University of Sri Lanka,MULLAITIVU,,NQC,10,3,NQC
COP2526-243,,TRANSLATION STUDIES,Sabaragamuwa University of Sri Lanka,VAVUNIYA,0.9970,value,10,3,0.9970
COP2526-243,,TRANSLATION STUDIES,Sabaragamuwa University of Sri Lanka,TRINCOMALEE,0.9804,value,10,3,0.9804
COP2526-243,,TRANSLATION STUDIES,Sabaragamuwa University of Sri Lanka,BATTICALOA,,NQC,10,3,NQC
COP2526-243,,TRANSLATION STUDIES,Sabaragamuwa University of Sri Lanka,AMPARA,1.1049,value,10,3,1.1049
COP2526-243,,TRANSLATION STUDIES,Sabaragamuwa University of Sri Lanka,PUTTALAM,1.3061,value,10,3,1.3061
COP2526-243,,TRANSLATION STUDIES,Sabaragamuwa University of Sri Lanka,KURUNEGALA,1.1591,value,10,3,1.1591
COP2526-243,,TRANSLATION STUDIES,Sabaragamuwa University of Sri Lanka,ANURADHAPURA,1.2836,value,10,3,1.2836
COP2526-243,,TRANSLATION STUDIES,Sabaragamuwa University of Sri Lanka,POLONNARUWA,1.2821,value,10,3,1.2821
COP2526-243,,TRANSLATION STUDIES,Sabaragamuwa University of Sri Lanka,BADULLA,1.1318,value,10,3,1.1318
COP2526-243,,TRANSLATION STUDIES,Sabaragamuwa University of Sri Lanka,MONARAGALA,1.2543,value,10,3,1.2543
COP2526-243,,TRANSLATION STUDIES,Sabaragamuwa University of Sri Lanka,KEGALLE,1.2610,value,10,3,1.2610
COP2526-243,,TRANSLATION STUDIES,Sabaragamuwa University of Sri Lanka,RATNAPURA,1.2347,value,10,3,1.2347
COP2526-244,,FILM & TELEVISION STUDIES,University of Kelaniya,COLOMBO,1.1681,value,10,4,1.1681
COP2526-244,,FILM & TELEVISION STUDIES,University of Kelaniya,GAMPAHA,0.5461,value,10,4,0.5461
COP2526-244,,FILM & TELEVISION STUDIES,University of Kelaniya,KALUTARA,1.1685,value,10,4,1.1685
COP2526-244,,FILM & TELEVISION STUDIES,University of Kelaniya,MATALE,1.0007,value,10,4,1.0007
COP2526-244,,FILM & TELEVISION STUDIES,University of Kelaniya,KANDY,1.0811,value,10,4,1.0811
COP2526-244,,FILM & TELEVISION STUDIES,University of Kelaniya,NUWARA ELIYA,1.0308,value,10,4,1.0308
COP2526-244,,FILM & TELEVISION STUDIES,University of Kelaniya,GALLE,0.9522,value,10,4,0.9522
COP2526-244,,FILM & TELEVISION STUDIES,University of Kelaniya,MATARA,1.1604,value,10,4,1.1604
COP2526-244,,FILM & TELEVISION STUDIES,University of Kelaniya,HAMBANTOTA,0.9356,value,10,4,0.9356
COP2526-244,,FILM & TELEVISION STUDIES,University of Kelaniya,JAFFNA,,NQC,10,4,NQC
COP2526-244,,FILM & TELEVISION STUDIES,University of Kelaniya,KILINOCHCHI,,NQC,10,4,NQC
COP2526-244,,FILM & TELEVISION STUDIES,University of Kelaniya,MANNAR,,NQC,10,4,NQC
COP2526-244,,FILM & TELEVISION STUDIES,University of Kelaniya,MULLAITIVU,,NQC,10,4,NQC
COP2526-244,,FILM & TELEVISION STUDIES,University of Kelaniya,VAVUNIYA,,NQC,10,4,NQC
COP2526-244,,FILM & TELEVISION STUDIES,University of Kelaniya,TRINCOMALEE,,NQC,10,4,NQC
COP2526-244,,FILM & TELEVISION STUDIES,University of Kelaniya,BATTICALOA,,NQC,10,4,NQC
COP2526-244,,FILM & TELEVISION STUDIES,University of Kelaniya,AMPARA,0.8578,value,10,4,0.8578
COP2526-244,,FILM & TELEVISION STUDIES,University of Kelaniya,PUTTALAM,0.7619,value,10,4,0.7619
COP2526-244,,FILM & TELEVISION STUDIES,University of Kelaniya,KURUNEGALA,1.1428,value,10,4,1.1428
COP2526-244,,FILM & TELEVISION STUDIES,University of Kelaniya,ANURADHAPURA,1.0758,value,10,4,1.0758
COP2526-244,,FILM & TELEVISION STUDIES,University of Kelaniya,POLONNARUWA,1.1904,value,10,4,1.1904
COP2526-244,,FILM & TELEVISION STUDIES,University of Kelaniya,BADULLA,1.0189,value,10,4,1.0189
COP2526-244,,FILM & TELEVISION STUDIES,University of Kelaniya,MONARAGALA,1.0444,value,10,4,1.0444
COP2526-244,,FILM & TELEVISION STUDIES,University of Kelaniya,KEGALLE,1.1699,value,10,4,1.1699
COP2526-244,,FILM & TELEVISION STUDIES,University of Kelaniya,RATNAPURA,1.0858,value,10,4,1.0858
COP2526-245,,PROJECT MANAGEMENT,"University of Vavuniya, Sri Lanka",COLOMBO,1.2536,value,10,5,1.2536
COP2526-245,,PROJECT MANAGEMENT,"University of Vavuniya, Sri Lanka",GAMPAHA,1.2338,value,10,5,1.2338
COP2526-245,,PROJECT MANAGEMENT,"University of Vavuniya, Sri Lanka",KALUTARA,1.2373,value,10,5,1.2373
COP2526-245,,PROJECT MANAGEMENT,"University of Vavuniya, Sri Lanka",MATALE,1.2562,value,10,5,1.2562
COP2526-245,,PROJECT MANAGEMENT,"University of Vavuniya, Sri Lanka",KANDY,1.2208,value,10,5,1.2208
COP2526-245,,PROJECT MANAGEMENT,"University of Vavuniya, Sri Lanka",NUWARA ELIYA,1.1998,value,10,5,1.1998
COP2526-245,,PROJECT MANAGEMENT,"University of Vavuniya, Sri Lanka",GALLE,1.2599,value,10,5,1.2599
COP2526-245,,PROJECT MANAGEMENT,"University of Vavuniya, Sri Lanka",MATARA,1.2598,value,10,5,1.2598
COP2526-245,,PROJECT MANAGEMENT,"University of Vavuniya, Sri Lanka",HAMBANTOTA,1.2493,value,10,5,1.2493
COP2526-245,,PROJECT MANAGEMENT,"University of Vavuniya, Sri Lanka",JAFFNA,1.1219,value,10,5,1.1219
COP2526-245,,PROJECT MANAGEMENT,"University of Vavuniya, Sri Lanka",KILINOCHCHI,0.9657,value,10,5,0.9657
COP2526-245,,PROJECT MANAGEMENT,"University of Vavuniya, Sri Lanka",MANNAR,1.2598,value,10,5,1.2598
COP2526-245,,PROJECT MANAGEMENT,"University of Vavuniya, Sri Lanka",MULLAITIVU,0.9908,value,10,5,0.9908
COP2526-245,,PROJECT MANAGEMENT,"University of Vavuniya, Sri Lanka",VAVUNIYA,1.2213,value,10,5,1.2213
COP2526-245,,PROJECT MANAGEMENT,"University of Vavuniya, Sri Lanka",TRINCOMALEE,1.2429,value,10,5,1.2429
COP2526-245,,PROJECT MANAGEMENT,"University of Vavuniya, Sri Lanka",BATTICALOA,1.1998,value,10,5,1.1998
COP2526-245,,PROJECT MANAGEMENT,"University of Vavuniya, Sri Lanka",AMPARA,1.2568,value,10,5,1.2568
COP2526-245,,PROJECT MANAGEMENT,"University of Vavuniya, Sri Lanka",PUTTALAM,1.1596,value,10,5,1.1596
COP2526-245,,PROJECT MANAGEMENT,"University of Vavuniya, Sri Lanka",KURUNEGALA,1.2506,value,10,5,1.2506
COP2526-245,,PROJECT MANAGEMENT,"University of Vavuniya, Sri Lanka",ANURADHAPURA,1.2004,value,10,5,1.2004
COP2526-245,,PROJECT MANAGEMENT,"University of Vavuniya, Sri Lanka",POLONNARUWA,1.1669,value,10,5,1.1669
COP2526-245,,PROJECT MANAGEMENT,"University of Vavuniya, Sri Lanka",BADULLA,1.1955,value,10,5,1.1955
COP2526-245,,PROJECT MANAGEMENT,"University of Vavuniya, Sri Lanka",MONARAGALA,1.2282,value,10,5,1.2282
COP2526-245,,PROJECT MANAGEMENT,"University of Vavuniya, Sri Lanka",KEGALLE,1.2588,value,10,5,1.2588
COP2526-245,,PROJECT MANAGEMENT,"University of Vavuniya, Sri Lanka",RATNAPURA,1.2428,value,10,5,1.2428
COP2526-246,,TEACHING ENGLISH AS A SECOND LANGUAGE (TESL),University of Sri Jayewardenepura,COLOMBO,1.1427,value,10,6,1.1427
COP2526-246,,TEACHING ENGLISH AS A SECOND LANGUAGE (TESL),University of Sri Jayewardenepura,GAMPAHA,1.1427,value,10,6,1.1427
COP2526-246,,TEACHING ENGLISH AS A SECOND LANGUAGE (TESL),University of Sri Jayewardenepura,KALUTARA,1.1427,value,10,6,1.1427
COP2526-246,,TEACHING ENGLISH AS A SECOND LANGUAGE (TESL),University of Sri Jayewardenepura,MATALE,1.1427,value,10,6,1.1427
COP2526-246,,TEACHING ENGLISH AS A SECOND LANGUAGE (TESL),University of Sri Jayewardenepura,KANDY,1.1427,value,10,6,1.1427
COP2526-246,,TEACHING ENGLISH AS A SECOND LANGUAGE (TESL),University of Sri Jayewardenepura,NUWARA ELIYA,1.1427,value,10,6,1.1427
COP2526-246,,TEACHING ENGLISH AS A SECOND LANGUAGE (TESL),University of Sri Jayewardenepura,GALLE,1.1427,value,10,6,1.1427
COP2526-246,,TEACHING ENGLISH AS A SECOND LANGUAGE (TESL),University of Sri Jayewardenepura,MATARA,1.1427,value,10,6,1.1427
COP2526-246,,TEACHING ENGLISH AS A SECOND LANGUAGE (TESL),University of Sri Jayewardenepura,HAMBANTOTA,1.1427,value,10,6,1.1427
COP2526-246,,TEACHING ENGLISH AS A SECOND LANGUAGE (TESL),University of Sri Jayewardenepura,JAFFNA,1.1427,value,10,6,1.1427
COP2526-246,,TEACHING ENGLISH AS A SECOND LANGUAGE (TESL),University of Sri Jayewardenepura,KILINOCHCHI,1.1427,value,10,6,1.1427
COP2526-246,,TEACHING ENGLISH AS A SECOND LANGUAGE (TESL),University of Sri Jayewardenepura,MANNAR,1.1427,value,10,6,1.1427
COP2526-246,,TEACHING ENGLISH AS A SECOND LANGUAGE (TESL),University of Sri Jayewardenepura,MULLAITIVU,1.1427,value,10,6,1.1427
COP2526-246,,TEACHING ENGLISH AS A SECOND LANGUAGE (TESL),University of Sri Jayewardenepura,VAVUNIYA,1.1427,value,10,6,1.1427
COP2526-246,,TEACHING ENGLISH AS A SECOND LANGUAGE (TESL),University of Sri Jayewardenepura,TRINCOMALEE,1.1427,value,10,6,1.1427
COP2526-246,,TEACHING ENGLISH AS A SECOND LANGUAGE (TESL),University of Sri Jayewardenepura,BATTICALOA,1.1427,value,10,6,1.1427
COP2526-246,,TEACHING ENGLISH AS A SECOND LANGUAGE (TESL),University of Sri Jayewardenepura,AMPARA,1.1427,value,10,6,1.1427
COP2526-246,,TEACHING ENGLISH AS A SECOND LANGUAGE (TESL),University of Sri Jayewardenepura,PUTTALAM,1.1427,value,10,6,1.1427
COP2526-246,,TEACHING ENGLISH AS A SECOND LANGUAGE (TESL),University of Sri Jayewardenepura,KURUNEGALA,1.1427,value,10,6,1.1427
COP2526-246,,TEACHING ENGLISH AS A SECOND LANGUAGE (TESL),University of Sri Jayewardenepura,ANURADHAPURA,1.1427,value,10,6,1.1427
COP2526-246,,TEACHING ENGLISH AS A SECOND LANGUAGE (TESL),University of Sri Jayewardenepura,POLONNARUWA,1.1427,value,10,6,1.1427
COP2526-246,,TEACHING ENGLISH AS A SECOND LANGUAGE (TESL),University of Sri Jayewardenepura,BADULLA,1.1427,value,10,6,1.1427
COP2526-246,,TEACHING ENGLISH AS A SECOND LANGUAGE (TESL),University of Sri Jayewardenepura,MONARAGALA,1.1427,value,10,6,1.1427
COP2526-246,,TEACHING ENGLISH AS A SECOND LANGUAGE (TESL),University of Sri Jayewardenepura,KEGALLE,1.1427,value,10,6,1.1427
COP2526-246,,TEACHING ENGLISH AS A SECOND LANGUAGE (TESL),University of Sri Jayewardenepura,RATNAPURA,1.1427,value,10,6,1.1427
COP2526-247,,TEACHING ENGLISH AS A SECOND LANGUAGE (TESL),University of Kelaniya,COLOMBO,1.0505,value,10,7,1.0505
COP2526-247,,TEACHING ENGLISH AS A SECOND LANGUAGE (TESL),University of Kelaniya,GAMPAHA,1.0505,value,10,7,1.0505
COP2526-247,,TEACHING ENGLISH AS A SECOND LANGUAGE (TESL),University of Kelaniya,KALUTARA,1.0505,value,10,7,1.0505
COP2526-247,,TEACHING ENGLISH AS A SECOND LANGUAGE (TESL),University of Kelaniya,MATALE,1.0505,value,10,7,1.0505
COP2526-247,,TEACHING ENGLISH AS A SECOND LANGUAGE (TESL),University of Kelaniya,KANDY,1.0505,value,10,7,1.0505
COP2526-247,,TEACHING ENGLISH AS A SECOND LANGUAGE (TESL),University of Kelaniya,NUWARA ELIYA,1.0505,value,10,7,1.0505
COP2526-247,,TEACHING ENGLISH AS A SECOND LANGUAGE (TESL),University of Kelaniya,GALLE,1.0505,value,10,7,1.0505
COP2526-247,,TEACHING ENGLISH AS A SECOND LANGUAGE (TESL),University of Kelaniya,MATARA,1.0505,value,10,7,1.0505
COP2526-247,,TEACHING ENGLISH AS A SECOND LANGUAGE (TESL),University of Kelaniya,HAMBANTOTA,1.0505,value,10,7,1.0505
COP2526-247,,TEACHING ENGLISH AS A SECOND LANGUAGE (TESL),University of Kelaniya,JAFFNA,1.0505,value,10,7,1.0505
COP2526-247,,TEACHING ENGLISH AS A SECOND LANGUAGE (TESL),University of Kelaniya,KILINOCHCHI,1.0505,value,10,7,1.0505
COP2526-247,,TEACHING ENGLISH AS A SECOND LANGUAGE (TESL),University of Kelaniya,MANNAR,1.0505,value,10,7,1.0505
COP2526-247,,TEACHING ENGLISH AS A SECOND LANGUAGE (TESL),University of Kelaniya,MULLAITIVU,1.0505,value,10,7,1.0505
COP2526-247,,TEACHING ENGLISH AS A SECOND LANGUAGE (TESL),University of Kelaniya,VAVUNIYA,1.0505,value,10,7,1.0505
COP2526-247,,TEACHING ENGLISH AS A SECOND LANGUAGE (TESL),University of Kelaniya,TRINCOMALEE,1.0505,value,10,7,1.0505
COP2526-247,,TEACHING ENGLISH AS A SECOND LANGUAGE (TESL),University of Kelaniya,BATTICALOA,1.0505,value,10,7,1.0505
COP2526-247,,TEACHING ENGLISH AS A SECOND LANGUAGE (TESL),University of Kelaniya,AMPARA,1.0505,value,10,7,1.0505
COP2526-247,,TEACHING ENGLISH AS A SECOND LANGUAGE (TESL),University of Kelaniya,PUTTALAM,1.0505,value,10,7,1.0505
COP2526-247,,TEACHING ENGLISH AS A SECOND LANGUAGE (TESL),University of Kelaniya,KURUNEGALA,1.0505,value,10,7,1.0505
COP2526-247,,TEACHING ENGLISH AS A SECOND LANGUAGE (TESL),University of Kelaniya,ANURADHAPURA,1.0505,value,10,7,1.0505
COP2526-247,,TEACHING ENGLISH AS A SECOND LANGUAGE (TESL),University of Kelaniya,POLONNARUWA,1.0505,value,10,7,1.0505
COP2526-247,,TEACHING ENGLISH AS A SECOND LANGUAGE (TESL),University of Kelaniya,BADULLA,1.0505,value,10,7,1.0505
COP2526-247,,TEACHING ENGLISH AS A SECOND LANGUAGE (TESL),University of Kelaniya,MONARAGALA,1.0505,value,10,7,1.0505
COP2526-247,,TEACHING ENGLISH AS A SECOND LANGUAGE (TESL),University of Kelaniya,KEGALLE,1.0505,value,10,7,1.0505
COP2526-247,,TEACHING ENGLISH AS A SECOND LANGUAGE (TESL),University of Kelaniya,RATNAPURA,1.0505,value,10,7,1.0505
COP2526-248,,TEACHING ENGLISH AS A SECOND LANGUAGE (TESL),Sabaragamuwa University of Sri Lanka,COLOMBO,0.8682,value,10,8,0.8682
COP2526-248,,TEACHING ENGLISH AS A SECOND LANGUAGE (TESL),Sabaragamuwa University of Sri Lanka,GAMPAHA,0.8682,value,10,8,0.8682
COP2526-248,,TEACHING ENGLISH AS A SECOND LANGUAGE (TESL),Sabaragamuwa University of Sri Lanka,KALUTARA,0.8682,value,10,8,0.8682
COP2526-248,,TEACHING ENGLISH AS A SECOND LANGUAGE (TESL),Sabaragamuwa University of Sri Lanka,MATALE,0.8682,value,10,8,0.8682
COP2526-248,,TEACHING ENGLISH AS A SECOND LANGUAGE (TESL),Sabaragamuwa University of Sri Lanka,KANDY,0.8682,value,10,8,0.8682
COP2526-248,,TEACHING ENGLISH AS A SECOND LANGUAGE (TESL),Sabaragamuwa University of Sri Lanka,NUWARA ELIYA,0.8682,value,10,8,0.8682
COP2526-248,,TEACHING ENGLISH AS A SECOND LANGUAGE (TESL),Sabaragamuwa University of Sri Lanka,GALLE,0.8682,value,10,8,0.8682
COP2526-248,,TEACHING ENGLISH AS A SECOND LANGUAGE (TESL),Sabaragamuwa University of Sri Lanka,MATARA,0.8682,value,10,8,0.8682
COP2526-248,,TEACHING ENGLISH AS A SECOND LANGUAGE (TESL),Sabaragamuwa University of Sri Lanka,HAMBANTOTA,0.8682,value,10,8,0.8682
COP2526-248,,TEACHING ENGLISH AS A SECOND LANGUAGE (TESL),Sabaragamuwa University of Sri Lanka,JAFFNA,0.8682,value,10,8,0.8682
COP2526-248,,TEACHING ENGLISH AS A SECOND LANGUAGE (TESL),Sabaragamuwa University of Sri Lanka,KILINOCHCHI,0.8682,value,10,8,0.8682
COP2526-248,,TEACHING ENGLISH AS A SECOND LANGUAGE (TESL),Sabaragamuwa University of Sri Lanka,MANNAR,0.8682,value,10,8,0.8682
COP2526-248,,TEACHING ENGLISH AS A SECOND LANGUAGE (TESL),Sabaragamuwa University of Sri Lanka,MULLAITIVU,0.8682,value,10,8,0.8682
COP2526-248,,TEACHING ENGLISH AS A SECOND LANGUAGE (TESL),Sabaragamuwa University of Sri Lanka,VAVUNIYA,0.8682,value,10,8,0.8682
COP2526-248,,TEACHING ENGLISH AS A SECOND LANGUAGE (TESL),Sabaragamuwa University of Sri Lanka,TRINCOMALEE,0.8682,value,10,8,0.8682
COP2526-248,,TEACHING ENGLISH AS A SECOND LANGUAGE (TESL),Sabaragamuwa University of Sri Lanka,BATTICALOA,0.8682,value,10,8,0.8682
COP2526-248,,TEACHING ENGLISH AS A SECOND LANGUAGE (TESL),Sabaragamuwa University of Sri Lanka,AMPARA,0.8682,value,10,8,0.8682
COP2526-248,,TEACHING ENGLISH AS A SECOND LANGUAGE (TESL),Sabaragamuwa University of Sri Lanka,PUTTALAM,0.8682,value,10,8,0.8682
COP2526-248,,TEACHING ENGLISH AS A SECOND LANGUAGE (TESL),Sabaragamuwa University of Sri Lanka,KURUNEGALA,0.8682,value,10,8,0.8682
COP2526-248,,TEACHING ENGLISH AS A SECOND LANGUAGE (TESL),Sabaragamuwa University of Sri Lanka,ANURADHAPURA,0.8682,value,10,8,0.8682
COP2526-248,,TEACHING ENGLISH AS A SECOND LANGUAGE (TESL),Sabaragamuwa University of Sri Lanka,POLONNARUWA,0.8682,value,10,8,0.8682
COP2526-248,,TEACHING ENGLISH AS A SECOND LANGUAGE (TESL),Sabaragamuwa University of Sri Lanka,BADULLA,0.8682,value,10,8,0.8682
COP2526-248,,TEACHING ENGLISH AS A SECOND LANGUAGE (TESL),Sabaragamuwa University of Sri Lanka,MONARAGALA,0.8682,value,10,8,0.8682
COP2526-248,,TEACHING ENGLISH AS A SECOND LANGUAGE (TESL),Sabaragamuwa University of Sri Lanka,KEGALLE,0.8682,value,10,8,0.8682
COP2526-248,,TEACHING ENGLISH AS A SECOND LANGUAGE (TESL),Sabaragamuwa University of Sri Lanka,RATNAPURA,0.8682,value,10,8,0.8682
COP2526-249,,VISUAL ARTS,University of the Visual & Performing Arts,COLOMBO,0.6151,value,10,9,0.6151
COP2526-249,,VISUAL ARTS,University of the Visual & Performing Arts,GAMPAHA,0.7915,value,10,9,0.7915
COP2526-249,,VISUAL ARTS,University of the Visual & Performing Arts,KALUTARA,0.8501,value,10,9,0.8501
COP2526-249,,VISUAL ARTS,University of the Visual & Performing Arts,MATALE,1.2783,value,10,9,1.2783
COP2526-249,,VISUAL ARTS,University of the Visual & Performing Arts,KANDY,0.3774,value,10,9,0.3774
COP2526-249,,VISUAL ARTS,University of the Visual & Performing Arts,NUWARA ELIYA,0.5906,value,10,9,0.5906
COP2526-249,,VISUAL ARTS,University of the Visual & Performing Arts,GALLE,1.0390,value,10,9,1.0390
COP2526-249,,VISUAL ARTS,University of the Visual & Performing Arts,MATARA,0.9267,value,10,9,0.9267
COP2526-249,,VISUAL ARTS,University of the Visual & Performing Arts,HAMBANTOTA,1.1206,value,10,9,1.1206
COP2526-249,,VISUAL ARTS,University of the Visual & Performing Arts,JAFFNA,,NQC,10,9,NQC
COP2526-249,,VISUAL ARTS,University of the Visual & Performing Arts,KILINOCHCHI,,NQC,10,9,NQC
COP2526-249,,VISUAL ARTS,University of the Visual & Performing Arts,MANNAR,,NQC,10,9,NQC
COP2526-249,,VISUAL ARTS,University of the Visual & Performing Arts,MULLAITIVU,,NQC,10,9,NQC
COP2526-249,,VISUAL ARTS,University of the Visual & Performing Arts,VAVUNIYA,,NQC,10,9,NQC
COP2526-249,,VISUAL ARTS,University of the Visual & Performing Arts,TRINCOMALEE,,NQC,10,9,NQC
COP2526-249,,VISUAL ARTS,University of the Visual & Performing Arts,BATTICALOA,,NQC,10,9,NQC
COP2526-249,,VISUAL ARTS,University of the Visual & Performing Arts,AMPARA,0.6124,value,10,9,0.6124
COP2526-249,,VISUAL ARTS,University of the Visual & Performing Arts,PUTTALAM,0.8721,value,10,9,0.8721
COP2526-249,,VISUAL ARTS,University of the Visual & Performing Arts,KURUNEGALA,0.9542,value,10,9,0.9542
COP2526-249,,VISUAL ARTS,University of the Visual & Performing Arts,ANURADHAPURA,1.1256,value,10,9,1.1256
COP2526-249,,VISUAL ARTS,University of the Visual & Performing Arts,POLONNARUWA,1.2344,value,10,9,1.2344
COP2526-249,,VISUAL ARTS,University of the Visual & Performing Arts,BADULLA,0.8275,value,10,9,0.8275
COP2526-249,,VISUAL ARTS,University of the Visual & Performing Arts,MONARAGALA,0.9205,value,10,9,0.9205
COP2526-249,,VISUAL ARTS,University of the Visual & Performing Arts,KEGALLE,0.9131,value,10,9,0.9131
COP2526-249,,VISUAL ARTS,University of the Visual & Performing Arts,RATNAPURA,0.9713,value,10,9,0.9713
COP2526-250,,MUSIC,University of Sri Jayewardenepura,COLOMBO,0.1863,value,10,10,0.1863
COP2526-250,,MUSIC,University of Sri Jayewardenepura,GAMPAHA,0.0673,value,10,10,0.0673
COP2526-250,,MUSIC,University of Sri Jayewardenepura,KALUTARA,0.7606,value,10,10,0.7606
COP2526-250,,MUSIC,University of Sri Jayewardenepura,MATALE,,NQC,10,10,NQC
COP2526-250,,MUSIC,University of Sri Jayewardenepura,KANDY,0.6172,value,10,10,0.6172
COP2526-250,,MUSIC,University of Sri Jayewardenepura,NUWARA ELIYA,,NQC,10,10,NQC
COP2526-250,,MUSIC,University of Sri Jayewardenepura,GALLE,-0.4010,value,10,10,-0.4010
COP2526-250,,MUSIC,University of Sri Jayewardenepura,MATARA,0.3507,value,10,10,0.3507
COP2526-250,,MUSIC,University of Sri Jayewardenepura,HAMBANTOTA,1.1213,value,10,10,1.1213
COP2526-250,,MUSIC,University of Sri Jayewardenepura,JAFFNA,,NQC,10,10,NQC
COP2526-250,,MUSIC,University of Sri Jayewardenepura,KILINOCHCHI,,NQC,10,10,NQC
COP2526-250,,MUSIC,University of Sri Jayewardenepura,MANNAR,,NQC,10,10,NQC
COP2526-250,,MUSIC,University of Sri Jayewardenepura,MULLAITIVU,,NQC,10,10,NQC
COP2526-250,,MUSIC,University of Sri Jayewardenepura,VAVUNIYA,,NQC,10,10,NQC
COP2526-250,,MUSIC,University of Sri Jayewardenepura,TRINCOMALEE,,NQC,10,10,NQC
COP2526-250,,MUSIC,University of Sri Jayewardenepura,BATTICALOA,,NQC,10,10,NQC
COP2526-250,,MUSIC,University of Sri Jayewardenepura,AMPARA,,NQC,10,10,NQC
COP2526-250,,MUSIC,University of Sri Jayewardenepura,PUTTALAM,1.7258,value,10,10,1.7258
COP2526-250,,MUSIC,University of Sri Jayewardenepura,KURUNEGALA,0.2703,value,10,10,0.2703
COP2526-250,,MUSIC,University of Sri Jayewardenepura,ANURADHAPURA,0.8444,value,10,10,0.8444
COP2526-250,,MUSIC,University of Sri Jayewardenepura,POLONNARUWA,,NQC,10,10,NQC
COP2526-250,,MUSIC,University of Sri Jayewardenepura,BADULLA,0.6287,value,10,10,0.6287
COP2526-250,,MUSIC,University of Sri Jayewardenepura,MONARAGALA,,NQC,10,10,NQC
COP2526-250,,MUSIC,University of Sri Jayewardenepura,KEGALLE,1.6258,value,10,10,1.6258
COP2526-250,,MUSIC,University of Sri Jayewardenepura,RATNAPURA,0.3585,value,10,10,0.3585
COP2526-251,,MUSIC,University of the Visual & Performing Arts,COLOMBO,0.4125,value,10,11,0.4125
COP2526-251,,MUSIC,University of the Visual & Performing Arts,GAMPAHA,0.2635,value,10,11,0.2635
COP2526-251,,MUSIC,University of the Visual & Performing Arts,KALUTARA,0.5625,value,10,11,0.5625
COP2526-251,,MUSIC,University of the Visual & Performing Arts,MATALE,0.8729,value,10,11,0.8729
COP2526-251,,MUSIC,University of the Visual & Performing Arts,KANDY,0.6296,value,10,11,0.6296
COP2526-251,,MUSIC,University of the Visual & Performing Arts,NUWARA ELIYA,0.1567,value,10,11,0.1567
COP2526-251,,MUSIC,University of the Visual & Performing Arts,GALLE,0.8216,value,10,11,0.8216
COP2526-251,,MUSIC,University of the Visual & Performing Arts,MATARA,0.7274,value,10,11,0.7274
COP2526-251,,MUSIC,University of the Visual & Performing Arts,HAMBANTOTA,0.5131,value,10,11,0.5131
COP2526-251,,MUSIC,University of the Visual & Performing Arts,JAFFNA,,NQC,10,11,NQC
COP2526-251,,MUSIC,University of the Visual & Performing Arts,KILINOCHCHI,,NQC,10,11,NQC
COP2526-251,,MUSIC,University of the Visual & Performing Arts,MANNAR,,NQC,10,11,NQC
COP2526-251,,MUSIC,University of the Visual & Performing Arts,MULLAITIVU,,NQC,10,11,NQC
COP2526-251,,MUSIC,University of the Visual & Performing Arts,VAVUNIYA,,NQC,10,11,NQC
COP2526-251,,MUSIC,University of the Visual & Performing Arts,TRINCOMALEE,0.6463,value,10,11,0.6463
COP2526-251,,MUSIC,University of the Visual & Performing Arts,BATTICALOA,,NQC,10,11,NQC
COP2526-251,,MUSIC,University of the Visual & Performing Arts,AMPARA,-0.2255,value,10,11,-0.2255
COP2526-251,,MUSIC,University of the Visual & Performing Arts,PUTTALAM,0.2625,value,10,11,0.2625
COP2526-251,,MUSIC,University of the Visual & Performing Arts,KURUNEGALA,0.7031,value,10,11,0.7031
COP2526-251,,MUSIC,University of the Visual & Performing Arts,ANURADHAPURA,0.7607,value,10,11,0.7607
COP2526-251,,MUSIC,University of the Visual & Performing Arts,POLONNARUWA,0.7473,value,10,11,0.7473
COP2526-251,,MUSIC,University of the Visual & Performing Arts,BADULLA,0.6660,value,10,11,0.6660
COP2526-251,,MUSIC,University of the Visual & Performing Arts,MONARAGALA,0.4629,value,10,11,0.4629
COP2526-251,,MUSIC,University of the Visual & Performing Arts,KEGALLE,0.7858,value,10,11,0.7858
COP2526-251,,MUSIC,University of the Visual & Performing Arts,RATNAPURA,0.6911,value,10,11,0.6911
COP2526-252,,DANCE,University of the Visual & Performing Arts,COLOMBO,0.7874,value,10,12,0.7874
COP2526-252,,DANCE,University of the Visual & Performing Arts,GAMPAHA,0.5088,value,10,12,0.5088
COP2526-252,,DANCE,University of the Visual & Performing Arts,KALUTARA,0.9145,value,10,12,0.9145
COP2526-252,,DANCE,University of the Visual & Performing Arts,MATALE,0.8353,value,10,12,0.8353
COP2526-252,,DANCE,University of the Visual & Performing Arts,KANDY,0.8367,value,10,12,0.8367
COP2526-252,,DANCE,University of the Visual & Performing Arts,NUWARA ELIYA,0.6866,value,10,12,0.6866
COP2526-252,,DANCE,University of the Visual & Performing Arts,GALLE,0.5737,value,10,12,0.5737
COP2526-252,,DANCE,University of the Visual & Performing Arts,MATARA,0.9915,value,10,12,0.9915
COP2526-252,,DANCE,University of the Visual & Performing Arts,HAMBANTOTA,0.8568,value,10,12,0.8568
COP2526-252,,DANCE,University of the Visual & Performing Arts,JAFFNA,,NQC,10,12,NQC
COP2526-252,,DANCE,University of the Visual & Performing Arts,KILINOCHCHI,,NQC,10,12,NQC
COP2526-252,,DANCE,University of the Visual & Performing Arts,MANNAR,,NQC,10,12,NQC
COP2526-252,,DANCE,University of the Visual & Performing Arts,MULLAITIVU,,NQC,10,12,NQC
COP2526-252,,DANCE,University of the Visual & Performing Arts,VAVUNIYA,0.9901,value,10,12,0.9901
COP2526-252,,DANCE,University of the Visual & Performing Arts,TRINCOMALEE,0.8014,value,10,12,0.8014
COP2526-252,,DANCE,University of the Visual & Performing Arts,BATTICALOA,,NQC,10,12,NQC
COP2526-252,,DANCE,University of the Visual & Performing Arts,AMPARA,0.4277,value,10,12,0.4277
COP2526-252,,DANCE,University of the Visual & Performing Arts,PUTTALAM,0.3655,value,10,12,0.3655
COP2526-252,,DANCE,University of the Visual & Performing Arts,KURUNEGALA,0.9523,value,10,12,0.9523
COP2526-252,,DANCE,University of the Visual & Performing Arts,ANURADHAPURA,0.9061,value,10,12,0.9061
COP2526-252,,DANCE,University of the Visual & Performing Arts,POLONNARUWA,0.7905,value,10,12,0.7905
COP2526-252,,DANCE,University of the Visual & Performing Arts,BADULLA,0.5806,value,10,12,0.5806
COP2526-252,,DANCE,University of the Visual & Performing Arts,MONARAGALA,0.9693,value,10,12,0.9693
COP2526-252,,DANCE,University of the Visual & Performing Arts,KEGALLE,0.7964,value,10,12,0.7964
COP2526-252,,DANCE,University of the Visual & Performing Arts,RATNAPURA,0.9518,value,10,12,0.9518
COP2526-253,,DRAMA & THEATRE,University of the Visual & Performing Arts,COLOMBO,0.0672,value,10,13,0.0672
COP2526-253,,DRAMA & THEATRE,University of the Visual & Performing Arts,GAMPAHA,0.6517,value,10,13,0.6517
COP2526-253,,DRAMA & THEATRE,University of the Visual & Performing Arts,KALUTARA,0.8312,value,10,13,0.8312
COP2526-253,,DRAMA & THEATRE,University of the Visual & Performing Arts,MATALE,0.6765,value,10,13,0.6765
COP2526-253,,DRAMA & THEATRE,University of the Visual & Performing Arts,KANDY,0.8259,value,10,13,0.8259
COP2526-253,,DRAMA & THEATRE,University of the Visual & Performing Arts,NUWARA ELIYA,0.8078,value,10,13,0.8078
COP2526-253,,DRAMA & THEATRE,University of the Visual & Performing Arts,GALLE,0.8892,value,10,13,0.8892
COP2526-253,,DRAMA & THEATRE,University of the Visual & Performing Arts,MATARA,0.7948,value,10,13,0.7948
COP2526-253,,DRAMA & THEATRE,University of the Visual & Performing Arts,HAMBANTOTA,0.8649,value,10,13,0.8649
COP2526-253,,DRAMA & THEATRE,University of the Visual & Performing Arts,JAFFNA,,NQC,10,13,NQC
COP2526-253,,DRAMA & THEATRE,University of the Visual & Performing Arts,KILINOCHCHI,,NQC,10,13,NQC
COP2526-253,,DRAMA & THEATRE,University of the Visual & Performing Arts,MANNAR,,NQC,10,13,NQC
COP2526-253,,DRAMA & THEATRE,University of the Visual & Performing Arts,MULLAITIVU,,NQC,10,13,NQC
COP2526-253,,DRAMA & THEATRE,University of the Visual & Performing Arts,VAVUNIYA,0.7757,value,10,13,0.7757
COP2526-253,,DRAMA & THEATRE,University of the Visual & Performing Arts,TRINCOMALEE,1.1239,value,10,13,1.1239
COP2526-253,,DRAMA & THEATRE,University of the Visual & Performing Arts,BATTICALOA,,NQC,10,13,NQC
COP2526-253,,DRAMA & THEATRE,University of the Visual & Performing Arts,AMPARA,0.9268,value,10,13,0.9268
COP2526-253,,DRAMA & THEATRE,University of the Visual & Performing Arts,PUTTALAM,0.7808,value,10,13,0.7808
COP2526-253,,DRAMA & THEATRE,University of the Visual & Performing Arts,KURUNEGALA,0.8589,value,10,13,0.8589
COP2526-253,,DRAMA & THEATRE,University of the Visual & Performing Arts,ANURADHAPURA,0.9808,value,10,13,0.9808
COP2526-253,,DRAMA & THEATRE,University of the Visual & Performing Arts,POLONNARUWA,0.9580,value,10,13,0.9580
COP2526-253,,DRAMA & THEATRE,University of the Visual & Performing Arts,BADULLA,0.9098,value,10,13,0.9098
COP2526-253,,DRAMA & THEATRE,University of the Visual & Performing Arts,MONARAGALA,0.9295,value,10,13,0.9295
COP2526-253,,DRAMA & THEATRE,University of the Visual & Performing Arts,KEGALLE,0.9034,value,10,13,0.9034
COP2526-253,,DRAMA & THEATRE,University of the Visual & Performing Arts,RATNAPURA,0.9307,value,10,13,0.9307
COP2526-254,,ART & DESIGN,University of Jaffna,COLOMBO,0.1425,value,10,14,0.1425
COP2526-254,,ART & DESIGN,University of Jaffna,GAMPAHA,,NQC,10,14,NQC
COP2526-254,,ART & DESIGN,University of Jaffna,KALUTARA,,NQC,10,14,NQC
COP2526-254,,ART & DESIGN,University of Jaffna,MATALE,,NQC,10,14,NQC
COP2526-254,,ART & DESIGN,University of Jaffna,KANDY,-0.1013,value,10,14,-0.1013
COP2526-254,,ART & DESIGN,University of Jaffna,NUWARA ELIYA,0.7204,value,10,14,0.7204
COP2526-254,,ART & DESIGN,University of Jaffna,GALLE,0.0689,value,10,14,0.0689
COP2526-254,,ART & DESIGN,University of Jaffna,MATARA,,NQC,10,14,NQC
COP2526-254,,ART & DESIGN,University of Jaffna,HAMBANTOTA,,NQC,10,14,NQC
COP2526-254,,ART & DESIGN,University of Jaffna,JAFFNA,0.1360,value,10,14,0.1360
COP2526-254,,ART & DESIGN,University of Jaffna,KILINOCHCHI,0.6744,value,10,14,0.6744
COP2526-254,,ART & DESIGN,University of Jaffna,MANNAR,1.0198,value,10,14,1.0198
COP2526-254,,ART & DESIGN,University of Jaffna,MULLAITIVU,,NQC,10,14,NQC
COP2526-254,,ART & DESIGN,University of Jaffna,VAVUNIYA,,NQC,10,14,NQC
COP2526-254,,ART & DESIGN,University of Jaffna,TRINCOMALEE,-0.4005,value,10,14,-0.4005
COP2526-254,,ART & DESIGN,University of Jaffna,BATTICALOA,0.0581,value,10,14,0.0581
COP2526-254,,ART & DESIGN,University of Jaffna,AMPARA,0.5456,value,10,14,0.5456
COP2526-254,,ART & DESIGN,University of Jaffna,PUTTALAM,0.9833,value,10,14,0.9833
COP2526-254,,ART & DESIGN,University of Jaffna,KURUNEGALA,0.9439,value,10,14,0.9439
COP2526-254,,ART & DESIGN,University of Jaffna,ANURADHAPURA,0.0759,value,10,14,0.0759
COP2526-254,,ART & DESIGN,University of Jaffna,POLONNARUWA,,NQC,10,14,NQC
COP2526-254,,ART & DESIGN,University of Jaffna,BADULLA,,NQC,10,14,NQC
COP2526-254,,ART & DESIGN,University of Jaffna,MONARAGALA,0.5785,value,10,14,0.5785
COP2526-254,,ART & DESIGN,University of Jaffna,KEGALLE,0.5490,value,10,14,0.5490
COP2526-254,,ART & DESIGN,University of Jaffna,RATNAPURA,,NQC,10,14,NQC
COP2526-255,,MUSIC,University of Jaffna,COLOMBO,0.0687,value,10,15,0.0687
COP2526-255,,MUSIC,University of Jaffna,GAMPAHA,,NQC,10,15,NQC
COP2526-255,,MUSIC,University of Jaffna,KALUTARA,,NQC,10,15,NQC
COP2526-255,,MUSIC,University of Jaffna,MATALE,-0.0178,value,10,15,-0.0178
COP2526-255,,MUSIC,University of Jaffna,KANDY,-0.0386,value,10,15,-0.0386
COP2526-255,,MUSIC,University of Jaffna,NUWARA ELIYA,0.3784,value,10,15,0.3784
COP2526-255,,MUSIC,University of Jaffna,GALLE,,NQC,10,15,NQC
COP2526-255,,MUSIC,University of Jaffna,MATARA,,NQC,10,15,NQC
COP2526-255,,MUSIC,University of Jaffna,HAMBANTOTA,,NQC,10,15,NQC
COP2526-255,,MUSIC,University of Jaffna,JAFFNA,0.5982,value,10,15,0.5982
COP2526-255,,MUSIC,University of Jaffna,KILINOCHCHI,0.5828,value,10,15,0.5828
COP2526-255,,MUSIC,University of Jaffna,MANNAR,0.5345,value,10,15,0.5345
COP2526-255,,MUSIC,University of Jaffna,MULLAITIVU,0.6170,value,10,15,0.6170
COP2526-255,,MUSIC,University of Jaffna,VAVUNIYA,0.6875,value,10,15,0.6875
COP2526-255,,MUSIC,University of Jaffna,TRINCOMALEE,0.2870,value,10,15,0.2870
COP2526-255,,MUSIC,University of Jaffna,BATTICALOA,0.3717,value,10,15,0.3717
COP2526-255,,MUSIC,University of Jaffna,AMPARA,-0.1943,value,10,15,-0.1943
COP2526-255,,MUSIC,University of Jaffna,PUTTALAM,1.1306,value,10,15,1.1306
COP2526-255,,MUSIC,University of Jaffna,KURUNEGALA,,NQC,10,15,NQC
COP2526-255,,MUSIC,University of Jaffna,ANURADHAPURA,,NQC,10,15,NQC
COP2526-255,,MUSIC,University of Jaffna,POLONNARUWA,,NQC,10,15,NQC
COP2526-255,,MUSIC,University of Jaffna,BADULLA,-0.3471,value,10,15,-0.3471
COP2526-255,,MUSIC,University of Jaffna,MONARAGALA,-0.1890,value,10,15,-0.1890
COP2526-255,,MUSIC,University of Jaffna,KEGALLE,,NQC,10,15,NQC
COP2526-255,,MUSIC,University of Jaffna,RATNAPURA,0.3902,value,10,15,0.3902
COP2526-256,,DANCE,University of Jaffna,COLOMBO,-0.4477,value,10,16,-0.4477
COP2526-256,,DANCE,University of Jaffna,GAMPAHA,,NQC,10,16,NQC
COP2526-256,,DANCE,University of Jaffna,KALUTARA,-0.5461,value,10,16,-0.5461
COP2526-256,,DANCE,University of Jaffna,MATALE,,NQC,10,16,NQC
COP2526-256,,DANCE,University of Jaffna,KANDY,-0.2663,value,10,16,-0.2663
COP2526-256,,DANCE,University of Jaffna,NUWARA ELIYA,-0.3652,value,10,16,-0.3652
COP2526-256,,DANCE,University of Jaffna,GALLE,,NQC,10,16,NQC
COP2526-256,,DANCE,University of Jaffna,MATARA,,NQC,10,16,NQC
COP2526-256,,DANCE,University of Jaffna,HAMBANTOTA,,NQC,10,16,NQC
COP2526-256,,DANCE,University of Jaffna,JAFFNA,0.6202,value,10,16,0.6202
COP2526-256,,DANCE,University of Jaffna,KILINOCHCHI,0.7892,value,10,16,0.7892
COP2526-256,,DANCE,University of Jaffna,MANNAR,0.8401,value,10,16,0.8401
COP2526-256,,DANCE,University of Jaffna,MULLAITIVU,0.6620,value,10,16,0.6620
COP2526-256,,DANCE,University of Jaffna,VAVUNIYA,0.1789,value,10,16,0.1789
COP2526-256,,DANCE,University of Jaffna,TRINCOMALEE,-0.8176,value,10,16,-0.8176
COP2526-256,,DANCE,University of Jaffna,BATTICALOA,0.3892,value,10,16,0.3892
COP2526-256,,DANCE,University of Jaffna,AMPARA,-0.1420,value,10,16,-0.1420
COP2526-256,,DANCE,University of Jaffna,PUTTALAM,0.8433,value,10,16,0.8433
COP2526-256,,DANCE,University of Jaffna,KURUNEGALA,,NQC,10,16,NQC
COP2526-256,,DANCE,University of Jaffna,ANURADHAPURA,,NQC,10,16,NQC
COP2526-256,,DANCE,University of Jaffna,POLONNARUWA,,NQC,10,16,NQC
COP2526-256,,DANCE,University of Jaffna,BADULLA,,NQC,10,16,NQC
COP2526-256,,DANCE,University of Jaffna,MONARAGALA,,NQC,10,16,NQC
COP2526-256,,DANCE,University of Jaffna,KEGALLE,0.9025,value,10,16,0.9025
COP2526-256,,DANCE,University of Jaffna,RATNAPURA,-0.0998,value,10,16,-0.0998
COP2526-257,,VISUAL & TECHNOLOGICAL ARTS,Swami Vipulananda Institute of Aesthetic Studies,COLOMBO,,NQC,10,17,NQC
COP2526-257,,VISUAL & TECHNOLOGICAL ARTS,Swami Vipulananda Institute of Aesthetic Studies,GAMPAHA,0.3948,value,10,17,0.3948
COP2526-257,,VISUAL & TECHNOLOGICAL ARTS,Swami Vipulananda Institute of Aesthetic Studies,KALUTARA,,NQC,10,17,NQC
COP2526-257,,VISUAL & TECHNOLOGICAL ARTS,Swami Vipulananda Institute of Aesthetic Studies,MATALE,-0.1019,value,10,17,-0.1019
COP2526-257,,VISUAL & TECHNOLOGICAL ARTS,Swami Vipulananda Institute of Aesthetic Studies,KANDY,0.0338,value,10,17,0.0338
COP2526-257,,VISUAL & TECHNOLOGICAL ARTS,Swami Vipulananda Institute of Aesthetic Studies,NUWARA ELIYA,0.6640,value,10,17,0.6640
COP2526-257,,VISUAL & TECHNOLOGICAL ARTS,Swami Vipulananda Institute of Aesthetic Studies,GALLE,0.5079,value,10,17,0.5079
COP2526-257,,VISUAL & TECHNOLOGICAL ARTS,Swami Vipulananda Institute of Aesthetic Studies,MATARA,,NQC,10,17,NQC
COP2526-257,,VISUAL & TECHNOLOGICAL ARTS,Swami Vipulananda Institute of Aesthetic Studies,HAMBANTOTA,,NQC,10,17,NQC
COP2526-257,,VISUAL & TECHNOLOGICAL ARTS,Swami Vipulananda Institute of Aesthetic Studies,JAFFNA,-0.1699,value,10,17,-0.1699
COP2526-257,,VISUAL & TECHNOLOGICAL ARTS,Swami Vipulananda Institute of Aesthetic Studies,KILINOCHCHI,0.5864,value,10,17,0.5864
COP2526-257,,VISUAL & TECHNOLOGICAL ARTS,Swami Vipulananda Institute of Aesthetic Studies,MANNAR,0.4227,value,10,17,0.4227
COP2526-257,,VISUAL & TECHNOLOGICAL ARTS,Swami Vipulananda Institute of Aesthetic Studies,MULLAITIVU,,NQC,10,17,NQC
COP2526-257,,VISUAL & TECHNOLOGICAL ARTS,Swami Vipulananda Institute of Aesthetic Studies,VAVUNIYA,,NQC,10,17,NQC
COP2526-257,,VISUAL & TECHNOLOGICAL ARTS,Swami Vipulananda Institute of Aesthetic Studies,TRINCOMALEE,-0.3718,value,10,17,-0.3718
COP2526-257,,VISUAL & TECHNOLOGICAL ARTS,Swami Vipulananda Institute of Aesthetic Studies,BATTICALOA,-0.1532,value,10,17,-0.1532
COP2526-257,,VISUAL & TECHNOLOGICAL ARTS,Swami Vipulananda Institute of Aesthetic Studies,AMPARA,-0.6710,value,10,17,-0.6710
COP2526-257,,VISUAL & TECHNOLOGICAL ARTS,Swami Vipulananda Institute of Aesthetic Studies,PUTTALAM,0.9662,value,10,17,0.9662
COP2526-257,,VISUAL & TECHNOLOGICAL ARTS,Swami Vipulananda Institute of Aesthetic Studies,KURUNEGALA,0.8194,value,10,17,0.8194
COP2526-257,,VISUAL & TECHNOLOGICAL ARTS,Swami Vipulananda Institute of Aesthetic Studies,ANURADHAPURA,-0.0425,value,10,17,-0.0425
COP2526-257,,VISUAL & TECHNOLOGICAL ARTS,Swami Vipulananda Institute of Aesthetic Studies,POLONNARUWA,0.4486,value,10,17,0.4486
COP2526-257,,VISUAL & TECHNOLOGICAL ARTS,Swami Vipulananda Institute of Aesthetic Studies,BADULLA,0.2695,value,10,17,0.2695
COP2526-257,,VISUAL & TECHNOLOGICAL ARTS,Swami Vipulananda Institute of Aesthetic Studies,MONARAGALA,,NQC,10,17,NQC
COP2526-257,,VISUAL & TECHNOLOGICAL ARTS,Swami Vipulananda Institute of Aesthetic Studies,KEGALLE,0.0265,value,10,17,0.0265
COP2526-257,,VISUAL & TECHNOLOGICAL ARTS,Swami Vipulananda Institute of Aesthetic Studies,RATNAPURA,-0.2511,value,10,17,-0.2511
COP2526-258,,MUSIC,Swami Vipulananda Institute of Aesthetic Studies,COLOMBO,1.0697,value,10,18,1.0697
COP2526-258,,MUSIC,Swami Vipulananda Institute of Aesthetic Studies,GAMPAHA,,NQC,10,18,NQC
COP2526-258,,MUSIC,Swami Vipulananda Institute of Aesthetic Studies,KALUTARA,-0.1724,value,10,18,-0.1724
COP2526-258,,MUSIC,Swami Vipulananda Institute of Aesthetic Studies,MATALE,0.0197,value,10,18,0.0197
COP2526-258,,MUSIC,Swami Vipulananda Institute of Aesthetic Studies,KANDY,-0.0228,value,10,18,-0.0228
COP2526-258,,MUSIC,Swami Vipulananda Institute of Aesthetic Studies,NUWARA ELIYA,0.1355,value,10,18,0.1355
COP2526-258,,MUSIC,Swami Vipulananda Institute of Aesthetic Studies,GALLE,,NQC,10,18,NQC
COP2526-258,,MUSIC,Swami Vipulananda Institute of Aesthetic Studies,MATARA,,NQC,10,18,NQC
COP2526-258,,MUSIC,Swami Vipulananda Institute of Aesthetic Studies,HAMBANTOTA,,NQC,10,18,NQC
COP2526-258,,MUSIC,Swami Vipulananda Institute of Aesthetic Studies,JAFFNA,0.2617,value,10,18,0.2617
COP2526-258,,MUSIC,Swami Vipulananda Institute of Aesthetic Studies,KILINOCHCHI,0.2624,value,10,18,0.2624
COP2526-258,,MUSIC,Swami Vipulananda Institute of Aesthetic Studies,MANNAR,0.3676,value,10,18,0.3676
COP2526-258,,MUSIC,Swami Vipulananda Institute of Aesthetic Studies,MULLAITIVU,0.6051,value,10,18,0.6051
COP2526-258,,MUSIC,Swami Vipulananda Institute of Aesthetic Studies,VAVUNIYA,0.5838,value,10,18,0.5838
COP2526-258,,MUSIC,Swami Vipulananda Institute of Aesthetic Studies,TRINCOMALEE,-0.3180,value,10,18,-0.3180
COP2526-258,,MUSIC,Swami Vipulananda Institute of Aesthetic Studies,BATTICALOA,0.4802,value,10,18,0.4802
COP2526-258,,MUSIC,Swami Vipulananda Institute of Aesthetic Studies,AMPARA,0.2757,value,10,18,0.2757
COP2526-258,,MUSIC,Swami Vipulananda Institute of Aesthetic Studies,PUTTALAM,,NQC,10,18,NQC
COP2526-258,,MUSIC,Swami Vipulananda Institute of Aesthetic Studies,KURUNEGALA,,NQC,10,18,NQC
COP2526-258,,MUSIC,Swami Vipulananda Institute of Aesthetic Studies,ANURADHAPURA,,NQC,10,18,NQC
COP2526-258,,MUSIC,Swami Vipulananda Institute of Aesthetic Studies,POLONNARUWA,,NQC,10,18,NQC
COP2526-258,,MUSIC,Swami Vipulananda Institute of Aesthetic Studies,BADULLA,-0.0717,value,10,18,-0.0717
COP2526-258,,MUSIC,Swami Vipulananda Institute of Aesthetic Studies,MONARAGALA,,NQC,10,18,NQC
COP2526-258,,MUSIC,Swami Vipulananda Institute of Aesthetic Studies,KEGALLE,0.9150,value,10,18,0.9150
COP2526-258,,MUSIC,Swami Vipulananda Institute of Aesthetic Studies,RATNAPURA,0.6695,value,10,18,0.6695
COP2526-259,,DANCE,Swami Vipulananda Institute of Aesthetic Studies,COLOMBO,-0.2511,value,10,19,-0.2511
COP2526-259,,DANCE,Swami Vipulananda Institute of Aesthetic Studies,GAMPAHA,,NQC,10,19,NQC
COP2526-259,,DANCE,Swami Vipulananda Institute of Aesthetic Studies,KALUTARA,,NQC,10,19,NQC
COP2526-259,,DANCE,Swami Vipulananda Institute of Aesthetic Studies,MATALE,,NQC,10,19,NQC
COP2526-259,,DANCE,Swami Vipulananda Institute of Aesthetic Studies,KANDY,-0.6002,value,10,19,-0.6002
COP2526-259,,DANCE,Swami Vipulananda Institute of Aesthetic Studies,NUWARA ELIYA,0.1695,value,10,19,0.1695
COP2526-259,,DANCE,Swami Vipulananda Institute of Aesthetic Studies,GALLE,,NQC,10,19,NQC
COP2526-259,,DANCE,Swami Vipulananda Institute of Aesthetic Studies,MATARA,,NQC,10,19,NQC
COP2526-259,,DANCE,Swami Vipulananda Institute of Aesthetic Studies,HAMBANTOTA,,NQC,10,19,NQC
COP2526-259,,DANCE,Swami Vipulananda Institute of Aesthetic Studies,JAFFNA,-0.0083,value,10,19,-0.0083
COP2526-259,,DANCE,Swami Vipulananda Institute of Aesthetic Studies,KILINOCHCHI,0.1437,value,10,19,0.1437
COP2526-259,,DANCE,Swami Vipulananda Institute of Aesthetic Studies,MANNAR,0.0086,value,10,19,0.0086
COP2526-259,,DANCE,Swami Vipulananda Institute of Aesthetic Studies,MULLAITIVU,0.0527,value,10,19,0.0527
COP2526-259,,DANCE,Swami Vipulananda Institute of Aesthetic Studies,VAVUNIYA,-0.8505,value,10,19,-0.8505
COP2526-259,,DANCE,Swami Vipulananda Institute of Aesthetic Studies,TRINCOMALEE,-0.1943,value,10,19,-0.1943
COP2526-259,,DANCE,Swami Vipulananda Institute of Aesthetic Studies,BATTICALOA,-0.2068,value,10,19,-0.2068
COP2526-259,,DANCE,Swami Vipulananda Institute of Aesthetic Studies,AMPARA,-0.5648,value,10,19,-0.5648
COP2526-259,,DANCE,Swami Vipulananda Institute of Aesthetic Studies,PUTTALAM,,NQC,10,19,NQC
COP2526-259,,DANCE,Swami Vipulananda Institute of Aesthetic Studies,KURUNEGALA,,NQC,10,19,NQC
COP2526-259,,DANCE,Swami Vipulananda Institute of Aesthetic Studies,ANURADHAPURA,,NQC,10,19,NQC
COP2526-259,,DANCE,Swami Vipulananda Institute of Aesthetic Studies,POLONNARUWA,-0.4136,value,10,19,-0.4136
COP2526-259,,DANCE,Swami Vipulananda Institute of Aesthetic Studies,BADULLA,,NQC,10,19,NQC
COP2526-259,,DANCE,Swami Vipulananda Institute of Aesthetic Studies,MONARAGALA,,NQC,10,19,NQC
COP2526-259,,DANCE,Swami Vipulananda Institute of Aesthetic Studies,KEGALLE,,NQC,10,19,NQC
COP2526-259,,DANCE,Swami Vipulananda Institute of Aesthetic Studies,RATNAPURA,,NQC,10,19,NQC
COP2526-260,,DRAMA & THEATRE,Swami Vipulananda Institute of Aesthetic Studies,COLOMBO,0.7413,value,10,20,0.7413
COP2526-260,,DRAMA & THEATRE,Swami Vipulananda Institute of Aesthetic Studies,GAMPAHA,,NQC,10,20,NQC
COP2526-260,,DRAMA & THEATRE,Swami Vipulananda Institute of Aesthetic Studies,KALUTARA,,NQC,10,20,NQC
COP2526-260,,DRAMA & THEATRE,Swami Vipulananda Institute of Aesthetic Studies,MATALE,,NQC,10,20,NQC
COP2526-260,,DRAMA & THEATRE,Swami Vipulananda Institute of Aesthetic Studies,KANDY,0.1370,value,10,20,0.1370
COP2526-260,,DRAMA & THEATRE,Swami Vipulananda Institute of Aesthetic Studies,NUWARA ELIYA,-0.1410,value,10,20,-0.1410
COP2526-260,,DRAMA & THEATRE,Swami Vipulananda Institute of Aesthetic Studies,GALLE,,NQC,10,20,NQC
COP2526-260,,DRAMA & THEATRE,Swami Vipulananda Institute of Aesthetic Studies,MATARA,,NQC,10,20,NQC
COP2526-260,,DRAMA & THEATRE,Swami Vipulananda Institute of Aesthetic Studies,HAMBANTOTA,,NQC,10,20,NQC
COP2526-260,,DRAMA & THEATRE,Swami Vipulananda Institute of Aesthetic Studies,JAFFNA,0.6754,value,10,20,0.6754
COP2526-260,,DRAMA & THEATRE,Swami Vipulananda Institute of Aesthetic Studies,KILINOCHCHI,0.5062,value,10,20,0.5062
COP2526-260,,DRAMA & THEATRE,Swami Vipulananda Institute of Aesthetic Studies,MANNAR,0.6161,value,10,20,0.6161
COP2526-260,,DRAMA & THEATRE,Swami Vipulananda Institute of Aesthetic Studies,MULLAITIVU,0.9167,value,10,20,0.9167
COP2526-260,,DRAMA & THEATRE,Swami Vipulananda Institute of Aesthetic Studies,VAVUNIYA,0.4033,value,10,20,0.4033
COP2526-260,,DRAMA & THEATRE,Swami Vipulananda Institute of Aesthetic Studies,TRINCOMALEE,-0.3959,value,10,20,-0.3959
COP2526-260,,DRAMA & THEATRE,Swami Vipulananda Institute of Aesthetic Studies,BATTICALOA,0.8294,value,10,20,0.8294
COP2526-260,,DRAMA & THEATRE,Swami Vipulananda Institute of Aesthetic Studies,AMPARA,0.5775,value,10,20,0.5775
COP2526-260,,DRAMA & THEATRE,Swami Vipulananda Institute of Aesthetic Studies,PUTTALAM,-0.6544,value,10,20,-0.6544
COP2526-260,,DRAMA & THEATRE,Swami Vipulananda Institute of Aesthetic Studies,KURUNEGALA,,NQC,10,20,NQC
COP2526-260,,DRAMA & THEATRE,Swami Vipulananda Institute of Aesthetic Studies,ANURADHAPURA,,NQC,10,20,NQC
COP2526-260,,DRAMA & THEATRE,Swami Vipulananda Institute of Aesthetic Studies,POLONNARUWA,,NQC,10,20,NQC
COP2526-260,,DRAMA & THEATRE,Swami Vipulananda Institute of Aesthetic Studies,BADULLA,-0.0919,value,10,20,-0.0919
COP2526-260,,DRAMA & THEATRE,Swami Vipulananda Institute of Aesthetic Studies,MONARAGALA,,NQC,10,20,NQC
COP2526-260,,DRAMA & THEATRE,Swami Vipulananda Institute of Aesthetic Studies,KEGALLE,0.1539,value,10,20,0.1539
COP2526-260,,DRAMA & THEATRE,Swami Vipulananda Institute of Aesthetic Studies,RATNAPURA,-0.3340,value,10,20,-0.3340
