offering_id,course_code,course_name,university,district,cutoff_z,status,page_number,column_on_page,raw_cell
COP2324-001,,MEDICINE,University of Colombo,COLOMBO,2.3700,value,3,1,2.3700
COP2324-001,,MEDICINE,University of Colombo,GAMPAHA,2.3700,value,3,1,2.3700
COP2324-001,,MEDICINE,University of Colombo,KALUTARA,2.3809,value,3,1,2.3809
COP2324-001,,MEDICINE,University of Colombo,MATALE,2.4415,value,3,1,2.4415
COP2324-001,,MEDICINE,University of Colombo,KANDY,2.5094,value,3,1,2.5094
COP2324-001,,MEDICINE,University of Colombo,NUWARA ELIYA,2.8086,value,3,1,2.8086
COP2324-001,,MEDICINE,University of Colombo,GALLE,2.3865,value,3,1,2.3865
COP2324-001,,MEDICINE,University of Colombo,MATARA,2.3706,value,3,1,2.3706
COP2324-001,,MEDICINE,University of Colombo,HAMBANTOTA,2.4802,value,3,1,2.4802
COP2324-001,,MEDICINE,University of Colombo,JAFFNA,2.3703,value,3,1,2.3703
COP2324-001,,MEDICINE,University of Colombo,KILINOCHCHI,2.4962,value,3,1,2.4962
COP2324-001,,MEDICINE,University of Colombo,MANNAR,2.5270,value,3,1,2.5270
COP2324-001,,MEDICINE,University of Colombo,MULLAITIVU,,NQC,3,1,NQC
COP2324-001,,MEDICINE,University of Colombo,VAVUNIYA,2.8227,value,3,1,2.8227
COP2324-001,,MEDICINE,University of Colombo,TRINCOMALEE,2.4790,value,3,1,2.4790
COP2324-001,,MEDICINE,University of Colombo,BATTICALOA,2.4312,value,3,1,2.4312
COP2324-001,,MEDICINE,University of Colombo,AMPARA,2.3849,value,3,1,2.3849
COP2324-001,,MEDICINE,University of Colombo,PUTTALAM,2.3803,value,3,1,2.3803
COP2324-001,,MEDICINE,University of Colombo,KURUNEGALA,2.4158,value,3,1,2.4158
COP2324-001,,MEDICINE,University of Colombo,ANURADHAPURA,2.3780,value,3,1,2.3780
COP2324-001,,MEDICINE,University of Colombo,POLONNARUWA,2.5831,value,3,1,2.5831
COP2324-001,,MEDICINE,University of Colombo,BADULLA,2.4412,value,3,1,2.4412
COP2324-001,,MEDICINE,University of Colombo,MONARAGALA,2.4569,value,3,1,2.4569
COP2324-001,,MEDICINE,University of Colombo,KEGALLE,2.3907,value,3,1,2.3907
COP2324-001,,MEDICINE,University of Colombo,RATNAPURA,2.3844,value,3,1,2.3844
COP2324-002,,MEDICINE,University of Peradeniya,COLOMBO,2.1625,value,3,2,2.1625
COP2324-002,,MEDICINE,University of Peradeniya,GAMPAHA,2.1812,value,3,2,2.1812
COP2324-002,,MEDICINE,University of Peradeniya,KALUTARA,2.1587,value,3,2,2.1587
COP2324-002,,MEDICINE,University of Peradeniya,MATALE,2.1817,value,3,2,2.1817
COP2324-002,,MEDICINE,University of Peradeniya,KANDY,2.1565,value,3,2,2.1565
COP2324-002,,MEDICINE,University of Peradeniya,NUWARA ELIYA,2.2153,value,3,2,2.2153
COP2324-002,,MEDICINE,University of Peradeniya,GALLE,2.2065,value,3,2,2.2065
COP2324-002,,MEDICINE,University of Peradeniya,MATARA,2.2008,value,3,2,2.2008
COP2324-002,,MEDICINE,University of Peradeniya,HAMBANTOTA,2.1781,value,3,2,2.1781
COP2324-002,,MEDICINE,University of Peradeniya,JAFFNA,2.1833,value,3,2,2.1833
COP2324-002,,MEDICINE,University of Peradeniya,KILINOCHCHI,2.2201,value,3,2,2.2201
COP2324-002,,MEDICINE,University of Peradeniya,MANNAR,,NQC,3,2,NQC
COP2324-002,,MEDICINE,University of Peradeniya,MULLAITIVU,2.2856,value,3,2,2.2856
COP2324-002,,MEDICINE,University of Peradeniya,VAVUNIYA,2.2010,value,3,2,2.2010
COP2324-002,,MEDICINE,University of Peradeniya,TRINCOMALEE,2.3520,value,3,2,2.3520
COP2324-002,,MEDICINE,University of Peradeniya,BATTICALOA,2.1799,value,3,2,2.1799
COP2324-002,,MEDICINE,University of Peradeniya,AMPARA,2.1581,value,3,2,2.1581
COP2324-002,,MEDICINE,University of Peradeniya,PUTTALAM,2.1963,value,3,2,2.1963
COP2324-002,,MEDICINE,University of Peradeniya,KURUNEGALA,2.1617,value,3,2,2.1617
COP2324-002,,MEDICINE,University of Peradeniya,ANURADHAPURA,2.1629,value,3,2,2.1629
COP2324-002,,MEDICINE,University of Peradeniya,POLONNARUWA,2.1597,value,3,2,2.1597
COP2324-002,,MEDICINE,University of Peradeniya,BADULLA,2.1757,value,3,2,2.1757
COP2324-002,,MEDICINE,University of Peradeniya,MONARAGALA,2.1588,value,3,2,2.1588
COP2324-002,,MEDICINE,University of Peradeniya,KEGALLE,2.1918,value,3,2,2.1918
COP2324-002,,MEDICINE,University of Peradeniya,RATNAPURA,2.1706,value,3,2,2.1706
COP2324-003,,MEDICINE,University of Sri Jayewardenepura,COLOMBO,2.0988,value,3,3,2.0988
COP2324-003,,MEDICINE,University of Sri Jayewardenepura,GAMPAHA,2.1131,value,3,3,2.1131
COP2324-003,,MEDICINE,University of Sri Jayewardenepura,KALUTARA,2.1097,value,3,3,2.1097
COP2324-003,,MEDICINE,University of Sri Jayewardenepura,MATALE,2.1280,value,3,3,2.1280
COP2324-003,,MEDICINE,University of Sri Jayewardenepura,KANDY,2.1104,value,3,3,2.1104
COP2324-003,,MEDICINE,University of Sri Jayewardenepura,NUWARA ELIYA,2.1047,value,3,3,2.1047
COP2324-003,,MEDICINE,University of Sri Jayewardenepura,GALLE,2.1309,value,3,3,2.1309
COP2324-003,,MEDICINE,University of Sri Jayewardenepura,MATARA,2.1027,value,3,3,2.1027
COP2324-003,,MEDICINE,University of Sri Jayewardenepura,HAMBANTOTA,2.1135,value,3,3,2.1135
COP2324-003,,MEDICINE,University of Sri Jayewardenepura,JAFFNA,2.0997,value,3,3,2.0997
COP2324-003,,MEDICINE,University of Sri Jayewardenepura,KILINOCHCHI,2.1309,value,3,3,2.1309
COP2324-003,,MEDICINE,University of Sri Jayewardenepura,MANNAR,,NQC,3,3,NQC
COP2324-003,,MEDICINE,University of Sri Jayewardenepura,MULLAITIVU,,NQC,3,3,NQC
COP2324-003,,MEDICINE,University of Sri Jayewardenepura,VAVUNIYA,2.1173,value,3,3,2.1173
COP2324-003,,MEDICINE,University of Sri Jayewardenepura,TRINCOMALEE,2.1310,value,3,3,2.1310
COP2324-003,,MEDICINE,University of Sri Jayewardenepura,BATTICALOA,2.1062,value,3,3,2.1062
COP2324-003,,MEDICINE,University of Sri Jayewardenepura,AMPARA,2.1248,value,3,3,2.1248
COP2324-003,,MEDICINE,University of Sri Jayewardenepura,PUTTALAM,,NQC,3,3,NQC
COP2324-003,,MEDICINE,University of Sri Jayewardenepura,KURUNEGALA,2.1019,value,3,3,2.1019
COP2324-003,,MEDICINE,University of Sri Jayewardenepura,ANURADHAPURA,2.1186,value,3,3,2.1186
COP2324-003,,MEDICINE,University of Sri Jayewardenepura,POLONNARUWA,,NQC,3,3,NQC
COP2324-003,,MEDICINE,University of Sri Jayewardenepura,BADULLA,2.1252,value,3,3,2.1252
COP2324-003,,MEDICINE,University of Sri Jayewardenepura,MONARAGALA,,NQC,3,3,NQC
COP2324-003,,MEDICINE,University of Sri Jayewardenepura,KEGALLE,2.1411,value,3,3,2.1411
COP2324-003,,MEDICINE,University of Sri Jayewardenepura,RATNAPURA,2.1103,value,3,3,2.1103
COP2324-004,,MEDICINE,University of Kelaniya,COLOMBO,2.0028,value,3,4,2.0028
COP2324-004,,MEDICINE,University of Kelaniya,GAMPAHA,2.0126,value,3,4,2.0126
COP2324-004,,MEDICINE,University of Kelaniya,KALUTARA,2.0369,value,3,4,2.0369
COP2324-004,,MEDICINE,University of Kelaniya,MATALE,2.0614,value,3,4,2.0614
COP2324-004,,MEDICINE,University of Kelaniya,KANDY,2.0099,value,3,4,2.0099
COP2324-004,,MEDICINE,University of Kelaniya,NUWARA ELIYA,2.0245,value,3,4,2.0245
COP2324-004,,MEDICINE,University of Kelaniya,GALLE,2.0245,value,3,4,2.0245
COP2324-004,,MEDICINE,University of Kelaniya,MATARA,2.0192,value,3,4,2.0192
COP2324-004,,MEDICINE,University of Kelaniya,HAMBANTOTA,2.0058,value,3,4,2.0058
COP2324-004,,MEDICINE,University of Kelaniya,JAFFNA,,NQC,3,4,NQC
COP2324-004,,MEDICINE,University of Kelaniya,KILINOCHCHI,,NQC,3,4,NQC
COP2324-004,,MEDICINE,University of Kelaniya,MANNAR,2.0257,value,3,4,2.0257
COP2324-004,,MEDICINE,University of Kelaniya,MULLAITIVU,,NQC,3,4,NQC
COP2324-004,,MEDICINE,University of Kelaniya,VAVUNIYA,2.0332,value,3,4,2.0332
COP2324-004,,MEDICINE,University of Kelaniya,TRINCOMALEE,2.0224,value,3,4,2.0224
COP2324-004,,MEDICINE,University of Kelaniya,BATTICALOA,2.0032,value,3,4,2.0032
COP2324-004,,MEDICINE,University of Kelaniya,AMPARA,2.0228,value,3,4,2.0228
COP2324-004,,MEDICINE,University of Kelaniya,PUTTALAM,2.0144,value,3,4,2.0144
COP2324-004,,MEDICINE,University of Kelaniya,KURUNEGALA,2.0102,value,3,4,2.0102
COP2324-004,,MEDICINE,University of Kelaniya,ANURADHAPURA,2.0074,value,3,4,2.0074
COP2324-004,,MEDICINE,University of Kelaniya,POLONNARUWA,,NQC,3,4,NQC
COP2324-004,,MEDICINE,University of Kelaniya,BADULLA,2.0055,value,3,4,2.0055
COP2324-004,,MEDICINE,University of Kelaniya,MONARAGALA,2.0111,value,3,4,2.0111
COP2324-004,,MEDICINE,University of Kelaniya,KEGALLE,2.0100,value,3,4,2.0100
COP2324-004,,MEDICINE,University of Kelaniya,RATNAPURA,2.0135,value,3,4,2.0135
COP2324-005,,MEDICINE,University of Jaffna,COLOMBO,1.8877,value,3,5,1.8877
COP2324-005,,MEDICINE,University of Jaffna,GAMPAHA,1.6662,value,3,5,1.6662
COP2324-005,,MEDICINE,University of Jaffna,KALUTARA,1.7774,value,3,5,1.7774
COP2324-005,,MEDICINE,University of Jaffna,MATALE,1.6734,value,3,5,1.6734
COP2324-005,,MEDICINE,University of Jaffna,KANDY,1.7799,value,3,5,1.7799
COP2324-005,,MEDICINE,University of Jaffna,NUWARA ELIYA,1.6672,value,3,5,1.6672
COP2324-005,,MEDICINE,University of Jaffna,GALLE,1.8412,value,3,5,1.8412
COP2324-005,,MEDICINE,University of Jaffna,MATARA,,NQC,3,5,NQC
COP2324-005,,MEDICINE,University of Jaffna,HAMBANTOTA,,NQC,3,5,NQC
COP2324-005,,MEDICINE,University of Jaffna,JAFFNA,1.8577,value,3,5,1.8577
COP2324-005,,MEDICINE,University of Jaffna,KILINOCHCHI,1.6691,value,3,5,1.6691
COP2324-005,,MEDICINE,University of Jaffna,MANNAR,1.7713,value,3,5,1.7713
COP2324-005,,MEDICINE,University of Jaffna,MULLAITIVU,1.7482,value,3,5,1.7482
COP2324-005,,MEDICINE,University of Jaffna,VAVUNIYA,1.6830,value,3,5,1.6830
COP2324-005,,MEDICINE,University of Jaffna,TRINCOMALEE,1.6618,value,3,5,1.6618
COP2324-005,,MEDICINE,University of Jaffna,BATTICALOA,1.7804,value,3,5,1.7804
COP2324-005,,MEDICINE,University of Jaffna,AMPARA,1.7666,value,3,5,1.7666
COP2324-005,,MEDICINE,University of Jaffna,PUTTALAM,1.6752,value,3,5,1.6752
COP2324-005,,MEDICINE,University of Jaffna,KURUNEGALA,1.7814,value,3,5,1.7814
COP2324-005,,MEDICINE,University of Jaffna,ANURADHAPURA,1.6667,value,3,5,1.6667
COP2324-005,,MEDICINE,University of Jaffna,POLONNARUWA,1.7126,value,3,5,1.7126
COP2324-005,,MEDICINE,University of Jaffna,BADULLA,1.6683,value,3,5,1.6683
COP2324-005,,MEDICINE,University of Jaffna,MONARAGALA,1.6892,value,3,5,1.6892
COP2324-005,,MEDICINE,University of Jaffna,KEGALLE,1.7179,value,3,5,1.7179
COP2324-005,,MEDICINE,University of Jaffna,RATNAPURA,,NQC,3,5,NQC
COP2324-006,,MEDICINE,University of Ruhuna,COLOMBO,1.9245,value,3,6,1.9245
COP2324-006,,MEDICINE,University of Ruhuna,GAMPAHA,1.9237,value,3,6,1.9237
COP2324-006,,MEDICINE,University of Ruhuna,KALUTARA,1.9223,value,3,6,1.9223
COP2324-006,,MEDICINE,University of Ruhuna,MATALE,1.9830,value,3,6,1.9830
COP2324-006,,MEDICINE,University of Ruhuna,KANDY,1.9235,value,3,6,1.9235
COP2324-006,,MEDICINE,University of Ruhuna,NUWARA ELIYA,1.9304,value,3,6,1.9304
COP2324-006,,MEDICINE,University of Ruhuna,GALLE,1.9231,value,3,6,1.9231
COP2324-006,,MEDICINE,University of Ruhuna,MATARA,1.9309,value,3,6,1.9309
COP2324-006,,MEDICINE,University of Ruhuna,HAMBANTOTA,1.9215,value,3,6,1.9215
COP2324-006,,MEDICINE,University of Ruhuna,JAFFNA,,NQC,3,6,NQC
COP2324-006,,MEDICINE,University of Ruhuna,KILINOCHCHI,,NQC,3,6,NQC
COP2324-006,,MEDICINE,University of Ruhuna,MANNAR,1.9247,value,3,6,1.9247
COP2324-006,,MEDICINE,University of Ruhuna,MULLAITIVU,,NQC,3,6,NQC
COP2324-006,,MEDICINE,University of Ruhuna,VAVUNIYA,,NQC,3,6,NQC
COP2324-006,,MEDICINE,University of Ruhuna,TRINCOMALEE,1.9666,value,3,6,1.9666
COP2324-006,,MEDICINE,University of Ruhuna,BATTICALOA,1.9269,value,3,6,1.9269
COP2324-006,,MEDICINE,University of Ruhuna,AMPARA,1.9349,value,3,6,1.9349
COP2324-006,,MEDICINE,University of Ruhuna,PUTTALAM,1.9549,value,3,6,1.9549
COP2324-006,,MEDICINE,University of Ruhuna,KURUNEGALA,1.9247,value,3,6,1.9247
COP2324-006,,MEDICINE,University of Ruhuna,ANURADHAPURA,1.9247,value,3,6,1.9247
COP2324-006,,MEDICINE,University of Ruhuna,POLONNARUWA,1.9507,value,3,6,1.9507
COP2324-006,,MEDICINE,University of Ruhuna,BADULLA,1.9236,value,3,6,1.9236
COP2324-006,,MEDICINE,University of Ruhuna,MONARAGALA,1.9839,value,3,6,1.9839
COP2324-006,,MEDICINE,University of Ruhuna,KEGALLE,1.9223,value,3,6,1.9223
COP2324-006,,MEDICINE,University of Ruhuna,RATNAPURA,1.9227,value,3,6,1.9227
COP2324-007,,MEDICINE,University of Moratuwa,COLOMBO,1.8762,value,3,7,1.8762
COP2324-007,,MEDICINE,University of Moratuwa,GAMPAHA,1.8568,value,3,7,1.8568
COP2324-007,,MEDICINE,University of Moratuwa,KALUTARA,1.8544,value,3,7,1.8544
COP2324-007,,MEDICINE,University of Moratuwa,MATALE,1.8715,value,3,7,1.8715
COP2324-007,,MEDICINE,University of Moratuwa,KANDY,1.8770,value,3,7,1.8770
COP2324-007,,MEDICINE,University of Moratuwa,NUWARA ELIYA,,NQC,3,7,NQC
COP2324-007,,MEDICINE,University of Moratuwa,GALLE,1.8515,value,3,7,1.8515
COP2324-007,,MEDICINE,University of Moratuwa,MATARA,1.8480,value,3,7,1.8480
COP2324-007,,MEDICINE,University of Moratuwa,HAMBANTOTA,1.8685,value,3,7,1.8685
COP2324-007,,MEDICINE,University of Moratuwa,JAFFNA,1.8575,value,3,7,1.8575
COP2324-007,,MEDICINE,University of Moratuwa,KILINOCHCHI,,NQC,3,7,NQC
COP2324-007,,MEDICINE,University of Moratuwa,MANNAR,,NQC,3,7,NQC
COP2324-007,,MEDICINE,University of Moratuwa,MULLAITIVU,,NQC,3,7,NQC
COP2324-007,,MEDICINE,University of Moratuwa,VAVUNIYA,,NQC,3,7,NQC
COP2324-007,,MEDICINE,University of Moratuwa,TRINCOMALEE,,NQC,3,7,NQC
COP2324-007,,MEDICINE,University of Moratuwa,BATTICALOA,1.8874,value,3,7,1.8874
COP2324-007,,MEDICINE,University of Moratuwa,AMPARA,1.8505,value,3,7,1.8505
COP2324-007,,MEDICINE,University of Moratuwa,PUTTALAM,1.8622,value,3,7,1.8622
COP2324-007,,MEDICINE,University of Moratuwa,KURUNEGALA,1.8531,value,3,7,1.8531
COP2324-007,,MEDICINE,University of Moratuwa,ANURADHAPURA,,NQC,3,7,NQC
COP2324-007,,MEDICINE,University of Moratuwa,POLONNARUWA,,NQC,3,7,NQC
COP2324-007,,MEDICINE,University of Moratuwa,BADULLA,,NQC,3,7,NQC
COP2324-007,,MEDICINE,University of Moratuwa,MONARAGALA,,NQC,3,7,NQC
COP2324-007,,MEDICINE,University of Moratuwa,KEGALLE,,NQC,3,7,NQC
COP2324-007,,MEDICINE,University of Moratuwa,RATNAPURA,1.8802,value,3,7,1.8802
COP2324-008,,MEDICINE,"Eastern University, Sri Lanka",COLOMBO,,NQC,3,8,NQC
COP2324-008,,MEDICINE,"Eastern University, Sri Lanka",GAMPAHA,,NQC,3,8,NQC
COP2324-008,,MEDICINE,"Eastern University, Sri Lanka",KALUTARA,,NQC,3,8,NQC
COP2324-008,,MEDICINE,"Eastern University, Sri Lanka",MATALE,1.5776,value,3,8,1.5776
COP2324-008,,MEDICINE,"Eastern University, Sri Lanka",KANDY,,NQC,3,8,NQC
COP2324-008,,MEDICINE,"Eastern University, Sri Lanka",NUWARA ELIYA,1.5163,value,3,8,1.5163
COP2324-008,,MEDICINE,"Eastern University, Sri Lanka",GALLE,,NQC,3,8,NQC
COP2324-008,,MEDICINE,"Eastern University, Sri Lanka",MATARA,,NQC,3,8,NQC
COP2324-008,,MEDICINE,"Eastern University, Sri Lanka",HAMBANTOTA,1.8131,value,3,8,1.8131
COP2324-008,,MEDICINE,"Eastern University, Sri Lanka",JAFFNA,,NQC,3,8,NQC
COP2324-008,,MEDICINE,"Eastern University, Sri Lanka",KILINOCHCHI,1.5516,value,3,8,1.5516
COP2324-008,,MEDICINE,"Eastern University, Sri Lanka",MANNAR,,NQC,3,8,NQC
COP2324-008,,MEDICINE,"Eastern University, Sri Lanka",MULLAITIVU,,NQC,3,8,NQC
COP2324-008,,MEDICINE,"Eastern University, Sri Lanka",VAVUNIYA,1.6524,value,3,8,1.6524
COP2324-008,,MEDICINE,"Eastern University, Sri Lanka",TRINCOMALEE,1.6025,value,3,8,1.6025
COP2324-008,,MEDICINE,"Eastern University, Sri Lanka",BATTICALOA,1.7744,value,3,8,1.7744
COP2324-008,,MEDICINE,"Eastern University, Sri Lanka",AMPARA,1.7123,value,3,8,1.7123
COP2324-008,,MEDICINE,"Eastern University, Sri Lanka",PUTTALAM,1.6202,value,3,8,1.6202
COP2324-008,,MEDICINE,"Eastern University, Sri Lanka",KURUNEGALA,,NQC,3,8,NQC
COP2324-008,,MEDICINE,"Eastern University, Sri Lanka",ANURADHAPURA,1.5275,value,3,8,1.5275
COP2324-008,,MEDICINE,"Eastern University, Sri Lanka",POLONNARUWA,1.4926,value,3,8,1.4926
COP2324-008,,MEDICINE,"Eastern University, Sri Lanka",BADULLA,1.5883,value,3,8,1.5883
COP2324-008,,MEDICINE,"Eastern University, Sri Lanka",MONARAGALA,1.6298,value,3,8,1.6298
COP2324-008,,MEDICINE,"Eastern University, Sri Lanka",KEGALLE,,NQC,3,8,NQC
COP2324-008,,MEDICINE,"Eastern University, Sri Lanka",RATNAPURA,,NQC,3,8,NQC
COP2324-009,,MEDICINE,Rajarata University of Sri Lanka,COLOMBO,1.8962,value,3,9,1.8962
COP2324-009,,MEDICINE,Rajarata University of Sri Lanka,GAMPAHA,1.8191,value,3,9,1.8191
COP2324-009,,MEDICINE,Rajarata University of Sri Lanka,KALUTARA,1.8267,value,3,9,1.8267
COP2324-009,,MEDICINE,Rajarata University of Sri Lanka,MATALE,1.8212,value,3,9,1.8212
COP2324-009,,MEDICINE,Rajarata University of Sri Lanka,KANDY,1.8167,value,3,9,1.8167
COP2324-009,,MEDICINE,Rajarata University of Sri Lanka,NUWARA ELIYA,1.8889,value,3,9,1.8889
COP2324-009,,MEDICINE,Rajarata University of Sri Lanka,GALLE,1.8160,value,3,9,1.8160
COP2324-009,,MEDICINE,Rajarata University of Sri Lanka,MATARA,1.8311,value,3,9,1.8311
COP2324-009,,MEDICINE,Rajarata University of Sri Lanka,HAMBANTOTA,1.8201,value,3,9,1.8201
COP2324-009,,MEDICINE,Rajarata University of Sri Lanka,JAFFNA,,NQC,3,9,NQC
COP2324-009,,MEDICINE,Rajarata University of Sri Lanka,KILINOCHCHI,,NQC,3,9,NQC
COP2324-009,,MEDICINE,Rajarata University of Sri Lanka,MANNAR,1.8663,value,3,9,1.8663
COP2324-009,,MEDICINE,Rajarata University of Sri Lanka,MULLAITIVU,,NQC,3,9,NQC
COP2324-009,,MEDICINE,Rajarata University of Sri Lanka,VAVUNIYA,,NQC,3,9,NQC
COP2324-009,,MEDICINE,Rajarata University of Sri Lanka,TRINCOMALEE,1.8384,value,3,9,1.8384
COP2324-009,,MEDICINE,Rajarata University of Sri Lanka,BATTICALOA,1.8472,value,3,9,1.8472
COP2324-009,,MEDICINE,Rajarata University of Sri Lanka,AMPARA,1.8292,value,3,9,1.8292
COP2324-009,,MEDICINE,Rajarata University of Sri Lanka,PUTTALAM,1.8232,value,3,9,1.8232
COP2324-009,,MEDICINE,Rajarata University of Sri Lanka,KURUNEGALA,1.8190,value,3,9,1.8190
COP2324-009,,MEDICINE,Rajarata University of Sri Lanka,ANURADHAPURA,1.8314,value,3,9,1.8314
COP2324-009,,MEDICINE,Rajarata University of Sri Lanka,POLONNARUWA,1.8190,value,3,9,1.8190
COP2324-009,,MEDICINE,Rajarata University of Sri Lanka,BADULLA,1.8738,value,3,9,1.8738
COP2324-009,,MEDICINE,Rajarata University of Sri Lanka,MONARAGALA,1.8289,value,3,9,1.8289
COP2324-009,,MEDICINE,Rajarata University of Sri Lanka,KEGALLE,1.8169,value,3,9,1.8169
COP2324-009,,MEDICINE,Rajarata University of Sri Lanka,RATNAPURA,1.8227,value,3,9,1.8227
COP2324-010,,MEDICINE,Sabaragamuwa University of Sri Lanka,COLOMBO,1.9197,value,3,10,1.9197
COP2324-010,,MEDICINE,Sabaragamuwa University of Sri Lanka,GAMPAHA,1.6464,value,3,10,1.6464
COP2324-010,,MEDICINE,Sabaragamuwa University of Sri Lanka,KALUTARA,1.7836,value,3,10,1.7836
COP2324-010,,MEDICINE,Sabaragamuwa University of Sri Lanka,MATALE,,NQC,3,10,NQC
COP2324-010,,MEDICINE,Sabaragamuwa University of Sri Lanka,KANDY,1.7997,value,3,10,1.7997
COP2324-010,,MEDICINE,Sabaragamuwa University of Sri Lanka,NUWARA ELIYA,1.8137,value,3,10,1.8137
COP2324-010,,MEDICINE,Sabaragamuwa University of Sri Lanka,GALLE,1.8096,value,3,10,1.8096
COP2324-010,,MEDICINE,Sabaragamuwa University of Sri Lanka,MATARA,1.8474,value,3,10,1.8474
COP2324-010,,MEDICINE,Sabaragamuwa University of Sri Lanka,HAMBANTOTA,1.8005,value,3,10,1.8005
COP2324-010,,MEDICINE,Sabaragamuwa University of Sri Lanka,JAFFNA,,NQC,3,10,NQC
COP2324-010,,MEDICINE,Sabaragamuwa University of Sri Lanka,KILINOCHCHI,,NQC,3,10,NQC
COP2324-010,,MEDICINE,Sabaragamuwa University of Sri Lanka,MANNAR,1.7839,value,3,10,1.7839
COP2324-010,,MEDICINE,Sabaragamuwa University of Sri Lanka,MULLAITIVU,,NQC,3,10,NQC
COP2324-010,,MEDICINE,Sabaragamuwa University of Sri Lanka,VAVUNIYA,,NQC,3,10,NQC
COP2324-010,,MEDICINE,Sabaragamuwa University of Sri Lanka,TRINCOMALEE,,NQC,3,10,NQC
COP2324-010,,MEDICINE,Sabaragamuwa University of Sri Lanka,BATTICALOA,,NQC,3,10,NQC
COP2324-010,,MEDICINE,Sabaragamuwa University of Sri Lanka,AMPARA,1.7166,value,3,10,1.7166
COP2324-010,,MEDICINE,Sabaragamuwa University of Sri Lanka,PUTTALAM,1.6485,value,3,10,1.6485
COP2324-010,,MEDICINE,Sabaragamuwa University of Sri Lanka,KURUNEGALA,,NQC,3,10,NQC
COP2324-010,,MEDICINE,Sabaragamuwa University of Sri Lanka,ANURADHAPURA,,NQC,3,10,NQC
COP2324-010,,MEDICINE,Sabaragamuwa University of Sri Lanka,POLONNARUWA,,NQC,3,10,NQC
COP2324-010,,MEDICINE,Sabaragamuwa University of Sri Lanka,BADULLA,1.6579,value,3,10,1.6579
COP2324-010,,MEDICINE,Sabaragamuwa University of Sri Lanka,MONARAGALA,1.6480,value,3,10,1.6480
COP2324-010,,MEDICINE,Sabaragamuwa University of Sri Lanka,KEGALLE,1.7361,value,3,10,1.7361
COP2324-010,,MEDICINE,Sabaragamuwa University of Sri Lanka,RATNAPURA,1.7692,value,3,10,1.7692
COP2324-011,,MEDICINE,Wayamba University of Sri Lanka,COLOMBO,1.9044,value,3,11,1.9044
COP2324-011,,MEDICINE,Wayamba University of Sri Lanka,GAMPAHA,1.6996,value,3,11,1.6996
COP2324-011,,MEDICINE,Wayamba University of Sri Lanka,KALUTARA,1.7756,value,3,11,1.7756
COP2324-011,,MEDICINE,Wayamba University of Sri Lanka,MATALE,1.7569,value,3,11,1.7569
COP2324-011,,MEDICINE,Wayamba University of Sri Lanka,KANDY,1.7781,value,3,11,1.7781
COP2324-011,,MEDICINE,Wayamba University of Sri Lanka,NUWARA ELIYA,1.6996,value,3,11,1.6996
COP2324-011,,MEDICINE,Wayamba University of Sri Lanka,GALLE,1.8069,value,3,11,1.8069
COP2324-011,,MEDICINE,Wayamba University of Sri Lanka,MATARA,1.8335,value,3,11,1.8335
COP2324-011,,MEDICINE,Wayamba University of Sri Lanka,HAMBANTOTA,,NQC,3,11,NQC
COP2324-011,,MEDICINE,Wayamba University of Sri Lanka,JAFFNA,,NQC,3,11,NQC
COP2324-011,,MEDICINE,Wayamba University of Sri Lanka,KILINOCHCHI,,NQC,3,11,NQC
COP2324-011,,MEDICINE,Wayamba University of Sri Lanka,MANNAR,,NQC,3,11,NQC
COP2324-011,,MEDICINE,Wayamba University of Sri Lanka,MULLAITIVU,,NQC,3,11,NQC
COP2324-011,,MEDICINE,Wayamba University of Sri Lanka,VAVUNIYA,,NQC,3,11,NQC
COP2324-011,,MEDICINE,Wayamba University of Sri Lanka,TRINCOMALEE,1.7627,value,3,11,1.7627
COP2324-011,,MEDICINE,Wayamba University of Sri Lanka,BATTICALOA,1.7908,value,3,11,1.7908
COP2324-011,,MEDICINE,Wayamba University of Sri Lanka,AMPARA,1.7127,value,3,11,1.7127
COP2324-011,,MEDICINE,Wayamba University of Sri Lanka,PUTTALAM,1.7082,value,3,11,1.7082
COP2324-011,,MEDICINE,Wayamba University of Sri Lanka,KURUNEGALA,1.7781,value,3,11,1.7781
COP2324-011,,MEDICINE,Wayamba University of Sri Lanka,ANURADHAPURA,1.7018,value,3,11,1.7018
COP2324-011,,MEDICINE,Wayamba University of Sri Lanka,POLONNARUWA,1.7466,value,3,11,1.7466
COP2324-011,,MEDICINE,Wayamba University of Sri Lanka,BADULLA,,NQC,3,11,NQC
COP2324-011,,MEDICINE,Wayamba University of Sri Lanka,MONARAGALA,1.7704,value,3,11,1.7704
COP2324-011,,MEDICINE,Wayamba University of Sri Lanka,KEGALLE,1.7225,value,3,11,1.7225
COP2324-011,,MEDICINE,Wayamba University of Sri Lanka,RATNAPURA,1.8032,value,3,11,1.8032
COP2324-012,,MEDICINE,Uva Wellassa University of Sri Lanka,COLOMBO,,NQC,3,12,NQC
COP2324-012,,MEDICINE,Uva Wellassa University of Sri Lanka,GAMPAHA,1.6454,value,3,12,1.6454
COP2324-012,,MEDICINE,Uva Wellassa University of Sri Lanka,KALUTARA,,NQC,3,12,NQC
COP2324-012,,MEDICINE,Uva Wellassa University of Sri Lanka,MATALE,,NQC,3,12,NQC
COP2324-012,,MEDICINE,Uva Wellassa University of Sri Lanka,KANDY,,NQC,3,12,NQC
COP2324-012,,MEDICINE,Uva Wellassa University of Sri Lanka,NUWARA ELIYA,1.5375,value,3,12,1.5375
COP2324-012,,MEDICINE,Uva Wellassa University of Sri Lanka,GALLE,,NQC,3,12,NQC
COP2324-012,,MEDICINE,Uva Wellassa University of Sri Lanka,MATARA,,NQC,3,12,NQC
COP2324-012,,MEDICINE,Uva Wellassa University of Sri Lanka,HAMBANTOTA,,NQC,3,12,NQC
COP2324-012,,MEDICINE,Uva Wellassa University of Sri Lanka,JAFFNA,,NQC,3,12,NQC
COP2324-012,,MEDICINE,Uva Wellassa University of Sri Lanka,KILINOCHCHI,,NQC,3,12,NQC
COP2324-012,,MEDICINE,Uva Wellassa University of Sri Lanka,MANNAR,,NQC,3,12,NQC
COP2324-012,,MEDICINE,Uva Wellassa University of Sri Lanka,MULLAITIVU,,NQC,3,12,NQC
COP2324-012,,MEDICINE,Uva Wellassa University of Sri Lanka,VAVUNIYA,1.6583,value,3,12,1.6583
COP2324-012,,MEDICINE,Uva Wellassa University of Sri Lanka,TRINCOMALEE,1.6207,value,3,12,1.6207
COP2324-012,,MEDICINE,Uva Wellassa University of Sri Lanka,BATTICALOA,,NQC,3,12,NQC
COP2324-012,,MEDICINE,Uva Wellassa University of Sri Lanka,AMPARA,1.8055,value,3,12,1.8055
COP2324-012,,MEDICINE,Uva Wellassa University of Sri Lanka,PUTTALAM,,NQC,3,12,NQC
COP2324-012,,MEDICINE,Uva Wellassa University of Sri Lanka,KURUNEGALA,,NQC,3,12,NQC
COP2324-012,,MEDICINE,Uva Wellassa University of Sri Lanka,ANURADHAPURA,1.5373,value,3,12,1.5373
COP2324-012,,MEDICINE,Uva Wellassa University of Sri Lanka,POLONNARUWA,1.4761,value,3,12,1.4761
COP2324-012,,MEDICINE,Uva Wellassa University of Sri Lanka,BADULLA,1.5978,value,3,12,1.5978
COP2324-012,,MEDICINE,Uva Wellassa University of Sri Lanka,MONARAGALA,,NQC,3,12,NQC
COP2324-012,,MEDICINE,Uva Wellassa University of Sri Lanka,KEGALLE,,NQC,3,12,NQC
COP2324-012,,MEDICINE,Uva Wellassa University of Sri Lanka,RATNAPURA,1.8222,value,3,12,1.8222
COP2324-013,,DENTAL SURGERY,University of Peradeniya,COLOMBO,1.8054,value,3,13,1.8054
COP2324-013,,DENTAL SURGERY,University of Peradeniya,GAMPAHA,1.6256,value,3,13,1.6256
COP2324-013,,DENTAL SURGERY,University of Peradeniya,KALUTARA,1.7634,value,3,13,1.7634
COP2324-013,,DENTAL SURGERY,University of Peradeniya,MATALE,1.5707,value,3,13,1.5707
COP2324-013,,DENTAL SURGERY,University of Peradeniya,KANDY,1.7681,value,3,13,1.7681
COP2324-013,,DENTAL SURGERY,University of Peradeniya,NUWARA ELIYA,1.4818,value,3,13,1.4818
COP2324-013,,DENTAL SURGERY,University of Peradeniya,GALLE,1.7994,value,3,13,1.7994
COP2324-013,,DENTAL SURGERY,University of Peradeniya,MATARA,1.8153,value,3,13,1.8153
COP2324-013,,DENTAL SURGERY,University of Peradeniya,HAMBANTOTA,1.7901,value,3,13,1.7901
COP2324-013,,DENTAL SURGERY,University of Peradeniya,JAFFNA,1.8172,value,3,13,1.8172
COP2324-013,,DENTAL SURGERY,University of Peradeniya,KILINOCHCHI,1.5495,value,3,13,1.5495
COP2324-013,,DENTAL SURGERY,University of Peradeniya,MANNAR,1.7265,value,3,13,1.7265
COP2324-013,,DENTAL SURGERY,University of Peradeniya,MULLAITIVU,1.7468,value,3,13,1.7468
COP2324-013,,DENTAL SURGERY,University of Peradeniya,VAVUNIYA,1.6004,value,3,13,1.6004
COP2324-013,,DENTAL SURGERY,University of Peradeniya,TRINCOMALEE,1.5760,value,3,13,1.5760
COP2324-013,,DENTAL SURGERY,University of Peradeniya,BATTICALOA,1.7318,value,3,13,1.7318
COP2324-013,,DENTAL SURGERY,University of Peradeniya,AMPARA,1.7001,value,3,13,1.7001
COP2324-013,,DENTAL SURGERY,University of Peradeniya,PUTTALAM,1.6062,value,3,13,1.6062
COP2324-013,,DENTAL SURGERY,University of Peradeniya,KURUNEGALA,1.7717,value,3,13,1.7717
COP2324-013,,DENTAL SURGERY,University of Peradeniya,ANURADHAPURA,1.5122,value,3,13,1.5122
COP2324-013,,DENTAL SURGERY,University of Peradeniya,POLONNARUWA,1.4402,value,3,13,1.4402
COP2324-013,,DENTAL SURGERY,University of Peradeniya,BADULLA,1.5754,value,3,13,1.5754
COP2324-013,,DENTAL SURGERY,University of Peradeniya,MONARAGALA,,NQC,3,13,NQC
COP2324-013,,DENTAL SURGERY,University of Peradeniya,KEGALLE,1.7085,value,3,13,1.7085
COP2324-013,,DENTAL SURGERY,University of Peradeniya,RATNAPURA,1.7599,value,3,13,1.7599
COP2324-014,,DENTAL SURGERY,University of Sri Jayewardenepura,COLOMBO,1.8026,value,3,14,1.8026
COP2324-014,,DENTAL SURGERY,University of Sri Jayewardenepura,GAMPAHA,1.6260,value,3,14,1.6260
COP2324-014,,DENTAL SURGERY,University of Sri Jayewardenepura,KALUTARA,,NQC,3,14,NQC
COP2324-014,,DENTAL SURGERY,University of Sri Jayewardenepura,MATALE,1.5718,value,3,14,1.5718
COP2324-014,,DENTAL SURGERY,University of Sri Jayewardenepura,KANDY,,NQC,3,14,NQC
COP2324-014,,DENTAL SURGERY,University of Sri Jayewardenepura,NUWARA ELIYA,1.5162,value,3,14,1.5162
COP2324-014,,DENTAL SURGERY,University of Sri Jayewardenepura,GALLE,,NQC,3,14,NQC
COP2324-014,,DENTAL SURGERY,University of Sri Jayewardenepura,MATARA,,NQC,3,14,NQC
COP2324-014,,DENTAL SURGERY,University of Sri Jayewardenepura,HAMBANTOTA,1.7935,value,3,14,1.7935
COP2324-014,,DENTAL SURGERY,University of Sri Jayewardenepura,JAFFNA,,NQC,3,14,NQC
COP2324-014,,DENTAL SURGERY,University of Sri Jayewardenepura,KILINOCHCHI,,NQC,3,14,NQC
COP2324-014,,DENTAL SURGERY,University of Sri Jayewardenepura,MANNAR,,NQC,3,14,NQC
COP2324-014,,DENTAL SURGERY,University of Sri Jayewardenepura,MULLAITIVU,,NQC,3,14,NQC
COP2324-014,,DENTAL SURGERY,University of Sri Jayewardenepura,VAVUNIYA,,NQC,3,14,NQC
COP2324-014,,DENTAL SURGERY,University of Sri Jayewardenepura,TRINCOMALEE,,NQC,3,14,NQC
COP2324-014,,DENTAL SURGERY,University of Sri Jayewardenepura,BATTICALOA,,NQC,3,14,NQC
COP2324-014,,DENTAL SURGERY,University of Sri Jayewardenepura,AMPARA,1.7053,value,3,14,1.7053
COP2324-014,,DENTAL SURGERY,University of Sri Jayewardenepura,PUTTALAM,,NQC,3,14,NQC
COP2324-014,,DENTAL SURGERY,University of Sri Jayewardenepura,KURUNEGALA,,NQC,3,14,NQC
COP2324-014,,DENTAL SURGERY,University of Sri Jayewardenepura,ANURADHAPURA,,NQC,3,14,NQC
COP2324-014,,DENTAL SURGERY,University of Sri Jayewardenepura,POLONNARUWA,,NQC,3,14,NQC
COP2324-014,,DENTAL SURGERY,University of Sri Jayewardenepura,BADULLA,,NQC,3,14,NQC
COP2324-014,,DENTAL SURGERY,University of Sri Jayewardenepura,MONARAGALA,1.5915,value,3,14,1.5915
COP2324-014,,DENTAL SURGERY,University of Sri Jayewardenepura,KEGALLE,,NQC,3,14,NQC
COP2324-014,,DENTAL SURGERY,University of Sri Jayewardenepura,RATNAPURA,,NQC,3,14,NQC
COP2324-015,,VETERINARY SCIENCE,University of Peradeniya,COLOMBO,1.7247,value,3,15,1.7247
COP2324-015,,VETERINARY SCIENCE,University of Peradeniya,GAMPAHA,1.6125,value,3,15,1.6125
COP2324-015,,VETERINARY SCIENCE,University of Peradeniya,KALUTARA,1.7223,value,3,15,1.7223
COP2324-015,,VETERINARY SCIENCE,University of Peradeniya,MATALE,1.5366,value,3,15,1.5366
COP2324-015,,VETERINARY SCIENCE,University of Peradeniya,KANDY,1.7313,value,3,15,1.7313
COP2324-015,,VETERINARY SCIENCE,University of Peradeniya,NUWARA ELIYA,1.4285,value,3,15,1.4285
COP2324-015,,VETERINARY SCIENCE,University of Peradeniya,GALLE,1.7260,value,3,15,1.7260
COP2324-015,,VETERINARY SCIENCE,University of Peradeniya,MATARA,1.7242,value,3,15,1.7242
COP2324-015,,VETERINARY SCIENCE,University of Peradeniya,HAMBANTOTA,1.7326,value,3,15,1.7326
COP2324-015,,VETERINARY SCIENCE,University of Peradeniya,JAFFNA,1.6952,value,3,15,1.6952
COP2324-015,,VETERINARY SCIENCE,University of Peradeniya,KILINOCHCHI,1.4931,value,3,15,1.4931
COP2324-015,,VETERINARY SCIENCE,University of Peradeniya,MANNAR,1.5327,value,3,15,1.5327
COP2324-015,,VETERINARY SCIENCE,University of Peradeniya,MULLAITIVU,1.6663,value,3,15,1.6663
COP2324-015,,VETERINARY SCIENCE,University of Peradeniya,VAVUNIYA,1.5914,value,3,15,1.5914
COP2324-015,,VETERINARY SCIENCE,University of Peradeniya,TRINCOMALEE,1.5560,value,3,15,1.5560
COP2324-015,,VETERINARY SCIENCE,University of Peradeniya,BATTICALOA,1.6891,value,3,15,1.6891
COP2324-015,,VETERINARY SCIENCE,University of Peradeniya,AMPARA,1.6939,value,3,15,1.6939
COP2324-015,,VETERINARY SCIENCE,University of Peradeniya,PUTTALAM,1.5833,value,3,15,1.5833
COP2324-015,,VETERINARY SCIENCE,University of Peradeniya,KURUNEGALA,1.7261,value,3,15,1.7261
COP2324-015,,VETERINARY SCIENCE,University of Peradeniya,ANURADHAPURA,1.4768,value,3,15,1.4768
COP2324-015,,VETERINARY SCIENCE,University of Peradeniya,POLONNARUWA,1.4252,value,3,15,1.4252
COP2324-015,,VETERINARY SCIENCE,University of Peradeniya,BADULLA,1.5625,value,3,15,1.5625
COP2324-015,,VETERINARY SCIENCE,University of Peradeniya,MONARAGALA,1.5838,value,3,15,1.5838
COP2324-015,,VETERINARY SCIENCE,University of Peradeniya,KEGALLE,1.6219,value,3,15,1.6219
COP2324-015,,VETERINARY SCIENCE,University of Peradeniya,RATNAPURA,1.7215,value,3,15,1.7215
COP2324-016,,BIOCHEMISTRY & MOLECULAR BIOLOGY,University of Colombo,COLOMBO,1.7665,value,3,16,1.7665
COP2324-016,,BIOCHEMISTRY & MOLECULAR BIOLOGY,University of Colombo,GAMPAHA,1.6023,value,3,16,1.6023
COP2324-016,,BIOCHEMISTRY & MOLECULAR BIOLOGY,University of Colombo,KALUTARA,1.7503,value,3,16,1.7503
COP2324-016,,BIOCHEMISTRY & MOLECULAR BIOLOGY,University of Colombo,MATALE,1.5604,value,3,16,1.5604
COP2324-016,,BIOCHEMISTRY & MOLECULAR BIOLOGY,University of Colombo,KANDY,1.7251,value,3,16,1.7251
COP2324-016,,BIOCHEMISTRY & MOLECULAR BIOLOGY,University of Colombo,NUWARA ELIYA,1.4099,value,3,16,1.4099
COP2324-016,,BIOCHEMISTRY & MOLECULAR BIOLOGY,University of Colombo,GALLE,1.7503,value,3,16,1.7503
COP2324-016,,BIOCHEMISTRY & MOLECULAR BIOLOGY,University of Colombo,MATARA,1.7529,value,3,16,1.7529
COP2324-016,,BIOCHEMISTRY & MOLECULAR BIOLOGY,University of Colombo,HAMBANTOTA,1.7249,value,3,16,1.7249
COP2324-016,,BIOCHEMISTRY & MOLECULAR BIOLOGY,University of Colombo,JAFFNA,1.7634,value,3,16,1.7634
COP2324-016,,BIOCHEMISTRY & MOLECULAR BIOLOGY,University of Colombo,KILINOCHCHI,1.5195,value,3,16,1.5195
COP2324-016,,BIOCHEMISTRY & MOLECULAR BIOLOGY,University of Colombo,MANNAR,1.5308,value,3,16,1.5308
COP2324-016,,BIOCHEMISTRY & MOLECULAR BIOLOGY,University of Colombo,MULLAITIVU,1.6304,value,3,16,1.6304
COP2324-016,,BIOCHEMISTRY & MOLECULAR BIOLOGY,University of Colombo,VAVUNIYA,1.5381,value,3,16,1.5381
COP2324-016,,BIOCHEMISTRY & MOLECULAR BIOLOGY,University of Colombo,TRINCOMALEE,1.5367,value,3,16,1.5367
COP2324-016,,BIOCHEMISTRY & MOLECULAR BIOLOGY,University of Colombo,BATTICALOA,1.6925,value,3,16,1.6925
COP2324-016,,BIOCHEMISTRY & MOLECULAR BIOLOGY,University of Colombo,AMPARA,1.6829,value,3,16,1.6829
COP2324-016,,BIOCHEMISTRY & MOLECULAR BIOLOGY,University of Colombo,PUTTALAM,1.5805,value,3,16,1.5805
COP2324-016,,BIOCHEMISTRY & MOLECULAR BIOLOGY,University of Colombo,KURUNEGALA,1.7474,value,3,16,1.7474
COP2324-016,,BIOCHEMISTRY & MOLECULAR BIOLOGY,University of Colombo,ANURADHAPURA,1.4769,value,3,16,1.4769
COP2324-016,,BIOCHEMISTRY & MOLECULAR BIOLOGY,University of Colombo,POLONNARUWA,1.5102,value,3,16,1.5102
COP2324-016,,BIOCHEMISTRY & MOLECULAR BIOLOGY,University of Colombo,BADULLA,1.5401,value,3,16,1.5401
COP2324-016,,BIOCHEMISTRY & MOLECULAR BIOLOGY,University of Colombo,MONARAGALA,1.5623,value,3,16,1.5623
COP2324-016,,BIOCHEMISTRY & MOLECULAR BIOLOGY,University of Colombo,KEGALLE,1.6748,value,3,16,1.6748
COP2324-016,,BIOCHEMISTRY & MOLECULAR BIOLOGY,University of Colombo,RATNAPURA,1.7379,value,3,16,1.7379
COP2324-017,,AGRICULTURAL TECHNOLOGY & MANAGEMENT,University of Peradeniya,COLOMBO,1.2144,value,3,17,1.2144
COP2324-017,,AGRICULTURAL TECHNOLOGY & MANAGEMENT,University of Peradeniya,GAMPAHA,1.2549,value,3,17,1.2549
COP2324-017,,AGRICULTURAL TECHNOLOGY & MANAGEMENT,University of Peradeniya,KALUTARA,1.2933,value,3,17,1.2933
COP2324-017,,AGRICULTURAL TECHNOLOGY & MANAGEMENT,University of Peradeniya,MATALE,1.2716,value,3,17,1.2716
COP2324-017,,AGRICULTURAL TECHNOLOGY & MANAGEMENT,University of Peradeniya,KANDY,1.3015,value,3,17,1.3015
COP2324-017,,AGRICULTURAL TECHNOLOGY & MANAGEMENT,University of Peradeniya,NUWARA ELIYA,1.2419,value,3,17,1.2419
COP2324-017,,AGRICULTURAL TECHNOLOGY & MANAGEMENT,University of Peradeniya,GALLE,1.2977,value,3,17,1.2977
COP2324-017,,AGRICULTURAL TECHNOLOGY & MANAGEMENT,University of Peradeniya,MATARA,1.3005,value,3,17,1.3005
COP2324-017,,AGRICULTURAL TECHNOLOGY & MANAGEMENT,University of Peradeniya,HAMBANTOTA,1.3405,value,3,17,1.3405
COP2324-017,,AGRICULTURAL TECHNOLOGY & MANAGEMENT,University of Peradeniya,JAFFNA,1.2388,value,3,17,1.2388
COP2324-017,,AGRICULTURAL TECHNOLOGY & MANAGEMENT,University of Peradeniya,KILINOCHCHI,1.0787,value,3,17,1.0787
COP2324-017,,AGRICULTURAL TECHNOLOGY & MANAGEMENT,University of Peradeniya,MANNAR,0.8058,value,3,17,0.8058
COP2324-017,,AGRICULTURAL TECHNOLOGY & MANAGEMENT,University of Peradeniya,MULLAITIVU,1.1665,value,3,17,1.1665
COP2324-017,,AGRICULTURAL TECHNOLOGY & MANAGEMENT,University of Peradeniya,VAVUNIYA,1.1781,value,3,17,1.1781
COP2324-017,,AGRICULTURAL TECHNOLOGY & MANAGEMENT,University of Peradeniya,TRINCOMALEE,1.2275,value,3,17,1.2275
COP2324-017,,AGRICULTURAL TECHNOLOGY & MANAGEMENT,University of Peradeniya,BATTICALOA,1.2514,value,3,17,1.2514
COP2324-017,,AGRICULTURAL TECHNOLOGY & MANAGEMENT,University of Peradeniya,AMPARA,1.2573,value,3,17,1.2573
COP2324-017,,AGRICULTURAL TECHNOLOGY & MANAGEMENT,University of Peradeniya,PUTTALAM,1.2954,value,3,17,1.2954
COP2324-017,,AGRICULTURAL TECHNOLOGY & MANAGEMENT,University of Peradeniya,KURUNEGALA,1.3021,value,3,17,1.3021
COP2324-017,,AGRICULTURAL TECHNOLOGY & MANAGEMENT,University of Peradeniya,ANURADHAPURA,1.3180,value,3,17,1.3180
COP2324-017,,AGRICULTURAL TECHNOLOGY & MANAGEMENT,University of Peradeniya,POLONNARUWA,1.1868,value,3,17,1.1868
COP2324-017,,AGRICULTURAL TECHNOLOGY & MANAGEMENT,University of Peradeniya,BADULLA,1.2550,value,3,17,1.2550
COP2324-017,,AGRICULTURAL TECHNOLOGY & MANAGEMENT,University of Peradeniya,MONARAGALA,1.2812,value,3,17,1.2812
COP2324-017,,AGRICULTURAL TECHNOLOGY & MANAGEMENT,University of Peradeniya,KEGALLE,1.3604,value,3,17,1.3604
COP2324-017,,AGRICULTURAL TECHNOLOGY & MANAGEMENT,University of Peradeniya,RATNAPURA,1.3026,value,3,17,1.3026
COP2324-018,,AGRICULTURE,University of Jaffna,COLOMBO,0.6275,value,3,18,0.6275
COP2324-018,,AGRICULTURE,University of Jaffna,GAMPAHA,0.6256,value,3,18,0.6256
COP2324-018,,AGRICULTURE,University of Jaffna,KALUTARA,0.7552,value,3,18,0.7552
COP2324-018,,AGRICULTURE,University of Jaffna,MATALE,0.6740,value,3,18,0.6740
COP2324-018,,AGRICULTURE,University of Jaffna,KANDY,0.7413,value,3,18,0.7413
COP2324-018,,AGRICULTURE,University of Jaffna,NUWARA ELIYA,0.6278,value,3,18,0.6278
COP2324-018,,AGRICULTURE,University of Jaffna,GALLE,0.7800,value,3,18,0.7800
COP2324-018,,AGRICULTURE,University of Jaffna,MATARA,0.9050,value,3,18,0.9050
COP2324-018,,AGRICULTURE,University of Jaffna,HAMBANTOTA,0.7266,value,3,18,0.7266
COP2324-018,,AGRICULTURE,University of Jaffna,JAFFNA,0.7086,value,3,18,0.7086
COP2324-018,,AGRICULTURE,University of Jaffna,KILINOCHCHI,0.6708,value,3,18,0.6708
COP2324-018,,AGRICULTURE,University of Jaffna,MANNAR,0.7067,value,3,18,0.7067
COP2324-018,,AGRICULTURE,University of Jaffna,MULLAITIVU,0.6300,value,3,18,0.6300
COP2324-018,,AGRICULTURE,University of Jaffna,VAVUNIYA,0.7011,value,3,18,0.7011
COP2324-018,,AGRICULTURE,University of Jaffna,TRINCOMALEE,0.6326,value,3,18,0.6326
COP2324-018,,AGRICULTURE,University of Jaffna,BATTICALOA,0.6463,value,3,18,0.6463
COP2324-018,,AGRICULTURE,University of Jaffna,AMPARA,0.7096,value,3,18,0.7096
COP2324-018,,AGRICULTURE,University of Jaffna,PUTTALAM,0.6497,value,3,18,0.6497
COP2324-018,,AGRICULTURE,University of Jaffna,KURUNEGALA,0.7292,value,3,18,0.7292
COP2324-018,,AGRICULTURE,University of Jaffna,ANURADHAPURA,0.6351,value,3,18,0.6351
COP2324-018,,AGRICULTURE,University of Jaffna,POLONNARUWA,0.6345,value,3,18,0.6345
COP2324-018,,AGRICULTURE,University of Jaffna,BADULLA,0.7045,value,3,18,0.7045
COP2324-018,,AGRICULTURE,University of Jaffna,MONARAGALA,0.7015,value,3,18,0.7015
COP2324-018,,AGRICULTURE,University of Jaffna,KEGALLE,0.7747,value,3,18,0.7747
COP2324-018,,AGRICULTURE,University of Jaffna,RATNAPURA,0.6513,value,3,18,0.6513
COP2324-019,,AGRICULTURE,"Eastern University, Sri Lanka",COLOMBO,0.6210,value,3,19,0.6210
COP2324-019,,AGRICULTURE,"Eastern University, Sri Lanka",GAMPAHA,0.5565,value,3,19,0.5565
COP2324-019,,AGRICULTURE,"Eastern University, Sri Lanka",KALUTARA,0.7524,value,3,19,0.7524
COP2324-019,,AGRICULTURE,"Eastern University, Sri Lanka",MATALE,0.6606,value,3,19,0.6606
COP2324-019,,AGRICULTURE,"Eastern University, Sri Lanka",KANDY,0.8715,value,3,19,0.8715
COP2324-019,,AGRICULTURE,"Eastern University, Sri Lanka",NUWARA ELIYA,0.4572,value,3,19,0.4572
COP2324-019,,AGRICULTURE,"Eastern University, Sri Lanka",GALLE,0.7131,value,3,19,0.7131
COP2324-019,,AGRICULTURE,"Eastern University, Sri Lanka",MATARA,0.7314,value,3,19,0.7314
COP2324-019,,AGRICULTURE,"Eastern University, Sri Lanka",HAMBANTOTA,0.7527,value,3,19,0.7527
COP2324-019,,AGRICULTURE,"Eastern University, Sri Lanka",JAFFNA,,NQC,3,19,NQC
COP2324-019,,AGRICULTURE,"Eastern University, Sri Lanka",KILINOCHCHI,,NQC,3,19,NQC
COP2324-019,,AGRICULTURE,"Eastern University, Sri Lanka",MANNAR,,NQC,3,19,NQC
COP2324-019,,AGRICULTURE,"Eastern University, Sri Lanka",MULLAITIVU,0.5403,value,3,19,0.5403
COP2324-019,,AGRICULTURE,"Eastern University, Sri Lanka",VAVUNIYA,0.6000,value,3,19,0.6000
COP2324-019,,AGRICULTURE,"Eastern University, Sri Lanka",TRINCOMALEE,0.5485,value,3,19,0.5485
COP2324-019,,AGRICULTURE,"Eastern University, Sri Lanka",BATTICALOA,0.6522,value,3,19,0.6522
COP2324-019,,AGRICULTURE,"Eastern University, Sri Lanka",AMPARA,0.6938,value,3,19,0.6938
COP2324-019,,AGRICULTURE,"Eastern University, Sri Lanka",PUTTALAM,0.4993,value,3,19,0.4993
COP2324-019,,AGRICULTURE,"Eastern University, Sri Lanka",KURUNEGALA,0.8474,value,3,19,0.8474
COP2324-019,,AGRICULTURE,"Eastern University, Sri Lanka",ANURADHAPURA,0.6020,value,3,19,0.6020
COP2324-019,,AGRICULTURE,"Eastern University, Sri Lanka",POLONNARUWA,0.4731,value,3,19,0.4731
COP2324-019,,AGRICULTURE,"Eastern University, Sri Lanka",BADULLA,0.7081,value,3,19,0.7081
COP2324-019,,AGRICULTURE,"Eastern University, Sri Lanka",MONARAGALA,1.5712,value,3,19,1.5712
COP2324-019,,AGRICULTURE,"Eastern University, Sri Lanka",KEGALLE,0.7774,value,3,19,0.7774
COP2324-019,,AGRICULTURE,"Eastern University, Sri Lanka",RATNAPURA,0.6494,value,3,19,0.6494
COP2324-020,,AGRICULTURE,Rajarata University of Sri Lanka,COLOMBO,0.7526,value,3,20,0.7526
COP2324-020,,AGRICULTURE,Rajarata University of Sri Lanka,GAMPAHA,0.7532,value,3,20,0.7532
COP2324-020,,AGRICULTURE,Rajarata University of Sri Lanka,KALUTARA,0.7490,value,3,20,0.7490
COP2324-020,,AGRICULTURE,Rajarata University of Sri Lanka,MATALE,0.7496,value,3,20,0.7496
COP2324-020,,AGRICULTURE,Rajarata University of Sri Lanka,KANDY,0.7486,value,3,20,0.7486
COP2324-020,,AGRICULTURE,Rajarata University of Sri Lanka,NUWARA ELIYA,0.7535,value,3,20,0.7535
COP2324-020,,AGRICULTURE,Rajarata University of Sri Lanka,GALLE,0.7453,value,3,20,0.7453
COP2324-020,,AGRICULTURE,Rajarata University of Sri Lanka,MATARA,0.7472,value,3,20,0.7472
COP2324-020,,AGRICULTURE,Rajarata University of Sri Lanka,HAMBANTOTA,0.7473,value,3,20,0.7473
COP2324-020,,AGRICULTURE,Rajarata University of Sri Lanka,JAFFNA,0.7724,value,3,20,0.7724
COP2324-020,,AGRICULTURE,Rajarata University of Sri Lanka,KILINOCHCHI,0.7443,value,3,20,0.7443
COP2324-020,,AGRICULTURE,Rajarata University of Sri Lanka,MANNAR,,NQC,3,20,NQC
COP2324-020,,AGRICULTURE,Rajarata University of Sri Lanka,MULLAITIVU,,NQC,3,20,NQC
COP2324-020,,AGRICULTURE,Rajarata University of Sri Lanka,VAVUNIYA,0.7617,value,3,20,0.7617
COP2324-020,,AGRICULTURE,Rajarata University of Sri Lanka,TRINCOMALEE,,NQC,3,20,NQC
COP2324-020,,AGRICULTURE,Rajarata University of Sri Lanka,BATTICALOA,,NQC,3,20,NQC
COP2324-020,,AGRICULTURE,Rajarata University of Sri Lanka,AMPARA,,NQC,3,20,NQC
COP2324-020,,AGRICULTURE,Rajarata University of Sri Lanka,PUTTALAM,0.7512,value,3,20,0.7512
COP2324-020,,AGRICULTURE,Rajarata University of Sri Lanka,KURUNEGALA,0.7426,value,3,20,0.7426
COP2324-020,,AGRICULTURE,Rajarata University of Sri Lanka,ANURADHAPURA,0.7815,value,3,20,0.7815
COP2324-020,,AGRICULTURE,Rajarata University of Sri Lanka,POLONNARUWA,0.9336,value,3,20,0.9336
COP2324-020,,AGRICULTURE,Rajarata University of Sri Lanka,BADULLA,0.7514,value,3,20,0.7514
COP2324-020,,AGRICULTURE,Rajarata University of Sri Lanka,MONARAGALA,0.7436,value,3,20,0.7436
COP2324-020,,AGRICULTURE,Rajarata University of Sri Lanka,KEGALLE,0.7741,value,3,20,0.7741
COP2324-020,,AGRICULTURE,Rajarata University of Sri Lanka,RATNAPURA,0.7760,value,3,20,0.7760
COP2324-021,,AGRICULTURE,Sabaragamuwa University of Sri Lanka,COLOMBO,0.7890,value,3,21,0.7890
COP2324-021,,AGRICULTURE,Sabaragamuwa University of Sri Lanka,GAMPAHA,0.7928,value,3,21,0.7928
COP2324-021,,AGRICULTURE,Sabaragamuwa University of Sri Lanka,KALUTARA,0.7895,value,3,21,0.7895
COP2324-021,,AGRICULTURE,Sabaragamuwa University of Sri Lanka,MATALE,0.8637,value,3,21,0.8637
COP2324-021,,AGRICULTURE,Sabaragamuwa University of Sri Lanka,KANDY,0.8281,value,3,21,0.8281
COP2324-021,,AGRICULTURE,Sabaragamuwa University of Sri Lanka,NUWARA ELIYA,0.8645,value,3,21,0.8645
COP2324-021,,AGRICULTURE,Sabaragamuwa University of Sri Lanka,GALLE,0.7935,value,3,21,0.7935
COP2324-021,,AGRICULTURE,Sabaragamuwa University of Sri Lanka,MATARA,0.8047,value,3,21,0.8047
COP2324-021,,AGRICULTURE,Sabaragamuwa University of Sri Lanka,HAMBANTOTA,0.7940,value,3,21,0.7940
COP2324-021,,AGRICULTURE,Sabaragamuwa University of Sri Lanka,JAFFNA,0.9733,value,3,21,0.9733
COP2324-021,,AGRICULTURE,Sabaragamuwa University of Sri Lanka,KILINOCHCHI,,NQC,3,21,NQC
COP2324-021,,AGRICULTURE,Sabaragamuwa University of Sri Lanka,MANNAR,,NQC,3,21,NQC
COP2324-021,,AGRICULTURE,Sabaragamuwa University of Sri Lanka,MULLAITIVU,,NQC,3,21,NQC
COP2324-021,,AGRICULTURE,Sabaragamuwa University of Sri Lanka,VAVUNIYA,,NQC,3,21,NQC
COP2324-021,,AGRICULTURE,Sabaragamuwa University of Sri Lanka,TRINCOMALEE,0.8232,value,3,21,0.8232
COP2324-021,,AGRICULTURE,Sabaragamuwa University of Sri Lanka,BATTICALOA,0.8645,value,3,21,0.8645
COP2324-021,,AGRICULTURE,Sabaragamuwa University of Sri Lanka,AMPARA,0.7908,value,3,21,0.7908
COP2324-021,,AGRICULTURE,Sabaragamuwa University of Sri Lanka,PUTTALAM,0.8353,value,3,21,0.8353
COP2324-021,,AGRICULTURE,Sabaragamuwa University of Sri Lanka,KURUNEGALA,0.8405,value,3,21,0.8405
COP2324-021,,AGRICULTURE,Sabaragamuwa University of Sri Lanka,ANURADHAPURA,0.8091,value,3,21,0.8091
COP2324-021,,AGRICULTURE,Sabaragamuwa University of Sri Lanka,POLONNARUWA,0.8402,value,3,21,0.8402
COP2324-021,,AGRICULTURE,Sabaragamuwa University of Sri Lanka,BADULLA,0.8187,value,3,21,0.8187
COP2324-021,,AGRICULTURE,Sabaragamuwa University of Sri Lanka,MONARAGALA,1.0616,value,3,21,1.0616
COP2324-021,,AGRICULTURE,Sabaragamuwa University of Sri Lanka,KEGALLE,0.7953,value,3,21,0.7953
COP2324-021,,AGRICULTURE,Sabaragamuwa University of Sri Lanka,RATNAPURA,0.7917,value,3,21,0.7917
COP2324-022,,AGRICULTURE,Wayamba University of Sri Lanka,COLOMBO,0.6925,value,3,22,0.6925
COP2324-022,,AGRICULTURE,Wayamba University of Sri Lanka,GAMPAHA,0.6960,value,3,22,0.6960
COP2324-022,,AGRICULTURE,Wayamba University of Sri Lanka,KALUTARA,0.7505,value,3,22,0.7505
COP2324-022,,AGRICULTURE,Wayamba University of Sri Lanka,MATALE,0.6976,value,3,22,0.6976
COP2324-022,,AGRICULTURE,Wayamba University of Sri Lanka,KANDY,0.7344,value,3,22,0.7344
COP2324-022,,AGRICULTURE,Wayamba University of Sri Lanka,NUWARA ELIYA,0.6937,value,3,22,0.6937
COP2324-022,,AGRICULTURE,Wayamba University of Sri Lanka,GALLE,0.7172,value,3,22,0.7172
COP2324-022,,AGRICULTURE,Wayamba University of Sri Lanka,MATARA,0.7227,value,3,22,0.7227
COP2324-022,,AGRICULTURE,Wayamba University of Sri Lanka,HAMBANTOTA,0.7215,value,3,22,0.7215
COP2324-022,,AGRICULTURE,Wayamba University of Sri Lanka,JAFFNA,0.8416,value,3,22,0.8416
COP2324-022,,AGRICULTURE,Wayamba University of Sri Lanka,KILINOCHCHI,,NQC,3,22,NQC
COP2324-022,,AGRICULTURE,Wayamba University of Sri Lanka,MANNAR,0.7427,value,3,22,0.7427
COP2324-022,,AGRICULTURE,Wayamba University of Sri Lanka,MULLAITIVU,,NQC,3,22,NQC
COP2324-022,,AGRICULTURE,Wayamba University of Sri Lanka,VAVUNIYA,1.0410,value,3,22,1.0410
COP2324-022,,AGRICULTURE,Wayamba University of Sri Lanka,TRINCOMALEE,0.7235,value,3,22,0.7235
COP2324-022,,AGRICULTURE,Wayamba University of Sri Lanka,BATTICALOA,0.7400,value,3,22,0.7400
COP2324-022,,AGRICULTURE,Wayamba University of Sri Lanka,AMPARA,0.7042,value,3,22,0.7042
COP2324-022,,AGRICULTURE,Wayamba University of Sri Lanka,PUTTALAM,0.6934,value,3,22,0.6934
COP2324-022,,AGRICULTURE,Wayamba University of Sri Lanka,KURUNEGALA,0.7334,value,3,22,0.7334
COP2324-022,,AGRICULTURE,Wayamba University of Sri Lanka,ANURADHAPURA,0.7115,value,3,22,0.7115
COP2324-022,,AGRICULTURE,Wayamba University of Sri Lanka,POLONNARUWA,0.7583,value,3,22,0.7583
COP2324-022,,AGRICULTURE,Wayamba University of Sri Lanka,BADULLA,0.7005,value,3,22,0.7005
COP2324-022,,AGRICULTURE,Wayamba University of Sri Lanka,MONARAGALA,0.6971,value,3,22,0.6971
COP2324-022,,AGRICULTURE,Wayamba University of Sri Lanka,KEGALLE,0.7693,value,3,22,0.7693
COP2324-022,,AGRICULTURE,Wayamba University of Sri Lanka,RATNAPURA,0.7248,value,3,22,0.7248
COP2324-023,,FOOD SCIENCE & NUTRITION,Wayamba University of Sri Lanka,COLOMBO,1.1286,value,3,23,1.1286
COP2324-023,,FOOD SCIENCE & NUTRITION,Wayamba University of Sri Lanka,GAMPAHA,1.1620,value,3,23,1.1620
COP2324-023,,FOOD SCIENCE & NUTRITION,Wayamba University of Sri Lanka,KALUTARA,1.2072,value,3,23,1.2072
COP2324-023,,FOOD SCIENCE & NUTRITION,Wayamba University of Sri Lanka,MATALE,1.0935,value,3,23,1.0935
COP2324-023,,FOOD SCIENCE & NUTRITION,Wayamba University of Sri Lanka,KANDY,1.1591,value,3,23,1.1591
COP2324-023,,FOOD SCIENCE & NUTRITION,Wayamba University of Sri Lanka,NUWARA ELIYA,1.1038,value,3,23,1.1038
COP2324-023,,FOOD SCIENCE & NUTRITION,Wayamba University of Sri Lanka,GALLE,1.1845,value,3,23,1.1845
COP2324-023,,FOOD SCIENCE & NUTRITION,Wayamba University of Sri Lanka,MATARA,1.1791,value,3,23,1.1791
COP2324-023,,FOOD SCIENCE & NUTRITION,Wayamba University of Sri Lanka,HAMBANTOTA,1.1566,value,3,23,1.1566
COP2324-023,,FOOD SCIENCE & NUTRITION,Wayamba University of Sri Lanka,JAFFNA,1.2255,value,3,23,1.2255
COP2324-023,,FOOD SCIENCE & NUTRITION,Wayamba University of Sri Lanka,KILINOCHCHI,0.8406,value,3,23,0.8406
COP2324-023,,FOOD SCIENCE & NUTRITION,Wayamba University of Sri Lanka,MANNAR,1.2448,value,3,23,1.2448
COP2324-023,,FOOD SCIENCE & NUTRITION,Wayamba University of Sri Lanka,MULLAITIVU,0.8419,value,3,23,0.8419
COP2324-023,,FOOD SCIENCE & NUTRITION,Wayamba University of Sri Lanka,VAVUNIYA,1.1944,value,3,23,1.1944
COP2324-023,,FOOD SCIENCE & NUTRITION,Wayamba University of Sri Lanka,TRINCOMALEE,1.0588,value,3,23,1.0588
COP2324-023,,FOOD SCIENCE & NUTRITION,Wayamba University of Sri Lanka,BATTICALOA,1.1473,value,3,23,1.1473
COP2324-023,,FOOD SCIENCE & NUTRITION,Wayamba University of Sri Lanka,AMPARA,1.2052,value,3,23,1.2052
COP2324-023,,FOOD SCIENCE & NUTRITION,Wayamba University of Sri Lanka,PUTTALAM,1.1760,value,3,23,1.1760
COP2324-023,,FOOD SCIENCE & NUTRITION,Wayamba University of Sri Lanka,KURUNEGALA,1.2035,value,3,23,1.2035
COP2324-023,,FOOD SCIENCE & NUTRITION,Wayamba University of Sri Lanka,ANURADHAPURA,1.1534,value,3,23,1.1534
COP2324-023,,FOOD SCIENCE & NUTRITION,Wayamba University of Sri Lanka,POLONNARUWA,0.8996,value,3,23,0.8996
COP2324-023,,FOOD SCIENCE & NUTRITION,Wayamba University of Sri Lanka,BADULLA,1.1699,value,3,23,1.1699
COP2324-023,,FOOD SCIENCE & NUTRITION,Wayamba University of Sri Lanka,MONARAGALA,1.1261,value,3,23,1.1261
COP2324-023,,FOOD SCIENCE & NUTRITION,Wayamba University of Sri Lanka,KEGALLE,1.1889,value,3,23,1.1889
COP2324-023,,FOOD SCIENCE & NUTRITION,Wayamba University of Sri Lanka,RATNAPURA,1.1932,value,3,23,1.1932
COP2324-024,,FOOD SCIENCE & TECHNOLOGY,University of Peradeniya,COLOMBO,1.5455,value,3,24,1.5455
COP2324-024,,FOOD SCIENCE & TECHNOLOGY,University of Peradeniya,GAMPAHA,1.5092,value,3,24,1.5092
COP2324-024,,FOOD SCIENCE & TECHNOLOGY,University of Peradeniya,KALUTARA,1.4838,value,3,24,1.4838
COP2324-024,,FOOD SCIENCE & TECHNOLOGY,University of Peradeniya,MATALE,,NQC,3,24,NQC
COP2324-024,,FOOD SCIENCE & TECHNOLOGY,University of Peradeniya,KANDY,1.5127,value,3,24,1.5127
COP2324-024,,FOOD SCIENCE & TECHNOLOGY,University of Peradeniya,NUWARA ELIYA,,NQC,3,24,NQC
COP2324-024,,FOOD SCIENCE & TECHNOLOGY,University of Peradeniya,GALLE,1.4870,value,3,24,1.4870
COP2324-024,,FOOD SCIENCE & TECHNOLOGY,University of Peradeniya,MATARA,1.4819,value,3,24,1.4819
COP2324-024,,FOOD SCIENCE & TECHNOLOGY,University of Peradeniya,HAMBANTOTA,1.4927,value,3,24,1.4927
COP2324-024,,FOOD SCIENCE & TECHNOLOGY,University of Peradeniya,JAFFNA,,NQC,3,24,NQC
COP2324-024,,FOOD SCIENCE & TECHNOLOGY,University of Peradeniya,KILINOCHCHI,,NQC,3,24,NQC
COP2324-024,,FOOD SCIENCE & TECHNOLOGY,University of Peradeniya,MANNAR,,NQC,3,24,NQC
COP2324-024,,FOOD SCIENCE & TECHNOLOGY,University of Peradeniya,MULLAITIVU,,NQC,3,24,NQC
COP2324-024,,FOOD SCIENCE & TECHNOLOGY,University of Peradeniya,VAVUNIYA,,NQC,3,24,NQC
COP2324-024,,FOOD SCIENCE & TECHNOLOGY,University of Peradeniya,TRINCOMALEE,,NQC,3,24,NQC
COP2324-024,,FOOD SCIENCE & TECHNOLOGY,University of Peradeniya,BATTICALOA,,NQC,3,24,NQC
COP2324-024,,FOOD SCIENCE & TECHNOLOGY,University of Peradeniya,AMPARA,,NQC,3,24,NQC
COP2324-024,,FOOD SCIENCE & TECHNOLOGY,University of Peradeniya,PUTTALAM,1.5487,value,3,24,1.5487
COP2324-024,,FOOD SCIENCE & TECHNOLOGY,University of Peradeniya,KURUNEGALA,1.6043,value,3,24,1.6043
COP2324-024,,FOOD SCIENCE & TECHNOLOGY,University of Peradeniya,ANURADHAPURA,,NQC,3,24,NQC
COP2324-024,,FOOD SCIENCE & TECHNOLOGY,University of Peradeniya,POLONNARUWA,,NQC,3,24,NQC
COP2324-024,,FOOD SCIENCE & TECHNOLOGY,University of Peradeniya,BADULLA,,NQC,3,24,NQC
COP2324-024,,FOOD SCIENCE & TECHNOLOGY,University of Peradeniya,MONARAGALA,1.5441,value,3,24,1.5441
COP2324-024,,FOOD SCIENCE & TECHNOLOGY,University of Peradeniya,KEGALLE,1.4824,value,3,24,1.4824
COP2324-024,,FOOD SCIENCE & TECHNOLOGY,University of Peradeniya,RATNAPURA,1.4804,value,3,24,1.4804
COP2324-025,,FOOD SCIENCE & TECHNOLOGY,University of Sri Jayewardenepura,COLOMBO,1.4477,value,3,25,1.4477
COP2324-025,,FOOD SCIENCE & TECHNOLOGY,University of Sri Jayewardenepura,GAMPAHA,1.4666,value,3,25,1.4666
COP2324-025,,FOOD SCIENCE & TECHNOLOGY,University of Sri Jayewardenepura,KALUTARA,1.4449,value,3,25,1.4449
COP2324-025,,FOOD SCIENCE & TECHNOLOGY,University of Sri Jayewardenepura,MATALE,,NQC,3,25,NQC
COP2324-025,,FOOD SCIENCE & TECHNOLOGY,University of Sri Jayewardenepura,KANDY,1.4643,value,3,25,1.4643
COP2324-025,,FOOD SCIENCE & TECHNOLOGY,University of Sri Jayewardenepura,NUWARA ELIYA,,NQC,3,25,NQC
COP2324-025,,FOOD SCIENCE & TECHNOLOGY,University of Sri Jayewardenepura,GALLE,1.4598,value,3,25,1.4598
COP2324-025,,FOOD SCIENCE & TECHNOLOGY,University of Sri Jayewardenepura,MATARA,1.4462,value,3,25,1.4462
COP2324-025,,FOOD SCIENCE & TECHNOLOGY,University of Sri Jayewardenepura,HAMBANTOTA,1.4412,value,3,25,1.4412
COP2324-025,,FOOD SCIENCE & TECHNOLOGY,University of Sri Jayewardenepura,JAFFNA,1.4512,value,3,25,1.4512
COP2324-025,,FOOD SCIENCE & TECHNOLOGY,University of Sri Jayewardenepura,KILINOCHCHI,,NQC,3,25,NQC
COP2324-025,,FOOD SCIENCE & TECHNOLOGY,University of Sri Jayewardenepura,MANNAR,,NQC,3,25,NQC
COP2324-025,,FOOD SCIENCE & TECHNOLOGY,University of Sri Jayewardenepura,MULLAITIVU,,NQC,3,25,NQC
COP2324-025,,FOOD SCIENCE & TECHNOLOGY,University of Sri Jayewardenepura,VAVUNIYA,,NQC,3,25,NQC
COP2324-025,,FOOD SCIENCE & TECHNOLOGY,University of Sri Jayewardenepura,TRINCOMALEE,,NQC,3,25,NQC
COP2324-025,,FOOD SCIENCE & TECHNOLOGY,University of Sri Jayewardenepura,BATTICALOA,,NQC,3,25,NQC
COP2324-025,,FOOD SCIENCE & TECHNOLOGY,University of Sri Jayewardenepura,AMPARA,1.4498,value,3,25,1.4498
COP2324-025,,FOOD SCIENCE & TECHNOLOGY,University of Sri Jayewardenepura,PUTTALAM,1.4426,value,3,25,1.4426
COP2324-025,,FOOD SCIENCE & TECHNOLOGY,University of Sri Jayewardenepura,KURUNEGALA,1.4459,value,3,25,1.4459
COP2324-025,,FOOD SCIENCE & TECHNOLOGY,University of Sri Jayewardenepura,ANURADHAPURA,1.4463,value,3,25,1.4463
COP2324-025,,FOOD SCIENCE & TECHNOLOGY,University of Sri Jayewardenepura,POLONNARUWA,,NQC,3,25,NQC
COP2324-025,,FOOD SCIENCE & TECHNOLOGY,University of Sri Jayewardenepura,BADULLA,1.5399,value,3,25,1.5399
COP2324-025,,FOOD SCIENCE & TECHNOLOGY,University of Sri Jayewardenepura,MONARAGALA,1.4691,value,3,25,1.4691
COP2324-025,,FOOD SCIENCE & TECHNOLOGY,University of Sri Jayewardenepura,KEGALLE,1.4622,value,3,25,1.4622
COP2324-025,,FOOD SCIENCE & TECHNOLOGY,University of Sri Jayewardenepura,RATNAPURA,1.4432,value,3,25,1.4432
COP2324-026,,FOOD SCIENCE & TECHNOLOGY,Sabaragamuwa University of Sri Lanka,COLOMBO,1.1320,value,3,26,1.1320
COP2324-026,,FOOD SCIENCE & TECHNOLOGY,Sabaragamuwa University of Sri Lanka,GAMPAHA,1.2127,value,3,26,1.2127
COP2324-026,,FOOD SCIENCE & TECHNOLOGY,Sabaragamuwa University of Sri Lanka,KALUTARA,,NQC,3,26,NQC
COP2324-026,,FOOD SCIENCE & TECHNOLOGY,Sabaragamuwa University of Sri Lanka,MATALE,1.0889,value,3,26,1.0889
COP2324-026,,FOOD SCIENCE & TECHNOLOGY,Sabaragamuwa University of Sri Lanka,KANDY,1.1798,value,3,26,1.1798
COP2324-026,,FOOD SCIENCE & TECHNOLOGY,Sabaragamuwa University of Sri Lanka,NUWARA ELIYA,1.0193,value,3,26,1.0193
COP2324-026,,FOOD SCIENCE & TECHNOLOGY,Sabaragamuwa University of Sri Lanka,GALLE,1.3515,value,3,26,1.3515
COP2324-026,,FOOD SCIENCE & TECHNOLOGY,Sabaragamuwa University of Sri Lanka,MATARA,1.4754,value,3,26,1.4754
COP2324-026,,FOOD SCIENCE & TECHNOLOGY,Sabaragamuwa University of Sri Lanka,HAMBANTOTA,1.3386,value,3,26,1.3386
COP2324-026,,FOOD SCIENCE & TECHNOLOGY,Sabaragamuwa University of Sri Lanka,JAFFNA,1.1475,value,3,26,1.1475
COP2324-026,,FOOD SCIENCE & TECHNOLOGY,Sabaragamuwa University of Sri Lanka,KILINOCHCHI,0.9776,value,3,26,0.9776
COP2324-026,,FOOD SCIENCE & TECHNOLOGY,Sabaragamuwa University of Sri Lanka,MANNAR,1.1828,value,3,26,1.1828
COP2324-026,,FOOD SCIENCE & TECHNOLOGY,Sabaragamuwa University of Sri Lanka,MULLAITIVU,0.9934,value,3,26,0.9934
COP2324-026,,FOOD SCIENCE & TECHNOLOGY,Sabaragamuwa University of Sri Lanka,VAVUNIYA,1.0817,value,3,26,1.0817
COP2324-026,,FOOD SCIENCE & TECHNOLOGY,Sabaragamuwa University of Sri Lanka,TRINCOMALEE,1.2406,value,3,26,1.2406
COP2324-026,,FOOD SCIENCE & TECHNOLOGY,Sabaragamuwa University of Sri Lanka,BATTICALOA,1.2150,value,3,26,1.2150
COP2324-026,,FOOD SCIENCE & TECHNOLOGY,Sabaragamuwa University of Sri Lanka,AMPARA,1.1867,value,3,26,1.1867
COP2324-026,,FOOD SCIENCE & TECHNOLOGY,Sabaragamuwa University of Sri Lanka,PUTTALAM,1.0400,value,3,26,1.0400
COP2324-026,,FOOD SCIENCE & TECHNOLOGY,Sabaragamuwa University of Sri Lanka,KURUNEGALA,1.3659,value,3,26,1.3659
COP2324-026,,FOOD SCIENCE & TECHNOLOGY,Sabaragamuwa University of Sri Lanka,ANURADHAPURA,1.1176,value,3,26,1.1176
COP2324-026,,FOOD SCIENCE & TECHNOLOGY,Sabaragamuwa University of Sri Lanka,POLONNARUWA,0.8365,value,3,26,0.8365
COP2324-026,,FOOD SCIENCE & TECHNOLOGY,Sabaragamuwa University of Sri Lanka,BADULLA,1.1182,value,3,26,1.1182
COP2324-026,,FOOD SCIENCE & TECHNOLOGY,Sabaragamuwa University of Sri Lanka,MONARAGALA,1.2726,value,3,26,1.2726
COP2324-026,,FOOD SCIENCE & TECHNOLOGY,Sabaragamuwa University of Sri Lanka,KEGALLE,1.3158,value,3,26,1.3158
COP2324-026,,FOOD SCIENCE & TECHNOLOGY,Sabaragamuwa University of Sri Lanka,RATNAPURA,1.3125,value,3,26,1.3125
COP2324-027,,BIOLOGICAL SCIENCE,University of Colombo,COLOMBO,1.5978,value,3,27,1.5978
COP2324-027,,BIOLOGICAL SCIENCE,University of Colombo,GAMPAHA,1.5980,value,3,27,1.5980
COP2324-027,,BIOLOGICAL SCIENCE,University of Colombo,KALUTARA,1.6137,value,3,27,1.6137
COP2324-027,,BIOLOGICAL SCIENCE,University of Colombo,MATALE,,NQC,3,27,NQC
COP2324-027,,BIOLOGICAL SCIENCE,University of Colombo,KANDY,1.5993,value,3,27,1.5993
COP2324-027,,BIOLOGICAL SCIENCE,University of Colombo,NUWARA ELIYA,,NQC,3,27,NQC
COP2324-027,,BIOLOGICAL SCIENCE,University of Colombo,GALLE,1.6021,value,3,27,1.6021
COP2324-027,,BIOLOGICAL SCIENCE,University of Colombo,MATARA,1.6089,value,3,27,1.6089
COP2324-027,,BIOLOGICAL SCIENCE,University of Colombo,HAMBANTOTA,1.6803,value,3,27,1.6803
COP2324-027,,BIOLOGICAL SCIENCE,University of Colombo,JAFFNA,,NQC,3,27,NQC
COP2324-027,,BIOLOGICAL SCIENCE,University of Colombo,KILINOCHCHI,,NQC,3,27,NQC
COP2324-027,,BIOLOGICAL SCIENCE,University of Colombo,MANNAR,,NQC,3,27,NQC
COP2324-027,,BIOLOGICAL SCIENCE,University of Colombo,MULLAITIVU,,NQC,3,27,NQC
COP2324-027,,BIOLOGICAL SCIENCE,University of Colombo,VAVUNIYA,,NQC,3,27,NQC
COP2324-027,,BIOLOGICAL SCIENCE,University of Colombo,TRINCOMALEE,,NQC,3,27,NQC
COP2324-027,,BIOLOGICAL SCIENCE,University of Colombo,BATTICALOA,1.6130,value,3,27,1.6130
COP2324-027,,BIOLOGICAL SCIENCE,University of Colombo,AMPARA,,NQC,3,27,NQC
COP2324-027,,BIOLOGICAL SCIENCE,University of Colombo,PUTTALAM,1.7634,value,3,27,1.7634
COP2324-027,,BIOLOGICAL SCIENCE,University of Colombo,KURUNEGALA,1.6030,value,3,27,1.6030
COP2324-027,,BIOLOGICAL SCIENCE,University of Colombo,ANURADHAPURA,,NQC,3,27,NQC
COP2324-027,,BIOLOGICAL SCIENCE,University of Colombo,POLONNARUWA,,NQC,3,27,NQC
COP2324-027,,BIOLOGICAL SCIENCE,University of Colombo,BADULLA,,NQC,3,27,NQC
COP2324-027,,BIOLOGICAL SCIENCE,University of Colombo,MONARAGALA,,NQC,3,27,NQC
COP2324-027,,BIOLOGICAL SCIENCE,University of Colombo,KEGALLE,1.6049,value,3,27,1.6049
COP2324-027,,BIOLOGICAL SCIENCE,University of Colombo,RATNAPURA,1.5983,value,3,27,1.5983
COP2324-028,,BIOLOGICAL SCIENCE,University of Peradeniya,COLOMBO,1.4293,value,4,1,1.4293
COP2324-028,,BIOLOGICAL SCIENCE,University of Peradeniya,GAMPAHA,1.4388,value,4,1,1.4388
COP2324-028,,BIOLOGICAL SCIENCE,University of Peradeniya,KALUTARA,1.4419,value,4,1,1.4419
COP2324-028,,BIOLOGICAL SCIENCE,University of Peradeniya,MATALE,1.4420,value,4,1,1.4420
COP2324-028,,BIOLOGICAL SCIENCE,University of Peradeniya,KANDY,1.4269,value,4,1,1.4269
COP2324-028,,BIOLOGICAL SCIENCE,University of Peradeniya,NUWARA ELIYA,,NQC,4,1,NQC
COP2324-028,,BIOLOGICAL SCIENCE,University of Peradeniya,GALLE,1.4327,value,4,1,1.4327
COP2324-028,,BIOLOGICAL SCIENCE,University of Peradeniya,MATARA,1.4316,value,4,1,1.4316
COP2324-028,,BIOLOGICAL SCIENCE,University of Peradeniya,HAMBANTOTA,1.4597,value,4,1,1.4597
COP2324-028,,BIOLOGICAL SCIENCE,University of Peradeniya,JAFFNA,1.4437,value,4,1,1.4437
COP2324-028,,BIOLOGICAL SCIENCE,University of Peradeniya,KILINOCHCHI,,NQC,4,1,NQC
COP2324-028,,BIOLOGICAL SCIENCE,University of Peradeniya,MANNAR,,NQC,4,1,NQC
COP2324-028,,BIOLOGICAL SCIENCE,University of Peradeniya,MULLAITIVU,,NQC,4,1,NQC
COP2324-028,,BIOLOGICAL SCIENCE,University of Peradeniya,VAVUNIYA,,NQC,4,1,NQC
COP2324-028,,BIOLOGICAL SCIENCE,University of Peradeniya,TRINCOMALEE,,NQC,4,1,NQC
COP2324-028,,BIOLOGICAL SCIENCE,University of Peradeniya,BATTICALOA,1.4836,value,4,1,1.4836
COP2324-028,,BIOLOGICAL SCIENCE,University of Peradeniya,AMPARA,1.5505,value,4,1,1.5505
COP2324-028,,BIOLOGICAL SCIENCE,University of Peradeniya,PUTTALAM,1.4346,value,4,1,1.4346
COP2324-028,,BIOLOGICAL SCIENCE,University of Peradeniya,KURUNEGALA,1.4248,value,4,1,1.4248
COP2324-028,,BIOLOGICAL SCIENCE,University of Peradeniya,ANURADHAPURA,1.4467,value,4,1,1.4467
COP2324-028,,BIOLOGICAL SCIENCE,University of Peradeniya,POLONNARUWA,,NQC,4,1,NQC
COP2324-028,,BIOLOGICAL SCIENCE,University of Peradeniya,BADULLA,1.4369,value,4,1,1.4369
COP2324-028,,BIOLOGICAL SCIENCE,University of Peradeniya,MONARAGALA,,NQC,4,1,NQC
COP2324-028,,BIOLOGICAL SCIENCE,University of Peradeniya,KEGALLE,1.4262,value,4,1,1.4262
COP2324-028,,BIOLOGICAL SCIENCE,University of Peradeniya,RATNAPURA,1.4274,value,4,1,1.4274
COP2324-029,,BIOLOGICAL SCIENCE,University of Sri Jayewardenepura,COLOMBO,1.3632,value,4,2,1.3632
COP2324-029,,BIOLOGICAL SCIENCE,University of Sri Jayewardenepura,GAMPAHA,1.3616,value,4,2,1.3616
COP2324-029,,BIOLOGICAL SCIENCE,University of Sri Jayewardenepura,KALUTARA,1.3602,value,4,2,1.3602
COP2324-029,,BIOLOGICAL SCIENCE,University of Sri Jayewardenepura,MATALE,1.3632,value,4,2,1.3632
COP2324-029,,BIOLOGICAL SCIENCE,University of Sri Jayewardenepura,KANDY,1.3638,value,4,2,1.3638
COP2324-029,,BIOLOGICAL SCIENCE,University of Sri Jayewardenepura,NUWARA ELIYA,1.3930,value,4,2,1.3930
COP2324-029,,BIOLOGICAL SCIENCE,University of Sri Jayewardenepura,GALLE,1.3615,value,4,2,1.3615
COP2324-029,,BIOLOGICAL SCIENCE,University of Sri Jayewardenepura,MATARA,1.3748,value,4,2,1.3748
COP2324-029,,BIOLOGICAL SCIENCE,University of Sri Jayewardenepura,HAMBANTOTA,1.3614,value,4,2,1.3614
COP2324-029,,BIOLOGICAL SCIENCE,University of Sri Jayewardenepura,JAFFNA,1.3610,value,4,2,1.3610
COP2324-029,,BIOLOGICAL SCIENCE,University of Sri Jayewardenepura,KILINOCHCHI,,NQC,4,2,NQC
COP2324-029,,BIOLOGICAL SCIENCE,University of Sri Jayewardenepura,MANNAR,,NQC,4,2,NQC
COP2324-029,,BIOLOGICAL SCIENCE,University of Sri Jayewardenepura,MULLAITIVU,,NQC,4,2,NQC
COP2324-029,,BIOLOGICAL SCIENCE,University of Sri Jayewardenepura,VAVUNIYA,,NQC,4,2,NQC
COP2324-029,,BIOLOGICAL SCIENCE,University of Sri Jayewardenepura,TRINCOMALEE,,NQC,4,2,NQC
COP2324-029,,BIOLOGICAL SCIENCE,University of Sri Jayewardenepura,BATTICALOA,1.3696,value,4,2,1.3696
COP2324-029,,BIOLOGICAL SCIENCE,University of Sri Jayewardenepura,AMPARA,1.3597,value,4,2,1.3597
COP2324-029,,BIOLOGICAL SCIENCE,University of Sri Jayewardenepura,PUTTALAM,1.3789,value,4,2,1.3789
COP2324-029,,BIOLOGICAL SCIENCE,University of Sri Jayewardenepura,KURUNEGALA,1.3605,value,4,2,1.3605
COP2324-029,,BIOLOGICAL SCIENCE,University of Sri Jayewardenepura,ANURADHAPURA,1.3809,value,4,2,1.3809
COP2324-029,,BIOLOGICAL SCIENCE,University of Sri Jayewardenepura,POLONNARUWA,1.3651,value,4,2,1.3651
COP2324-029,,BIOLOGICAL SCIENCE,University of Sri Jayewardenepura,BADULLA,1.3652,value,4,2,1.3652
COP2324-029,,BIOLOGICAL SCIENCE,University of Sri Jayewardenepura,MONARAGALA,1.3638,value,4,2,1.3638
COP2324-029,,BIOLOGICAL SCIENCE,University of Sri Jayewardenepura,KEGALLE,1.3711,value,4,2,1.3711
COP2324-029,,BIOLOGICAL SCIENCE,University of Sri Jayewardenepura,RATNAPURA,1.3632,value,4,2,1.3632
COP2324-030,,BIOLOGICAL SCIENCE,University of Kelaniya,COLOMBO,1.2927,value,4,3,1.2927
COP2324-030,,BIOLOGICAL SCIENCE,University of Kelaniya,GAMPAHA,1.2905,value,4,3,1.2905
COP2324-030,,BIOLOGICAL SCIENCE,University of Kelaniya,KALUTARA,1.2910,value,4,3,1.2910
COP2324-030,,BIOLOGICAL SCIENCE,University of Kelaniya,MATALE,1.2974,value,4,3,1.2974
COP2324-030,,BIOLOGICAL SCIENCE,University of Kelaniya,KANDY,1.2906,value,4,3,1.2906
COP2324-030,,BIOLOGICAL SCIENCE,University of Kelaniya,NUWARA ELIYA,1.3111,value,4,3,1.3111
COP2324-030,,BIOLOGICAL SCIENCE,University of Kelaniya,GALLE,1.2902,value,4,3,1.2902
COP2324-030,,BIOLOGICAL SCIENCE,University of Kelaniya,MATARA,1.3021,value,4,3,1.3021
COP2324-030,,BIOLOGICAL SCIENCE,University of Kelaniya,HAMBANTOTA,1.2920,value,4,3,1.2920
COP2324-030,,BIOLOGICAL SCIENCE,University of Kelaniya,JAFFNA,1.2987,value,4,3,1.2987
COP2324-030,,BIOLOGICAL SCIENCE,University of Kelaniya,KILINOCHCHI,,NQC,4,3,NQC
COP2324-030,,BIOLOGICAL SCIENCE,University of Kelaniya,MANNAR,,NQC,4,3,NQC
COP2324-030,,BIOLOGICAL SCIENCE,University of Kelaniya,MULLAITIVU,,NQC,4,3,NQC
COP2324-030,,BIOLOGICAL SCIENCE,University of Kelaniya,VAVUNIYA,,NQC,4,3,NQC
COP2324-030,,BIOLOGICAL SCIENCE,University of Kelaniya,TRINCOMALEE,1.3583,value,4,3,1.3583
COP2324-030,,BIOLOGICAL SCIENCE,University of Kelaniya,BATTICALOA,1.3170,value,4,3,1.3170
COP2324-030,,BIOLOGICAL SCIENCE,University of Kelaniya,AMPARA,1.3265,value,4,3,1.3265
COP2324-030,,BIOLOGICAL SCIENCE,University of Kelaniya,PUTTALAM,1.2956,value,4,3,1.2956
COP2324-030,,BIOLOGICAL SCIENCE,University of Kelaniya,KURUNEGALA,1.2905,value,4,3,1.2905
COP2324-030,,BIOLOGICAL SCIENCE,University of Kelaniya,ANURADHAPURA,1.3030,value,4,3,1.3030
COP2324-030,,BIOLOGICAL SCIENCE,University of Kelaniya,POLONNARUWA,1.2976,value,4,3,1.2976
COP2324-030,,BIOLOGICAL SCIENCE,University of Kelaniya,BADULLA,1.2913,value,4,3,1.2913
COP2324-030,,BIOLOGICAL SCIENCE,University of Kelaniya,MONARAGALA,1.2943,value,4,3,1.2943
COP2324-030,,BIOLOGICAL SCIENCE,University of Kelaniya,KEGALLE,1.2932,value,4,3,1.2932
COP2324-030,,BIOLOGICAL SCIENCE,University of Kelaniya,RATNAPURA,1.2982,value,4,3,1.2982
COP2324-031,,BIOLOGICAL SCIENCE,University of Jaffna,COLOMBO,1.0495,value,4,4,1.0495
COP2324-031,,BIOLOGICAL SCIENCE,University of Jaffna,GAMPAHA,1.0445,value,4,4,1.0445
COP2324-031,,BIOLOGICAL SCIENCE,University of Jaffna,KALUTARA,1.2104,value,4,4,1.2104
COP2324-031,,BIOLOGICAL SCIENCE,University of Jaffna,MATALE,1.1652,value,4,4,1.1652
COP2324-031,,BIOLOGICAL SCIENCE,University of Jaffna,KANDY,1.0814,value,4,4,1.0814
COP2324-031,,BIOLOGICAL SCIENCE,University of Jaffna,NUWARA ELIYA,1.1266,value,4,4,1.1266
COP2324-031,,BIOLOGICAL SCIENCE,University of Jaffna,GALLE,1.2824,value,4,4,1.2824
COP2324-031,,BIOLOGICAL SCIENCE,University of Jaffna,MATARA,1.0535,value,4,4,1.0535
COP2324-031,,BIOLOGICAL SCIENCE,University of Jaffna,HAMBANTOTA,,NQC,4,4,NQC
COP2324-031,,BIOLOGICAL SCIENCE,University of Jaffna,JAFFNA,1.0470,value,4,4,1.0470
COP2324-031,,BIOLOGICAL SCIENCE,University of Jaffna,KILINOCHCHI,,NQC,4,4,NQC
COP2324-031,,BIOLOGICAL SCIENCE,University of Jaffna,MANNAR,,NQC,4,4,NQC
COP2324-031,,BIOLOGICAL SCIENCE,University of Jaffna,MULLAITIVU,,NQC,4,4,NQC
COP2324-031,,BIOLOGICAL SCIENCE,University of Jaffna,VAVUNIYA,1.1065,value,4,4,1.1065
COP2324-031,,BIOLOGICAL SCIENCE,University of Jaffna,TRINCOMALEE,1.0621,value,4,4,1.0621
COP2324-031,,BIOLOGICAL SCIENCE,University of Jaffna,BATTICALOA,1.0467,value,4,4,1.0467
COP2324-031,,BIOLOGICAL SCIENCE,University of Jaffna,AMPARA,1.0528,value,4,4,1.0528
COP2324-031,,BIOLOGICAL SCIENCE,University of Jaffna,PUTTALAM,1.0487,value,4,4,1.0487
COP2324-031,,BIOLOGICAL SCIENCE,University of Jaffna,KURUNEGALA,1.1386,value,4,4,1.1386
COP2324-031,,BIOLOGICAL SCIENCE,University of Jaffna,ANURADHAPURA,1.0447,value,4,4,1.0447
COP2324-031,,BIOLOGICAL SCIENCE,University of Jaffna,POLONNARUWA,1.0666,value,4,4,1.0666
COP2324-031,,BIOLOGICAL SCIENCE,University of Jaffna,BADULLA,1.0488,value,4,4,1.0488
COP2324-031,,BIOLOGICAL SCIENCE,University of Jaffna,MONARAGALA,1.0861,value,4,4,1.0861
COP2324-031,,BIOLOGICAL SCIENCE,University of Jaffna,KEGALLE,1.0778,value,4,4,1.0778
COP2324-031,,BIOLOGICAL SCIENCE,University of Jaffna,RATNAPURA,1.0473,value,4,4,1.0473
COP2324-032,,BIOLOGICAL SCIENCE,University of Ruhuna,COLOMBO,1.1681,value,4,5,1.1681
COP2324-032,,BIOLOGICAL SCIENCE,University of Ruhuna,GAMPAHA,1.1680,value,4,5,1.1680
COP2324-032,,BIOLOGICAL SCIENCE,University of Ruhuna,KALUTARA,1.2084,value,4,5,1.2084
COP2324-032,,BIOLOGICAL SCIENCE,University of Ruhuna,MATALE,1.1659,value,4,5,1.1659
COP2324-032,,BIOLOGICAL SCIENCE,University of Ruhuna,KANDY,1.1665,value,4,5,1.1665
COP2324-032,,BIOLOGICAL SCIENCE,University of Ruhuna,NUWARA ELIYA,1.1973,value,4,5,1.1973
COP2324-032,,BIOLOGICAL SCIENCE,University of Ruhuna,GALLE,1.2002,value,4,5,1.2002
COP2324-032,,BIOLOGICAL SCIENCE,University of Ruhuna,MATARA,1.1732,value,4,5,1.1732
COP2324-032,,BIOLOGICAL SCIENCE,University of Ruhuna,HAMBANTOTA,1.1738,value,4,5,1.1738
COP2324-032,,BIOLOGICAL SCIENCE,University of Ruhuna,JAFFNA,1.2017,value,4,5,1.2017
COP2324-032,,BIOLOGICAL SCIENCE,University of Ruhuna,KILINOCHCHI,,NQC,4,5,NQC
COP2324-032,,BIOLOGICAL SCIENCE,University of Ruhuna,MANNAR,,NQC,4,5,NQC
COP2324-032,,BIOLOGICAL SCIENCE,University of Ruhuna,MULLAITIVU,,NQC,4,5,NQC
COP2324-032,,BIOLOGICAL SCIENCE,University of Ruhuna,VAVUNIYA,1.1699,value,4,5,1.1699
COP2324-032,,BIOLOGICAL SCIENCE,University of Ruhuna,TRINCOMALEE,,NQC,4,5,NQC
COP2324-032,,BIOLOGICAL SCIENCE,University of Ruhuna,BATTICALOA,,NQC,4,5,NQC
COP2324-032,,BIOLOGICAL SCIENCE,University of Ruhuna,AMPARA,1.1943,value,4,5,1.1943
COP2324-032,,BIOLOGICAL SCIENCE,University of Ruhuna,PUTTALAM,1.1783,value,4,5,1.1783
COP2324-032,,BIOLOGICAL SCIENCE,University of Ruhuna,KURUNEGALA,1.1691,value,4,5,1.1691
COP2324-032,,BIOLOGICAL SCIENCE,University of Ruhuna,ANURADHAPURA,1.1903,value,4,5,1.1903
COP2324-032,,BIOLOGICAL SCIENCE,University of Ruhuna,POLONNARUWA,1.1825,value,4,5,1.1825
COP2324-032,,BIOLOGICAL SCIENCE,University of Ruhuna,BADULLA,1.1678,value,4,5,1.1678
COP2324-032,,BIOLOGICAL SCIENCE,University of Ruhuna,MONARAGALA,1.1702,value,4,5,1.1702
COP2324-032,,BIOLOGICAL SCIENCE,University of Ruhuna,KEGALLE,1.1676,value,4,5,1.1676
COP2324-032,,BIOLOGICAL SCIENCE,University of Ruhuna,RATNAPURA,1.1709,value,4,5,1.1709
COP2324-033,,BIOLOGICAL SCIENCE,"Eastern University, Sri Lanka",COLOMBO,1.0076,value,4,6,1.0076
COP2324-033,,BIOLOGICAL SCIENCE,"Eastern University, Sri Lanka",GAMPAHA,0.8909,value,4,6,0.8909
COP2324-033,,BIOLOGICAL SCIENCE,"Eastern University, Sri Lanka",KALUTARA,1.4254,value,4,6,1.4254
COP2324-033,,BIOLOGICAL SCIENCE,"Eastern University, Sri Lanka",MATALE,,NQC,4,6,NQC
COP2324-033,,BIOLOGICAL SCIENCE,"Eastern University, Sri Lanka",KANDY,1.0835,value,4,6,1.0835
COP2324-033,,BIOLOGICAL SCIENCE,"Eastern University, Sri Lanka",NUWARA ELIYA,0.8883,value,4,6,0.8883
COP2324-033,,BIOLOGICAL SCIENCE,"Eastern University, Sri Lanka",GALLE,1.2465,value,4,6,1.2465
COP2324-033,,BIOLOGICAL SCIENCE,"Eastern University, Sri Lanka",MATARA,0.9927,value,4,6,0.9927
COP2324-033,,BIOLOGICAL SCIENCE,"Eastern University, Sri Lanka",HAMBANTOTA,0.9767,value,4,6,0.9767
COP2324-033,,BIOLOGICAL SCIENCE,"Eastern University, Sri Lanka",JAFFNA,1.0513,value,4,6,1.0513
COP2324-033,,BIOLOGICAL SCIENCE,"Eastern University, Sri Lanka",KILINOCHCHI,,NQC,4,6,NQC
COP2324-033,,BIOLOGICAL SCIENCE,"Eastern University, Sri Lanka",MANNAR,,NQC,4,6,NQC
COP2324-033,,BIOLOGICAL SCIENCE,"Eastern University, Sri Lanka",MULLAITIVU,0.8896,value,4,6,0.8896
COP2324-033,,BIOLOGICAL SCIENCE,"Eastern University, Sri Lanka",VAVUNIYA,0.9789,value,4,6,0.9789
COP2324-033,,BIOLOGICAL SCIENCE,"Eastern University, Sri Lanka",TRINCOMALEE,0.8955,value,4,6,0.8955
COP2324-033,,BIOLOGICAL SCIENCE,"Eastern University, Sri Lanka",BATTICALOA,0.9211,value,4,6,0.9211
COP2324-033,,BIOLOGICAL SCIENCE,"Eastern University, Sri Lanka",AMPARA,0.8836,value,4,6,0.8836
COP2324-033,,BIOLOGICAL SCIENCE,"Eastern University, Sri Lanka",PUTTALAM,0.8878,value,4,6,0.8878
COP2324-033,,BIOLOGICAL SCIENCE,"Eastern University, Sri Lanka",KURUNEGALA,1.2579,value,4,6,1.2579
COP2324-033,,BIOLOGICAL SCIENCE,"Eastern University, Sri Lanka",ANURADHAPURA,0.9108,value,4,6,0.9108
COP2324-033,,BIOLOGICAL SCIENCE,"Eastern University, Sri Lanka",POLONNARUWA,0.9225,value,4,6,0.9225
COP2324-033,,BIOLOGICAL SCIENCE,"Eastern University, Sri Lanka",BADULLA,0.8964,value,4,6,0.8964
COP2324-033,,BIOLOGICAL SCIENCE,"Eastern University, Sri Lanka",MONARAGALA,0.8980,value,4,6,0.8980
COP2324-033,,BIOLOGICAL SCIENCE,"Eastern University, Sri Lanka",KEGALLE,1.1372,value,4,6,1.1372
COP2324-033,,BIOLOGICAL SCIENCE,"Eastern University, Sri Lanka",RATNAPURA,0.9503,value,4,6,0.9503
COP2324-034,,BIOLOGICAL SCIENCE,South Eastern University of Sri Lanka,COLOMBO,0.9998,value,4,7,0.9998
COP2324-034,,BIOLOGICAL SCIENCE,South Eastern University of Sri Lanka,GAMPAHA,0.7932,value,4,7,0.7932
COP2324-034,,BIOLOGICAL SCIENCE,South Eastern University of Sri Lanka,KALUTARA,,NQC,4,7,NQC
COP2324-034,,BIOLOGICAL SCIENCE,South Eastern University of Sri Lanka,MATALE,,NQC,4,7,NQC
COP2324-034,,BIOLOGICAL SCIENCE,South Eastern University of Sri Lanka,KANDY,,NQC,4,7,NQC
COP2324-034,,BIOLOGICAL SCIENCE,South Eastern University of Sri Lanka,NUWARA ELIYA,0.5027,value,4,7,0.5027
COP2324-034,,BIOLOGICAL SCIENCE,South Eastern University of Sri Lanka,GALLE,,NQC,4,7,NQC
COP2324-034,,BIOLOGICAL SCIENCE,South Eastern University of Sri Lanka,MATARA,1.0163,value,4,7,1.0163
COP2324-034,,BIOLOGICAL SCIENCE,South Eastern University of Sri Lanka,HAMBANTOTA,0.9968,value,4,7,0.9968
COP2324-034,,BIOLOGICAL SCIENCE,South Eastern University of Sri Lanka,JAFFNA,,NQC,4,7,NQC
COP2324-034,,BIOLOGICAL SCIENCE,South Eastern University of Sri Lanka,KILINOCHCHI,0.6312,value,4,7,0.6312
COP2324-034,,BIOLOGICAL SCIENCE,South Eastern University of Sri Lanka,MANNAR,0.4456,value,4,7,0.4456
COP2324-034,,BIOLOGICAL SCIENCE,South Eastern University of Sri Lanka,MULLAITIVU,0.5602,value,4,7,0.5602
COP2324-034,,BIOLOGICAL SCIENCE,South Eastern University of Sri Lanka,VAVUNIYA,0.5262,value,4,7,0.5262
COP2324-034,,BIOLOGICAL SCIENCE,South Eastern University of Sri Lanka,TRINCOMALEE,0.5868,value,4,7,0.5868
COP2324-034,,BIOLOGICAL SCIENCE,South Eastern University of Sri Lanka,BATTICALOA,0.9413,value,4,7,0.9413
COP2324-034,,BIOLOGICAL SCIENCE,South Eastern University of Sri Lanka,AMPARA,0.9031,value,4,7,0.9031
COP2324-034,,BIOLOGICAL SCIENCE,South Eastern University of Sri Lanka,PUTTALAM,0.6234,value,4,7,0.6234
COP2324-034,,BIOLOGICAL SCIENCE,South Eastern University of Sri Lanka,KURUNEGALA,,NQC,4,7,NQC
COP2324-034,,BIOLOGICAL SCIENCE,South Eastern University of Sri Lanka,ANURADHAPURA,0.7568,value,4,7,0.7568
COP2324-034,,BIOLOGICAL SCIENCE,South Eastern University of Sri Lanka,POLONNARUWA,0.6844,value,4,7,0.6844
COP2324-034,,BIOLOGICAL SCIENCE,South Eastern University of Sri Lanka,BADULLA,0.8021,value,4,7,0.8021
COP2324-034,,BIOLOGICAL SCIENCE,South Eastern University of Sri Lanka,MONARAGALA,0.6890,value,4,7,0.6890
COP2324-034,,BIOLOGICAL SCIENCE,South Eastern University of Sri Lanka,KEGALLE,,NQC,4,7,NQC
COP2324-034,,BIOLOGICAL SCIENCE,South Eastern University of Sri Lanka,RATNAPURA,0.9951,value,4,7,0.9951
COP2324-035,,APPLIED SCIENCES (BIO.SC),Rajarata University of Sri Lanka,COLOMBO,0.9484,value,4,8,0.9484
COP2324-035,,APPLIED SCIENCES (BIO.SC),Rajarata University of Sri Lanka,GAMPAHA,0.9582,value,4,8,0.9582
COP2324-035,,APPLIED SCIENCES (BIO.SC),Rajarata University of Sri Lanka,KALUTARA,0.9556,value,4,8,0.9556
COP2324-035,,APPLIED SCIENCES (BIO.SC),Rajarata University of Sri Lanka,MATALE,0.9532,value,4,8,0.9532
COP2324-035,,APPLIED SCIENCES (BIO.SC),Rajarata University of Sri Lanka,KANDY,0.9573,value,4,8,0.9573
COP2324-035,,APPLIED SCIENCES (BIO.SC),Rajarata University of Sri Lanka,NUWARA ELIYA,0.9716,value,4,8,0.9716
COP2324-035,,APPLIED SCIENCES (BIO.SC),Rajarata University of Sri Lanka,GALLE,0.9888,value,4,8,0.9888
COP2324-035,,APPLIED SCIENCES (BIO.SC),Rajarata University of Sri Lanka,MATARA,0.9670,value,4,8,0.9670
COP2324-035,,APPLIED SCIENCES (BIO.SC),Rajarata University of Sri Lanka,HAMBANTOTA,0.9490,value,4,8,0.9490
COP2324-035,,APPLIED SCIENCES (BIO.SC),Rajarata University of Sri Lanka,JAFFNA,0.9620,value,4,8,0.9620
COP2324-035,,APPLIED SCIENCES (BIO.SC),Rajarata University of Sri Lanka,KILINOCHCHI,,NQC,4,8,NQC
COP2324-035,,APPLIED SCIENCES (BIO.SC),Rajarata University of Sri Lanka,MANNAR,,NQC,4,8,NQC
COP2324-035,,APPLIED SCIENCES (BIO.SC),Rajarata University of Sri Lanka,MULLAITIVU,,NQC,4,8,NQC
COP2324-035,,APPLIED SCIENCES (BIO.SC),Rajarata University of Sri Lanka,VAVUNIYA,,NQC,4,8,NQC
COP2324-035,,APPLIED SCIENCES (BIO.SC),Rajarata University of Sri Lanka,TRINCOMALEE,0.9555,value,4,8,0.9555
COP2324-035,,APPLIED SCIENCES (BIO.SC),Rajarata University of Sri Lanka,BATTICALOA,0.9698,value,4,8,0.9698
COP2324-035,,APPLIED SCIENCES (BIO.SC),Rajarata University of Sri Lanka,AMPARA,0.9519,value,4,8,0.9519
COP2324-035,,APPLIED SCIENCES (BIO.SC),Rajarata University of Sri Lanka,PUTTALAM,1.0136,value,4,8,1.0136
COP2324-035,,APPLIED SCIENCES (BIO.SC),Rajarata University of Sri Lanka,KURUNEGALA,0.9543,value,4,8,0.9543
COP2324-035,,APPLIED SCIENCES (BIO.SC),Rajarata University of Sri Lanka,ANURADHAPURA,0.9486,value,4,8,0.9486
COP2324-035,,APPLIED SCIENCES (BIO.SC),Rajarata University of Sri Lanka,POLONNARUWA,,NQC,4,8,NQC
COP2324-035,,APPLIED SCIENCES (BIO.SC),Rajarata University of Sri Lanka,BADULLA,0.9627,value,4,8,0.9627
COP2324-035,,APPLIED SCIENCES (BIO.SC),Rajarata University of Sri Lanka,MONARAGALA,1.1244,value,4,8,1.1244
COP2324-035,,APPLIED SCIENCES (BIO.SC),Rajarata University of Sri Lanka,KEGALLE,0.9682,value,4,8,0.9682
COP2324-035,,APPLIED SCIENCES (BIO.SC),Rajarata University of Sri Lanka,RATNAPURA,0.9934,value,4,8,0.9934
COP2324-036,,APPLIED SCIENCES (BIO.SC),Sabaragamuwa University of Sri Lanka,COLOMBO,0.9826,value,4,9,0.9826
COP2324-036,,APPLIED SCIENCES (BIO.SC),Sabaragamuwa University of Sri Lanka,GAMPAHA,0.9803,value,4,9,0.9803
COP2324-036,,APPLIED SCIENCES (BIO.SC),Sabaragamuwa University of Sri Lanka,KALUTARA,0.9854,value,4,9,0.9854
COP2324-036,,APPLIED SCIENCES (BIO.SC),Sabaragamuwa University of Sri Lanka,MATALE,1.0506,value,4,9,1.0506
COP2324-036,,APPLIED SCIENCES (BIO.SC),Sabaragamuwa University of Sri Lanka,KANDY,0.9847,value,4,9,0.9847
COP2324-036,,APPLIED SCIENCES (BIO.SC),Sabaragamuwa University of Sri Lanka,NUWARA ELIYA,1.0096,value,4,9,1.0096
COP2324-036,,APPLIED SCIENCES (BIO.SC),Sabaragamuwa University of Sri Lanka,GALLE,0.9872,value,4,9,0.9872
COP2324-036,,APPLIED SCIENCES (BIO.SC),Sabaragamuwa University of Sri Lanka,MATARA,0.9948,value,4,9,0.9948
COP2324-036,,APPLIED SCIENCES (BIO.SC),Sabaragamuwa University of Sri Lanka,HAMBANTOTA,0.9897,value,4,9,0.9897
COP2324-036,,APPLIED SCIENCES (BIO.SC),Sabaragamuwa University of Sri Lanka,JAFFNA,1.0118,value,4,9,1.0118
COP2324-036,,APPLIED SCIENCES (BIO.SC),Sabaragamuwa University of Sri Lanka,KILINOCHCHI,,NQC,4,9,NQC
COP2324-036,,APPLIED SCIENCES (BIO.SC),Sabaragamuwa University of Sri Lanka,MANNAR,,NQC,4,9,NQC
COP2324-036,,APPLIED SCIENCES (BIO.SC),Sabaragamuwa University of Sri Lanka,MULLAITIVU,,NQC,4,9,NQC
COP2324-036,,APPLIED SCIENCES (BIO.SC),Sabaragamuwa University of Sri Lanka,VAVUNIYA,,NQC,4,9,NQC
COP2324-036,,APPLIED SCIENCES (BIO.SC),Sabaragamuwa University of Sri Lanka,TRINCOMALEE,,NQC,4,9,NQC
COP2324-036,,APPLIED SCIENCES (BIO.SC),Sabaragamuwa University of Sri Lanka,BATTICALOA,,NQC,4,9,NQC
COP2324-036,,APPLIED SCIENCES (BIO.SC),Sabaragamuwa University of Sri Lanka,AMPARA,1.0899,value,4,9,1.0899
COP2324-036,,APPLIED SCIENCES (BIO.SC),Sabaragamuwa University of Sri Lanka,PUTTALAM,,NQC,4,9,NQC
COP2324-036,,APPLIED SCIENCES (BIO.SC),Sabaragamuwa University of Sri Lanka,KURUNEGALA,0.9993,value,4,9,0.9993
COP2324-036,,APPLIED SCIENCES (BIO.SC),Sabaragamuwa University of Sri Lanka,ANURADHAPURA,0.9946,value,4,9,0.9946
COP2324-036,,APPLIED SCIENCES (BIO.SC),Sabaragamuwa University of Sri Lanka,POLONNARUWA,1.0952,value,4,9,1.0952
COP2324-036,,APPLIED SCIENCES (BIO.SC),Sabaragamuwa University of Sri Lanka,BADULLA,0.9854,value,4,9,0.9854
COP2324-036,,APPLIED SCIENCES (BIO.SC),Sabaragamuwa University of Sri Lanka,MONARAGALA,1.1272,value,4,9,1.1272
COP2324-036,,APPLIED SCIENCES (BIO.SC),Sabaragamuwa University of Sri Lanka,KEGALLE,0.9876,value,4,9,0.9876
COP2324-036,,APPLIED SCIENCES (BIO.SC),Sabaragamuwa University of Sri Lanka,RATNAPURA,0.9838,value,4,9,0.9838
COP2324-037,,APPLIED SCIENCES (BIO.SC),"University of Vavuniya, Sri Lanka",COLOMBO,0.7858,value,4,10,0.7858
COP2324-037,,APPLIED SCIENCES (BIO.SC),"University of Vavuniya, Sri Lanka",GAMPAHA,0.6605,value,4,10,0.6605
COP2324-037,,APPLIED SCIENCES (BIO.SC),"University of Vavuniya, Sri Lanka",KALUTARA,,NQC,4,10,NQC
COP2324-037,,APPLIED SCIENCES (BIO.SC),"University of Vavuniya, Sri Lanka",MATALE,0.7762,value,4,10,0.7762
COP2324-037,,APPLIED SCIENCES (BIO.SC),"University of Vavuniya, Sri Lanka",KANDY,,NQC,4,10,NQC
COP2324-037,,APPLIED SCIENCES (BIO.SC),"University of Vavuniya, Sri Lanka",NUWARA ELIYA,0.4634,value,4,10,0.4634
COP2324-037,,APPLIED SCIENCES (BIO.SC),"University of Vavuniya, Sri Lanka",GALLE,,NQC,4,10,NQC
COP2324-037,,APPLIED SCIENCES (BIO.SC),"University of Vavuniya, Sri Lanka",MATARA,0.8090,value,4,10,0.8090
COP2324-037,,APPLIED SCIENCES (BIO.SC),"University of Vavuniya, Sri Lanka",HAMBANTOTA,,NQC,4,10,NQC
COP2324-037,,APPLIED SCIENCES (BIO.SC),"University of Vavuniya, Sri Lanka",JAFFNA,0.9209,value,4,10,0.9209
COP2324-037,,APPLIED SCIENCES (BIO.SC),"University of Vavuniya, Sri Lanka",KILINOCHCHI,0.5652,value,4,10,0.5652
COP2324-037,,APPLIED SCIENCES (BIO.SC),"University of Vavuniya, Sri Lanka",MANNAR,0.6361,value,4,10,0.6361
COP2324-037,,APPLIED SCIENCES (BIO.SC),"University of Vavuniya, Sri Lanka",MULLAITIVU,0.4935,value,4,10,0.4935
COP2324-037,,APPLIED SCIENCES (BIO.SC),"University of Vavuniya, Sri Lanka",VAVUNIYA,0.5237,value,4,10,0.5237
COP2324-037,,APPLIED SCIENCES (BIO.SC),"University of Vavuniya, Sri Lanka",TRINCOMALEE,0.6021,value,4,10,0.6021
COP2324-037,,APPLIED SCIENCES (BIO.SC),"University of Vavuniya, Sri Lanka",BATTICALOA,0.8619,value,4,10,0.8619
COP2324-037,,APPLIED SCIENCES (BIO.SC),"University of Vavuniya, Sri Lanka",AMPARA,0.7455,value,4,10,0.7455
COP2324-037,,APPLIED SCIENCES (BIO.SC),"University of Vavuniya, Sri Lanka",PUTTALAM,0.5672,value,4,10,0.5672
COP2324-037,,APPLIED SCIENCES (BIO.SC),"University of Vavuniya, Sri Lanka",KURUNEGALA,0.8628,value,4,10,0.8628
COP2324-037,,APPLIED SCIENCES (BIO.SC),"University of Vavuniya, Sri Lanka",ANURADHAPURA,0.6922,value,4,10,0.6922
COP2324-037,,APPLIED SCIENCES (BIO.SC),"University of Vavuniya, Sri Lanka",POLONNARUWA,0.5973,value,4,10,0.5973
COP2324-037,,APPLIED SCIENCES (BIO.SC),"University of Vavuniya, Sri Lanka",BADULLA,0.7308,value,4,10,0.7308
COP2324-037,,APPLIED SCIENCES (BIO.SC),"University of Vavuniya, Sri Lanka",MONARAGALA,0.6003,value,4,10,0.6003
COP2324-037,,APPLIED SCIENCES (BIO.SC),"University of Vavuniya, Sri Lanka",KEGALLE,,NQC,4,10,NQC
COP2324-037,,APPLIED SCIENCES (BIO.SC),"University of Vavuniya, Sri Lanka",RATNAPURA,0.6786,value,4,10,0.6786
COP2324-038,,ENGINEERING,University of Peradeniya,COLOMBO,1.9264,value,4,11,1.9264
COP2324-038,,ENGINEERING,University of Peradeniya,GAMPAHA,1.9259,value,4,11,1.9259
COP2324-038,,ENGINEERING,University of Peradeniya,KALUTARA,1.9360,value,4,11,1.9360
COP2324-038,,ENGINEERING,University of Peradeniya,MATALE,1.9470,value,4,11,1.9470
COP2324-038,,ENGINEERING,University of Peradeniya,KANDY,1.9251,value,4,11,1.9251
COP2324-038,,ENGINEERING,University of Peradeniya,NUWARA ELIYA,1.9937,value,4,11,1.9937
COP2324-038,,ENGINEERING,University of Peradeniya,GALLE,1.9258,value,4,11,1.9258
COP2324-038,,ENGINEERING,University of Peradeniya,MATARA,1.9292,value,4,11,1.9292
COP2324-038,,ENGINEERING,University of Peradeniya,HAMBANTOTA,1.9376,value,4,11,1.9376
COP2324-038,,ENGINEERING,University of Peradeniya,JAFFNA,1.9254,value,4,11,1.9254
COP2324-038,,ENGINEERING,University of Peradeniya,KILINOCHCHI,1.9560,value,4,11,1.9560
COP2324-038,,ENGINEERING,University of Peradeniya,MANNAR,,NQC,4,11,NQC
COP2324-038,,ENGINEERING,University of Peradeniya,MULLAITIVU,,NQC,4,11,NQC
COP2324-038,,ENGINEERING,University of Peradeniya,VAVUNIYA,2.0224,value,4,11,2.0224
COP2324-038,,ENGINEERING,University of Peradeniya,TRINCOMALEE,2.0122,value,4,11,2.0122
COP2324-038,,ENGINEERING,University of Peradeniya,BATTICALOA,1.9494,value,4,11,1.9494
COP2324-038,,ENGINEERING,University of Peradeniya,AMPARA,1.9463,value,4,11,1.9463
COP2324-038,,ENGINEERING,University of Peradeniya,PUTTALAM,1.9782,value,4,11,1.9782
COP2324-038,,ENGINEERING,University of Peradeniya,KURUNEGALA,1.9267,value,4,11,1.9267
COP2324-038,,ENGINEERING,University of Peradeniya,ANURADHAPURA,1.9395,value,4,11,1.9395
COP2324-038,,ENGINEERING,University of Peradeniya,POLONNARUWA,2.0505,value,4,11,2.0505
COP2324-038,,ENGINEERING,University of Peradeniya,BADULLA,1.9319,value,4,11,1.9319
COP2324-038,,ENGINEERING,University of Peradeniya,MONARAGALA,1.9573,value,4,11,1.9573
COP2324-038,,ENGINEERING,University of Peradeniya,KEGALLE,1.9402,value,4,11,1.9402
COP2324-038,,ENGINEERING,University of Peradeniya,RATNAPURA,1.9391,value,4,11,1.9391
COP2324-039,,ENGINEERING,University of Sri Jayewardenepura,COLOMBO,1.8086,value,4,12,1.8086
COP2324-039,,ENGINEERING,University of Sri Jayewardenepura,GAMPAHA,1.8122,value,4,12,1.8122
COP2324-039,,ENGINEERING,University of Sri Jayewardenepura,KALUTARA,1.8010,value,4,12,1.8010
COP2324-039,,ENGINEERING,University of Sri Jayewardenepura,MATALE,,NQC,4,12,NQC
COP2324-039,,ENGINEERING,University of Sri Jayewardenepura,KANDY,1.8007,value,4,12,1.8007
COP2324-039,,ENGINEERING,University of Sri Jayewardenepura,NUWARA ELIYA,,NQC,4,12,NQC
COP2324-039,,ENGINEERING,University of Sri Jayewardenepura,GALLE,1.8512,value,4,12,1.8512
COP2324-039,,ENGINEERING,University of Sri Jayewardenepura,MATARA,1.8422,value,4,12,1.8422
COP2324-039,,ENGINEERING,University of Sri Jayewardenepura,HAMBANTOTA,1.9009,value,4,12,1.9009
COP2324-039,,ENGINEERING,University of Sri Jayewardenepura,JAFFNA,1.8019,value,4,12,1.8019
COP2324-039,,ENGINEERING,University of Sri Jayewardenepura,KILINOCHCHI,,NQC,4,12,NQC
COP2324-039,,ENGINEERING,University of Sri Jayewardenepura,MANNAR,1.8685,value,4,12,1.8685
COP2324-039,,ENGINEERING,University of Sri Jayewardenepura,MULLAITIVU,,NQC,4,12,NQC
COP2324-039,,ENGINEERING,University of Sri Jayewardenepura,VAVUNIYA,,NQC,4,12,NQC
COP2324-039,,ENGINEERING,University of Sri Jayewardenepura,TRINCOMALEE,1.8569,value,4,12,1.8569
COP2324-039,,ENGINEERING,University of Sri Jayewardenepura,BATTICALOA,1.8585,value,4,12,1.8585
COP2324-039,,ENGINEERING,University of Sri Jayewardenepura,AMPARA,,NQC,4,12,NQC
COP2324-039,,ENGINEERING,University of Sri Jayewardenepura,PUTTALAM,,NQC,4,12,NQC
COP2324-039,,ENGINEERING,University of Sri Jayewardenepura,KURUNEGALA,1.8000,value,4,12,1.8000
COP2324-039,,ENGINEERING,University of Sri Jayewardenepura,ANURADHAPURA,,NQC,4,12,NQC
COP2324-039,,ENGINEERING,University of Sri Jayewardenepura,POLONNARUWA,1.8109,value,4,12,1.8109
COP2324-039,,ENGINEERING,University of Sri Jayewardenepura,BADULLA,1.8417,value,4,12,1.8417
COP2324-039,,ENGINEERING,University of Sri Jayewardenepura,MONARAGALA,,NQC,4,12,NQC
COP2324-039,,ENGINEERING,University of Sri Jayewardenepura,KEGALLE,1.8084,value,4,12,1.8084
COP2324-039,,ENGINEERING,University of Sri Jayewardenepura,RATNAPURA,1.8004,value,4,12,1.8004
COP2324-040,,ENGINEERING,University of Jaffna,COLOMBO,,NQC,4,13,NQC
COP2324-040,,ENGINEERING,University of Jaffna,GAMPAHA,1.5835,value,4,13,1.5835
COP2324-040,,ENGINEERING,University of Jaffna,KALUTARA,,NQC,4,13,NQC
COP2324-040,,ENGINEERING,University of Jaffna,MATALE,1.2734,value,4,13,1.2734
COP2324-040,,ENGINEERING,University of Jaffna,KANDY,1.6179,value,4,13,1.6179
COP2324-040,,ENGINEERING,University of Jaffna,NUWARA ELIYA,1.2672,value,4,13,1.2672
COP2324-040,,ENGINEERING,University of Jaffna,GALLE,,NQC,4,13,NQC
COP2324-040,,ENGINEERING,University of Jaffna,MATARA,,NQC,4,13,NQC
COP2324-040,,ENGINEERING,University of Jaffna,HAMBANTOTA,,NQC,4,13,NQC
COP2324-040,,ENGINEERING,University of Jaffna,JAFFNA,1.6834,value,4,13,1.6834
COP2324-040,,ENGINEERING,University of Jaffna,KILINOCHCHI,1.6050,value,4,13,1.6050
COP2324-040,,ENGINEERING,University of Jaffna,MANNAR,1.4186,value,4,13,1.4186
COP2324-040,,ENGINEERING,University of Jaffna,MULLAITIVU,,NQC,4,13,NQC
COP2324-040,,ENGINEERING,University of Jaffna,VAVUNIYA,1.2786,value,4,13,1.2786
COP2324-040,,ENGINEERING,University of Jaffna,TRINCOMALEE,1.2771,value,4,13,1.2771
COP2324-040,,ENGINEERING,University of Jaffna,BATTICALOA,1.4005,value,4,13,1.4005
COP2324-040,,ENGINEERING,University of Jaffna,AMPARA,1.4009,value,4,13,1.4009
COP2324-040,,ENGINEERING,University of Jaffna,PUTTALAM,1.2790,value,4,13,1.2790
COP2324-040,,ENGINEERING,University of Jaffna,KURUNEGALA,,NQC,4,13,NQC
COP2324-040,,ENGINEERING,University of Jaffna,ANURADHAPURA,1.3698,value,4,13,1.3698
COP2324-040,,ENGINEERING,University of Jaffna,POLONNARUWA,1.2676,value,4,13,1.2676
COP2324-040,,ENGINEERING,University of Jaffna,BADULLA,1.6082,value,4,13,1.6082
COP2324-040,,ENGINEERING,University of Jaffna,MONARAGALA,1.2793,value,4,13,1.2793
COP2324-040,,ENGINEERING,University of Jaffna,KEGALLE,,NQC,4,13,NQC
COP2324-040,,ENGINEERING,University of Jaffna,RATNAPURA,1.5051,value,4,13,1.5051
COP2324-041,,ENGINEERING,University of Ruhuna,COLOMBO,1.8176,value,4,14,1.8176
COP2324-041,,ENGINEERING,University of Ruhuna,GAMPAHA,1.6306,value,4,14,1.6306
COP2324-041,,ENGINEERING,University of Ruhuna,KALUTARA,1.7093,value,4,14,1.7093
COP2324-041,,ENGINEERING,University of Ruhuna,MATALE,1.7057,value,4,14,1.7057
COP2324-041,,ENGINEERING,University of Ruhuna,KANDY,1.6267,value,4,14,1.6267
COP2324-041,,ENGINEERING,University of Ruhuna,NUWARA ELIYA,1.6467,value,4,14,1.6467
COP2324-041,,ENGINEERING,University of Ruhuna,GALLE,1.8399,value,4,14,1.8399
COP2324-041,,ENGINEERING,University of Ruhuna,MATARA,1.8187,value,4,14,1.8187
COP2324-041,,ENGINEERING,University of Ruhuna,HAMBANTOTA,1.6476,value,4,14,1.6476
COP2324-041,,ENGINEERING,University of Ruhuna,JAFFNA,1.6950,value,4,14,1.6950
COP2324-041,,ENGINEERING,University of Ruhuna,KILINOCHCHI,1.7726,value,4,14,1.7726
COP2324-041,,ENGINEERING,University of Ruhuna,MANNAR,1.6598,value,4,14,1.6598
COP2324-041,,ENGINEERING,University of Ruhuna,MULLAITIVU,,NQC,4,14,NQC
COP2324-041,,ENGINEERING,University of Ruhuna,VAVUNIYA,1.6385,value,4,14,1.6385
COP2324-041,,ENGINEERING,University of Ruhuna,TRINCOMALEE,1.6537,value,4,14,1.6537
COP2324-041,,ENGINEERING,University of Ruhuna,BATTICALOA,1.6319,value,4,14,1.6319
COP2324-041,,ENGINEERING,University of Ruhuna,AMPARA,1.6277,value,4,14,1.6277
COP2324-041,,ENGINEERING,University of Ruhuna,PUTTALAM,1.6340,value,4,14,1.6340
COP2324-041,,ENGINEERING,University of Ruhuna,KURUNEGALA,1.6920,value,4,14,1.6920
COP2324-041,,ENGINEERING,University of Ruhuna,ANURADHAPURA,1.6287,value,4,14,1.6287
COP2324-041,,ENGINEERING,University of Ruhuna,POLONNARUWA,1.6574,value,4,14,1.6574
COP2324-041,,ENGINEERING,University of Ruhuna,BADULLA,1.6263,value,4,14,1.6263
COP2324-041,,ENGINEERING,University of Ruhuna,MONARAGALA,1.6425,value,4,14,1.6425
COP2324-041,,ENGINEERING,University of Ruhuna,KEGALLE,1.6427,value,4,14,1.6427
COP2324-041,,ENGINEERING,University of Ruhuna,RATNAPURA,1.6336,value,4,14,1.6336
COP2324-042,,ENGINEERING,University of Moratuwa,COLOMBO,2.0805,value,4,15,2.0805
COP2324-042,,ENGINEERING,University of Moratuwa,GAMPAHA,2.0818,value,4,15,2.0818
COP2324-042,,ENGINEERING,University of Moratuwa,KALUTARA,2.0848,value,4,15,2.0848
COP2324-042,,ENGINEERING,University of Moratuwa,MATALE,2.1458,value,4,15,2.1458
COP2324-042,,ENGINEERING,University of Moratuwa,KANDY,2.1017,value,4,15,2.1017
COP2324-042,,ENGINEERING,University of Moratuwa,NUWARA ELIYA,2.0835,value,4,15,2.0835
COP2324-042,,ENGINEERING,University of Moratuwa,GALLE,2.0803,value,4,15,2.0803
COP2324-042,,ENGINEERING,University of Moratuwa,MATARA,2.0829,value,4,15,2.0829
COP2324-042,,ENGINEERING,University of Moratuwa,HAMBANTOTA,2.0798,value,4,15,2.0798
COP2324-042,,ENGINEERING,University of Moratuwa,JAFFNA,2.0822,value,4,15,2.0822
COP2324-042,,ENGINEERING,University of Moratuwa,KILINOCHCHI,2.1396,value,4,15,2.1396
COP2324-042,,ENGINEERING,University of Moratuwa,MANNAR,2.3839,value,4,15,2.3839
COP2324-042,,ENGINEERING,University of Moratuwa,MULLAITIVU,2.6538,value,4,15,2.6538
COP2324-042,,ENGINEERING,University of Moratuwa,VAVUNIYA,2.1676,value,4,15,2.1676
COP2324-042,,ENGINEERING,University of Moratuwa,TRINCOMALEE,2.1020,value,4,15,2.1020
COP2324-042,,ENGINEERING,University of Moratuwa,BATTICALOA,2.0967,value,4,15,2.0967
COP2324-042,,ENGINEERING,University of Moratuwa,AMPARA,2.1657,value,4,15,2.1657
COP2324-042,,ENGINEERING,University of Moratuwa,PUTTALAM,2.0884,value,4,15,2.0884
COP2324-042,,ENGINEERING,University of Moratuwa,KURUNEGALA,2.0805,value,4,15,2.0805
COP2324-042,,ENGINEERING,University of Moratuwa,ANURADHAPURA,2.1595,value,4,15,2.1595
COP2324-042,,ENGINEERING,University of Moratuwa,POLONNARUWA,2.1108,value,4,15,2.1108
COP2324-042,,ENGINEERING,University of Moratuwa,BADULLA,2.1156,value,4,15,2.1156
COP2324-042,,ENGINEERING,University of Moratuwa,MONARAGALA,2.1018,value,4,15,2.1018
COP2324-042,,ENGINEERING,University of Moratuwa,KEGALLE,2.0962,value,4,15,2.0962
COP2324-042,,ENGINEERING,University of Moratuwa,RATNAPURA,2.0919,value,4,15,2.0919
COP2324-043,,ENGINEERING,South Eastern University of Sri Lanka,COLOMBO,,NQC,4,16,NQC
COP2324-043,,ENGINEERING,South Eastern University of Sri Lanka,GAMPAHA,,NQC,4,16,NQC
COP2324-043,,ENGINEERING,South Eastern University of Sri Lanka,KALUTARA,,NQC,4,16,NQC
COP2324-043,,ENGINEERING,South Eastern University of Sri Lanka,MATALE,1.1175,value,4,16,1.1175
COP2324-043,,ENGINEERING,South Eastern University of Sri Lanka,KANDY,,NQC,4,16,NQC
COP2324-043,,ENGINEERING,South Eastern University of Sri Lanka,NUWARA ELIYA,0.7651,value,4,16,0.7651
COP2324-043,,ENGINEERING,South Eastern University of Sri Lanka,GALLE,,NQC,4,16,NQC
COP2324-043,,ENGINEERING,South Eastern University of Sri Lanka,MATARA,,NQC,4,16,NQC
COP2324-043,,ENGINEERING,South Eastern University of Sri Lanka,HAMBANTOTA,,NQC,4,16,NQC
COP2324-043,,ENGINEERING,South Eastern University of Sri Lanka,JAFFNA,,NQC,4,16,NQC
COP2324-043,,ENGINEERING,South Eastern University of Sri Lanka,KILINOCHCHI,,NQC,4,16,NQC
COP2324-043,,ENGINEERING,South Eastern University of Sri Lanka,MANNAR,,NQC,4,16,NQC
COP2324-043,,ENGINEERING,South Eastern University of Sri Lanka,MULLAITIVU,0.5854,value,4,16,0.5854
COP2324-043,,ENGINEERING,South Eastern University of Sri Lanka,VAVUNIYA,1.1117,value,4,16,1.1117
COP2324-043,,ENGINEERING,South Eastern University of Sri Lanka,TRINCOMALEE,1.2453,value,4,16,1.2453
COP2324-043,,ENGINEERING,South Eastern University of Sri Lanka,BATTICALOA,,NQC,4,16,NQC
COP2324-043,,ENGINEERING,South Eastern University of Sri Lanka,AMPARA,1.4015,value,4,16,1.4015
COP2324-043,,ENGINEERING,South Eastern University of Sri Lanka,PUTTALAM,1.0350,value,4,16,1.0350
COP2324-043,,ENGINEERING,South Eastern University of Sri Lanka,KURUNEGALA,,NQC,4,16,NQC
COP2324-043,,ENGINEERING,South Eastern University of Sri Lanka,ANURADHAPURA,,NQC,4,16,NQC
COP2324-043,,ENGINEERING,South Eastern University of Sri Lanka,POLONNARUWA,0.8495,value,4,16,0.8495
COP2324-043,,ENGINEERING,South Eastern University of Sri Lanka,BADULLA,,NQC,4,16,NQC
COP2324-043,,ENGINEERING,South Eastern University of Sri Lanka,MONARAGALA,1.2014,value,4,16,1.2014
COP2324-043,,ENGINEERING,South Eastern University of Sri Lanka,KEGALLE,,NQC,4,16,NQC
COP2324-043,,ENGINEERING,South Eastern University of Sri Lanka,RATNAPURA,1.5439,value,4,16,1.5439
COP2324-044,,ENGINEERING (EM),University of Moratuwa,COLOMBO,1.6222,value,4,17,1.6222
COP2324-044,,ENGINEERING (EM),University of Moratuwa,GAMPAHA,1.5299,value,4,17,1.5299
COP2324-044,,ENGINEERING (EM),University of Moratuwa,KALUTARA,1.6336,value,4,17,1.6336
COP2324-044,,ENGINEERING (EM),University of Moratuwa,MATALE,1.6130,value,4,17,1.6130
COP2324-044,,ENGINEERING (EM),University of Moratuwa,KANDY,1.5922,value,4,17,1.5922
COP2324-044,,ENGINEERING (EM),University of Moratuwa,NUWARA ELIYA,1.0294,value,4,17,1.0294
COP2324-044,,ENGINEERING (EM),University of Moratuwa,GALLE,1.5931,value,4,17,1.5931
COP2324-044,,ENGINEERING (EM),University of Moratuwa,MATARA,1.6045,value,4,17,1.6045
COP2324-044,,ENGINEERING (EM),University of Moratuwa,HAMBANTOTA,1.5890,value,4,17,1.5890
COP2324-044,,ENGINEERING (EM),University of Moratuwa,JAFFNA,1.3231,value,4,17,1.3231
COP2324-044,,ENGINEERING (EM),University of Moratuwa,KILINOCHCHI,1.5508,value,4,17,1.5508
COP2324-044,,ENGINEERING (EM),University of Moratuwa,MANNAR,0.9022,value,4,17,0.9022
COP2324-044,,ENGINEERING (EM),University of Moratuwa,MULLAITIVU,0.5315,value,4,17,0.5315
COP2324-044,,ENGINEERING (EM),University of Moratuwa,VAVUNIYA,1.1249,value,4,17,1.1249
COP2324-044,,ENGINEERING (EM),University of Moratuwa,TRINCOMALEE,1.3575,value,4,17,1.3575
COP2324-044,,ENGINEERING (EM),University of Moratuwa,BATTICALOA,1.3733,value,4,17,1.3733
COP2324-044,,ENGINEERING (EM),University of Moratuwa,AMPARA,1.3324,value,4,17,1.3324
COP2324-044,,ENGINEERING (EM),University of Moratuwa,PUTTALAM,1.3808,value,4,17,1.3808
COP2324-044,,ENGINEERING (EM),University of Moratuwa,KURUNEGALA,1.5806,value,4,17,1.5806
COP2324-044,,ENGINEERING (EM),University of Moratuwa,ANURADHAPURA,1.3586,value,4,17,1.3586
COP2324-044,,ENGINEERING (EM),University of Moratuwa,POLONNARUWA,1.2091,value,4,17,1.2091
COP2324-044,,ENGINEERING (EM),University of Moratuwa,BADULLA,1.5841,value,4,17,1.5841
COP2324-044,,ENGINEERING (EM),University of Moratuwa,MONARAGALA,1.5871,value,4,17,1.5871
COP2324-044,,ENGINEERING (EM),University of Moratuwa,KEGALLE,1.5467,value,4,17,1.5467
COP2324-044,,ENGINEERING (EM),University of Moratuwa,RATNAPURA,1.4419,value,4,17,1.4419
COP2324-045,,ENGINEERING (TM),University of Moratuwa,COLOMBO,1.6074,value,4,18,1.6074
COP2324-045,,ENGINEERING (TM),University of Moratuwa,GAMPAHA,1.5433,value,4,18,1.5433
COP2324-045,,ENGINEERING (TM),University of Moratuwa,KALUTARA,1.6095,value,4,18,1.6095
COP2324-045,,ENGINEERING (TM),University of Moratuwa,MATALE,1.5127,value,4,18,1.5127
COP2324-045,,ENGINEERING (TM),University of Moratuwa,KANDY,1.5721,value,4,18,1.5721
COP2324-045,,ENGINEERING (TM),University of Moratuwa,NUWARA ELIYA,1.0482,value,4,18,1.0482
COP2324-045,,ENGINEERING (TM),University of Moratuwa,GALLE,1.6126,value,4,18,1.6126
COP2324-045,,ENGINEERING (TM),University of Moratuwa,MATARA,1.5991,value,4,18,1.5991
COP2324-045,,ENGINEERING (TM),University of Moratuwa,HAMBANTOTA,1.5851,value,4,18,1.5851
COP2324-045,,ENGINEERING (TM),University of Moratuwa,JAFFNA,1.4110,value,4,18,1.4110
COP2324-045,,ENGINEERING (TM),University of Moratuwa,KILINOCHCHI,1.4688,value,4,18,1.4688
COP2324-045,,ENGINEERING (TM),University of Moratuwa,MANNAR,0.8306,value,4,18,0.8306
COP2324-045,,ENGINEERING (TM),University of Moratuwa,MULLAITIVU,0.4242,value,4,18,0.4242
COP2324-045,,ENGINEERING (TM),University of Moratuwa,VAVUNIYA,0.8214,value,4,18,0.8214
COP2324-045,,ENGINEERING (TM),University of Moratuwa,TRINCOMALEE,1.1623,value,4,18,1.1623
COP2324-045,,ENGINEERING (TM),University of Moratuwa,BATTICALOA,1.3259,value,4,18,1.3259
COP2324-045,,ENGINEERING (TM),University of Moratuwa,AMPARA,1.3281,value,4,18,1.3281
COP2324-045,,ENGINEERING (TM),University of Moratuwa,PUTTALAM,1.4779,value,4,18,1.4779
COP2324-045,,ENGINEERING (TM),University of Moratuwa,KURUNEGALA,1.6078,value,4,18,1.6078
COP2324-045,,ENGINEERING (TM),University of Moratuwa,ANURADHAPURA,1.3545,value,4,18,1.3545
COP2324-045,,ENGINEERING (TM),University of Moratuwa,POLONNARUWA,1.5527,value,4,18,1.5527
COP2324-045,,ENGINEERING (TM),University of Moratuwa,BADULLA,1.5756,value,4,18,1.5756
COP2324-045,,ENGINEERING (TM),University of Moratuwa,MONARAGALA,1.5048,value,4,18,1.5048
COP2324-045,,ENGINEERING (TM),University of Moratuwa,KEGALLE,1.5472,value,4,18,1.5472
COP2324-045,,ENGINEERING (TM),University of Moratuwa,RATNAPURA,1.4932,value,4,18,1.4932
COP2324-046,,QUANTITY SURVEYING,University of Moratuwa,COLOMBO,1.4356,value,4,19,1.4356
COP2324-046,,QUANTITY SURVEYING,University of Moratuwa,GAMPAHA,1.4088,value,4,19,1.4088
COP2324-046,,QUANTITY SURVEYING,University of Moratuwa,KALUTARA,1.4199,value,4,19,1.4199
COP2324-046,,QUANTITY SURVEYING,University of Moratuwa,MATALE,1.2340,value,4,19,1.2340
COP2324-046,,QUANTITY SURVEYING,University of Moratuwa,KANDY,1.3480,value,4,19,1.3480
COP2324-046,,QUANTITY SURVEYING,University of Moratuwa,NUWARA ELIYA,0.7132,value,4,19,0.7132
COP2324-046,,QUANTITY SURVEYING,University of Moratuwa,GALLE,1.4682,value,4,19,1.4682
COP2324-046,,QUANTITY SURVEYING,University of Moratuwa,MATARA,1.4746,value,4,19,1.4746
COP2324-046,,QUANTITY SURVEYING,University of Moratuwa,HAMBANTOTA,1.4374,value,4,19,1.4374
COP2324-046,,QUANTITY SURVEYING,University of Moratuwa,JAFFNA,1.3915,value,4,19,1.3915
COP2324-046,,QUANTITY SURVEYING,University of Moratuwa,KILINOCHCHI,1.4447,value,4,19,1.4447
COP2324-046,,QUANTITY SURVEYING,University of Moratuwa,MANNAR,0.7650,value,4,19,0.7650
COP2324-046,,QUANTITY SURVEYING,University of Moratuwa,MULLAITIVU,0.5296,value,4,19,0.5296
COP2324-046,,QUANTITY SURVEYING,University of Moratuwa,VAVUNIYA,1.1299,value,4,19,1.1299
COP2324-046,,QUANTITY SURVEYING,University of Moratuwa,TRINCOMALEE,1.1360,value,4,19,1.1360
COP2324-046,,QUANTITY SURVEYING,University of Moratuwa,BATTICALOA,1.3041,value,4,19,1.3041
COP2324-046,,QUANTITY SURVEYING,University of Moratuwa,AMPARA,1.2698,value,4,19,1.2698
COP2324-046,,QUANTITY SURVEYING,University of Moratuwa,PUTTALAM,1.1240,value,4,19,1.1240
COP2324-046,,QUANTITY SURVEYING,University of Moratuwa,KURUNEGALA,1.4382,value,4,19,1.4382
COP2324-046,,QUANTITY SURVEYING,University of Moratuwa,ANURADHAPURA,1.3240,value,4,19,1.3240
COP2324-046,,QUANTITY SURVEYING,University of Moratuwa,POLONNARUWA,0.8559,value,4,19,0.8559
COP2324-046,,QUANTITY SURVEYING,University of Moratuwa,BADULLA,1.3984,value,4,19,1.3984
COP2324-046,,QUANTITY SURVEYING,University of Moratuwa,MONARAGALA,1.1499,value,4,19,1.1499
COP2324-046,,QUANTITY SURVEYING,University of Moratuwa,KEGALLE,1.4414,value,4,19,1.4414
COP2324-046,,QUANTITY SURVEYING,University of Moratuwa,RATNAPURA,1.3696,value,4,19,1.3696
COP2324-047,,COMPUTER SCIENCE,University of Colombo School of Computing,COLOMBO,1.6486,value,4,20,1.6486
COP2324-047,,COMPUTER SCIENCE,University of Colombo School of Computing,GAMPAHA,1.6550,value,4,20,1.6550
COP2324-047,,COMPUTER SCIENCE,University of Colombo School of Computing,KALUTARA,1.6535,value,4,20,1.6535
COP2324-047,,COMPUTER SCIENCE,University of Colombo School of Computing,MATALE,,NQC,4,20,NQC
COP2324-047,,COMPUTER SCIENCE,University of Colombo School of Computing,KANDY,1.6561,value,4,20,1.6561
COP2324-047,,COMPUTER SCIENCE,University of Colombo School of Computing,NUWARA ELIYA,,NQC,4,20,NQC
COP2324-047,,COMPUTER SCIENCE,University of Colombo School of Computing,GALLE,1.6504,value,4,20,1.6504
COP2324-047,,COMPUTER SCIENCE,University of Colombo School of Computing,MATARA,1.6503,value,4,20,1.6503
COP2324-047,,COMPUTER SCIENCE,University of Colombo School of Computing,HAMBANTOTA,1.8055,value,4,20,1.8055
COP2324-047,,COMPUTER SCIENCE,University of Colombo School of Computing,JAFFNA,1.6495,value,4,20,1.6495
COP2324-047,,COMPUTER SCIENCE,University of Colombo School of Computing,KILINOCHCHI,,NQC,4,20,NQC
COP2324-047,,COMPUTER SCIENCE,University of Colombo School of Computing,MANNAR,,NQC,4,20,NQC
COP2324-047,,COMPUTER SCIENCE,University of Colombo School of Computing,MULLAITIVU,,NQC,4,20,NQC
COP2324-047,,COMPUTER SCIENCE,University of Colombo School of Computing,VAVUNIYA,,NQC,4,20,NQC
COP2324-047,,COMPUTER SCIENCE,University of Colombo School of Computing,TRINCOMALEE,1.6562,value,4,20,1.6562
COP2324-047,,COMPUTER SCIENCE,University of Colombo School of Computing,BATTICALOA,,NQC,4,20,NQC
COP2324-047,,COMPUTER SCIENCE,University of Colombo School of Computing,AMPARA,,NQC,4,20,NQC
COP2324-047,,COMPUTER SCIENCE,University of Colombo School of Computing,PUTTALAM,1.7084,value,4,20,1.7084
COP2324-047,,COMPUTER SCIENCE,University of Colombo School of Computing,KURUNEGALA,1.6517,value,4,20,1.6517
COP2324-047,,COMPUTER SCIENCE,University of Colombo School of Computing,ANURADHAPURA,1.7014,value,4,20,1.7014
COP2324-047,,COMPUTER SCIENCE,University of Colombo School of Computing,POLONNARUWA,,NQC,4,20,NQC
COP2324-047,,COMPUTER SCIENCE,University of Colombo School of Computing,BADULLA,1.6764,value,4,20,1.6764
COP2324-047,,COMPUTER SCIENCE,University of Colombo School of Computing,MONARAGALA,,NQC,4,20,NQC
COP2324-047,,COMPUTER SCIENCE,University of Colombo School of Computing,KEGALLE,1.8996,value,4,20,1.8996
COP2324-047,,COMPUTER SCIENCE,University of Colombo School of Computing,RATNAPURA,1.8598,value,4,20,1.8598
COP2324-048,,COMPUTER SCIENCE,University of Sri Jayewardenepura,COLOMBO,1.5739,value,4,21,1.5739
COP2324-048,,COMPUTER SCIENCE,University of Sri Jayewardenepura,GAMPAHA,1.6321,value,4,21,1.6321
COP2324-048,,COMPUTER SCIENCE,University of Sri Jayewardenepura,KALUTARA,1.5745,value,4,21,1.5745
COP2324-048,,COMPUTER SCIENCE,University of Sri Jayewardenepura,MATALE,,NQC,4,21,NQC
COP2324-048,,COMPUTER SCIENCE,University of Sri Jayewardenepura,KANDY,1.5888,value,4,21,1.5888
COP2324-048,,COMPUTER SCIENCE,University of Sri Jayewardenepura,NUWARA ELIYA,,NQC,4,21,NQC
COP2324-048,,COMPUTER SCIENCE,University of Sri Jayewardenepura,GALLE,1.5751,value,4,21,1.5751
COP2324-048,,COMPUTER SCIENCE,University of Sri Jayewardenepura,MATARA,1.5769,value,4,21,1.5769
COP2324-048,,COMPUTER SCIENCE,University of Sri Jayewardenepura,HAMBANTOTA,1.6036,value,4,21,1.6036
COP2324-048,,COMPUTER SCIENCE,University of Sri Jayewardenepura,JAFFNA,1.5786,value,4,21,1.5786
COP2324-048,,COMPUTER SCIENCE,University of Sri Jayewardenepura,KILINOCHCHI,,NQC,4,21,NQC
COP2324-048,,COMPUTER SCIENCE,University of Sri Jayewardenepura,MANNAR,,NQC,4,21,NQC
COP2324-048,,COMPUTER SCIENCE,University of Sri Jayewardenepura,MULLAITIVU,,NQC,4,21,NQC
COP2324-048,,COMPUTER SCIENCE,University of Sri Jayewardenepura,VAVUNIYA,,NQC,4,21,NQC
COP2324-048,,COMPUTER SCIENCE,University of Sri Jayewardenepura,TRINCOMALEE,,NQC,4,21,NQC
COP2324-048,,COMPUTER SCIENCE,University of Sri Jayewardenepura,BATTICALOA,,NQC,4,21,NQC
COP2324-048,,COMPUTER SCIENCE,University of Sri Jayewardenepura,AMPARA,,NQC,4,21,NQC
COP2324-048,,COMPUTER SCIENCE,University of Sri Jayewardenepura,PUTTALAM,,NQC,4,21,NQC
COP2324-048,,COMPUTER SCIENCE,University of Sri Jayewardenepura,KURUNEGALA,1.5758,value,4,21,1.5758
COP2324-048,,COMPUTER SCIENCE,University of Sri Jayewardenepura,ANURADHAPURA,,NQC,4,21,NQC
COP2324-048,,COMPUTER SCIENCE,University of Sri Jayewardenepura,POLONNARUWA,,NQC,4,21,NQC
COP2324-048,,COMPUTER SCIENCE,University of Sri Jayewardenepura,BADULLA,,NQC,4,21,NQC
COP2324-048,,COMPUTER SCIENCE,University of Sri Jayewardenepura,MONARAGALA,,NQC,4,21,NQC
COP2324-048,,COMPUTER SCIENCE,University of Sri Jayewardenepura,KEGALLE,1.5744,value,4,21,1.5744
COP2324-048,,COMPUTER SCIENCE,University of Sri Jayewardenepura,RATNAPURA,1.6095,value,4,21,1.6095
COP2324-049,,COMPUTER SCIENCE,University of Kelaniya,COLOMBO,1.5815,value,4,22,1.5815
COP2324-049,,COMPUTER SCIENCE,University of Kelaniya,GAMPAHA,,NQC,4,22,NQC
COP2324-049,,COMPUTER SCIENCE,University of Kelaniya,KALUTARA,1.5904,value,4,22,1.5904
COP2324-049,,COMPUTER SCIENCE,University of Kelaniya,MATALE,,NQC,4,22,NQC
COP2324-049,,COMPUTER SCIENCE,University of Kelaniya,KANDY,1.5829,value,4,22,1.5829
COP2324-049,,COMPUTER SCIENCE,University of Kelaniya,NUWARA ELIYA,,NQC,4,22,NQC
COP2324-049,,COMPUTER SCIENCE,University of Kelaniya,GALLE,1.5847,value,4,22,1.5847
COP2324-049,,COMPUTER SCIENCE,University of Kelaniya,MATARA,1.5881,value,4,22,1.5881
COP2324-049,,COMPUTER SCIENCE,University of Kelaniya,HAMBANTOTA,1.5901,value,4,22,1.5901
COP2324-049,,COMPUTER SCIENCE,University of Kelaniya,JAFFNA,,NQC,4,22,NQC
COP2324-049,,COMPUTER SCIENCE,University of Kelaniya,KILINOCHCHI,,NQC,4,22,NQC
COP2324-049,,COMPUTER SCIENCE,University of Kelaniya,MANNAR,,NQC,4,22,NQC
COP2324-049,,COMPUTER SCIENCE,University of Kelaniya,MULLAITIVU,,NQC,4,22,NQC
COP2324-049,,COMPUTER SCIENCE,University of Kelaniya,VAVUNIYA,,NQC,4,22,NQC
COP2324-049,,COMPUTER SCIENCE,University of Kelaniya,TRINCOMALEE,,NQC,4,22,NQC
COP2324-049,,COMPUTER SCIENCE,University of Kelaniya,BATTICALOA,,NQC,4,22,NQC
COP2324-049,,COMPUTER SCIENCE,University of Kelaniya,AMPARA,,NQC,4,22,NQC
COP2324-049,,COMPUTER SCIENCE,University of Kelaniya,PUTTALAM,,NQC,4,22,NQC
COP2324-049,,COMPUTER SCIENCE,University of Kelaniya,KURUNEGALA,1.5821,value,4,22,1.5821
COP2324-049,,COMPUTER SCIENCE,University of Kelaniya,ANURADHAPURA,,NQC,4,22,NQC
COP2324-049,,COMPUTER SCIENCE,University of Kelaniya,POLONNARUWA,,NQC,4,22,NQC
COP2324-049,,COMPUTER SCIENCE,University of Kelaniya,BADULLA,,NQC,4,22,NQC
COP2324-049,,COMPUTER SCIENCE,University of Kelaniya,MONARAGALA,,NQC,4,22,NQC
COP2324-049,,COMPUTER SCIENCE,University of Kelaniya,KEGALLE,1.5816,value,4,22,1.5816
COP2324-049,,COMPUTER SCIENCE,University of Kelaniya,RATNAPURA,,NQC,4,22,NQC
COP2324-050,,COMPUTER SCIENCE,University of Jaffna,COLOMBO,1.3792,value,4,23,1.3792
COP2324-050,,COMPUTER SCIENCE,University of Jaffna,GAMPAHA,1.1771,value,4,23,1.1771
COP2324-050,,COMPUTER SCIENCE,University of Jaffna,KALUTARA,1.3137,value,4,23,1.3137
COP2324-050,,COMPUTER SCIENCE,University of Jaffna,MATALE,1.1074,value,4,23,1.1074
COP2324-050,,COMPUTER SCIENCE,University of Jaffna,KANDY,1.1100,value,4,23,1.1100
COP2324-050,,COMPUTER SCIENCE,University of Jaffna,NUWARA ELIYA,,NQC,4,23,NQC
COP2324-050,,COMPUTER SCIENCE,University of Jaffna,GALLE,,NQC,4,23,NQC
COP2324-050,,COMPUTER SCIENCE,University of Jaffna,MATARA,,NQC,4,23,NQC
COP2324-050,,COMPUTER SCIENCE,University of Jaffna,HAMBANTOTA,,NQC,4,23,NQC
COP2324-050,,COMPUTER SCIENCE,University of Jaffna,JAFFNA,1.3247,value,4,23,1.3247
COP2324-050,,COMPUTER SCIENCE,University of Jaffna,KILINOCHCHI,1.1740,value,4,23,1.1740
COP2324-050,,COMPUTER SCIENCE,University of Jaffna,MANNAR,,NQC,4,23,NQC
COP2324-050,,COMPUTER SCIENCE,University of Jaffna,MULLAITIVU,,NQC,4,23,NQC
COP2324-050,,COMPUTER SCIENCE,University of Jaffna,VAVUNIYA,,NQC,4,23,NQC
COP2324-050,,COMPUTER SCIENCE,University of Jaffna,TRINCOMALEE,1.2109,value,4,23,1.2109
COP2324-050,,COMPUTER SCIENCE,University of Jaffna,BATTICALOA,1.1243,value,4,23,1.1243
COP2324-050,,COMPUTER SCIENCE,University of Jaffna,AMPARA,1.1614,value,4,23,1.1614
COP2324-050,,COMPUTER SCIENCE,University of Jaffna,PUTTALAM,1.2255,value,4,23,1.2255
COP2324-050,,COMPUTER SCIENCE,University of Jaffna,KURUNEGALA,1.3986,value,4,23,1.3986
COP2324-050,,COMPUTER SCIENCE,University of Jaffna,ANURADHAPURA,1.1075,value,4,23,1.1075
COP2324-050,,COMPUTER SCIENCE,University of Jaffna,POLONNARUWA,,NQC,4,23,NQC
COP2324-050,,COMPUTER SCIENCE,University of Jaffna,BADULLA,1.1182,value,4,23,1.1182
COP2324-050,,COMPUTER SCIENCE,University of Jaffna,MONARAGALA,1.1541,value,4,23,1.1541
COP2324-050,,COMPUTER SCIENCE,University of Jaffna,KEGALLE,1.3115,value,4,23,1.3115
COP2324-050,,COMPUTER SCIENCE,University of Jaffna,RATNAPURA,1.1751,value,4,23,1.1751
COP2324-051,,COMPUTER SCIENCE,University of Ruhuna,COLOMBO,1.3995,value,4,24,1.3995
COP2324-051,,COMPUTER SCIENCE,University of Ruhuna,GAMPAHA,1.4079,value,4,24,1.4079
COP2324-051,,COMPUTER SCIENCE,University of Ruhuna,KALUTARA,1.4152,value,4,24,1.4152
COP2324-051,,COMPUTER SCIENCE,University of Ruhuna,MATALE,,NQC,4,24,NQC
COP2324-051,,COMPUTER SCIENCE,University of Ruhuna,KANDY,1.4568,value,4,24,1.4568
COP2324-051,,COMPUTER SCIENCE,University of Ruhuna,NUWARA ELIYA,,NQC,4,24,NQC
COP2324-051,,COMPUTER SCIENCE,University of Ruhuna,GALLE,1.4864,value,4,24,1.4864
COP2324-051,,COMPUTER SCIENCE,University of Ruhuna,MATARA,1.5312,value,4,24,1.5312
COP2324-051,,COMPUTER SCIENCE,University of Ruhuna,HAMBANTOTA,1.4499,value,4,24,1.4499
COP2324-051,,COMPUTER SCIENCE,University of Ruhuna,JAFFNA,,NQC,4,24,NQC
COP2324-051,,COMPUTER SCIENCE,University of Ruhuna,KILINOCHCHI,,NQC,4,24,NQC
COP2324-051,,COMPUTER SCIENCE,University of Ruhuna,MANNAR,,NQC,4,24,NQC
COP2324-051,,COMPUTER SCIENCE,University of Ruhuna,MULLAITIVU,,NQC,4,24,NQC
COP2324-051,,COMPUTER SCIENCE,University of Ruhuna,VAVUNIYA,,NQC,4,24,NQC
COP2324-051,,COMPUTER SCIENCE,University of Ruhuna,TRINCOMALEE,,NQC,4,24,NQC
COP2324-051,,COMPUTER SCIENCE,University of Ruhuna,BATTICALOA,,NQC,4,24,NQC
COP2324-051,,COMPUTER SCIENCE,University of Ruhuna,AMPARA,,NQC,4,24,NQC
COP2324-051,,COMPUTER SCIENCE,University of Ruhuna,PUTTALAM,,NQC,4,24,NQC
COP2324-051,,COMPUTER SCIENCE,University of Ruhuna,KURUNEGALA,1.4004,value,4,24,1.4004
COP2324-051,,COMPUTER SCIENCE,University of Ruhuna,ANURADHAPURA,,NQC,4,24,NQC
COP2324-051,,COMPUTER SCIENCE,University of Ruhuna,POLONNARUWA,,NQC,4,24,NQC
COP2324-051,,COMPUTER SCIENCE,University of Ruhuna,BADULLA,1.5052,value,4,24,1.5052
COP2324-051,,COMPUTER SCIENCE,University of Ruhuna,MONARAGALA,,NQC,4,24,NQC
COP2324-051,,COMPUTER SCIENCE,University of Ruhuna,KEGALLE,1.4197,value,4,24,1.4197
COP2324-051,,COMPUTER SCIENCE,University of Ruhuna,RATNAPURA,1.4218,value,4,24,1.4218
COP2324-052,,COMPUTER SCIENCE,Eastern University - Trincomalee Campus,COLOMBO,,NQC,4,25,NQC
COP2324-052,,COMPUTER SCIENCE,Eastern University - Trincomalee Campus,GAMPAHA,1.2027,value,4,25,1.2027
COP2324-052,,COMPUTER SCIENCE,Eastern University - Trincomalee Campus,KALUTARA,,NQC,4,25,NQC
COP2324-052,,COMPUTER SCIENCE,Eastern University - Trincomalee Campus,MATALE,0.7439,value,4,25,0.7439
COP2324-052,,COMPUTER SCIENCE,Eastern University - Trincomalee Campus,KANDY,1.0091,value,4,25,1.0091
COP2324-052,,COMPUTER SCIENCE,Eastern University - Trincomalee Campus,NUWARA ELIYA,0.4406,value,4,25,0.4406
COP2324-052,,COMPUTER SCIENCE,Eastern University - Trincomalee Campus,GALLE,,NQC,4,25,NQC
COP2324-052,,COMPUTER SCIENCE,Eastern University - Trincomalee Campus,MATARA,,NQC,4,25,NQC
COP2324-052,,COMPUTER SCIENCE,Eastern University - Trincomalee Campus,HAMBANTOTA,,NQC,4,25,NQC
COP2324-052,,COMPUTER SCIENCE,Eastern University - Trincomalee Campus,JAFFNA,,NQC,4,25,NQC
COP2324-052,,COMPUTER SCIENCE,Eastern University - Trincomalee Campus,KILINOCHCHI,0.8323,value,4,25,0.8323
COP2324-052,,COMPUTER SCIENCE,Eastern University - Trincomalee Campus,MANNAR,0.5385,value,4,25,0.5385
COP2324-052,,COMPUTER SCIENCE,Eastern University - Trincomalee Campus,MULLAITIVU,0.3781,value,4,25,0.3781
COP2324-052,,COMPUTER SCIENCE,Eastern University - Trincomalee Campus,VAVUNIYA,0.6572,value,4,25,0.6572
COP2324-052,,COMPUTER SCIENCE,Eastern University - Trincomalee Campus,TRINCOMALEE,0.8012,value,4,25,0.8012
COP2324-052,,COMPUTER SCIENCE,Eastern University - Trincomalee Campus,BATTICALOA,0.9517,value,4,25,0.9517
COP2324-052,,COMPUTER SCIENCE,Eastern University - Trincomalee Campus,AMPARA,0.9563,value,4,25,0.9563
COP2324-052,,COMPUTER SCIENCE,Eastern University - Trincomalee Campus,PUTTALAM,0.7394,value,4,25,0.7394
COP2324-052,,COMPUTER SCIENCE,Eastern University - Trincomalee Campus,KURUNEGALA,,NQC,4,25,NQC
COP2324-052,,COMPUTER SCIENCE,Eastern University - Trincomalee Campus,ANURADHAPURA,0.8951,value,4,25,0.8951
COP2324-052,,COMPUTER SCIENCE,Eastern University - Trincomalee Campus,POLONNARUWA,0.6440,value,4,25,0.6440
COP2324-052,,COMPUTER SCIENCE,Eastern University - Trincomalee Campus,BADULLA,1.1568,value,4,25,1.1568
COP2324-052,,COMPUTER SCIENCE,Eastern University - Trincomalee Campus,MONARAGALA,0.8199,value,4,25,0.8199
COP2324-052,,COMPUTER SCIENCE,Eastern University - Trincomalee Campus,KEGALLE,,NQC,4,25,NQC
COP2324-052,,COMPUTER SCIENCE,Eastern University - Trincomalee Campus,RATNAPURA,1.1640,value,4,25,1.1640
COP2324-053,,PHYSICAL SCIENCE,University of Colombo,COLOMBO,1.3692,value,4,26,1.3692
COP2324-053,,PHYSICAL SCIENCE,University of Colombo,GAMPAHA,1.3723,value,4,26,1.3723
COP2324-053,,PHYSICAL SCIENCE,University of Colombo,KALUTARA,1.3737,value,4,26,1.3737
COP2324-053,,PHYSICAL SCIENCE,University of Colombo,MATALE,,NQC,4,26,NQC
COP2324-053,,PHYSICAL SCIENCE,University of Colombo,KANDY,1.3697,value,4,26,1.3697
COP2324-053,,PHYSICAL SCIENCE,University of Colombo,NUWARA ELIYA,1.7121,value,4,26,1.7121
COP2324-053,,PHYSICAL SCIENCE,University of Colombo,GALLE,1.3720,value,4,26,1.3720
COP2324-053,,PHYSICAL SCIENCE,University of Colombo,MATARA,1.3737,value,4,26,1.3737
COP2324-053,,PHYSICAL SCIENCE,University of Colombo,HAMBANTOTA,1.3709,value,4,26,1.3709
COP2324-053,,PHYSICAL SCIENCE,University of Colombo,JAFFNA,,NQC,4,26,NQC
COP2324-053,,PHYSICAL SCIENCE,University of Colombo,KILINOCHCHI,,NQC,4,26,NQC
COP2324-053,,PHYSICAL SCIENCE,University of Colombo,MANNAR,,NQC,4,26,NQC
COP2324-053,,PHYSICAL SCIENCE,University of Colombo,MULLAITIVU,,NQC,4,26,NQC
COP2324-053,,PHYSICAL SCIENCE,University of Colombo,VAVUNIYA,,NQC,4,26,NQC
COP2324-053,,PHYSICAL SCIENCE,University of Colombo,TRINCOMALEE,,NQC,4,26,NQC
COP2324-053,,PHYSICAL SCIENCE,University of Colombo,BATTICALOA,1.7505,value,4,26,1.7505
COP2324-053,,PHYSICAL SCIENCE,University of Colombo,AMPARA,,NQC,4,26,NQC
COP2324-053,,PHYSICAL SCIENCE,University of Colombo,PUTTALAM,1.6697,value,4,26,1.6697
COP2324-053,,PHYSICAL SCIENCE,University of Colombo,KURUNEGALA,1.3713,value,4,26,1.3713
COP2324-053,,PHYSICAL SCIENCE,University of Colombo,ANURADHAPURA,1.4009,value,4,26,1.4009
COP2324-053,,PHYSICAL SCIENCE,University of Colombo,POLONNARUWA,2.1084,value,4,26,2.1084
COP2324-053,,PHYSICAL SCIENCE,University of Colombo,BADULLA,1.3938,value,4,26,1.3938
COP2324-053,,PHYSICAL SCIENCE,University of Colombo,MONARAGALA,,NQC,4,26,NQC
COP2324-053,,PHYSICAL SCIENCE,University of Colombo,KEGALLE,1.3845,value,4,26,1.3845
COP2324-053,,PHYSICAL SCIENCE,University of Colombo,RATNAPURA,1.3692,value,4,26,1.3692
COP2324-054,,PHYSICAL SCIENCE,University of Peradeniya,COLOMBO,1.2470,value,4,27,1.2470
COP2324-054,,PHYSICAL SCIENCE,University of Peradeniya,GAMPAHA,1.2477,value,4,27,1.2477
COP2324-054,,PHYSICAL SCIENCE,University of Peradeniya,KALUTARA,1.2579,value,4,27,1.2579
COP2324-054,,PHYSICAL SCIENCE,University of Peradeniya,MATALE,,NQC,4,27,NQC
COP2324-054,,PHYSICAL SCIENCE,University of Peradeniya,KANDY,1.2463,value,4,27,1.2463
COP2324-054,,PHYSICAL SCIENCE,University of Peradeniya,NUWARA ELIYA,1.5859,value,4,27,1.5859
COP2324-054,,PHYSICAL SCIENCE,University of Peradeniya,GALLE,1.2502,value,4,27,1.2502
COP2324-054,,PHYSICAL SCIENCE,University of Peradeniya,MATARA,1.2531,value,4,27,1.2531
COP2324-054,,PHYSICAL SCIENCE,University of Peradeniya,HAMBANTOTA,1.2643,value,4,27,1.2643
COP2324-054,,PHYSICAL SCIENCE,University of Peradeniya,JAFFNA,1.2518,value,4,27,1.2518
COP2324-054,,PHYSICAL SCIENCE,University of Peradeniya,KILINOCHCHI,,NQC,4,27,NQC
COP2324-054,,PHYSICAL SCIENCE,University of Peradeniya,MANNAR,,NQC,4,27,NQC
COP2324-054,,PHYSICAL SCIENCE,University of Peradeniya,MULLAITIVU,,NQC,4,27,NQC
COP2324-054,,PHYSICAL SCIENCE,University of Peradeniya,VAVUNIYA,,NQC,4,27,NQC
COP2324-054,,PHYSICAL SCIENCE,University of Peradeniya,TRINCOMALEE,,NQC,4,27,NQC
COP2324-054,,PHYSICAL SCIENCE,University of Peradeniya,BATTICALOA,,NQC,4,27,NQC
COP2324-054,,PHYSICAL SCIENCE,University of Peradeniya,AMPARA,,NQC,4,27,NQC
COP2324-054,,PHYSICAL SCIENCE,University of Peradeniya,PUTTALAM,,NQC,4,27,NQC
COP2324-054,,PHYSICAL SCIENCE,University of Peradeniya,KURUNEGALA,1.2542,value,4,27,1.2542
COP2324-054,,PHYSICAL SCIENCE,University of Peradeniya,ANURADHAPURA,1.3055,value,4,27,1.3055
COP2324-054,,PHYSICAL SCIENCE,University of Peradeniya,POLONNARUWA,,NQC,4,27,NQC
COP2324-054,,PHYSICAL SCIENCE,University of Peradeniya,BADULLA,1.2459,value,4,27,1.2459
COP2324-054,,PHYSICAL SCIENCE,University of Peradeniya,MONARAGALA,1.5292,value,4,27,1.5292
COP2324-054,,PHYSICAL SCIENCE,University of Peradeniya,KEGALLE,1.2515,value,4,27,1.2515
COP2324-054,,PHYSICAL SCIENCE,University of Peradeniya,RATNAPURA,1.2504,value,4,27,1.2504
COP2324-055,,PHYSICAL SCIENCE,University of Sri Jayewardenepura,COLOMBO,1.1824,value,5,1,1.1824
COP2324-055,,PHYSICAL SCIENCE,University of Sri Jayewardenepura,GAMPAHA,1.1855,value,5,1,1.1855
COP2324-055,,PHYSICAL SCIENCE,University of Sri Jayewardenepura,KALUTARA,1.1845,value,5,1,1.1845
COP2324-055,,PHYSICAL SCIENCE,University of Sri Jayewardenepura,MATALE,,NQC,5,1,NQC
COP2324-055,,PHYSICAL SCIENCE,University of Sri Jayewardenepura,KANDY,1.1907,value,5,1,1.1907
COP2324-055,,PHYSICAL SCIENCE,University of Sri Jayewardenepura,NUWARA ELIYA,,NQC,5,1,NQC
COP2324-055,,PHYSICAL SCIENCE,University of Sri Jayewardenepura,GALLE,1.1819,value,5,1,1.1819
COP2324-055,,PHYSICAL SCIENCE,University of Sri Jayewardenepura,MATARA,1.1831,value,5,1,1.1831
COP2324-055,,PHYSICAL SCIENCE,University of Sri Jayewardenepura,HAMBANTOTA,1.1872,value,5,1,1.1872
COP2324-055,,PHYSICAL SCIENCE,University of Sri Jayewardenepura,JAFFNA,1.1878,value,5,1,1.1878
COP2324-055,,PHYSICAL SCIENCE,University of Sri Jayewardenepura,KILINOCHCHI,,NQC,5,1,NQC
COP2324-055,,PHYSICAL SCIENCE,University of Sri Jayewardenepura,MANNAR,,NQC,5,1,NQC
COP2324-055,,PHYSICAL SCIENCE,University of Sri Jayewardenepura,MULLAITIVU,,NQC,5,1,NQC
COP2324-055,,PHYSICAL SCIENCE,University of Sri Jayewardenepura,VAVUNIYA,,NQC,5,1,NQC
COP2324-055,,PHYSICAL SCIENCE,University of Sri Jayewardenepura,TRINCOMALEE,,NQC,5,1,NQC
COP2324-055,,PHYSICAL SCIENCE,University of Sri Jayewardenepura,BATTICALOA,1.1912,value,5,1,1.1912
COP2324-055,,PHYSICAL SCIENCE,University of Sri Jayewardenepura,AMPARA,,NQC,5,1,NQC
COP2324-055,,PHYSICAL SCIENCE,University of Sri Jayewardenepura,PUTTALAM,,NQC,5,1,NQC
COP2324-055,,PHYSICAL SCIENCE,University of Sri Jayewardenepura,KURUNEGALA,1.1839,value,5,1,1.1839
COP2324-055,,PHYSICAL SCIENCE,University of Sri Jayewardenepura,ANURADHAPURA,1.1819,value,5,1,1.1819
COP2324-055,,PHYSICAL SCIENCE,University of Sri Jayewardenepura,POLONNARUWA,,NQC,5,1,NQC
COP2324-055,,PHYSICAL SCIENCE,University of Sri Jayewardenepura,BADULLA,1.1939,value,5,1,1.1939
COP2324-055,,PHYSICAL SCIENCE,University of Sri Jayewardenepura,MONARAGALA,,NQC,5,1,NQC
COP2324-055,,PHYSICAL SCIENCE,University of Sri Jayewardenepura,KEGALLE,1.1969,value,5,1,1.1969
COP2324-055,,PHYSICAL SCIENCE,University of Sri Jayewardenepura,RATNAPURA,1.1926,value,5,1,1.1926
COP2324-056,,PHYSICAL SCIENCE,University of Kelaniya,COLOMBO,1.0877,value,5,2,1.0877
COP2324-056,,PHYSICAL SCIENCE,University of Kelaniya,GAMPAHA,1.0851,value,5,2,1.0851
COP2324-056,,PHYSICAL SCIENCE,University of Kelaniya,KALUTARA,1.0853,value,5,2,1.0853
COP2324-056,,PHYSICAL SCIENCE,University of Kelaniya,MATALE,1.0927,value,5,2,1.0927
COP2324-056,,PHYSICAL SCIENCE,University of Kelaniya,KANDY,1.0859,value,5,2,1.0859
COP2324-056,,PHYSICAL SCIENCE,University of Kelaniya,NUWARA ELIYA,,NQC,5,2,NQC
COP2324-056,,PHYSICAL SCIENCE,University of Kelaniya,GALLE,1.0853,value,5,2,1.0853
COP2324-056,,PHYSICAL SCIENCE,University of Kelaniya,MATARA,1.0886,value,5,2,1.0886
COP2324-056,,PHYSICAL SCIENCE,University of Kelaniya,HAMBANTOTA,1.0952,value,5,2,1.0952
COP2324-056,,PHYSICAL SCIENCE,University of Kelaniya,JAFFNA,1.0979,value,5,2,1.0979
COP2324-056,,PHYSICAL SCIENCE,University of Kelaniya,KILINOCHCHI,,NQC,5,2,NQC
COP2324-056,,PHYSICAL SCIENCE,University of Kelaniya,MANNAR,,NQC,5,2,NQC
COP2324-056,,PHYSICAL SCIENCE,University of Kelaniya,MULLAITIVU,,NQC,5,2,NQC
COP2324-056,,PHYSICAL SCIENCE,University of Kelaniya,VAVUNIYA,,NQC,5,2,NQC
COP2324-056,,PHYSICAL SCIENCE,University of Kelaniya,TRINCOMALEE,,NQC,5,2,NQC
COP2324-056,,PHYSICAL SCIENCE,University of Kelaniya,BATTICALOA,1.0988,value,5,2,1.0988
COP2324-056,,PHYSICAL SCIENCE,University of Kelaniya,AMPARA,1.1096,value,5,2,1.1096
COP2324-056,,PHYSICAL SCIENCE,University of Kelaniya,PUTTALAM,1.1170,value,5,2,1.1170
COP2324-056,,PHYSICAL SCIENCE,University of Kelaniya,KURUNEGALA,1.0862,value,5,2,1.0862
COP2324-056,,PHYSICAL SCIENCE,University of Kelaniya,ANURADHAPURA,1.0894,value,5,2,1.0894
COP2324-056,,PHYSICAL SCIENCE,University of Kelaniya,POLONNARUWA,,NQC,5,2,NQC
COP2324-056,,PHYSICAL SCIENCE,University of Kelaniya,BADULLA,1.0880,value,5,2,1.0880
COP2324-056,,PHYSICAL SCIENCE,University of Kelaniya,MONARAGALA,1.1416,value,5,2,1.1416
COP2324-056,,PHYSICAL SCIENCE,University of Kelaniya,KEGALLE,1.0872,value,5,2,1.0872
COP2324-056,,PHYSICAL SCIENCE,University of Kelaniya,RATNAPURA,1.0916,value,5,2,1.0916
COP2324-057,,PHYSICAL SCIENCE,University of Jaffna,COLOMBO,0.8975,value,5,3,0.8975
COP2324-057,,PHYSICAL SCIENCE,University of Jaffna,GAMPAHA,0.7941,value,5,3,0.7941
COP2324-057,,PHYSICAL SCIENCE,University of Jaffna,KALUTARA,0.8872,value,5,3,0.8872
COP2324-057,,PHYSICAL SCIENCE,University of Jaffna,MATALE,0.8367,value,5,3,0.8367
COP2324-057,,PHYSICAL SCIENCE,University of Jaffna,KANDY,0.8057,value,5,3,0.8057
COP2324-057,,PHYSICAL SCIENCE,University of Jaffna,NUWARA ELIYA,0.9804,value,5,3,0.9804
COP2324-057,,PHYSICAL SCIENCE,University of Jaffna,GALLE,,NQC,5,3,NQC
COP2324-057,,PHYSICAL SCIENCE,University of Jaffna,MATARA,,NQC,5,3,NQC
COP2324-057,,PHYSICAL SCIENCE,University of Jaffna,HAMBANTOTA,0.9414,value,5,3,0.9414
COP2324-057,,PHYSICAL SCIENCE,University of Jaffna,JAFFNA,0.8707,value,5,3,0.8707
COP2324-057,,PHYSICAL SCIENCE,University of Jaffna,KILINOCHCHI,0.8103,value,5,3,0.8103
COP2324-057,,PHYSICAL SCIENCE,University of Jaffna,MANNAR,,NQC,5,3,NQC
COP2324-057,,PHYSICAL SCIENCE,University of Jaffna,MULLAITIVU,,NQC,5,3,NQC
COP2324-057,,PHYSICAL SCIENCE,University of Jaffna,VAVUNIYA,,NQC,5,3,NQC
COP2324-057,,PHYSICAL SCIENCE,University of Jaffna,TRINCOMALEE,0.7995,value,5,3,0.7995
COP2324-057,,PHYSICAL SCIENCE,University of Jaffna,BATTICALOA,0.7914,value,5,3,0.7914
COP2324-057,,PHYSICAL SCIENCE,University of Jaffna,AMPARA,0.7921,value,5,3,0.7921
COP2324-057,,PHYSICAL SCIENCE,University of Jaffna,PUTTALAM,0.8108,value,5,3,0.8108
COP2324-057,,PHYSICAL SCIENCE,University of Jaffna,KURUNEGALA,0.8860,value,5,3,0.8860
COP2324-057,,PHYSICAL SCIENCE,University of Jaffna,ANURADHAPURA,0.7916,value,5,3,0.7916
COP2324-057,,PHYSICAL SCIENCE,University of Jaffna,POLONNARUWA,,NQC,5,3,NQC
COP2324-057,,PHYSICAL SCIENCE,University of Jaffna,BADULLA,0.7985,value,5,3,0.7985
COP2324-057,,PHYSICAL SCIENCE,University of Jaffna,MONARAGALA,0.8100,value,5,3,0.8100
COP2324-057,,PHYSICAL SCIENCE,University of Jaffna,KEGALLE,0.9153,value,5,3,0.9153
COP2324-057,,PHYSICAL SCIENCE,University of Jaffna,RATNAPURA,0.8018,value,5,3,0.8018
COP2324-058,,PHYSICAL SCIENCE,University of Ruhuna,COLOMBO,0.9913,value,5,4,0.9913
COP2324-058,,PHYSICAL SCIENCE,University of Ruhuna,GAMPAHA,0.9910,value,5,4,0.9910
COP2324-058,,PHYSICAL SCIENCE,University of Ruhuna,KALUTARA,0.9982,value,5,4,0.9982
COP2324-058,,PHYSICAL SCIENCE,University of Ruhuna,MATALE,1.0491,value,5,4,1.0491
COP2324-058,,PHYSICAL SCIENCE,University of Ruhuna,KANDY,0.9918,value,5,4,0.9918
COP2324-058,,PHYSICAL SCIENCE,University of Ruhuna,NUWARA ELIYA,,NQC,5,4,NQC
COP2324-058,,PHYSICAL SCIENCE,University of Ruhuna,GALLE,1.0317,value,5,4,1.0317
COP2324-058,,PHYSICAL SCIENCE,University of Ruhuna,MATARA,1.0491,value,5,4,1.0491
COP2324-058,,PHYSICAL SCIENCE,University of Ruhuna,HAMBANTOTA,0.9986,value,5,4,0.9986
COP2324-058,,PHYSICAL SCIENCE,University of Ruhuna,JAFFNA,1.0042,value,5,4,1.0042
COP2324-058,,PHYSICAL SCIENCE,University of Ruhuna,KILINOCHCHI,,NQC,5,4,NQC
COP2324-058,,PHYSICAL SCIENCE,University of Ruhuna,MANNAR,,NQC,5,4,NQC
COP2324-058,,PHYSICAL SCIENCE,University of Ruhuna,MULLAITIVU,,NQC,5,4,NQC
COP2324-058,,PHYSICAL SCIENCE,University of Ruhuna,VAVUNIYA,,NQC,5,4,NQC
COP2324-058,,PHYSICAL SCIENCE,University of Ruhuna,TRINCOMALEE,1.0208,value,5,4,1.0208
COP2324-058,,PHYSICAL SCIENCE,University of Ruhuna,BATTICALOA,1.0055,value,5,4,1.0055
COP2324-058,,PHYSICAL SCIENCE,University of Ruhuna,AMPARA,1.0096,value,5,4,1.0096
COP2324-058,,PHYSICAL SCIENCE,University of Ruhuna,PUTTALAM,1.0073,value,5,4,1.0073
COP2324-058,,PHYSICAL SCIENCE,University of Ruhuna,KURUNEGALA,0.9909,value,5,4,0.9909
COP2324-058,,PHYSICAL SCIENCE,University of Ruhuna,ANURADHAPURA,0.9977,value,5,4,0.9977
COP2324-058,,PHYSICAL SCIENCE,University of Ruhuna,POLONNARUWA,,NQC,5,4,NQC
COP2324-058,,PHYSICAL SCIENCE,University of Ruhuna,BADULLA,0.9919,value,5,4,0.9919
COP2324-058,,PHYSICAL SCIENCE,University of Ruhuna,MONARAGALA,0.9947,value,5,4,0.9947
COP2324-058,,PHYSICAL SCIENCE,University of Ruhuna,KEGALLE,0.9919,value,5,4,0.9919
COP2324-058,,PHYSICAL SCIENCE,University of Ruhuna,RATNAPURA,1.0029,value,5,4,1.0029
COP2324-059,,PHYSICAL SCIENCE,"Eastern University, Sri Lanka",COLOMBO,0.9480,value,5,5,0.9480
COP2324-059,,PHYSICAL SCIENCE,"Eastern University, Sri Lanka",GAMPAHA,0.7948,value,5,5,0.7948
COP2324-059,,PHYSICAL SCIENCE,"Eastern University, Sri Lanka",KALUTARA,0.9138,value,5,5,0.9138
COP2324-059,,PHYSICAL SCIENCE,"Eastern University, Sri Lanka",MATALE,0.5778,value,5,5,0.5778
COP2324-059,,PHYSICAL SCIENCE,"Eastern University, Sri Lanka",KANDY,0.8251,value,5,5,0.8251
COP2324-059,,PHYSICAL SCIENCE,"Eastern University, Sri Lanka",NUWARA ELIYA,0.4056,value,5,5,0.4056
COP2324-059,,PHYSICAL SCIENCE,"Eastern University, Sri Lanka",GALLE,,NQC,5,5,NQC
COP2324-059,,PHYSICAL SCIENCE,"Eastern University, Sri Lanka",MATARA,,NQC,5,5,NQC
COP2324-059,,PHYSICAL SCIENCE,"Eastern University, Sri Lanka",HAMBANTOTA,,NQC,5,5,NQC
COP2324-059,,PHYSICAL SCIENCE,"Eastern University, Sri Lanka",JAFFNA,0.9339,value,5,5,0.9339
COP2324-059,,PHYSICAL SCIENCE,"Eastern University, Sri Lanka",KILINOCHCHI,0.4169,value,5,5,0.4169
COP2324-059,,PHYSICAL SCIENCE,"Eastern University, Sri Lanka",MANNAR,,NQC,5,5,NQC
COP2324-059,,PHYSICAL SCIENCE,"Eastern University, Sri Lanka",MULLAITIVU,,NQC,5,5,NQC
COP2324-059,,PHYSICAL SCIENCE,"Eastern University, Sri Lanka",VAVUNIYA,0.4220,value,5,5,0.4220
COP2324-059,,PHYSICAL SCIENCE,"Eastern University, Sri Lanka",TRINCOMALEE,0.4014,value,5,5,0.4014
COP2324-059,,PHYSICAL SCIENCE,"Eastern University, Sri Lanka",BATTICALOA,0.5639,value,5,5,0.5639
COP2324-059,,PHYSICAL SCIENCE,"Eastern University, Sri Lanka",AMPARA,0.6185,value,5,5,0.6185
COP2324-059,,PHYSICAL SCIENCE,"Eastern University, Sri Lanka",PUTTALAM,0.4107,value,5,5,0.4107
COP2324-059,,PHYSICAL SCIENCE,"Eastern University, Sri Lanka",KURUNEGALA,0.8952,value,5,5,0.8952
COP2324-059,,PHYSICAL SCIENCE,"Eastern University, Sri Lanka",ANURADHAPURA,0.6331,value,5,5,0.6331
COP2324-059,,PHYSICAL SCIENCE,"Eastern University, Sri Lanka",POLONNARUWA,0.4221,value,5,5,0.4221
COP2324-059,,PHYSICAL SCIENCE,"Eastern University, Sri Lanka",BADULLA,0.7747,value,5,5,0.7747
COP2324-059,,PHYSICAL SCIENCE,"Eastern University, Sri Lanka",MONARAGALA,0.6335,value,5,5,0.6335
COP2324-059,,PHYSICAL SCIENCE,"Eastern University, Sri Lanka",KEGALLE,,NQC,5,5,NQC
COP2324-059,,PHYSICAL SCIENCE,"Eastern University, Sri Lanka",RATNAPURA,0.6867,value,5,5,0.6867
COP2324-060,,PHYSICAL SCIENCE,South Eastern University of Sri Lanka,COLOMBO,0.9211,value,5,6,0.9211
COP2324-060,,PHYSICAL SCIENCE,South Eastern University of Sri Lanka,GAMPAHA,0.8542,value,5,6,0.8542
COP2324-060,,PHYSICAL SCIENCE,South Eastern University of Sri Lanka,KALUTARA,0.8854,value,5,6,0.8854
COP2324-060,,PHYSICAL SCIENCE,South Eastern University of Sri Lanka,MATALE,0.5733,value,5,6,0.5733
COP2324-060,,PHYSICAL SCIENCE,South Eastern University of Sri Lanka,KANDY,0.9010,value,5,6,0.9010
COP2324-060,,PHYSICAL SCIENCE,South Eastern University of Sri Lanka,NUWARA ELIYA,0.1747,value,5,6,0.1747
COP2324-060,,PHYSICAL SCIENCE,South Eastern University of Sri Lanka,GALLE,,NQC,5,6,NQC
COP2324-060,,PHYSICAL SCIENCE,South Eastern University of Sri Lanka,MATARA,,NQC,5,6,NQC
COP2324-060,,PHYSICAL SCIENCE,South Eastern University of Sri Lanka,HAMBANTOTA,0.9692,value,5,6,0.9692
COP2324-060,,PHYSICAL SCIENCE,South Eastern University of Sri Lanka,JAFFNA,0.9072,value,5,6,0.9072
COP2324-060,,PHYSICAL SCIENCE,South Eastern University of Sri Lanka,KILINOCHCHI,0.3200,value,5,6,0.3200
COP2324-060,,PHYSICAL SCIENCE,South Eastern University of Sri Lanka,MANNAR,-0.0245,value,5,6,-0.0245
COP2324-060,,PHYSICAL SCIENCE,South Eastern University of Sri Lanka,MULLAITIVU,-0.0153,value,5,6,-0.0153
COP2324-060,,PHYSICAL SCIENCE,South Eastern University of Sri Lanka,VAVUNIYA,0.2645,value,5,6,0.2645
COP2324-060,,PHYSICAL SCIENCE,South Eastern University of Sri Lanka,TRINCOMALEE,0.2865,value,5,6,0.2865
COP2324-060,,PHYSICAL SCIENCE,South Eastern University of Sri Lanka,BATTICALOA,0.5598,value,5,6,0.5598
COP2324-060,,PHYSICAL SCIENCE,South Eastern University of Sri Lanka,AMPARA,0.6114,value,5,6,0.6114
COP2324-060,,PHYSICAL SCIENCE,South Eastern University of Sri Lanka,PUTTALAM,0.3388,value,5,6,0.3388
COP2324-060,,PHYSICAL SCIENCE,South Eastern University of Sri Lanka,KURUNEGALA,0.8835,value,5,6,0.8835
COP2324-060,,PHYSICAL SCIENCE,South Eastern University of Sri Lanka,ANURADHAPURA,0.6324,value,5,6,0.6324
COP2324-060,,PHYSICAL SCIENCE,South Eastern University of Sri Lanka,POLONNARUWA,0.3596,value,5,6,0.3596
COP2324-060,,PHYSICAL SCIENCE,South Eastern University of Sri Lanka,BADULLA,0.8643,value,5,6,0.8643
COP2324-060,,PHYSICAL SCIENCE,South Eastern University of Sri Lanka,MONARAGALA,0.6291,value,5,6,0.6291
COP2324-060,,PHYSICAL SCIENCE,South Eastern University of Sri Lanka,KEGALLE,,NQC,5,6,NQC
COP2324-060,,PHYSICAL SCIENCE,South Eastern University of Sri Lanka,RATNAPURA,0.7033,value,5,6,0.7033
COP2324-061,,SURVEYING SCIENCE,Sabaragamuwa University of Sri Lanka,COLOMBO,1.0317,value,5,7,1.0317
COP2324-061,,SURVEYING SCIENCE,Sabaragamuwa University of Sri Lanka,GAMPAHA,1.0102,value,5,7,1.0102
COP2324-061,,SURVEYING SCIENCE,Sabaragamuwa University of Sri Lanka,KALUTARA,1.1064,value,5,7,1.1064
COP2324-061,,SURVEYING SCIENCE,Sabaragamuwa University of Sri Lanka,MATALE,0.9708,value,5,7,0.9708
COP2324-061,,SURVEYING SCIENCE,Sabaragamuwa University of Sri Lanka,KANDY,1.0113,value,5,7,1.0113
COP2324-061,,SURVEYING SCIENCE,Sabaragamuwa University of Sri Lanka,NUWARA ELIYA,0.6473,value,5,7,0.6473
COP2324-061,,SURVEYING SCIENCE,Sabaragamuwa University of Sri Lanka,GALLE,1.0987,value,5,7,1.0987
COP2324-061,,SURVEYING SCIENCE,Sabaragamuwa University of Sri Lanka,MATARA,1.1548,value,5,7,1.1548
COP2324-061,,SURVEYING SCIENCE,Sabaragamuwa University of Sri Lanka,HAMBANTOTA,1.1549,value,5,7,1.1549
COP2324-061,,SURVEYING SCIENCE,Sabaragamuwa University of Sri Lanka,JAFFNA,1.1538,value,5,7,1.1538
COP2324-061,,SURVEYING SCIENCE,Sabaragamuwa University of Sri Lanka,KILINOCHCHI,0.8495,value,5,7,0.8495
COP2324-061,,SURVEYING SCIENCE,Sabaragamuwa University of Sri Lanka,MANNAR,0.5638,value,5,7,0.5638
COP2324-061,,SURVEYING SCIENCE,Sabaragamuwa University of Sri Lanka,MULLAITIVU,0.3123,value,5,7,0.3123
COP2324-061,,SURVEYING SCIENCE,Sabaragamuwa University of Sri Lanka,VAVUNIYA,0.8986,value,5,7,0.8986
COP2324-061,,SURVEYING SCIENCE,Sabaragamuwa University of Sri Lanka,TRINCOMALEE,1.0600,value,5,7,1.0600
COP2324-061,,SURVEYING SCIENCE,Sabaragamuwa University of Sri Lanka,BATTICALOA,1.0595,value,5,7,1.0595
COP2324-061,,SURVEYING SCIENCE,Sabaragamuwa University of Sri Lanka,AMPARA,1.0428,value,5,7,1.0428
COP2324-061,,SURVEYING SCIENCE,Sabaragamuwa University of Sri Lanka,PUTTALAM,0.8515,value,5,7,0.8515
COP2324-061,,SURVEYING SCIENCE,Sabaragamuwa University of Sri Lanka,KURUNEGALA,1.1014,value,5,7,1.1014
COP2324-061,,SURVEYING SCIENCE,Sabaragamuwa University of Sri Lanka,ANURADHAPURA,1.0026,value,5,7,1.0026
COP2324-061,,SURVEYING SCIENCE,Sabaragamuwa University of Sri Lanka,POLONNARUWA,0.7637,value,5,7,0.7637
COP2324-061,,SURVEYING SCIENCE,Sabaragamuwa University of Sri Lanka,BADULLA,1.1125,value,5,7,1.1125
COP2324-061,,SURVEYING SCIENCE,Sabaragamuwa University of Sri Lanka,MONARAGALA,1.0257,value,5,7,1.0257
COP2324-061,,SURVEYING SCIENCE,Sabaragamuwa University of Sri Lanka,KEGALLE,1.0605,value,5,7,1.0605
COP2324-061,,SURVEYING SCIENCE,Sabaragamuwa University of Sri Lanka,RATNAPURA,1.0743,value,5,7,1.0743
COP2324-062,,APPLIED SCIENCES (PHY.SC),Rajarata University of Sri Lanka,COLOMBO,0.8907,value,5,8,0.8907
COP2324-062,,APPLIED SCIENCES (PHY.SC),Rajarata University of Sri Lanka,GAMPAHA,0.9178,value,5,8,0.9178
COP2324-062,,APPLIED SCIENCES (PHY.SC),Rajarata University of Sri Lanka,KALUTARA,0.8982,value,5,8,0.8982
COP2324-062,,APPLIED SCIENCES (PHY.SC),Rajarata University of Sri Lanka,MATALE,0.9527,value,5,8,0.9527
COP2324-062,,APPLIED SCIENCES (PHY.SC),Rajarata University of Sri Lanka,KANDY,0.9108,value,5,8,0.9108
COP2324-062,,APPLIED SCIENCES (PHY.SC),Rajarata University of Sri Lanka,NUWARA ELIYA,,NQC,5,8,NQC
COP2324-062,,APPLIED SCIENCES (PHY.SC),Rajarata University of Sri Lanka,GALLE,0.8906,value,5,8,0.8906
COP2324-062,,APPLIED SCIENCES (PHY.SC),Rajarata University of Sri Lanka,MATARA,0.8838,value,5,8,0.8838
COP2324-062,,APPLIED SCIENCES (PHY.SC),Rajarata University of Sri Lanka,HAMBANTOTA,0.8838,value,5,8,0.8838
COP2324-062,,APPLIED SCIENCES (PHY.SC),Rajarata University of Sri Lanka,JAFFNA,0.9003,value,5,8,0.9003
COP2324-062,,APPLIED SCIENCES (PHY.SC),Rajarata University of Sri Lanka,KILINOCHCHI,,NQC,5,8,NQC
COP2324-062,,APPLIED SCIENCES (PHY.SC),Rajarata University of Sri Lanka,MANNAR,,NQC,5,8,NQC
COP2324-062,,APPLIED SCIENCES (PHY.SC),Rajarata University of Sri Lanka,MULLAITIVU,,NQC,5,8,NQC
COP2324-062,,APPLIED SCIENCES (PHY.SC),Rajarata University of Sri Lanka,VAVUNIYA,,NQC,5,8,NQC
COP2324-062,,APPLIED SCIENCES (PHY.SC),Rajarata University of Sri Lanka,TRINCOMALEE,0.8883,value,5,8,0.8883
COP2324-062,,APPLIED SCIENCES (PHY.SC),Rajarata University of Sri Lanka,BATTICALOA,0.9056,value,5,8,0.9056
COP2324-062,,APPLIED SCIENCES (PHY.SC),Rajarata University of Sri Lanka,AMPARA,0.9143,value,5,8,0.9143
COP2324-062,,APPLIED SCIENCES (PHY.SC),Rajarata University of Sri Lanka,PUTTALAM,0.9886,value,5,8,0.9886
COP2324-062,,APPLIED SCIENCES (PHY.SC),Rajarata University of Sri Lanka,KURUNEGALA,0.8967,value,5,8,0.8967
COP2324-062,,APPLIED SCIENCES (PHY.SC),Rajarata University of Sri Lanka,ANURADHAPURA,0.8924,value,5,8,0.8924
COP2324-062,,APPLIED SCIENCES (PHY.SC),Rajarata University of Sri Lanka,POLONNARUWA,,NQC,5,8,NQC
COP2324-062,,APPLIED SCIENCES (PHY.SC),Rajarata University of Sri Lanka,BADULLA,0.8887,value,5,8,0.8887
COP2324-062,,APPLIED SCIENCES (PHY.SC),Rajarata University of Sri Lanka,MONARAGALA,,NQC,5,8,NQC
COP2324-062,,APPLIED SCIENCES (PHY.SC),Rajarata University of Sri Lanka,KEGALLE,0.8842,value,5,8,0.8842
COP2324-062,,APPLIED SCIENCES (PHY.SC),Rajarata University of Sri Lanka,RATNAPURA,0.8859,value,5,8,0.8859
COP2324-063,,APPLIED SCIENCES (PHY.SC),Sabaragamuwa University of Sri Lanka,COLOMBO,0.9711,value,5,9,0.9711
COP2324-063,,APPLIED SCIENCES (PHY.SC),Sabaragamuwa University of Sri Lanka,GAMPAHA,0.9806,value,5,9,0.9806
COP2324-063,,APPLIED SCIENCES (PHY.SC),Sabaragamuwa University of Sri Lanka,KALUTARA,0.9735,value,5,9,0.9735
COP2324-063,,APPLIED SCIENCES (PHY.SC),Sabaragamuwa University of Sri Lanka,MATALE,,NQC,5,9,NQC
COP2324-063,,APPLIED SCIENCES (PHY.SC),Sabaragamuwa University of Sri Lanka,KANDY,0.9743,value,5,9,0.9743
COP2324-063,,APPLIED SCIENCES (PHY.SC),Sabaragamuwa University of Sri Lanka,NUWARA ELIYA,,NQC,5,9,NQC
COP2324-063,,APPLIED SCIENCES (PHY.SC),Sabaragamuwa University of Sri Lanka,GALLE,0.9708,value,5,9,0.9708
COP2324-063,,APPLIED SCIENCES (PHY.SC),Sabaragamuwa University of Sri Lanka,MATARA,0.9810,value,5,9,0.9810
COP2324-063,,APPLIED SCIENCES (PHY.SC),Sabaragamuwa University of Sri Lanka,HAMBANTOTA,0.9716,value,5,9,0.9716
COP2324-063,,APPLIED SCIENCES (PHY.SC),Sabaragamuwa University of Sri Lanka,JAFFNA,1.0698,value,5,9,1.0698
COP2324-063,,APPLIED SCIENCES (PHY.SC),Sabaragamuwa University of Sri Lanka,KILINOCHCHI,,NQC,5,9,NQC
COP2324-063,,APPLIED SCIENCES (PHY.SC),Sabaragamuwa University of Sri Lanka,MANNAR,,NQC,5,9,NQC
COP2324-063,,APPLIED SCIENCES (PHY.SC),Sabaragamuwa University of Sri Lanka,MULLAITIVU,,NQC,5,9,NQC
COP2324-063,,APPLIED SCIENCES (PHY.SC),Sabaragamuwa University of Sri Lanka,VAVUNIYA,,NQC,5,9,NQC
COP2324-063,,APPLIED SCIENCES (PHY.SC),Sabaragamuwa University of Sri Lanka,TRINCOMALEE,,NQC,5,9,NQC
COP2324-063,,APPLIED SCIENCES (PHY.SC),Sabaragamuwa University of Sri Lanka,BATTICALOA,,NQC,5,9,NQC
COP2324-063,,APPLIED SCIENCES (PHY.SC),Sabaragamuwa University of Sri Lanka,AMPARA,1.0390,value,5,9,1.0390
COP2324-063,,APPLIED SCIENCES (PHY.SC),Sabaragamuwa University of Sri Lanka,PUTTALAM,,NQC,5,9,NQC
COP2324-063,,APPLIED SCIENCES (PHY.SC),Sabaragamuwa University of Sri Lanka,KURUNEGALA,0.9788,value,5,9,0.9788
COP2324-063,,APPLIED SCIENCES (PHY.SC),Sabaragamuwa University of Sri Lanka,ANURADHAPURA,,NQC,5,9,NQC
COP2324-063,,APPLIED SCIENCES (PHY.SC),Sabaragamuwa University of Sri Lanka,POLONNARUWA,,NQC,5,9,NQC
COP2324-063,,APPLIED SCIENCES (PHY.SC),Sabaragamuwa University of Sri Lanka,BADULLA,0.9767,value,5,9,0.9767
COP2324-063,,APPLIED SCIENCES (PHY.SC),Sabaragamuwa University of Sri Lanka,MONARAGALA,,NQC,5,9,NQC
COP2324-063,,APPLIED SCIENCES (PHY.SC),Sabaragamuwa University of Sri Lanka,KEGALLE,0.9903,value,5,9,0.9903
COP2324-063,,APPLIED SCIENCES (PHY.SC),Sabaragamuwa University of Sri Lanka,RATNAPURA,0.9752,value,5,9,0.9752
COP2324-064,,APPLIED SCIENCES (PHY.SC),Wayamba University of Sri Lanka,COLOMBO,0.8288,value,5,10,0.8288
COP2324-064,,APPLIED SCIENCES (PHY.SC),Wayamba University of Sri Lanka,GAMPAHA,0.8199,value,5,10,0.8199
COP2324-064,,APPLIED SCIENCES (PHY.SC),Wayamba University of Sri Lanka,KALUTARA,0.8163,value,5,10,0.8163
COP2324-064,,APPLIED SCIENCES (PHY.SC),Wayamba University of Sri Lanka,MATALE,0.8591,value,5,10,0.8591
COP2324-064,,APPLIED SCIENCES (PHY.SC),Wayamba University of Sri Lanka,KANDY,0.8185,value,5,10,0.8185
COP2324-064,,APPLIED SCIENCES (PHY.SC),Wayamba University of Sri Lanka,NUWARA ELIYA,,NQC,5,10,NQC
COP2324-064,,APPLIED SCIENCES (PHY.SC),Wayamba University of Sri Lanka,GALLE,0.8813,value,5,10,0.8813
COP2324-064,,APPLIED SCIENCES (PHY.SC),Wayamba University of Sri Lanka,MATARA,0.8601,value,5,10,0.8601
COP2324-064,,APPLIED SCIENCES (PHY.SC),Wayamba University of Sri Lanka,HAMBANTOTA,0.8607,value,5,10,0.8607
COP2324-064,,APPLIED SCIENCES (PHY.SC),Wayamba University of Sri Lanka,JAFFNA,0.8336,value,5,10,0.8336
COP2324-064,,APPLIED SCIENCES (PHY.SC),Wayamba University of Sri Lanka,KILINOCHCHI,,NQC,5,10,NQC
COP2324-064,,APPLIED SCIENCES (PHY.SC),Wayamba University of Sri Lanka,MANNAR,,NQC,5,10,NQC
COP2324-064,,APPLIED SCIENCES (PHY.SC),Wayamba University of Sri Lanka,MULLAITIVU,,NQC,5,10,NQC
COP2324-064,,APPLIED SCIENCES (PHY.SC),Wayamba University of Sri Lanka,VAVUNIYA,,NQC,5,10,NQC
COP2324-064,,APPLIED SCIENCES (PHY.SC),Wayamba University of Sri Lanka,TRINCOMALEE,0.8327,value,5,10,0.8327
COP2324-064,,APPLIED SCIENCES (PHY.SC),Wayamba University of Sri Lanka,BATTICALOA,0.8316,value,5,10,0.8316
COP2324-064,,APPLIED SCIENCES (PHY.SC),Wayamba University of Sri Lanka,AMPARA,0.8178,value,5,10,0.8178
COP2324-064,,APPLIED SCIENCES (PHY.SC),Wayamba University of Sri Lanka,PUTTALAM,0.8185,value,5,10,0.8185
COP2324-064,,APPLIED SCIENCES (PHY.SC),Wayamba University of Sri Lanka,KURUNEGALA,0.8327,value,5,10,0.8327
COP2324-064,,APPLIED SCIENCES (PHY.SC),Wayamba University of Sri Lanka,ANURADHAPURA,0.8427,value,5,10,0.8427
COP2324-064,,APPLIED SCIENCES (PHY.SC),Wayamba University of Sri Lanka,POLONNARUWA,,NQC,5,10,NQC
COP2324-064,,APPLIED SCIENCES (PHY.SC),Wayamba University of Sri Lanka,BADULLA,0.8185,value,5,10,0.8185
COP2324-064,,APPLIED SCIENCES (PHY.SC),Wayamba University of Sri Lanka,MONARAGALA,,NQC,5,10,NQC
COP2324-064,,APPLIED SCIENCES (PHY.SC),Wayamba University of Sri Lanka,KEGALLE,0.8459,value,5,10,0.8459
COP2324-064,,APPLIED SCIENCES (PHY.SC),Wayamba University of Sri Lanka,RATNAPURA,0.8230,value,5,10,0.8230
COP2324-065,,APPLIED SCIENCES (PHY.SC),"University of Vavuniya, Sri Lanka",COLOMBO,0.8294,value,5,11,0.8294
COP2324-065,,APPLIED SCIENCES (PHY.SC),"University of Vavuniya, Sri Lanka",GAMPAHA,0.7322,value,5,11,0.7322
COP2324-065,,APPLIED SCIENCES (PHY.SC),"University of Vavuniya, Sri Lanka",KALUTARA,0.8018,value,5,11,0.8018
COP2324-065,,APPLIED SCIENCES (PHY.SC),"University of Vavuniya, Sri Lanka",MATALE,0.7015,value,5,11,0.7015
COP2324-065,,APPLIED SCIENCES (PHY.SC),"University of Vavuniya, Sri Lanka",KANDY,0.7824,value,5,11,0.7824
COP2324-065,,APPLIED SCIENCES (PHY.SC),"University of Vavuniya, Sri Lanka",NUWARA ELIYA,,NQC,5,11,NQC
COP2324-065,,APPLIED SCIENCES (PHY.SC),"University of Vavuniya, Sri Lanka",GALLE,0.8797,value,5,11,0.8797
COP2324-065,,APPLIED SCIENCES (PHY.SC),"University of Vavuniya, Sri Lanka",MATARA,,NQC,5,11,NQC
COP2324-065,,APPLIED SCIENCES (PHY.SC),"University of Vavuniya, Sri Lanka",HAMBANTOTA,,NQC,5,11,NQC
COP2324-065,,APPLIED SCIENCES (PHY.SC),"University of Vavuniya, Sri Lanka",JAFFNA,0.8382,value,5,11,0.8382
COP2324-065,,APPLIED SCIENCES (PHY.SC),"University of Vavuniya, Sri Lanka",KILINOCHCHI,,NQC,5,11,NQC
COP2324-065,,APPLIED SCIENCES (PHY.SC),"University of Vavuniya, Sri Lanka",MANNAR,,NQC,5,11,NQC
COP2324-065,,APPLIED SCIENCES (PHY.SC),"University of Vavuniya, Sri Lanka",MULLAITIVU,,NQC,5,11,NQC
COP2324-065,,APPLIED SCIENCES (PHY.SC),"University of Vavuniya, Sri Lanka",VAVUNIYA,,NQC,5,11,NQC
COP2324-065,,APPLIED SCIENCES (PHY.SC),"University of Vavuniya, Sri Lanka",TRINCOMALEE,0.6416,value,5,11,0.6416
COP2324-065,,APPLIED SCIENCES (PHY.SC),"University of Vavuniya, Sri Lanka",BATTICALOA,0.6481,value,5,11,0.6481
COP2324-065,,APPLIED SCIENCES (PHY.SC),"University of Vavuniya, Sri Lanka",AMPARA,0.6624,value,5,11,0.6624
COP2324-065,,APPLIED SCIENCES (PHY.SC),"University of Vavuniya, Sri Lanka",PUTTALAM,0.6277,value,5,11,0.6277
COP2324-065,,APPLIED SCIENCES (PHY.SC),"University of Vavuniya, Sri Lanka",KURUNEGALA,0.8409,value,5,11,0.8409
COP2324-065,,APPLIED SCIENCES (PHY.SC),"University of Vavuniya, Sri Lanka",ANURADHAPURA,0.6122,value,5,11,0.6122
COP2324-065,,APPLIED SCIENCES (PHY.SC),"University of Vavuniya, Sri Lanka",POLONNARUWA,,NQC,5,11,NQC
COP2324-065,,APPLIED SCIENCES (PHY.SC),"University of Vavuniya, Sri Lanka",BADULLA,0.7514,value,5,11,0.7514
COP2324-065,,APPLIED SCIENCES (PHY.SC),"University of Vavuniya, Sri Lanka",MONARAGALA,0.6144,value,5,11,0.6144
COP2324-065,,APPLIED SCIENCES (PHY.SC),"University of Vavuniya, Sri Lanka",KEGALLE,0.8827,value,5,11,0.8827
COP2324-065,,APPLIED SCIENCES (PHY.SC),"University of Vavuniya, Sri Lanka",RATNAPURA,0.6190,value,5,11,0.6190
COP2324-066,,APPLIED SCIENCES (PHY.SC),Eastern University - Trincomalee Campus,COLOMBO,0.8344,value,5,12,0.8344
COP2324-066,,APPLIED SCIENCES (PHY.SC),Eastern University - Trincomalee Campus,GAMPAHA,0.7308,value,5,12,0.7308
COP2324-066,,APPLIED SCIENCES (PHY.SC),Eastern University - Trincomalee Campus,KALUTARA,,NQC,5,12,NQC
COP2324-066,,APPLIED SCIENCES (PHY.SC),Eastern University - Trincomalee Campus,MATALE,0.5089,value,5,12,0.5089
COP2324-066,,APPLIED SCIENCES (PHY.SC),Eastern University - Trincomalee Campus,KANDY,0.7875,value,5,12,0.7875
COP2324-066,,APPLIED SCIENCES (PHY.SC),Eastern University - Trincomalee Campus,NUWARA ELIYA,0.1480,value,5,12,0.1480
COP2324-066,,APPLIED SCIENCES (PHY.SC),Eastern University - Trincomalee Campus,GALLE,,NQC,5,12,NQC
COP2324-066,,APPLIED SCIENCES (PHY.SC),Eastern University - Trincomalee Campus,MATARA,0.8691,value,5,12,0.8691
COP2324-066,,APPLIED SCIENCES (PHY.SC),Eastern University - Trincomalee Campus,HAMBANTOTA,,NQC,5,12,NQC
COP2324-066,,APPLIED SCIENCES (PHY.SC),Eastern University - Trincomalee Campus,JAFFNA,0.9449,value,5,12,0.9449
COP2324-066,,APPLIED SCIENCES (PHY.SC),Eastern University - Trincomalee Campus,KILINOCHCHI,0.3759,value,5,12,0.3759
COP2324-066,,APPLIED SCIENCES (PHY.SC),Eastern University - Trincomalee Campus,MANNAR,-0.2251,value,5,12,-0.2251
COP2324-066,,APPLIED SCIENCES (PHY.SC),Eastern University - Trincomalee Campus,MULLAITIVU,0.0857,value,5,12,0.0857
COP2324-066,,APPLIED SCIENCES (PHY.SC),Eastern University - Trincomalee Campus,VAVUNIYA,0.2048,value,5,12,0.2048
COP2324-066,,APPLIED SCIENCES (PHY.SC),Eastern University - Trincomalee Campus,TRINCOMALEE,,NQC,5,12,NQC
COP2324-066,,APPLIED SCIENCES (PHY.SC),Eastern University - Trincomalee Campus,BATTICALOA,0.6723,value,5,12,0.6723
COP2324-066,,APPLIED SCIENCES (PHY.SC),Eastern University - Trincomalee Campus,AMPARA,0.5921,value,5,12,0.5921
COP2324-066,,APPLIED SCIENCES (PHY.SC),Eastern University - Trincomalee Campus,PUTTALAM,0.3000,value,5,12,0.3000
COP2324-066,,APPLIED SCIENCES (PHY.SC),Eastern University - Trincomalee Campus,KURUNEGALA,0.8643,value,5,12,0.8643
COP2324-066,,APPLIED SCIENCES (PHY.SC),Eastern University - Trincomalee Campus,ANURADHAPURA,0.5512,value,5,12,0.5512
COP2324-066,,APPLIED SCIENCES (PHY.SC),Eastern University - Trincomalee Campus,POLONNARUWA,0.2147,value,5,12,0.2147
COP2324-066,,APPLIED SCIENCES (PHY.SC),Eastern University - Trincomalee Campus,BADULLA,0.7352,value,5,12,0.7352
COP2324-066,,APPLIED SCIENCES (PHY.SC),Eastern University - Trincomalee Campus,MONARAGALA,0.5290,value,5,12,0.5290
COP2324-066,,APPLIED SCIENCES (PHY.SC),Eastern University - Trincomalee Campus,KEGALLE,,NQC,5,12,NQC
COP2324-066,,APPLIED SCIENCES (PHY.SC),Eastern University - Trincomalee Campus,RATNAPURA,0.6226,value,5,12,0.6226
COP2324-067,,MANAGEMENT,University of Colombo,COLOMBO,1.7191,value,5,13,1.7191
COP2324-067,,MANAGEMENT,University of Colombo,GAMPAHA,1.7223,value,5,13,1.7223
COP2324-067,,MANAGEMENT,University of Colombo,KALUTARA,1.7207,value,5,13,1.7207
COP2324-067,,MANAGEMENT,University of Colombo,MATALE,1.7383,value,5,13,1.7383
COP2324-067,,MANAGEMENT,University of Colombo,KANDY,1.7303,value,5,13,1.7303
COP2324-067,,MANAGEMENT,University of Colombo,NUWARA ELIYA,1.7687,value,5,13,1.7687
COP2324-067,,MANAGEMENT,University of Colombo,GALLE,1.7215,value,5,13,1.7215
COP2324-067,,MANAGEMENT,University of Colombo,MATARA,1.7334,value,5,13,1.7334
COP2324-067,,MANAGEMENT,University of Colombo,HAMBANTOTA,1.7543,value,5,13,1.7543
COP2324-067,,MANAGEMENT,University of Colombo,JAFFNA,1.7279,value,5,13,1.7279
COP2324-067,,MANAGEMENT,University of Colombo,KILINOCHCHI,,NQC,5,13,NQC
COP2324-067,,MANAGEMENT,University of Colombo,MANNAR,1.7335,value,5,13,1.7335
COP2324-067,,MANAGEMENT,University of Colombo,MULLAITIVU,1.8311,value,5,13,1.8311
COP2324-067,,MANAGEMENT,University of Colombo,VAVUNIYA,,NQC,5,13,NQC
COP2324-067,,MANAGEMENT,University of Colombo,TRINCOMALEE,1.7271,value,5,13,1.7271
COP2324-067,,MANAGEMENT,University of Colombo,BATTICALOA,1.7206,value,5,13,1.7206
COP2324-067,,MANAGEMENT,University of Colombo,AMPARA,1.7671,value,5,13,1.7671
COP2324-067,,MANAGEMENT,University of Colombo,PUTTALAM,1.7247,value,5,13,1.7247
COP2324-067,,MANAGEMENT,University of Colombo,KURUNEGALA,1.7327,value,5,13,1.7327
COP2324-067,,MANAGEMENT,University of Colombo,ANURADHAPURA,1.7255,value,5,13,1.7255
COP2324-067,,MANAGEMENT,University of Colombo,POLONNARUWA,1.7647,value,5,13,1.7647
COP2324-067,,MANAGEMENT,University of Colombo,BADULLA,1.7342,value,5,13,1.7342
COP2324-067,,MANAGEMENT,University of Colombo,MONARAGALA,1.7247,value,5,13,1.7247
COP2324-067,,MANAGEMENT,University of Colombo,KEGALLE,1.7287,value,5,13,1.7287
COP2324-067,,MANAGEMENT,University of Colombo,RATNAPURA,1.7167,value,5,13,1.7167
COP2324-068,,MANAGEMENT,University of Peradeniya,COLOMBO,1.5696,value,5,14,1.5696
COP2324-068,,MANAGEMENT,University of Peradeniya,GAMPAHA,1.5728,value,5,14,1.5728
COP2324-068,,MANAGEMENT,University of Peradeniya,KALUTARA,1.5808,value,5,14,1.5808
COP2324-068,,MANAGEMENT,University of Peradeniya,MATALE,1.5807,value,5,14,1.5807
COP2324-068,,MANAGEMENT,University of Peradeniya,KANDY,1.5736,value,5,14,1.5736
COP2324-068,,MANAGEMENT,University of Peradeniya,NUWARA ELIYA,1.5768,value,5,14,1.5768
COP2324-068,,MANAGEMENT,University of Peradeniya,GALLE,1.5735,value,5,14,1.5735
COP2324-068,,MANAGEMENT,University of Peradeniya,MATARA,1.5952,value,5,14,1.5952
COP2324-068,,MANAGEMENT,University of Peradeniya,HAMBANTOTA,1.6120,value,5,14,1.6120
COP2324-068,,MANAGEMENT,University of Peradeniya,JAFFNA,1.5992,value,5,14,1.5992
COP2324-068,,MANAGEMENT,University of Peradeniya,KILINOCHCHI,1.5913,value,5,14,1.5913
COP2324-068,,MANAGEMENT,University of Peradeniya,MANNAR,1.5816,value,5,14,1.5816
COP2324-068,,MANAGEMENT,University of Peradeniya,MULLAITIVU,1.5864,value,5,14,1.5864
COP2324-068,,MANAGEMENT,University of Peradeniya,VAVUNIYA,1.5720,value,5,14,1.5720
COP2324-068,,MANAGEMENT,University of Peradeniya,TRINCOMALEE,1.5744,value,5,14,1.5744
COP2324-068,,MANAGEMENT,University of Peradeniya,BATTICALOA,1.5728,value,5,14,1.5728
COP2324-068,,MANAGEMENT,University of Peradeniya,AMPARA,1.6031,value,5,14,1.6031
COP2324-068,,MANAGEMENT,University of Peradeniya,PUTTALAM,1.5992,value,5,14,1.5992
COP2324-068,,MANAGEMENT,University of Peradeniya,KURUNEGALA,1.5699,value,5,14,1.5699
COP2324-068,,MANAGEMENT,University of Peradeniya,ANURADHAPURA,1.5704,value,5,14,1.5704
COP2324-068,,MANAGEMENT,University of Peradeniya,POLONNARUWA,,NQC,5,14,NQC
COP2324-068,,MANAGEMENT,University of Peradeniya,BADULLA,1.5768,value,5,14,1.5768
COP2324-068,,MANAGEMENT,University of Peradeniya,MONARAGALA,1.5687,value,5,14,1.5687
COP2324-068,,MANAGEMENT,University of Peradeniya,KEGALLE,1.5935,value,5,14,1.5935
COP2324-068,,MANAGEMENT,University of Peradeniya,RATNAPURA,1.5848,value,5,14,1.5848
COP2324-069,,MANAGEMENT,University of Sri Jayewardenepura,COLOMBO,1.7191,value,5,15,1.7191
COP2324-069,,MANAGEMENT,University of Sri Jayewardenepura,GAMPAHA,1.7183,value,5,15,1.7183
COP2324-069,,MANAGEMENT,University of Sri Jayewardenepura,KALUTARA,1.7191,value,5,15,1.7191
COP2324-069,,MANAGEMENT,University of Sri Jayewardenepura,MATALE,1.7311,value,5,15,1.7311
COP2324-069,,MANAGEMENT,University of Sri Jayewardenepura,KANDY,1.7303,value,5,15,1.7303
COP2324-069,,MANAGEMENT,University of Sri Jayewardenepura,NUWARA ELIYA,1.7240,value,5,15,1.7240
COP2324-069,,MANAGEMENT,University of Sri Jayewardenepura,GALLE,1.7299,value,5,15,1.7299
COP2324-069,,MANAGEMENT,University of Sri Jayewardenepura,MATARA,1.7311,value,5,15,1.7311
COP2324-069,,MANAGEMENT,University of Sri Jayewardenepura,HAMBANTOTA,1.7487,value,5,15,1.7487
COP2324-069,,MANAGEMENT,University of Sri Jayewardenepura,JAFFNA,1.7191,value,5,15,1.7191
COP2324-069,,MANAGEMENT,University of Sri Jayewardenepura,KILINOCHCHI,1.7903,value,5,15,1.7903
COP2324-069,,MANAGEMENT,University of Sri Jayewardenepura,MANNAR,1.8151,value,5,15,1.8151
COP2324-069,,MANAGEMENT,University of Sri Jayewardenepura,MULLAITIVU,1.9438,value,5,15,1.9438
COP2324-069,,MANAGEMENT,University of Sri Jayewardenepura,VAVUNIYA,1.7663,value,5,15,1.7663
COP2324-069,,MANAGEMENT,University of Sri Jayewardenepura,TRINCOMALEE,1.7320,value,5,15,1.7320
COP2324-069,,MANAGEMENT,University of Sri Jayewardenepura,BATTICALOA,1.7335,value,5,15,1.7335
COP2324-069,,MANAGEMENT,University of Sri Jayewardenepura,AMPARA,1.7519,value,5,15,1.7519
COP2324-069,,MANAGEMENT,University of Sri Jayewardenepura,PUTTALAM,1.7495,value,5,15,1.7495
COP2324-069,,MANAGEMENT,University of Sri Jayewardenepura,KURUNEGALA,1.7207,value,5,15,1.7207
COP2324-069,,MANAGEMENT,University of Sri Jayewardenepura,ANURADHAPURA,1.7198,value,5,15,1.7198
COP2324-069,,MANAGEMENT,University of Sri Jayewardenepura,POLONNARUWA,1.7431,value,5,15,1.7431
COP2324-069,,MANAGEMENT,University of Sri Jayewardenepura,BADULLA,1.7535,value,5,15,1.7535
COP2324-069,,MANAGEMENT,University of Sri Jayewardenepura,MONARAGALA,1.7447,value,5,15,1.7447
COP2324-069,,MANAGEMENT,University of Sri Jayewardenepura,KEGALLE,1.7207,value,5,15,1.7207
COP2324-069,,MANAGEMENT,University of Sri Jayewardenepura,RATNAPURA,1.7175,value,5,15,1.7175
COP2324-070,,MANAGEMENT,University of Kelaniya,COLOMBO,1.6152,value,5,16,1.6152
COP2324-070,,MANAGEMENT,University of Kelaniya,GAMPAHA,1.6168,value,5,16,1.6168
COP2324-070,,MANAGEMENT,University of Kelaniya,KALUTARA,1.6175,value,5,16,1.6175
COP2324-070,,MANAGEMENT,University of Kelaniya,MATALE,1.6265,value,5,16,1.6265
COP2324-070,,MANAGEMENT,University of Kelaniya,KANDY,1.6176,value,5,16,1.6176
COP2324-070,,MANAGEMENT,University of Kelaniya,NUWARA ELIYA,1.6344,value,5,16,1.6344
COP2324-070,,MANAGEMENT,University of Kelaniya,GALLE,1.6176,value,5,16,1.6176
COP2324-070,,MANAGEMENT,University of Kelaniya,MATARA,1.6164,value,5,16,1.6164
COP2324-070,,MANAGEMENT,University of Kelaniya,HAMBANTOTA,1.6159,value,5,16,1.6159
COP2324-070,,MANAGEMENT,University of Kelaniya,JAFFNA,,NQC,5,16,NQC
COP2324-070,,MANAGEMENT,University of Kelaniya,KILINOCHCHI,1.6567,value,5,16,1.6567
COP2324-070,,MANAGEMENT,University of Kelaniya,MANNAR,,NQC,5,16,NQC
COP2324-070,,MANAGEMENT,University of Kelaniya,MULLAITIVU,1.6448,value,5,16,1.6448
COP2324-070,,MANAGEMENT,University of Kelaniya,VAVUNIYA,,NQC,5,16,NQC
COP2324-070,,MANAGEMENT,University of Kelaniya,TRINCOMALEE,1.6239,value,5,16,1.6239
COP2324-070,,MANAGEMENT,University of Kelaniya,BATTICALOA,1.7063,value,5,16,1.7063
COP2324-070,,MANAGEMENT,University of Kelaniya,AMPARA,1.6215,value,5,16,1.6215
COP2324-070,,MANAGEMENT,University of Kelaniya,PUTTALAM,1.6255,value,5,16,1.6255
COP2324-070,,MANAGEMENT,University of Kelaniya,KURUNEGALA,1.6152,value,5,16,1.6152
COP2324-070,,MANAGEMENT,University of Kelaniya,ANURADHAPURA,1.6212,value,5,16,1.6212
COP2324-070,,MANAGEMENT,University of Kelaniya,POLONNARUWA,1.6248,value,5,16,1.6248
COP2324-070,,MANAGEMENT,University of Kelaniya,BADULLA,1.6184,value,5,16,1.6184
COP2324-070,,MANAGEMENT,University of Kelaniya,MONARAGALA,1.6167,value,5,16,1.6167
COP2324-070,,MANAGEMENT,University of Kelaniya,KEGALLE,1.6160,value,5,16,1.6160
COP2324-070,,MANAGEMENT,University of Kelaniya,RATNAPURA,1.6232,value,5,16,1.6232
COP2324-071,,MANAGEMENT,University of Jaffna,COLOMBO,1.3250,value,5,17,1.3250
COP2324-071,,MANAGEMENT,University of Jaffna,GAMPAHA,1.3161,value,5,17,1.3161
COP2324-071,,MANAGEMENT,University of Jaffna,KALUTARA,,NQC,5,17,NQC
COP2324-071,,MANAGEMENT,University of Jaffna,MATALE,1.2512,value,5,17,1.2512
COP2324-071,,MANAGEMENT,University of Jaffna,KANDY,1.2402,value,5,17,1.2402
COP2324-071,,MANAGEMENT,University of Jaffna,NUWARA ELIYA,1.0890,value,5,17,1.0890
COP2324-071,,MANAGEMENT,University of Jaffna,GALLE,1.3569,value,5,17,1.3569
COP2324-071,,MANAGEMENT,University of Jaffna,MATARA,,NQC,5,17,NQC
COP2324-071,,MANAGEMENT,University of Jaffna,HAMBANTOTA,1.1370,value,5,17,1.1370
COP2324-071,,MANAGEMENT,University of Jaffna,JAFFNA,1.0587,value,5,17,1.0587
COP2324-071,,MANAGEMENT,University of Jaffna,KILINOCHCHI,1.0715,value,5,17,1.0715
COP2324-071,,MANAGEMENT,University of Jaffna,MANNAR,1.0825,value,5,17,1.0825
COP2324-071,,MANAGEMENT,University of Jaffna,MULLAITIVU,1.0801,value,5,17,1.0801
COP2324-071,,MANAGEMENT,University of Jaffna,VAVUNIYA,1.0706,value,5,17,1.0706
COP2324-071,,MANAGEMENT,University of Jaffna,TRINCOMALEE,1.0786,value,5,17,1.0786
COP2324-071,,MANAGEMENT,University of Jaffna,BATTICALOA,1.1058,value,5,17,1.1058
COP2324-071,,MANAGEMENT,University of Jaffna,AMPARA,1.0651,value,5,17,1.0651
COP2324-071,,MANAGEMENT,University of Jaffna,PUTTALAM,1.1569,value,5,17,1.1569
COP2324-071,,MANAGEMENT,University of Jaffna,KURUNEGALA,1.2825,value,5,17,1.2825
COP2324-071,,MANAGEMENT,University of Jaffna,ANURADHAPURA,1.1322,value,5,17,1.1322
COP2324-071,,MANAGEMENT,University of Jaffna,POLONNARUWA,1.0858,value,5,17,1.0858
COP2324-071,,MANAGEMENT,University of Jaffna,BADULLA,1.0713,value,5,17,1.0713
COP2324-071,,MANAGEMENT,University of Jaffna,MONARAGALA,1.2418,value,5,17,1.2418
COP2324-071,,MANAGEMENT,University of Jaffna,KEGALLE,1.3583,value,5,17,1.3583
COP2324-071,,MANAGEMENT,University of Jaffna,RATNAPURA,1.2385,value,5,17,1.2385
COP2324-072,,MANAGEMENT,University of Ruhuna,COLOMBO,1.4257,value,5,18,1.4257
COP2324-072,,MANAGEMENT,University of Ruhuna,GAMPAHA,1.4264,value,5,18,1.4264
COP2324-072,,MANAGEMENT,University of Ruhuna,KALUTARA,1.4312,value,5,18,1.4312
COP2324-072,,MANAGEMENT,University of Ruhuna,MATALE,1.5552,value,5,18,1.5552
COP2324-072,,MANAGEMENT,University of Ruhuna,KANDY,1.4288,value,5,18,1.4288
COP2324-072,,MANAGEMENT,University of Ruhuna,NUWARA ELIYA,1.4393,value,5,18,1.4393
COP2324-072,,MANAGEMENT,University of Ruhuna,GALLE,1.4257,value,5,18,1.4257
COP2324-072,,MANAGEMENT,University of Ruhuna,MATARA,1.4264,value,5,18,1.4264
COP2324-072,,MANAGEMENT,University of Ruhuna,HAMBANTOTA,1.4280,value,5,18,1.4280
COP2324-072,,MANAGEMENT,University of Ruhuna,JAFFNA,,NQC,5,18,NQC
COP2324-072,,MANAGEMENT,University of Ruhuna,KILINOCHCHI,,NQC,5,18,NQC
COP2324-072,,MANAGEMENT,University of Ruhuna,MANNAR,1.5456,value,5,18,1.5456
COP2324-072,,MANAGEMENT,University of Ruhuna,MULLAITIVU,,NQC,5,18,NQC
COP2324-072,,MANAGEMENT,University of Ruhuna,VAVUNIYA,,NQC,5,18,NQC
COP2324-072,,MANAGEMENT,University of Ruhuna,TRINCOMALEE,,NQC,5,18,NQC
COP2324-072,,MANAGEMENT,University of Ruhuna,BATTICALOA,1.5135,value,5,18,1.5135
COP2324-072,,MANAGEMENT,University of Ruhuna,AMPARA,1.4361,value,5,18,1.4361
COP2324-072,,MANAGEMENT,University of Ruhuna,PUTTALAM,1.4289,value,5,18,1.4289
COP2324-072,,MANAGEMENT,University of Ruhuna,KURUNEGALA,1.4273,value,5,18,1.4273
COP2324-072,,MANAGEMENT,University of Ruhuna,ANURADHAPURA,1.4297,value,5,18,1.4297
COP2324-072,,MANAGEMENT,University of Ruhuna,POLONNARUWA,1.5576,value,5,18,1.5576
COP2324-072,,MANAGEMENT,University of Ruhuna,BADULLA,1.4313,value,5,18,1.4313
COP2324-072,,MANAGEMENT,University of Ruhuna,MONARAGALA,1.4280,value,5,18,1.4280
COP2324-072,,MANAGEMENT,University of Ruhuna,KEGALLE,1.4312,value,5,18,1.4312
COP2324-072,,MANAGEMENT,University of Ruhuna,RATNAPURA,1.4280,value,5,18,1.4280
COP2324-073,,MANAGEMENT,"Eastern University, Sri Lanka",COLOMBO,1.3368,value,5,19,1.3368
COP2324-073,,MANAGEMENT,"Eastern University, Sri Lanka",GAMPAHA,1.4048,value,5,19,1.4048
COP2324-073,,MANAGEMENT,"Eastern University, Sri Lanka",KALUTARA,,NQC,5,19,NQC
COP2324-073,,MANAGEMENT,"Eastern University, Sri Lanka",MATALE,,NQC,5,19,NQC
COP2324-073,,MANAGEMENT,"Eastern University, Sri Lanka",KANDY,1.3064,value,5,19,1.3064
COP2324-073,,MANAGEMENT,"Eastern University, Sri Lanka",NUWARA ELIYA,1.0849,value,5,19,1.0849
COP2324-073,,MANAGEMENT,"Eastern University, Sri Lanka",GALLE,,NQC,5,19,NQC
COP2324-073,,MANAGEMENT,"Eastern University, Sri Lanka",MATARA,,NQC,5,19,NQC
COP2324-073,,MANAGEMENT,"Eastern University, Sri Lanka",HAMBANTOTA,1.1258,value,5,19,1.1258
COP2324-073,,MANAGEMENT,"Eastern University, Sri Lanka",JAFFNA,1.0531,value,5,19,1.0531
COP2324-073,,MANAGEMENT,"Eastern University, Sri Lanka",KILINOCHCHI,0.7579,value,5,19,0.7579
COP2324-073,,MANAGEMENT,"Eastern University, Sri Lanka",MANNAR,0.9074,value,5,19,0.9074
COP2324-073,,MANAGEMENT,"Eastern University, Sri Lanka",MULLAITIVU,1.2466,value,5,19,1.2466
COP2324-073,,MANAGEMENT,"Eastern University, Sri Lanka",VAVUNIYA,0.9883,value,5,19,0.9883
COP2324-073,,MANAGEMENT,"Eastern University, Sri Lanka",TRINCOMALEE,0.7595,value,5,19,0.7595
COP2324-073,,MANAGEMENT,"Eastern University, Sri Lanka",BATTICALOA,1.1002,value,5,19,1.1002
COP2324-073,,MANAGEMENT,"Eastern University, Sri Lanka",AMPARA,0.9258,value,5,19,0.9258
COP2324-073,,MANAGEMENT,"Eastern University, Sri Lanka",PUTTALAM,1.2034,value,5,19,1.2034
COP2324-073,,MANAGEMENT,"Eastern University, Sri Lanka",KURUNEGALA,,NQC,5,19,NQC
COP2324-073,,MANAGEMENT,"Eastern University, Sri Lanka",ANURADHAPURA,1.1474,value,5,19,1.1474
COP2324-073,,MANAGEMENT,"Eastern University, Sri Lanka",POLONNARUWA,1.0834,value,5,19,1.0834
COP2324-073,,MANAGEMENT,"Eastern University, Sri Lanka",BADULLA,1.0721,value,5,19,1.0721
COP2324-073,,MANAGEMENT,"Eastern University, Sri Lanka",MONARAGALA,1.2409,value,5,19,1.2409
COP2324-073,,MANAGEMENT,"Eastern University, Sri Lanka",KEGALLE,,NQC,5,19,NQC
COP2324-073,,MANAGEMENT,"Eastern University, Sri Lanka",RATNAPURA,1.3083,value,5,19,1.3083
COP2324-074,,MANAGEMENT,South Eastern University of Sri Lanka,COLOMBO,1.3728,value,5,20,1.3728
COP2324-074,,MANAGEMENT,South Eastern University of Sri Lanka,GAMPAHA,,NQC,5,20,NQC
COP2324-074,,MANAGEMENT,South Eastern University of Sri Lanka,KALUTARA,,NQC,5,20,NQC
COP2324-074,,MANAGEMENT,South Eastern University of Sri Lanka,MATALE,1.2473,value,5,20,1.2473
COP2324-074,,MANAGEMENT,South Eastern University of Sri Lanka,KANDY,,NQC,5,20,NQC
COP2324-074,,MANAGEMENT,South Eastern University of Sri Lanka,NUWARA ELIYA,1.0826,value,5,20,1.0826
COP2324-074,,MANAGEMENT,South Eastern University of Sri Lanka,GALLE,,NQC,5,20,NQC
COP2324-074,,MANAGEMENT,South Eastern University of Sri Lanka,MATARA,,NQC,5,20,NQC
COP2324-074,,MANAGEMENT,South Eastern University of Sri Lanka,HAMBANTOTA,1.1634,value,5,20,1.1634
COP2324-074,,MANAGEMENT,South Eastern University of Sri Lanka,JAFFNA,1.0778,value,5,20,1.0778
COP2324-074,,MANAGEMENT,South Eastern University of Sri Lanka,KILINOCHCHI,1.1058,value,5,20,1.1058
COP2324-074,,MANAGEMENT,South Eastern University of Sri Lanka,MANNAR,0.9723,value,5,20,0.9723
COP2324-074,,MANAGEMENT,South Eastern University of Sri Lanka,MULLAITIVU,1.0818,value,5,20,1.0818
COP2324-074,,MANAGEMENT,South Eastern University of Sri Lanka,VAVUNIYA,,NQC,5,20,NQC
COP2324-074,,MANAGEMENT,South Eastern University of Sri Lanka,TRINCOMALEE,0.7635,value,5,20,0.7635
COP2324-074,,MANAGEMENT,South Eastern University of Sri Lanka,BATTICALOA,1.0811,value,5,20,1.0811
COP2324-074,,MANAGEMENT,South Eastern University of Sri Lanka,AMPARA,0.9259,value,5,20,0.9259
COP2324-074,,MANAGEMENT,South Eastern University of Sri Lanka,PUTTALAM,1.1561,value,5,20,1.1561
COP2324-074,,MANAGEMENT,South Eastern University of Sri Lanka,KURUNEGALA,,NQC,5,20,NQC
COP2324-074,,MANAGEMENT,South Eastern University of Sri Lanka,ANURADHAPURA,,NQC,5,20,NQC
COP2324-074,,MANAGEMENT,South Eastern University of Sri Lanka,POLONNARUWA,1.0835,value,5,20,1.0835
COP2324-074,,MANAGEMENT,South Eastern University of Sri Lanka,BADULLA,1.0921,value,5,20,1.0921
COP2324-074,,MANAGEMENT,South Eastern University of Sri Lanka,MONARAGALA,,NQC,5,20,NQC
COP2324-074,,MANAGEMENT,South Eastern University of Sri Lanka,KEGALLE,,NQC,5,20,NQC
COP2324-074,,MANAGEMENT,South Eastern University of Sri Lanka,RATNAPURA,1.2370,value,5,20,1.2370
COP2324-075,,MANAGEMENT,Rajarata University of Sri Lanka,COLOMBO,1.3265,value,5,21,1.3265
COP2324-075,,MANAGEMENT,Rajarata University of Sri Lanka,GAMPAHA,1.3161,value,5,21,1.3161
COP2324-075,,MANAGEMENT,Rajarata University of Sri Lanka,KALUTARA,1.3817,value,5,21,1.3817
COP2324-075,,MANAGEMENT,Rajarata University of Sri Lanka,MATALE,1.2465,value,5,21,1.2465
COP2324-075,,MANAGEMENT,Rajarata University of Sri Lanka,KANDY,1.2441,value,5,21,1.2441
COP2324-075,,MANAGEMENT,Rajarata University of Sri Lanka,NUWARA ELIYA,1.2441,value,5,21,1.2441
COP2324-075,,MANAGEMENT,Rajarata University of Sri Lanka,GALLE,,NQC,5,21,NQC
COP2324-075,,MANAGEMENT,Rajarata University of Sri Lanka,MATARA,1.3992,value,5,21,1.3992
COP2324-075,,MANAGEMENT,Rajarata University of Sri Lanka,HAMBANTOTA,1.2481,value,5,21,1.2481
COP2324-075,,MANAGEMENT,Rajarata University of Sri Lanka,JAFFNA,,NQC,5,21,NQC
COP2324-075,,MANAGEMENT,Rajarata University of Sri Lanka,KILINOCHCHI,,NQC,5,21,NQC
COP2324-075,,MANAGEMENT,Rajarata University of Sri Lanka,MANNAR,,NQC,5,21,NQC
COP2324-075,,MANAGEMENT,Rajarata University of Sri Lanka,MULLAITIVU,,NQC,5,21,NQC
COP2324-075,,MANAGEMENT,Rajarata University of Sri Lanka,VAVUNIYA,1.2537,value,5,21,1.2537
COP2324-075,,MANAGEMENT,Rajarata University of Sri Lanka,TRINCOMALEE,1.4009,value,5,21,1.4009
COP2324-075,,MANAGEMENT,Rajarata University of Sri Lanka,BATTICALOA,1.2441,value,5,21,1.2441
COP2324-075,,MANAGEMENT,Rajarata University of Sri Lanka,AMPARA,1.2466,value,5,21,1.2466
COP2324-075,,MANAGEMENT,Rajarata University of Sri Lanka,PUTTALAM,1.2497,value,5,21,1.2497
COP2324-075,,MANAGEMENT,Rajarata University of Sri Lanka,KURUNEGALA,1.2801,value,5,21,1.2801
COP2324-075,,MANAGEMENT,Rajarata University of Sri Lanka,ANURADHAPURA,1.2458,value,5,21,1.2458
COP2324-075,,MANAGEMENT,Rajarata University of Sri Lanka,POLONNARUWA,1.2449,value,5,21,1.2449
COP2324-075,,MANAGEMENT,Rajarata University of Sri Lanka,BADULLA,1.2513,value,5,21,1.2513
COP2324-075,,MANAGEMENT,Rajarata University of Sri Lanka,MONARAGALA,1.2448,value,5,21,1.2448
COP2324-075,,MANAGEMENT,Rajarata University of Sri Lanka,KEGALLE,1.3209,value,5,21,1.3209
COP2324-075,,MANAGEMENT,Rajarata University of Sri Lanka,RATNAPURA,1.2474,value,5,21,1.2474
COP2324-076,,MANAGEMENT,Sabaragamuwa University of Sri Lanka,COLOMBO,1.3256,value,5,22,1.3256
COP2324-076,,MANAGEMENT,Sabaragamuwa University of Sri Lanka,GAMPAHA,1.3218,value,5,22,1.3218
COP2324-076,,MANAGEMENT,Sabaragamuwa University of Sri Lanka,KALUTARA,1.3664,value,5,22,1.3664
COP2324-076,,MANAGEMENT,Sabaragamuwa University of Sri Lanka,MATALE,1.3353,value,5,22,1.3353
COP2324-076,,MANAGEMENT,Sabaragamuwa University of Sri Lanka,KANDY,1.3249,value,5,22,1.3249
COP2324-076,,MANAGEMENT,Sabaragamuwa University of Sri Lanka,NUWARA ELIYA,1.3265,value,5,22,1.3265
COP2324-076,,MANAGEMENT,Sabaragamuwa University of Sri Lanka,GALLE,1.3624,value,5,22,1.3624
COP2324-076,,MANAGEMENT,Sabaragamuwa University of Sri Lanka,MATARA,1.3738,value,5,22,1.3738
COP2324-076,,MANAGEMENT,Sabaragamuwa University of Sri Lanka,HAMBANTOTA,1.3577,value,5,22,1.3577
COP2324-076,,MANAGEMENT,Sabaragamuwa University of Sri Lanka,JAFFNA,,NQC,5,22,NQC
COP2324-076,,MANAGEMENT,Sabaragamuwa University of Sri Lanka,KILINOCHCHI,1.4792,value,5,22,1.4792
COP2324-076,,MANAGEMENT,Sabaragamuwa University of Sri Lanka,MANNAR,,NQC,5,22,NQC
COP2324-076,,MANAGEMENT,Sabaragamuwa University of Sri Lanka,MULLAITIVU,1.4200,value,5,22,1.4200
COP2324-076,,MANAGEMENT,Sabaragamuwa University of Sri Lanka,VAVUNIYA,,NQC,5,22,NQC
COP2324-076,,MANAGEMENT,Sabaragamuwa University of Sri Lanka,TRINCOMALEE,,NQC,5,22,NQC
COP2324-076,,MANAGEMENT,Sabaragamuwa University of Sri Lanka,BATTICALOA,,NQC,5,22,NQC
COP2324-076,,MANAGEMENT,Sabaragamuwa University of Sri Lanka,AMPARA,1.3641,value,5,22,1.3641
COP2324-076,,MANAGEMENT,Sabaragamuwa University of Sri Lanka,PUTTALAM,1.3392,value,5,22,1.3392
COP2324-076,,MANAGEMENT,Sabaragamuwa University of Sri Lanka,KURUNEGALA,1.3304,value,5,22,1.3304
COP2324-076,,MANAGEMENT,Sabaragamuwa University of Sri Lanka,ANURADHAPURA,1.3305,value,5,22,1.3305
COP2324-076,,MANAGEMENT,Sabaragamuwa University of Sri Lanka,POLONNARUWA,1.3240,value,5,22,1.3240
COP2324-076,,MANAGEMENT,Sabaragamuwa University of Sri Lanka,BADULLA,1.3247,value,5,22,1.3247
COP2324-076,,MANAGEMENT,Sabaragamuwa University of Sri Lanka,MONARAGALA,1.3257,value,5,22,1.3257
COP2324-076,,MANAGEMENT,Sabaragamuwa University of Sri Lanka,KEGALLE,1.3232,value,5,22,1.3232
COP2324-076,,MANAGEMENT,Sabaragamuwa University of Sri Lanka,RATNAPURA,1.3249,value,5,22,1.3249
COP2324-077,,MANAGEMENT,Wayamba University of Sri Lanka,COLOMBO,1.3457,value,5,23,1.3457
COP2324-077,,MANAGEMENT,Wayamba University of Sri Lanka,GAMPAHA,1.3424,value,5,23,1.3424
COP2324-077,,MANAGEMENT,Wayamba University of Sri Lanka,KALUTARA,1.3649,value,5,23,1.3649
COP2324-077,,MANAGEMENT,Wayamba University of Sri Lanka,MATALE,1.3456,value,5,23,1.3456
COP2324-077,,MANAGEMENT,Wayamba University of Sri Lanka,KANDY,1.3425,value,5,23,1.3425
COP2324-077,,MANAGEMENT,Wayamba University of Sri Lanka,NUWARA ELIYA,1.3456,value,5,23,1.3456
COP2324-077,,MANAGEMENT,Wayamba University of Sri Lanka,GALLE,1.3777,value,5,23,1.3777
COP2324-077,,MANAGEMENT,Wayamba University of Sri Lanka,MATARA,1.3864,value,5,23,1.3864
COP2324-077,,MANAGEMENT,Wayamba University of Sri Lanka,HAMBANTOTA,1.3657,value,5,23,1.3657
COP2324-077,,MANAGEMENT,Wayamba University of Sri Lanka,JAFFNA,,NQC,5,23,NQC
COP2324-077,,MANAGEMENT,Wayamba University of Sri Lanka,KILINOCHCHI,,NQC,5,23,NQC
COP2324-077,,MANAGEMENT,Wayamba University of Sri Lanka,MANNAR,,NQC,5,23,NQC
COP2324-077,,MANAGEMENT,Wayamba University of Sri Lanka,MULLAITIVU,,NQC,5,23,NQC
COP2324-077,,MANAGEMENT,Wayamba University of Sri Lanka,VAVUNIYA,,NQC,5,23,NQC
COP2324-077,,MANAGEMENT,Wayamba University of Sri Lanka,TRINCOMALEE,1.3441,value,5,23,1.3441
COP2324-077,,MANAGEMENT,Wayamba University of Sri Lanka,BATTICALOA,1.4281,value,5,23,1.4281
COP2324-077,,MANAGEMENT,Wayamba University of Sri Lanka,AMPARA,1.3505,value,5,23,1.3505
COP2324-077,,MANAGEMENT,Wayamba University of Sri Lanka,PUTTALAM,1.3472,value,5,23,1.3472
COP2324-077,,MANAGEMENT,Wayamba University of Sri Lanka,KURUNEGALA,1.3425,value,5,23,1.3425
COP2324-077,,MANAGEMENT,Wayamba University of Sri Lanka,ANURADHAPURA,1.3432,value,5,23,1.3432
COP2324-077,,MANAGEMENT,Wayamba University of Sri Lanka,POLONNARUWA,1.3529,value,5,23,1.3529
COP2324-077,,MANAGEMENT,Wayamba University of Sri Lanka,BADULLA,1.3505,value,5,23,1.3505
COP2324-077,,MANAGEMENT,Wayamba University of Sri Lanka,MONARAGALA,1.3441,value,5,23,1.3441
COP2324-077,,MANAGEMENT,Wayamba University of Sri Lanka,KEGALLE,1.3424,value,5,23,1.3424
COP2324-077,,MANAGEMENT,Wayamba University of Sri Lanka,RATNAPURA,1.3456,value,5,23,1.3456
COP2324-078,,REAL ESTATE MANAGEMENT & VALUATION,University of Sri Jayewardenepura,COLOMBO,1.5577,value,5,24,1.5577
COP2324-078,,REAL ESTATE MANAGEMENT & VALUATION,University of Sri Jayewardenepura,GAMPAHA,1.4872,value,5,24,1.4872
COP2324-078,,REAL ESTATE MANAGEMENT & VALUATION,University of Sri Jayewardenepura,KALUTARA,1.5201,value,5,24,1.5201
COP2324-078,,REAL ESTATE MANAGEMENT & VALUATION,University of Sri Jayewardenepura,MATALE,1.5887,value,5,24,1.5887
COP2324-078,,REAL ESTATE MANAGEMENT & VALUATION,University of Sri Jayewardenepura,KANDY,1.5209,value,5,24,1.5209
COP2324-078,,REAL ESTATE MANAGEMENT & VALUATION,University of Sri Jayewardenepura,NUWARA ELIYA,1.5072,value,5,24,1.5072
COP2324-078,,REAL ESTATE MANAGEMENT & VALUATION,University of Sri Jayewardenepura,GALLE,1.5559,value,5,24,1.5559
COP2324-078,,REAL ESTATE MANAGEMENT & VALUATION,University of Sri Jayewardenepura,MATARA,1.5480,value,5,24,1.5480
COP2324-078,,REAL ESTATE MANAGEMENT & VALUATION,University of Sri Jayewardenepura,HAMBANTOTA,1.5824,value,5,24,1.5824
COP2324-078,,REAL ESTATE MANAGEMENT & VALUATION,University of Sri Jayewardenepura,JAFFNA,1.3051,value,5,24,1.3051
COP2324-078,,REAL ESTATE MANAGEMENT & VALUATION,University of Sri Jayewardenepura,KILINOCHCHI,1.1954,value,5,24,1.1954
COP2324-078,,REAL ESTATE MANAGEMENT & VALUATION,University of Sri Jayewardenepura,MANNAR,1.1129,value,5,24,1.1129
COP2324-078,,REAL ESTATE MANAGEMENT & VALUATION,University of Sri Jayewardenepura,MULLAITIVU,1.2945,value,5,24,1.2945
COP2324-078,,REAL ESTATE MANAGEMENT & VALUATION,University of Sri Jayewardenepura,VAVUNIYA,1.5080,value,5,24,1.5080
COP2324-078,,REAL ESTATE MANAGEMENT & VALUATION,University of Sri Jayewardenepura,TRINCOMALEE,1.4497,value,5,24,1.4497
COP2324-078,,REAL ESTATE MANAGEMENT & VALUATION,University of Sri Jayewardenepura,BATTICALOA,1.3265,value,5,24,1.3265
COP2324-078,,REAL ESTATE MANAGEMENT & VALUATION,University of Sri Jayewardenepura,AMPARA,1.3721,value,5,24,1.3721
COP2324-078,,REAL ESTATE MANAGEMENT & VALUATION,University of Sri Jayewardenepura,PUTTALAM,1.3473,value,5,24,1.3473
COP2324-078,,REAL ESTATE MANAGEMENT & VALUATION,University of Sri Jayewardenepura,KURUNEGALA,1.5648,value,5,24,1.5648
COP2324-078,,REAL ESTATE MANAGEMENT & VALUATION,University of Sri Jayewardenepura,ANURADHAPURA,1.5496,value,5,24,1.5496
COP2324-078,,REAL ESTATE MANAGEMENT & VALUATION,University of Sri Jayewardenepura,POLONNARUWA,1.5360,value,5,24,1.5360
COP2324-078,,REAL ESTATE MANAGEMENT & VALUATION,University of Sri Jayewardenepura,BADULLA,1.5176,value,5,24,1.5176
COP2324-078,,REAL ESTATE MANAGEMENT & VALUATION,University of Sri Jayewardenepura,MONARAGALA,1.5632,value,5,24,1.5632
COP2324-078,,REAL ESTATE MANAGEMENT & VALUATION,University of Sri Jayewardenepura,KEGALLE,1.5920,value,5,24,1.5920
COP2324-078,,REAL ESTATE MANAGEMENT & VALUATION,University of Sri Jayewardenepura,RATNAPURA,1.4745,value,5,24,1.4745
COP2324-079,,COMMERCE,University of Sri Jayewardenepura,COLOMBO,1.5888,value,5,25,1.5888
COP2324-079,,COMMERCE,University of Sri Jayewardenepura,GAMPAHA,1.5948,value,5,25,1.5948
COP2324-079,,COMMERCE,University of Sri Jayewardenepura,KALUTARA,1.5944,value,5,25,1.5944
COP2324-079,,COMMERCE,University of Sri Jayewardenepura,MATALE,1.6104,value,5,25,1.6104
COP2324-079,,COMMERCE,University of Sri Jayewardenepura,KANDY,1.5928,value,5,25,1.5928
COP2324-079,,COMMERCE,University of Sri Jayewardenepura,NUWARA ELIYA,,NQC,5,25,NQC
COP2324-079,,COMMERCE,University of Sri Jayewardenepura,GALLE,1.5951,value,5,25,1.5951
COP2324-079,,COMMERCE,University of Sri Jayewardenepura,MATARA,1.5943,value,5,25,1.5943
COP2324-079,,COMMERCE,University of Sri Jayewardenepura,HAMBANTOTA,1.5895,value,5,25,1.5895
COP2324-079,,COMMERCE,University of Sri Jayewardenepura,JAFFNA,,NQC,5,25,NQC
COP2324-079,,COMMERCE,University of Sri Jayewardenepura,KILINOCHCHI,,NQC,5,25,NQC
COP2324-079,,COMMERCE,University of Sri Jayewardenepura,MANNAR,,NQC,5,25,NQC
COP2324-079,,COMMERCE,University of Sri Jayewardenepura,MULLAITIVU,,NQC,5,25,NQC
COP2324-079,,COMMERCE,University of Sri Jayewardenepura,VAVUNIYA,1.6440,value,5,25,1.6440
COP2324-079,,COMMERCE,University of Sri Jayewardenepura,TRINCOMALEE,,NQC,5,25,NQC
COP2324-079,,COMMERCE,University of Sri Jayewardenepura,BATTICALOA,,NQC,5,25,NQC
COP2324-079,,COMMERCE,University of Sri Jayewardenepura,AMPARA,,NQC,5,25,NQC
COP2324-079,,COMMERCE,University of Sri Jayewardenepura,PUTTALAM,1.6112,value,5,25,1.6112
COP2324-079,,COMMERCE,University of Sri Jayewardenepura,KURUNEGALA,1.6095,value,5,25,1.6095
COP2324-079,,COMMERCE,University of Sri Jayewardenepura,ANURADHAPURA,1.6064,value,5,25,1.6064
COP2324-079,,COMMERCE,University of Sri Jayewardenepura,POLONNARUWA,1.7407,value,5,25,1.7407
COP2324-079,,COMMERCE,University of Sri Jayewardenepura,BADULLA,1.5992,value,5,25,1.5992
COP2324-079,,COMMERCE,University of Sri Jayewardenepura,MONARAGALA,,NQC,5,25,NQC
COP2324-079,,COMMERCE,University of Sri Jayewardenepura,KEGALLE,1.6015,value,5,25,1.6015
COP2324-079,,COMMERCE,University of Sri Jayewardenepura,RATNAPURA,1.6032,value,5,25,1.6032
COP2324-080,,COMMERCE,University of Kelaniya,COLOMBO,1.4736,value,5,26,1.4736
COP2324-080,,COMMERCE,University of Kelaniya,GAMPAHA,1.4736,value,5,26,1.4736
COP2324-080,,COMMERCE,University of Kelaniya,KALUTARA,1.4752,value,5,26,1.4752
COP2324-080,,COMMERCE,University of Kelaniya,MATALE,1.4725,value,5,26,1.4725
COP2324-080,,COMMERCE,University of Kelaniya,KANDY,1.4856,value,5,26,1.4856
COP2324-080,,COMMERCE,University of Kelaniya,NUWARA ELIYA,1.4728,value,5,26,1.4728
COP2324-080,,COMMERCE,University of Kelaniya,GALLE,1.4912,value,5,26,1.4912
COP2324-080,,COMMERCE,University of Kelaniya,MATARA,1.4784,value,5,26,1.4784
COP2324-080,,COMMERCE,University of Kelaniya,HAMBANTOTA,1.5118,value,5,26,1.5118
COP2324-080,,COMMERCE,University of Kelaniya,JAFFNA,,NQC,5,26,NQC
COP2324-080,,COMMERCE,University of Kelaniya,KILINOCHCHI,,NQC,5,26,NQC
COP2324-080,,COMMERCE,University of Kelaniya,MANNAR,,NQC,5,26,NQC
COP2324-080,,COMMERCE,University of Kelaniya,MULLAITIVU,,NQC,5,26,NQC
COP2324-080,,COMMERCE,University of Kelaniya,VAVUNIYA,1.5664,value,5,26,1.5664
COP2324-080,,COMMERCE,University of Kelaniya,TRINCOMALEE,,NQC,5,26,NQC
COP2324-080,,COMMERCE,University of Kelaniya,BATTICALOA,1.5598,value,5,26,1.5598
COP2324-080,,COMMERCE,University of Kelaniya,AMPARA,,NQC,5,26,NQC
COP2324-080,,COMMERCE,University of Kelaniya,PUTTALAM,1.4759,value,5,26,1.4759
COP2324-080,,COMMERCE,University of Kelaniya,KURUNEGALA,1.4760,value,5,26,1.4760
COP2324-080,,COMMERCE,University of Kelaniya,ANURADHAPURA,1.4928,value,5,26,1.4928
COP2324-080,,COMMERCE,University of Kelaniya,POLONNARUWA,1.4976,value,5,26,1.4976
COP2324-080,,COMMERCE,University of Kelaniya,BADULLA,1.5783,value,5,26,1.5783
COP2324-080,,COMMERCE,University of Kelaniya,MONARAGALA,1.4864,value,5,26,1.4864
COP2324-080,,COMMERCE,University of Kelaniya,KEGALLE,1.4896,value,5,26,1.4896
COP2324-080,,COMMERCE,University of Kelaniya,RATNAPURA,1.4745,value,5,26,1.4745
COP2324-081,,COMMERCE,University of Jaffna,COLOMBO,1.2504,value,5,27,1.2504
COP2324-081,,COMMERCE,University of Jaffna,GAMPAHA,1.2433,value,5,27,1.2433
COP2324-081,,COMMERCE,University of Jaffna,KALUTARA,1.3145,value,5,27,1.3145
COP2324-081,,COMMERCE,University of Jaffna,MATALE,1.2113,value,5,27,1.2113
COP2324-081,,COMMERCE,University of Jaffna,KANDY,1.2121,value,5,27,1.2121
COP2324-081,,COMMERCE,University of Jaffna,NUWARA ELIYA,1.3265,value,5,27,1.3265
COP2324-081,,COMMERCE,University of Jaffna,GALLE,1.2800,value,5,27,1.2800
COP2324-081,,COMMERCE,University of Jaffna,MATARA,1.2793,value,5,27,1.2793
COP2324-081,,COMMERCE,University of Jaffna,HAMBANTOTA,,NQC,5,27,NQC
COP2324-081,,COMMERCE,University of Jaffna,JAFFNA,,NQC,5,27,NQC
COP2324-081,,COMMERCE,University of Jaffna,KILINOCHCHI,,NQC,5,27,NQC
COP2324-081,,COMMERCE,University of Jaffna,MANNAR,,NQC,5,27,NQC
COP2324-081,,COMMERCE,University of Jaffna,MULLAITIVU,,NQC,5,27,NQC
COP2324-081,,COMMERCE,University of Jaffna,VAVUNIYA,,NQC,5,27,NQC
COP2324-081,,COMMERCE,University of Jaffna,TRINCOMALEE,,NQC,5,27,NQC
COP2324-081,,COMMERCE,University of Jaffna,BATTICALOA,,NQC,5,27,NQC
COP2324-081,,COMMERCE,University of Jaffna,AMPARA,,NQC,5,27,NQC
COP2324-081,,COMMERCE,University of Jaffna,PUTTALAM,,NQC,5,27,NQC
COP2324-081,,COMMERCE,University of Jaffna,KURUNEGALA,1.2202,value,5,27,1.2202
COP2324-081,,COMMERCE,University of Jaffna,ANURADHAPURA,,NQC,5,27,NQC
COP2324-081,,COMMERCE,University of Jaffna,POLONNARUWA,,NQC,5,27,NQC
COP2324-081,,COMMERCE,University of Jaffna,BADULLA,,NQC,5,27,NQC
COP2324-081,,COMMERCE,University of Jaffna,MONARAGALA,1.2209,value,5,27,1.2209
COP2324-081,,COMMERCE,University of Jaffna,KEGALLE,1.2626,value,5,27,1.2626
COP2324-081,,COMMERCE,University of Jaffna,RATNAPURA,1.2107,value,5,27,1.2107
COP2324-082,,COMMERCE,"Eastern University, Sri Lanka",COLOMBO,1.2484,value,6,1,1.2484
COP2324-082,,COMMERCE,"Eastern University, Sri Lanka",GAMPAHA,1.2480,value,6,1,1.2480
COP2324-082,,COMMERCE,"Eastern University, Sri Lanka",KALUTARA,1.3552,value,6,1,1.3552
COP2324-082,,COMMERCE,"Eastern University, Sri Lanka",MATALE,1.2121,value,6,1,1.2121
COP2324-082,,COMMERCE,"Eastern University, Sri Lanka",KANDY,1.1769,value,6,1,1.1769
COP2324-082,,COMMERCE,"Eastern University, Sri Lanka",NUWARA ELIYA,1.0114,value,6,1,1.0114
COP2324-082,,COMMERCE,"Eastern University, Sri Lanka",GALLE,1.2945,value,6,1,1.2945
COP2324-082,,COMMERCE,"Eastern University, Sri Lanka",MATARA,1.2425,value,6,1,1.2425
COP2324-082,,COMMERCE,"Eastern University, Sri Lanka",HAMBANTOTA,1.0714,value,6,1,1.0714
COP2324-082,,COMMERCE,"Eastern University, Sri Lanka",JAFFNA,1.0370,value,6,1,1.0370
COP2324-082,,COMMERCE,"Eastern University, Sri Lanka",KILINOCHCHI,1.0202,value,6,1,1.0202
COP2324-082,,COMMERCE,"Eastern University, Sri Lanka",MANNAR,,NQC,6,1,NQC
COP2324-082,,COMMERCE,"Eastern University, Sri Lanka",MULLAITIVU,1.0363,value,6,1,1.0363
COP2324-082,,COMMERCE,"Eastern University, Sri Lanka",VAVUNIYA,,NQC,6,1,NQC
COP2324-082,,COMMERCE,"Eastern University, Sri Lanka",TRINCOMALEE,1.0522,value,6,1,1.0522
COP2324-082,,COMMERCE,"Eastern University, Sri Lanka",BATTICALOA,1.0098,value,6,1,1.0098
COP2324-082,,COMMERCE,"Eastern University, Sri Lanka",AMPARA,,NQC,6,1,NQC
COP2324-082,,COMMERCE,"Eastern University, Sri Lanka",PUTTALAM,1.0362,value,6,1,1.0362
COP2324-082,,COMMERCE,"Eastern University, Sri Lanka",KURUNEGALA,1.2250,value,6,1,1.2250
COP2324-082,,COMMERCE,"Eastern University, Sri Lanka",ANURADHAPURA,1.0690,value,6,1,1.0690
COP2324-082,,COMMERCE,"Eastern University, Sri Lanka",POLONNARUWA,1.0098,value,6,1,1.0098
COP2324-082,,COMMERCE,"Eastern University, Sri Lanka",BADULLA,1.0210,value,6,1,1.0210
COP2324-082,,COMMERCE,"Eastern University, Sri Lanka",MONARAGALA,1.1497,value,6,1,1.1497
COP2324-082,,COMMERCE,"Eastern University, Sri Lanka",KEGALLE,1.2721,value,6,1,1.2721
COP2324-082,,COMMERCE,"Eastern University, Sri Lanka",RATNAPURA,1.1786,value,6,1,1.1786
COP2324-083,,COMMERCE,South Eastern University of Sri Lanka,COLOMBO,1.2545,value,6,2,1.2545
COP2324-083,,COMMERCE,South Eastern University of Sri Lanka,GAMPAHA,1.2457,value,6,2,1.2457
COP2324-083,,COMMERCE,South Eastern University of Sri Lanka,KALUTARA,1.3137,value,6,2,1.3137
COP2324-083,,COMMERCE,South Eastern University of Sri Lanka,MATALE,1.2129,value,6,2,1.2129
COP2324-083,,COMMERCE,South Eastern University of Sri Lanka,KANDY,1.1809,value,6,2,1.1809
COP2324-083,,COMMERCE,South Eastern University of Sri Lanka,NUWARA ELIYA,1.0098,value,6,2,1.0098
COP2324-083,,COMMERCE,South Eastern University of Sri Lanka,GALLE,1.2905,value,6,2,1.2905
COP2324-083,,COMMERCE,South Eastern University of Sri Lanka,MATARA,1.2789,value,6,2,1.2789
COP2324-083,,COMMERCE,South Eastern University of Sri Lanka,HAMBANTOTA,1.1009,value,6,2,1.1009
COP2324-083,,COMMERCE,South Eastern University of Sri Lanka,JAFFNA,0.9218,value,6,2,0.9218
COP2324-083,,COMMERCE,South Eastern University of Sri Lanka,KILINOCHCHI,0.6972,value,6,2,0.6972
COP2324-083,,COMMERCE,South Eastern University of Sri Lanka,MANNAR,0.8428,value,6,2,0.8428
COP2324-083,,COMMERCE,South Eastern University of Sri Lanka,MULLAITIVU,0.9970,value,6,2,0.9970
COP2324-083,,COMMERCE,South Eastern University of Sri Lanka,VAVUNIYA,0.9234,value,6,2,0.9234
COP2324-083,,COMMERCE,South Eastern University of Sri Lanka,TRINCOMALEE,0.6979,value,6,2,0.6979
COP2324-083,,COMMERCE,South Eastern University of Sri Lanka,BATTICALOA,0.9762,value,6,2,0.9762
COP2324-083,,COMMERCE,South Eastern University of Sri Lanka,AMPARA,0.8547,value,6,2,0.8547
COP2324-083,,COMMERCE,South Eastern University of Sri Lanka,PUTTALAM,1.0378,value,6,2,1.0378
COP2324-083,,COMMERCE,South Eastern University of Sri Lanka,KURUNEGALA,1.2306,value,6,2,1.2306
COP2324-083,,COMMERCE,South Eastern University of Sri Lanka,ANURADHAPURA,1.0658,value,6,2,1.0658
COP2324-083,,COMMERCE,South Eastern University of Sri Lanka,POLONNARUWA,0.9722,value,6,2,0.9722
COP2324-083,,COMMERCE,South Eastern University of Sri Lanka,BADULLA,1.0258,value,6,2,1.0258
COP2324-083,,COMMERCE,South Eastern University of Sri Lanka,MONARAGALA,1.1480,value,6,2,1.1480
COP2324-083,,COMMERCE,South Eastern University of Sri Lanka,KEGALLE,1.3168,value,6,2,1.3168
COP2324-083,,COMMERCE,South Eastern University of Sri Lanka,RATNAPURA,1.1834,value,6,2,1.1834
COP2324-084,,MANAGEMENT (PUBLIC) HONOURS,University of Sri Jayewardenepura,COLOMBO,1.5656,value,6,3,1.5656
COP2324-084,,MANAGEMENT (PUBLIC) HONOURS,University of Sri Jayewardenepura,GAMPAHA,1.5136,value,6,3,1.5136
COP2324-084,,MANAGEMENT (PUBLIC) HONOURS,University of Sri Jayewardenepura,KALUTARA,1.4768,value,6,3,1.4768
COP2324-084,,MANAGEMENT (PUBLIC) HONOURS,University of Sri Jayewardenepura,MATALE,1.5186,value,6,3,1.5186
COP2324-084,,MANAGEMENT (PUBLIC) HONOURS,University of Sri Jayewardenepura,KANDY,1.4976,value,6,3,1.4976
COP2324-084,,MANAGEMENT (PUBLIC) HONOURS,University of Sri Jayewardenepura,NUWARA ELIYA,1.5048,value,6,3,1.5048
COP2324-084,,MANAGEMENT (PUBLIC) HONOURS,University of Sri Jayewardenepura,GALLE,1.5408,value,6,3,1.5408
COP2324-084,,MANAGEMENT (PUBLIC) HONOURS,University of Sri Jayewardenepura,MATARA,1.5259,value,6,3,1.5259
COP2324-084,,MANAGEMENT (PUBLIC) HONOURS,University of Sri Jayewardenepura,HAMBANTOTA,1.5256,value,6,3,1.5256
COP2324-084,,MANAGEMENT (PUBLIC) HONOURS,University of Sri Jayewardenepura,JAFFNA,1.4611,value,6,3,1.4611
COP2324-084,,MANAGEMENT (PUBLIC) HONOURS,University of Sri Jayewardenepura,KILINOCHCHI,1.2482,value,6,3,1.2482
COP2324-084,,MANAGEMENT (PUBLIC) HONOURS,University of Sri Jayewardenepura,MANNAR,1.2298,value,6,3,1.2298
COP2324-084,,MANAGEMENT (PUBLIC) HONOURS,University of Sri Jayewardenepura,MULLAITIVU,1.3952,value,6,3,1.3952
COP2324-084,,MANAGEMENT (PUBLIC) HONOURS,University of Sri Jayewardenepura,VAVUNIYA,1.5561,value,6,3,1.5561
COP2324-084,,MANAGEMENT (PUBLIC) HONOURS,University of Sri Jayewardenepura,TRINCOMALEE,1.5736,value,6,3,1.5736
COP2324-084,,MANAGEMENT (PUBLIC) HONOURS,University of Sri Jayewardenepura,BATTICALOA,1.4440,value,6,3,1.4440
COP2324-084,,MANAGEMENT (PUBLIC) HONOURS,University of Sri Jayewardenepura,AMPARA,1.4673,value,6,3,1.4673
COP2324-084,,MANAGEMENT (PUBLIC) HONOURS,University of Sri Jayewardenepura,PUTTALAM,1.4712,value,6,3,1.4712
COP2324-084,,MANAGEMENT (PUBLIC) HONOURS,University of Sri Jayewardenepura,KURUNEGALA,1.5575,value,6,3,1.5575
COP2324-084,,MANAGEMENT (PUBLIC) HONOURS,University of Sri Jayewardenepura,ANURADHAPURA,1.4890,value,6,3,1.4890
COP2324-084,,MANAGEMENT (PUBLIC) HONOURS,University of Sri Jayewardenepura,POLONNARUWA,1.5368,value,6,3,1.5368
COP2324-084,,MANAGEMENT (PUBLIC) HONOURS,University of Sri Jayewardenepura,BADULLA,1.4681,value,6,3,1.4681
COP2324-084,,MANAGEMENT (PUBLIC) HONOURS,University of Sri Jayewardenepura,MONARAGALA,1.5624,value,6,3,1.5624
COP2324-084,,MANAGEMENT (PUBLIC) HONOURS,University of Sri Jayewardenepura,KEGALLE,1.4401,value,6,3,1.4401
COP2324-084,,MANAGEMENT (PUBLIC) HONOURS,University of Sri Jayewardenepura,RATNAPURA,1.5176,value,6,3,1.5176
COP2324-085,,BUSINESS INFORMATION SYSTEMS (HONOURS) (BIS),University of Sri Jayewardenepura,COLOMBO,1.9558,value,6,4,1.9558
COP2324-085,,BUSINESS INFORMATION SYSTEMS (HONOURS) (BIS),University of Sri Jayewardenepura,GAMPAHA,1.8623,value,6,4,1.8623
COP2324-085,,BUSINESS INFORMATION SYSTEMS (HONOURS) (BIS),University of Sri Jayewardenepura,KALUTARA,1.8719,value,6,4,1.8719
COP2324-085,,BUSINESS INFORMATION SYSTEMS (HONOURS) (BIS),University of Sri Jayewardenepura,MATALE,1.9198,value,6,4,1.9198
COP2324-085,,BUSINESS INFORMATION SYSTEMS (HONOURS) (BIS),University of Sri Jayewardenepura,KANDY,1.8878,value,6,4,1.8878
COP2324-085,,BUSINESS INFORMATION SYSTEMS (HONOURS) (BIS),University of Sri Jayewardenepura,NUWARA ELIYA,1.6311,value,6,4,1.6311
COP2324-085,,BUSINESS INFORMATION SYSTEMS (HONOURS) (BIS),University of Sri Jayewardenepura,GALLE,1.8550,value,6,4,1.8550
COP2324-085,,BUSINESS INFORMATION SYSTEMS (HONOURS) (BIS),University of Sri Jayewardenepura,MATARA,1.9448,value,6,4,1.9448
COP2324-085,,BUSINESS INFORMATION SYSTEMS (HONOURS) (BIS),University of Sri Jayewardenepura,HAMBANTOTA,1.7559,value,6,4,1.7559
COP2324-085,,BUSINESS INFORMATION SYSTEMS (HONOURS) (BIS),University of Sri Jayewardenepura,JAFFNA,1.6207,value,6,4,1.6207
COP2324-085,,BUSINESS INFORMATION SYSTEMS (HONOURS) (BIS),University of Sri Jayewardenepura,KILINOCHCHI,1.0106,value,6,4,1.0106
COP2324-085,,BUSINESS INFORMATION SYSTEMS (HONOURS) (BIS),University of Sri Jayewardenepura,MANNAR,1.1622,value,6,4,1.1622
COP2324-085,,BUSINESS INFORMATION SYSTEMS (HONOURS) (BIS),University of Sri Jayewardenepura,MULLAITIVU,1.4720,value,6,4,1.4720
COP2324-085,,BUSINESS INFORMATION SYSTEMS (HONOURS) (BIS),University of Sri Jayewardenepura,VAVUNIYA,1.5720,value,6,4,1.5720
COP2324-085,,BUSINESS INFORMATION SYSTEMS (HONOURS) (BIS),University of Sri Jayewardenepura,TRINCOMALEE,1.5928,value,6,4,1.5928
COP2324-085,,BUSINESS INFORMATION SYSTEMS (HONOURS) (BIS),University of Sri Jayewardenepura,BATTICALOA,1.8288,value,6,4,1.8288
COP2324-085,,BUSINESS INFORMATION SYSTEMS (HONOURS) (BIS),University of Sri Jayewardenepura,AMPARA,1.6287,value,6,4,1.6287
COP2324-085,,BUSINESS INFORMATION SYSTEMS (HONOURS) (BIS),University of Sri Jayewardenepura,PUTTALAM,1.6319,value,6,4,1.6319
COP2324-085,,BUSINESS INFORMATION SYSTEMS (HONOURS) (BIS),University of Sri Jayewardenepura,KURUNEGALA,1.8617,value,6,4,1.8617
COP2324-085,,BUSINESS INFORMATION SYSTEMS (HONOURS) (BIS),University of Sri Jayewardenepura,ANURADHAPURA,1.8159,value,6,4,1.8159
COP2324-085,,BUSINESS INFORMATION SYSTEMS (HONOURS) (BIS),University of Sri Jayewardenepura,POLONNARUWA,1.9694,value,6,4,1.9694
COP2324-085,,BUSINESS INFORMATION SYSTEMS (HONOURS) (BIS),University of Sri Jayewardenepura,BADULLA,1.6495,value,6,4,1.6495
COP2324-085,,BUSINESS INFORMATION SYSTEMS (HONOURS) (BIS),University of Sri Jayewardenepura,MONARAGALA,1.5840,value,6,4,1.5840
COP2324-085,,BUSINESS INFORMATION SYSTEMS (HONOURS) (BIS),University of Sri Jayewardenepura,KEGALLE,1.8264,value,6,4,1.8264
COP2324-085,,BUSINESS INFORMATION SYSTEMS (HONOURS) (BIS),University of Sri Jayewardenepura,RATNAPURA,1.7639,value,6,4,1.7639
COP2324-086,,FINANCIAL ENGINEERING,University of Kelaniya,COLOMBO,1.6751,value,6,5,1.6751
COP2324-086,,FINANCIAL ENGINEERING,University of Kelaniya,GAMPAHA,1.6319,value,6,5,1.6319
COP2324-086,,FINANCIAL ENGINEERING,University of Kelaniya,KALUTARA,1.6783,value,6,5,1.6783
COP2324-086,,FINANCIAL ENGINEERING,University of Kelaniya,MATALE,1.6671,value,6,5,1.6671
COP2324-086,,FINANCIAL ENGINEERING,University of Kelaniya,KANDY,1.5952,value,6,5,1.5952
COP2324-086,,FINANCIAL ENGINEERING,University of Kelaniya,NUWARA ELIYA,1.6727,value,6,5,1.6727
COP2324-086,,FINANCIAL ENGINEERING,University of Kelaniya,GALLE,1.6759,value,6,5,1.6759
COP2324-086,,FINANCIAL ENGINEERING,University of Kelaniya,MATARA,1.6319,value,6,5,1.6319
COP2324-086,,FINANCIAL ENGINEERING,University of Kelaniya,HAMBANTOTA,1.4681,value,6,5,1.4681
COP2324-086,,FINANCIAL ENGINEERING,University of Kelaniya,JAFFNA,1.4176,value,6,5,1.4176
COP2324-086,,FINANCIAL ENGINEERING,University of Kelaniya,KILINOCHCHI,0.8211,value,6,5,0.8211
COP2324-086,,FINANCIAL ENGINEERING,University of Kelaniya,MANNAR,0.8115,value,6,5,0.8115
COP2324-086,,FINANCIAL ENGINEERING,University of Kelaniya,MULLAITIVU,1.0339,value,6,5,1.0339
COP2324-086,,FINANCIAL ENGINEERING,University of Kelaniya,VAVUNIYA,1.3353,value,6,5,1.3353
COP2324-086,,FINANCIAL ENGINEERING,University of Kelaniya,TRINCOMALEE,1.4576,value,6,5,1.4576
COP2324-086,,FINANCIAL ENGINEERING,University of Kelaniya,BATTICALOA,1.6880,value,6,5,1.6880
COP2324-086,,FINANCIAL ENGINEERING,University of Kelaniya,AMPARA,1.4185,value,6,5,1.4185
COP2324-086,,FINANCIAL ENGINEERING,University of Kelaniya,PUTTALAM,1.5767,value,6,5,1.5767
COP2324-086,,FINANCIAL ENGINEERING,University of Kelaniya,KURUNEGALA,1.6192,value,6,5,1.6192
COP2324-086,,FINANCIAL ENGINEERING,University of Kelaniya,ANURADHAPURA,1.6255,value,6,5,1.6255
COP2324-086,,FINANCIAL ENGINEERING,University of Kelaniya,POLONNARUWA,1.6727,value,6,5,1.6727
COP2324-086,,FINANCIAL ENGINEERING,University of Kelaniya,BADULLA,1.5911,value,6,5,1.5911
COP2324-086,,FINANCIAL ENGINEERING,University of Kelaniya,MONARAGALA,1.5368,value,6,5,1.5368
COP2324-086,,FINANCIAL ENGINEERING,University of Kelaniya,KEGALLE,1.6152,value,6,5,1.6152
COP2324-086,,FINANCIAL ENGINEERING,University of Kelaniya,RATNAPURA,1.6144,value,6,5,1.6144
COP2324-087,,BANKING & INSURANCE,"University of Vavuniya, Sri Lanka",COLOMBO,1.2609,value,6,6,1.2609
COP2324-087,,BANKING & INSURANCE,"University of Vavuniya, Sri Lanka",GAMPAHA,1.2354,value,6,6,1.2354
COP2324-087,,BANKING & INSURANCE,"University of Vavuniya, Sri Lanka",KALUTARA,1.2634,value,6,6,1.2634
COP2324-087,,BANKING & INSURANCE,"University of Vavuniya, Sri Lanka",MATALE,1.2312,value,6,6,1.2312
COP2324-087,,BANKING & INSURANCE,"University of Vavuniya, Sri Lanka",KANDY,1.2144,value,6,6,1.2144
COP2324-087,,BANKING & INSURANCE,"University of Vavuniya, Sri Lanka",NUWARA ELIYA,1.0842,value,6,6,1.0842
COP2324-087,,BANKING & INSURANCE,"University of Vavuniya, Sri Lanka",GALLE,1.2553,value,6,6,1.2553
COP2324-087,,BANKING & INSURANCE,"University of Vavuniya, Sri Lanka",MATARA,1.2641,value,6,6,1.2641
COP2324-087,,BANKING & INSURANCE,"University of Vavuniya, Sri Lanka",HAMBANTOTA,1.2417,value,6,6,1.2417
COP2324-087,,BANKING & INSURANCE,"University of Vavuniya, Sri Lanka",JAFFNA,1.1690,value,6,6,1.1690
COP2324-087,,BANKING & INSURANCE,"University of Vavuniya, Sri Lanka",KILINOCHCHI,0.9786,value,6,6,0.9786
COP2324-087,,BANKING & INSURANCE,"University of Vavuniya, Sri Lanka",MANNAR,0.8379,value,6,6,0.8379
COP2324-087,,BANKING & INSURANCE,"University of Vavuniya, Sri Lanka",MULLAITIVU,1.0027,value,6,6,1.0027
COP2324-087,,BANKING & INSURANCE,"University of Vavuniya, Sri Lanka",VAVUNIYA,0.9163,value,6,6,0.9163
COP2324-087,,BANKING & INSURANCE,"University of Vavuniya, Sri Lanka",TRINCOMALEE,1.0554,value,6,6,1.0554
COP2324-087,,BANKING & INSURANCE,"University of Vavuniya, Sri Lanka",BATTICALOA,1.1825,value,6,6,1.1825
COP2324-087,,BANKING & INSURANCE,"University of Vavuniya, Sri Lanka",AMPARA,1.1058,value,6,6,1.1058
COP2324-087,,BANKING & INSURANCE,"University of Vavuniya, Sri Lanka",PUTTALAM,1.1457,value,6,6,1.1457
COP2324-087,,BANKING & INSURANCE,"University of Vavuniya, Sri Lanka",KURUNEGALA,1.2281,value,6,6,1.2281
COP2324-087,,BANKING & INSURANCE,"University of Vavuniya, Sri Lanka",ANURADHAPURA,1.1929,value,6,6,1.1929
COP2324-087,,BANKING & INSURANCE,"University of Vavuniya, Sri Lanka",POLONNARUWA,0.9707,value,6,6,0.9707
COP2324-087,,BANKING & INSURANCE,"University of Vavuniya, Sri Lanka",BADULLA,1.0690,value,6,6,1.0690
COP2324-087,,BANKING & INSURANCE,"University of Vavuniya, Sri Lanka",MONARAGALA,1.2145,value,6,6,1.2145
COP2324-087,,BANKING & INSURANCE,"University of Vavuniya, Sri Lanka",KEGALLE,1.2601,value,6,6,1.2601
COP2324-087,,BANKING & INSURANCE,"University of Vavuniya, Sri Lanka",RATNAPURA,1.2027,value,6,6,1.2027
COP2324-088,,LAW,University of Colombo,COLOMBO,1.9007,value,6,7,1.9007
COP2324-088,,LAW,University of Colombo,GAMPAHA,1.9018,value,6,7,1.9018
COP2324-088,,LAW,University of Colombo,KALUTARA,1.8968,value,6,7,1.8968
COP2324-088,,LAW,University of Colombo,MATALE,1.9069,value,6,7,1.9069
COP2324-088,,LAW,University of Colombo,KANDY,1.9089,value,6,7,1.9089
COP2324-088,,LAW,University of Colombo,NUWARA ELIYA,1.9401,value,6,7,1.9401
COP2324-088,,LAW,University of Colombo,GALLE,1.9133,value,6,7,1.9133
COP2324-088,,LAW,University of Colombo,MATARA,1.8968,value,6,7,1.8968
COP2324-088,,LAW,University of Colombo,HAMBANTOTA,1.9078,value,6,7,1.9078
COP2324-088,,LAW,University of Colombo,JAFFNA,1.9117,value,6,7,1.9117
COP2324-088,,LAW,University of Colombo,KILINOCHCHI,1.9758,value,6,7,1.9758
COP2324-088,,LAW,University of Colombo,MANNAR,1.9456,value,6,7,1.9456
COP2324-088,,LAW,University of Colombo,MULLAITIVU,1.9754,value,6,7,1.9754
COP2324-088,,LAW,University of Colombo,VAVUNIYA,1.9302,value,6,7,1.9302
COP2324-088,,LAW,University of Colombo,TRINCOMALEE,1.9354,value,6,7,1.9354
COP2324-088,,LAW,University of Colombo,BATTICALOA,1.9080,value,6,7,1.9080
COP2324-088,,LAW,University of Colombo,AMPARA,1.9180,value,6,7,1.9180
COP2324-088,,LAW,University of Colombo,PUTTALAM,1.9154,value,6,7,1.9154
COP2324-088,,LAW,University of Colombo,KURUNEGALA,1.9034,value,6,7,1.9034
COP2324-088,,LAW,University of Colombo,ANURADHAPURA,1.8967,value,6,7,1.8967
COP2324-088,,LAW,University of Colombo,POLONNARUWA,,NQC,6,7,NQC
COP2324-088,,LAW,University of Colombo,BADULLA,1.9003,value,6,7,1.9003
COP2324-088,,LAW,University of Colombo,MONARAGALA,1.9235,value,6,7,1.9235
COP2324-088,,LAW,University of Colombo,KEGALLE,1.9597,value,6,7,1.9597
COP2324-088,,LAW,University of Colombo,RATNAPURA,1.9005,value,6,7,1.9005
COP2324-089,,LAW,University of Peradeniya,COLOMBO,1.8652,value,6,8,1.8652
COP2324-089,,LAW,University of Peradeniya,GAMPAHA,1.8645,value,6,8,1.8645
COP2324-089,,LAW,University of Peradeniya,KALUTARA,1.8644,value,6,8,1.8644
COP2324-089,,LAW,University of Peradeniya,MATALE,1.8700,value,6,8,1.8700
COP2324-089,,LAW,University of Peradeniya,KANDY,1.8763,value,6,8,1.8763
COP2324-089,,LAW,University of Peradeniya,NUWARA ELIYA,1.8701,value,6,8,1.8701
COP2324-089,,LAW,University of Peradeniya,GALLE,1.8865,value,6,8,1.8865
COP2324-089,,LAW,University of Peradeniya,MATARA,,NQC,6,8,NQC
COP2324-089,,LAW,University of Peradeniya,HAMBANTOTA,1.8660,value,6,8,1.8660
COP2324-089,,LAW,University of Peradeniya,JAFFNA,,NQC,6,8,NQC
COP2324-089,,LAW,University of Peradeniya,KILINOCHCHI,1.8991,value,6,8,1.8991
COP2324-089,,LAW,University of Peradeniya,MANNAR,,NQC,6,8,NQC
COP2324-089,,LAW,University of Peradeniya,MULLAITIVU,,NQC,6,8,NQC
COP2324-089,,LAW,University of Peradeniya,VAVUNIYA,1.8685,value,6,8,1.8685
COP2324-089,,LAW,University of Peradeniya,TRINCOMALEE,1.9800,value,6,8,1.9800
COP2324-089,,LAW,University of Peradeniya,BATTICALOA,1.8835,value,6,8,1.8835
COP2324-089,,LAW,University of Peradeniya,AMPARA,,NQC,6,8,NQC
COP2324-089,,LAW,University of Peradeniya,PUTTALAM,1.8927,value,6,8,1.8927
COP2324-089,,LAW,University of Peradeniya,KURUNEGALA,1.8731,value,6,8,1.8731
COP2324-089,,LAW,University of Peradeniya,ANURADHAPURA,1.8719,value,6,8,1.8719
COP2324-089,,LAW,University of Peradeniya,POLONNARUWA,1.8909,value,6,8,1.8909
COP2324-089,,LAW,University of Peradeniya,BADULLA,1.8826,value,6,8,1.8826
COP2324-089,,LAW,University of Peradeniya,MONARAGALA,1.8747,value,6,8,1.8747
COP2324-089,,LAW,University of Peradeniya,KEGALLE,1.8830,value,6,8,1.8830
COP2324-089,,LAW,University of Peradeniya,RATNAPURA,1.8770,value,6,8,1.8770
COP2324-090,,LAW,University of Jaffna,COLOMBO,,NQC,6,9,NQC
COP2324-090,,LAW,University of Jaffna,GAMPAHA,1.8292,value,6,9,1.8292
COP2324-090,,LAW,University of Jaffna,KALUTARA,1.8435,value,6,9,1.8435
COP2324-090,,LAW,University of Jaffna,MATALE,1.8526,value,6,9,1.8526
COP2324-090,,LAW,University of Jaffna,KANDY,1.7782,value,6,9,1.7782
COP2324-090,,LAW,University of Jaffna,NUWARA ELIYA,1.7045,value,6,9,1.7045
COP2324-090,,LAW,University of Jaffna,GALLE,,NQC,6,9,NQC
COP2324-090,,LAW,University of Jaffna,MATARA,,NQC,6,9,NQC
COP2324-090,,LAW,University of Jaffna,HAMBANTOTA,,NQC,6,9,NQC
COP2324-090,,LAW,University of Jaffna,JAFFNA,1.8118,value,6,9,1.8118
COP2324-090,,LAW,University of Jaffna,KILINOCHCHI,,NQC,6,9,NQC
COP2324-090,,LAW,University of Jaffna,MANNAR,1.8582,value,6,9,1.8582
COP2324-090,,LAW,University of Jaffna,MULLAITIVU,,NQC,6,9,NQC
COP2324-090,,LAW,University of Jaffna,VAVUNIYA,,NQC,6,9,NQC
COP2324-090,,LAW,University of Jaffna,TRINCOMALEE,1.7342,value,6,9,1.7342
COP2324-090,,LAW,University of Jaffna,BATTICALOA,1.8067,value,6,9,1.8067
COP2324-090,,LAW,University of Jaffna,AMPARA,1.8197,value,6,9,1.8197
COP2324-090,,LAW,University of Jaffna,PUTTALAM,1.7095,value,6,9,1.7095
COP2324-090,,LAW,University of Jaffna,KURUNEGALA,1.8927,value,6,9,1.8927
COP2324-090,,LAW,University of Jaffna,ANURADHAPURA,1.8410,value,6,9,1.8410
COP2324-090,,LAW,University of Jaffna,POLONNARUWA,1.7594,value,6,9,1.7594
COP2324-090,,LAW,University of Jaffna,BADULLA,1.7512,value,6,9,1.7512
COP2324-090,,LAW,University of Jaffna,MONARAGALA,,NQC,6,9,NQC
COP2324-090,,LAW,University of Jaffna,KEGALLE,1.7548,value,6,9,1.7548
COP2324-090,,LAW,University of Jaffna,RATNAPURA,1.7595,value,6,9,1.7595
COP2324-091,,ARTS,University of Colombo,COLOMBO,1.6698,value,6,10,1.6698
COP2324-091,,ARTS,University of Colombo,GAMPAHA,1.6698,value,6,10,1.6698
COP2324-091,,ARTS,University of Colombo,KALUTARA,1.6698,value,6,10,1.6698
COP2324-091,,ARTS,University of Colombo,MATALE,1.6698,value,6,10,1.6698
COP2324-091,,ARTS,University of Colombo,KANDY,1.6698,value,6,10,1.6698
COP2324-091,,ARTS,University of Colombo,NUWARA ELIYA,1.6698,value,6,10,1.6698
COP2324-091,,ARTS,University of Colombo,GALLE,1.6698,value,6,10,1.6698
COP2324-091,,ARTS,University of Colombo,MATARA,1.6698,value,6,10,1.6698
COP2324-091,,ARTS,University of Colombo,HAMBANTOTA,1.6698,value,6,10,1.6698
COP2324-091,,ARTS,University of Colombo,JAFFNA,1.6698,value,6,10,1.6698
COP2324-091,,ARTS,University of Colombo,KILINOCHCHI,1.6698,value,6,10,1.6698
COP2324-091,,ARTS,University of Colombo,MANNAR,1.6698,value,6,10,1.6698
COP2324-091,,ARTS,University of Colombo,MULLAITIVU,1.6698,value,6,10,1.6698
COP2324-091,,ARTS,University of Colombo,VAVUNIYA,1.6698,value,6,10,1.6698
COP2324-091,,ARTS,University of Colombo,TRINCOMALEE,1.6698,value,6,10,1.6698
COP2324-091,,ARTS,University of Colombo,BATTICALOA,1.6698,value,6,10,1.6698
COP2324-091,,ARTS,University of Colombo,AMPARA,1.6698,value,6,10,1.6698
COP2324-091,,ARTS,University of Colombo,PUTTALAM,1.6698,value,6,10,1.6698
COP2324-091,,ARTS,University of Colombo,KURUNEGALA,1.6698,value,6,10,1.6698
COP2324-091,,ARTS,University of Colombo,ANURADHAPURA,1.6698,value,6,10,1.6698
COP2324-091,,ARTS,University of Colombo,POLONNARUWA,1.6698,value,6,10,1.6698
COP2324-091,,ARTS,University of Colombo,BADULLA,1.6698,value,6,10,1.6698
COP2324-091,,ARTS,University of Colombo,MONARAGALA,1.6698,value,6,10,1.6698
COP2324-091,,ARTS,University of Colombo,KEGALLE,1.6698,value,6,10,1.6698
COP2324-091,,ARTS,University of Colombo,RATNAPURA,1.6698,value,6,10,1.6698
COP2324-092,,ARTS,University of Peradeniya,COLOMBO,1.5147,value,6,11,1.5147
COP2324-092,,ARTS,University of Peradeniya,GAMPAHA,1.5147,value,6,11,1.5147
COP2324-092,,ARTS,University of Peradeniya,KALUTARA,1.5147,value,6,11,1.5147
COP2324-092,,ARTS,University of Peradeniya,MATALE,1.5147,value,6,11,1.5147
COP2324-092,,ARTS,University of Peradeniya,KANDY,1.5147,value,6,11,1.5147
COP2324-092,,ARTS,University of Peradeniya,NUWARA ELIYA,1.5147,value,6,11,1.5147
COP2324-092,,ARTS,University of Peradeniya,GALLE,1.5147,value,6,11,1.5147
COP2324-092,,ARTS,University of Peradeniya,MATARA,1.5147,value,6,11,1.5147
COP2324-092,,ARTS,University of Peradeniya,HAMBANTOTA,1.5147,value,6,11,1.5147
COP2324-092,,ARTS,University of Peradeniya,JAFFNA,1.5147,value,6,11,1.5147
COP2324-092,,ARTS,University of Peradeniya,KILINOCHCHI,1.5147,value,6,11,1.5147
COP2324-092,,ARTS,University of Peradeniya,MANNAR,1.5147,value,6,11,1.5147
COP2324-092,,ARTS,University of Peradeniya,MULLAITIVU,1.5147,value,6,11,1.5147
COP2324-092,,ARTS,University of Peradeniya,VAVUNIYA,1.5147,value,6,11,1.5147
COP2324-092,,ARTS,University of Peradeniya,TRINCOMALEE,1.5147,value,6,11,1.5147
COP2324-092,,ARTS,University of Peradeniya,BATTICALOA,1.5147,value,6,11,1.5147
COP2324-092,,ARTS,University of Peradeniya,AMPARA,1.5147,value,6,11,1.5147
COP2324-092,,ARTS,University of Peradeniya,PUTTALAM,1.5147,value,6,11,1.5147
COP2324-092,,ARTS,University of Peradeniya,KURUNEGALA,1.5147,value,6,11,1.5147
COP2324-092,,ARTS,University of Peradeniya,ANURADHAPURA,1.5147,value,6,11,1.5147
COP2324-092,,ARTS,University of Peradeniya,POLONNARUWA,1.5147,value,6,11,1.5147
COP2324-092,,ARTS,University of Peradeniya,BADULLA,1.5147,value,6,11,1.5147
COP2324-092,,ARTS,University of Peradeniya,MONARAGALA,1.5147,value,6,11,1.5147
COP2324-092,,ARTS,University of Peradeniya,KEGALLE,1.5147,value,6,11,1.5147
COP2324-092,,ARTS,University of Peradeniya,RATNAPURA,1.5147,value,6,11,1.5147
COP2324-093,,ARTS,University of Sri Jayewardenepura,COLOMBO,1.5194,value,6,12,1.5194
COP2324-093,,ARTS,University of Sri Jayewardenepura,GAMPAHA,1.5194,value,6,12,1.5194
COP2324-093,,ARTS,University of Sri Jayewardenepura,KALUTARA,1.5194,value,6,12,1.5194
COP2324-093,,ARTS,University of Sri Jayewardenepura,MATALE,1.5194,value,6,12,1.5194
COP2324-093,,ARTS,University of Sri Jayewardenepura,KANDY,1.5194,value,6,12,1.5194
COP2324-093,,ARTS,University of Sri Jayewardenepura,NUWARA ELIYA,1.5194,value,6,12,1.5194
COP2324-093,,ARTS,University of Sri Jayewardenepura,GALLE,1.5194,value,6,12,1.5194
COP2324-093,,ARTS,University of Sri Jayewardenepura,MATARA,1.5194,value,6,12,1.5194
COP2324-093,,ARTS,University of Sri Jayewardenepura,HAMBANTOTA,1.5194,value,6,12,1.5194
COP2324-093,,ARTS,University of Sri Jayewardenepura,JAFFNA,1.5194,value,6,12,1.5194
COP2324-093,,ARTS,University of Sri Jayewardenepura,KILINOCHCHI,1.5194,value,6,12,1.5194
COP2324-093,,ARTS,University of Sri Jayewardenepura,MANNAR,1.5194,value,6,12,1.5194
COP2324-093,,ARTS,University of Sri Jayewardenepura,MULLAITIVU,1.5194,value,6,12,1.5194
COP2324-093,,ARTS,University of Sri Jayewardenepura,VAVUNIYA,1.5194,value,6,12,1.5194
COP2324-093,,ARTS,University of Sri Jayewardenepura,TRINCOMALEE,1.5194,value,6,12,1.5194
COP2324-093,,ARTS,University of Sri Jayewardenepura,BATTICALOA,1.5194,value,6,12,1.5194
COP2324-093,,ARTS,University of Sri Jayewardenepura,AMPARA,1.5194,value,6,12,1.5194
COP2324-093,,ARTS,University of Sri Jayewardenepura,PUTTALAM,1.5194,value,6,12,1.5194
COP2324-093,,ARTS,University of Sri Jayewardenepura,KURUNEGALA,1.5194,value,6,12,1.5194
COP2324-093,,ARTS,University of Sri Jayewardenepura,ANURADHAPURA,1.5194,value,6,12,1.5194
COP2324-093,,ARTS,University of Sri Jayewardenepura,POLONNARUWA,1.5194,value,6,12,1.5194
COP2324-093,,ARTS,University of Sri Jayewardenepura,BADULLA,1.5194,value,6,12,1.5194
COP2324-093,,ARTS,University of Sri Jayewardenepura,MONARAGALA,1.5194,value,6,12,1.5194
COP2324-093,,ARTS,University of Sri Jayewardenepura,KEGALLE,1.5194,value,6,12,1.5194
COP2324-093,,ARTS,University of Sri Jayewardenepura,RATNAPURA,1.5194,value,6,12,1.5194
COP2324-094,,ARTS,University of Kelaniya,COLOMBO,1.4179,value,6,13,1.4179
COP2324-094,,ARTS,University of Kelaniya,GAMPAHA,1.4179,value,6,13,1.4179
COP2324-094,,ARTS,University of Kelaniya,KALUTARA,1.4179,value,6,13,1.4179
COP2324-094,,ARTS,University of Kelaniya,MATALE,1.4179,value,6,13,1.4179
COP2324-094,,ARTS,University of Kelaniya,KANDY,1.4179,value,6,13,1.4179
COP2324-094,,ARTS,University of Kelaniya,NUWARA ELIYA,1.4179,value,6,13,1.4179
COP2324-094,,ARTS,University of Kelaniya,GALLE,1.4179,value,6,13,1.4179
COP2324-094,,ARTS,University of Kelaniya,MATARA,1.4179,value,6,13,1.4179
COP2324-094,,ARTS,University of Kelaniya,HAMBANTOTA,1.4179,value,6,13,1.4179
COP2324-094,,ARTS,University of Kelaniya,JAFFNA,1.4179,value,6,13,1.4179
COP2324-094,,ARTS,University of Kelaniya,KILINOCHCHI,1.4179,value,6,13,1.4179
COP2324-094,,ARTS,University of Kelaniya,MANNAR,1.4179,value,6,13,1.4179
COP2324-094,,ARTS,University of Kelaniya,MULLAITIVU,1.4179,value,6,13,1.4179
COP2324-094,,ARTS,University of Kelaniya,VAVUNIYA,1.4179,value,6,13,1.4179
COP2324-094,,ARTS,University of Kelaniya,TRINCOMALEE,1.4179,value,6,13,1.4179
COP2324-094,,ARTS,University of Kelaniya,BATTICALOA,1.4179,value,6,13,1.4179
COP2324-094,,ARTS,University of Kelaniya,AMPARA,1.4179,value,6,13,1.4179
COP2324-094,,ARTS,University of Kelaniya,PUTTALAM,1.4179,value,6,13,1.4179
COP2324-094,,ARTS,University of Kelaniya,KURUNEGALA,1.4179,value,6,13,1.4179
COP2324-094,,ARTS,University of Kelaniya,ANURADHAPURA,1.4179,value,6,13,1.4179
COP2324-094,,ARTS,University of Kelaniya,POLONNARUWA,1.4179,value,6,13,1.4179
COP2324-094,,ARTS,University of Kelaniya,BADULLA,1.4179,value,6,13,1.4179
COP2324-094,,ARTS,University of Kelaniya,MONARAGALA,1.4179,value,6,13,1.4179
COP2324-094,,ARTS,University of Kelaniya,KEGALLE,1.4179,value,6,13,1.4179
COP2324-094,,ARTS,University of Kelaniya,RATNAPURA,1.4179,value,6,13,1.4179
COP2324-095,,ARTS,University of Jaffna,COLOMBO,1.1854,value,6,14,1.1854
COP2324-095,,ARTS,University of Jaffna,GAMPAHA,1.1854,value,6,14,1.1854
COP2324-095,,ARTS,University of Jaffna,KALUTARA,1.1854,value,6,14,1.1854
COP2324-095,,ARTS,University of Jaffna,MATALE,1.1854,value,6,14,1.1854
COP2324-095,,ARTS,University of Jaffna,KANDY,1.1854,value,6,14,1.1854
COP2324-095,,ARTS,University of Jaffna,NUWARA ELIYA,1.1854,value,6,14,1.1854
COP2324-095,,ARTS,University of Jaffna,GALLE,1.1854,value,6,14,1.1854
COP2324-095,,ARTS,University of Jaffna,MATARA,1.1854,value,6,14,1.1854
COP2324-095,,ARTS,University of Jaffna,HAMBANTOTA,1.1854,value,6,14,1.1854
COP2324-095,,ARTS,University of Jaffna,JAFFNA,1.1854,value,6,14,1.1854
COP2324-095,,ARTS,University of Jaffna,KILINOCHCHI,1.1854,value,6,14,1.1854
COP2324-095,,ARTS,University of Jaffna,MANNAR,1.1854,value,6,14,1.1854
COP2324-095,,ARTS,University of Jaffna,MULLAITIVU,1.1854,value,6,14,1.1854
COP2324-095,,ARTS,University of Jaffna,VAVUNIYA,1.1854,value,6,14,1.1854
COP2324-095,,ARTS,University of Jaffna,TRINCOMALEE,1.1854,value,6,14,1.1854
COP2324-095,,ARTS,University of Jaffna,BATTICALOA,1.1854,value,6,14,1.1854
COP2324-095,,ARTS,University of Jaffna,AMPARA,1.1854,value,6,14,1.1854
COP2324-095,,ARTS,University of Jaffna,PUTTALAM,1.1854,value,6,14,1.1854
COP2324-095,,ARTS,University of Jaffna,KURUNEGALA,1.1854,value,6,14,1.1854
COP2324-095,,ARTS,University of Jaffna,ANURADHAPURA,1.1854,value,6,14,1.1854
COP2324-095,,ARTS,University of Jaffna,POLONNARUWA,1.1854,value,6,14,1.1854
COP2324-095,,ARTS,University of Jaffna,BADULLA,1.1854,value,6,14,1.1854
COP2324-095,,ARTS,University of Jaffna,MONARAGALA,1.1854,value,6,14,1.1854
COP2324-095,,ARTS,University of Jaffna,KEGALLE,1.1854,value,6,14,1.1854
COP2324-095,,ARTS,University of Jaffna,RATNAPURA,1.1854,value,6,14,1.1854
COP2324-096,,ARTS,University of Ruhuna,COLOMBO,1.3336,value,6,15,1.3336
COP2324-096,,ARTS,University of Ruhuna,GAMPAHA,1.3336,value,6,15,1.3336
COP2324-096,,ARTS,University of Ruhuna,KALUTARA,1.3336,value,6,15,1.3336
COP2324-096,,ARTS,University of Ruhuna,MATALE,1.3336,value,6,15,1.3336
COP2324-096,,ARTS,University of Ruhuna,KANDY,1.3336,value,6,15,1.3336
COP2324-096,,ARTS,University of Ruhuna,NUWARA ELIYA,1.3336,value,6,15,1.3336
COP2324-096,,ARTS,University of Ruhuna,GALLE,1.3336,value,6,15,1.3336
COP2324-096,,ARTS,University of Ruhuna,MATARA,1.3336,value,6,15,1.3336
COP2324-096,,ARTS,University of Ruhuna,HAMBANTOTA,1.3336,value,6,15,1.3336
COP2324-096,,ARTS,University of Ruhuna,JAFFNA,1.3336,value,6,15,1.3336
COP2324-096,,ARTS,University of Ruhuna,KILINOCHCHI,1.3336,value,6,15,1.3336
COP2324-096,,ARTS,University of Ruhuna,MANNAR,1.3336,value,6,15,1.3336
COP2324-096,,ARTS,University of Ruhuna,MULLAITIVU,1.3336,value,6,15,1.3336
COP2324-096,,ARTS,University of Ruhuna,VAVUNIYA,1.3336,value,6,15,1.3336
COP2324-096,,ARTS,University of Ruhuna,TRINCOMALEE,1.3336,value,6,15,1.3336
COP2324-096,,ARTS,University of Ruhuna,BATTICALOA,1.3336,value,6,15,1.3336
COP2324-096,,ARTS,University of Ruhuna,AMPARA,1.3336,value,6,15,1.3336
COP2324-096,,ARTS,University of Ruhuna,PUTTALAM,1.3336,value,6,15,1.3336
COP2324-096,,ARTS,University of Ruhuna,KURUNEGALA,1.3336,value,6,15,1.3336
COP2324-096,,ARTS,University of Ruhuna,ANURADHAPURA,1.3336,value,6,15,1.3336
COP2324-096,,ARTS,University of Ruhuna,POLONNARUWA,1.3336,value,6,15,1.3336
COP2324-096,,ARTS,University of Ruhuna,BADULLA,1.3336,value,6,15,1.3336
COP2324-096,,ARTS,University of Ruhuna,MONARAGALA,1.3336,value,6,15,1.3336
COP2324-096,,ARTS,University of Ruhuna,KEGALLE,1.3336,value,6,15,1.3336
COP2324-096,,ARTS,University of Ruhuna,RATNAPURA,1.3336,value,6,15,1.3336
COP2324-097,,ARTS,"Eastern University, Sri Lanka",COLOMBO,1.1522,value,6,16,1.1522
COP2324-097,,ARTS,"Eastern University, Sri Lanka",GAMPAHA,1.1522,value,6,16,1.1522
COP2324-097,,ARTS,"Eastern University, Sri Lanka",KALUTARA,1.1522,value,6,16,1.1522
COP2324-097,,ARTS,"Eastern University, Sri Lanka",MATALE,1.1522,value,6,16,1.1522
COP2324-097,,ARTS,"Eastern University, Sri Lanka",KANDY,1.1522,value,6,16,1.1522
COP2324-097,,ARTS,"Eastern University, Sri Lanka",NUWARA ELIYA,1.1522,value,6,16,1.1522
COP2324-097,,ARTS,"Eastern University, Sri Lanka",GALLE,1.1522,value,6,16,1.1522
COP2324-097,,ARTS,"Eastern University, Sri Lanka",MATARA,1.1522,value,6,16,1.1522
COP2324-097,,ARTS,"Eastern University, Sri Lanka",HAMBANTOTA,1.1522,value,6,16,1.1522
COP2324-097,,ARTS,"Eastern University, Sri Lanka",JAFFNA,1.1522,value,6,16,1.1522
COP2324-097,,ARTS,"Eastern University, Sri Lanka",KILINOCHCHI,1.1522,value,6,16,1.1522
COP2324-097,,ARTS,"Eastern University, Sri Lanka",MANNAR,1.1522,value,6,16,1.1522
COP2324-097,,ARTS,"Eastern University, Sri Lanka",MULLAITIVU,1.1522,value,6,16,1.1522
COP2324-097,,ARTS,"Eastern University, Sri Lanka",VAVUNIYA,1.1522,value,6,16,1.1522
COP2324-097,,ARTS,"Eastern University, Sri Lanka",TRINCOMALEE,1.1522,value,6,16,1.1522
COP2324-097,,ARTS,"Eastern University, Sri Lanka",BATTICALOA,1.1522,value,6,16,1.1522
COP2324-097,,ARTS,"Eastern University, Sri Lanka",AMPARA,1.1522,value,6,16,1.1522
COP2324-097,,ARTS,"Eastern University, Sri Lanka",PUTTALAM,1.1522,value,6,16,1.1522
COP2324-097,,ARTS,"Eastern University, Sri Lanka",KURUNEGALA,1.1522,value,6,16,1.1522
COP2324-097,,ARTS,"Eastern University, Sri Lanka",ANURADHAPURA,1.1522,value,6,16,1.1522
COP2324-097,,ARTS,"Eastern University, Sri Lanka",POLONNARUWA,1.1522,value,6,16,1.1522
COP2324-097,,ARTS,"Eastern University, Sri Lanka",BADULLA,1.1522,value,6,16,1.1522
COP2324-097,,ARTS,"Eastern University, Sri Lanka",MONARAGALA,1.1522,value,6,16,1.1522
COP2324-097,,ARTS,"Eastern University, Sri Lanka",KEGALLE,1.1522,value,6,16,1.1522
COP2324-097,,ARTS,"Eastern University, Sri Lanka",RATNAPURA,1.1522,value,6,16,1.1522
COP2324-098,,ARTS,South Eastern University of Sri Lanka,COLOMBO,1.2695,value,6,17,1.2695
COP2324-098,,ARTS,South Eastern University of Sri Lanka,GAMPAHA,1.2695,value,6,17,1.2695
COP2324-098,,ARTS,South Eastern University of Sri Lanka,KALUTARA,1.2695,value,6,17,1.2695
COP2324-098,,ARTS,South Eastern University of Sri Lanka,MATALE,1.2695,value,6,17,1.2695
COP2324-098,,ARTS,South Eastern University of Sri Lanka,KANDY,1.2695,value,6,17,1.2695
COP2324-098,,ARTS,South Eastern University of Sri Lanka,NUWARA ELIYA,1.2695,value,6,17,1.2695
COP2324-098,,ARTS,South Eastern University of Sri Lanka,GALLE,1.2695,value,6,17,1.2695
COP2324-098,,ARTS,South Eastern University of Sri Lanka,MATARA,1.2695,value,6,17,1.2695
COP2324-098,,ARTS,South Eastern University of Sri Lanka,HAMBANTOTA,1.2695,value,6,17,1.2695
COP2324-098,,ARTS,South Eastern University of Sri Lanka,JAFFNA,1.2695,value,6,17,1.2695
COP2324-098,,ARTS,South Eastern University of Sri Lanka,KILINOCHCHI,1.2695,value,6,17,1.2695
COP2324-098,,ARTS,South Eastern University of Sri Lanka,MANNAR,1.2695,value,6,17,1.2695
COP2324-098,,ARTS,South Eastern University of Sri Lanka,MULLAITIVU,1.2695,value,6,17,1.2695
COP2324-098,,ARTS,South Eastern University of Sri Lanka,VAVUNIYA,1.2695,value,6,17,1.2695
COP2324-098,,ARTS,South Eastern University of Sri Lanka,TRINCOMALEE,1.2695,value,6,17,1.2695
COP2324-098,,ARTS,South Eastern University of Sri Lanka,BATTICALOA,1.2695,value,6,17,1.2695
COP2324-098,,ARTS,South Eastern University of Sri Lanka,AMPARA,1.2695,value,6,17,1.2695
COP2324-098,,ARTS,South Eastern University of Sri Lanka,PUTTALAM,1.2695,value,6,17,1.2695
COP2324-098,,ARTS,South Eastern University of Sri Lanka,KURUNEGALA,1.2695,value,6,17,1.2695
COP2324-098,,ARTS,South Eastern University of Sri Lanka,ANURADHAPURA,1.2695,value,6,17,1.2695
COP2324-098,,ARTS,South Eastern University of Sri Lanka,POLONNARUWA,1.2695,value,6,17,1.2695
COP2324-098,,ARTS,South Eastern University of Sri Lanka,BADULLA,1.2695,value,6,17,1.2695
COP2324-098,,ARTS,South Eastern University of Sri Lanka,MONARAGALA,1.2695,value,6,17,1.2695
COP2324-098,,ARTS,South Eastern University of Sri Lanka,KEGALLE,1.2695,value,6,17,1.2695
COP2324-098,,ARTS,South Eastern University of Sri Lanka,RATNAPURA,1.2695,value,6,17,1.2695
COP2324-099,,ARTS,Rajarata University of Sri Lanka,COLOMBO,1.2989,value,6,18,1.2989
COP2324-099,,ARTS,Rajarata University of Sri Lanka,GAMPAHA,1.2989,value,6,18,1.2989
COP2324-099,,ARTS,Rajarata University of Sri Lanka,KALUTARA,1.2989,value,6,18,1.2989
COP2324-099,,ARTS,Rajarata University of Sri Lanka,MATALE,1.2989,value,6,18,1.2989
COP2324-099,,ARTS,Rajarata University of Sri Lanka,KANDY,1.2989,value,6,18,1.2989
COP2324-099,,ARTS,Rajarata University of Sri Lanka,NUWARA ELIYA,1.2989,value,6,18,1.2989
COP2324-099,,ARTS,Rajarata University of Sri Lanka,GALLE,1.2989,value,6,18,1.2989
COP2324-099,,ARTS,Rajarata University of Sri Lanka,MATARA,1.2989,value,6,18,1.2989
COP2324-099,,ARTS,Rajarata University of Sri Lanka,HAMBANTOTA,1.2989,value,6,18,1.2989
COP2324-099,,ARTS,Rajarata University of Sri Lanka,JAFFNA,1.2989,value,6,18,1.2989
COP2324-099,,ARTS,Rajarata University of Sri Lanka,KILINOCHCHI,1.2989,value,6,18,1.2989
COP2324-099,,ARTS,Rajarata University of Sri Lanka,MANNAR,1.2989,value,6,18,1.2989
COP2324-099,,ARTS,Rajarata University of Sri Lanka,MULLAITIVU,1.2989,value,6,18,1.2989
COP2324-099,,ARTS,Rajarata University of Sri Lanka,VAVUNIYA,1.2989,value,6,18,1.2989
COP2324-099,,ARTS,Rajarata University of Sri Lanka,TRINCOMALEE,1.2989,value,6,18,1.2989
COP2324-099,,ARTS,Rajarata University of Sri Lanka,BATTICALOA,1.2989,value,6,18,1.2989
COP2324-099,,ARTS,Rajarata University of Sri Lanka,AMPARA,1.2989,value,6,18,1.2989
COP2324-099,,ARTS,Rajarata University of Sri Lanka,PUTTALAM,1.2989,value,6,18,1.2989
COP2324-099,,ARTS,Rajarata University of Sri Lanka,KURUNEGALA,1.2989,value,6,18,1.2989
COP2324-099,,ARTS,Rajarata University of Sri Lanka,ANURADHAPURA,1.2989,value,6,18,1.2989
COP2324-099,,ARTS,Rajarata University of Sri Lanka,POLONNARUWA,1.2989,value,6,18,1.2989
COP2324-099,,ARTS,Rajarata University of Sri Lanka,BADULLA,1.2989,value,6,18,1.2989
COP2324-099,,ARTS,Rajarata University of Sri Lanka,MONARAGALA,1.2989,value,6,18,1.2989
COP2324-099,,ARTS,Rajarata University of Sri Lanka,KEGALLE,1.2989,value,6,18,1.2989
COP2324-099,,ARTS,Rajarata University of Sri Lanka,RATNAPURA,1.2989,value,6,18,1.2989
COP2324-100,,ARTS (SP) / MASS MEDIA,University of Colombo - Sri Palee Campus,COLOMBO,1.1093,value,6,19,1.1093
COP2324-100,,ARTS (SP) / MASS MEDIA,University of Colombo - Sri Palee Campus,GAMPAHA,1.1093,value,6,19,1.1093
COP2324-100,,ARTS (SP) / MASS MEDIA,University of Colombo - Sri Palee Campus,KALUTARA,1.1093,value,6,19,1.1093
COP2324-100,,ARTS (SP) / MASS MEDIA,University of Colombo - Sri Palee Campus,MATALE,1.1093,value,6,19,1.1093
COP2324-100,,ARTS (SP) / MASS MEDIA,University of Colombo - Sri Palee Campus,KANDY,1.1093,value,6,19,1.1093
COP2324-100,,ARTS (SP) / MASS MEDIA,University of Colombo - Sri Palee Campus,NUWARA ELIYA,1.1093,value,6,19,1.1093
COP2324-100,,ARTS (SP) / MASS MEDIA,University of Colombo - Sri Palee Campus,GALLE,1.1093,value,6,19,1.1093
COP2324-100,,ARTS (SP) / MASS MEDIA,University of Colombo - Sri Palee Campus,MATARA,1.1093,value,6,19,1.1093
COP2324-100,,ARTS (SP) / MASS MEDIA,University of Colombo - Sri Palee Campus,HAMBANTOTA,1.1093,value,6,19,1.1093
COP2324-100,,ARTS (SP) / MASS MEDIA,University of Colombo - Sri Palee Campus,JAFFNA,1.1093,value,6,19,1.1093
COP2324-100,,ARTS (SP) / MASS MEDIA,University of Colombo - Sri Palee Campus,KILINOCHCHI,1.1093,value,6,19,1.1093
COP2324-100,,ARTS (SP) / MASS MEDIA,University of Colombo - Sri Palee Campus,MANNAR,1.1093,value,6,19,1.1093
COP2324-100,,ARTS (SP) / MASS MEDIA,University of Colombo - Sri Palee Campus,MULLAITIVU,1.1093,value,6,19,1.1093
COP2324-100,,ARTS (SP) / MASS MEDIA,University of Colombo - Sri Palee Campus,VAVUNIYA,1.1093,value,6,19,1.1093
COP2324-100,,ARTS (SP) / MASS MEDIA,University of Colombo - Sri Palee Campus,TRINCOMALEE,1.1093,value,6,19,1.1093
COP2324-100,,ARTS (SP) / MASS MEDIA,University of Colombo - Sri Palee Campus,BATTICALOA,1.1093,value,6,19,1.1093
COP2324-100,,ARTS (SP) / MASS MEDIA,University of Colombo - Sri Palee Campus,AMPARA,1.1093,value,6,19,1.1093
COP2324-100,,ARTS (SP) / MASS MEDIA,University of Colombo - Sri Palee Campus,PUTTALAM,1.1093,value,6,19,1.1093
COP2324-100,,ARTS (SP) / MASS MEDIA,University of Colombo - Sri Palee Campus,KURUNEGALA,1.1093,value,6,19,1.1093
COP2324-100,,ARTS (SP) / MASS MEDIA,University of Colombo - Sri Palee Campus,ANURADHAPURA,1.1093,value,6,19,1.1093
COP2324-100,,ARTS (SP) / MASS MEDIA,University of Colombo - Sri Palee Campus,POLONNARUWA,1.1093,value,6,19,1.1093
COP2324-100,,ARTS (SP) / MASS MEDIA,University of Colombo - Sri Palee Campus,BADULLA,1.1093,value,6,19,1.1093
COP2324-100,,ARTS (SP) / MASS MEDIA,University of Colombo - Sri Palee Campus,MONARAGALA,1.1093,value,6,19,1.1093
COP2324-100,,ARTS (SP) / MASS MEDIA,University of Colombo - Sri Palee Campus,KEGALLE,1.1093,value,6,19,1.1093
COP2324-100,,ARTS (SP) / MASS MEDIA,University of Colombo - Sri Palee Campus,RATNAPURA,1.1093,value,6,19,1.1093
COP2324-101,,ARTS (SP) / PERFORMING ARTS,University of Colombo - Sri Palee Campus,COLOMBO,0.8418,value,6,20,0.8418
COP2324-101,,ARTS (SP) / PERFORMING ARTS,University of Colombo - Sri Palee Campus,GAMPAHA,0.8418,value,6,20,0.8418
COP2324-101,,ARTS (SP) / PERFORMING ARTS,University of Colombo - Sri Palee Campus,KALUTARA,0.8418,value,6,20,0.8418
COP2324-101,,ARTS (SP) / PERFORMING ARTS,University of Colombo - Sri Palee Campus,MATALE,0.8418,value,6,20,0.8418
COP2324-101,,ARTS (SP) / PERFORMING ARTS,University of Colombo - Sri Palee Campus,KANDY,0.8418,value,6,20,0.8418
COP2324-101,,ARTS (SP) / PERFORMING ARTS,University of Colombo - Sri Palee Campus,NUWARA ELIYA,0.8418,value,6,20,0.8418
COP2324-101,,ARTS (SP) / PERFORMING ARTS,University of Colombo - Sri Palee Campus,GALLE,0.8418,value,6,20,0.8418
COP2324-101,,ARTS (SP) / PERFORMING ARTS,University of Colombo - Sri Palee Campus,MATARA,0.8418,value,6,20,0.8418
COP2324-101,,ARTS (SP) / PERFORMING ARTS,University of Colombo - Sri Palee Campus,HAMBANTOTA,0.8418,value,6,20,0.8418
COP2324-101,,ARTS (SP) / PERFORMING ARTS,University of Colombo - Sri Palee Campus,JAFFNA,0.8418,value,6,20,0.8418
COP2324-101,,ARTS (SP) / PERFORMING ARTS,University of Colombo - Sri Palee Campus,KILINOCHCHI,0.8418,value,6,20,0.8418
COP2324-101,,ARTS (SP) / PERFORMING ARTS,University of Colombo - Sri Palee Campus,MANNAR,0.8418,value,6,20,0.8418
COP2324-101,,ARTS (SP) / PERFORMING ARTS,University of Colombo - Sri Palee Campus,MULLAITIVU,0.8418,value,6,20,0.8418
COP2324-101,,ARTS (SP) / PERFORMING ARTS,University of Colombo - Sri Palee Campus,VAVUNIYA,0.8418,value,6,20,0.8418
COP2324-101,,ARTS (SP) / PERFORMING ARTS,University of Colombo - Sri Palee Campus,TRINCOMALEE,0.8418,value,6,20,0.8418
COP2324-101,,ARTS (SP) / PERFORMING ARTS,University of Colombo - Sri Palee Campus,BATTICALOA,0.8418,value,6,20,0.8418
COP2324-101,,ARTS (SP) / PERFORMING ARTS,University of Colombo - Sri Palee Campus,AMPARA,0.8418,value,6,20,0.8418
COP2324-101,,ARTS (SP) / PERFORMING ARTS,University of Colombo - Sri Palee Campus,PUTTALAM,0.8418,value,6,20,0.8418
COP2324-101,,ARTS (SP) / PERFORMING ARTS,University of Colombo - Sri Palee Campus,KURUNEGALA,0.8418,value,6,20,0.8418
COP2324-101,,ARTS (SP) / PERFORMING ARTS,University of Colombo - Sri Palee Campus,ANURADHAPURA,0.8418,value,6,20,0.8418
COP2324-101,,ARTS (SP) / PERFORMING ARTS,University of Colombo - Sri Palee Campus,POLONNARUWA,0.8418,value,6,20,0.8418
COP2324-101,,ARTS (SP) / PERFORMING ARTS,University of Colombo - Sri Palee Campus,BADULLA,0.8418,value,6,20,0.8418
COP2324-101,,ARTS (SP) / PERFORMING ARTS,University of Colombo - Sri Palee Campus,MONARAGALA,0.8418,value,6,20,0.8418
COP2324-101,,ARTS (SP) / PERFORMING ARTS,University of Colombo - Sri Palee Campus,KEGALLE,0.8418,value,6,20,0.8418
COP2324-101,,ARTS (SP) / PERFORMING ARTS,University of Colombo - Sri Palee Campus,RATNAPURA,0.8418,value,6,20,0.8418
COP2324-102,,ARTS (SAB) - A [Arts Stream],Sabaragamuwa University of Sri Lanka,COLOMBO,1.3499,value,6,21,1.3499
COP2324-102,,ARTS (SAB) - A [Arts Stream],Sabaragamuwa University of Sri Lanka,GAMPAHA,1.3499,value,6,21,1.3499
COP2324-102,,ARTS (SAB) - A [Arts Stream],Sabaragamuwa University of Sri Lanka,KALUTARA,1.3499,value,6,21,1.3499
COP2324-102,,ARTS (SAB) - A [Arts Stream],Sabaragamuwa University of Sri Lanka,MATALE,1.3499,value,6,21,1.3499
COP2324-102,,ARTS (SAB) - A [Arts Stream],Sabaragamuwa University of Sri Lanka,KANDY,1.3499,value,6,21,1.3499
COP2324-102,,ARTS (SAB) - A [Arts Stream],Sabaragamuwa University of Sri Lanka,NUWARA ELIYA,1.3499,value,6,21,1.3499
COP2324-102,,ARTS (SAB) - A [Arts Stream],Sabaragamuwa University of Sri Lanka,GALLE,1.3499,value,6,21,1.3499
COP2324-102,,ARTS (SAB) - A [Arts Stream],Sabaragamuwa University of Sri Lanka,MATARA,1.3499,value,6,21,1.3499
COP2324-102,,ARTS (SAB) - A [Arts Stream],Sabaragamuwa University of Sri Lanka,HAMBANTOTA,1.3499,value,6,21,1.3499
COP2324-102,,ARTS (SAB) - A [Arts Stream],Sabaragamuwa University of Sri Lanka,JAFFNA,1.3499,value,6,21,1.3499
COP2324-102,,ARTS (SAB) - A [Arts Stream],Sabaragamuwa University of Sri Lanka,KILINOCHCHI,1.3499,value,6,21,1.3499
COP2324-102,,ARTS (SAB) - A [Arts Stream],Sabaragamuwa University of Sri Lanka,MANNAR,1.3499,value,6,21,1.3499
COP2324-102,,ARTS (SAB) - A [Arts Stream],Sabaragamuwa University of Sri Lanka,MULLAITIVU,1.3499,value,6,21,1.3499
COP2324-102,,ARTS (SAB) - A [Arts Stream],Sabaragamuwa University of Sri Lanka,VAVUNIYA,1.3499,value,6,21,1.3499
COP2324-102,,ARTS (SAB) - A [Arts Stream],Sabaragamuwa University of Sri Lanka,TRINCOMALEE,1.3499,value,6,21,1.3499
COP2324-102,,ARTS (SAB) - A [Arts Stream],Sabaragamuwa University of Sri Lanka,BATTICALOA,1.3499,value,6,21,1.3499
COP2324-102,,ARTS (SAB) - A [Arts Stream],Sabaragamuwa University of Sri Lanka,AMPARA,1.3499,value,6,21,1.3499
COP2324-102,,ARTS (SAB) - A [Arts Stream],Sabaragamuwa University of Sri Lanka,PUTTALAM,1.3499,value,6,21,1.3499
COP2324-102,,ARTS (SAB) - A [Arts Stream],Sabaragamuwa University of Sri Lanka,KURUNEGALA,1.3499,value,6,21,1.3499
COP2324-102,,ARTS (SAB) - A [Arts Stream],Sabaragamuwa University of Sri Lanka,ANURADHAPURA,1.3499,value,6,21,1.3499
COP2324-102,,ARTS (SAB) - A [Arts Stream],Sabaragamuwa University of Sri Lanka,POLONNARUWA,1.3499,value,6,21,1.3499
COP2324-102,,ARTS (SAB) - A [Arts Stream],Sabaragamuwa University of Sri Lanka,BADULLA,1.3499,value,6,21,1.3499
COP2324-102,,ARTS (SAB) - A [Arts Stream],Sabaragamuwa University of Sri Lanka,MONARAGALA,1.3499,value,6,21,1.3499
COP2324-102,,ARTS (SAB) - A [Arts Stream],Sabaragamuwa University of Sri Lanka,KEGALLE,1.3499,value,6,21,1.3499
COP2324-102,,ARTS (SAB) - A [Arts Stream],Sabaragamuwa University of Sri Lanka,RATNAPURA,1.3499,value,6,21,1.3499
COP2324-103,,ARTS (SAB) - B [Commerce Stream],Sabaragamuwa University of Sri Lanka,COLOMBO,1.1634,value,6,22,1.1634
COP2324-103,,ARTS (SAB) - B [Commerce Stream],Sabaragamuwa University of Sri Lanka,GAMPAHA,1.1634,value,6,22,1.1634
COP2324-103,,ARTS (SAB) - B [Commerce Stream],Sabaragamuwa University of Sri Lanka,KALUTARA,1.1634,value,6,22,1.1634
COP2324-103,,ARTS (SAB) - B [Commerce Stream],Sabaragamuwa University of Sri Lanka,MATALE,1.1634,value,6,22,1.1634
COP2324-103,,ARTS (SAB) - B [Commerce Stream],Sabaragamuwa University of Sri Lanka,KANDY,1.1634,value,6,22,1.1634
COP2324-103,,ARTS (SAB) - B [Commerce Stream],Sabaragamuwa University of Sri Lanka,NUWARA ELIYA,1.1634,value,6,22,1.1634
COP2324-103,,ARTS (SAB) - B [Commerce Stream],Sabaragamuwa University of Sri Lanka,GALLE,1.1634,value,6,22,1.1634
COP2324-103,,ARTS (SAB) - B [Commerce Stream],Sabaragamuwa University of Sri Lanka,MATARA,1.1634,value,6,22,1.1634
COP2324-103,,ARTS (SAB) - B [Commerce Stream],Sabaragamuwa University of Sri Lanka,HAMBANTOTA,1.1634,value,6,22,1.1634
COP2324-103,,ARTS (SAB) - B [Commerce Stream],Sabaragamuwa University of Sri Lanka,JAFFNA,1.1634,value,6,22,1.1634
COP2324-103,,ARTS (SAB) - B [Commerce Stream],Sabaragamuwa University of Sri Lanka,KILINOCHCHI,1.1634,value,6,22,1.1634
COP2324-103,,ARTS (SAB) - B [Commerce Stream],Sabaragamuwa University of Sri Lanka,MANNAR,1.1634,value,6,22,1.1634
COP2324-103,,ARTS (SAB) - B [Commerce Stream],Sabaragamuwa University of Sri Lanka,MULLAITIVU,1.1634,value,6,22,1.1634
COP2324-103,,ARTS (SAB) - B [Commerce Stream],Sabaragamuwa University of Sri Lanka,VAVUNIYA,1.1634,value,6,22,1.1634
COP2324-103,,ARTS (SAB) - B [Commerce Stream],Sabaragamuwa University of Sri Lanka,TRINCOMALEE,1.1634,value,6,22,1.1634
COP2324-103,,ARTS (SAB) - B [Commerce Stream],Sabaragamuwa University of Sri Lanka,BATTICALOA,1.1634,value,6,22,1.1634
COP2324-103,,ARTS (SAB) - B [Commerce Stream],Sabaragamuwa University of Sri Lanka,AMPARA,1.1634,value,6,22,1.1634
COP2324-103,,ARTS (SAB) - B [Commerce Stream],Sabaragamuwa University of Sri Lanka,PUTTALAM,1.1634,value,6,22,1.1634
COP2324-103,,ARTS (SAB) - B [Commerce Stream],Sabaragamuwa University of Sri Lanka,KURUNEGALA,1.1634,value,6,22,1.1634
COP2324-103,,ARTS (SAB) - B [Commerce Stream],Sabaragamuwa University of Sri Lanka,ANURADHAPURA,1.1634,value,6,22,1.1634
COP2324-103,,ARTS (SAB) - B [Commerce Stream],Sabaragamuwa University of Sri Lanka,POLONNARUWA,1.1634,value,6,22,1.1634
COP2324-103,,ARTS (SAB) - B [Commerce Stream],Sabaragamuwa University of Sri Lanka,BADULLA,1.1634,value,6,22,1.1634
COP2324-103,,ARTS (SAB) - B [Commerce Stream],Sabaragamuwa University of Sri Lanka,MONARAGALA,1.1634,value,6,22,1.1634
COP2324-103,,ARTS (SAB) - B [Commerce Stream],Sabaragamuwa University of Sri Lanka,KEGALLE,1.1634,value,6,22,1.1634
COP2324-103,,ARTS (SAB) - B [Commerce Stream],Sabaragamuwa University of Sri Lanka,RATNAPURA,1.1634,value,6,22,1.1634
COP2324-104,,ARTS-INFORMATION TECHNOLOGY,University of Sri Jayewardenepura,COLOMBO,1.7807,value,6,23,1.7807
COP2324-104,,ARTS-INFORMATION TECHNOLOGY,University of Sri Jayewardenepura,GAMPAHA,1.7807,value,6,23,1.7807
COP2324-104,,ARTS-INFORMATION TECHNOLOGY,University of Sri Jayewardenepura,KALUTARA,1.7807,value,6,23,1.7807
COP2324-104,,ARTS-INFORMATION TECHNOLOGY,University of Sri Jayewardenepura,MATALE,1.7807,value,6,23,1.7807
COP2324-104,,ARTS-INFORMATION TECHNOLOGY,University of Sri Jayewardenepura,KANDY,1.7807,value,6,23,1.7807
COP2324-104,,ARTS-INFORMATION TECHNOLOGY,University of Sri Jayewardenepura,NUWARA ELIYA,1.7807,value,6,23,1.7807
COP2324-104,,ARTS-INFORMATION TECHNOLOGY,University of Sri Jayewardenepura,GALLE,1.7807,value,6,23,1.7807
COP2324-104,,ARTS-INFORMATION TECHNOLOGY,University of Sri Jayewardenepura,MATARA,1.7807,value,6,23,1.7807
COP2324-104,,ARTS-INFORMATION TECHNOLOGY,University of Sri Jayewardenepura,HAMBANTOTA,1.7807,value,6,23,1.7807
COP2324-104,,ARTS-INFORMATION TECHNOLOGY,University of Sri Jayewardenepura,JAFFNA,1.7807,value,6,23,1.7807
COP2324-104,,ARTS-INFORMATION TECHNOLOGY,University of Sri Jayewardenepura,KILINOCHCHI,1.7807,value,6,23,1.7807
COP2324-104,,ARTS-INFORMATION TECHNOLOGY,University of Sri Jayewardenepura,MANNAR,1.7807,value,6,23,1.7807
COP2324-104,,ARTS-INFORMATION TECHNOLOGY,University of Sri Jayewardenepura,MULLAITIVU,1.7807,value,6,23,1.7807
COP2324-104,,ARTS-INFORMATION TECHNOLOGY,University of Sri Jayewardenepura,VAVUNIYA,1.7807,value,6,23,1.7807
COP2324-104,,ARTS-INFORMATION TECHNOLOGY,University of Sri Jayewardenepura,TRINCOMALEE,1.7807,value,6,23,1.7807
COP2324-104,,ARTS-INFORMATION TECHNOLOGY,University of Sri Jayewardenepura,BATTICALOA,1.7807,value,6,23,1.7807
COP2324-104,,ARTS-INFORMATION TECHNOLOGY,University of Sri Jayewardenepura,AMPARA,1.7807,value,6,23,1.7807
COP2324-104,,ARTS-INFORMATION TECHNOLOGY,University of Sri Jayewardenepura,PUTTALAM,1.7807,value,6,23,1.7807
COP2324-104,,ARTS-INFORMATION TECHNOLOGY,University of Sri Jayewardenepura,KURUNEGALA,1.7807,value,6,23,1.7807
COP2324-104,,ARTS-INFORMATION TECHNOLOGY,University of Sri Jayewardenepura,ANURADHAPURA,1.7807,value,6,23,1.7807
COP2324-104,,ARTS-INFORMATION TECHNOLOGY,University of Sri Jayewardenepura,POLONNARUWA,1.7807,value,6,23,1.7807
COP2324-104,,ARTS-INFORMATION TECHNOLOGY,University of Sri Jayewardenepura,BADULLA,1.7807,value,6,23,1.7807
COP2324-104,,ARTS-INFORMATION TECHNOLOGY,University of Sri Jayewardenepura,MONARAGALA,1.7807,value,6,23,1.7807
COP2324-104,,ARTS-INFORMATION TECHNOLOGY,University of Sri Jayewardenepura,KEGALLE,1.7807,value,6,23,1.7807
COP2324-104,,ARTS-INFORMATION TECHNOLOGY,University of Sri Jayewardenepura,RATNAPURA,1.7807,value,6,23,1.7807
COP2324-105,,AQUATIC BIORESOURCES,University of Sri Jayewardenepura,COLOMBO,0.9948,value,6,24,0.9948
COP2324-105,,AQUATIC BIORESOURCES,University of Sri Jayewardenepura,GAMPAHA,0.9053,value,6,24,0.9053
COP2324-105,,AQUATIC BIORESOURCES,University of Sri Jayewardenepura,KALUTARA,0.9971,value,6,24,0.9971
COP2324-105,,AQUATIC BIORESOURCES,University of Sri Jayewardenepura,MATALE,1.0222,value,6,24,1.0222
COP2324-105,,AQUATIC BIORESOURCES,University of Sri Jayewardenepura,KANDY,0.9030,value,6,24,0.9030
COP2324-105,,AQUATIC BIORESOURCES,University of Sri Jayewardenepura,NUWARA ELIYA,0.8039,value,6,24,0.8039
COP2324-105,,AQUATIC BIORESOURCES,University of Sri Jayewardenepura,GALLE,1.0298,value,6,24,1.0298
COP2324-105,,AQUATIC BIORESOURCES,University of Sri Jayewardenepura,MATARA,1.0473,value,6,24,1.0473
COP2324-105,,AQUATIC BIORESOURCES,University of Sri Jayewardenepura,HAMBANTOTA,0.9898,value,6,24,0.9898
COP2324-105,,AQUATIC BIORESOURCES,University of Sri Jayewardenepura,JAFFNA,1.0092,value,6,24,1.0092
COP2324-105,,AQUATIC BIORESOURCES,University of Sri Jayewardenepura,KILINOCHCHI,0.4255,value,6,24,0.4255
COP2324-105,,AQUATIC BIORESOURCES,University of Sri Jayewardenepura,MANNAR,0.6466,value,6,24,0.6466
COP2324-105,,AQUATIC BIORESOURCES,University of Sri Jayewardenepura,MULLAITIVU,0.2688,value,6,24,0.2688
COP2324-105,,AQUATIC BIORESOURCES,University of Sri Jayewardenepura,VAVUNIYA,0.4914,value,6,24,0.4914
COP2324-105,,AQUATIC BIORESOURCES,University of Sri Jayewardenepura,TRINCOMALEE,1.0188,value,6,24,1.0188
COP2324-105,,AQUATIC BIORESOURCES,University of Sri Jayewardenepura,BATTICALOA,1.0027,value,6,24,1.0027
COP2324-105,,AQUATIC BIORESOURCES,University of Sri Jayewardenepura,AMPARA,1.0239,value,6,24,1.0239
COP2324-105,,AQUATIC BIORESOURCES,University of Sri Jayewardenepura,PUTTALAM,1.0129,value,6,24,1.0129
COP2324-105,,AQUATIC BIORESOURCES,University of Sri Jayewardenepura,KURUNEGALA,0.9872,value,6,24,0.9872
COP2324-105,,AQUATIC BIORESOURCES,University of Sri Jayewardenepura,ANURADHAPURA,0.7674,value,6,24,0.7674
COP2324-105,,AQUATIC BIORESOURCES,University of Sri Jayewardenepura,POLONNARUWA,0.7851,value,6,24,0.7851
COP2324-105,,AQUATIC BIORESOURCES,University of Sri Jayewardenepura,BADULLA,1.0269,value,6,24,1.0269
COP2324-105,,AQUATIC BIORESOURCES,University of Sri Jayewardenepura,MONARAGALA,0.9317,value,6,24,0.9317
COP2324-105,,AQUATIC BIORESOURCES,University of Sri Jayewardenepura,KEGALLE,0.9524,value,6,24,0.9524
COP2324-105,,AQUATIC BIORESOURCES,University of Sri Jayewardenepura,RATNAPURA,1.0596,value,6,24,1.0596
COP2324-106,,URBAN BIORESOURCES,University of Sri Jayewardenepura,COLOMBO,0.9212,value,6,25,0.9212
COP2324-106,,URBAN BIORESOURCES,University of Sri Jayewardenepura,GAMPAHA,0.8691,value,6,25,0.8691
COP2324-106,,URBAN BIORESOURCES,University of Sri Jayewardenepura,KALUTARA,0.9196,value,6,25,0.9196
COP2324-106,,URBAN BIORESOURCES,University of Sri Jayewardenepura,MATALE,0.6956,value,6,25,0.6956
COP2324-106,,URBAN BIORESOURCES,University of Sri Jayewardenepura,KANDY,0.8637,value,6,25,0.8637
COP2324-106,,URBAN BIORESOURCES,University of Sri Jayewardenepura,NUWARA ELIYA,0.8359,value,6,25,0.8359
COP2324-106,,URBAN BIORESOURCES,University of Sri Jayewardenepura,GALLE,0.9164,value,6,25,0.9164
COP2324-106,,URBAN BIORESOURCES,University of Sri Jayewardenepura,MATARA,0.8846,value,6,25,0.8846
COP2324-106,,URBAN BIORESOURCES,University of Sri Jayewardenepura,HAMBANTOTA,0.9312,value,6,25,0.9312
COP2324-106,,URBAN BIORESOURCES,University of Sri Jayewardenepura,JAFFNA,0.9026,value,6,25,0.9026
COP2324-106,,URBAN BIORESOURCES,University of Sri Jayewardenepura,KILINOCHCHI,0.5758,value,6,25,0.5758
COP2324-106,,URBAN BIORESOURCES,University of Sri Jayewardenepura,MANNAR,0.4002,value,6,25,0.4002
COP2324-106,,URBAN BIORESOURCES,University of Sri Jayewardenepura,MULLAITIVU,0.2215,value,6,25,0.2215
COP2324-106,,URBAN BIORESOURCES,University of Sri Jayewardenepura,VAVUNIYA,0.5226,value,6,25,0.5226
COP2324-106,,URBAN BIORESOURCES,University of Sri Jayewardenepura,TRINCOMALEE,0.8893,value,6,25,0.8893
COP2324-106,,URBAN BIORESOURCES,University of Sri Jayewardenepura,BATTICALOA,0.9318,value,6,25,0.9318
COP2324-106,,URBAN BIORESOURCES,University of Sri Jayewardenepura,AMPARA,0.8452,value,6,25,0.8452
COP2324-106,,URBAN BIORESOURCES,University of Sri Jayewardenepura,PUTTALAM,0.8796,value,6,25,0.8796
COP2324-106,,URBAN BIORESOURCES,University of Sri Jayewardenepura,KURUNEGALA,0.9011,value,6,25,0.9011
COP2324-106,,URBAN BIORESOURCES,University of Sri Jayewardenepura,ANURADHAPURA,0.8311,value,6,25,0.8311
COP2324-106,,URBAN BIORESOURCES,University of Sri Jayewardenepura,POLONNARUWA,0.5741,value,6,25,0.5741
COP2324-106,,URBAN BIORESOURCES,University of Sri Jayewardenepura,BADULLA,0.9336,value,6,25,0.9336
COP2324-106,,URBAN BIORESOURCES,University of Sri Jayewardenepura,MONARAGALA,0.7760,value,6,25,0.7760
COP2324-106,,URBAN BIORESOURCES,University of Sri Jayewardenepura,KEGALLE,0.8632,value,6,25,0.8632
COP2324-106,,URBAN BIORESOURCES,University of Sri Jayewardenepura,RATNAPURA,0.9339,value,6,25,0.9339
COP2324-107,,SOCIAL WORK,University of Peradeniya,COLOMBO,1.7406,value,6,26,1.7406
COP2324-107,,SOCIAL WORK,University of Peradeniya,GAMPAHA,1.7406,value,6,26,1.7406
COP2324-107,,SOCIAL WORK,University of Peradeniya,KALUTARA,1.7406,value,6,26,1.7406
COP2324-107,,SOCIAL WORK,University of Peradeniya,MATALE,1.7406,value,6,26,1.7406
COP2324-107,,SOCIAL WORK,University of Peradeniya,KANDY,1.7406,value,6,26,1.7406
COP2324-107,,SOCIAL WORK,University of Peradeniya,NUWARA ELIYA,1.7406,value,6,26,1.7406
COP2324-107,,SOCIAL WORK,University of Peradeniya,GALLE,1.7406,value,6,26,1.7406
COP2324-107,,SOCIAL WORK,University of Peradeniya,MATARA,1.7406,value,6,26,1.7406
COP2324-107,,SOCIAL WORK,University of Peradeniya,HAMBANTOTA,1.7406,value,6,26,1.7406
COP2324-107,,SOCIAL WORK,University of Peradeniya,JAFFNA,1.7406,value,6,26,1.7406
COP2324-107,,SOCIAL WORK,University of Peradeniya,KILINOCHCHI,1.7406,value,6,26,1.7406
COP2324-107,,SOCIAL WORK,University of Peradeniya,MANNAR,1.7406,value,6,26,1.7406
COP2324-107,,SOCIAL WORK,University of Peradeniya,MULLAITIVU,1.7406,value,6,26,1.7406
COP2324-107,,SOCIAL WORK,University of Peradeniya,VAVUNIYA,1.7406,value,6,26,1.7406
COP2324-107,,SOCIAL WORK,University of Peradeniya,TRINCOMALEE,1.7406,value,6,26,1.7406
COP2324-107,,SOCIAL WORK,University of Peradeniya,BATTICALOA,1.7406,value,6,26,1.7406
COP2324-107,,SOCIAL WORK,University of Peradeniya,AMPARA,1.7406,value,6,26,1.7406
COP2324-107,,SOCIAL WORK,University of Peradeniya,PUTTALAM,1.7406,value,6,26,1.7406
COP2324-107,,SOCIAL WORK,University of Peradeniya,KURUNEGALA,1.7406,value,6,26,1.7406
COP2324-107,,SOCIAL WORK,University of Peradeniya,ANURADHAPURA,1.7406,value,6,26,1.7406
COP2324-107,,SOCIAL WORK,University of Peradeniya,POLONNARUWA,1.7406,value,6,26,1.7406
COP2324-107,,SOCIAL WORK,University of Peradeniya,BADULLA,1.7406,value,6,26,1.7406
COP2324-107,,SOCIAL WORK,University of Peradeniya,MONARAGALA,1.7406,value,6,26,1.7406
COP2324-107,,SOCIAL WORK,University of Peradeniya,KEGALLE,1.7406,value,6,26,1.7406
COP2324-107,,SOCIAL WORK,University of Peradeniya,RATNAPURA,1.7406,value,6,26,1.7406
COP2324-108,,SOCIAL WORK,University of Jayewardenepura,COLOMBO,1.7022,value,6,27,1.7022
COP2324-108,,SOCIAL WORK,University of Jayewardenepura,GAMPAHA,1.7022,value,6,27,1.7022
COP2324-108,,SOCIAL WORK,University of Jayewardenepura,KALUTARA,1.7022,value,6,27,1.7022
COP2324-108,,SOCIAL WORK,University of Jayewardenepura,MATALE,1.7022,value,6,27,1.7022
COP2324-108,,SOCIAL WORK,University of Jayewardenepura,KANDY,1.7022,value,6,27,1.7022
COP2324-108,,SOCIAL WORK,University of Jayewardenepura,NUWARA ELIYA,1.7022,value,6,27,1.7022
COP2324-108,,SOCIAL WORK,University of Jayewardenepura,GALLE,1.7022,value,6,27,1.7022
COP2324-108,,SOCIAL WORK,University of Jayewardenepura,MATARA,1.7022,value,6,27,1.7022
COP2324-108,,SOCIAL WORK,University of Jayewardenepura,HAMBANTOTA,1.7022,value,6,27,1.7022
COP2324-108,,SOCIAL WORK,University of Jayewardenepura,JAFFNA,1.7022,value,6,27,1.7022
COP2324-108,,SOCIAL WORK,University of Jayewardenepura,KILINOCHCHI,1.7022,value,6,27,1.7022
COP2324-108,,SOCIAL WORK,University of Jayewardenepura,MANNAR,1.7022,value,6,27,1.7022
COP2324-108,,SOCIAL WORK,University of Jayewardenepura,MULLAITIVU,1.7022,value,6,27,1.7022
COP2324-108,,SOCIAL WORK,University of Jayewardenepura,VAVUNIYA,1.7022,value,6,27,1.7022
COP2324-108,,SOCIAL WORK,University of Jayewardenepura,TRINCOMALEE,1.7022,value,6,27,1.7022
COP2324-108,,SOCIAL WORK,University of Jayewardenepura,BATTICALOA,1.7022,value,6,27,1.7022
COP2324-108,,SOCIAL WORK,University of Jayewardenepura,AMPARA,1.7022,value,6,27,1.7022
COP2324-108,,SOCIAL WORK,University of Jayewardenepura,PUTTALAM,1.7022,value,6,27,1.7022
COP2324-108,,SOCIAL WORK,University of Jayewardenepura,KURUNEGALA,1.7022,value,6,27,1.7022
COP2324-108,,SOCIAL WORK,University of Jayewardenepura,ANURADHAPURA,1.7022,value,6,27,1.7022
COP2324-108,,SOCIAL WORK,University of Jayewardenepura,POLONNARUWA,1.7022,value,6,27,1.7022
COP2324-108,,SOCIAL WORK,University of Jayewardenepura,BADULLA,1.7022,value,6,27,1.7022
COP2324-108,,SOCIAL WORK,University of Jayewardenepura,MONARAGALA,1.7022,value,6,27,1.7022
COP2324-108,,SOCIAL WORK,University of Jayewardenepura,KEGALLE,1.7022,value,6,27,1.7022
COP2324-108,,SOCIAL WORK,University of Jayewardenepura,RATNAPURA,1.7022,value,6,27,1.7022
COP2324-109,,HUMAN RESOURCE DEVELOPMENT,Uva Wellassa University of Sri Lanka,COLOMBO,1.4547,value,7,1,1.4547
COP2324-109,,HUMAN RESOURCE DEVELOPMENT,Uva Wellassa University of Sri Lanka,GAMPAHA,1.5194,value,7,1,1.5194
COP2324-109,,HUMAN RESOURCE DEVELOPMENT,Uva Wellassa University of Sri Lanka,KALUTARA,1.5484,value,7,1,1.5484
COP2324-109,,HUMAN RESOURCE DEVELOPMENT,Uva Wellassa University of Sri Lanka,MATALE,1.4874,value,7,1,1.4874
COP2324-109,,HUMAN RESOURCE DEVELOPMENT,Uva Wellassa University of Sri Lanka,KANDY,1.5068,value,7,1,1.5068
COP2324-109,,HUMAN RESOURCE DEVELOPMENT,Uva Wellassa University of Sri Lanka,NUWARA ELIYA,1.5932,value,7,1,1.5932
COP2324-109,,HUMAN RESOURCE DEVELOPMENT,Uva Wellassa University of Sri Lanka,GALLE,1.5069,value,7,1,1.5069
COP2324-109,,HUMAN RESOURCE DEVELOPMENT,Uva Wellassa University of Sri Lanka,MATARA,1.5685,value,7,1,1.5685
COP2324-109,,HUMAN RESOURCE DEVELOPMENT,Uva Wellassa University of Sri Lanka,HAMBANTOTA,1.5405,value,7,1,1.5405
COP2324-109,,HUMAN RESOURCE DEVELOPMENT,Uva Wellassa University of Sri Lanka,JAFFNA,1.5850,value,7,1,1.5850
COP2324-109,,HUMAN RESOURCE DEVELOPMENT,Uva Wellassa University of Sri Lanka,KILINOCHCHI,1.4034,value,7,1,1.4034
COP2324-109,,HUMAN RESOURCE DEVELOPMENT,Uva Wellassa University of Sri Lanka,MANNAR,1.5134,value,7,1,1.5134
COP2324-109,,HUMAN RESOURCE DEVELOPMENT,Uva Wellassa University of Sri Lanka,MULLAITIVU,1.6342,value,7,1,1.6342
COP2324-109,,HUMAN RESOURCE DEVELOPMENT,Uva Wellassa University of Sri Lanka,VAVUNIYA,1.5338,value,7,1,1.5338
COP2324-109,,HUMAN RESOURCE DEVELOPMENT,Uva Wellassa University of Sri Lanka,TRINCOMALEE,1.6200,value,7,1,1.6200
COP2324-109,,HUMAN RESOURCE DEVELOPMENT,Uva Wellassa University of Sri Lanka,BATTICALOA,1.6307,value,7,1,1.6307
COP2324-109,,HUMAN RESOURCE DEVELOPMENT,Uva Wellassa University of Sri Lanka,AMPARA,1.6306,value,7,1,1.6306
COP2324-109,,HUMAN RESOURCE DEVELOPMENT,Uva Wellassa University of Sri Lanka,PUTTALAM,1.5059,value,7,1,1.5059
COP2324-109,,HUMAN RESOURCE DEVELOPMENT,Uva Wellassa University of Sri Lanka,KURUNEGALA,1.4899,value,7,1,1.4899
COP2324-109,,HUMAN RESOURCE DEVELOPMENT,Uva Wellassa University of Sri Lanka,ANURADHAPURA,1.5903,value,7,1,1.5903
COP2324-109,,HUMAN RESOURCE DEVELOPMENT,Uva Wellassa University of Sri Lanka,POLONNARUWA,1.5768,value,7,1,1.5768
COP2324-109,,HUMAN RESOURCE DEVELOPMENT,Uva Wellassa University of Sri Lanka,BADULLA,1.5481,value,7,1,1.5481
COP2324-109,,HUMAN RESOURCE DEVELOPMENT,Uva Wellassa University of Sri Lanka,MONARAGALA,1.4710,value,7,1,1.4710
COP2324-109,,HUMAN RESOURCE DEVELOPMENT,Uva Wellassa University of Sri Lanka,KEGALLE,1.5602,value,7,1,1.5602
COP2324-109,,HUMAN RESOURCE DEVELOPMENT,Uva Wellassa University of Sri Lanka,RATNAPURA,1.5859,value,7,1,1.5859
COP2324-110,,PRIMARY EDUCATION,University of Colombo,COLOMBO,1.6439,value,7,2,1.6439
COP2324-110,,PRIMARY EDUCATION,University of Colombo,GAMPAHA,1.6156,value,7,2,1.6156
COP2324-110,,PRIMARY EDUCATION,University of Colombo,KALUTARA,1.7845,value,7,2,1.7845
COP2324-110,,PRIMARY EDUCATION,University of Colombo,MATALE,1.6044,value,7,2,1.6044
COP2324-110,,PRIMARY EDUCATION,University of Colombo,KANDY,1.5117,value,7,2,1.5117
COP2324-110,,PRIMARY EDUCATION,University of Colombo,NUWARA ELIYA,1.3420,value,7,2,1.3420
COP2324-110,,PRIMARY EDUCATION,University of Colombo,GALLE,1.7720,value,7,2,1.7720
COP2324-110,,PRIMARY EDUCATION,University of Colombo,MATARA,1.7508,value,7,2,1.7508
COP2324-110,,PRIMARY EDUCATION,University of Colombo,HAMBANTOTA,1.8209,value,7,2,1.8209
COP2324-110,,PRIMARY EDUCATION,University of Colombo,JAFFNA,,NQC,7,2,NQC
COP2324-110,,PRIMARY EDUCATION,University of Colombo,KILINOCHCHI,,NQC,7,2,NQC
COP2324-110,,PRIMARY EDUCATION,University of Colombo,MANNAR,,NQC,7,2,NQC
COP2324-110,,PRIMARY EDUCATION,University of Colombo,MULLAITIVU,,NQC,7,2,NQC
COP2324-110,,PRIMARY EDUCATION,University of Colombo,VAVUNIYA,1.4394,value,7,2,1.4394
COP2324-110,,PRIMARY EDUCATION,University of Colombo,TRINCOMALEE,1.2086,value,7,2,1.2086
COP2324-110,,PRIMARY EDUCATION,University of Colombo,BATTICALOA,,NQC,7,2,NQC
COP2324-110,,PRIMARY EDUCATION,University of Colombo,AMPARA,1.6301,value,7,2,1.6301
COP2324-110,,PRIMARY EDUCATION,University of Colombo,PUTTALAM,1.6895,value,7,2,1.6895
COP2324-110,,PRIMARY EDUCATION,University of Colombo,KURUNEGALA,1.7891,value,7,2,1.7891
COP2324-110,,PRIMARY EDUCATION,University of Colombo,ANURADHAPURA,1.7765,value,7,2,1.7765
COP2324-110,,PRIMARY EDUCATION,University of Colombo,POLONNARUWA,1.7640,value,7,2,1.7640
COP2324-110,,PRIMARY EDUCATION,University of Colombo,BADULLA,1.6551,value,7,2,1.6551
COP2324-110,,PRIMARY EDUCATION,University of Colombo,MONARAGALA,1.8318,value,7,2,1.8318
COP2324-110,,PRIMARY EDUCATION,University of Colombo,KEGALLE,1.6771,value,7,2,1.6771
COP2324-110,,PRIMARY EDUCATION,University of Colombo,RATNAPURA,1.7720,value,7,2,1.7720
COP2324-111,,MANAGEMENT STUDIES (TV) - A [Commerce Stream],"University of Vavuniya, Sri Lanka",COLOMBO,1.2023,value,7,3,1.2023
COP2324-111,,MANAGEMENT STUDIES (TV) - A [Commerce Stream],"University of Vavuniya, Sri Lanka",GAMPAHA,1.2049,value,7,3,1.2049
COP2324-111,,MANAGEMENT STUDIES (TV) - A [Commerce Stream],"University of Vavuniya, Sri Lanka",KALUTARA,1.2033,value,7,3,1.2033
COP2324-111,,MANAGEMENT STUDIES (TV) - A [Commerce Stream],"University of Vavuniya, Sri Lanka",MATALE,1.2010,value,7,3,1.2010
COP2324-111,,MANAGEMENT STUDIES (TV) - A [Commerce Stream],"University of Vavuniya, Sri Lanka",KANDY,1.1625,value,7,3,1.1625
COP2324-111,,MANAGEMENT STUDIES (TV) - A [Commerce Stream],"University of Vavuniya, Sri Lanka",NUWARA ELIYA,1.0434,value,7,3,1.0434
COP2324-111,,MANAGEMENT STUDIES (TV) - A [Commerce Stream],"University of Vavuniya, Sri Lanka",GALLE,1.2065,value,7,3,1.2065
COP2324-111,,MANAGEMENT STUDIES (TV) - A [Commerce Stream],"University of Vavuniya, Sri Lanka",MATARA,1.2161,value,7,3,1.2161
COP2324-111,,MANAGEMENT STUDIES (TV) - A [Commerce Stream],"University of Vavuniya, Sri Lanka",HAMBANTOTA,1.0953,value,7,3,1.0953
COP2324-111,,MANAGEMENT STUDIES (TV) - A [Commerce Stream],"University of Vavuniya, Sri Lanka",JAFFNA,0.9970,value,7,3,0.9970
COP2324-111,,MANAGEMENT STUDIES (TV) - A [Commerce Stream],"University of Vavuniya, Sri Lanka",KILINOCHCHI,,NQC,7,3,NQC
COP2324-111,,MANAGEMENT STUDIES (TV) - A [Commerce Stream],"University of Vavuniya, Sri Lanka",MANNAR,0.8942,value,7,3,0.8942
COP2324-111,,MANAGEMENT STUDIES (TV) - A [Commerce Stream],"University of Vavuniya, Sri Lanka",MULLAITIVU,,NQC,7,3,NQC
COP2324-111,,MANAGEMENT STUDIES (TV) - A [Commerce Stream],"University of Vavuniya, Sri Lanka",VAVUNIYA,0.9386,value,7,3,0.9386
COP2324-111,,MANAGEMENT STUDIES (TV) - A [Commerce Stream],"University of Vavuniya, Sri Lanka",TRINCOMALEE,0.9882,value,7,3,0.9882
COP2324-111,,MANAGEMENT STUDIES (TV) - A [Commerce Stream],"University of Vavuniya, Sri Lanka",BATTICALOA,0.9627,value,7,3,0.9627
COP2324-111,,MANAGEMENT STUDIES (TV) - A [Commerce Stream],"University of Vavuniya, Sri Lanka",AMPARA,0.8539,value,7,3,0.8539
COP2324-111,,MANAGEMENT STUDIES (TV) - A [Commerce Stream],"University of Vavuniya, Sri Lanka",PUTTALAM,1.0267,value,7,3,1.0267
COP2324-111,,MANAGEMENT STUDIES (TV) - A [Commerce Stream],"University of Vavuniya, Sri Lanka",KURUNEGALA,1.2026,value,7,3,1.2026
COP2324-111,,MANAGEMENT STUDIES (TV) - A [Commerce Stream],"University of Vavuniya, Sri Lanka",ANURADHAPURA,1.0602,value,7,3,1.0602
COP2324-111,,MANAGEMENT STUDIES (TV) - A [Commerce Stream],"University of Vavuniya, Sri Lanka",POLONNARUWA,,NQC,7,3,NQC
COP2324-111,,MANAGEMENT STUDIES (TV) - A [Commerce Stream],"University of Vavuniya, Sri Lanka",BADULLA,1.0530,value,7,3,1.0530
COP2324-111,,MANAGEMENT STUDIES (TV) - A [Commerce Stream],"University of Vavuniya, Sri Lanka",MONARAGALA,1.2105,value,7,3,1.2105
COP2324-111,,MANAGEMENT STUDIES (TV) - A [Commerce Stream],"University of Vavuniya, Sri Lanka",KEGALLE,1.2073,value,7,3,1.2073
COP2324-111,,MANAGEMENT STUDIES (TV) - A [Commerce Stream],"University of Vavuniya, Sri Lanka",RATNAPURA,1.1698,value,7,3,1.1698
COP2324-112,,MANAGEMENT STUDIES (TV) - A [Commerce Stream],Eastern University -Trincomalee Campus,COLOMBO,1.2033,value,7,4,1.2033
COP2324-112,,MANAGEMENT STUDIES (TV) - A [Commerce Stream],Eastern University -Trincomalee Campus,GAMPAHA,1.2105,value,7,4,1.2105
COP2324-112,,MANAGEMENT STUDIES (TV) - A [Commerce Stream],Eastern University -Trincomalee Campus,KALUTARA,1.1953,value,7,4,1.1953
COP2324-112,,MANAGEMENT STUDIES (TV) - A [Commerce Stream],Eastern University -Trincomalee Campus,MATALE,,NQC,7,4,NQC
COP2324-112,,MANAGEMENT STUDIES (TV) - A [Commerce Stream],Eastern University -Trincomalee Campus,KANDY,1.1625,value,7,4,1.1625
COP2324-112,,MANAGEMENT STUDIES (TV) - A [Commerce Stream],Eastern University -Trincomalee Campus,NUWARA ELIYA,1.1482,value,7,4,1.1482
COP2324-112,,MANAGEMENT STUDIES (TV) - A [Commerce Stream],Eastern University -Trincomalee Campus,GALLE,1.2073,value,7,4,1.2073
COP2324-112,,MANAGEMENT STUDIES (TV) - A [Commerce Stream],Eastern University -Trincomalee Campus,MATARA,1.2137,value,7,4,1.2137
COP2324-112,,MANAGEMENT STUDIES (TV) - A [Commerce Stream],Eastern University -Trincomalee Campus,HAMBANTOTA,1.1002,value,7,4,1.1002
COP2324-112,,MANAGEMENT STUDIES (TV) - A [Commerce Stream],Eastern University -Trincomalee Campus,JAFFNA,1.0356,value,7,4,1.0356
COP2324-112,,MANAGEMENT STUDIES (TV) - A [Commerce Stream],Eastern University -Trincomalee Campus,KILINOCHCHI,,NQC,7,4,NQC
COP2324-112,,MANAGEMENT STUDIES (TV) - A [Commerce Stream],Eastern University -Trincomalee Campus,MANNAR,,NQC,7,4,NQC
COP2324-112,,MANAGEMENT STUDIES (TV) - A [Commerce Stream],Eastern University -Trincomalee Campus,MULLAITIVU,1.0306,value,7,4,1.0306
COP2324-112,,MANAGEMENT STUDIES (TV) - A [Commerce Stream],Eastern University -Trincomalee Campus,VAVUNIYA,,NQC,7,4,NQC
COP2324-112,,MANAGEMENT STUDIES (TV) - A [Commerce Stream],Eastern University -Trincomalee Campus,TRINCOMALEE,,NQC,7,4,NQC
COP2324-112,,MANAGEMENT STUDIES (TV) - A [Commerce Stream],Eastern University -Trincomalee Campus,BATTICALOA,0.9706,value,7,4,0.9706
COP2324-112,,MANAGEMENT STUDIES (TV) - A [Commerce Stream],Eastern University -Trincomalee Campus,AMPARA,0.8507,value,7,4,0.8507
COP2324-112,,MANAGEMENT STUDIES (TV) - A [Commerce Stream],Eastern University -Trincomalee Campus,PUTTALAM,1.1034,value,7,4,1.1034
COP2324-112,,MANAGEMENT STUDIES (TV) - A [Commerce Stream],Eastern University -Trincomalee Campus,KURUNEGALA,1.2001,value,7,4,1.2001
COP2324-112,,MANAGEMENT STUDIES (TV) - A [Commerce Stream],Eastern University -Trincomalee Campus,ANURADHAPURA,1.0656,value,7,4,1.0656
COP2324-112,,MANAGEMENT STUDIES (TV) - A [Commerce Stream],Eastern University -Trincomalee Campus,POLONNARUWA,0.9578,value,7,4,0.9578
COP2324-112,,MANAGEMENT STUDIES (TV) - A [Commerce Stream],Eastern University -Trincomalee Campus,BADULLA,1.0556,value,7,4,1.0556
COP2324-112,,MANAGEMENT STUDIES (TV) - A [Commerce Stream],Eastern University -Trincomalee Campus,MONARAGALA,1.1642,value,7,4,1.1642
COP2324-112,,MANAGEMENT STUDIES (TV) - A [Commerce Stream],Eastern University -Trincomalee Campus,KEGALLE,1.2073,value,7,4,1.2073
COP2324-112,,MANAGEMENT STUDIES (TV) - A [Commerce Stream],Eastern University -Trincomalee Campus,RATNAPURA,1.1658,value,7,4,1.1658
COP2324-113,,MANAGEMENT STUDIES (TV) - B [Any subject combination],"University of Vavuniya, Sri Lanka",COLOMBO,1.2904,value,7,5,1.2904
COP2324-113,,MANAGEMENT STUDIES (TV) - B [Any subject combination],"University of Vavuniya, Sri Lanka",GAMPAHA,1.2981,value,7,5,1.2981
COP2324-113,,MANAGEMENT STUDIES (TV) - B [Any subject combination],"University of Vavuniya, Sri Lanka",KALUTARA,1.2887,value,7,5,1.2887
COP2324-113,,MANAGEMENT STUDIES (TV) - B [Any subject combination],"University of Vavuniya, Sri Lanka",MATALE,1.3016,value,7,5,1.3016
COP2324-113,,MANAGEMENT STUDIES (TV) - B [Any subject combination],"University of Vavuniya, Sri Lanka",KANDY,1.2892,value,7,5,1.2892
COP2324-113,,MANAGEMENT STUDIES (TV) - B [Any subject combination],"University of Vavuniya, Sri Lanka",NUWARA ELIYA,1.3037,value,7,5,1.3037
COP2324-113,,MANAGEMENT STUDIES (TV) - B [Any subject combination],"University of Vavuniya, Sri Lanka",GALLE,1.2988,value,7,5,1.2988
COP2324-113,,MANAGEMENT STUDIES (TV) - B [Any subject combination],"University of Vavuniya, Sri Lanka",MATARA,,NQC,7,5,NQC
COP2324-113,,MANAGEMENT STUDIES (TV) - B [Any subject combination],"University of Vavuniya, Sri Lanka",HAMBANTOTA,1.2945,value,7,5,1.2945
COP2324-113,,MANAGEMENT STUDIES (TV) - B [Any subject combination],"University of Vavuniya, Sri Lanka",JAFFNA,1.4627,value,7,5,1.4627
COP2324-113,,MANAGEMENT STUDIES (TV) - B [Any subject combination],"University of Vavuniya, Sri Lanka",KILINOCHCHI,1.2987,value,7,5,1.2987
COP2324-113,,MANAGEMENT STUDIES (TV) - B [Any subject combination],"University of Vavuniya, Sri Lanka",MANNAR,,NQC,7,5,NQC
COP2324-113,,MANAGEMENT STUDIES (TV) - B [Any subject combination],"University of Vavuniya, Sri Lanka",MULLAITIVU,,NQC,7,5,NQC
COP2324-113,,MANAGEMENT STUDIES (TV) - B [Any subject combination],"University of Vavuniya, Sri Lanka",VAVUNIYA,1.5884,value,7,5,1.5884
COP2324-113,,MANAGEMENT STUDIES (TV) - B [Any subject combination],"University of Vavuniya, Sri Lanka",TRINCOMALEE,1.3053,value,7,5,1.3053
COP2324-113,,MANAGEMENT STUDIES (TV) - B [Any subject combination],"University of Vavuniya, Sri Lanka",BATTICALOA,1.3428,value,7,5,1.3428
COP2324-113,,MANAGEMENT STUDIES (TV) - B [Any subject combination],"University of Vavuniya, Sri Lanka",AMPARA,1.2907,value,7,5,1.2907
COP2324-113,,MANAGEMENT STUDIES (TV) - B [Any subject combination],"University of Vavuniya, Sri Lanka",PUTTALAM,1.2874,value,7,5,1.2874
COP2324-113,,MANAGEMENT STUDIES (TV) - B [Any subject combination],"University of Vavuniya, Sri Lanka",KURUNEGALA,1.2946,value,7,5,1.2946
COP2324-113,,MANAGEMENT STUDIES (TV) - B [Any subject combination],"University of Vavuniya, Sri Lanka",ANURADHAPURA,,NQC,7,5,NQC
COP2324-113,,MANAGEMENT STUDIES (TV) - B [Any subject combination],"University of Vavuniya, Sri Lanka",POLONNARUWA,,NQC,7,5,NQC
COP2324-113,,MANAGEMENT STUDIES (TV) - B [Any subject combination],"University of Vavuniya, Sri Lanka",BADULLA,1.3426,value,7,5,1.3426
COP2324-113,,MANAGEMENT STUDIES (TV) - B [Any subject combination],"University of Vavuniya, Sri Lanka",MONARAGALA,1.3089,value,7,5,1.3089
COP2324-113,,MANAGEMENT STUDIES (TV) - B [Any subject combination],"University of Vavuniya, Sri Lanka",KEGALLE,1.2908,value,7,5,1.2908
COP2324-113,,MANAGEMENT STUDIES (TV) - B [Any subject combination],"University of Vavuniya, Sri Lanka",RATNAPURA,1.2885,value,7,5,1.2885
COP2324-114,,MANAGEMENT STUDIES (TV) - B [Any subject combination],Eastern University -Trincomalee Campus,COLOMBO,1.2159,value,7,6,1.2159
COP2324-114,,MANAGEMENT STUDIES (TV) - B [Any subject combination],Eastern University -Trincomalee Campus,GAMPAHA,1.2487,value,7,6,1.2487
COP2324-114,,MANAGEMENT STUDIES (TV) - B [Any subject combination],Eastern University -Trincomalee Campus,KALUTARA,1.2768,value,7,6,1.2768
COP2324-114,,MANAGEMENT STUDIES (TV) - B [Any subject combination],Eastern University -Trincomalee Campus,MATALE,1.2867,value,7,6,1.2867
COP2324-114,,MANAGEMENT STUDIES (TV) - B [Any subject combination],Eastern University -Trincomalee Campus,KANDY,1.2773,value,7,6,1.2773
COP2324-114,,MANAGEMENT STUDIES (TV) - B [Any subject combination],Eastern University -Trincomalee Campus,NUWARA ELIYA,1.3021,value,7,6,1.3021
COP2324-114,,MANAGEMENT STUDIES (TV) - B [Any subject combination],Eastern University -Trincomalee Campus,GALLE,1.2916,value,7,6,1.2916
COP2324-114,,MANAGEMENT STUDIES (TV) - B [Any subject combination],Eastern University -Trincomalee Campus,MATARA,1.2771,value,7,6,1.2771
COP2324-114,,MANAGEMENT STUDIES (TV) - B [Any subject combination],Eastern University -Trincomalee Campus,HAMBANTOTA,1.2813,value,7,6,1.2813
COP2324-114,,MANAGEMENT STUDIES (TV) - B [Any subject combination],Eastern University -Trincomalee Campus,JAFFNA,1.1295,value,7,6,1.1295
COP2324-114,,MANAGEMENT STUDIES (TV) - B [Any subject combination],Eastern University -Trincomalee Campus,KILINOCHCHI,,NQC,7,6,NQC
COP2324-114,,MANAGEMENT STUDIES (TV) - B [Any subject combination],Eastern University -Trincomalee Campus,MANNAR,1.2037,value,7,6,1.2037
COP2324-114,,MANAGEMENT STUDIES (TV) - B [Any subject combination],Eastern University -Trincomalee Campus,MULLAITIVU,1.2545,value,7,6,1.2545
COP2324-114,,MANAGEMENT STUDIES (TV) - B [Any subject combination],Eastern University -Trincomalee Campus,VAVUNIYA,1.2256,value,7,6,1.2256
COP2324-114,,MANAGEMENT STUDIES (TV) - B [Any subject combination],Eastern University -Trincomalee Campus,TRINCOMALEE,1.2847,value,7,6,1.2847
COP2324-114,,MANAGEMENT STUDIES (TV) - B [Any subject combination],Eastern University -Trincomalee Campus,BATTICALOA,1.2771,value,7,6,1.2771
COP2324-114,,MANAGEMENT STUDIES (TV) - B [Any subject combination],Eastern University -Trincomalee Campus,AMPARA,1.2954,value,7,6,1.2954
COP2324-114,,MANAGEMENT STUDIES (TV) - B [Any subject combination],Eastern University -Trincomalee Campus,PUTTALAM,1.3047,value,7,6,1.3047
COP2324-114,,MANAGEMENT STUDIES (TV) - B [Any subject combination],Eastern University -Trincomalee Campus,KURUNEGALA,1.2855,value,7,6,1.2855
COP2324-114,,MANAGEMENT STUDIES (TV) - B [Any subject combination],Eastern University -Trincomalee Campus,ANURADHAPURA,1.2699,value,7,6,1.2699
COP2324-114,,MANAGEMENT STUDIES (TV) - B [Any subject combination],Eastern University -Trincomalee Campus,POLONNARUWA,1.2496,value,7,6,1.2496
COP2324-114,,MANAGEMENT STUDIES (TV) - B [Any subject combination],Eastern University -Trincomalee Campus,BADULLA,1.2755,value,7,6,1.2755
COP2324-114,,MANAGEMENT STUDIES (TV) - B [Any subject combination],Eastern University -Trincomalee Campus,MONARAGALA,1.2845,value,7,6,1.2845
COP2324-114,,MANAGEMENT STUDIES (TV) - B [Any subject combination],Eastern University -Trincomalee Campus,KEGALLE,1.2809,value,7,6,1.2809
COP2324-114,,MANAGEMENT STUDIES (TV) - B [Any subject combination],Eastern University -Trincomalee Campus,RATNAPURA,1.2956,value,7,6,1.2956
COP2324-115,,COMMUNICATION STUDIES,Eastern University -Trincomalee Campus,COLOMBO,1.2513,value,7,7,1.2513
COP2324-115,,COMMUNICATION STUDIES,Eastern University -Trincomalee Campus,GAMPAHA,1.2513,value,7,7,1.2513
COP2324-115,,COMMUNICATION STUDIES,Eastern University -Trincomalee Campus,KALUTARA,1.2513,value,7,7,1.2513
COP2324-115,,COMMUNICATION STUDIES,Eastern University -Trincomalee Campus,MATALE,1.2513,value,7,7,1.2513
COP2324-115,,COMMUNICATION STUDIES,Eastern University -Trincomalee Campus,KANDY,1.2513,value,7,7,1.2513
COP2324-115,,COMMUNICATION STUDIES,Eastern University -Trincomalee Campus,NUWARA ELIYA,1.2513,value,7,7,1.2513
COP2324-115,,COMMUNICATION STUDIES,Eastern University -Trincomalee Campus,GALLE,1.2513,value,7,7,1.2513
COP2324-115,,COMMUNICATION STUDIES,Eastern University -Trincomalee Campus,MATARA,1.2513,value,7,7,1.2513
COP2324-115,,COMMUNICATION STUDIES,Eastern University -Trincomalee Campus,HAMBANTOTA,1.2513,value,7,7,1.2513
COP2324-115,,COMMUNICATION STUDIES,Eastern University -Trincomalee Campus,JAFFNA,1.2513,value,7,7,1.2513
COP2324-115,,COMMUNICATION STUDIES,Eastern University -Trincomalee Campus,KILINOCHCHI,1.2513,value,7,7,1.2513
COP2324-115,,COMMUNICATION STUDIES,Eastern University -Trincomalee Campus,MANNAR,1.2513,value,7,7,1.2513
COP2324-115,,COMMUNICATION STUDIES,Eastern University -Trincomalee Campus,MULLAITIVU,1.2513,value,7,7,1.2513
COP2324-115,,COMMUNICATION STUDIES,Eastern University -Trincomalee Campus,VAVUNIYA,1.2513,value,7,7,1.2513
COP2324-115,,COMMUNICATION STUDIES,Eastern University -Trincomalee Campus,TRINCOMALEE,1.2513,value,7,7,1.2513
COP2324-115,,COMMUNICATION STUDIES,Eastern University -Trincomalee Campus,BATTICALOA,1.2513,value,7,7,1.2513
COP2324-115,,COMMUNICATION STUDIES,Eastern University -Trincomalee Campus,AMPARA,1.2513,value,7,7,1.2513
COP2324-115,,COMMUNICATION STUDIES,Eastern University -Trincomalee Campus,PUTTALAM,1.2513,value,7,7,1.2513
COP2324-115,,COMMUNICATION STUDIES,Eastern University -Trincomalee Campus,KURUNEGALA,1.2513,value,7,7,1.2513
COP2324-115,,COMMUNICATION STUDIES,Eastern University -Trincomalee Campus,ANURADHAPURA,1.2513,value,7,7,1.2513
COP2324-115,,COMMUNICATION STUDIES,Eastern University -Trincomalee Campus,POLONNARUWA,1.2513,value,7,7,1.2513
COP2324-115,,COMMUNICATION STUDIES,Eastern University -Trincomalee Campus,BADULLA,1.2513,value,7,7,1.2513
COP2324-115,,COMMUNICATION STUDIES,Eastern University -Trincomalee Campus,MONARAGALA,1.2513,value,7,7,1.2513
COP2324-115,,COMMUNICATION STUDIES,Eastern University -Trincomalee Campus,KEGALLE,1.2513,value,7,7,1.2513
COP2324-115,,COMMUNICATION STUDIES,Eastern University -Trincomalee Campus,RATNAPURA,1.2513,value,7,7,1.2513
COP2324-116,,FINANCIAL ECONOMICS,University of Sri Jayewardenepura,COLOMBO,1.7861,value,7,8,1.7861
COP2324-116,,FINANCIAL ECONOMICS,University of Sri Jayewardenepura,GAMPAHA,1.8033,value,7,8,1.8033
COP2324-116,,FINANCIAL ECONOMICS,University of Sri Jayewardenepura,KALUTARA,1.7474,value,7,8,1.7474
COP2324-116,,FINANCIAL ECONOMICS,University of Sri Jayewardenepura,MATALE,1.7436,value,7,8,1.7436
COP2324-116,,FINANCIAL ECONOMICS,University of Sri Jayewardenepura,KANDY,1.7396,value,7,8,1.7396
COP2324-116,,FINANCIAL ECONOMICS,University of Sri Jayewardenepura,NUWARA ELIYA,1.6015,value,7,8,1.6015
COP2324-116,,FINANCIAL ECONOMICS,University of Sri Jayewardenepura,GALLE,1.6715,value,7,8,1.6715
COP2324-116,,FINANCIAL ECONOMICS,University of Sri Jayewardenepura,MATARA,1.7703,value,7,8,1.7703
COP2324-116,,FINANCIAL ECONOMICS,University of Sri Jayewardenepura,HAMBANTOTA,1.7065,value,7,8,1.7065
COP2324-116,,FINANCIAL ECONOMICS,University of Sri Jayewardenepura,JAFFNA,1.3850,value,7,8,1.3850
COP2324-116,,FINANCIAL ECONOMICS,University of Sri Jayewardenepura,KILINOCHCHI,0.6676,value,7,8,0.6676
COP2324-116,,FINANCIAL ECONOMICS,University of Sri Jayewardenepura,MANNAR,1.3292,value,7,8,1.3292
COP2324-116,,FINANCIAL ECONOMICS,University of Sri Jayewardenepura,MULLAITIVU,1.1570,value,7,8,1.1570
COP2324-116,,FINANCIAL ECONOMICS,University of Sri Jayewardenepura,VAVUNIYA,1.3671,value,7,8,1.3671
COP2324-116,,FINANCIAL ECONOMICS,University of Sri Jayewardenepura,TRINCOMALEE,1.7197,value,7,8,1.7197
COP2324-116,,FINANCIAL ECONOMICS,University of Sri Jayewardenepura,BATTICALOA,1.6640,value,7,8,1.6640
COP2324-116,,FINANCIAL ECONOMICS,University of Sri Jayewardenepura,AMPARA,1.4695,value,7,8,1.4695
COP2324-116,,FINANCIAL ECONOMICS,University of Sri Jayewardenepura,PUTTALAM,1.6512,value,7,8,1.6512
COP2324-116,,FINANCIAL ECONOMICS,University of Sri Jayewardenepura,KURUNEGALA,1.7243,value,7,8,1.7243
COP2324-116,,FINANCIAL ECONOMICS,University of Sri Jayewardenepura,ANURADHAPURA,1.7457,value,7,8,1.7457
COP2324-116,,FINANCIAL ECONOMICS,University of Sri Jayewardenepura,POLONNARUWA,1.6685,value,7,8,1.6685
COP2324-116,,FINANCIAL ECONOMICS,University of Sri Jayewardenepura,BADULLA,1.4923,value,7,8,1.4923
COP2324-116,,FINANCIAL ECONOMICS,University of Sri Jayewardenepura,MONARAGALA,1.7343,value,7,8,1.7343
COP2324-116,,FINANCIAL ECONOMICS,University of Sri Jayewardenepura,KEGALLE,1.7955,value,7,8,1.7955
COP2324-116,,FINANCIAL ECONOMICS,University of Sri Jayewardenepura,RATNAPURA,1.6796,value,7,8,1.6796
COP2324-117,,CREATIVE MUSIC TECHNOLOGY & PRODUCTION,University of Sri Jayewardenepura,COLOMBO,1.4664,value,7,9,1.4664
COP2324-117,,CREATIVE MUSIC TECHNOLOGY & PRODUCTION,University of Sri Jayewardenepura,GAMPAHA,1.3472,value,7,9,1.3472
COP2324-117,,CREATIVE MUSIC TECHNOLOGY & PRODUCTION,University of Sri Jayewardenepura,KALUTARA,1.5290,value,7,9,1.5290
COP2324-117,,CREATIVE MUSIC TECHNOLOGY & PRODUCTION,University of Sri Jayewardenepura,MATALE,1.4345,value,7,9,1.4345
COP2324-117,,CREATIVE MUSIC TECHNOLOGY & PRODUCTION,University of Sri Jayewardenepura,KANDY,1.3496,value,7,9,1.3496
COP2324-117,,CREATIVE MUSIC TECHNOLOGY & PRODUCTION,University of Sri Jayewardenepura,NUWARA ELIYA,1.5376,value,7,9,1.5376
COP2324-117,,CREATIVE MUSIC TECHNOLOGY & PRODUCTION,University of Sri Jayewardenepura,GALLE,1.4877,value,7,9,1.4877
COP2324-117,,CREATIVE MUSIC TECHNOLOGY & PRODUCTION,University of Sri Jayewardenepura,MATARA,1.5415,value,7,9,1.5415
COP2324-117,,CREATIVE MUSIC TECHNOLOGY & PRODUCTION,University of Sri Jayewardenepura,HAMBANTOTA,1.3978,value,7,9,1.3978
COP2324-117,,CREATIVE MUSIC TECHNOLOGY & PRODUCTION,University of Sri Jayewardenepura,JAFFNA,1.3186,value,7,9,1.3186
COP2324-117,,CREATIVE MUSIC TECHNOLOGY & PRODUCTION,University of Sri Jayewardenepura,KILINOCHCHI,1.4384,value,7,9,1.4384
COP2324-117,,CREATIVE MUSIC TECHNOLOGY & PRODUCTION,University of Sri Jayewardenepura,MANNAR,1.3067,value,7,9,1.3067
COP2324-117,,CREATIVE MUSIC TECHNOLOGY & PRODUCTION,University of Sri Jayewardenepura,MULLAITIVU,1.1280,value,7,9,1.1280
COP2324-117,,CREATIVE MUSIC TECHNOLOGY & PRODUCTION,University of Sri Jayewardenepura,VAVUNIYA,1.3544,value,7,9,1.3544
COP2324-117,,CREATIVE MUSIC TECHNOLOGY & PRODUCTION,University of Sri Jayewardenepura,TRINCOMALEE,1.2135,value,7,9,1.2135
COP2324-117,,CREATIVE MUSIC TECHNOLOGY & PRODUCTION,University of Sri Jayewardenepura,BATTICALOA,1.1438,value,7,9,1.1438
COP2324-117,,CREATIVE MUSIC TECHNOLOGY & PRODUCTION,University of Sri Jayewardenepura,AMPARA,1.3936,value,7,9,1.3936
COP2324-117,,CREATIVE MUSIC TECHNOLOGY & PRODUCTION,University of Sri Jayewardenepura,PUTTALAM,1.3514,value,7,9,1.3514
COP2324-117,,CREATIVE MUSIC TECHNOLOGY & PRODUCTION,University of Sri Jayewardenepura,KURUNEGALA,1.4614,value,7,9,1.4614
COP2324-117,,CREATIVE MUSIC TECHNOLOGY & PRODUCTION,University of Sri Jayewardenepura,ANURADHAPURA,1.5486,value,7,9,1.5486
COP2324-117,,CREATIVE MUSIC TECHNOLOGY & PRODUCTION,University of Sri Jayewardenepura,POLONNARUWA,1.4004,value,7,9,1.4004
COP2324-117,,CREATIVE MUSIC TECHNOLOGY & PRODUCTION,University of Sri Jayewardenepura,BADULLA,1.5367,value,7,9,1.5367
COP2324-117,,CREATIVE MUSIC TECHNOLOGY & PRODUCTION,University of Sri Jayewardenepura,MONARAGALA,1.5575,value,7,9,1.5575
COP2324-117,,CREATIVE MUSIC TECHNOLOGY & PRODUCTION,University of Sri Jayewardenepura,KEGALLE,1.5581,value,7,9,1.5581
COP2324-117,,CREATIVE MUSIC TECHNOLOGY & PRODUCTION,University of Sri Jayewardenepura,RATNAPURA,1.4722,value,7,9,1.4722
COP2324-118,,PEACE & CONFLICT RESOLUTION,University of Kelaniya,COLOMBO,1.6514,value,7,10,1.6514
COP2324-118,,PEACE & CONFLICT RESOLUTION,University of Kelaniya,GAMPAHA,1.6514,value,7,10,1.6514
COP2324-118,,PEACE & CONFLICT RESOLUTION,University of Kelaniya,KALUTARA,1.6514,value,7,10,1.6514
COP2324-118,,PEACE & CONFLICT RESOLUTION,University of Kelaniya,MATALE,1.6514,value,7,10,1.6514
COP2324-118,,PEACE & CONFLICT RESOLUTION,University of Kelaniya,KANDY,1.6514,value,7,10,1.6514
COP2324-118,,PEACE & CONFLICT RESOLUTION,University of Kelaniya,NUWARA ELIYA,1.6514,value,7,10,1.6514
COP2324-118,,PEACE & CONFLICT RESOLUTION,University of Kelaniya,GALLE,1.6514,value,7,10,1.6514
COP2324-118,,PEACE & CONFLICT RESOLUTION,University of Kelaniya,MATARA,1.6514,value,7,10,1.6514
COP2324-118,,PEACE & CONFLICT RESOLUTION,University of Kelaniya,HAMBANTOTA,1.6514,value,7,10,1.6514
COP2324-118,,PEACE & CONFLICT RESOLUTION,University of Kelaniya,JAFFNA,1.6514,value,7,10,1.6514
COP2324-118,,PEACE & CONFLICT RESOLUTION,University of Kelaniya,KILINOCHCHI,1.6514,value,7,10,1.6514
COP2324-118,,PEACE & CONFLICT RESOLUTION,University of Kelaniya,MANNAR,1.6514,value,7,10,1.6514
COP2324-118,,PEACE & CONFLICT RESOLUTION,University of Kelaniya,MULLAITIVU,1.6514,value,7,10,1.6514
COP2324-118,,PEACE & CONFLICT RESOLUTION,University of Kelaniya,VAVUNIYA,1.6514,value,7,10,1.6514
COP2324-118,,PEACE & CONFLICT RESOLUTION,University of Kelaniya,TRINCOMALEE,1.6514,value,7,10,1.6514
COP2324-118,,PEACE & CONFLICT RESOLUTION,University of Kelaniya,BATTICALOA,1.6514,value,7,10,1.6514
COP2324-118,,PEACE & CONFLICT RESOLUTION,University of Kelaniya,AMPARA,1.6514,value,7,10,1.6514
COP2324-118,,PEACE & CONFLICT RESOLUTION,University of Kelaniya,PUTTALAM,1.6514,value,7,10,1.6514
COP2324-118,,PEACE & CONFLICT RESOLUTION,University of Kelaniya,KURUNEGALA,1.6514,value,7,10,1.6514
COP2324-118,,PEACE & CONFLICT RESOLUTION,University of Kelaniya,ANURADHAPURA,1.6514,value,7,10,1.6514
COP2324-118,,PEACE & CONFLICT RESOLUTION,University of Kelaniya,POLONNARUWA,1.6514,value,7,10,1.6514
COP2324-118,,PEACE & CONFLICT RESOLUTION,University of Kelaniya,BADULLA,1.6514,value,7,10,1.6514
COP2324-118,,PEACE & CONFLICT RESOLUTION,University of Kelaniya,MONARAGALA,1.6514,value,7,10,1.6514
COP2324-118,,PEACE & CONFLICT RESOLUTION,University of Kelaniya,KEGALLE,1.6514,value,7,10,1.6514
COP2324-118,,PEACE & CONFLICT RESOLUTION,University of Kelaniya,RATNAPURA,1.6514,value,7,10,1.6514
COP2324-119,,ISLAMIC STUDIES,South Eastern University of Sri Lanka,COLOMBO,1.0665,value,7,11,1.0665
COP2324-119,,ISLAMIC STUDIES,South Eastern University of Sri Lanka,GAMPAHA,1.0665,value,7,11,1.0665
COP2324-119,,ISLAMIC STUDIES,South Eastern University of Sri Lanka,KALUTARA,1.0665,value,7,11,1.0665
COP2324-119,,ISLAMIC STUDIES,South Eastern University of Sri Lanka,MATALE,1.0665,value,7,11,1.0665
COP2324-119,,ISLAMIC STUDIES,South Eastern University of Sri Lanka,KANDY,1.0665,value,7,11,1.0665
COP2324-119,,ISLAMIC STUDIES,South Eastern University of Sri Lanka,NUWARA ELIYA,1.0665,value,7,11,1.0665
COP2324-119,,ISLAMIC STUDIES,South Eastern University of Sri Lanka,GALLE,1.0665,value,7,11,1.0665
COP2324-119,,ISLAMIC STUDIES,South Eastern University of Sri Lanka,MATARA,1.0665,value,7,11,1.0665
COP2324-119,,ISLAMIC STUDIES,South Eastern University of Sri Lanka,HAMBANTOTA,1.0665,value,7,11,1.0665
COP2324-119,,ISLAMIC STUDIES,South Eastern University of Sri Lanka,JAFFNA,1.0665,value,7,11,1.0665
COP2324-119,,ISLAMIC STUDIES,South Eastern University of Sri Lanka,KILINOCHCHI,1.0665,value,7,11,1.0665
COP2324-119,,ISLAMIC STUDIES,South Eastern University of Sri Lanka,MANNAR,1.0665,value,7,11,1.0665
COP2324-119,,ISLAMIC STUDIES,South Eastern University of Sri Lanka,MULLAITIVU,1.0665,value,7,11,1.0665
COP2324-119,,ISLAMIC STUDIES,South Eastern University of Sri Lanka,VAVUNIYA,1.0665,value,7,11,1.0665
COP2324-119,,ISLAMIC STUDIES,South Eastern University of Sri Lanka,TRINCOMALEE,1.0665,value,7,11,1.0665
COP2324-119,,ISLAMIC STUDIES,South Eastern University of Sri Lanka,BATTICALOA,1.0665,value,7,11,1.0665
COP2324-119,,ISLAMIC STUDIES,South Eastern University of Sri Lanka,AMPARA,1.0665,value,7,11,1.0665
COP2324-119,,ISLAMIC STUDIES,South Eastern University of Sri Lanka,PUTTALAM,1.0665,value,7,11,1.0665
COP2324-119,,ISLAMIC STUDIES,South Eastern University of Sri Lanka,KURUNEGALA,1.0665,value,7,11,1.0665
COP2324-119,,ISLAMIC STUDIES,South Eastern University of Sri Lanka,ANURADHAPURA,1.0665,value,7,11,1.0665
COP2324-119,,ISLAMIC STUDIES,South Eastern University of Sri Lanka,POLONNARUWA,1.0665,value,7,11,1.0665
COP2324-119,,ISLAMIC STUDIES,South Eastern University of Sri Lanka,BADULLA,1.0665,value,7,11,1.0665
COP2324-119,,ISLAMIC STUDIES,South Eastern University of Sri Lanka,MONARAGALA,1.0665,value,7,11,1.0665
COP2324-119,,ISLAMIC STUDIES,South Eastern University of Sri Lanka,KEGALLE,1.0665,value,7,11,1.0665
COP2324-119,,ISLAMIC STUDIES,South Eastern University of Sri Lanka,RATNAPURA,1.0665,value,7,11,1.0665
COP2324-120,,ARABIC LANGUAGE,South Eastern University of Sri Lanka,COLOMBO,0.6901,value,7,12,0.6901
COP2324-120,,ARABIC LANGUAGE,South Eastern University of Sri Lanka,GAMPAHA,0.6901,value,7,12,0.6901
COP2324-120,,ARABIC LANGUAGE,South Eastern University of Sri Lanka,KALUTARA,0.6901,value,7,12,0.6901
COP2324-120,,ARABIC LANGUAGE,South Eastern University of Sri Lanka,MATALE,0.6901,value,7,12,0.6901
COP2324-120,,ARABIC LANGUAGE,South Eastern University of Sri Lanka,KANDY,0.6901,value,7,12,0.6901
COP2324-120,,ARABIC LANGUAGE,South Eastern University of Sri Lanka,NUWARA ELIYA,0.6901,value,7,12,0.6901
COP2324-120,,ARABIC LANGUAGE,South Eastern University of Sri Lanka,GALLE,0.6901,value,7,12,0.6901
COP2324-120,,ARABIC LANGUAGE,South Eastern University of Sri Lanka,MATARA,0.6901,value,7,12,0.6901
COP2324-120,,ARABIC LANGUAGE,South Eastern University of Sri Lanka,HAMBANTOTA,0.6901,value,7,12,0.6901
COP2324-120,,ARABIC LANGUAGE,South Eastern University of Sri Lanka,JAFFNA,0.6901,value,7,12,0.6901
COP2324-120,,ARABIC LANGUAGE,South Eastern University of Sri Lanka,KILINOCHCHI,0.6901,value,7,12,0.6901
COP2324-120,,ARABIC LANGUAGE,South Eastern University of Sri Lanka,MANNAR,0.6901,value,7,12,0.6901
COP2324-120,,ARABIC LANGUAGE,South Eastern University of Sri Lanka,MULLAITIVU,0.6901,value,7,12,0.6901
COP2324-120,,ARABIC LANGUAGE,South Eastern University of Sri Lanka,VAVUNIYA,0.6901,value,7,12,0.6901
COP2324-120,,ARABIC LANGUAGE,South Eastern University of Sri Lanka,TRINCOMALEE,0.6901,value,7,12,0.6901
COP2324-120,,ARABIC LANGUAGE,South Eastern University of Sri Lanka,BATTICALOA,0.6901,value,7,12,0.6901
COP2324-120,,ARABIC LANGUAGE,South Eastern University of Sri Lanka,AMPARA,0.6901,value,7,12,0.6901
COP2324-120,,ARABIC LANGUAGE,South Eastern University of Sri Lanka,PUTTALAM,0.6901,value,7,12,0.6901
COP2324-120,,ARABIC LANGUAGE,South Eastern University of Sri Lanka,KURUNEGALA,0.6901,value,7,12,0.6901
COP2324-120,,ARABIC LANGUAGE,South Eastern University of Sri Lanka,ANURADHAPURA,0.6901,value,7,12,0.6901
COP2324-120,,ARABIC LANGUAGE,South Eastern University of Sri Lanka,POLONNARUWA,0.6901,value,7,12,0.6901
COP2324-120,,ARABIC LANGUAGE,South Eastern University of Sri Lanka,BADULLA,0.6901,value,7,12,0.6901
COP2324-120,,ARABIC LANGUAGE,South Eastern University of Sri Lanka,MONARAGALA,0.6901,value,7,12,0.6901
COP2324-120,,ARABIC LANGUAGE,South Eastern University of Sri Lanka,KEGALLE,0.6901,value,7,12,0.6901
COP2324-120,,ARABIC LANGUAGE,South Eastern University of Sri Lanka,RATNAPURA,0.6901,value,7,12,0.6901
COP2324-121,,ARCHITECTURE,University of Moratuwa,COLOMBO,1.1361,value,7,13,1.1361
COP2324-121,,ARCHITECTURE,University of Moratuwa,GAMPAHA,1.0750,value,7,13,1.0750
COP2324-121,,ARCHITECTURE,University of Moratuwa,KALUTARA,1.2495,value,7,13,1.2495
COP2324-121,,ARCHITECTURE,University of Moratuwa,MATALE,1.2211,value,7,13,1.2211
COP2324-121,,ARCHITECTURE,University of Moratuwa,KANDY,1.3072,value,7,13,1.3072
COP2324-121,,ARCHITECTURE,University of Moratuwa,NUWARA ELIYA,0.5919,value,7,13,0.5919
COP2324-121,,ARCHITECTURE,University of Moratuwa,GALLE,1.3088,value,7,13,1.3088
COP2324-121,,ARCHITECTURE,University of Moratuwa,MATARA,1.2421,value,7,13,1.2421
COP2324-121,,ARCHITECTURE,University of Moratuwa,HAMBANTOTA,1.0452,value,7,13,1.0452
COP2324-121,,ARCHITECTURE,University of Moratuwa,JAFFNA,0.4098,value,7,13,0.4098
COP2324-121,,ARCHITECTURE,University of Moratuwa,KILINOCHCHI,,NQC,7,13,NQC
COP2324-121,,ARCHITECTURE,University of Moratuwa,MANNAR,0.7616,value,7,13,0.7616
COP2324-121,,ARCHITECTURE,University of Moratuwa,MULLAITIVU,,NQC,7,13,NQC
COP2324-121,,ARCHITECTURE,University of Moratuwa,VAVUNIYA,0.6252,value,7,13,0.6252
COP2324-121,,ARCHITECTURE,University of Moratuwa,TRINCOMALEE,,NQC,7,13,NQC
COP2324-121,,ARCHITECTURE,University of Moratuwa,BATTICALOA,0.2395,value,7,13,0.2395
COP2324-121,,ARCHITECTURE,University of Moratuwa,AMPARA,0.9516,value,7,13,0.9516
COP2324-121,,ARCHITECTURE,University of Moratuwa,PUTTALAM,1.2038,value,7,13,1.2038
COP2324-121,,ARCHITECTURE,University of Moratuwa,KURUNEGALA,1.3547,value,7,13,1.3547
COP2324-121,,ARCHITECTURE,University of Moratuwa,ANURADHAPURA,0.8820,value,7,13,0.8820
COP2324-121,,ARCHITECTURE,University of Moratuwa,POLONNARUWA,0.9660,value,7,13,0.9660
COP2324-121,,ARCHITECTURE,University of Moratuwa,BADULLA,0.6253,value,7,13,0.6253
COP2324-121,,ARCHITECTURE,University of Moratuwa,MONARAGALA,,NQC,7,13,NQC
COP2324-121,,ARCHITECTURE,University of Moratuwa,KEGALLE,1.3052,value,7,13,1.3052
COP2324-121,,ARCHITECTURE,University of Moratuwa,RATNAPURA,0.5139,value,7,13,0.5139
COP2324-122,,DESIGN,University of Moratuwa,COLOMBO,0.9442,value,7,14,0.9442
COP2324-122,,DESIGN,University of Moratuwa,GAMPAHA,0.6829,value,7,14,0.6829
COP2324-122,,DESIGN,University of Moratuwa,KALUTARA,0.4895,value,7,14,0.4895
COP2324-122,,DESIGN,University of Moratuwa,MATALE,,NQC,7,14,NQC
COP2324-122,,DESIGN,University of Moratuwa,KANDY,1.1353,value,7,14,1.1353
COP2324-122,,DESIGN,University of Moratuwa,NUWARA ELIYA,0.5363,value,7,14,0.5363
COP2324-122,,DESIGN,University of Moratuwa,GALLE,0.6868,value,7,14,0.6868
COP2324-122,,DESIGN,University of Moratuwa,MATARA,1.0530,value,7,14,1.0530
COP2324-122,,DESIGN,University of Moratuwa,HAMBANTOTA,0.2453,value,7,14,0.2453
COP2324-122,,DESIGN,University of Moratuwa,JAFFNA,0.2844,value,7,14,0.2844
COP2324-122,,DESIGN,University of Moratuwa,KILINOCHCHI,,NQC,7,14,NQC
COP2324-122,,DESIGN,University of Moratuwa,MANNAR,,NQC,7,14,NQC
COP2324-122,,DESIGN,University of Moratuwa,MULLAITIVU,,NQC,7,14,NQC
COP2324-122,,DESIGN,University of Moratuwa,VAVUNIYA,,NQC,7,14,NQC
COP2324-122,,DESIGN,University of Moratuwa,TRINCOMALEE,0.1343,value,7,14,0.1343
COP2324-122,,DESIGN,University of Moratuwa,BATTICALOA,,NQC,7,14,NQC
COP2324-122,,DESIGN,University of Moratuwa,AMPARA,,NQC,7,14,NQC
COP2324-122,,DESIGN,University of Moratuwa,PUTTALAM,1.2513,value,7,14,1.2513
COP2324-122,,DESIGN,University of Moratuwa,KURUNEGALA,0.8277,value,7,14,0.8277
COP2324-122,,DESIGN,University of Moratuwa,ANURADHAPURA,0.5839,value,7,14,0.5839
COP2324-122,,DESIGN,University of Moratuwa,POLONNARUWA,-0.1417,value,7,14,-0.1417
COP2324-122,,DESIGN,University of Moratuwa,BADULLA,0.4692,value,7,14,0.4692
COP2324-122,,DESIGN,University of Moratuwa,MONARAGALA,1.0473,value,7,14,1.0473
COP2324-122,,DESIGN,University of Moratuwa,KEGALLE,1.0704,value,7,14,1.0704
COP2324-122,,DESIGN,University of Moratuwa,RATNAPURA,0.3186,value,7,14,0.3186
COP2324-123,,LANDSCAPE ARCHITECTURE,University of Moratuwa,COLOMBO,0.7836,value,7,15,0.7836
COP2324-123,,LANDSCAPE ARCHITECTURE,University of Moratuwa,GAMPAHA,0.6185,value,7,15,0.6185
COP2324-123,,LANDSCAPE ARCHITECTURE,University of Moratuwa,KALUTARA,0.6050,value,7,15,0.6050
COP2324-123,,LANDSCAPE ARCHITECTURE,University of Moratuwa,MATALE,0.9038,value,7,15,0.9038
COP2324-123,,LANDSCAPE ARCHITECTURE,University of Moratuwa,KANDY,0.8893,value,7,15,0.8893
COP2324-123,,LANDSCAPE ARCHITECTURE,University of Moratuwa,NUWARA ELIYA,,NQC,7,15,NQC
COP2324-123,,LANDSCAPE ARCHITECTURE,University of Moratuwa,GALLE,0.7259,value,7,15,0.7259
COP2324-123,,LANDSCAPE ARCHITECTURE,University of Moratuwa,MATARA,0.7594,value,7,15,0.7594
COP2324-123,,LANDSCAPE ARCHITECTURE,University of Moratuwa,HAMBANTOTA,0.6549,value,7,15,0.6549
COP2324-123,,LANDSCAPE ARCHITECTURE,University of Moratuwa,JAFFNA,0.6201,value,7,15,0.6201
COP2324-123,,LANDSCAPE ARCHITECTURE,University of Moratuwa,KILINOCHCHI,,NQC,7,15,NQC
COP2324-123,,LANDSCAPE ARCHITECTURE,University of Moratuwa,MANNAR,,NQC,7,15,NQC
COP2324-123,,LANDSCAPE ARCHITECTURE,University of Moratuwa,MULLAITIVU,,NQC,7,15,NQC
COP2324-123,,LANDSCAPE ARCHITECTURE,University of Moratuwa,VAVUNIYA,,NQC,7,15,NQC
COP2324-123,,LANDSCAPE ARCHITECTURE,University of Moratuwa,TRINCOMALEE,,NQC,7,15,NQC
COP2324-123,,LANDSCAPE ARCHITECTURE,University of Moratuwa,BATTICALOA,,NQC,7,15,NQC
COP2324-123,,LANDSCAPE ARCHITECTURE,University of Moratuwa,AMPARA,0.2463,value,7,15,0.2463
COP2324-123,,LANDSCAPE ARCHITECTURE,University of Moratuwa,PUTTALAM,,NQC,7,15,NQC
COP2324-123,,LANDSCAPE ARCHITECTURE,University of Moratuwa,KURUNEGALA,0.7414,value,7,15,0.7414
COP2324-123,,LANDSCAPE ARCHITECTURE,University of Moratuwa,ANURADHAPURA,0.3290,value,7,15,0.3290
COP2324-123,,LANDSCAPE ARCHITECTURE,University of Moratuwa,POLONNARUWA,,NQC,7,15,NQC
COP2324-123,,LANDSCAPE ARCHITECTURE,University of Moratuwa,BADULLA,0.3141,value,7,15,0.3141
COP2324-123,,LANDSCAPE ARCHITECTURE,University of Moratuwa,MONARAGALA,,NQC,7,15,NQC
COP2324-123,,LANDSCAPE ARCHITECTURE,University of Moratuwa,KEGALLE,0.7579,value,7,15,0.7579
COP2324-123,,LANDSCAPE ARCHITECTURE,University of Moratuwa,RATNAPURA,0.4336,value,7,15,0.4336
COP2324-124,,TOWN & COUNTRY PLANNING,University of Moratuwa,COLOMBO,1.1318,value,7,16,1.1318
COP2324-124,,TOWN & COUNTRY PLANNING,University of Moratuwa,GAMPAHA,1.1160,value,7,16,1.1160
COP2324-124,,TOWN & COUNTRY PLANNING,University of Moratuwa,KALUTARA,1.1100,value,7,16,1.1100
COP2324-124,,TOWN & COUNTRY PLANNING,University of Moratuwa,MATALE,0.9356,value,7,16,0.9356
COP2324-124,,TOWN & COUNTRY PLANNING,University of Moratuwa,KANDY,1.0632,value,7,16,1.0632
COP2324-124,,TOWN & COUNTRY PLANNING,University of Moratuwa,NUWARA ELIYA,0.9888,value,7,16,0.9888
COP2324-124,,TOWN & COUNTRY PLANNING,University of Moratuwa,GALLE,1.1840,value,7,16,1.1840
COP2324-124,,TOWN & COUNTRY PLANNING,University of Moratuwa,MATARA,1.2389,value,7,16,1.2389
COP2324-124,,TOWN & COUNTRY PLANNING,University of Moratuwa,HAMBANTOTA,1.1642,value,7,16,1.1642
COP2324-124,,TOWN & COUNTRY PLANNING,University of Moratuwa,JAFFNA,1.0170,value,7,16,1.0170
COP2324-124,,TOWN & COUNTRY PLANNING,University of Moratuwa,KILINOCHCHI,0.7242,value,7,16,0.7242
COP2324-124,,TOWN & COUNTRY PLANNING,University of Moratuwa,MANNAR,0.8789,value,7,16,0.8789
COP2324-124,,TOWN & COUNTRY PLANNING,University of Moratuwa,MULLAITIVU,0.9191,value,7,16,0.9191
COP2324-124,,TOWN & COUNTRY PLANNING,University of Moratuwa,VAVUNIYA,0.8282,value,7,16,0.8282
COP2324-124,,TOWN & COUNTRY PLANNING,University of Moratuwa,TRINCOMALEE,1.1035,value,7,16,1.1035
COP2324-124,,TOWN & COUNTRY PLANNING,University of Moratuwa,BATTICALOA,1.0446,value,7,16,1.0446
COP2324-124,,TOWN & COUNTRY PLANNING,University of Moratuwa,AMPARA,1.1222,value,7,16,1.1222
COP2324-124,,TOWN & COUNTRY PLANNING,University of Moratuwa,PUTTALAM,1.0032,value,7,16,1.0032
COP2324-124,,TOWN & COUNTRY PLANNING,University of Moratuwa,KURUNEGALA,1.1480,value,7,16,1.1480
COP2324-124,,TOWN & COUNTRY PLANNING,University of Moratuwa,ANURADHAPURA,1.1563,value,7,16,1.1563
COP2324-124,,TOWN & COUNTRY PLANNING,University of Moratuwa,POLONNARUWA,0.9203,value,7,16,0.9203
COP2324-124,,TOWN & COUNTRY PLANNING,University of Moratuwa,BADULLA,1.1960,value,7,16,1.1960
COP2324-124,,TOWN & COUNTRY PLANNING,University of Moratuwa,MONARAGALA,0.9773,value,7,16,0.9773
COP2324-124,,TOWN & COUNTRY PLANNING,University of Moratuwa,KEGALLE,1.1517,value,7,16,1.1517
COP2324-124,,TOWN & COUNTRY PLANNING,University of Moratuwa,RATNAPURA,1.1526,value,7,16,1.1526
COP2324-125,,FASHION DESIGN & PRODUCT DEVELOPMENT,University of Moratuwa,COLOMBO,1.2582,value,7,17,1.2582
COP2324-125,,FASHION DESIGN & PRODUCT DEVELOPMENT,University of Moratuwa,GAMPAHA,1.2697,value,7,17,1.2697
COP2324-125,,FASHION DESIGN & PRODUCT DEVELOPMENT,University of Moratuwa,KALUTARA,0.6290,value,7,17,0.6290
COP2324-125,,FASHION DESIGN & PRODUCT DEVELOPMENT,University of Moratuwa,MATALE,0.9995,value,7,17,0.9995
COP2324-125,,FASHION DESIGN & PRODUCT DEVELOPMENT,University of Moratuwa,KANDY,1.0360,value,7,17,1.0360
COP2324-125,,FASHION DESIGN & PRODUCT DEVELOPMENT,University of Moratuwa,NUWARA ELIYA,0.0222,value,7,17,0.0222
COP2324-125,,FASHION DESIGN & PRODUCT DEVELOPMENT,University of Moratuwa,GALLE,0.8681,value,7,17,0.8681
COP2324-125,,FASHION DESIGN & PRODUCT DEVELOPMENT,University of Moratuwa,MATARA,1.0865,value,7,17,1.0865
COP2324-125,,FASHION DESIGN & PRODUCT DEVELOPMENT,University of Moratuwa,HAMBANTOTA,0.5123,value,7,17,0.5123
COP2324-125,,FASHION DESIGN & PRODUCT DEVELOPMENT,University of Moratuwa,JAFFNA,,NQC,7,17,NQC
COP2324-125,,FASHION DESIGN & PRODUCT DEVELOPMENT,University of Moratuwa,KILINOCHCHI,,NQC,7,17,NQC
COP2324-125,,FASHION DESIGN & PRODUCT DEVELOPMENT,University of Moratuwa,MANNAR,,NQC,7,17,NQC
COP2324-125,,FASHION DESIGN & PRODUCT DEVELOPMENT,University of Moratuwa,MULLAITIVU,,NQC,7,17,NQC
COP2324-125,,FASHION DESIGN & PRODUCT DEVELOPMENT,University of Moratuwa,VAVUNIYA,,NQC,7,17,NQC
COP2324-125,,FASHION DESIGN & PRODUCT DEVELOPMENT,University of Moratuwa,TRINCOMALEE,0.5873,value,7,17,0.5873
COP2324-125,,FASHION DESIGN & PRODUCT DEVELOPMENT,University of Moratuwa,BATTICALOA,,NQC,7,17,NQC
COP2324-125,,FASHION DESIGN & PRODUCT DEVELOPMENT,University of Moratuwa,AMPARA,0.3334,value,7,17,0.3334
COP2324-125,,FASHION DESIGN & PRODUCT DEVELOPMENT,University of Moratuwa,PUTTALAM,1.0489,value,7,17,1.0489
COP2324-125,,FASHION DESIGN & PRODUCT DEVELOPMENT,University of Moratuwa,KURUNEGALA,1.2562,value,7,17,1.2562
COP2324-125,,FASHION DESIGN & PRODUCT DEVELOPMENT,University of Moratuwa,ANURADHAPURA,0.9379,value,7,17,0.9379
COP2324-125,,FASHION DESIGN & PRODUCT DEVELOPMENT,University of Moratuwa,POLONNARUWA,1.8100,value,7,17,1.8100
COP2324-125,,FASHION DESIGN & PRODUCT DEVELOPMENT,University of Moratuwa,BADULLA,0.4186,value,7,17,0.4186
COP2324-125,,FASHION DESIGN & PRODUCT DEVELOPMENT,University of Moratuwa,MONARAGALA,1.0261,value,7,17,1.0261
COP2324-125,,FASHION DESIGN & PRODUCT DEVELOPMENT,University of Moratuwa,KEGALLE,1.0542,value,7,17,1.0542
COP2324-125,,FASHION DESIGN & PRODUCT DEVELOPMENT,University of Moratuwa,RATNAPURA,0.8754,value,7,17,0.8754
COP2324-126,,ARTIFICIAL INTELLIGENCE,University of Moratuwa,COLOMBO,2.1971,value,7,18,2.1971
COP2324-126,,ARTIFICIAL INTELLIGENCE,University of Moratuwa,GAMPAHA,2.2172,value,7,18,2.2172
COP2324-126,,ARTIFICIAL INTELLIGENCE,University of Moratuwa,KALUTARA,2.0840,value,7,18,2.0840
COP2324-126,,ARTIFICIAL INTELLIGENCE,University of Moratuwa,MATALE,2.3114,value,7,18,2.3114
COP2324-126,,ARTIFICIAL INTELLIGENCE,University of Moratuwa,KANDY,1.9586,value,7,18,1.9586
COP2324-126,,ARTIFICIAL INTELLIGENCE,University of Moratuwa,NUWARA ELIYA,1.6513,value,7,18,1.6513
COP2324-126,,ARTIFICIAL INTELLIGENCE,University of Moratuwa,GALLE,2.3589,value,7,18,2.3589
COP2324-126,,ARTIFICIAL INTELLIGENCE,University of Moratuwa,MATARA,2.3622,value,7,18,2.3622
COP2324-126,,ARTIFICIAL INTELLIGENCE,University of Moratuwa,HAMBANTOTA,2.2275,value,7,18,2.2275
COP2324-126,,ARTIFICIAL INTELLIGENCE,University of Moratuwa,JAFFNA,2.1366,value,7,18,2.1366
COP2324-126,,ARTIFICIAL INTELLIGENCE,University of Moratuwa,KILINOCHCHI,1.4245,value,7,18,1.4245
COP2324-126,,ARTIFICIAL INTELLIGENCE,University of Moratuwa,MANNAR,1.4285,value,7,18,1.4285
COP2324-126,,ARTIFICIAL INTELLIGENCE,University of Moratuwa,MULLAITIVU,0.8773,value,7,18,0.8773
COP2324-126,,ARTIFICIAL INTELLIGENCE,University of Moratuwa,VAVUNIYA,1.1548,value,7,18,1.1548
COP2324-126,,ARTIFICIAL INTELLIGENCE,University of Moratuwa,TRINCOMALEE,1.4546,value,7,18,1.4546
COP2324-126,,ARTIFICIAL INTELLIGENCE,University of Moratuwa,BATTICALOA,1.9800,value,7,18,1.9800
COP2324-126,,ARTIFICIAL INTELLIGENCE,University of Moratuwa,AMPARA,1.3634,value,7,18,1.3634
COP2324-126,,ARTIFICIAL INTELLIGENCE,University of Moratuwa,PUTTALAM,1.6069,value,7,18,1.6069
COP2324-126,,ARTIFICIAL INTELLIGENCE,University of Moratuwa,KURUNEGALA,2.1444,value,7,18,2.1444
COP2324-126,,ARTIFICIAL INTELLIGENCE,University of Moratuwa,ANURADHAPURA,2.3339,value,7,18,2.3339
COP2324-126,,ARTIFICIAL INTELLIGENCE,University of Moratuwa,POLONNARUWA,1.9626,value,7,18,1.9626
COP2324-126,,ARTIFICIAL INTELLIGENCE,University of Moratuwa,BADULLA,2.1447,value,7,18,2.1447
COP2324-126,,ARTIFICIAL INTELLIGENCE,University of Moratuwa,MONARAGALA,1.9232,value,7,18,1.9232
COP2324-126,,ARTIFICIAL INTELLIGENCE,University of Moratuwa,KEGALLE,2.3535,value,7,18,2.3535
COP2324-126,,ARTIFICIAL INTELLIGENCE,University of Moratuwa,RATNAPURA,2.2957,value,7,18,2.2957
COP2324-127,,INFORMATION TECHNOLOGY (IT),University of Moratuwa,COLOMBO,1.6619,value,7,19,1.6619
COP2324-127,,INFORMATION TECHNOLOGY (IT),University of Moratuwa,GAMPAHA,1.5672,value,7,19,1.5672
COP2324-127,,INFORMATION TECHNOLOGY (IT),University of Moratuwa,KALUTARA,1.6560,value,7,19,1.6560
COP2324-127,,INFORMATION TECHNOLOGY (IT),University of Moratuwa,MATALE,1.3443,value,7,19,1.3443
COP2324-127,,INFORMATION TECHNOLOGY (IT),University of Moratuwa,KANDY,1.6145,value,7,19,1.6145
COP2324-127,,INFORMATION TECHNOLOGY (IT),University of Moratuwa,NUWARA ELIYA,1.3062,value,7,19,1.3062
COP2324-127,,INFORMATION TECHNOLOGY (IT),University of Moratuwa,GALLE,1.6884,value,7,19,1.6884
COP2324-127,,INFORMATION TECHNOLOGY (IT),University of Moratuwa,MATARA,1.7049,value,7,19,1.7049
COP2324-127,,INFORMATION TECHNOLOGY (IT),University of Moratuwa,HAMBANTOTA,1.6586,value,7,19,1.6586
COP2324-127,,INFORMATION TECHNOLOGY (IT),University of Moratuwa,JAFFNA,1.6909,value,7,19,1.6909
COP2324-127,,INFORMATION TECHNOLOGY (IT),University of Moratuwa,KILINOCHCHI,1.5735,value,7,19,1.5735
COP2324-127,,INFORMATION TECHNOLOGY (IT),University of Moratuwa,MANNAR,1.7242,value,7,19,1.7242
COP2324-127,,INFORMATION TECHNOLOGY (IT),University of Moratuwa,MULLAITIVU,1.6063,value,7,19,1.6063
COP2324-127,,INFORMATION TECHNOLOGY (IT),University of Moratuwa,VAVUNIYA,1.4097,value,7,19,1.4097
COP2324-127,,INFORMATION TECHNOLOGY (IT),University of Moratuwa,TRINCOMALEE,1.4146,value,7,19,1.4146
COP2324-127,,INFORMATION TECHNOLOGY (IT),University of Moratuwa,BATTICALOA,1.4976,value,7,19,1.4976
COP2324-127,,INFORMATION TECHNOLOGY (IT),University of Moratuwa,AMPARA,1.4764,value,7,19,1.4764
COP2324-127,,INFORMATION TECHNOLOGY (IT),University of Moratuwa,PUTTALAM,1.3380,value,7,19,1.3380
COP2324-127,,INFORMATION TECHNOLOGY (IT),University of Moratuwa,KURUNEGALA,1.6213,value,7,19,1.6213
COP2324-127,,INFORMATION TECHNOLOGY (IT),University of Moratuwa,ANURADHAPURA,1.4110,value,7,19,1.4110
COP2324-127,,INFORMATION TECHNOLOGY (IT),University of Moratuwa,POLONNARUWA,1.3775,value,7,19,1.3775
COP2324-127,,INFORMATION TECHNOLOGY (IT),University of Moratuwa,BADULLA,1.5261,value,7,19,1.5261
COP2324-127,,INFORMATION TECHNOLOGY (IT),University of Moratuwa,MONARAGALA,1.5298,value,7,19,1.5298
COP2324-127,,INFORMATION TECHNOLOGY (IT),University of Moratuwa,KEGALLE,1.6006,value,7,19,1.6006
COP2324-127,,INFORMATION TECHNOLOGY (IT),University of Moratuwa,RATNAPURA,1.5541,value,7,19,1.5541
COP2324-128,,INFORMATION TECHNOLOGY & MANAGEMENT,University of Moratuwa,COLOMBO,1.7592,value,7,20,1.7592
COP2324-128,,INFORMATION TECHNOLOGY & MANAGEMENT,University of Moratuwa,GAMPAHA,1.5576,value,7,20,1.5576
COP2324-128,,INFORMATION TECHNOLOGY & MANAGEMENT,University of Moratuwa,KALUTARA,1.6106,value,7,20,1.6106
COP2324-128,,INFORMATION TECHNOLOGY & MANAGEMENT,University of Moratuwa,MATALE,1.4034,value,7,20,1.4034
COP2324-128,,INFORMATION TECHNOLOGY & MANAGEMENT,University of Moratuwa,KANDY,1.4758,value,7,20,1.4758
COP2324-128,,INFORMATION TECHNOLOGY & MANAGEMENT,University of Moratuwa,NUWARA ELIYA,1.1802,value,7,20,1.1802
COP2324-128,,INFORMATION TECHNOLOGY & MANAGEMENT,University of Moratuwa,GALLE,1.6894,value,7,20,1.6894
COP2324-128,,INFORMATION TECHNOLOGY & MANAGEMENT,University of Moratuwa,MATARA,1.7194,value,7,20,1.7194
COP2324-128,,INFORMATION TECHNOLOGY & MANAGEMENT,University of Moratuwa,HAMBANTOTA,1.7234,value,7,20,1.7234
COP2324-128,,INFORMATION TECHNOLOGY & MANAGEMENT,University of Moratuwa,JAFFNA,1.6664,value,7,20,1.6664
COP2324-128,,INFORMATION TECHNOLOGY & MANAGEMENT,University of Moratuwa,KILINOCHCHI,0.9010,value,7,20,0.9010
COP2324-128,,INFORMATION TECHNOLOGY & MANAGEMENT,University of Moratuwa,MANNAR,1.3851,value,7,20,1.3851
COP2324-128,,INFORMATION TECHNOLOGY & MANAGEMENT,University of Moratuwa,MULLAITIVU,1.3086,value,7,20,1.3086
COP2324-128,,INFORMATION TECHNOLOGY & MANAGEMENT,University of Moratuwa,VAVUNIYA,1.1945,value,7,20,1.1945
COP2324-128,,INFORMATION TECHNOLOGY & MANAGEMENT,University of Moratuwa,TRINCOMALEE,1.3852,value,7,20,1.3852
COP2324-128,,INFORMATION TECHNOLOGY & MANAGEMENT,University of Moratuwa,BATTICALOA,1.6266,value,7,20,1.6266
COP2324-128,,INFORMATION TECHNOLOGY & MANAGEMENT,University of Moratuwa,AMPARA,1.3558,value,7,20,1.3558
COP2324-128,,INFORMATION TECHNOLOGY & MANAGEMENT,University of Moratuwa,PUTTALAM,1.2982,value,7,20,1.2982
COP2324-128,,INFORMATION TECHNOLOGY & MANAGEMENT,University of Moratuwa,KURUNEGALA,1.5626,value,7,20,1.5626
COP2324-128,,INFORMATION TECHNOLOGY & MANAGEMENT,University of Moratuwa,ANURADHAPURA,1.6762,value,7,20,1.6762
COP2324-128,,INFORMATION TECHNOLOGY & MANAGEMENT,University of Moratuwa,POLONNARUWA,1.5868,value,7,20,1.5868
COP2324-128,,INFORMATION TECHNOLOGY & MANAGEMENT,University of Moratuwa,BADULLA,1.4174,value,7,20,1.4174
COP2324-128,,INFORMATION TECHNOLOGY & MANAGEMENT,University of Moratuwa,MONARAGALA,1.4747,value,7,20,1.4747
COP2324-128,,INFORMATION TECHNOLOGY & MANAGEMENT,University of Moratuwa,KEGALLE,1.4199,value,7,20,1.4199
COP2324-128,,INFORMATION TECHNOLOGY & MANAGEMENT,University of Moratuwa,RATNAPURA,1.6077,value,7,20,1.6077
COP2324-129,,FACILITIES MANAGEMENT,University of Moratuwa,COLOMBO,1.5529,value,7,21,1.5529
COP2324-129,,FACILITIES MANAGEMENT,University of Moratuwa,GAMPAHA,1.5060,value,7,21,1.5060
COP2324-129,,FACILITIES MANAGEMENT,University of Moratuwa,KALUTARA,1.5478,value,7,21,1.5478
COP2324-129,,FACILITIES MANAGEMENT,University of Moratuwa,MATALE,1.4032,value,7,21,1.4032
COP2324-129,,FACILITIES MANAGEMENT,University of Moratuwa,KANDY,1.4931,value,7,21,1.4931
COP2324-129,,FACILITIES MANAGEMENT,University of Moratuwa,NUWARA ELIYA,1.2761,value,7,21,1.2761
COP2324-129,,FACILITIES MANAGEMENT,University of Moratuwa,GALLE,1.5656,value,7,21,1.5656
COP2324-129,,FACILITIES MANAGEMENT,University of Moratuwa,MATARA,1.5808,value,7,21,1.5808
COP2324-129,,FACILITIES MANAGEMENT,University of Moratuwa,HAMBANTOTA,1.4496,value,7,21,1.4496
COP2324-129,,FACILITIES MANAGEMENT,University of Moratuwa,JAFFNA,1.2601,value,7,21,1.2601
COP2324-129,,FACILITIES MANAGEMENT,University of Moratuwa,KILINOCHCHI,0.8387,value,7,21,0.8387
COP2324-129,,FACILITIES MANAGEMENT,University of Moratuwa,MANNAR,0.9634,value,7,21,0.9634
COP2324-129,,FACILITIES MANAGEMENT,University of Moratuwa,MULLAITIVU,1.0370,value,7,21,1.0370
COP2324-129,,FACILITIES MANAGEMENT,University of Moratuwa,VAVUNIYA,1.5264,value,7,21,1.5264
COP2324-129,,FACILITIES MANAGEMENT,University of Moratuwa,TRINCOMALEE,1.5320,value,7,21,1.5320
COP2324-129,,FACILITIES MANAGEMENT,University of Moratuwa,BATTICALOA,1.3681,value,7,21,1.3681
COP2324-129,,FACILITIES MANAGEMENT,University of Moratuwa,AMPARA,1.3945,value,7,21,1.3945
COP2324-129,,FACILITIES MANAGEMENT,University of Moratuwa,PUTTALAM,1.4169,value,7,21,1.4169
COP2324-129,,FACILITIES MANAGEMENT,University of Moratuwa,KURUNEGALA,1.4680,value,7,21,1.4680
COP2324-129,,FACILITIES MANAGEMENT,University of Moratuwa,ANURADHAPURA,1.3657,value,7,21,1.3657
COP2324-129,,FACILITIES MANAGEMENT,University of Moratuwa,POLONNARUWA,1.3982,value,7,21,1.3982
COP2324-129,,FACILITIES MANAGEMENT,University of Moratuwa,BADULLA,1.4864,value,7,21,1.4864
COP2324-129,,FACILITIES MANAGEMENT,University of Moratuwa,MONARAGALA,1.4857,value,7,21,1.4857
COP2324-129,,FACILITIES MANAGEMENT,University of Moratuwa,KEGALLE,1.5280,value,7,21,1.5280
COP2324-129,,FACILITIES MANAGEMENT,University of Moratuwa,RATNAPURA,1.5417,value,7,21,1.5417
COP2324-130,,TRANSPORT MANAGEMENT & LOGISTICS ENGINEERING (TMLE),University of Moratuwa,COLOMBO,1.6557,value,7,22,1.6557
COP2324-130,,TRANSPORT MANAGEMENT & LOGISTICS ENGINEERING (TMLE),University of Moratuwa,GAMPAHA,1.5765,value,7,22,1.5765
COP2324-130,,TRANSPORT MANAGEMENT & LOGISTICS ENGINEERING (TMLE),University of Moratuwa,KALUTARA,1.6394,value,7,22,1.6394
COP2324-130,,TRANSPORT MANAGEMENT & LOGISTICS ENGINEERING (TMLE),University of Moratuwa,MATALE,1.6287,value,7,22,1.6287
COP2324-130,,TRANSPORT MANAGEMENT & LOGISTICS ENGINEERING (TMLE),University of Moratuwa,KANDY,1.5674,value,7,22,1.5674
COP2324-130,,TRANSPORT MANAGEMENT & LOGISTICS ENGINEERING (TMLE),University of Moratuwa,NUWARA ELIYA,1.0281,value,7,22,1.0281
COP2324-130,,TRANSPORT MANAGEMENT & LOGISTICS ENGINEERING (TMLE),University of Moratuwa,GALLE,1.6343,value,7,22,1.6343
COP2324-130,,TRANSPORT MANAGEMENT & LOGISTICS ENGINEERING (TMLE),University of Moratuwa,MATARA,1.6298,value,7,22,1.6298
COP2324-130,,TRANSPORT MANAGEMENT & LOGISTICS ENGINEERING (TMLE),University of Moratuwa,HAMBANTOTA,1.6233,value,7,22,1.6233
COP2324-130,,TRANSPORT MANAGEMENT & LOGISTICS ENGINEERING (TMLE),University of Moratuwa,JAFFNA,1.4605,value,7,22,1.4605
COP2324-130,,TRANSPORT MANAGEMENT & LOGISTICS ENGINEERING (TMLE),University of Moratuwa,KILINOCHCHI,1.5700,value,7,22,1.5700
COP2324-130,,TRANSPORT MANAGEMENT & LOGISTICS ENGINEERING (TMLE),University of Moratuwa,MANNAR,0.7306,value,7,22,0.7306
COP2324-130,,TRANSPORT MANAGEMENT & LOGISTICS ENGINEERING (TMLE),University of Moratuwa,MULLAITIVU,0.4121,value,7,22,0.4121
COP2324-130,,TRANSPORT MANAGEMENT & LOGISTICS ENGINEERING (TMLE),University of Moratuwa,VAVUNIYA,0.9973,value,7,22,0.9973
COP2324-130,,TRANSPORT MANAGEMENT & LOGISTICS ENGINEERING (TMLE),University of Moratuwa,TRINCOMALEE,1.1688,value,7,22,1.1688
COP2324-130,,TRANSPORT MANAGEMENT & LOGISTICS ENGINEERING (TMLE),University of Moratuwa,BATTICALOA,1.3067,value,7,22,1.3067
COP2324-130,,TRANSPORT MANAGEMENT & LOGISTICS ENGINEERING (TMLE),University of Moratuwa,AMPARA,1.2649,value,7,22,1.2649
COP2324-130,,TRANSPORT MANAGEMENT & LOGISTICS ENGINEERING (TMLE),University of Moratuwa,PUTTALAM,1.5972,value,7,22,1.5972
COP2324-130,,TRANSPORT MANAGEMENT & LOGISTICS ENGINEERING (TMLE),University of Moratuwa,KURUNEGALA,1.6219,value,7,22,1.6219
COP2324-130,,TRANSPORT MANAGEMENT & LOGISTICS ENGINEERING (TMLE),University of Moratuwa,ANURADHAPURA,1.4098,value,7,22,1.4098
COP2324-130,,TRANSPORT MANAGEMENT & LOGISTICS ENGINEERING (TMLE),University of Moratuwa,POLONNARUWA,1.2364,value,7,22,1.2364
COP2324-130,,TRANSPORT MANAGEMENT & LOGISTICS ENGINEERING (TMLE),University of Moratuwa,BADULLA,1.5976,value,7,22,1.5976
COP2324-130,,TRANSPORT MANAGEMENT & LOGISTICS ENGINEERING (TMLE),University of Moratuwa,MONARAGALA,1.6277,value,7,22,1.6277
COP2324-130,,TRANSPORT MANAGEMENT & LOGISTICS ENGINEERING (TMLE),University of Moratuwa,KEGALLE,1.6146,value,7,22,1.6146
COP2324-130,,TRANSPORT MANAGEMENT & LOGISTICS ENGINEERING (TMLE),University of Moratuwa,RATNAPURA,1.5319,value,7,22,1.5319
COP2324-131,,BUSINESS SCIENCE,University of Moratuwa,COLOMBO,2.0126,value,7,23,2.0126
COP2324-131,,BUSINESS SCIENCE,University of Moratuwa,GAMPAHA,1.7710,value,7,23,1.7710
COP2324-131,,BUSINESS SCIENCE,University of Moratuwa,KALUTARA,1.9222,value,7,23,1.9222
COP2324-131,,BUSINESS SCIENCE,University of Moratuwa,MATALE,1.6797,value,7,23,1.6797
COP2324-131,,BUSINESS SCIENCE,University of Moratuwa,KANDY,1.7135,value,7,23,1.7135
COP2324-131,,BUSINESS SCIENCE,University of Moratuwa,NUWARA ELIYA,1.9926,value,7,23,1.9926
COP2324-131,,BUSINESS SCIENCE,University of Moratuwa,GALLE,1.8831,value,7,23,1.8831
COP2324-131,,BUSINESS SCIENCE,University of Moratuwa,MATARA,1.9574,value,7,23,1.9574
COP2324-131,,BUSINESS SCIENCE,University of Moratuwa,HAMBANTOTA,1.8128,value,7,23,1.8128
COP2324-131,,BUSINESS SCIENCE,University of Moratuwa,JAFFNA,1.4936,value,7,23,1.4936
COP2324-131,,BUSINESS SCIENCE,University of Moratuwa,KILINOCHCHI,0.6620,value,7,23,0.6620
COP2324-131,,BUSINESS SCIENCE,University of Moratuwa,MANNAR,1.6671,value,7,23,1.6671
COP2324-131,,BUSINESS SCIENCE,University of Moratuwa,MULLAITIVU,1.3617,value,7,23,1.3617
COP2324-131,,BUSINESS SCIENCE,University of Moratuwa,VAVUNIYA,1.5240,value,7,23,1.5240
COP2324-131,,BUSINESS SCIENCE,University of Moratuwa,TRINCOMALEE,1.5072,value,7,23,1.5072
COP2324-131,,BUSINESS SCIENCE,University of Moratuwa,BATTICALOA,1.4592,value,7,23,1.4592
COP2324-131,,BUSINESS SCIENCE,University of Moratuwa,AMPARA,1.5632,value,7,23,1.5632
COP2324-131,,BUSINESS SCIENCE,University of Moratuwa,PUTTALAM,1.7015,value,7,23,1.7015
COP2324-131,,BUSINESS SCIENCE,University of Moratuwa,KURUNEGALA,1.8542,value,7,23,1.8542
COP2324-131,,BUSINESS SCIENCE,University of Moratuwa,ANURADHAPURA,1.8631,value,7,23,1.8631
COP2324-131,,BUSINESS SCIENCE,University of Moratuwa,POLONNARUWA,1.6811,value,7,23,1.6811
COP2324-131,,BUSINESS SCIENCE,University of Moratuwa,BADULLA,1.6119,value,7,23,1.6119
COP2324-131,,BUSINESS SCIENCE,University of Moratuwa,MONARAGALA,1.8147,value,7,23,1.8147
COP2324-131,,BUSINESS SCIENCE,University of Moratuwa,KEGALLE,1.9134,value,7,23,1.9134
COP2324-131,,BUSINESS SCIENCE,University of Moratuwa,RATNAPURA,1.7655,value,7,23,1.7655
COP2324-132,,MANAGEMENT AND INFORMATION TECHNOLOGY (MIT) (OTHER STREAM),University of Kelaniya,COLOMBO,1.4873,value,7,24,1.4873
COP2324-132,,MANAGEMENT AND INFORMATION TECHNOLOGY (MIT) (OTHER STREAM),University of Kelaniya,GAMPAHA,1.4122,value,7,24,1.4122
COP2324-132,,MANAGEMENT AND INFORMATION TECHNOLOGY (MIT) (OTHER STREAM),University of Kelaniya,KALUTARA,1.4433,value,7,24,1.4433
COP2324-132,,MANAGEMENT AND INFORMATION TECHNOLOGY (MIT) (OTHER STREAM),University of Kelaniya,MATALE,1.3437,value,7,24,1.3437
COP2324-132,,MANAGEMENT AND INFORMATION TECHNOLOGY (MIT) (OTHER STREAM),University of Kelaniya,KANDY,1.4445,value,7,24,1.4445
COP2324-132,,MANAGEMENT AND INFORMATION TECHNOLOGY (MIT) (OTHER STREAM),University of Kelaniya,NUWARA ELIYA,0.7942,value,7,24,0.7942
COP2324-132,,MANAGEMENT AND INFORMATION TECHNOLOGY (MIT) (OTHER STREAM),University of Kelaniya,GALLE,1.4804,value,7,24,1.4804
COP2324-132,,MANAGEMENT AND INFORMATION TECHNOLOGY (MIT) (OTHER STREAM),University of Kelaniya,MATARA,1.4981,value,7,24,1.4981
COP2324-132,,MANAGEMENT AND INFORMATION TECHNOLOGY (MIT) (OTHER STREAM),University of Kelaniya,HAMBANTOTA,1.4935,value,7,24,1.4935
COP2324-132,,MANAGEMENT AND INFORMATION TECHNOLOGY (MIT) (OTHER STREAM),University of Kelaniya,JAFFNA,1.4733,value,7,24,1.4733
COP2324-132,,MANAGEMENT AND INFORMATION TECHNOLOGY (MIT) (OTHER STREAM),University of Kelaniya,KILINOCHCHI,1.1480,value,7,24,1.1480
COP2324-132,,MANAGEMENT AND INFORMATION TECHNOLOGY (MIT) (OTHER STREAM),University of Kelaniya,MANNAR,1.3016,value,7,24,1.3016
COP2324-132,,MANAGEMENT AND INFORMATION TECHNOLOGY (MIT) (OTHER STREAM),University of Kelaniya,MULLAITIVU,0.7221,value,7,24,0.7221
COP2324-132,,MANAGEMENT AND INFORMATION TECHNOLOGY (MIT) (OTHER STREAM),University of Kelaniya,VAVUNIYA,1.0201,value,7,24,1.0201
COP2324-132,,MANAGEMENT AND INFORMATION TECHNOLOGY (MIT) (OTHER STREAM),University of Kelaniya,TRINCOMALEE,1.2204,value,7,24,1.2204
COP2324-132,,MANAGEMENT AND INFORMATION TECHNOLOGY (MIT) (OTHER STREAM),University of Kelaniya,BATTICALOA,1.2630,value,7,24,1.2630
COP2324-132,,MANAGEMENT AND INFORMATION TECHNOLOGY (MIT) (OTHER STREAM),University of Kelaniya,AMPARA,1.1247,value,7,24,1.1247
COP2324-132,,MANAGEMENT AND INFORMATION TECHNOLOGY (MIT) (OTHER STREAM),University of Kelaniya,PUTTALAM,1.0082,value,7,24,1.0082
COP2324-132,,MANAGEMENT AND INFORMATION TECHNOLOGY (MIT) (OTHER STREAM),University of Kelaniya,KURUNEGALA,1.4437,value,7,24,1.4437
COP2324-132,,MANAGEMENT AND INFORMATION TECHNOLOGY (MIT) (OTHER STREAM),University of Kelaniya,ANURADHAPURA,1.3051,value,7,24,1.3051
COP2324-132,,MANAGEMENT AND INFORMATION TECHNOLOGY (MIT) (OTHER STREAM),University of Kelaniya,POLONNARUWA,0.9775,value,7,24,0.9775
COP2324-132,,MANAGEMENT AND INFORMATION TECHNOLOGY (MIT) (OTHER STREAM),University of Kelaniya,BADULLA,1.3671,value,7,24,1.3671
COP2324-132,,MANAGEMENT AND INFORMATION TECHNOLOGY (MIT) (OTHER STREAM),University of Kelaniya,MONARAGALA,1.1535,value,7,24,1.1535
COP2324-132,,MANAGEMENT AND INFORMATION TECHNOLOGY (MIT) (OTHER STREAM),University of Kelaniya,KEGALLE,1.4731,value,7,24,1.4731
COP2324-132,,MANAGEMENT AND INFORMATION TECHNOLOGY (MIT) (OTHER STREAM),University of Kelaniya,RATNAPURA,1.4940,value,7,24,1.4940
COP2324-133,,MANAGEMENT AND INFORMATION TECHNOLOGY (MIT) (BIO SCIENCE STREAM),University of Kelaniya,COLOMBO,1.4237,value,7,25,1.4237
COP2324-133,,MANAGEMENT AND INFORMATION TECHNOLOGY (MIT) (BIO SCIENCE STREAM),University of Kelaniya,GAMPAHA,1.3684,value,7,25,1.3684
COP2324-133,,MANAGEMENT AND INFORMATION TECHNOLOGY (MIT) (BIO SCIENCE STREAM),University of Kelaniya,KALUTARA,1.4152,value,7,25,1.4152
COP2324-133,,MANAGEMENT AND INFORMATION TECHNOLOGY (MIT) (BIO SCIENCE STREAM),University of Kelaniya,MATALE,1.2756,value,7,25,1.2756
COP2324-133,,MANAGEMENT AND INFORMATION TECHNOLOGY (MIT) (BIO SCIENCE STREAM),University of Kelaniya,KANDY,1.2345,value,7,25,1.2345
COP2324-133,,MANAGEMENT AND INFORMATION TECHNOLOGY (MIT) (BIO SCIENCE STREAM),University of Kelaniya,NUWARA ELIYA,1.2196,value,7,25,1.2196
COP2324-133,,MANAGEMENT AND INFORMATION TECHNOLOGY (MIT) (BIO SCIENCE STREAM),University of Kelaniya,GALLE,1.4620,value,7,25,1.4620
COP2324-133,,MANAGEMENT AND INFORMATION TECHNOLOGY (MIT) (BIO SCIENCE STREAM),University of Kelaniya,MATARA,1.4539,value,7,25,1.4539
COP2324-133,,MANAGEMENT AND INFORMATION TECHNOLOGY (MIT) (BIO SCIENCE STREAM),University of Kelaniya,HAMBANTOTA,1.3564,value,7,25,1.3564
COP2324-133,,MANAGEMENT AND INFORMATION TECHNOLOGY (MIT) (BIO SCIENCE STREAM),University of Kelaniya,JAFFNA,1.4702,value,7,25,1.4702
COP2324-133,,MANAGEMENT AND INFORMATION TECHNOLOGY (MIT) (BIO SCIENCE STREAM),University of Kelaniya,KILINOCHCHI,1.3156,value,7,25,1.3156
COP2324-133,,MANAGEMENT AND INFORMATION TECHNOLOGY (MIT) (BIO SCIENCE STREAM),University of Kelaniya,MANNAR,1.3669,value,7,25,1.3669
COP2324-133,,MANAGEMENT AND INFORMATION TECHNOLOGY (MIT) (BIO SCIENCE STREAM),University of Kelaniya,MULLAITIVU,1.4400,value,7,25,1.4400
COP2324-133,,MANAGEMENT AND INFORMATION TECHNOLOGY (MIT) (BIO SCIENCE STREAM),University of Kelaniya,VAVUNIYA,1.1886,value,7,25,1.1886
COP2324-133,,MANAGEMENT AND INFORMATION TECHNOLOGY (MIT) (BIO SCIENCE STREAM),University of Kelaniya,TRINCOMALEE,1.3023,value,7,25,1.3023
COP2324-133,,MANAGEMENT AND INFORMATION TECHNOLOGY (MIT) (BIO SCIENCE STREAM),University of Kelaniya,BATTICALOA,1.3826,value,7,25,1.3826
COP2324-133,,MANAGEMENT AND INFORMATION TECHNOLOGY (MIT) (BIO SCIENCE STREAM),University of Kelaniya,AMPARA,1.3762,value,7,25,1.3762
COP2324-133,,MANAGEMENT AND INFORMATION TECHNOLOGY (MIT) (BIO SCIENCE STREAM),University of Kelaniya,PUTTALAM,1.1878,value,7,25,1.1878
COP2324-133,,MANAGEMENT AND INFORMATION TECHNOLOGY (MIT) (BIO SCIENCE STREAM),University of Kelaniya,KURUNEGALA,1.4438,value,7,25,1.4438
COP2324-133,,MANAGEMENT AND INFORMATION TECHNOLOGY (MIT) (BIO SCIENCE STREAM),University of Kelaniya,ANURADHAPURA,1.3860,value,7,25,1.3860
COP2324-133,,MANAGEMENT AND INFORMATION TECHNOLOGY (MIT) (BIO SCIENCE STREAM),University of Kelaniya,POLONNARUWA,1.0710,value,7,25,1.0710
COP2324-133,,MANAGEMENT AND INFORMATION TECHNOLOGY (MIT) (BIO SCIENCE STREAM),University of Kelaniya,BADULLA,1.2025,value,7,25,1.2025
COP2324-133,,MANAGEMENT AND INFORMATION TECHNOLOGY (MIT) (BIO SCIENCE STREAM),University of Kelaniya,MONARAGALA,1.4626,value,7,25,1.4626
COP2324-133,,MANAGEMENT AND INFORMATION TECHNOLOGY (MIT) (BIO SCIENCE STREAM),University of Kelaniya,KEGALLE,1.3746,value,7,25,1.3746
COP2324-133,,MANAGEMENT AND INFORMATION TECHNOLOGY (MIT) (BIO SCIENCE STREAM),University of Kelaniya,RATNAPURA,1.4691,value,7,25,1.4691
COP2324-134,,INDUSTRIAL STATISTICS & MATHEMATICAL FINANCE,University of Colombo,COLOMBO,1.4289,value,7,26,1.4289
COP2324-134,,INDUSTRIAL STATISTICS & MATHEMATICAL FINANCE,University of Colombo,GAMPAHA,1.3558,value,7,26,1.3558
COP2324-134,,INDUSTRIAL STATISTICS & MATHEMATICAL FINANCE,University of Colombo,KALUTARA,1.3857,value,7,26,1.3857
COP2324-134,,INDUSTRIAL STATISTICS & MATHEMATICAL FINANCE,University of Colombo,MATALE,1.1018,value,7,26,1.1018
COP2324-134,,INDUSTRIAL STATISTICS & MATHEMATICAL FINANCE,University of Colombo,KANDY,1.3298,value,7,26,1.3298
COP2324-134,,INDUSTRIAL STATISTICS & MATHEMATICAL FINANCE,University of Colombo,NUWARA ELIYA,0.7097,value,7,26,0.7097
COP2324-134,,INDUSTRIAL STATISTICS & MATHEMATICAL FINANCE,University of Colombo,GALLE,1.4315,value,7,26,1.4315
COP2324-134,,INDUSTRIAL STATISTICS & MATHEMATICAL FINANCE,University of Colombo,MATARA,1.4259,value,7,26,1.4259
COP2324-134,,INDUSTRIAL STATISTICS & MATHEMATICAL FINANCE,University of Colombo,HAMBANTOTA,1.4083,value,7,26,1.4083
COP2324-134,,INDUSTRIAL STATISTICS & MATHEMATICAL FINANCE,University of Colombo,JAFFNA,1.3105,value,7,26,1.3105
COP2324-134,,INDUSTRIAL STATISTICS & MATHEMATICAL FINANCE,University of Colombo,KILINOCHCHI,1.0681,value,7,26,1.0681
COP2324-134,,INDUSTRIAL STATISTICS & MATHEMATICAL FINANCE,University of Colombo,MANNAR,0.5198,value,7,26,0.5198
COP2324-134,,INDUSTRIAL STATISTICS & MATHEMATICAL FINANCE,University of Colombo,MULLAITIVU,0.2579,value,7,26,0.2579
COP2324-134,,INDUSTRIAL STATISTICS & MATHEMATICAL FINANCE,University of Colombo,VAVUNIYA,0.8267,value,7,26,0.8267
COP2324-134,,INDUSTRIAL STATISTICS & MATHEMATICAL FINANCE,University of Colombo,TRINCOMALEE,1.0660,value,7,26,1.0660
COP2324-134,,INDUSTRIAL STATISTICS & MATHEMATICAL FINANCE,University of Colombo,BATTICALOA,1.0967,value,7,26,1.0967
COP2324-134,,INDUSTRIAL STATISTICS & MATHEMATICAL FINANCE,University of Colombo,AMPARA,1.0802,value,7,26,1.0802
COP2324-134,,INDUSTRIAL STATISTICS & MATHEMATICAL FINANCE,University of Colombo,PUTTALAM,1.0217,value,7,26,1.0217
COP2324-134,,INDUSTRIAL STATISTICS & MATHEMATICAL FINANCE,University of Colombo,KURUNEGALA,1.3635,value,7,26,1.3635
COP2324-134,,INDUSTRIAL STATISTICS & MATHEMATICAL FINANCE,University of Colombo,ANURADHAPURA,1.2555,value,7,26,1.2555
COP2324-134,,INDUSTRIAL STATISTICS & MATHEMATICAL FINANCE,University of Colombo,POLONNARUWA,0.8476,value,7,26,0.8476
COP2324-134,,INDUSTRIAL STATISTICS & MATHEMATICAL FINANCE,University of Colombo,BADULLA,1.3615,value,7,26,1.3615
COP2324-134,,INDUSTRIAL STATISTICS & MATHEMATICAL FINANCE,University of Colombo,MONARAGALA,1.1399,value,7,26,1.1399
COP2324-134,,INDUSTRIAL STATISTICS & MATHEMATICAL FINANCE,University of Colombo,KEGALLE,1.3675,value,7,26,1.3675
COP2324-134,,INDUSTRIAL STATISTICS & MATHEMATICAL FINANCE,University of Colombo,RATNAPURA,1.3592,value,7,26,1.3592
COP2324-135,,FINANCIAL MATHEMATICS AND INDUSTRIAL STATISTICS,University of Ruhuna,COLOMBO,1.1619,value,7,27,1.1619
COP2324-135,,FINANCIAL MATHEMATICS AND INDUSTRIAL STATISTICS,University of Ruhuna,GAMPAHA,1.1070,value,7,27,1.1070
COP2324-135,,FINANCIAL MATHEMATICS AND INDUSTRIAL STATISTICS,University of Ruhuna,KALUTARA,1.1893,value,7,27,1.1893
COP2324-135,,FINANCIAL MATHEMATICS AND INDUSTRIAL STATISTICS,University of Ruhuna,MATALE,0.9638,value,7,27,0.9638
COP2324-135,,FINANCIAL MATHEMATICS AND INDUSTRIAL STATISTICS,University of Ruhuna,KANDY,1.1367,value,7,27,1.1367
COP2324-135,,FINANCIAL MATHEMATICS AND INDUSTRIAL STATISTICS,University of Ruhuna,NUWARA ELIYA,0.6911,value,7,27,0.6911
COP2324-135,,FINANCIAL MATHEMATICS AND INDUSTRIAL STATISTICS,University of Ruhuna,GALLE,1.1684,value,7,27,1.1684
COP2324-135,,FINANCIAL MATHEMATICS AND INDUSTRIAL STATISTICS,University of Ruhuna,MATARA,1.2285,value,7,27,1.2285
COP2324-135,,FINANCIAL MATHEMATICS AND INDUSTRIAL STATISTICS,University of Ruhuna,HAMBANTOTA,1.2167,value,7,27,1.2167
COP2324-135,,FINANCIAL MATHEMATICS AND INDUSTRIAL STATISTICS,University of Ruhuna,JAFFNA,1.1156,value,7,27,1.1156
COP2324-135,,FINANCIAL MATHEMATICS AND INDUSTRIAL STATISTICS,University of Ruhuna,KILINOCHCHI,0.5449,value,7,27,0.5449
COP2324-135,,FINANCIAL MATHEMATICS AND INDUSTRIAL STATISTICS,University of Ruhuna,MANNAR,0.4917,value,7,27,0.4917
COP2324-135,,FINANCIAL MATHEMATICS AND INDUSTRIAL STATISTICS,University of Ruhuna,MULLAITIVU,0.0932,value,7,27,0.0932
COP2324-135,,FINANCIAL MATHEMATICS AND INDUSTRIAL STATISTICS,University of Ruhuna,VAVUNIYA,0.6267,value,7,27,0.6267
COP2324-135,,FINANCIAL MATHEMATICS AND INDUSTRIAL STATISTICS,University of Ruhuna,TRINCOMALEE,0.9834,value,7,27,0.9834
COP2324-135,,FINANCIAL MATHEMATICS AND INDUSTRIAL STATISTICS,University of Ruhuna,BATTICALOA,1.0928,value,7,27,1.0928
COP2324-135,,FINANCIAL MATHEMATICS AND INDUSTRIAL STATISTICS,University of Ruhuna,AMPARA,1.0276,value,7,27,1.0276
COP2324-135,,FINANCIAL MATHEMATICS AND INDUSTRIAL STATISTICS,University of Ruhuna,PUTTALAM,0.9456,value,7,27,0.9456
COP2324-135,,FINANCIAL MATHEMATICS AND INDUSTRIAL STATISTICS,University of Ruhuna,KURUNEGALA,1.1270,value,7,27,1.1270
COP2324-135,,FINANCIAL MATHEMATICS AND INDUSTRIAL STATISTICS,University of Ruhuna,ANURADHAPURA,0.9794,value,7,27,0.9794
COP2324-135,,FINANCIAL MATHEMATICS AND INDUSTRIAL STATISTICS,University of Ruhuna,POLONNARUWA,0.7694,value,7,27,0.7694
COP2324-135,,FINANCIAL MATHEMATICS AND INDUSTRIAL STATISTICS,University of Ruhuna,BADULLA,1.2211,value,7,27,1.2211
COP2324-135,,FINANCIAL MATHEMATICS AND INDUSTRIAL STATISTICS,University of Ruhuna,MONARAGALA,1.0273,value,7,27,1.0273
COP2324-135,,FINANCIAL MATHEMATICS AND INDUSTRIAL STATISTICS,University of Ruhuna,KEGALLE,1.1804,value,7,27,1.1804
COP2324-135,,FINANCIAL MATHEMATICS AND INDUSTRIAL STATISTICS,University of Ruhuna,RATNAPURA,1.1928,value,7,27,1.1928
COP2324-136,,STATISTICS & OPERATIONS RESEARCH,University of Peradeniya,COLOMBO,1.3691,value,8,1,1.3691
COP2324-136,,STATISTICS & OPERATIONS RESEARCH,University of Peradeniya,GAMPAHA,1.3684,value,8,1,1.3684
COP2324-136,,STATISTICS & OPERATIONS RESEARCH,University of Peradeniya,KALUTARA,1.3855,value,8,1,1.3855
COP2324-136,,STATISTICS & OPERATIONS RESEARCH,University of Peradeniya,MATALE,1.1419,value,8,1,1.1419
COP2324-136,,STATISTICS & OPERATIONS RESEARCH,University of Peradeniya,KANDY,1.3949,value,8,1,1.3949
COP2324-136,,STATISTICS & OPERATIONS RESEARCH,University of Peradeniya,NUWARA ELIYA,0.7645,value,8,1,0.7645
COP2324-136,,STATISTICS & OPERATIONS RESEARCH,University of Peradeniya,GALLE,1.4223,value,8,1,1.4223
COP2324-136,,STATISTICS & OPERATIONS RESEARCH,University of Peradeniya,MATARA,1.4162,value,8,1,1.4162
COP2324-136,,STATISTICS & OPERATIONS RESEARCH,University of Peradeniya,HAMBANTOTA,1.4210,value,8,1,1.4210
COP2324-136,,STATISTICS & OPERATIONS RESEARCH,University of Peradeniya,JAFFNA,1.4181,value,8,1,1.4181
COP2324-136,,STATISTICS & OPERATIONS RESEARCH,University of Peradeniya,KILINOCHCHI,0.8705,value,8,1,0.8705
COP2324-136,,STATISTICS & OPERATIONS RESEARCH,University of Peradeniya,MANNAR,0.6376,value,8,1,0.6376
COP2324-136,,STATISTICS & OPERATIONS RESEARCH,University of Peradeniya,MULLAITIVU,0.5441,value,8,1,0.5441
COP2324-136,,STATISTICS & OPERATIONS RESEARCH,University of Peradeniya,VAVUNIYA,0.8384,value,8,1,0.8384
COP2324-136,,STATISTICS & OPERATIONS RESEARCH,University of Peradeniya,TRINCOMALEE,1.0916,value,8,1,1.0916
COP2324-136,,STATISTICS & OPERATIONS RESEARCH,University of Peradeniya,BATTICALOA,1.2310,value,8,1,1.2310
COP2324-136,,STATISTICS & OPERATIONS RESEARCH,University of Peradeniya,AMPARA,1.1080,value,8,1,1.1080
COP2324-136,,STATISTICS & OPERATIONS RESEARCH,University of Peradeniya,PUTTALAM,1.0171,value,8,1,1.0171
COP2324-136,,STATISTICS & OPERATIONS RESEARCH,University of Peradeniya,KURUNEGALA,1.3932,value,8,1,1.3932
COP2324-136,,STATISTICS & OPERATIONS RESEARCH,University of Peradeniya,ANURADHAPURA,1.3005,value,8,1,1.3005
COP2324-136,,STATISTICS & OPERATIONS RESEARCH,University of Peradeniya,POLONNARUWA,0.7787,value,8,1,0.7787
COP2324-136,,STATISTICS & OPERATIONS RESEARCH,University of Peradeniya,BADULLA,1.3460,value,8,1,1.3460
COP2324-136,,STATISTICS & OPERATIONS RESEARCH,University of Peradeniya,MONARAGALA,1.1648,value,8,1,1.1648
COP2324-136,,STATISTICS & OPERATIONS RESEARCH,University of Peradeniya,KEGALLE,1.4034,value,8,1,1.4034
COP2324-136,,STATISTICS & OPERATIONS RESEARCH,University of Peradeniya,RATNAPURA,1.3866,value,8,1,1.3866
COP2324-137,,GEOGRAPHICAL INFORMATION SCIENCE,University of Peradeniya,COLOMBO,1.8489,value,8,2,1.8489
COP2324-137,,GEOGRAPHICAL INFORMATION SCIENCE,University of Peradeniya,GAMPAHA,1.8776,value,8,2,1.8776
COP2324-137,,GEOGRAPHICAL INFORMATION SCIENCE,University of Peradeniya,KALUTARA,1.9340,value,8,2,1.9340
COP2324-137,,GEOGRAPHICAL INFORMATION SCIENCE,University of Peradeniya,MATALE,1.9401,value,8,2,1.9401
COP2324-137,,GEOGRAPHICAL INFORMATION SCIENCE,University of Peradeniya,KANDY,1.8190,value,8,2,1.8190
COP2324-137,,GEOGRAPHICAL INFORMATION SCIENCE,University of Peradeniya,NUWARA ELIYA,1.6872,value,8,2,1.6872
COP2324-137,,GEOGRAPHICAL INFORMATION SCIENCE,University of Peradeniya,GALLE,1.8964,value,8,2,1.8964
COP2324-137,,GEOGRAPHICAL INFORMATION SCIENCE,University of Peradeniya,MATARA,1.8816,value,8,2,1.8816
COP2324-137,,GEOGRAPHICAL INFORMATION SCIENCE,University of Peradeniya,HAMBANTOTA,1.9855,value,8,2,1.9855
COP2324-137,,GEOGRAPHICAL INFORMATION SCIENCE,University of Peradeniya,JAFFNA,1.8235,value,8,2,1.8235
COP2324-137,,GEOGRAPHICAL INFORMATION SCIENCE,University of Peradeniya,KILINOCHCHI,1.8710,value,8,2,1.8710
COP2324-137,,GEOGRAPHICAL INFORMATION SCIENCE,University of Peradeniya,MANNAR,1.8338,value,8,2,1.8338
COP2324-137,,GEOGRAPHICAL INFORMATION SCIENCE,University of Peradeniya,MULLAITIVU,1.8313,value,8,2,1.8313
COP2324-137,,GEOGRAPHICAL INFORMATION SCIENCE,University of Peradeniya,VAVUNIYA,1.8117,value,8,2,1.8117
COP2324-137,,GEOGRAPHICAL INFORMATION SCIENCE,University of Peradeniya,TRINCOMALEE,1.9141,value,8,2,1.9141
COP2324-137,,GEOGRAPHICAL INFORMATION SCIENCE,University of Peradeniya,BATTICALOA,1.8885,value,8,2,1.8885
COP2324-137,,GEOGRAPHICAL INFORMATION SCIENCE,University of Peradeniya,AMPARA,1.8774,value,8,2,1.8774
COP2324-137,,GEOGRAPHICAL INFORMATION SCIENCE,University of Peradeniya,PUTTALAM,1.7282,value,8,2,1.7282
COP2324-137,,GEOGRAPHICAL INFORMATION SCIENCE,University of Peradeniya,KURUNEGALA,1.9504,value,8,2,1.9504
COP2324-137,,GEOGRAPHICAL INFORMATION SCIENCE,University of Peradeniya,ANURADHAPURA,1.8118,value,8,2,1.8118
COP2324-137,,GEOGRAPHICAL INFORMATION SCIENCE,University of Peradeniya,POLONNARUWA,1.8621,value,8,2,1.8621
COP2324-137,,GEOGRAPHICAL INFORMATION SCIENCE,University of Peradeniya,BADULLA,1.8247,value,8,2,1.8247
COP2324-137,,GEOGRAPHICAL INFORMATION SCIENCE,University of Peradeniya,MONARAGALA,1.9601,value,8,2,1.9601
COP2324-137,,GEOGRAPHICAL INFORMATION SCIENCE,University of Peradeniya,KEGALLE,1.8882,value,8,2,1.8882
COP2324-137,,GEOGRAPHICAL INFORMATION SCIENCE,University of Peradeniya,RATNAPURA,1.9288,value,8,2,1.9288
COP2324-138,,INFORMATION AND COMMUNICATION TECHNOLOGY (ICT),Rajarata University of Sri Lanka,COLOMBO,1.2188,value,8,3,1.2188
COP2324-138,,INFORMATION AND COMMUNICATION TECHNOLOGY (ICT),Rajarata University of Sri Lanka,GAMPAHA,1.2204,value,8,3,1.2204
COP2324-138,,INFORMATION AND COMMUNICATION TECHNOLOGY (ICT),Rajarata University of Sri Lanka,KALUTARA,1.2232,value,8,3,1.2232
COP2324-138,,INFORMATION AND COMMUNICATION TECHNOLOGY (ICT),Rajarata University of Sri Lanka,MATALE,1.2235,value,8,3,1.2235
COP2324-138,,INFORMATION AND COMMUNICATION TECHNOLOGY (ICT),Rajarata University of Sri Lanka,KANDY,1.2247,value,8,3,1.2247
COP2324-138,,INFORMATION AND COMMUNICATION TECHNOLOGY (ICT),Rajarata University of Sri Lanka,NUWARA ELIYA,,NQC,8,3,NQC
COP2324-138,,INFORMATION AND COMMUNICATION TECHNOLOGY (ICT),Rajarata University of Sri Lanka,GALLE,1.2284,value,8,3,1.2284
COP2324-138,,INFORMATION AND COMMUNICATION TECHNOLOGY (ICT),Rajarata University of Sri Lanka,MATARA,1.2220,value,8,3,1.2220
COP2324-138,,INFORMATION AND COMMUNICATION TECHNOLOGY (ICT),Rajarata University of Sri Lanka,HAMBANTOTA,1.2394,value,8,3,1.2394
COP2324-138,,INFORMATION AND COMMUNICATION TECHNOLOGY (ICT),Rajarata University of Sri Lanka,JAFFNA,1.2267,value,8,3,1.2267
COP2324-138,,INFORMATION AND COMMUNICATION TECHNOLOGY (ICT),Rajarata University of Sri Lanka,KILINOCHCHI,,NQC,8,3,NQC
COP2324-138,,INFORMATION AND COMMUNICATION TECHNOLOGY (ICT),Rajarata University of Sri Lanka,MANNAR,,NQC,8,3,NQC
COP2324-138,,INFORMATION AND COMMUNICATION TECHNOLOGY (ICT),Rajarata University of Sri Lanka,MULLAITIVU,,NQC,8,3,NQC
COP2324-138,,INFORMATION AND COMMUNICATION TECHNOLOGY (ICT),Rajarata University of Sri Lanka,VAVUNIYA,,NQC,8,3,NQC
COP2324-138,,INFORMATION AND COMMUNICATION TECHNOLOGY (ICT),Rajarata University of Sri Lanka,TRINCOMALEE,,NQC,8,3,NQC
COP2324-138,,INFORMATION AND COMMUNICATION TECHNOLOGY (ICT),Rajarata University of Sri Lanka,BATTICALOA,1.2631,value,8,3,1.2631
COP2324-138,,INFORMATION AND COMMUNICATION TECHNOLOGY (ICT),Rajarata University of Sri Lanka,AMPARA,1.3340,value,8,3,1.3340
COP2324-138,,INFORMATION AND COMMUNICATION TECHNOLOGY (ICT),Rajarata University of Sri Lanka,PUTTALAM,1.3228,value,8,3,1.3228
COP2324-138,,INFORMATION AND COMMUNICATION TECHNOLOGY (ICT),Rajarata University of Sri Lanka,KURUNEGALA,1.2187,value,8,3,1.2187
COP2324-138,,INFORMATION AND COMMUNICATION TECHNOLOGY (ICT),Rajarata University of Sri Lanka,ANURADHAPURA,1.2247,value,8,3,1.2247
COP2324-138,,INFORMATION AND COMMUNICATION TECHNOLOGY (ICT),Rajarata University of Sri Lanka,POLONNARUWA,1.2619,value,8,3,1.2619
COP2324-138,,INFORMATION AND COMMUNICATION TECHNOLOGY (ICT),Rajarata University of Sri Lanka,BADULLA,1.2301,value,8,3,1.2301
COP2324-138,,INFORMATION AND COMMUNICATION TECHNOLOGY (ICT),Rajarata University of Sri Lanka,MONARAGALA,1.2216,value,8,3,1.2216
COP2324-138,,INFORMATION AND COMMUNICATION TECHNOLOGY (ICT),Rajarata University of Sri Lanka,KEGALLE,1.2584,value,8,3,1.2584
COP2324-138,,INFORMATION AND COMMUNICATION TECHNOLOGY (ICT),Rajarata University of Sri Lanka,RATNAPURA,1.2324,value,8,3,1.2324
COP2324-139,,INFORMATION AND COMMUNICATION TECHNOLOGY (ICT),"University of Vavuniya, Sri Lanka",COLOMBO,1.0947,value,8,4,1.0947
COP2324-139,,INFORMATION AND COMMUNICATION TECHNOLOGY (ICT),"University of Vavuniya, Sri Lanka",GAMPAHA,1.1689,value,8,4,1.1689
COP2324-139,,INFORMATION AND COMMUNICATION TECHNOLOGY (ICT),"University of Vavuniya, Sri Lanka",KALUTARA,1.1408,value,8,4,1.1408
COP2324-139,,INFORMATION AND COMMUNICATION TECHNOLOGY (ICT),"University of Vavuniya, Sri Lanka",MATALE,1.2165,value,8,4,1.2165
COP2324-139,,INFORMATION AND COMMUNICATION TECHNOLOGY (ICT),"University of Vavuniya, Sri Lanka",KANDY,1.0200,value,8,4,1.0200
COP2324-139,,INFORMATION AND COMMUNICATION TECHNOLOGY (ICT),"University of Vavuniya, Sri Lanka",NUWARA ELIYA,0.8158,value,8,4,0.8158
COP2324-139,,INFORMATION AND COMMUNICATION TECHNOLOGY (ICT),"University of Vavuniya, Sri Lanka",GALLE,1.1797,value,8,4,1.1797
COP2324-139,,INFORMATION AND COMMUNICATION TECHNOLOGY (ICT),"University of Vavuniya, Sri Lanka",MATARA,1.1787,value,8,4,1.1787
COP2324-139,,INFORMATION AND COMMUNICATION TECHNOLOGY (ICT),"University of Vavuniya, Sri Lanka",HAMBANTOTA,1.0845,value,8,4,1.0845
COP2324-139,,INFORMATION AND COMMUNICATION TECHNOLOGY (ICT),"University of Vavuniya, Sri Lanka",JAFFNA,1.1896,value,8,4,1.1896
COP2324-139,,INFORMATION AND COMMUNICATION TECHNOLOGY (ICT),"University of Vavuniya, Sri Lanka",KILINOCHCHI,0.7959,value,8,4,0.7959
COP2324-139,,INFORMATION AND COMMUNICATION TECHNOLOGY (ICT),"University of Vavuniya, Sri Lanka",MANNAR,0.7614,value,8,4,0.7614
COP2324-139,,INFORMATION AND COMMUNICATION TECHNOLOGY (ICT),"University of Vavuniya, Sri Lanka",MULLAITIVU,0.1812,value,8,4,0.1812
COP2324-139,,INFORMATION AND COMMUNICATION TECHNOLOGY (ICT),"University of Vavuniya, Sri Lanka",VAVUNIYA,0.8413,value,8,4,0.8413
COP2324-139,,INFORMATION AND COMMUNICATION TECHNOLOGY (ICT),"University of Vavuniya, Sri Lanka",TRINCOMALEE,0.9762,value,8,4,0.9762
COP2324-139,,INFORMATION AND COMMUNICATION TECHNOLOGY (ICT),"University of Vavuniya, Sri Lanka",BATTICALOA,1.0181,value,8,4,1.0181
COP2324-139,,INFORMATION AND COMMUNICATION TECHNOLOGY (ICT),"University of Vavuniya, Sri Lanka",AMPARA,1.0566,value,8,4,1.0566
COP2324-139,,INFORMATION AND COMMUNICATION TECHNOLOGY (ICT),"University of Vavuniya, Sri Lanka",PUTTALAM,0.9048,value,8,4,0.9048
COP2324-139,,INFORMATION AND COMMUNICATION TECHNOLOGY (ICT),"University of Vavuniya, Sri Lanka",KURUNEGALA,1.1510,value,8,4,1.1510
COP2324-139,,INFORMATION AND COMMUNICATION TECHNOLOGY (ICT),"University of Vavuniya, Sri Lanka",ANURADHAPURA,1.1403,value,8,4,1.1403
COP2324-139,,INFORMATION AND COMMUNICATION TECHNOLOGY (ICT),"University of Vavuniya, Sri Lanka",POLONNARUWA,0.9697,value,8,4,0.9697
COP2324-139,,INFORMATION AND COMMUNICATION TECHNOLOGY (ICT),"University of Vavuniya, Sri Lanka",BADULLA,1.0100,value,8,4,1.0100
COP2324-139,,INFORMATION AND COMMUNICATION TECHNOLOGY (ICT),"University of Vavuniya, Sri Lanka",MONARAGALA,1.1613,value,8,4,1.1613
COP2324-139,,INFORMATION AND COMMUNICATION TECHNOLOGY (ICT),"University of Vavuniya, Sri Lanka",KEGALLE,1.1283,value,8,4,1.1283
COP2324-139,,INFORMATION AND COMMUNICATION TECHNOLOGY (ICT),"University of Vavuniya, Sri Lanka",RATNAPURA,1.0919,value,8,4,1.0919
COP2324-140,,INFORMATION SYSTEMS,University of Colombo School of Computing,COLOMBO,1.6786,value,8,5,1.6786
COP2324-140,,INFORMATION SYSTEMS,University of Colombo School of Computing,GAMPAHA,1.7001,value,8,5,1.7001
COP2324-140,,INFORMATION SYSTEMS,University of Colombo School of Computing,KALUTARA,1.7935,value,8,5,1.7935
COP2324-140,,INFORMATION SYSTEMS,University of Colombo School of Computing,MATALE,1.8254,value,8,5,1.8254
COP2324-140,,INFORMATION SYSTEMS,University of Colombo School of Computing,KANDY,1.8333,value,8,5,1.8333
COP2324-140,,INFORMATION SYSTEMS,University of Colombo School of Computing,NUWARA ELIYA,,NQC,8,5,NQC
COP2324-140,,INFORMATION SYSTEMS,University of Colombo School of Computing,GALLE,1.7055,value,8,5,1.7055
COP2324-140,,INFORMATION SYSTEMS,University of Colombo School of Computing,MATARA,1.6920,value,8,5,1.6920
COP2324-140,,INFORMATION SYSTEMS,University of Colombo School of Computing,HAMBANTOTA,1.6935,value,8,5,1.6935
COP2324-140,,INFORMATION SYSTEMS,University of Colombo School of Computing,JAFFNA,1.8874,value,8,5,1.8874
COP2324-140,,INFORMATION SYSTEMS,University of Colombo School of Computing,KILINOCHCHI,,NQC,8,5,NQC
COP2324-140,,INFORMATION SYSTEMS,University of Colombo School of Computing,MANNAR,,NQC,8,5,NQC
COP2324-140,,INFORMATION SYSTEMS,University of Colombo School of Computing,MULLAITIVU,,NQC,8,5,NQC
COP2324-140,,INFORMATION SYSTEMS,University of Colombo School of Computing,VAVUNIYA,,NQC,8,5,NQC
COP2324-140,,INFORMATION SYSTEMS,University of Colombo School of Computing,TRINCOMALEE,,NQC,8,5,NQC
COP2324-140,,INFORMATION SYSTEMS,University of Colombo School of Computing,BATTICALOA,1.7066,value,8,5,1.7066
COP2324-140,,INFORMATION SYSTEMS,University of Colombo School of Computing,AMPARA,1.6793,value,8,5,1.6793
COP2324-140,,INFORMATION SYSTEMS,University of Colombo School of Computing,PUTTALAM,,NQC,8,5,NQC
COP2324-140,,INFORMATION SYSTEMS,University of Colombo School of Computing,KURUNEGALA,1.7116,value,8,5,1.7116
COP2324-140,,INFORMATION SYSTEMS,University of Colombo School of Computing,ANURADHAPURA,1.6808,value,8,5,1.6808
COP2324-140,,INFORMATION SYSTEMS,University of Colombo School of Computing,POLONNARUWA,,NQC,8,5,NQC
COP2324-140,,INFORMATION SYSTEMS,University of Colombo School of Computing,BADULLA,1.9490,value,8,5,1.9490
COP2324-140,,INFORMATION SYSTEMS,University of Colombo School of Computing,MONARAGALA,2.7160,value,8,5,2.7160
COP2324-140,,INFORMATION SYSTEMS,University of Colombo School of Computing,KEGALLE,1.7485,value,8,5,1.7485
COP2324-140,,INFORMATION SYSTEMS,University of Colombo School of Computing,RATNAPURA,1.6887,value,8,5,1.6887
COP2324-141,,INFORMATION SYSTEMS,University of Sri Jayewardenepura,COLOMBO,1.6527,value,8,6,1.6527
COP2324-141,,INFORMATION SYSTEMS,University of Sri Jayewardenepura,GAMPAHA,1.6714,value,8,6,1.6714
COP2324-141,,INFORMATION SYSTEMS,University of Sri Jayewardenepura,KALUTARA,1.6691,value,8,6,1.6691
COP2324-141,,INFORMATION SYSTEMS,University of Sri Jayewardenepura,MATALE,1.7496,value,8,6,1.7496
COP2324-141,,INFORMATION SYSTEMS,University of Sri Jayewardenepura,KANDY,1.6686,value,8,6,1.6686
COP2324-141,,INFORMATION SYSTEMS,University of Sri Jayewardenepura,NUWARA ELIYA,,NQC,8,6,NQC
COP2324-141,,INFORMATION SYSTEMS,University of Sri Jayewardenepura,GALLE,1.6549,value,8,6,1.6549
COP2324-141,,INFORMATION SYSTEMS,University of Sri Jayewardenepura,MATARA,,NQC,8,6,NQC
COP2324-141,,INFORMATION SYSTEMS,University of Sri Jayewardenepura,HAMBANTOTA,,NQC,8,6,NQC
COP2324-141,,INFORMATION SYSTEMS,University of Sri Jayewardenepura,JAFFNA,1.6730,value,8,6,1.6730
COP2324-141,,INFORMATION SYSTEMS,University of Sri Jayewardenepura,KILINOCHCHI,,NQC,8,6,NQC
COP2324-141,,INFORMATION SYSTEMS,University of Sri Jayewardenepura,MANNAR,,NQC,8,6,NQC
COP2324-141,,INFORMATION SYSTEMS,University of Sri Jayewardenepura,MULLAITIVU,,NQC,8,6,NQC
COP2324-141,,INFORMATION SYSTEMS,University of Sri Jayewardenepura,VAVUNIYA,,NQC,8,6,NQC
COP2324-141,,INFORMATION SYSTEMS,University of Sri Jayewardenepura,TRINCOMALEE,,NQC,8,6,NQC
COP2324-141,,INFORMATION SYSTEMS,University of Sri Jayewardenepura,BATTICALOA,,NQC,8,6,NQC
COP2324-141,,INFORMATION SYSTEMS,University of Sri Jayewardenepura,AMPARA,1.7642,value,8,6,1.7642
COP2324-141,,INFORMATION SYSTEMS,University of Sri Jayewardenepura,PUTTALAM,1.7225,value,8,6,1.7225
COP2324-141,,INFORMATION SYSTEMS,University of Sri Jayewardenepura,KURUNEGALA,1.6527,value,8,6,1.6527
COP2324-141,,INFORMATION SYSTEMS,University of Sri Jayewardenepura,ANURADHAPURA,2.0801,value,8,6,2.0801
COP2324-141,,INFORMATION SYSTEMS,University of Sri Jayewardenepura,POLONNARUWA,,NQC,8,6,NQC
COP2324-141,,INFORMATION SYSTEMS,University of Sri Jayewardenepura,BADULLA,,NQC,8,6,NQC
COP2324-141,,INFORMATION SYSTEMS,University of Sri Jayewardenepura,MONARAGALA,,NQC,8,6,NQC
COP2324-141,,INFORMATION SYSTEMS,University of Sri Jayewardenepura,KEGALLE,1.7105,value,8,6,1.7105
COP2324-141,,INFORMATION SYSTEMS,University of Sri Jayewardenepura,RATNAPURA,1.6573,value,8,6,1.6573
COP2324-142,,INFORMATION SYSTEMS,University of Sabaragamuwa,COLOMBO,1.4076,value,8,7,1.4076
COP2324-142,,INFORMATION SYSTEMS,University of Sabaragamuwa,GAMPAHA,1.2411,value,8,7,1.2411
COP2324-142,,INFORMATION SYSTEMS,University of Sabaragamuwa,KALUTARA,1.4654,value,8,7,1.4654
COP2324-142,,INFORMATION SYSTEMS,University of Sabaragamuwa,MATALE,1.2166,value,8,7,1.2166
COP2324-142,,INFORMATION SYSTEMS,University of Sabaragamuwa,KANDY,1.2036,value,8,7,1.2036
COP2324-142,,INFORMATION SYSTEMS,University of Sabaragamuwa,NUWARA ELIYA,0.9123,value,8,7,0.9123
COP2324-142,,INFORMATION SYSTEMS,University of Sabaragamuwa,GALLE,1.4976,value,8,7,1.4976
COP2324-142,,INFORMATION SYSTEMS,University of Sabaragamuwa,MATARA,1.4297,value,8,7,1.4297
COP2324-142,,INFORMATION SYSTEMS,University of Sabaragamuwa,HAMBANTOTA,1.2853,value,8,7,1.2853
COP2324-142,,INFORMATION SYSTEMS,University of Sabaragamuwa,JAFFNA,1.2983,value,8,7,1.2983
COP2324-142,,INFORMATION SYSTEMS,University of Sabaragamuwa,KILINOCHCHI,1.0719,value,8,7,1.0719
COP2324-142,,INFORMATION SYSTEMS,University of Sabaragamuwa,MANNAR,0.7707,value,8,7,0.7707
COP2324-142,,INFORMATION SYSTEMS,University of Sabaragamuwa,MULLAITIVU,1.1320,value,8,7,1.1320
COP2324-142,,INFORMATION SYSTEMS,University of Sabaragamuwa,VAVUNIYA,1.0374,value,8,7,1.0374
COP2324-142,,INFORMATION SYSTEMS,University of Sabaragamuwa,TRINCOMALEE,1.0597,value,8,7,1.0597
COP2324-142,,INFORMATION SYSTEMS,University of Sabaragamuwa,BATTICALOA,1.0822,value,8,7,1.0822
COP2324-142,,INFORMATION SYSTEMS,University of Sabaragamuwa,AMPARA,1.2317,value,8,7,1.2317
COP2324-142,,INFORMATION SYSTEMS,University of Sabaragamuwa,PUTTALAM,1.1171,value,8,7,1.1171
COP2324-142,,INFORMATION SYSTEMS,University of Sabaragamuwa,KURUNEGALA,1.2651,value,8,7,1.2651
COP2324-142,,INFORMATION SYSTEMS,University of Sabaragamuwa,ANURADHAPURA,1.2560,value,8,7,1.2560
COP2324-142,,INFORMATION SYSTEMS,University of Sabaragamuwa,POLONNARUWA,1.1761,value,8,7,1.1761
COP2324-142,,INFORMATION SYSTEMS,University of Sabaragamuwa,BADULLA,1.1196,value,8,7,1.1196
COP2324-142,,INFORMATION SYSTEMS,University of Sabaragamuwa,MONARAGALA,1.3324,value,8,7,1.3324
COP2324-142,,INFORMATION SYSTEMS,University of Sabaragamuwa,KEGALLE,1.2080,value,8,7,1.2080
COP2324-142,,INFORMATION SYSTEMS,University of Sabaragamuwa,RATNAPURA,1.2360,value,8,7,1.2360
COP2324-143,,SOFTWARE ENGINEERING,University of Sri Jayewardenepura,COLOMBO,1.5399,value,8,8,1.5399
COP2324-143,,SOFTWARE ENGINEERING,University of Sri Jayewardenepura,GAMPAHA,1.5474,value,8,8,1.5474
COP2324-143,,SOFTWARE ENGINEERING,University of Sri Jayewardenepura,KALUTARA,1.5413,value,8,8,1.5413
COP2324-143,,SOFTWARE ENGINEERING,University of Sri Jayewardenepura,MATALE,,NQC,8,8,NQC
COP2324-143,,SOFTWARE ENGINEERING,University of Sri Jayewardenepura,KANDY,,NQC,8,8,NQC
COP2324-143,,SOFTWARE ENGINEERING,University of Sri Jayewardenepura,NUWARA ELIYA,,NQC,8,8,NQC
COP2324-143,,SOFTWARE ENGINEERING,University of Sri Jayewardenepura,GALLE,1.5472,value,8,8,1.5472
COP2324-143,,SOFTWARE ENGINEERING,University of Sri Jayewardenepura,MATARA,1.5385,value,8,8,1.5385
COP2324-143,,SOFTWARE ENGINEERING,University of Sri Jayewardenepura,HAMBANTOTA,1.5642,value,8,8,1.5642
COP2324-143,,SOFTWARE ENGINEERING,University of Sri Jayewardenepura,JAFFNA,1.5450,value,8,8,1.5450
COP2324-143,,SOFTWARE ENGINEERING,University of Sri Jayewardenepura,KILINOCHCHI,,NQC,8,8,NQC
COP2324-143,,SOFTWARE ENGINEERING,University of Sri Jayewardenepura,MANNAR,,NQC,8,8,NQC
COP2324-143,,SOFTWARE ENGINEERING,University of Sri Jayewardenepura,MULLAITIVU,,NQC,8,8,NQC
COP2324-143,,SOFTWARE ENGINEERING,University of Sri Jayewardenepura,VAVUNIYA,,NQC,8,8,NQC
COP2324-143,,SOFTWARE ENGINEERING,University of Sri Jayewardenepura,TRINCOMALEE,,NQC,8,8,NQC
COP2324-143,,SOFTWARE ENGINEERING,University of Sri Jayewardenepura,BATTICALOA,,NQC,8,8,NQC
COP2324-143,,SOFTWARE ENGINEERING,University of Sri Jayewardenepura,AMPARA,,NQC,8,8,NQC
COP2324-143,,SOFTWARE ENGINEERING,University of Sri Jayewardenepura,PUTTALAM,,NQC,8,8,NQC
COP2324-143,,SOFTWARE ENGINEERING,University of Sri Jayewardenepura,KURUNEGALA,1.5378,value,8,8,1.5378
COP2324-143,,SOFTWARE ENGINEERING,University of Sri Jayewardenepura,ANURADHAPURA,,NQC,8,8,NQC
COP2324-143,,SOFTWARE ENGINEERING,University of Sri Jayewardenepura,POLONNARUWA,,NQC,8,8,NQC
COP2324-143,,SOFTWARE ENGINEERING,University of Sri Jayewardenepura,BADULLA,1.5580,value,8,8,1.5580
COP2324-143,,SOFTWARE ENGINEERING,University of Sri Jayewardenepura,MONARAGALA,,NQC,8,8,NQC
COP2324-143,,SOFTWARE ENGINEERING,University of Sri Jayewardenepura,KEGALLE,1.5382,value,8,8,1.5382
COP2324-143,,SOFTWARE ENGINEERING,University of Sri Jayewardenepura,RATNAPURA,,NQC,8,8,NQC
COP2324-144,,SOFTWARE ENGINEERING,University of Kelaniya,COLOMBO,1.5643,value,8,9,1.5643
COP2324-144,,SOFTWARE ENGINEERING,University of Kelaniya,GAMPAHA,1.5647,value,8,9,1.5647
COP2324-144,,SOFTWARE ENGINEERING,University of Kelaniya,KALUTARA,1.5649,value,8,9,1.5649
COP2324-144,,SOFTWARE ENGINEERING,University of Kelaniya,MATALE,,NQC,8,9,NQC
COP2324-144,,SOFTWARE ENGINEERING,University of Kelaniya,KANDY,,NQC,8,9,NQC
COP2324-144,,SOFTWARE ENGINEERING,University of Kelaniya,NUWARA ELIYA,,NQC,8,9,NQC
COP2324-144,,SOFTWARE ENGINEERING,University of Kelaniya,GALLE,1.5658,value,8,9,1.5658
COP2324-144,,SOFTWARE ENGINEERING,University of Kelaniya,MATARA,1.5659,value,8,9,1.5659
COP2324-144,,SOFTWARE ENGINEERING,University of Kelaniya,HAMBANTOTA,1.5670,value,8,9,1.5670
COP2324-144,,SOFTWARE ENGINEERING,University of Kelaniya,JAFFNA,1.6254,value,8,9,1.6254
COP2324-144,,SOFTWARE ENGINEERING,University of Kelaniya,KILINOCHCHI,,NQC,8,9,NQC
COP2324-144,,SOFTWARE ENGINEERING,University of Kelaniya,MANNAR,,NQC,8,9,NQC
COP2324-144,,SOFTWARE ENGINEERING,University of Kelaniya,MULLAITIVU,,NQC,8,9,NQC
COP2324-144,,SOFTWARE ENGINEERING,University of Kelaniya,VAVUNIYA,,NQC,8,9,NQC
COP2324-144,,SOFTWARE ENGINEERING,University of Kelaniya,TRINCOMALEE,,NQC,8,9,NQC
COP2324-144,,SOFTWARE ENGINEERING,University of Kelaniya,BATTICALOA,,NQC,8,9,NQC
COP2324-144,,SOFTWARE ENGINEERING,University of Kelaniya,AMPARA,,NQC,8,9,NQC
COP2324-144,,SOFTWARE ENGINEERING,University of Kelaniya,PUTTALAM,,NQC,8,9,NQC
COP2324-144,,SOFTWARE ENGINEERING,University of Kelaniya,KURUNEGALA,1.5742,value,8,9,1.5742
COP2324-144,,SOFTWARE ENGINEERING,University of Kelaniya,ANURADHAPURA,,NQC,8,9,NQC
COP2324-144,,SOFTWARE ENGINEERING,University of Kelaniya,POLONNARUWA,,NQC,8,9,NQC
COP2324-144,,SOFTWARE ENGINEERING,University of Kelaniya,BADULLA,1.5768,value,8,9,1.5768
COP2324-144,,SOFTWARE ENGINEERING,University of Kelaniya,MONARAGALA,,NQC,8,9,NQC
COP2324-144,,SOFTWARE ENGINEERING,University of Kelaniya,KEGALLE,1.5760,value,8,9,1.5760
COP2324-144,,SOFTWARE ENGINEERING,University of Kelaniya,RATNAPURA,,NQC,8,9,NQC
COP2324-145,,SOFTWARE ENGINEERING,Sabaragamuwa University of Sri Lanka,COLOMBO,1.4540,value,8,10,1.4540
COP2324-145,,SOFTWARE ENGINEERING,Sabaragamuwa University of Sri Lanka,GAMPAHA,1.4139,value,8,10,1.4139
COP2324-145,,SOFTWARE ENGINEERING,Sabaragamuwa University of Sri Lanka,KALUTARA,,NQC,8,10,NQC
COP2324-145,,SOFTWARE ENGINEERING,Sabaragamuwa University of Sri Lanka,MATALE,1.0970,value,8,10,1.0970
COP2324-145,,SOFTWARE ENGINEERING,Sabaragamuwa University of Sri Lanka,KANDY,1.3366,value,8,10,1.3366
COP2324-145,,SOFTWARE ENGINEERING,Sabaragamuwa University of Sri Lanka,NUWARA ELIYA,0.7372,value,8,10,0.7372
COP2324-145,,SOFTWARE ENGINEERING,Sabaragamuwa University of Sri Lanka,GALLE,1.4509,value,8,10,1.4509
COP2324-145,,SOFTWARE ENGINEERING,Sabaragamuwa University of Sri Lanka,MATARA,1.5158,value,8,10,1.5158
COP2324-145,,SOFTWARE ENGINEERING,Sabaragamuwa University of Sri Lanka,HAMBANTOTA,1.4490,value,8,10,1.4490
COP2324-145,,SOFTWARE ENGINEERING,Sabaragamuwa University of Sri Lanka,JAFFNA,,NQC,8,10,NQC
COP2324-145,,SOFTWARE ENGINEERING,Sabaragamuwa University of Sri Lanka,KILINOCHCHI,1.2771,value,8,10,1.2771
COP2324-145,,SOFTWARE ENGINEERING,Sabaragamuwa University of Sri Lanka,MANNAR,0.6446,value,8,10,0.6446
COP2324-145,,SOFTWARE ENGINEERING,Sabaragamuwa University of Sri Lanka,MULLAITIVU,0.7086,value,8,10,0.7086
COP2324-145,,SOFTWARE ENGINEERING,Sabaragamuwa University of Sri Lanka,VAVUNIYA,1.0438,value,8,10,1.0438
COP2324-145,,SOFTWARE ENGINEERING,Sabaragamuwa University of Sri Lanka,TRINCOMALEE,1.1048,value,8,10,1.1048
COP2324-145,,SOFTWARE ENGINEERING,Sabaragamuwa University of Sri Lanka,BATTICALOA,1.2406,value,8,10,1.2406
COP2324-145,,SOFTWARE ENGINEERING,Sabaragamuwa University of Sri Lanka,AMPARA,1.2965,value,8,10,1.2965
COP2324-145,,SOFTWARE ENGINEERING,Sabaragamuwa University of Sri Lanka,PUTTALAM,1.0245,value,8,10,1.0245
COP2324-145,,SOFTWARE ENGINEERING,Sabaragamuwa University of Sri Lanka,KURUNEGALA,1.4424,value,8,10,1.4424
COP2324-145,,SOFTWARE ENGINEERING,Sabaragamuwa University of Sri Lanka,ANURADHAPURA,1.1801,value,8,10,1.1801
COP2324-145,,SOFTWARE ENGINEERING,Sabaragamuwa University of Sri Lanka,POLONNARUWA,0.7902,value,8,10,0.7902
COP2324-145,,SOFTWARE ENGINEERING,Sabaragamuwa University of Sri Lanka,BADULLA,1.4210,value,8,10,1.4210
COP2324-145,,SOFTWARE ENGINEERING,Sabaragamuwa University of Sri Lanka,MONARAGALA,1.0750,value,8,10,1.0750
COP2324-145,,SOFTWARE ENGINEERING,Sabaragamuwa University of Sri Lanka,KEGALLE,1.5052,value,8,10,1.5052
COP2324-145,,SOFTWARE ENGINEERING,Sabaragamuwa University of Sri Lanka,RATNAPURA,1.3819,value,8,10,1.3819
COP2324-146,,AYURVEDIC MEDICINE & SURGERY,University of Colombo,COLOMBO,1.1730,value,8,11,1.1730
COP2324-146,,AYURVEDIC MEDICINE & SURGERY,University of Colombo,GAMPAHA,1.2060,value,8,11,1.2060
COP2324-146,,AYURVEDIC MEDICINE & SURGERY,University of Colombo,KALUTARA,1.1882,value,8,11,1.1882
COP2324-146,,AYURVEDIC MEDICINE & SURGERY,University of Colombo,MATALE,1.2039,value,8,11,1.2039
COP2324-146,,AYURVEDIC MEDICINE & SURGERY,University of Colombo,KANDY,1.1972,value,8,11,1.1972
COP2324-146,,AYURVEDIC MEDICINE & SURGERY,University of Colombo,NUWARA ELIYA,1.3019,value,8,11,1.3019
COP2324-146,,AYURVEDIC MEDICINE & SURGERY,University of Colombo,GALLE,1.1761,value,8,11,1.1761
COP2324-146,,AYURVEDIC MEDICINE & SURGERY,University of Colombo,MATARA,1.1914,value,8,11,1.1914
COP2324-146,,AYURVEDIC MEDICINE & SURGERY,University of Colombo,HAMBANTOTA,1.1735,value,8,11,1.1735
COP2324-146,,AYURVEDIC MEDICINE & SURGERY,University of Colombo,JAFFNA,1.1958,value,8,11,1.1958
COP2324-146,,AYURVEDIC MEDICINE & SURGERY,University of Colombo,KILINOCHCHI,1.2092,value,8,11,1.2092
COP2324-146,,AYURVEDIC MEDICINE & SURGERY,University of Colombo,MANNAR,1.1933,value,8,11,1.1933
COP2324-146,,AYURVEDIC MEDICINE & SURGERY,University of Colombo,MULLAITIVU,,NQC,8,11,NQC
COP2324-146,,AYURVEDIC MEDICINE & SURGERY,University of Colombo,VAVUNIYA,1.4037,value,8,11,1.4037
COP2324-146,,AYURVEDIC MEDICINE & SURGERY,University of Colombo,TRINCOMALEE,1.2548,value,8,11,1.2548
COP2324-146,,AYURVEDIC MEDICINE & SURGERY,University of Colombo,BATTICALOA,1.2770,value,8,11,1.2770
COP2324-146,,AYURVEDIC MEDICINE & SURGERY,University of Colombo,AMPARA,1.1759,value,8,11,1.1759
COP2324-146,,AYURVEDIC MEDICINE & SURGERY,University of Colombo,PUTTALAM,1.1845,value,8,11,1.1845
COP2324-146,,AYURVEDIC MEDICINE & SURGERY,University of Colombo,KURUNEGALA,1.1812,value,8,11,1.1812
COP2324-146,,AYURVEDIC MEDICINE & SURGERY,University of Colombo,ANURADHAPURA,1.1943,value,8,11,1.1943
COP2324-146,,AYURVEDIC MEDICINE & SURGERY,University of Colombo,POLONNARUWA,,NQC,8,11,NQC
COP2324-146,,AYURVEDIC MEDICINE & SURGERY,University of Colombo,BADULLA,1.1730,value,8,11,1.1730
COP2324-146,,AYURVEDIC MEDICINE & SURGERY,University of Colombo,MONARAGALA,1.1980,value,8,11,1.1980
COP2324-146,,AYURVEDIC MEDICINE & SURGERY,University of Colombo,KEGALLE,1.2070,value,8,11,1.2070
COP2324-146,,AYURVEDIC MEDICINE & SURGERY,University of Colombo,RATNAPURA,1.1731,value,8,11,1.1731
COP2324-147,,AYURVEDIC MEDICINE & SURGERY,"The Gampaha Wickramarachchi University of Indigenous Medicine, Sri Lanka",COLOMBO,0.9915,value,8,12,0.9915
COP2324-147,,AYURVEDIC MEDICINE & SURGERY,"The Gampaha Wickramarachchi University of Indigenous Medicine, Sri Lanka",GAMPAHA,0.8918,value,8,12,0.8918
COP2324-147,,AYURVEDIC MEDICINE & SURGERY,"The Gampaha Wickramarachchi University of Indigenous Medicine, Sri Lanka",KALUTARA,1.0750,value,8,12,1.0750
COP2324-147,,AYURVEDIC MEDICINE & SURGERY,"The Gampaha Wickramarachchi University of Indigenous Medicine, Sri Lanka",MATALE,0.9906,value,8,12,0.9906
COP2324-147,,AYURVEDIC MEDICINE & SURGERY,"The Gampaha Wickramarachchi University of Indigenous Medicine, Sri Lanka",KANDY,0.9668,value,8,12,0.9668
COP2324-147,,AYURVEDIC MEDICINE & SURGERY,"The Gampaha Wickramarachchi University of Indigenous Medicine, Sri Lanka",NUWARA ELIYA,0.8347,value,8,12,0.8347
COP2324-147,,AYURVEDIC MEDICINE & SURGERY,"The Gampaha Wickramarachchi University of Indigenous Medicine, Sri Lanka",GALLE,1.3345,value,8,12,1.3345
COP2324-147,,AYURVEDIC MEDICINE & SURGERY,"The Gampaha Wickramarachchi University of Indigenous Medicine, Sri Lanka",MATARA,1.1437,value,8,12,1.1437
COP2324-147,,AYURVEDIC MEDICINE & SURGERY,"The Gampaha Wickramarachchi University of Indigenous Medicine, Sri Lanka",HAMBANTOTA,1.1695,value,8,12,1.1695
COP2324-147,,AYURVEDIC MEDICINE & SURGERY,"The Gampaha Wickramarachchi University of Indigenous Medicine, Sri Lanka",JAFFNA,0.9073,value,8,12,0.9073
COP2324-147,,AYURVEDIC MEDICINE & SURGERY,"The Gampaha Wickramarachchi University of Indigenous Medicine, Sri Lanka",KILINOCHCHI,1.0619,value,8,12,1.0619
COP2324-147,,AYURVEDIC MEDICINE & SURGERY,"The Gampaha Wickramarachchi University of Indigenous Medicine, Sri Lanka",MANNAR,,NQC,8,12,NQC
COP2324-147,,AYURVEDIC MEDICINE & SURGERY,"The Gampaha Wickramarachchi University of Indigenous Medicine, Sri Lanka",MULLAITIVU,1.1342,value,8,12,1.1342
COP2324-147,,AYURVEDIC MEDICINE & SURGERY,"The Gampaha Wickramarachchi University of Indigenous Medicine, Sri Lanka",VAVUNIYA,0.7240,value,8,12,0.7240
COP2324-147,,AYURVEDIC MEDICINE & SURGERY,"The Gampaha Wickramarachchi University of Indigenous Medicine, Sri Lanka",TRINCOMALEE,1.0389,value,8,12,1.0389
COP2324-147,,AYURVEDIC MEDICINE & SURGERY,"The Gampaha Wickramarachchi University of Indigenous Medicine, Sri Lanka",BATTICALOA,1.0471,value,8,12,1.0471
COP2324-147,,AYURVEDIC MEDICINE & SURGERY,"The Gampaha Wickramarachchi University of Indigenous Medicine, Sri Lanka",AMPARA,1.1280,value,8,12,1.1280
COP2324-147,,AYURVEDIC MEDICINE & SURGERY,"The Gampaha Wickramarachchi University of Indigenous Medicine, Sri Lanka",PUTTALAM,1.0472,value,8,12,1.0472
COP2324-147,,AYURVEDIC MEDICINE & SURGERY,"The Gampaha Wickramarachchi University of Indigenous Medicine, Sri Lanka",KURUNEGALA,1.0760,value,8,12,1.0760
COP2324-147,,AYURVEDIC MEDICINE & SURGERY,"The Gampaha Wickramarachchi University of Indigenous Medicine, Sri Lanka",ANURADHAPURA,0.9739,value,8,12,0.9739
COP2324-147,,AYURVEDIC MEDICINE & SURGERY,"The Gampaha Wickramarachchi University of Indigenous Medicine, Sri Lanka",POLONNARUWA,0.8651,value,8,12,0.8651
COP2324-147,,AYURVEDIC MEDICINE & SURGERY,"The Gampaha Wickramarachchi University of Indigenous Medicine, Sri Lanka",BADULLA,1.0161,value,8,12,1.0161
COP2324-147,,AYURVEDIC MEDICINE & SURGERY,"The Gampaha Wickramarachchi University of Indigenous Medicine, Sri Lanka",MONARAGALA,1.0089,value,8,12,1.0089
COP2324-147,,AYURVEDIC MEDICINE & SURGERY,"The Gampaha Wickramarachchi University of Indigenous Medicine, Sri Lanka",KEGALLE,1.0286,value,8,12,1.0286
COP2324-147,,AYURVEDIC MEDICINE & SURGERY,"The Gampaha Wickramarachchi University of Indigenous Medicine, Sri Lanka",RATNAPURA,1.0611,value,8,12,1.0611
COP2324-148,,UNANI MEDICINE & SURGERY,University of Colombo,COLOMBO,0.9558,value,8,13,0.9558
COP2324-148,,UNANI MEDICINE & SURGERY,University of Colombo,GAMPAHA,0.8476,value,8,13,0.8476
COP2324-148,,UNANI MEDICINE & SURGERY,University of Colombo,KALUTARA,1.0667,value,8,13,1.0667
COP2324-148,,UNANI MEDICINE & SURGERY,University of Colombo,MATALE,0.9511,value,8,13,0.9511
COP2324-148,,UNANI MEDICINE & SURGERY,University of Colombo,KANDY,0.9099,value,8,13,0.9099
COP2324-148,,UNANI MEDICINE & SURGERY,University of Colombo,NUWARA ELIYA,0.8790,value,8,13,0.8790
COP2324-148,,UNANI MEDICINE & SURGERY,University of Colombo,GALLE,1.0044,value,8,13,1.0044
COP2324-148,,UNANI MEDICINE & SURGERY,University of Colombo,MATARA,1.0383,value,8,13,1.0383
COP2324-148,,UNANI MEDICINE & SURGERY,University of Colombo,HAMBANTOTA,0.9411,value,8,13,0.9411
COP2324-148,,UNANI MEDICINE & SURGERY,University of Colombo,JAFFNA,0.8929,value,8,13,0.8929
COP2324-148,,UNANI MEDICINE & SURGERY,University of Colombo,KILINOCHCHI,0.7347,value,8,13,0.7347
COP2324-148,,UNANI MEDICINE & SURGERY,University of Colombo,MANNAR,0.9763,value,8,13,0.9763
COP2324-148,,UNANI MEDICINE & SURGERY,University of Colombo,MULLAITIVU,0.4243,value,8,13,0.4243
COP2324-148,,UNANI MEDICINE & SURGERY,University of Colombo,VAVUNIYA,0.8950,value,8,13,0.8950
COP2324-148,,UNANI MEDICINE & SURGERY,University of Colombo,TRINCOMALEE,1.1213,value,8,13,1.1213
COP2324-148,,UNANI MEDICINE & SURGERY,University of Colombo,BATTICALOA,1.1163,value,8,13,1.1163
COP2324-148,,UNANI MEDICINE & SURGERY,University of Colombo,AMPARA,1.2211,value,8,13,1.2211
COP2324-148,,UNANI MEDICINE & SURGERY,University of Colombo,PUTTALAM,1.2256,value,8,13,1.2256
COP2324-148,,UNANI MEDICINE & SURGERY,University of Colombo,KURUNEGALA,1.0962,value,8,13,1.0962
COP2324-148,,UNANI MEDICINE & SURGERY,University of Colombo,ANURADHAPURA,1.0454,value,8,13,1.0454
COP2324-148,,UNANI MEDICINE & SURGERY,University of Colombo,POLONNARUWA,0.9426,value,8,13,0.9426
COP2324-148,,UNANI MEDICINE & SURGERY,University of Colombo,BADULLA,0.8809,value,8,13,0.8809
COP2324-148,,UNANI MEDICINE & SURGERY,University of Colombo,MONARAGALA,0.8989,value,8,13,0.8989
COP2324-148,,UNANI MEDICINE & SURGERY,University of Colombo,KEGALLE,1.0291,value,8,13,1.0291
COP2324-148,,UNANI MEDICINE & SURGERY,University of Colombo,RATNAPURA,0.7410,value,8,13,0.7410
COP2324-149,,SIDDHA MEDICINE & SURGERY,University of Jaffna,COLOMBO,0.3809,value,8,14,0.3809
COP2324-149,,SIDDHA MEDICINE & SURGERY,University of Jaffna,GAMPAHA,0.0957,value,8,14,0.0957
COP2324-149,,SIDDHA MEDICINE & SURGERY,University of Jaffna,KALUTARA,1.0475,value,8,14,1.0475
COP2324-149,,SIDDHA MEDICINE & SURGERY,University of Jaffna,MATALE,0.5425,value,8,14,0.5425
COP2324-149,,SIDDHA MEDICINE & SURGERY,University of Jaffna,KANDY,0.6488,value,8,14,0.6488
COP2324-149,,SIDDHA MEDICINE & SURGERY,University of Jaffna,NUWARA ELIYA,0.5273,value,8,14,0.5273
COP2324-149,,SIDDHA MEDICINE & SURGERY,University of Jaffna,GALLE,,NQC,8,14,NQC
COP2324-149,,SIDDHA MEDICINE & SURGERY,University of Jaffna,MATARA,0.7671,value,8,14,0.7671
COP2324-149,,SIDDHA MEDICINE & SURGERY,University of Jaffna,HAMBANTOTA,,NQC,8,14,NQC
COP2324-149,,SIDDHA MEDICINE & SURGERY,University of Jaffna,JAFFNA,0.7849,value,8,14,0.7849
COP2324-149,,SIDDHA MEDICINE & SURGERY,University of Jaffna,KILINOCHCHI,0.9657,value,8,14,0.9657
COP2324-149,,SIDDHA MEDICINE & SURGERY,University of Jaffna,MANNAR,0.9000,value,8,14,0.9000
COP2324-149,,SIDDHA MEDICINE & SURGERY,University of Jaffna,MULLAITIVU,0.6650,value,8,14,0.6650
COP2324-149,,SIDDHA MEDICINE & SURGERY,University of Jaffna,VAVUNIYA,0.7967,value,8,14,0.7967
COP2324-149,,SIDDHA MEDICINE & SURGERY,University of Jaffna,TRINCOMALEE,0.7673,value,8,14,0.7673
COP2324-149,,SIDDHA MEDICINE & SURGERY,University of Jaffna,BATTICALOA,0.8154,value,8,14,0.8154
COP2324-149,,SIDDHA MEDICINE & SURGERY,University of Jaffna,AMPARA,0.7219,value,8,14,0.7219
COP2324-149,,SIDDHA MEDICINE & SURGERY,University of Jaffna,PUTTALAM,0.3600,value,8,14,0.3600
COP2324-149,,SIDDHA MEDICINE & SURGERY,University of Jaffna,KURUNEGALA,0.6934,value,8,14,0.6934
COP2324-149,,SIDDHA MEDICINE & SURGERY,University of Jaffna,ANURADHAPURA,0.5558,value,8,14,0.5558
COP2324-149,,SIDDHA MEDICINE & SURGERY,University of Jaffna,POLONNARUWA,0.4007,value,8,14,0.4007
COP2324-149,,SIDDHA MEDICINE & SURGERY,University of Jaffna,BADULLA,,NQC,8,14,NQC
COP2324-149,,SIDDHA MEDICINE & SURGERY,University of Jaffna,MONARAGALA,0.5462,value,8,14,0.5462
COP2324-149,,SIDDHA MEDICINE & SURGERY,University of Jaffna,KEGALLE,0.7173,value,8,14,0.7173
COP2324-149,,SIDDHA MEDICINE & SURGERY,University of Jaffna,RATNAPURA,0.4637,value,8,14,0.4637
COP2324-150,,SIDDHA MEDICINE & SURGERY,Eastern University - Trincomalee Campus,COLOMBO,0.6003,value,8,15,0.6003
COP2324-150,,SIDDHA MEDICINE & SURGERY,Eastern University - Trincomalee Campus,GAMPAHA,,NQC,8,15,NQC
COP2324-150,,SIDDHA MEDICINE & SURGERY,Eastern University - Trincomalee Campus,KALUTARA,0.6839,value,8,15,0.6839
COP2324-150,,SIDDHA MEDICINE & SURGERY,Eastern University - Trincomalee Campus,MATALE,0.6598,value,8,15,0.6598
COP2324-150,,SIDDHA MEDICINE & SURGERY,Eastern University - Trincomalee Campus,KANDY,0.6881,value,8,15,0.6881
COP2324-150,,SIDDHA MEDICINE & SURGERY,Eastern University - Trincomalee Campus,NUWARA ELIYA,0.6549,value,8,15,0.6549
COP2324-150,,SIDDHA MEDICINE & SURGERY,Eastern University - Trincomalee Campus,GALLE,0.6500,value,8,15,0.6500
COP2324-150,,SIDDHA MEDICINE & SURGERY,Eastern University - Trincomalee Campus,MATARA,0.5983,value,8,15,0.5983
COP2324-150,,SIDDHA MEDICINE & SURGERY,Eastern University - Trincomalee Campus,HAMBANTOTA,0.6841,value,8,15,0.6841
COP2324-150,,SIDDHA MEDICINE & SURGERY,Eastern University - Trincomalee Campus,JAFFNA,0.8028,value,8,15,0.8028
COP2324-150,,SIDDHA MEDICINE & SURGERY,Eastern University - Trincomalee Campus,KILINOCHCHI,0.8186,value,8,15,0.8186
COP2324-150,,SIDDHA MEDICINE & SURGERY,Eastern University - Trincomalee Campus,MANNAR,0.7419,value,8,15,0.7419
COP2324-150,,SIDDHA MEDICINE & SURGERY,Eastern University - Trincomalee Campus,MULLAITIVU,,NQC,8,15,NQC
COP2324-150,,SIDDHA MEDICINE & SURGERY,Eastern University - Trincomalee Campus,VAVUNIYA,0.8400,value,8,15,0.8400
COP2324-150,,SIDDHA MEDICINE & SURGERY,Eastern University - Trincomalee Campus,TRINCOMALEE,0.8958,value,8,15,0.8958
COP2324-150,,SIDDHA MEDICINE & SURGERY,Eastern University - Trincomalee Campus,BATTICALOA,0.8039,value,8,15,0.8039
COP2324-150,,SIDDHA MEDICINE & SURGERY,Eastern University - Trincomalee Campus,AMPARA,0.8361,value,8,15,0.8361
COP2324-150,,SIDDHA MEDICINE & SURGERY,Eastern University - Trincomalee Campus,PUTTALAM,,NQC,8,15,NQC
COP2324-150,,SIDDHA MEDICINE & SURGERY,Eastern University - Trincomalee Campus,KURUNEGALA,0.6928,value,8,15,0.6928
COP2324-150,,SIDDHA MEDICINE & SURGERY,Eastern University - Trincomalee Campus,ANURADHAPURA,0.6036,value,8,15,0.6036
COP2324-150,,SIDDHA MEDICINE & SURGERY,Eastern University - Trincomalee Campus,POLONNARUWA,0.8502,value,8,15,0.8502
COP2324-150,,SIDDHA MEDICINE & SURGERY,Eastern University - Trincomalee Campus,BADULLA,0.6606,value,8,15,0.6606
COP2324-150,,SIDDHA MEDICINE & SURGERY,Eastern University - Trincomalee Campus,MONARAGALA,0.6055,value,8,15,0.6055
COP2324-150,,SIDDHA MEDICINE & SURGERY,Eastern University - Trincomalee Campus,KEGALLE,0.7238,value,8,15,0.7238
COP2324-150,,SIDDHA MEDICINE & SURGERY,Eastern University - Trincomalee Campus,RATNAPURA,0.6005,value,8,15,0.6005
COP2324-151,,INDIGENOUS MEDICINAL RESOURCES,"The Gampaha Wickramarachchi University of Indigenous Medicine, Sri Lanka",COLOMBO,0.6696,value,8,16,0.6696
COP2324-151,,INDIGENOUS MEDICINAL RESOURCES,"The Gampaha Wickramarachchi University of Indigenous Medicine, Sri Lanka",GAMPAHA,0.5752,value,8,16,0.5752
COP2324-151,,INDIGENOUS MEDICINAL RESOURCES,"The Gampaha Wickramarachchi University of Indigenous Medicine, Sri Lanka",KALUTARA,0.7364,value,8,16,0.7364
COP2324-151,,INDIGENOUS MEDICINAL RESOURCES,"The Gampaha Wickramarachchi University of Indigenous Medicine, Sri Lanka",MATALE,0.6372,value,8,16,0.6372
COP2324-151,,INDIGENOUS MEDICINAL RESOURCES,"The Gampaha Wickramarachchi University of Indigenous Medicine, Sri Lanka",KANDY,0.7095,value,8,16,0.7095
COP2324-151,,INDIGENOUS MEDICINAL RESOURCES,"The Gampaha Wickramarachchi University of Indigenous Medicine, Sri Lanka",NUWARA ELIYA,0.4477,value,8,16,0.4477
COP2324-151,,INDIGENOUS MEDICINAL RESOURCES,"The Gampaha Wickramarachchi University of Indigenous Medicine, Sri Lanka",GALLE,0.7334,value,8,16,0.7334
COP2324-151,,INDIGENOUS MEDICINAL RESOURCES,"The Gampaha Wickramarachchi University of Indigenous Medicine, Sri Lanka",MATARA,0.7166,value,8,16,0.7166
COP2324-151,,INDIGENOUS MEDICINAL RESOURCES,"The Gampaha Wickramarachchi University of Indigenous Medicine, Sri Lanka",HAMBANTOTA,0.7109,value,8,16,0.7109
COP2324-151,,INDIGENOUS MEDICINAL RESOURCES,"The Gampaha Wickramarachchi University of Indigenous Medicine, Sri Lanka",JAFFNA,0.6805,value,8,16,0.6805
COP2324-151,,INDIGENOUS MEDICINAL RESOURCES,"The Gampaha Wickramarachchi University of Indigenous Medicine, Sri Lanka",KILINOCHCHI,0.4630,value,8,16,0.4630
COP2324-151,,INDIGENOUS MEDICINAL RESOURCES,"The Gampaha Wickramarachchi University of Indigenous Medicine, Sri Lanka",MANNAR,0.6660,value,8,16,0.6660
COP2324-151,,INDIGENOUS MEDICINAL RESOURCES,"The Gampaha Wickramarachchi University of Indigenous Medicine, Sri Lanka",MULLAITIVU,0.3350,value,8,16,0.3350
COP2324-151,,INDIGENOUS MEDICINAL RESOURCES,"The Gampaha Wickramarachchi University of Indigenous Medicine, Sri Lanka",VAVUNIYA,0.7177,value,8,16,0.7177
COP2324-151,,INDIGENOUS MEDICINAL RESOURCES,"The Gampaha Wickramarachchi University of Indigenous Medicine, Sri Lanka",TRINCOMALEE,0.6996,value,8,16,0.6996
COP2324-151,,INDIGENOUS MEDICINAL RESOURCES,"The Gampaha Wickramarachchi University of Indigenous Medicine, Sri Lanka",BATTICALOA,0.7693,value,8,16,0.7693
COP2324-151,,INDIGENOUS MEDICINAL RESOURCES,"The Gampaha Wickramarachchi University of Indigenous Medicine, Sri Lanka",AMPARA,0.7045,value,8,16,0.7045
COP2324-151,,INDIGENOUS MEDICINAL RESOURCES,"The Gampaha Wickramarachchi University of Indigenous Medicine, Sri Lanka",PUTTALAM,0.5115,value,8,16,0.5115
COP2324-151,,INDIGENOUS MEDICINAL RESOURCES,"The Gampaha Wickramarachchi University of Indigenous Medicine, Sri Lanka",KURUNEGALA,0.7136,value,8,16,0.7136
COP2324-151,,INDIGENOUS MEDICINAL RESOURCES,"The Gampaha Wickramarachchi University of Indigenous Medicine, Sri Lanka",ANURADHAPURA,0.5797,value,8,16,0.5797
COP2324-151,,INDIGENOUS MEDICINAL RESOURCES,"The Gampaha Wickramarachchi University of Indigenous Medicine, Sri Lanka",POLONNARUWA,0.4881,value,8,16,0.4881
COP2324-151,,INDIGENOUS MEDICINAL RESOURCES,"The Gampaha Wickramarachchi University of Indigenous Medicine, Sri Lanka",BADULLA,0.6993,value,8,16,0.6993
COP2324-151,,INDIGENOUS MEDICINAL RESOURCES,"The Gampaha Wickramarachchi University of Indigenous Medicine, Sri Lanka",MONARAGALA,0.7036,value,8,16,0.7036
COP2324-151,,INDIGENOUS MEDICINAL RESOURCES,"The Gampaha Wickramarachchi University of Indigenous Medicine, Sri Lanka",KEGALLE,0.7163,value,8,16,0.7163
COP2324-151,,INDIGENOUS MEDICINAL RESOURCES,"The Gampaha Wickramarachchi University of Indigenous Medicine, Sri Lanka",RATNAPURA,0.6826,value,8,16,0.6826
COP2324-152,,HEALTH INFORMATION AND COMMUNICATION TECHNOLOGY,"The Gampaha Wickramarachchi University of Indigenous Medicine, Sri Lanka",COLOMBO,1.0387,value,8,17,1.0387
COP2324-152,,HEALTH INFORMATION AND COMMUNICATION TECHNOLOGY,"The Gampaha Wickramarachchi University of Indigenous Medicine, Sri Lanka",GAMPAHA,0.9351,value,8,17,0.9351
COP2324-152,,HEALTH INFORMATION AND COMMUNICATION TECHNOLOGY,"The Gampaha Wickramarachchi University of Indigenous Medicine, Sri Lanka",KALUTARA,1.0680,value,8,17,1.0680
COP2324-152,,HEALTH INFORMATION AND COMMUNICATION TECHNOLOGY,"The Gampaha Wickramarachchi University of Indigenous Medicine, Sri Lanka",MATALE,1.1206,value,8,17,1.1206
COP2324-152,,HEALTH INFORMATION AND COMMUNICATION TECHNOLOGY,"The Gampaha Wickramarachchi University of Indigenous Medicine, Sri Lanka",KANDY,1.0034,value,8,17,1.0034
COP2324-152,,HEALTH INFORMATION AND COMMUNICATION TECHNOLOGY,"The Gampaha Wickramarachchi University of Indigenous Medicine, Sri Lanka",NUWARA ELIYA,0.8957,value,8,17,0.8957
COP2324-152,,HEALTH INFORMATION AND COMMUNICATION TECHNOLOGY,"The Gampaha Wickramarachchi University of Indigenous Medicine, Sri Lanka",GALLE,1.0930,value,8,17,1.0930
COP2324-152,,HEALTH INFORMATION AND COMMUNICATION TECHNOLOGY,"The Gampaha Wickramarachchi University of Indigenous Medicine, Sri Lanka",MATARA,1.1216,value,8,17,1.1216
COP2324-152,,HEALTH INFORMATION AND COMMUNICATION TECHNOLOGY,"The Gampaha Wickramarachchi University of Indigenous Medicine, Sri Lanka",HAMBANTOTA,1.1062,value,8,17,1.1062
COP2324-152,,HEALTH INFORMATION AND COMMUNICATION TECHNOLOGY,"The Gampaha Wickramarachchi University of Indigenous Medicine, Sri Lanka",JAFFNA,0.9984,value,8,17,0.9984
COP2324-152,,HEALTH INFORMATION AND COMMUNICATION TECHNOLOGY,"The Gampaha Wickramarachchi University of Indigenous Medicine, Sri Lanka",KILINOCHCHI,0.4786,value,8,17,0.4786
COP2324-152,,HEALTH INFORMATION AND COMMUNICATION TECHNOLOGY,"The Gampaha Wickramarachchi University of Indigenous Medicine, Sri Lanka",MANNAR,0.5208,value,8,17,0.5208
COP2324-152,,HEALTH INFORMATION AND COMMUNICATION TECHNOLOGY,"The Gampaha Wickramarachchi University of Indigenous Medicine, Sri Lanka",MULLAITIVU,0.7043,value,8,17,0.7043
COP2324-152,,HEALTH INFORMATION AND COMMUNICATION TECHNOLOGY,"The Gampaha Wickramarachchi University of Indigenous Medicine, Sri Lanka",VAVUNIYA,0.4083,value,8,17,0.4083
COP2324-152,,HEALTH INFORMATION AND COMMUNICATION TECHNOLOGY,"The Gampaha Wickramarachchi University of Indigenous Medicine, Sri Lanka",TRINCOMALEE,0.7792,value,8,17,0.7792
COP2324-152,,HEALTH INFORMATION AND COMMUNICATION TECHNOLOGY,"The Gampaha Wickramarachchi University of Indigenous Medicine, Sri Lanka",BATTICALOA,0.8097,value,8,17,0.8097
COP2324-152,,HEALTH INFORMATION AND COMMUNICATION TECHNOLOGY,"The Gampaha Wickramarachchi University of Indigenous Medicine, Sri Lanka",AMPARA,1.0144,value,8,17,1.0144
COP2324-152,,HEALTH INFORMATION AND COMMUNICATION TECHNOLOGY,"The Gampaha Wickramarachchi University of Indigenous Medicine, Sri Lanka",PUTTALAM,0.9074,value,8,17,0.9074
COP2324-152,,HEALTH INFORMATION AND COMMUNICATION TECHNOLOGY,"The Gampaha Wickramarachchi University of Indigenous Medicine, Sri Lanka",KURUNEGALA,1.0391,value,8,17,1.0391
COP2324-152,,HEALTH INFORMATION AND COMMUNICATION TECHNOLOGY,"The Gampaha Wickramarachchi University of Indigenous Medicine, Sri Lanka",ANURADHAPURA,1.0712,value,8,17,1.0712
COP2324-152,,HEALTH INFORMATION AND COMMUNICATION TECHNOLOGY,"The Gampaha Wickramarachchi University of Indigenous Medicine, Sri Lanka",POLONNARUWA,1.0286,value,8,17,1.0286
COP2324-152,,HEALTH INFORMATION AND COMMUNICATION TECHNOLOGY,"The Gampaha Wickramarachchi University of Indigenous Medicine, Sri Lanka",BADULLA,1.0134,value,8,17,1.0134
COP2324-152,,HEALTH INFORMATION AND COMMUNICATION TECHNOLOGY,"The Gampaha Wickramarachchi University of Indigenous Medicine, Sri Lanka",MONARAGALA,1.0332,value,8,17,1.0332
COP2324-152,,HEALTH INFORMATION AND COMMUNICATION TECHNOLOGY,"The Gampaha Wickramarachchi University of Indigenous Medicine, Sri Lanka",KEGALLE,1.0886,value,8,17,1.0886
COP2324-152,,HEALTH INFORMATION AND COMMUNICATION TECHNOLOGY,"The Gampaha Wickramarachchi University of Indigenous Medicine, Sri Lanka",RATNAPURA,1.0929,value,8,17,1.0929
COP2324-153,,HEALTH TOURISM AND HOSPITALITY MANAGEMENT,"The Gampaha Wickramarachchi University of Indigenous Medicine, Sri Lanka",COLOMBO,1.2162,value,8,18,1.2162
COP2324-153,,HEALTH TOURISM AND HOSPITALITY MANAGEMENT,"The Gampaha Wickramarachchi University of Indigenous Medicine, Sri Lanka",GAMPAHA,1.2162,value,8,18,1.2162
COP2324-153,,HEALTH TOURISM AND HOSPITALITY MANAGEMENT,"The Gampaha Wickramarachchi University of Indigenous Medicine, Sri Lanka",KALUTARA,1.2234,value,8,18,1.2234
COP2324-153,,HEALTH TOURISM AND HOSPITALITY MANAGEMENT,"The Gampaha Wickramarachchi University of Indigenous Medicine, Sri Lanka",MATALE,1.1801,value,8,18,1.1801
COP2324-153,,HEALTH TOURISM AND HOSPITALITY MANAGEMENT,"The Gampaha Wickramarachchi University of Indigenous Medicine, Sri Lanka",KANDY,1.1618,value,8,18,1.1618
COP2324-153,,HEALTH TOURISM AND HOSPITALITY MANAGEMENT,"The Gampaha Wickramarachchi University of Indigenous Medicine, Sri Lanka",NUWARA ELIYA,1.0042,value,8,18,1.0042
COP2324-153,,HEALTH TOURISM AND HOSPITALITY MANAGEMENT,"The Gampaha Wickramarachchi University of Indigenous Medicine, Sri Lanka",GALLE,1.2593,value,8,18,1.2593
COP2324-153,,HEALTH TOURISM AND HOSPITALITY MANAGEMENT,"The Gampaha Wickramarachchi University of Indigenous Medicine, Sri Lanka",MATARA,1.2760,value,8,18,1.2760
COP2324-153,,HEALTH TOURISM AND HOSPITALITY MANAGEMENT,"The Gampaha Wickramarachchi University of Indigenous Medicine, Sri Lanka",HAMBANTOTA,1.2617,value,8,18,1.2617
COP2324-153,,HEALTH TOURISM AND HOSPITALITY MANAGEMENT,"The Gampaha Wickramarachchi University of Indigenous Medicine, Sri Lanka",JAFFNA,0.9274,value,8,18,0.9274
COP2324-153,,HEALTH TOURISM AND HOSPITALITY MANAGEMENT,"The Gampaha Wickramarachchi University of Indigenous Medicine, Sri Lanka",KILINOCHCHI,0.6748,value,8,18,0.6748
COP2324-153,,HEALTH TOURISM AND HOSPITALITY MANAGEMENT,"The Gampaha Wickramarachchi University of Indigenous Medicine, Sri Lanka",MANNAR,0.7660,value,8,18,0.7660
COP2324-153,,HEALTH TOURISM AND HOSPITALITY MANAGEMENT,"The Gampaha Wickramarachchi University of Indigenous Medicine, Sri Lanka",MULLAITIVU,0.9707,value,8,18,0.9707
COP2324-153,,HEALTH TOURISM AND HOSPITALITY MANAGEMENT,"The Gampaha Wickramarachchi University of Indigenous Medicine, Sri Lanka",VAVUNIYA,0.8475,value,8,18,0.8475
COP2324-153,,HEALTH TOURISM AND HOSPITALITY MANAGEMENT,"The Gampaha Wickramarachchi University of Indigenous Medicine, Sri Lanka",TRINCOMALEE,0.9367,value,8,18,0.9367
COP2324-153,,HEALTH TOURISM AND HOSPITALITY MANAGEMENT,"The Gampaha Wickramarachchi University of Indigenous Medicine, Sri Lanka",BATTICALOA,0.9464,value,8,18,0.9464
COP2324-153,,HEALTH TOURISM AND HOSPITALITY MANAGEMENT,"The Gampaha Wickramarachchi University of Indigenous Medicine, Sri Lanka",AMPARA,0.8411,value,8,18,0.8411
COP2324-153,,HEALTH TOURISM AND HOSPITALITY MANAGEMENT,"The Gampaha Wickramarachchi University of Indigenous Medicine, Sri Lanka",PUTTALAM,1.0250,value,8,18,1.0250
COP2324-153,,HEALTH TOURISM AND HOSPITALITY MANAGEMENT,"The Gampaha Wickramarachchi University of Indigenous Medicine, Sri Lanka",KURUNEGALA,1.2121,value,8,18,1.2121
COP2324-153,,HEALTH TOURISM AND HOSPITALITY MANAGEMENT,"The Gampaha Wickramarachchi University of Indigenous Medicine, Sri Lanka",ANURADHAPURA,1.0772,value,8,18,1.0772
COP2324-153,,HEALTH TOURISM AND HOSPITALITY MANAGEMENT,"The Gampaha Wickramarachchi University of Indigenous Medicine, Sri Lanka",POLONNARUWA,0.9458,value,8,18,0.9458
COP2324-153,,HEALTH TOURISM AND HOSPITALITY MANAGEMENT,"The Gampaha Wickramarachchi University of Indigenous Medicine, Sri Lanka",BADULLA,1.0707,value,8,18,1.0707
COP2324-153,,HEALTH TOURISM AND HOSPITALITY MANAGEMENT,"The Gampaha Wickramarachchi University of Indigenous Medicine, Sri Lanka",MONARAGALA,1.2281,value,8,18,1.2281
COP2324-153,,HEALTH TOURISM AND HOSPITALITY MANAGEMENT,"The Gampaha Wickramarachchi University of Indigenous Medicine, Sri Lanka",KEGALLE,1.2137,value,8,18,1.2137
COP2324-153,,HEALTH TOURISM AND HOSPITALITY MANAGEMENT,"The Gampaha Wickramarachchi University of Indigenous Medicine, Sri Lanka",RATNAPURA,1.2090,value,8,18,1.2090
COP2324-154,,BIOMEDICAL TECHNOLOGY,"The Gampaha Wickramarachchi University of Indigenous Medicine, Sri Lanka",COLOMBO,1.0727,value,8,19,1.0727
COP2324-154,,BIOMEDICAL TECHNOLOGY,"The Gampaha Wickramarachchi University of Indigenous Medicine, Sri Lanka",GAMPAHA,1.0463,value,8,19,1.0463
COP2324-154,,BIOMEDICAL TECHNOLOGY,"The Gampaha Wickramarachchi University of Indigenous Medicine, Sri Lanka",KALUTARA,1.0897,value,8,19,1.0897
COP2324-154,,BIOMEDICAL TECHNOLOGY,"The Gampaha Wickramarachchi University of Indigenous Medicine, Sri Lanka",MATALE,1.1565,value,8,19,1.1565
COP2324-154,,BIOMEDICAL TECHNOLOGY,"The Gampaha Wickramarachchi University of Indigenous Medicine, Sri Lanka",KANDY,1.0129,value,8,19,1.0129
COP2324-154,,BIOMEDICAL TECHNOLOGY,"The Gampaha Wickramarachchi University of Indigenous Medicine, Sri Lanka",NUWARA ELIYA,1.0643,value,8,19,1.0643
COP2324-154,,BIOMEDICAL TECHNOLOGY,"The Gampaha Wickramarachchi University of Indigenous Medicine, Sri Lanka",GALLE,1.1872,value,8,19,1.1872
COP2324-154,,BIOMEDICAL TECHNOLOGY,"The Gampaha Wickramarachchi University of Indigenous Medicine, Sri Lanka",MATARA,1.2166,value,8,19,1.2166
COP2324-154,,BIOMEDICAL TECHNOLOGY,"The Gampaha Wickramarachchi University of Indigenous Medicine, Sri Lanka",HAMBANTOTA,1.1054,value,8,19,1.1054
COP2324-154,,BIOMEDICAL TECHNOLOGY,"The Gampaha Wickramarachchi University of Indigenous Medicine, Sri Lanka",JAFFNA,1.1842,value,8,19,1.1842
COP2324-154,,BIOMEDICAL TECHNOLOGY,"The Gampaha Wickramarachchi University of Indigenous Medicine, Sri Lanka",KILINOCHCHI,0.6646,value,8,19,0.6646
COP2324-154,,BIOMEDICAL TECHNOLOGY,"The Gampaha Wickramarachchi University of Indigenous Medicine, Sri Lanka",MANNAR,0.8305,value,8,19,0.8305
COP2324-154,,BIOMEDICAL TECHNOLOGY,"The Gampaha Wickramarachchi University of Indigenous Medicine, Sri Lanka",MULLAITIVU,1.0781,value,8,19,1.0781
COP2324-154,,BIOMEDICAL TECHNOLOGY,"The Gampaha Wickramarachchi University of Indigenous Medicine, Sri Lanka",VAVUNIYA,0.8526,value,8,19,0.8526
COP2324-154,,BIOMEDICAL TECHNOLOGY,"The Gampaha Wickramarachchi University of Indigenous Medicine, Sri Lanka",TRINCOMALEE,1.2044,value,8,19,1.2044
COP2324-154,,BIOMEDICAL TECHNOLOGY,"The Gampaha Wickramarachchi University of Indigenous Medicine, Sri Lanka",BATTICALOA,1.0666,value,8,19,1.0666
COP2324-154,,BIOMEDICAL TECHNOLOGY,"The Gampaha Wickramarachchi University of Indigenous Medicine, Sri Lanka",AMPARA,1.2150,value,8,19,1.2150
COP2324-154,,BIOMEDICAL TECHNOLOGY,"The Gampaha Wickramarachchi University of Indigenous Medicine, Sri Lanka",PUTTALAM,1.0002,value,8,19,1.0002
COP2324-154,,BIOMEDICAL TECHNOLOGY,"The Gampaha Wickramarachchi University of Indigenous Medicine, Sri Lanka",KURUNEGALA,1.0501,value,8,19,1.0501
COP2324-154,,BIOMEDICAL TECHNOLOGY,"The Gampaha Wickramarachchi University of Indigenous Medicine, Sri Lanka",ANURADHAPURA,1.0508,value,8,19,1.0508
COP2324-154,,BIOMEDICAL TECHNOLOGY,"The Gampaha Wickramarachchi University of Indigenous Medicine, Sri Lanka",POLONNARUWA,0.8187,value,8,19,0.8187
COP2324-154,,BIOMEDICAL TECHNOLOGY,"The Gampaha Wickramarachchi University of Indigenous Medicine, Sri Lanka",BADULLA,1.0584,value,8,19,1.0584
COP2324-154,,BIOMEDICAL TECHNOLOGY,"The Gampaha Wickramarachchi University of Indigenous Medicine, Sri Lanka",MONARAGALA,0.9755,value,8,19,0.9755
COP2324-154,,BIOMEDICAL TECHNOLOGY,"The Gampaha Wickramarachchi University of Indigenous Medicine, Sri Lanka",KEGALLE,1.1251,value,8,19,1.1251
COP2324-154,,BIOMEDICAL TECHNOLOGY,"The Gampaha Wickramarachchi University of Indigenous Medicine, Sri Lanka",RATNAPURA,1.1239,value,8,19,1.1239
COP2324-155,,INDIGENOUS PHARMACEUTICAL TECHNOLOGY,"The Gampaha Wickramarachchi University of Indigenous Medicine, Sri Lanka",COLOMBO,0.9466,value,8,20,0.9466
COP2324-155,,INDIGENOUS PHARMACEUTICAL TECHNOLOGY,"The Gampaha Wickramarachchi University of Indigenous Medicine, Sri Lanka",GAMPAHA,0.9178,value,8,20,0.9178
COP2324-155,,INDIGENOUS PHARMACEUTICAL TECHNOLOGY,"The Gampaha Wickramarachchi University of Indigenous Medicine, Sri Lanka",KALUTARA,1.0245,value,8,20,1.0245
COP2324-155,,INDIGENOUS PHARMACEUTICAL TECHNOLOGY,"The Gampaha Wickramarachchi University of Indigenous Medicine, Sri Lanka",MATALE,1.0744,value,8,20,1.0744
COP2324-155,,INDIGENOUS PHARMACEUTICAL TECHNOLOGY,"The Gampaha Wickramarachchi University of Indigenous Medicine, Sri Lanka",KANDY,1.0075,value,8,20,1.0075
COP2324-155,,INDIGENOUS PHARMACEUTICAL TECHNOLOGY,"The Gampaha Wickramarachchi University of Indigenous Medicine, Sri Lanka",NUWARA ELIYA,0.9056,value,8,20,0.9056
COP2324-155,,INDIGENOUS PHARMACEUTICAL TECHNOLOGY,"The Gampaha Wickramarachchi University of Indigenous Medicine, Sri Lanka",GALLE,1.0697,value,8,20,1.0697
COP2324-155,,INDIGENOUS PHARMACEUTICAL TECHNOLOGY,"The Gampaha Wickramarachchi University of Indigenous Medicine, Sri Lanka",MATARA,1.0414,value,8,20,1.0414
COP2324-155,,INDIGENOUS PHARMACEUTICAL TECHNOLOGY,"The Gampaha Wickramarachchi University of Indigenous Medicine, Sri Lanka",HAMBANTOTA,1.0718,value,8,20,1.0718
COP2324-155,,INDIGENOUS PHARMACEUTICAL TECHNOLOGY,"The Gampaha Wickramarachchi University of Indigenous Medicine, Sri Lanka",JAFFNA,0.8830,value,8,20,0.8830
COP2324-155,,INDIGENOUS PHARMACEUTICAL TECHNOLOGY,"The Gampaha Wickramarachchi University of Indigenous Medicine, Sri Lanka",KILINOCHCHI,0.3824,value,8,20,0.3824
COP2324-155,,INDIGENOUS PHARMACEUTICAL TECHNOLOGY,"The Gampaha Wickramarachchi University of Indigenous Medicine, Sri Lanka",MANNAR,0.5593,value,8,20,0.5593
COP2324-155,,INDIGENOUS PHARMACEUTICAL TECHNOLOGY,"The Gampaha Wickramarachchi University of Indigenous Medicine, Sri Lanka",MULLAITIVU,0.1760,value,8,20,0.1760
COP2324-155,,INDIGENOUS PHARMACEUTICAL TECHNOLOGY,"The Gampaha Wickramarachchi University of Indigenous Medicine, Sri Lanka",VAVUNIYA,0.4647,value,8,20,0.4647
COP2324-155,,INDIGENOUS PHARMACEUTICAL TECHNOLOGY,"The Gampaha Wickramarachchi University of Indigenous Medicine, Sri Lanka",TRINCOMALEE,1.0052,value,8,20,1.0052
COP2324-155,,INDIGENOUS PHARMACEUTICAL TECHNOLOGY,"The Gampaha Wickramarachchi University of Indigenous Medicine, Sri Lanka",BATTICALOA,0.9603,value,8,20,0.9603
COP2324-155,,INDIGENOUS PHARMACEUTICAL TECHNOLOGY,"The Gampaha Wickramarachchi University of Indigenous Medicine, Sri Lanka",AMPARA,0.9679,value,8,20,0.9679
COP2324-155,,INDIGENOUS PHARMACEUTICAL TECHNOLOGY,"The Gampaha Wickramarachchi University of Indigenous Medicine, Sri Lanka",PUTTALAM,0.8768,value,8,20,0.8768
COP2324-155,,INDIGENOUS PHARMACEUTICAL TECHNOLOGY,"The Gampaha Wickramarachchi University of Indigenous Medicine, Sri Lanka",KURUNEGALA,1.0262,value,8,20,1.0262
COP2324-155,,INDIGENOUS PHARMACEUTICAL TECHNOLOGY,"The Gampaha Wickramarachchi University of Indigenous Medicine, Sri Lanka",ANURADHAPURA,1.0272,value,8,20,1.0272
COP2324-155,,INDIGENOUS PHARMACEUTICAL TECHNOLOGY,"The Gampaha Wickramarachchi University of Indigenous Medicine, Sri Lanka",POLONNARUWA,0.7949,value,8,20,0.7949
COP2324-155,,INDIGENOUS PHARMACEUTICAL TECHNOLOGY,"The Gampaha Wickramarachchi University of Indigenous Medicine, Sri Lanka",BADULLA,1.0213,value,8,20,1.0213
COP2324-155,,INDIGENOUS PHARMACEUTICAL TECHNOLOGY,"The Gampaha Wickramarachchi University of Indigenous Medicine, Sri Lanka",MONARAGALA,0.9306,value,8,20,0.9306
COP2324-155,,INDIGENOUS PHARMACEUTICAL TECHNOLOGY,"The Gampaha Wickramarachchi University of Indigenous Medicine, Sri Lanka",KEGALLE,1.0581,value,8,20,1.0581
COP2324-155,,INDIGENOUS PHARMACEUTICAL TECHNOLOGY,"The Gampaha Wickramarachchi University of Indigenous Medicine, Sri Lanka",RATNAPURA,1.0504,value,8,20,1.0504
COP2324-156,,YOGA AND PARAPSYCHOLOGY,"The Gampaha Wickramarachchi University of Indigenous Medicine, Sri Lanka",COLOMBO,1.2785,value,8,21,1.2785
COP2324-156,,YOGA AND PARAPSYCHOLOGY,"The Gampaha Wickramarachchi University of Indigenous Medicine, Sri Lanka",GAMPAHA,1.2975,value,8,21,1.2975
COP2324-156,,YOGA AND PARAPSYCHOLOGY,"The Gampaha Wickramarachchi University of Indigenous Medicine, Sri Lanka",KALUTARA,1.2915,value,8,21,1.2915
COP2324-156,,YOGA AND PARAPSYCHOLOGY,"The Gampaha Wickramarachchi University of Indigenous Medicine, Sri Lanka",MATALE,1.3558,value,8,21,1.3558
COP2324-156,,YOGA AND PARAPSYCHOLOGY,"The Gampaha Wickramarachchi University of Indigenous Medicine, Sri Lanka",KANDY,1.3068,value,8,21,1.3068
COP2324-156,,YOGA AND PARAPSYCHOLOGY,"The Gampaha Wickramarachchi University of Indigenous Medicine, Sri Lanka",NUWARA ELIYA,1.2986,value,8,21,1.2986
COP2324-156,,YOGA AND PARAPSYCHOLOGY,"The Gampaha Wickramarachchi University of Indigenous Medicine, Sri Lanka",GALLE,1.3226,value,8,21,1.3226
COP2324-156,,YOGA AND PARAPSYCHOLOGY,"The Gampaha Wickramarachchi University of Indigenous Medicine, Sri Lanka",MATARA,1.3215,value,8,21,1.3215
COP2324-156,,YOGA AND PARAPSYCHOLOGY,"The Gampaha Wickramarachchi University of Indigenous Medicine, Sri Lanka",HAMBANTOTA,1.3324,value,8,21,1.3324
COP2324-156,,YOGA AND PARAPSYCHOLOGY,"The Gampaha Wickramarachchi University of Indigenous Medicine, Sri Lanka",JAFFNA,1.3614,value,8,21,1.3614
COP2324-156,,YOGA AND PARAPSYCHOLOGY,"The Gampaha Wickramarachchi University of Indigenous Medicine, Sri Lanka",KILINOCHCHI,1.1628,value,8,21,1.1628
COP2324-156,,YOGA AND PARAPSYCHOLOGY,"The Gampaha Wickramarachchi University of Indigenous Medicine, Sri Lanka",MANNAR,1.1913,value,8,21,1.1913
COP2324-156,,YOGA AND PARAPSYCHOLOGY,"The Gampaha Wickramarachchi University of Indigenous Medicine, Sri Lanka",MULLAITIVU,1.2043,value,8,21,1.2043
COP2324-156,,YOGA AND PARAPSYCHOLOGY,"The Gampaha Wickramarachchi University of Indigenous Medicine, Sri Lanka",VAVUNIYA,1.2843,value,8,21,1.2843
COP2324-156,,YOGA AND PARAPSYCHOLOGY,"The Gampaha Wickramarachchi University of Indigenous Medicine, Sri Lanka",TRINCOMALEE,1.2515,value,8,21,1.2515
COP2324-156,,YOGA AND PARAPSYCHOLOGY,"The Gampaha Wickramarachchi University of Indigenous Medicine, Sri Lanka",BATTICALOA,1.2647,value,8,21,1.2647
COP2324-156,,YOGA AND PARAPSYCHOLOGY,"The Gampaha Wickramarachchi University of Indigenous Medicine, Sri Lanka",AMPARA,1.2953,value,8,21,1.2953
COP2324-156,,YOGA AND PARAPSYCHOLOGY,"The Gampaha Wickramarachchi University of Indigenous Medicine, Sri Lanka",PUTTALAM,1.2583,value,8,21,1.2583
COP2324-156,,YOGA AND PARAPSYCHOLOGY,"The Gampaha Wickramarachchi University of Indigenous Medicine, Sri Lanka",KURUNEGALA,1.2971,value,8,21,1.2971
COP2324-156,,YOGA AND PARAPSYCHOLOGY,"The Gampaha Wickramarachchi University of Indigenous Medicine, Sri Lanka",ANURADHAPURA,1.2986,value,8,21,1.2986
COP2324-156,,YOGA AND PARAPSYCHOLOGY,"The Gampaha Wickramarachchi University of Indigenous Medicine, Sri Lanka",POLONNARUWA,1.3022,value,8,21,1.3022
COP2324-156,,YOGA AND PARAPSYCHOLOGY,"The Gampaha Wickramarachchi University of Indigenous Medicine, Sri Lanka",BADULLA,1.2856,value,8,21,1.2856
COP2324-156,,YOGA AND PARAPSYCHOLOGY,"The Gampaha Wickramarachchi University of Indigenous Medicine, Sri Lanka",MONARAGALA,1.3388,value,8,21,1.3388
COP2324-156,,YOGA AND PARAPSYCHOLOGY,"The Gampaha Wickramarachchi University of Indigenous Medicine, Sri Lanka",KEGALLE,1.3629,value,8,21,1.3629
COP2324-156,,YOGA AND PARAPSYCHOLOGY,"The Gampaha Wickramarachchi University of Indigenous Medicine, Sri Lanka",RATNAPURA,1.2912,value,8,21,1.2912
COP2324-157,,SOCIAL STUDIES IN INDIGENOUS KNOWLEDGE,"The Gampaha Wickramarachchi University of Indigenous Medicine, Sri Lanka",COLOMBO,1.2990,value,8,22,1.2990
COP2324-157,,SOCIAL STUDIES IN INDIGENOUS KNOWLEDGE,"The Gampaha Wickramarachchi University of Indigenous Medicine, Sri Lanka",GAMPAHA,1.2883,value,8,22,1.2883
COP2324-157,,SOCIAL STUDIES IN INDIGENOUS KNOWLEDGE,"The Gampaha Wickramarachchi University of Indigenous Medicine, Sri Lanka",KALUTARA,1.3136,value,8,22,1.3136
COP2324-157,,SOCIAL STUDIES IN INDIGENOUS KNOWLEDGE,"The Gampaha Wickramarachchi University of Indigenous Medicine, Sri Lanka",MATALE,1.3438,value,8,22,1.3438
COP2324-157,,SOCIAL STUDIES IN INDIGENOUS KNOWLEDGE,"The Gampaha Wickramarachchi University of Indigenous Medicine, Sri Lanka",KANDY,1.3095,value,8,22,1.3095
COP2324-157,,SOCIAL STUDIES IN INDIGENOUS KNOWLEDGE,"The Gampaha Wickramarachchi University of Indigenous Medicine, Sri Lanka",NUWARA ELIYA,1.3702,value,8,22,1.3702
COP2324-157,,SOCIAL STUDIES IN INDIGENOUS KNOWLEDGE,"The Gampaha Wickramarachchi University of Indigenous Medicine, Sri Lanka",GALLE,1.3197,value,8,22,1.3197
COP2324-157,,SOCIAL STUDIES IN INDIGENOUS KNOWLEDGE,"The Gampaha Wickramarachchi University of Indigenous Medicine, Sri Lanka",MATARA,1.3066,value,8,22,1.3066
COP2324-157,,SOCIAL STUDIES IN INDIGENOUS KNOWLEDGE,"The Gampaha Wickramarachchi University of Indigenous Medicine, Sri Lanka",HAMBANTOTA,1.3654,value,8,22,1.3654
COP2324-157,,SOCIAL STUDIES IN INDIGENOUS KNOWLEDGE,"The Gampaha Wickramarachchi University of Indigenous Medicine, Sri Lanka",JAFFNA,1.1541,value,8,22,1.1541
COP2324-157,,SOCIAL STUDIES IN INDIGENOUS KNOWLEDGE,"The Gampaha Wickramarachchi University of Indigenous Medicine, Sri Lanka",KILINOCHCHI,1.1533,value,8,22,1.1533
COP2324-157,,SOCIAL STUDIES IN INDIGENOUS KNOWLEDGE,"The Gampaha Wickramarachchi University of Indigenous Medicine, Sri Lanka",MANNAR,1.2976,value,8,22,1.2976
COP2324-157,,SOCIAL STUDIES IN INDIGENOUS KNOWLEDGE,"The Gampaha Wickramarachchi University of Indigenous Medicine, Sri Lanka",MULLAITIVU,1.2137,value,8,22,1.2137
COP2324-157,,SOCIAL STUDIES IN INDIGENOUS KNOWLEDGE,"The Gampaha Wickramarachchi University of Indigenous Medicine, Sri Lanka",VAVUNIYA,1.3591,value,8,22,1.3591
COP2324-157,,SOCIAL STUDIES IN INDIGENOUS KNOWLEDGE,"The Gampaha Wickramarachchi University of Indigenous Medicine, Sri Lanka",TRINCOMALEE,1.3406,value,8,22,1.3406
COP2324-157,,SOCIAL STUDIES IN INDIGENOUS KNOWLEDGE,"The Gampaha Wickramarachchi University of Indigenous Medicine, Sri Lanka",BATTICALOA,1.3191,value,8,22,1.3191
COP2324-157,,SOCIAL STUDIES IN INDIGENOUS KNOWLEDGE,"The Gampaha Wickramarachchi University of Indigenous Medicine, Sri Lanka",AMPARA,1.3065,value,8,22,1.3065
COP2324-157,,SOCIAL STUDIES IN INDIGENOUS KNOWLEDGE,"The Gampaha Wickramarachchi University of Indigenous Medicine, Sri Lanka",PUTTALAM,1.3213,value,8,22,1.3213
COP2324-157,,SOCIAL STUDIES IN INDIGENOUS KNOWLEDGE,"The Gampaha Wickramarachchi University of Indigenous Medicine, Sri Lanka",KURUNEGALA,1.3224,value,8,22,1.3224
COP2324-157,,SOCIAL STUDIES IN INDIGENOUS KNOWLEDGE,"The Gampaha Wickramarachchi University of Indigenous Medicine, Sri Lanka",ANURADHAPURA,1.2978,value,8,22,1.2978
COP2324-157,,SOCIAL STUDIES IN INDIGENOUS KNOWLEDGE,"The Gampaha Wickramarachchi University of Indigenous Medicine, Sri Lanka",POLONNARUWA,1.2936,value,8,22,1.2936
COP2324-157,,SOCIAL STUDIES IN INDIGENOUS KNOWLEDGE,"The Gampaha Wickramarachchi University of Indigenous Medicine, Sri Lanka",BADULLA,1.3231,value,8,22,1.3231
COP2324-157,,SOCIAL STUDIES IN INDIGENOUS KNOWLEDGE,"The Gampaha Wickramarachchi University of Indigenous Medicine, Sri Lanka",MONARAGALA,1.3601,value,8,22,1.3601
COP2324-157,,SOCIAL STUDIES IN INDIGENOUS KNOWLEDGE,"The Gampaha Wickramarachchi University of Indigenous Medicine, Sri Lanka",KEGALLE,1.3830,value,8,22,1.3830
COP2324-157,,SOCIAL STUDIES IN INDIGENOUS KNOWLEDGE,"The Gampaha Wickramarachchi University of Indigenous Medicine, Sri Lanka",RATNAPURA,1.2923,value,8,22,1.2923
COP2324-158,,HEALTH PROMOTION,Rajarata University of Sri Lanka,COLOMBO,0.6659,value,8,23,0.6659
COP2324-158,,HEALTH PROMOTION,Rajarata University of Sri Lanka,GAMPAHA,0.5843,value,8,23,0.5843
COP2324-158,,HEALTH PROMOTION,Rajarata University of Sri Lanka,KALUTARA,0.7788,value,8,23,0.7788
COP2324-158,,HEALTH PROMOTION,Rajarata University of Sri Lanka,MATALE,0.6942,value,8,23,0.6942
COP2324-158,,HEALTH PROMOTION,Rajarata University of Sri Lanka,KANDY,0.7658,value,8,23,0.7658
COP2324-158,,HEALTH PROMOTION,Rajarata University of Sri Lanka,NUWARA ELIYA,0.7001,value,8,23,0.7001
COP2324-158,,HEALTH PROMOTION,Rajarata University of Sri Lanka,GALLE,0.8239,value,8,23,0.8239
COP2324-158,,HEALTH PROMOTION,Rajarata University of Sri Lanka,MATARA,0.8146,value,8,23,0.8146
COP2324-158,,HEALTH PROMOTION,Rajarata University of Sri Lanka,HAMBANTOTA,0.8416,value,8,23,0.8416
COP2324-158,,HEALTH PROMOTION,Rajarata University of Sri Lanka,JAFFNA,0.7017,value,8,23,0.7017
COP2324-158,,HEALTH PROMOTION,Rajarata University of Sri Lanka,KILINOCHCHI,0.5830,value,8,23,0.5830
COP2324-158,,HEALTH PROMOTION,Rajarata University of Sri Lanka,MANNAR,0.4528,value,8,23,0.4528
COP2324-158,,HEALTH PROMOTION,Rajarata University of Sri Lanka,MULLAITIVU,0.3254,value,8,23,0.3254
COP2324-158,,HEALTH PROMOTION,Rajarata University of Sri Lanka,VAVUNIYA,0.6635,value,8,23,0.6635
COP2324-158,,HEALTH PROMOTION,Rajarata University of Sri Lanka,TRINCOMALEE,0.8628,value,8,23,0.8628
COP2324-158,,HEALTH PROMOTION,Rajarata University of Sri Lanka,BATTICALOA,0.7823,value,8,23,0.7823
COP2324-158,,HEALTH PROMOTION,Rajarata University of Sri Lanka,AMPARA,0.7841,value,8,23,0.7841
COP2324-158,,HEALTH PROMOTION,Rajarata University of Sri Lanka,PUTTALAM,0.5992,value,8,23,0.5992
COP2324-158,,HEALTH PROMOTION,Rajarata University of Sri Lanka,KURUNEGALA,0.8286,value,8,23,0.8286
COP2324-158,,HEALTH PROMOTION,Rajarata University of Sri Lanka,ANURADHAPURA,0.6627,value,8,23,0.6627
COP2324-158,,HEALTH PROMOTION,Rajarata University of Sri Lanka,POLONNARUWA,0.8240,value,8,23,0.8240
COP2324-158,,HEALTH PROMOTION,Rajarata University of Sri Lanka,BADULLA,0.7859,value,8,23,0.7859
COP2324-158,,HEALTH PROMOTION,Rajarata University of Sri Lanka,MONARAGALA,0.7866,value,8,23,0.7866
COP2324-158,,HEALTH PROMOTION,Rajarata University of Sri Lanka,KEGALLE,0.8600,value,8,23,0.8600
COP2324-158,,HEALTH PROMOTION,Rajarata University of Sri Lanka,RATNAPURA,0.7509,value,8,23,0.7509
COP2324-159,,NURSING,University of Colombo,COLOMBO,1.2341,value,8,24,1.2341
COP2324-159,,NURSING,University of Colombo,GAMPAHA,1.2322,value,8,24,1.2322
COP2324-159,,NURSING,University of Colombo,KALUTARA,1.2524,value,8,24,1.2524
COP2324-159,,NURSING,University of Colombo,MATALE,1.3117,value,8,24,1.3117
COP2324-159,,NURSING,University of Colombo,KANDY,1.2471,value,8,24,1.2471
COP2324-159,,NURSING,University of Colombo,NUWARA ELIYA,1.2337,value,8,24,1.2337
COP2324-159,,NURSING,University of Colombo,GALLE,1.2330,value,8,24,1.2330
COP2324-159,,NURSING,University of Colombo,MATARA,1.2294,value,8,24,1.2294
COP2324-159,,NURSING,University of Colombo,HAMBANTOTA,1.2280,value,8,24,1.2280
COP2324-159,,NURSING,University of Colombo,JAFFNA,1.2844,value,8,24,1.2844
COP2324-159,,NURSING,University of Colombo,KILINOCHCHI,1.3310,value,8,24,1.3310
COP2324-159,,NURSING,University of Colombo,MANNAR,1.3265,value,8,24,1.3265
COP2324-159,,NURSING,University of Colombo,MULLAITIVU,1.4158,value,8,24,1.4158
COP2324-159,,NURSING,University of Colombo,VAVUNIYA,1.2359,value,8,24,1.2359
COP2324-159,,NURSING,University of Colombo,TRINCOMALEE,1.2520,value,8,24,1.2520
COP2324-159,,NURSING,University of Colombo,BATTICALOA,1.2420,value,8,24,1.2420
COP2324-159,,NURSING,University of Colombo,AMPARA,1.2930,value,8,24,1.2930
COP2324-159,,NURSING,University of Colombo,PUTTALAM,1.2634,value,8,24,1.2634
COP2324-159,,NURSING,University of Colombo,KURUNEGALA,1.2525,value,8,24,1.2525
COP2324-159,,NURSING,University of Colombo,ANURADHAPURA,1.2770,value,8,24,1.2770
COP2324-159,,NURSING,University of Colombo,POLONNARUWA,1.2667,value,8,24,1.2667
COP2324-159,,NURSING,University of Colombo,BADULLA,1.2342,value,8,24,1.2342
COP2324-159,,NURSING,University of Colombo,MONARAGALA,1.2356,value,8,24,1.2356
COP2324-159,,NURSING,University of Colombo,KEGALLE,1.2371,value,8,24,1.2371
COP2324-159,,NURSING,University of Colombo,RATNAPURA,1.2344,value,8,24,1.2344
COP2324-160,,NURSING,University of Peradeniya,COLOMBO,1.2282,value,8,25,1.2282
COP2324-160,,NURSING,University of Peradeniya,GAMPAHA,1.2416,value,8,25,1.2416
COP2324-160,,NURSING,University of Peradeniya,KALUTARA,1.2228,value,8,25,1.2228
COP2324-160,,NURSING,University of Peradeniya,MATALE,1.2721,value,8,25,1.2721
COP2324-160,,NURSING,University of Peradeniya,KANDY,1.2453,value,8,25,1.2453
COP2324-160,,NURSING,University of Peradeniya,NUWARA ELIYA,,NQC,8,25,NQC
COP2324-160,,NURSING,University of Peradeniya,GALLE,1.2419,value,8,25,1.2419
COP2324-160,,NURSING,University of Peradeniya,MATARA,1.2388,value,8,25,1.2388
COP2324-160,,NURSING,University of Peradeniya,HAMBANTOTA,1.2869,value,8,25,1.2869
COP2324-160,,NURSING,University of Peradeniya,JAFFNA,1.2255,value,8,25,1.2255
COP2324-160,,NURSING,University of Peradeniya,KILINOCHCHI,1.2276,value,8,25,1.2276
COP2324-160,,NURSING,University of Peradeniya,MANNAR,1.2758,value,8,25,1.2758
COP2324-160,,NURSING,University of Peradeniya,MULLAITIVU,,NQC,8,25,NQC
COP2324-160,,NURSING,University of Peradeniya,VAVUNIYA,,NQC,8,25,NQC
COP2324-160,,NURSING,University of Peradeniya,TRINCOMALEE,1.2520,value,8,25,1.2520
COP2324-160,,NURSING,University of Peradeniya,BATTICALOA,,NQC,8,25,NQC
COP2324-160,,NURSING,University of Peradeniya,AMPARA,1.2451,value,8,25,1.2451
COP2324-160,,NURSING,University of Peradeniya,PUTTALAM,1.3085,value,8,25,1.3085
COP2324-160,,NURSING,University of Peradeniya,KURUNEGALA,1.2267,value,8,25,1.2267
COP2324-160,,NURSING,University of Peradeniya,ANURADHAPURA,1.2628,value,8,25,1.2628
COP2324-160,,NURSING,University of Peradeniya,POLONNARUWA,,NQC,8,25,NQC
COP2324-160,,NURSING,University of Peradeniya,BADULLA,,NQC,8,25,NQC
COP2324-160,,NURSING,University of Peradeniya,MONARAGALA,1.2225,value,8,25,1.2225
COP2324-160,,NURSING,University of Peradeniya,KEGALLE,1.2457,value,8,25,1.2457
COP2324-160,,NURSING,University of Peradeniya,RATNAPURA,1.2254,value,8,25,1.2254
COP2324-161,,NURSING,University of Sri Jayewardenepura,COLOMBO,1.1963,value,8,26,1.1963
COP2324-161,,NURSING,University of Sri Jayewardenepura,GAMPAHA,1.1842,value,8,26,1.1842
COP2324-161,,NURSING,University of Sri Jayewardenepura,KALUTARA,1.1926,value,8,26,1.1926
COP2324-161,,NURSING,University of Sri Jayewardenepura,MATALE,1.2413,value,8,26,1.2413
COP2324-161,,NURSING,University of Sri Jayewardenepura,KANDY,1.1810,value,8,26,1.1810
COP2324-161,,NURSING,University of Sri Jayewardenepura,NUWARA ELIYA,1.2005,value,8,26,1.2005
COP2324-161,,NURSING,University of Sri Jayewardenepura,GALLE,1.1864,value,8,26,1.1864
COP2324-161,,NURSING,University of Sri Jayewardenepura,MATARA,1.1819,value,8,26,1.1819
COP2324-161,,NURSING,University of Sri Jayewardenepura,HAMBANTOTA,1.1877,value,8,26,1.1877
COP2324-161,,NURSING,University of Sri Jayewardenepura,JAFFNA,1.1816,value,8,26,1.1816
COP2324-161,,NURSING,University of Sri Jayewardenepura,KILINOCHCHI,1.2021,value,8,26,1.2021
COP2324-161,,NURSING,University of Sri Jayewardenepura,MANNAR,,NQC,8,26,NQC
COP2324-161,,NURSING,University of Sri Jayewardenepura,MULLAITIVU,1.1865,value,8,26,1.1865
COP2324-161,,NURSING,University of Sri Jayewardenepura,VAVUNIYA,,NQC,8,26,NQC
COP2324-161,,NURSING,University of Sri Jayewardenepura,TRINCOMALEE,1.1836,value,8,26,1.1836
COP2324-161,,NURSING,University of Sri Jayewardenepura,BATTICALOA,1.1815,value,8,26,1.1815
COP2324-161,,NURSING,University of Sri Jayewardenepura,AMPARA,1.1842,value,8,26,1.1842
COP2324-161,,NURSING,University of Sri Jayewardenepura,PUTTALAM,,NQC,8,26,NQC
COP2324-161,,NURSING,University of Sri Jayewardenepura,KURUNEGALA,1.1809,value,8,26,1.1809
COP2324-161,,NURSING,University of Sri Jayewardenepura,ANURADHAPURA,1.1840,value,8,26,1.1840
COP2324-161,,NURSING,University of Sri Jayewardenepura,POLONNARUWA,1.1838,value,8,26,1.1838
COP2324-161,,NURSING,University of Sri Jayewardenepura,BADULLA,1.1892,value,8,26,1.1892
COP2324-161,,NURSING,University of Sri Jayewardenepura,MONARAGALA,,NQC,8,26,NQC
COP2324-161,,NURSING,University of Sri Jayewardenepura,KEGALLE,1.2074,value,8,26,1.2074
COP2324-161,,NURSING,University of Sri Jayewardenepura,RATNAPURA,1.1802,value,8,26,1.1802
COP2324-162,,NURSING,University of Jaffna,COLOMBO,0.9468,value,8,27,0.9468
COP2324-162,,NURSING,University of Jaffna,GAMPAHA,0.9404,value,8,27,0.9404
COP2324-162,,NURSING,University of Jaffna,KALUTARA,1.0685,value,8,27,1.0685
COP2324-162,,NURSING,University of Jaffna,MATALE,0.9767,value,8,27,0.9767
COP2324-162,,NURSING,University of Jaffna,KANDY,0.9418,value,8,27,0.9418
COP2324-162,,NURSING,University of Jaffna,NUWARA ELIYA,1.0157,value,8,27,1.0157
COP2324-162,,NURSING,University of Jaffna,GALLE,1.1608,value,8,27,1.1608
COP2324-162,,NURSING,University of Jaffna,MATARA,,NQC,8,27,NQC
COP2324-162,,NURSING,University of Jaffna,HAMBANTOTA,1.0495,value,8,27,1.0495
COP2324-162,,NURSING,University of Jaffna,JAFFNA,1.0287,value,8,27,1.0287
COP2324-162,,NURSING,University of Jaffna,KILINOCHCHI,0.9571,value,8,27,0.9571
COP2324-162,,NURSING,University of Jaffna,MANNAR,1.1663,value,8,27,1.1663
COP2324-162,,NURSING,University of Jaffna,MULLAITIVU,,NQC,8,27,NQC
COP2324-162,,NURSING,University of Jaffna,VAVUNIYA,1.0504,value,8,27,1.0504
COP2324-162,,NURSING,University of Jaffna,TRINCOMALEE,1.0292,value,8,27,1.0292
COP2324-162,,NURSING,University of Jaffna,BATTICALOA,1.0342,value,8,27,1.0342
COP2324-162,,NURSING,University of Jaffna,AMPARA,1.0176,value,8,27,1.0176
COP2324-162,,NURSING,University of Jaffna,PUTTALAM,0.9390,value,8,27,0.9390
COP2324-162,,NURSING,University of Jaffna,KURUNEGALA,0.9362,value,8,27,0.9362
COP2324-162,,NURSING,University of Jaffna,ANURADHAPURA,0.9625,value,8,27,0.9625
COP2324-162,,NURSING,University of Jaffna,POLONNARUWA,1.0261,value,8,27,1.0261
COP2324-162,,NURSING,University of Jaffna,BADULLA,1.0190,value,8,27,1.0190
COP2324-162,,NURSING,University of Jaffna,MONARAGALA,,NQC,8,27,NQC
COP2324-162,,NURSING,University of Jaffna,KEGALLE,1.0113,value,8,27,1.0113
COP2324-162,,NURSING,University of Jaffna,RATNAPURA,1.0107,value,8,27,1.0107
COP2324-163,,NURSING,University of Ruhuna,COLOMBO,0.9425,value,9,1,0.9425
COP2324-163,,NURSING,University of Ruhuna,GAMPAHA,0.9422,value,9,1,0.9422
COP2324-163,,NURSING,University of Ruhuna,KALUTARA,1.0104,value,9,1,1.0104
COP2324-163,,NURSING,University of Ruhuna,MATALE,,NQC,9,1,NQC
COP2324-163,,NURSING,University of Ruhuna,KANDY,0.9439,value,9,1,0.9439
COP2324-163,,NURSING,University of Ruhuna,NUWARA ELIYA,0.9760,value,9,1,0.9760
COP2324-163,,NURSING,University of Ruhuna,GALLE,1.1189,value,9,1,1.1189
COP2324-163,,NURSING,University of Ruhuna,MATARA,1.0847,value,9,1,1.0847
COP2324-163,,NURSING,University of Ruhuna,HAMBANTOTA,1.0390,value,9,1,1.0390
COP2324-163,,NURSING,University of Ruhuna,JAFFNA,,NQC,9,1,NQC
COP2324-163,,NURSING,University of Ruhuna,KILINOCHCHI,,NQC,9,1,NQC
COP2324-163,,NURSING,University of Ruhuna,MANNAR,1.1563,value,9,1,1.1563
COP2324-163,,NURSING,University of Ruhuna,MULLAITIVU,1.1268,value,9,1,1.1268
COP2324-163,,NURSING,University of Ruhuna,VAVUNIYA,,NQC,9,1,NQC
COP2324-163,,NURSING,University of Ruhuna,TRINCOMALEE,1.0773,value,9,1,1.0773
COP2324-163,,NURSING,University of Ruhuna,BATTICALOA,1.0443,value,9,1,1.0443
COP2324-163,,NURSING,University of Ruhuna,AMPARA,1.0893,value,9,1,1.0893
COP2324-163,,NURSING,University of Ruhuna,PUTTALAM,0.9528,value,9,1,0.9528
COP2324-163,,NURSING,University of Ruhuna,KURUNEGALA,0.9573,value,9,1,0.9573
COP2324-163,,NURSING,University of Ruhuna,ANURADHAPURA,0.9515,value,9,1,0.9515
COP2324-163,,NURSING,University of Ruhuna,POLONNARUWA,0.9609,value,9,1,0.9609
COP2324-163,,NURSING,University of Ruhuna,BADULLA,1.0013,value,9,1,1.0013
COP2324-163,,NURSING,University of Ruhuna,MONARAGALA,1.0422,value,9,1,1.0422
COP2324-163,,NURSING,University of Ruhuna,KEGALLE,1.0104,value,9,1,1.0104
COP2324-163,,NURSING,University of Ruhuna,RATNAPURA,0.9979,value,9,1,0.9979
COP2324-164,,NURSING,"Eastern University, Sri Lanka",COLOMBO,0.7886,value,9,2,0.7886
COP2324-164,,NURSING,"Eastern University, Sri Lanka",GAMPAHA,0.7844,value,9,2,0.7844
COP2324-164,,NURSING,"Eastern University, Sri Lanka",KALUTARA,,NQC,9,2,NQC
COP2324-164,,NURSING,"Eastern University, Sri Lanka",MATALE,0.8486,value,9,2,0.8486
COP2324-164,,NURSING,"Eastern University, Sri Lanka",KANDY,0.8793,value,9,2,0.8793
COP2324-164,,NURSING,"Eastern University, Sri Lanka",NUWARA ELIYA,0.8733,value,9,2,0.8733
COP2324-164,,NURSING,"Eastern University, Sri Lanka",GALLE,,NQC,9,2,NQC
COP2324-164,,NURSING,"Eastern University, Sri Lanka",MATARA,,NQC,9,2,NQC
COP2324-164,,NURSING,"Eastern University, Sri Lanka",HAMBANTOTA,,NQC,9,2,NQC
COP2324-164,,NURSING,"Eastern University, Sri Lanka",JAFFNA,,NQC,9,2,NQC
COP2324-164,,NURSING,"Eastern University, Sri Lanka",KILINOCHCHI,,NQC,9,2,NQC
COP2324-164,,NURSING,"Eastern University, Sri Lanka",MANNAR,,NQC,9,2,NQC
COP2324-164,,NURSING,"Eastern University, Sri Lanka",MULLAITIVU,,NQC,9,2,NQC
COP2324-164,,NURSING,"Eastern University, Sri Lanka",VAVUNIYA,,NQC,9,2,NQC
COP2324-164,,NURSING,"Eastern University, Sri Lanka",TRINCOMALEE,1.0276,value,9,2,1.0276
COP2324-164,,NURSING,"Eastern University, Sri Lanka",BATTICALOA,1.2528,value,9,2,1.2528
COP2324-164,,NURSING,"Eastern University, Sri Lanka",AMPARA,1.0502,value,9,2,1.0502
COP2324-164,,NURSING,"Eastern University, Sri Lanka",PUTTALAM,0.8978,value,9,2,0.8978
COP2324-164,,NURSING,"Eastern University, Sri Lanka",KURUNEGALA,0.9134,value,9,2,0.9134
COP2324-164,,NURSING,"Eastern University, Sri Lanka",ANURADHAPURA,,NQC,9,2,NQC
COP2324-164,,NURSING,"Eastern University, Sri Lanka",POLONNARUWA,,NQC,9,2,NQC
COP2324-164,,NURSING,"Eastern University, Sri Lanka",BADULLA,,NQC,9,2,NQC
COP2324-164,,NURSING,"Eastern University, Sri Lanka",MONARAGALA,,NQC,9,2,NQC
COP2324-164,,NURSING,"Eastern University, Sri Lanka",KEGALLE,,NQC,9,2,NQC
COP2324-164,,NURSING,"Eastern University, Sri Lanka",RATNAPURA,,NQC,9,2,NQC
COP2324-165,,PHARMACY,University of Peradeniya,COLOMBO,1.6293,value,9,3,1.6293
COP2324-165,,PHARMACY,University of Peradeniya,GAMPAHA,1.5980,value,9,3,1.5980
COP2324-165,,PHARMACY,University of Peradeniya,KALUTARA,1.5453,value,9,3,1.5453
COP2324-165,,PHARMACY,University of Peradeniya,MATALE,,NQC,9,3,NQC
COP2324-165,,PHARMACY,University of Peradeniya,KANDY,1.6226,value,9,3,1.6226
COP2324-165,,PHARMACY,University of Peradeniya,NUWARA ELIYA,,NQC,9,3,NQC
COP2324-165,,PHARMACY,University of Peradeniya,GALLE,1.5605,value,9,3,1.5605
COP2324-165,,PHARMACY,University of Peradeniya,MATARA,1.5738,value,9,3,1.5738
COP2324-165,,PHARMACY,University of Peradeniya,HAMBANTOTA,1.5729,value,9,3,1.5729
COP2324-165,,PHARMACY,University of Peradeniya,JAFFNA,1.5704,value,9,3,1.5704
COP2324-165,,PHARMACY,University of Peradeniya,KILINOCHCHI,,NQC,9,3,NQC
COP2324-165,,PHARMACY,University of Peradeniya,MANNAR,,NQC,9,3,NQC
COP2324-165,,PHARMACY,University of Peradeniya,MULLAITIVU,1.5592,value,9,3,1.5592
COP2324-165,,PHARMACY,University of Peradeniya,VAVUNIYA,,NQC,9,3,NQC
COP2324-165,,PHARMACY,University of Peradeniya,TRINCOMALEE,,NQC,9,3,NQC
COP2324-165,,PHARMACY,University of Peradeniya,BATTICALOA,1.5649,value,9,3,1.5649
COP2324-165,,PHARMACY,University of Peradeniya,AMPARA,1.5434,value,9,3,1.5434
COP2324-165,,PHARMACY,University of Peradeniya,PUTTALAM,,NQC,9,3,NQC
COP2324-165,,PHARMACY,University of Peradeniya,KURUNEGALA,1.5429,value,9,3,1.5429
COP2324-165,,PHARMACY,University of Peradeniya,ANURADHAPURA,,NQC,9,3,NQC
COP2324-165,,PHARMACY,University of Peradeniya,POLONNARUWA,,NQC,9,3,NQC
COP2324-165,,PHARMACY,University of Peradeniya,BADULLA,,NQC,9,3,NQC
COP2324-165,,PHARMACY,University of Peradeniya,MONARAGALA,,NQC,9,3,NQC
COP2324-165,,PHARMACY,University of Peradeniya,KEGALLE,,NQC,9,3,NQC
COP2324-165,,PHARMACY,University of Peradeniya,RATNAPURA,1.5460,value,9,3,1.5460
COP2324-166,,PHARMACY,University of Sri Jayewardenepura,COLOMBO,1.4974,value,9,4,1.4974
COP2324-166,,PHARMACY,University of Sri Jayewardenepura,GAMPAHA,1.5100,value,9,4,1.5100
COP2324-166,,PHARMACY,University of Sri Jayewardenepura,KALUTARA,1.5243,value,9,4,1.5243
COP2324-166,,PHARMACY,University of Sri Jayewardenepura,MATALE,,NQC,9,4,NQC
COP2324-166,,PHARMACY,University of Sri Jayewardenepura,KANDY,,NQC,9,4,NQC
COP2324-166,,PHARMACY,University of Sri Jayewardenepura,NUWARA ELIYA,,NQC,9,4,NQC
COP2324-166,,PHARMACY,University of Sri Jayewardenepura,GALLE,1.5066,value,9,4,1.5066
COP2324-166,,PHARMACY,University of Sri Jayewardenepura,MATARA,1.5243,value,9,4,1.5243
COP2324-166,,PHARMACY,University of Sri Jayewardenepura,HAMBANTOTA,1.5056,value,9,4,1.5056
COP2324-166,,PHARMACY,University of Sri Jayewardenepura,JAFFNA,1.4986,value,9,4,1.4986
COP2324-166,,PHARMACY,University of Sri Jayewardenepura,KILINOCHCHI,,NQC,9,4,NQC
COP2324-166,,PHARMACY,University of Sri Jayewardenepura,MANNAR,,NQC,9,4,NQC
COP2324-166,,PHARMACY,University of Sri Jayewardenepura,MULLAITIVU,,NQC,9,4,NQC
COP2324-166,,PHARMACY,University of Sri Jayewardenepura,VAVUNIYA,,NQC,9,4,NQC
COP2324-166,,PHARMACY,University of Sri Jayewardenepura,TRINCOMALEE,,NQC,9,4,NQC
COP2324-166,,PHARMACY,University of Sri Jayewardenepura,BATTICALOA,1.4979,value,9,4,1.4979
COP2324-166,,PHARMACY,University of Sri Jayewardenepura,AMPARA,1.4995,value,9,4,1.4995
COP2324-166,,PHARMACY,University of Sri Jayewardenepura,PUTTALAM,1.4974,value,9,4,1.4974
COP2324-166,,PHARMACY,University of Sri Jayewardenepura,KURUNEGALA,1.4980,value,9,4,1.4980
COP2324-166,,PHARMACY,University of Sri Jayewardenepura,ANURADHAPURA,,NQC,9,4,NQC
COP2324-166,,PHARMACY,University of Sri Jayewardenepura,POLONNARUWA,,NQC,9,4,NQC
COP2324-166,,PHARMACY,University of Sri Jayewardenepura,BADULLA,1.5149,value,9,4,1.5149
COP2324-166,,PHARMACY,University of Sri Jayewardenepura,MONARAGALA,,NQC,9,4,NQC
COP2324-166,,PHARMACY,University of Sri Jayewardenepura,KEGALLE,1.4997,value,9,4,1.4997
COP2324-166,,PHARMACY,University of Sri Jayewardenepura,RATNAPURA,1.5128,value,9,4,1.5128
COP2324-167,,PHARMACY,University of Jaffna,COLOMBO,1.0927,value,9,5,1.0927
COP2324-167,,PHARMACY,University of Jaffna,GAMPAHA,1.2216,value,9,5,1.2216
COP2324-167,,PHARMACY,University of Jaffna,KALUTARA,,NQC,9,5,NQC
COP2324-167,,PHARMACY,University of Jaffna,MATALE,1.4526,value,9,5,1.4526
COP2324-167,,PHARMACY,University of Jaffna,KANDY,1.1640,value,9,5,1.1640
COP2324-167,,PHARMACY,University of Jaffna,NUWARA ELIYA,1.1703,value,9,5,1.1703
COP2324-167,,PHARMACY,University of Jaffna,GALLE,1.4478,value,9,5,1.4478
COP2324-167,,PHARMACY,University of Jaffna,MATARA,1.4366,value,9,5,1.4366
COP2324-167,,PHARMACY,University of Jaffna,HAMBANTOTA,,NQC,9,5,NQC
COP2324-167,,PHARMACY,University of Jaffna,JAFFNA,1.4904,value,9,5,1.4904
COP2324-167,,PHARMACY,University of Jaffna,KILINOCHCHI,1.4004,value,9,5,1.4004
COP2324-167,,PHARMACY,University of Jaffna,MANNAR,1.3874,value,9,5,1.3874
COP2324-167,,PHARMACY,University of Jaffna,MULLAITIVU,1.4774,value,9,5,1.4774
COP2324-167,,PHARMACY,University of Jaffna,VAVUNIYA,,NQC,9,5,NQC
COP2324-167,,PHARMACY,University of Jaffna,TRINCOMALEE,1.4359,value,9,5,1.4359
COP2324-167,,PHARMACY,University of Jaffna,BATTICALOA,1.4909,value,9,5,1.4909
COP2324-167,,PHARMACY,University of Jaffna,AMPARA,1.5001,value,9,5,1.5001
COP2324-167,,PHARMACY,University of Jaffna,PUTTALAM,1.3459,value,9,5,1.3459
COP2324-167,,PHARMACY,University of Jaffna,KURUNEGALA,1.4527,value,9,5,1.4527
COP2324-167,,PHARMACY,University of Jaffna,ANURADHAPURA,1.2133,value,9,5,1.2133
COP2324-167,,PHARMACY,University of Jaffna,POLONNARUWA,1.2408,value,9,5,1.2408
COP2324-167,,PHARMACY,University of Jaffna,BADULLA,1.3673,value,9,5,1.3673
COP2324-167,,PHARMACY,University of Jaffna,MONARAGALA,1.3094,value,9,5,1.3094
COP2324-167,,PHARMACY,University of Jaffna,KEGALLE,,NQC,9,5,NQC
COP2324-167,,PHARMACY,University of Jaffna,RATNAPURA,1.4249,value,9,5,1.4249
COP2324-168,,PHARMACY,University of Ruhuna,COLOMBO,1.4158,value,9,6,1.4158
COP2324-168,,PHARMACY,University of Ruhuna,GAMPAHA,1.4059,value,9,6,1.4059
COP2324-168,,PHARMACY,University of Ruhuna,KALUTARA,1.4559,value,9,6,1.4559
COP2324-168,,PHARMACY,University of Ruhuna,MATALE,,NQC,9,6,NQC
COP2324-168,,PHARMACY,University of Ruhuna,KANDY,1.4446,value,9,6,1.4446
COP2324-168,,PHARMACY,University of Ruhuna,NUWARA ELIYA,,NQC,9,6,NQC
COP2324-168,,PHARMACY,University of Ruhuna,GALLE,1.4410,value,9,6,1.4410
COP2324-168,,PHARMACY,University of Ruhuna,MATARA,1.4402,value,9,6,1.4402
COP2324-168,,PHARMACY,University of Ruhuna,HAMBANTOTA,1.4423,value,9,6,1.4423
COP2324-168,,PHARMACY,University of Ruhuna,JAFFNA,,NQC,9,6,NQC
COP2324-168,,PHARMACY,University of Ruhuna,KILINOCHCHI,,NQC,9,6,NQC
COP2324-168,,PHARMACY,University of Ruhuna,MANNAR,,NQC,9,6,NQC
COP2324-168,,PHARMACY,University of Ruhuna,MULLAITIVU,,NQC,9,6,NQC
COP2324-168,,PHARMACY,University of Ruhuna,VAVUNIYA,1.4065,value,9,6,1.4065
COP2324-168,,PHARMACY,University of Ruhuna,TRINCOMALEE,1.4879,value,9,6,1.4879
COP2324-168,,PHARMACY,University of Ruhuna,BATTICALOA,1.4778,value,9,6,1.4778
COP2324-168,,PHARMACY,University of Ruhuna,AMPARA,1.4783,value,9,6,1.4783
COP2324-168,,PHARMACY,University of Ruhuna,PUTTALAM,1.4109,value,9,6,1.4109
COP2324-168,,PHARMACY,University of Ruhuna,KURUNEGALA,1.4533,value,9,6,1.4533
COP2324-168,,PHARMACY,University of Ruhuna,ANURADHAPURA,1.4184,value,9,6,1.4184
COP2324-168,,PHARMACY,University of Ruhuna,POLONNARUWA,,NQC,9,6,NQC
COP2324-168,,PHARMACY,University of Ruhuna,BADULLA,1.4275,value,9,6,1.4275
COP2324-168,,PHARMACY,University of Ruhuna,MONARAGALA,1.4498,value,9,6,1.4498
COP2324-168,,PHARMACY,University of Ruhuna,KEGALLE,1.4504,value,9,6,1.4504
COP2324-168,,PHARMACY,University of Ruhuna,RATNAPURA,1.4258,value,9,6,1.4258
COP2324-169,,MEDICAL LABORATORY SCIENCES,University of Peradeniya,COLOMBO,1.6921,value,9,7,1.6921
COP2324-169,,MEDICAL LABORATORY SCIENCES,University of Peradeniya,GAMPAHA,,NQC,9,7,NQC
COP2324-169,,MEDICAL LABORATORY SCIENCES,University of Peradeniya,KALUTARA,1.7043,value,9,7,1.7043
COP2324-169,,MEDICAL LABORATORY SCIENCES,University of Peradeniya,MATALE,,NQC,9,7,NQC
COP2324-169,,MEDICAL LABORATORY SCIENCES,University of Peradeniya,KANDY,1.6707,value,9,7,1.6707
COP2324-169,,MEDICAL LABORATORY SCIENCES,University of Peradeniya,NUWARA ELIYA,,NQC,9,7,NQC
COP2324-169,,MEDICAL LABORATORY SCIENCES,University of Peradeniya,GALLE,,NQC,9,7,NQC
COP2324-169,,MEDICAL LABORATORY SCIENCES,University of Peradeniya,MATARA,1.6735,value,9,7,1.6735
COP2324-169,,MEDICAL LABORATORY SCIENCES,University of Peradeniya,HAMBANTOTA,1.6802,value,9,7,1.6802
COP2324-169,,MEDICAL LABORATORY SCIENCES,University of Peradeniya,JAFFNA,1.6904,value,9,7,1.6904
COP2324-169,,MEDICAL LABORATORY SCIENCES,University of Peradeniya,KILINOCHCHI,,NQC,9,7,NQC
COP2324-169,,MEDICAL LABORATORY SCIENCES,University of Peradeniya,MANNAR,,NQC,9,7,NQC
COP2324-169,,MEDICAL LABORATORY SCIENCES,University of Peradeniya,MULLAITIVU,,NQC,9,7,NQC
COP2324-169,,MEDICAL LABORATORY SCIENCES,University of Peradeniya,VAVUNIYA,,NQC,9,7,NQC
COP2324-169,,MEDICAL LABORATORY SCIENCES,University of Peradeniya,TRINCOMALEE,,NQC,9,7,NQC
COP2324-169,,MEDICAL LABORATORY SCIENCES,University of Peradeniya,BATTICALOA,1.6816,value,9,7,1.6816
COP2324-169,,MEDICAL LABORATORY SCIENCES,University of Peradeniya,AMPARA,1.6825,value,9,7,1.6825
COP2324-169,,MEDICAL LABORATORY SCIENCES,University of Peradeniya,PUTTALAM,,NQC,9,7,NQC
COP2324-169,,MEDICAL LABORATORY SCIENCES,University of Peradeniya,KURUNEGALA,1.6721,value,9,7,1.6721
COP2324-169,,MEDICAL LABORATORY SCIENCES,University of Peradeniya,ANURADHAPURA,,NQC,9,7,NQC
COP2324-169,,MEDICAL LABORATORY SCIENCES,University of Peradeniya,POLONNARUWA,,NQC,9,7,NQC
COP2324-169,,MEDICAL LABORATORY SCIENCES,University of Peradeniya,BADULLA,,NQC,9,7,NQC
COP2324-169,,MEDICAL LABORATORY SCIENCES,University of Peradeniya,MONARAGALA,,NQC,9,7,NQC
COP2324-169,,MEDICAL LABORATORY SCIENCES,University of Peradeniya,KEGALLE,,NQC,9,7,NQC
COP2324-169,,MEDICAL LABORATORY SCIENCES,University of Peradeniya,RATNAPURA,1.6757,value,9,7,1.6757
COP2324-170,,MEDICAL LABORATORY SCIENCES,University of Sri Jayewardenepura,COLOMBO,1.6279,value,9,8,1.6279
COP2324-170,,MEDICAL LABORATORY SCIENCES,University of Sri Jayewardenepura,GAMPAHA,,NQC,9,8,NQC
COP2324-170,,MEDICAL LABORATORY SCIENCES,University of Sri Jayewardenepura,KALUTARA,1.6314,value,9,8,1.6314
COP2324-170,,MEDICAL LABORATORY SCIENCES,University of Sri Jayewardenepura,MATALE,,NQC,9,8,NQC
COP2324-170,,MEDICAL LABORATORY SCIENCES,University of Sri Jayewardenepura,KANDY,1.6401,value,9,8,1.6401
COP2324-170,,MEDICAL LABORATORY SCIENCES,University of Sri Jayewardenepura,NUWARA ELIYA,,NQC,9,8,NQC
COP2324-170,,MEDICAL LABORATORY SCIENCES,University of Sri Jayewardenepura,GALLE,1.6303,value,9,8,1.6303
COP2324-170,,MEDICAL LABORATORY SCIENCES,University of Sri Jayewardenepura,MATARA,1.6559,value,9,8,1.6559
COP2324-170,,MEDICAL LABORATORY SCIENCES,University of Sri Jayewardenepura,HAMBANTOTA,1.6263,value,9,8,1.6263
COP2324-170,,MEDICAL LABORATORY SCIENCES,University of Sri Jayewardenepura,JAFFNA,1.6349,value,9,8,1.6349
COP2324-170,,MEDICAL LABORATORY SCIENCES,University of Sri Jayewardenepura,KILINOCHCHI,,NQC,9,8,NQC
COP2324-170,,MEDICAL LABORATORY SCIENCES,University of Sri Jayewardenepura,MANNAR,,NQC,9,8,NQC
COP2324-170,,MEDICAL LABORATORY SCIENCES,University of Sri Jayewardenepura,MULLAITIVU,,NQC,9,8,NQC
COP2324-170,,MEDICAL LABORATORY SCIENCES,University of Sri Jayewardenepura,VAVUNIYA,,NQC,9,8,NQC
COP2324-170,,MEDICAL LABORATORY SCIENCES,University of Sri Jayewardenepura,TRINCOMALEE,,NQC,9,8,NQC
COP2324-170,,MEDICAL LABORATORY SCIENCES,University of Sri Jayewardenepura,BATTICALOA,1.6264,value,9,8,1.6264
COP2324-170,,MEDICAL LABORATORY SCIENCES,University of Sri Jayewardenepura,AMPARA,1.6641,value,9,8,1.6641
COP2324-170,,MEDICAL LABORATORY SCIENCES,University of Sri Jayewardenepura,PUTTALAM,,NQC,9,8,NQC
COP2324-170,,MEDICAL LABORATORY SCIENCES,University of Sri Jayewardenepura,KURUNEGALA,1.6272,value,9,8,1.6272
COP2324-170,,MEDICAL LABORATORY SCIENCES,University of Sri Jayewardenepura,ANURADHAPURA,,NQC,9,8,NQC
COP2324-170,,MEDICAL LABORATORY SCIENCES,University of Sri Jayewardenepura,POLONNARUWA,,NQC,9,8,NQC
COP2324-170,,MEDICAL LABORATORY SCIENCES,University of Sri Jayewardenepura,BADULLA,,NQC,9,8,NQC
COP2324-170,,MEDICAL LABORATORY SCIENCES,University of Sri Jayewardenepura,MONARAGALA,,NQC,9,8,NQC
COP2324-170,,MEDICAL LABORATORY SCIENCES,University of Sri Jayewardenepura,KEGALLE,1.6272,value,9,8,1.6272
COP2324-170,,MEDICAL LABORATORY SCIENCES,University of Sri Jayewardenepura,RATNAPURA,1.6286,value,9,8,1.6286
COP2324-171,,MEDICAL LABORATORY SCIENCES,University of Jaffna,COLOMBO,1.3332,value,9,9,1.3332
COP2324-171,,MEDICAL LABORATORY SCIENCES,University of Jaffna,GAMPAHA,1.3844,value,9,9,1.3844
COP2324-171,,MEDICAL LABORATORY SCIENCES,University of Jaffna,KALUTARA,,NQC,9,9,NQC
COP2324-171,,MEDICAL LABORATORY SCIENCES,University of Jaffna,MATALE,1.5035,value,9,9,1.5035
COP2324-171,,MEDICAL LABORATORY SCIENCES,University of Jaffna,KANDY,1.4249,value,9,9,1.4249
COP2324-171,,MEDICAL LABORATORY SCIENCES,University of Jaffna,NUWARA ELIYA,1.2636,value,9,9,1.2636
COP2324-171,,MEDICAL LABORATORY SCIENCES,University of Jaffna,GALLE,,NQC,9,9,NQC
COP2324-171,,MEDICAL LABORATORY SCIENCES,University of Jaffna,MATARA,,NQC,9,9,NQC
COP2324-171,,MEDICAL LABORATORY SCIENCES,University of Jaffna,HAMBANTOTA,,NQC,9,9,NQC
COP2324-171,,MEDICAL LABORATORY SCIENCES,University of Jaffna,JAFFNA,1.6053,value,9,9,1.6053
COP2324-171,,MEDICAL LABORATORY SCIENCES,University of Jaffna,KILINOCHCHI,1.4217,value,9,9,1.4217
COP2324-171,,MEDICAL LABORATORY SCIENCES,University of Jaffna,MANNAR,1.4899,value,9,9,1.4899
COP2324-171,,MEDICAL LABORATORY SCIENCES,University of Jaffna,MULLAITIVU,1.6104,value,9,9,1.6104
COP2324-171,,MEDICAL LABORATORY SCIENCES,University of Jaffna,VAVUNIYA,1.5383,value,9,9,1.5383
COP2324-171,,MEDICAL LABORATORY SCIENCES,University of Jaffna,TRINCOMALEE,1.4936,value,9,9,1.4936
COP2324-171,,MEDICAL LABORATORY SCIENCES,University of Jaffna,BATTICALOA,1.5933,value,9,9,1.5933
COP2324-171,,MEDICAL LABORATORY SCIENCES,University of Jaffna,AMPARA,1.5981,value,9,9,1.5981
COP2324-171,,MEDICAL LABORATORY SCIENCES,University of Jaffna,PUTTALAM,1.5261,value,9,9,1.5261
COP2324-171,,MEDICAL LABORATORY SCIENCES,University of Jaffna,KURUNEGALA,1.5848,value,9,9,1.5848
COP2324-171,,MEDICAL LABORATORY SCIENCES,University of Jaffna,ANURADHAPURA,1.3480,value,9,9,1.3480
COP2324-171,,MEDICAL LABORATORY SCIENCES,University of Jaffna,POLONNARUWA,1.3634,value,9,9,1.3634
COP2324-171,,MEDICAL LABORATORY SCIENCES,University of Jaffna,BADULLA,1.4093,value,9,9,1.4093
COP2324-171,,MEDICAL LABORATORY SCIENCES,University of Jaffna,MONARAGALA,1.3848,value,9,9,1.3848
COP2324-171,,MEDICAL LABORATORY SCIENCES,University of Jaffna,KEGALLE,1.5111,value,9,9,1.5111
COP2324-171,,MEDICAL LABORATORY SCIENCES,University of Jaffna,RATNAPURA,1.5901,value,9,9,1.5901
COP2324-172,,MEDICAL LABORATORY SCIENCES,University of Ruhuna,COLOMBO,1.5478,value,9,10,1.5478
COP2324-172,,MEDICAL LABORATORY SCIENCES,University of Ruhuna,GAMPAHA,1.5470,value,9,10,1.5470
COP2324-172,,MEDICAL LABORATORY SCIENCES,University of Ruhuna,KALUTARA,1.5924,value,9,10,1.5924
COP2324-172,,MEDICAL LABORATORY SCIENCES,University of Ruhuna,MATALE,,NQC,9,10,NQC
COP2324-172,,MEDICAL LABORATORY SCIENCES,University of Ruhuna,KANDY,1.5929,value,9,10,1.5929
COP2324-172,,MEDICAL LABORATORY SCIENCES,University of Ruhuna,NUWARA ELIYA,,NQC,9,10,NQC
COP2324-172,,MEDICAL LABORATORY SCIENCES,University of Ruhuna,GALLE,1.5725,value,9,10,1.5725
COP2324-172,,MEDICAL LABORATORY SCIENCES,University of Ruhuna,MATARA,1.5945,value,9,10,1.5945
COP2324-172,,MEDICAL LABORATORY SCIENCES,University of Ruhuna,HAMBANTOTA,1.5896,value,9,10,1.5896
COP2324-172,,MEDICAL LABORATORY SCIENCES,University of Ruhuna,JAFFNA,,NQC,9,10,NQC
COP2324-172,,MEDICAL LABORATORY SCIENCES,University of Ruhuna,KILINOCHCHI,,NQC,9,10,NQC
COP2324-172,,MEDICAL LABORATORY SCIENCES,University of Ruhuna,MANNAR,,NQC,9,10,NQC
COP2324-172,,MEDICAL LABORATORY SCIENCES,University of Ruhuna,MULLAITIVU,,NQC,9,10,NQC
COP2324-172,,MEDICAL LABORATORY SCIENCES,University of Ruhuna,VAVUNIYA,,NQC,9,10,NQC
COP2324-172,,MEDICAL LABORATORY SCIENCES,University of Ruhuna,TRINCOMALEE,,NQC,9,10,NQC
COP2324-172,,MEDICAL LABORATORY SCIENCES,University of Ruhuna,BATTICALOA,1.6168,value,9,10,1.6168
COP2324-172,,MEDICAL LABORATORY SCIENCES,University of Ruhuna,AMPARA,1.6075,value,9,10,1.6075
COP2324-172,,MEDICAL LABORATORY SCIENCES,University of Ruhuna,PUTTALAM,1.5361,value,9,10,1.5361
COP2324-172,,MEDICAL LABORATORY SCIENCES,University of Ruhuna,KURUNEGALA,1.5663,value,9,10,1.5663
COP2324-172,,MEDICAL LABORATORY SCIENCES,University of Ruhuna,ANURADHAPURA,,NQC,9,10,NQC
COP2324-172,,MEDICAL LABORATORY SCIENCES,University of Ruhuna,POLONNARUWA,,NQC,9,10,NQC
COP2324-172,,MEDICAL LABORATORY SCIENCES,University of Ruhuna,BADULLA,,NQC,9,10,NQC
COP2324-172,,MEDICAL LABORATORY SCIENCES,University of Ruhuna,MONARAGALA,,NQC,9,10,NQC
COP2324-172,,MEDICAL LABORATORY SCIENCES,University of Ruhuna,KEGALLE,1.5514,value,9,10,1.5514
COP2324-172,,MEDICAL LABORATORY SCIENCES,University of Ruhuna,RATNAPURA,1.5833,value,9,10,1.5833
COP2324-173,,RADIOGRAPHY,University of Peradeniya,COLOMBO,1.3867,value,9,11,1.3867
COP2324-173,,RADIOGRAPHY,University of Peradeniya,GAMPAHA,1.4445,value,9,11,1.4445
COP2324-173,,RADIOGRAPHY,University of Peradeniya,KALUTARA,1.4930,value,9,11,1.4930
COP2324-173,,RADIOGRAPHY,University of Peradeniya,MATALE,1.3989,value,9,11,1.3989
COP2324-173,,RADIOGRAPHY,University of Peradeniya,KANDY,1.5115,value,9,11,1.5115
COP2324-173,,RADIOGRAPHY,University of Peradeniya,NUWARA ELIYA,1.3704,value,9,11,1.3704
COP2324-173,,RADIOGRAPHY,University of Peradeniya,GALLE,1.4786,value,9,11,1.4786
COP2324-173,,RADIOGRAPHY,University of Peradeniya,MATARA,1.5349,value,9,11,1.5349
COP2324-173,,RADIOGRAPHY,University of Peradeniya,HAMBANTOTA,1.4920,value,9,11,1.4920
COP2324-173,,RADIOGRAPHY,University of Peradeniya,JAFFNA,1.5573,value,9,11,1.5573
COP2324-173,,RADIOGRAPHY,University of Peradeniya,KILINOCHCHI,1.4074,value,9,11,1.4074
COP2324-173,,RADIOGRAPHY,University of Peradeniya,MANNAR,1.5134,value,9,11,1.5134
COP2324-173,,RADIOGRAPHY,University of Peradeniya,MULLAITIVU,1.5474,value,9,11,1.5474
COP2324-173,,RADIOGRAPHY,University of Peradeniya,VAVUNIYA,1.3475,value,9,11,1.3475
COP2324-173,,RADIOGRAPHY,University of Peradeniya,TRINCOMALEE,1.4703,value,9,11,1.4703
COP2324-173,,RADIOGRAPHY,University of Peradeniya,BATTICALOA,1.5746,value,9,11,1.5746
COP2324-173,,RADIOGRAPHY,University of Peradeniya,AMPARA,1.5758,value,9,11,1.5758
COP2324-173,,RADIOGRAPHY,University of Peradeniya,PUTTALAM,1.4637,value,9,11,1.4637
COP2324-173,,RADIOGRAPHY,University of Peradeniya,KURUNEGALA,1.5285,value,9,11,1.5285
COP2324-173,,RADIOGRAPHY,University of Peradeniya,ANURADHAPURA,1.4216,value,9,11,1.4216
COP2324-173,,RADIOGRAPHY,University of Peradeniya,POLONNARUWA,1.3998,value,9,11,1.3998
COP2324-173,,RADIOGRAPHY,University of Peradeniya,BADULLA,1.4788,value,9,11,1.4788
COP2324-173,,RADIOGRAPHY,University of Peradeniya,MONARAGALA,1.4788,value,9,11,1.4788
COP2324-173,,RADIOGRAPHY,University of Peradeniya,KEGALLE,1.5293,value,9,11,1.5293
COP2324-173,,RADIOGRAPHY,University of Peradeniya,RATNAPURA,1.5334,value,9,11,1.5334
COP2324-174,,MEDICAL IMAGING TECHNOLOGY,University of Colombo,COLOMBO,1.5391,value,9,12,1.5391
COP2324-174,,MEDICAL IMAGING TECHNOLOGY,University of Colombo,GAMPAHA,1.4494,value,9,12,1.4494
COP2324-174,,MEDICAL IMAGING TECHNOLOGY,University of Colombo,KALUTARA,1.5183,value,9,12,1.5183
COP2324-174,,MEDICAL IMAGING TECHNOLOGY,University of Colombo,MATALE,1.3394,value,9,12,1.3394
COP2324-174,,MEDICAL IMAGING TECHNOLOGY,University of Colombo,KANDY,1.4585,value,9,12,1.4585
COP2324-174,,MEDICAL IMAGING TECHNOLOGY,University of Colombo,NUWARA ELIYA,1.3539,value,9,12,1.3539
COP2324-174,,MEDICAL IMAGING TECHNOLOGY,University of Colombo,GALLE,1.4392,value,9,12,1.4392
COP2324-174,,MEDICAL IMAGING TECHNOLOGY,University of Colombo,MATARA,1.4795,value,9,12,1.4795
COP2324-174,,MEDICAL IMAGING TECHNOLOGY,University of Colombo,HAMBANTOTA,1.5434,value,9,12,1.5434
COP2324-174,,MEDICAL IMAGING TECHNOLOGY,University of Colombo,JAFFNA,1.5571,value,9,12,1.5571
COP2324-174,,MEDICAL IMAGING TECHNOLOGY,University of Colombo,KILINOCHCHI,1.2894,value,9,12,1.2894
COP2324-174,,MEDICAL IMAGING TECHNOLOGY,University of Colombo,MANNAR,1.4626,value,9,12,1.4626
COP2324-174,,MEDICAL IMAGING TECHNOLOGY,University of Colombo,MULLAITIVU,1.3841,value,9,12,1.3841
COP2324-174,,MEDICAL IMAGING TECHNOLOGY,University of Colombo,VAVUNIYA,1.3949,value,9,12,1.3949
COP2324-174,,MEDICAL IMAGING TECHNOLOGY,University of Colombo,TRINCOMALEE,1.4441,value,9,12,1.4441
COP2324-174,,MEDICAL IMAGING TECHNOLOGY,University of Colombo,BATTICALOA,1.5111,value,9,12,1.5111
COP2324-174,,MEDICAL IMAGING TECHNOLOGY,University of Colombo,AMPARA,1.5277,value,9,12,1.5277
COP2324-174,,MEDICAL IMAGING TECHNOLOGY,University of Colombo,PUTTALAM,1.5100,value,9,12,1.5100
COP2324-174,,MEDICAL IMAGING TECHNOLOGY,University of Colombo,KURUNEGALA,1.5212,value,9,12,1.5212
COP2324-174,,MEDICAL IMAGING TECHNOLOGY,University of Colombo,ANURADHAPURA,1.3866,value,9,12,1.3866
COP2324-174,,MEDICAL IMAGING TECHNOLOGY,University of Colombo,POLONNARUWA,1.3529,value,9,12,1.3529
COP2324-174,,MEDICAL IMAGING TECHNOLOGY,University of Colombo,BADULLA,1.5170,value,9,12,1.5170
COP2324-174,,MEDICAL IMAGING TECHNOLOGY,University of Colombo,MONARAGALA,1.4922,value,9,12,1.4922
COP2324-174,,MEDICAL IMAGING TECHNOLOGY,University of Colombo,KEGALLE,1.5200,value,9,12,1.5200
COP2324-174,,MEDICAL IMAGING TECHNOLOGY,University of Colombo,RATNAPURA,1.5577,value,9,12,1.5577
COP2324-175,,PHYSIOTHERAPY,University of Colombo,COLOMBO,1.6383,value,9,13,1.6383
COP2324-175,,PHYSIOTHERAPY,University of Colombo,GAMPAHA,1.6095,value,9,13,1.6095
COP2324-175,,PHYSIOTHERAPY,University of Colombo,KALUTARA,1.6584,value,9,13,1.6584
COP2324-175,,PHYSIOTHERAPY,University of Colombo,MATALE,,NQC,9,13,NQC
COP2324-175,,PHYSIOTHERAPY,University of Colombo,KANDY,1.6175,value,9,13,1.6175
COP2324-175,,PHYSIOTHERAPY,University of Colombo,NUWARA ELIYA,,NQC,9,13,NQC
COP2324-175,,PHYSIOTHERAPY,University of Colombo,GALLE,1.6379,value,9,13,1.6379
COP2324-175,,PHYSIOTHERAPY,University of Colombo,MATARA,1.6758,value,9,13,1.6758
COP2324-175,,PHYSIOTHERAPY,University of Colombo,HAMBANTOTA,1.6283,value,9,13,1.6283
COP2324-175,,PHYSIOTHERAPY,University of Colombo,JAFFNA,1.6682,value,9,13,1.6682
COP2324-175,,PHYSIOTHERAPY,University of Colombo,KILINOCHCHI,,NQC,9,13,NQC
COP2324-175,,PHYSIOTHERAPY,University of Colombo,MANNAR,,NQC,9,13,NQC
COP2324-175,,PHYSIOTHERAPY,University of Colombo,MULLAITIVU,1.6496,value,9,13,1.6496
COP2324-175,,PHYSIOTHERAPY,University of Colombo,VAVUNIYA,,NQC,9,13,NQC
COP2324-175,,PHYSIOTHERAPY,University of Colombo,TRINCOMALEE,,NQC,9,13,NQC
COP2324-175,,PHYSIOTHERAPY,University of Colombo,BATTICALOA,1.6555,value,9,13,1.6555
COP2324-175,,PHYSIOTHERAPY,University of Colombo,AMPARA,1.6032,value,9,13,1.6032
COP2324-175,,PHYSIOTHERAPY,University of Colombo,PUTTALAM,,NQC,9,13,NQC
COP2324-175,,PHYSIOTHERAPY,University of Colombo,KURUNEGALA,1.6362,value,9,13,1.6362
COP2324-175,,PHYSIOTHERAPY,University of Colombo,ANURADHAPURA,,NQC,9,13,NQC
COP2324-175,,PHYSIOTHERAPY,University of Colombo,POLONNARUWA,,NQC,9,13,NQC
COP2324-175,,PHYSIOTHERAPY,University of Colombo,BADULLA,,NQC,9,13,NQC
COP2324-175,,PHYSIOTHERAPY,University of Colombo,MONARAGALA,,NQC,9,13,NQC
COP2324-175,,PHYSIOTHERAPY,University of Colombo,KEGALLE,1.6094,value,9,13,1.6094
COP2324-175,,PHYSIOTHERAPY,University of Colombo,RATNAPURA,1.6215,value,9,13,1.6215
COP2324-176,,PHYSIOTHERAPY,University of Peradeniya,COLOMBO,,NQC,9,14,NQC
COP2324-176,,PHYSIOTHERAPY,University of Peradeniya,GAMPAHA,1.5587,value,9,14,1.5587
COP2324-176,,PHYSIOTHERAPY,University of Peradeniya,KALUTARA,1.6815,value,9,14,1.6815
COP2324-176,,PHYSIOTHERAPY,University of Peradeniya,MATALE,1.5695,value,9,14,1.5695
COP2324-176,,PHYSIOTHERAPY,University of Peradeniya,KANDY,1.5465,value,9,14,1.5465
COP2324-176,,PHYSIOTHERAPY,University of Peradeniya,NUWARA ELIYA,1.3708,value,9,14,1.3708
COP2324-176,,PHYSIOTHERAPY,University of Peradeniya,GALLE,,NQC,9,14,NQC
COP2324-176,,PHYSIOTHERAPY,University of Peradeniya,MATARA,1.6770,value,9,14,1.6770
COP2324-176,,PHYSIOTHERAPY,University of Peradeniya,HAMBANTOTA,,NQC,9,14,NQC
COP2324-176,,PHYSIOTHERAPY,University of Peradeniya,JAFFNA,1.6628,value,9,14,1.6628
COP2324-176,,PHYSIOTHERAPY,University of Peradeniya,KILINOCHCHI,1.5318,value,9,14,1.5318
COP2324-176,,PHYSIOTHERAPY,University of Peradeniya,MANNAR,1.6609,value,9,14,1.6609
COP2324-176,,PHYSIOTHERAPY,University of Peradeniya,MULLAITIVU,,NQC,9,14,NQC
COP2324-176,,PHYSIOTHERAPY,University of Peradeniya,VAVUNIYA,1.4442,value,9,14,1.4442
COP2324-176,,PHYSIOTHERAPY,University of Peradeniya,TRINCOMALEE,1.5316,value,9,14,1.5316
COP2324-176,,PHYSIOTHERAPY,University of Peradeniya,BATTICALOA,,NQC,9,14,NQC
COP2324-176,,PHYSIOTHERAPY,University of Peradeniya,AMPARA,,NQC,9,14,NQC
COP2324-176,,PHYSIOTHERAPY,University of Peradeniya,PUTTALAM,1.5572,value,9,14,1.5572
COP2324-176,,PHYSIOTHERAPY,University of Peradeniya,KURUNEGALA,1.6588,value,9,14,1.6588
COP2324-176,,PHYSIOTHERAPY,University of Peradeniya,ANURADHAPURA,1.4438,value,9,14,1.4438
COP2324-176,,PHYSIOTHERAPY,University of Peradeniya,POLONNARUWA,1.4299,value,9,14,1.4299
COP2324-176,,PHYSIOTHERAPY,University of Peradeniya,BADULLA,1.4320,value,9,14,1.4320
COP2324-176,,PHYSIOTHERAPY,University of Peradeniya,MONARAGALA,1.5586,value,9,14,1.5586
COP2324-176,,PHYSIOTHERAPY,University of Peradeniya,KEGALLE,,NQC,9,14,NQC
COP2324-176,,PHYSIOTHERAPY,University of Peradeniya,RATNAPURA,1.5892,value,9,14,1.5892
COP2324-177,,OCCUPATIONAL THERAPY,University of Kelaniya,COLOMBO,1.2943,value,9,15,1.2943
COP2324-177,,OCCUPATIONAL THERAPY,University of Kelaniya,GAMPAHA,1.2241,value,9,15,1.2241
COP2324-177,,OCCUPATIONAL THERAPY,University of Kelaniya,KALUTARA,1.3497,value,9,15,1.3497
COP2324-177,,OCCUPATIONAL THERAPY,University of Kelaniya,MATALE,1.3862,value,9,15,1.3862
COP2324-177,,OCCUPATIONAL THERAPY,University of Kelaniya,KANDY,1.2856,value,9,15,1.2856
COP2324-177,,OCCUPATIONAL THERAPY,University of Kelaniya,NUWARA ELIYA,1.2369,value,9,15,1.2369
COP2324-177,,OCCUPATIONAL THERAPY,University of Kelaniya,GALLE,1.4081,value,9,15,1.4081
COP2324-177,,OCCUPATIONAL THERAPY,University of Kelaniya,MATARA,1.3937,value,9,15,1.3937
COP2324-177,,OCCUPATIONAL THERAPY,University of Kelaniya,HAMBANTOTA,1.3740,value,9,15,1.3740
COP2324-177,,OCCUPATIONAL THERAPY,University of Kelaniya,JAFFNA,1.4339,value,9,15,1.4339
COP2324-177,,OCCUPATIONAL THERAPY,University of Kelaniya,KILINOCHCHI,1.3781,value,9,15,1.3781
COP2324-177,,OCCUPATIONAL THERAPY,University of Kelaniya,MANNAR,1.1275,value,9,15,1.1275
COP2324-177,,OCCUPATIONAL THERAPY,University of Kelaniya,MULLAITIVU,1.2725,value,9,15,1.2725
COP2324-177,,OCCUPATIONAL THERAPY,University of Kelaniya,VAVUNIYA,1.1512,value,9,15,1.1512
COP2324-177,,OCCUPATIONAL THERAPY,University of Kelaniya,TRINCOMALEE,1.4293,value,9,15,1.4293
COP2324-177,,OCCUPATIONAL THERAPY,University of Kelaniya,BATTICALOA,1.4355,value,9,15,1.4355
COP2324-177,,OCCUPATIONAL THERAPY,University of Kelaniya,AMPARA,1.4270,value,9,15,1.4270
COP2324-177,,OCCUPATIONAL THERAPY,University of Kelaniya,PUTTALAM,1.4153,value,9,15,1.4153
COP2324-177,,OCCUPATIONAL THERAPY,University of Kelaniya,KURUNEGALA,1.4128,value,9,15,1.4128
COP2324-177,,OCCUPATIONAL THERAPY,University of Kelaniya,ANURADHAPURA,1.3319,value,9,15,1.3319
COP2324-177,,OCCUPATIONAL THERAPY,University of Kelaniya,POLONNARUWA,1.1079,value,9,15,1.1079
COP2324-177,,OCCUPATIONAL THERAPY,University of Kelaniya,BADULLA,1.2731,value,9,15,1.2731
COP2324-177,,OCCUPATIONAL THERAPY,University of Kelaniya,MONARAGALA,1.4181,value,9,15,1.4181
COP2324-177,,OCCUPATIONAL THERAPY,University of Kelaniya,KEGALLE,1.4074,value,9,15,1.4074
COP2324-177,,OCCUPATIONAL THERAPY,University of Kelaniya,RATNAPURA,1.3910,value,9,15,1.3910
COP2324-178,,OPTOMETRY,University of Sri Jayewardenepura,COLOMBO,1.3269,value,9,16,1.3269
COP2324-178,,OPTOMETRY,University of Sri Jayewardenepura,GAMPAHA,1.4194,value,9,16,1.4194
COP2324-178,,OPTOMETRY,University of Sri Jayewardenepura,KALUTARA,1.3481,value,9,16,1.3481
COP2324-178,,OPTOMETRY,University of Sri Jayewardenepura,MATALE,1.3884,value,9,16,1.3884
COP2324-178,,OPTOMETRY,University of Sri Jayewardenepura,KANDY,1.3643,value,9,16,1.3643
COP2324-178,,OPTOMETRY,University of Sri Jayewardenepura,NUWARA ELIYA,1.3337,value,9,16,1.3337
COP2324-178,,OPTOMETRY,University of Sri Jayewardenepura,GALLE,1.4101,value,9,16,1.4101
COP2324-178,,OPTOMETRY,University of Sri Jayewardenepura,MATARA,1.3924,value,9,16,1.3924
COP2324-178,,OPTOMETRY,University of Sri Jayewardenepura,HAMBANTOTA,1.4701,value,9,16,1.4701
COP2324-178,,OPTOMETRY,University of Sri Jayewardenepura,JAFFNA,1.4726,value,9,16,1.4726
COP2324-178,,OPTOMETRY,University of Sri Jayewardenepura,KILINOCHCHI,1.3999,value,9,16,1.3999
COP2324-178,,OPTOMETRY,University of Sri Jayewardenepura,MANNAR,1.4513,value,9,16,1.4513
COP2324-178,,OPTOMETRY,University of Sri Jayewardenepura,MULLAITIVU,1.4618,value,9,16,1.4618
COP2324-178,,OPTOMETRY,University of Sri Jayewardenepura,VAVUNIYA,1.4500,value,9,16,1.4500
COP2324-178,,OPTOMETRY,University of Sri Jayewardenepura,TRINCOMALEE,1.4374,value,9,16,1.4374
COP2324-178,,OPTOMETRY,University of Sri Jayewardenepura,BATTICALOA,1.4398,value,9,16,1.4398
COP2324-178,,OPTOMETRY,University of Sri Jayewardenepura,AMPARA,1.4645,value,9,16,1.4645
COP2324-178,,OPTOMETRY,University of Sri Jayewardenepura,PUTTALAM,1.4549,value,9,16,1.4549
COP2324-178,,OPTOMETRY,University of Sri Jayewardenepura,KURUNEGALA,1.4525,value,9,16,1.4525
COP2324-178,,OPTOMETRY,University of Sri Jayewardenepura,ANURADHAPURA,1.1698,value,9,16,1.1698
COP2324-178,,OPTOMETRY,University of Sri Jayewardenepura,POLONNARUWA,1.1250,value,9,16,1.1250
COP2324-178,,OPTOMETRY,University of Sri Jayewardenepura,BADULLA,1.3029,value,9,16,1.3029
COP2324-178,,OPTOMETRY,University of Sri Jayewardenepura,MONARAGALA,1.3376,value,9,16,1.3376
COP2324-178,,OPTOMETRY,University of Sri Jayewardenepura,KEGALLE,1.4523,value,9,16,1.4523
COP2324-178,,OPTOMETRY,University of Sri Jayewardenepura,RATNAPURA,1.4055,value,9,16,1.4055
COP2324-179,,ENVIRONMENTAL CONSERVATION & MANAGEMENT,University of Kelaniya,COLOMBO,0.9778,value,9,17,0.9778
COP2324-179,,ENVIRONMENTAL CONSERVATION & MANAGEMENT,University of Kelaniya,GAMPAHA,1.0108,value,9,17,1.0108
COP2324-179,,ENVIRONMENTAL CONSERVATION & MANAGEMENT,University of Kelaniya,KALUTARA,0.9067,value,9,17,0.9067
COP2324-179,,ENVIRONMENTAL CONSERVATION & MANAGEMENT,University of Kelaniya,MATALE,0.8433,value,9,17,0.8433
COP2324-179,,ENVIRONMENTAL CONSERVATION & MANAGEMENT,University of Kelaniya,KANDY,1.0451,value,9,17,1.0451
COP2324-179,,ENVIRONMENTAL CONSERVATION & MANAGEMENT,University of Kelaniya,NUWARA ELIYA,0.8631,value,9,17,0.8631
COP2324-179,,ENVIRONMENTAL CONSERVATION & MANAGEMENT,University of Kelaniya,GALLE,1.0432,value,9,17,1.0432
COP2324-179,,ENVIRONMENTAL CONSERVATION & MANAGEMENT,University of Kelaniya,MATARA,1.0020,value,9,17,1.0020
COP2324-179,,ENVIRONMENTAL CONSERVATION & MANAGEMENT,University of Kelaniya,HAMBANTOTA,1.0376,value,9,17,1.0376
COP2324-179,,ENVIRONMENTAL CONSERVATION & MANAGEMENT,University of Kelaniya,JAFFNA,0.8478,value,9,17,0.8478
COP2324-179,,ENVIRONMENTAL CONSERVATION & MANAGEMENT,University of Kelaniya,KILINOCHCHI,0.7930,value,9,17,0.7930
COP2324-179,,ENVIRONMENTAL CONSERVATION & MANAGEMENT,University of Kelaniya,MANNAR,0.6823,value,9,17,0.6823
COP2324-179,,ENVIRONMENTAL CONSERVATION & MANAGEMENT,University of Kelaniya,MULLAITIVU,0.2724,value,9,17,0.2724
COP2324-179,,ENVIRONMENTAL CONSERVATION & MANAGEMENT,University of Kelaniya,VAVUNIYA,0.6881,value,9,17,0.6881
COP2324-179,,ENVIRONMENTAL CONSERVATION & MANAGEMENT,University of Kelaniya,TRINCOMALEE,0.9148,value,9,17,0.9148
COP2324-179,,ENVIRONMENTAL CONSERVATION & MANAGEMENT,University of Kelaniya,BATTICALOA,0.8607,value,9,17,0.8607
COP2324-179,,ENVIRONMENTAL CONSERVATION & MANAGEMENT,University of Kelaniya,AMPARA,0.8529,value,9,17,0.8529
COP2324-179,,ENVIRONMENTAL CONSERVATION & MANAGEMENT,University of Kelaniya,PUTTALAM,0.9038,value,9,17,0.9038
COP2324-179,,ENVIRONMENTAL CONSERVATION & MANAGEMENT,University of Kelaniya,KURUNEGALA,0.9927,value,9,17,0.9927
COP2324-179,,ENVIRONMENTAL CONSERVATION & MANAGEMENT,University of Kelaniya,ANURADHAPURA,0.9503,value,9,17,0.9503
COP2324-179,,ENVIRONMENTAL CONSERVATION & MANAGEMENT,University of Kelaniya,POLONNARUWA,0.7123,value,9,17,0.7123
COP2324-179,,ENVIRONMENTAL CONSERVATION & MANAGEMENT,University of Kelaniya,BADULLA,0.9915,value,9,17,0.9915
COP2324-179,,ENVIRONMENTAL CONSERVATION & MANAGEMENT,University of Kelaniya,MONARAGALA,0.8994,value,9,17,0.8994
COP2324-179,,ENVIRONMENTAL CONSERVATION & MANAGEMENT,University of Kelaniya,KEGALLE,1.0143,value,9,17,1.0143
COP2324-179,,ENVIRONMENTAL CONSERVATION & MANAGEMENT,University of Kelaniya,RATNAPURA,0.9750,value,9,17,0.9750
COP2324-180,,APPLIED CHEMISTRY,University of Kelaniya,COLOMBO,1.4826,value,9,18,1.4826
COP2324-180,,APPLIED CHEMISTRY,University of Kelaniya,GAMPAHA,1.4424,value,9,18,1.4424
COP2324-180,,APPLIED CHEMISTRY,University of Kelaniya,KALUTARA,1.4676,value,9,18,1.4676
COP2324-180,,APPLIED CHEMISTRY,University of Kelaniya,MATALE,1.4571,value,9,18,1.4571
COP2324-180,,APPLIED CHEMISTRY,University of Kelaniya,KANDY,1.4556,value,9,18,1.4556
COP2324-180,,APPLIED CHEMISTRY,University of Kelaniya,NUWARA ELIYA,1.3484,value,9,18,1.3484
COP2324-180,,APPLIED CHEMISTRY,University of Kelaniya,GALLE,1.4921,value,9,18,1.4921
COP2324-180,,APPLIED CHEMISTRY,University of Kelaniya,MATARA,1.4796,value,9,18,1.4796
COP2324-180,,APPLIED CHEMISTRY,University of Kelaniya,HAMBANTOTA,1.4280,value,9,18,1.4280
COP2324-180,,APPLIED CHEMISTRY,University of Kelaniya,JAFFNA,1.4135,value,9,18,1.4135
COP2324-180,,APPLIED CHEMISTRY,University of Kelaniya,KILINOCHCHI,0.8946,value,9,18,0.8946
COP2324-180,,APPLIED CHEMISTRY,University of Kelaniya,MANNAR,0.7841,value,9,18,0.7841
COP2324-180,,APPLIED CHEMISTRY,University of Kelaniya,MULLAITIVU,0.4884,value,9,18,0.4884
COP2324-180,,APPLIED CHEMISTRY,University of Kelaniya,VAVUNIYA,1.2574,value,9,18,1.2574
COP2324-180,,APPLIED CHEMISTRY,University of Kelaniya,TRINCOMALEE,1.4293,value,9,18,1.4293
COP2324-180,,APPLIED CHEMISTRY,University of Kelaniya,BATTICALOA,1.4109,value,9,18,1.4109
COP2324-180,,APPLIED CHEMISTRY,University of Kelaniya,AMPARA,1.4311,value,9,18,1.4311
COP2324-180,,APPLIED CHEMISTRY,University of Kelaniya,PUTTALAM,1.4426,value,9,18,1.4426
COP2324-180,,APPLIED CHEMISTRY,University of Kelaniya,KURUNEGALA,1.4676,value,9,18,1.4676
COP2324-180,,APPLIED CHEMISTRY,University of Kelaniya,ANURADHAPURA,1.4453,value,9,18,1.4453
COP2324-180,,APPLIED CHEMISTRY,University of Kelaniya,POLONNARUWA,1.4210,value,9,18,1.4210
COP2324-180,,APPLIED CHEMISTRY,University of Kelaniya,BADULLA,1.3837,value,9,18,1.3837
COP2324-180,,APPLIED CHEMISTRY,University of Kelaniya,MONARAGALA,1.3014,value,9,18,1.3014
COP2324-180,,APPLIED CHEMISTRY,University of Kelaniya,KEGALLE,1.4505,value,9,18,1.4505
COP2324-180,,APPLIED CHEMISTRY,University of Kelaniya,RATNAPURA,1.4297,value,9,18,1.4297
COP2324-181,,ELECTRONICS AND COMPUTER SCIENCE,University of Kelaniya,COLOMBO,1.5140,value,9,19,1.5140
COP2324-181,,ELECTRONICS AND COMPUTER SCIENCE,University of Kelaniya,GAMPAHA,1.5292,value,9,19,1.5292
COP2324-181,,ELECTRONICS AND COMPUTER SCIENCE,University of Kelaniya,KALUTARA,1.5330,value,9,19,1.5330
COP2324-181,,ELECTRONICS AND COMPUTER SCIENCE,University of Kelaniya,MATALE,1.2146,value,9,19,1.2146
COP2324-181,,ELECTRONICS AND COMPUTER SCIENCE,University of Kelaniya,KANDY,1.4927,value,9,19,1.4927
COP2324-181,,ELECTRONICS AND COMPUTER SCIENCE,University of Kelaniya,NUWARA ELIYA,0.8988,value,9,19,0.8988
COP2324-181,,ELECTRONICS AND COMPUTER SCIENCE,University of Kelaniya,GALLE,1.5178,value,9,19,1.5178
COP2324-181,,ELECTRONICS AND COMPUTER SCIENCE,University of Kelaniya,MATARA,1.5314,value,9,19,1.5314
COP2324-181,,ELECTRONICS AND COMPUTER SCIENCE,University of Kelaniya,HAMBANTOTA,1.5178,value,9,19,1.5178
COP2324-181,,ELECTRONICS AND COMPUTER SCIENCE,University of Kelaniya,JAFFNA,1.5092,value,9,19,1.5092
COP2324-181,,ELECTRONICS AND COMPUTER SCIENCE,University of Kelaniya,KILINOCHCHI,0.8663,value,9,19,0.8663
COP2324-181,,ELECTRONICS AND COMPUTER SCIENCE,University of Kelaniya,MANNAR,0.9387,value,9,19,0.9387
COP2324-181,,ELECTRONICS AND COMPUTER SCIENCE,University of Kelaniya,MULLAITIVU,0.5184,value,9,19,0.5184
COP2324-181,,ELECTRONICS AND COMPUTER SCIENCE,University of Kelaniya,VAVUNIYA,1.2129,value,9,19,1.2129
COP2324-181,,ELECTRONICS AND COMPUTER SCIENCE,University of Kelaniya,TRINCOMALEE,1.2274,value,9,19,1.2274
COP2324-181,,ELECTRONICS AND COMPUTER SCIENCE,University of Kelaniya,BATTICALOA,1.3049,value,9,19,1.3049
COP2324-181,,ELECTRONICS AND COMPUTER SCIENCE,University of Kelaniya,AMPARA,1.2896,value,9,19,1.2896
COP2324-181,,ELECTRONICS AND COMPUTER SCIENCE,University of Kelaniya,PUTTALAM,1.2284,value,9,19,1.2284
COP2324-181,,ELECTRONICS AND COMPUTER SCIENCE,University of Kelaniya,KURUNEGALA,1.5045,value,9,19,1.5045
COP2324-181,,ELECTRONICS AND COMPUTER SCIENCE,University of Kelaniya,ANURADHAPURA,1.3059,value,9,19,1.3059
COP2324-181,,ELECTRONICS AND COMPUTER SCIENCE,University of Kelaniya,POLONNARUWA,1.2153,value,9,19,1.2153
COP2324-181,,ELECTRONICS AND COMPUTER SCIENCE,University of Kelaniya,BADULLA,1.4524,value,9,19,1.4524
COP2324-181,,ELECTRONICS AND COMPUTER SCIENCE,University of Kelaniya,MONARAGALA,1.1678,value,9,19,1.1678
COP2324-181,,ELECTRONICS AND COMPUTER SCIENCE,University of Kelaniya,KEGALLE,1.4309,value,9,19,1.4309
COP2324-181,,ELECTRONICS AND COMPUTER SCIENCE,University of Kelaniya,RATNAPURA,1.4552,value,9,19,1.4552
COP2324-182,,ACCOUNTING INFORMATION SYSTEMS,University of Kelaniya,COLOMBO,1.6056,value,9,20,1.6056
COP2324-182,,ACCOUNTING INFORMATION SYSTEMS,University of Kelaniya,GAMPAHA,1.5586,value,9,20,1.5586
COP2324-182,,ACCOUNTING INFORMATION SYSTEMS,University of Kelaniya,KALUTARA,1.6268,value,9,20,1.6268
COP2324-182,,ACCOUNTING INFORMATION SYSTEMS,University of Kelaniya,MATALE,1.5842,value,9,20,1.5842
COP2324-182,,ACCOUNTING INFORMATION SYSTEMS,University of Kelaniya,KANDY,1.4553,value,9,20,1.4553
COP2324-182,,ACCOUNTING INFORMATION SYSTEMS,University of Kelaniya,NUWARA ELIYA,1.3398,value,9,20,1.3398
COP2324-182,,ACCOUNTING INFORMATION SYSTEMS,University of Kelaniya,GALLE,1.6545,value,9,20,1.6545
COP2324-182,,ACCOUNTING INFORMATION SYSTEMS,University of Kelaniya,MATARA,1.6508,value,9,20,1.6508
COP2324-182,,ACCOUNTING INFORMATION SYSTEMS,University of Kelaniya,HAMBANTOTA,1.6489,value,9,20,1.6489
COP2324-182,,ACCOUNTING INFORMATION SYSTEMS,University of Kelaniya,JAFFNA,1.5262,value,9,20,1.5262
COP2324-182,,ACCOUNTING INFORMATION SYSTEMS,University of Kelaniya,KILINOCHCHI,0.3414,value,9,20,0.3414
COP2324-182,,ACCOUNTING INFORMATION SYSTEMS,University of Kelaniya,MANNAR,0.9477,value,9,20,0.9477
COP2324-182,,ACCOUNTING INFORMATION SYSTEMS,University of Kelaniya,MULLAITIVU,,NQC,9,20,NQC
COP2324-182,,ACCOUNTING INFORMATION SYSTEMS,University of Kelaniya,VAVUNIYA,1.1193,value,9,20,1.1193
COP2324-182,,ACCOUNTING INFORMATION SYSTEMS,University of Kelaniya,TRINCOMALEE,1.2515,value,9,20,1.2515
COP2324-182,,ACCOUNTING INFORMATION SYSTEMS,University of Kelaniya,BATTICALOA,1.5055,value,9,20,1.5055
COP2324-182,,ACCOUNTING INFORMATION SYSTEMS,University of Kelaniya,AMPARA,1.5703,value,9,20,1.5703
COP2324-182,,ACCOUNTING INFORMATION SYSTEMS,University of Kelaniya,PUTTALAM,1.5726,value,9,20,1.5726
COP2324-182,,ACCOUNTING INFORMATION SYSTEMS,University of Kelaniya,KURUNEGALA,1.5955,value,9,20,1.5955
COP2324-182,,ACCOUNTING INFORMATION SYSTEMS,University of Kelaniya,ANURADHAPURA,1.6423,value,9,20,1.6423
COP2324-182,,ACCOUNTING INFORMATION SYSTEMS,University of Kelaniya,POLONNARUWA,1.4600,value,9,20,1.4600
COP2324-182,,ACCOUNTING INFORMATION SYSTEMS,University of Kelaniya,BADULLA,1.5318,value,9,20,1.5318
COP2324-182,,ACCOUNTING INFORMATION SYSTEMS,University of Kelaniya,MONARAGALA,1.4305,value,9,20,1.4305
COP2324-182,,ACCOUNTING INFORMATION SYSTEMS,University of Kelaniya,KEGALLE,1.6317,value,9,20,1.6317
COP2324-182,,ACCOUNTING INFORMATION SYSTEMS,University of Kelaniya,RATNAPURA,1.6520,value,9,20,1.6520
COP2324-183,,FISHERIES & MARINE SCIENCES,University of Ruhuna,COLOMBO,0.8118,value,9,21,0.8118
COP2324-183,,FISHERIES & MARINE SCIENCES,University of Ruhuna,GAMPAHA,0.7630,value,9,21,0.7630
COP2324-183,,FISHERIES & MARINE SCIENCES,University of Ruhuna,KALUTARA,0.7872,value,9,21,0.7872
COP2324-183,,FISHERIES & MARINE SCIENCES,University of Ruhuna,MATALE,0.7992,value,9,21,0.7992
COP2324-183,,FISHERIES & MARINE SCIENCES,University of Ruhuna,KANDY,0.8501,value,9,21,0.8501
COP2324-183,,FISHERIES & MARINE SCIENCES,University of Ruhuna,NUWARA ELIYA,0.7279,value,9,21,0.7279
COP2324-183,,FISHERIES & MARINE SCIENCES,University of Ruhuna,GALLE,0.8205,value,9,21,0.8205
COP2324-183,,FISHERIES & MARINE SCIENCES,University of Ruhuna,MATARA,0.8069,value,9,21,0.8069
COP2324-183,,FISHERIES & MARINE SCIENCES,University of Ruhuna,HAMBANTOTA,0.8567,value,9,21,0.8567
COP2324-183,,FISHERIES & MARINE SCIENCES,University of Ruhuna,JAFFNA,0.6641,value,9,21,0.6641
COP2324-183,,FISHERIES & MARINE SCIENCES,University of Ruhuna,KILINOCHCHI,0.5129,value,9,21,0.5129
COP2324-183,,FISHERIES & MARINE SCIENCES,University of Ruhuna,MANNAR,0.4854,value,9,21,0.4854
COP2324-183,,FISHERIES & MARINE SCIENCES,University of Ruhuna,MULLAITIVU,0.3004,value,9,21,0.3004
COP2324-183,,FISHERIES & MARINE SCIENCES,University of Ruhuna,VAVUNIYA,0.4834,value,9,21,0.4834
COP2324-183,,FISHERIES & MARINE SCIENCES,University of Ruhuna,TRINCOMALEE,0.6699,value,9,21,0.6699
COP2324-183,,FISHERIES & MARINE SCIENCES,University of Ruhuna,BATTICALOA,0.6408,value,9,21,0.6408
COP2324-183,,FISHERIES & MARINE SCIENCES,University of Ruhuna,AMPARA,0.6664,value,9,21,0.6664
COP2324-183,,FISHERIES & MARINE SCIENCES,University of Ruhuna,PUTTALAM,0.6066,value,9,21,0.6066
COP2324-183,,FISHERIES & MARINE SCIENCES,University of Ruhuna,KURUNEGALA,0.8086,value,9,21,0.8086
COP2324-183,,FISHERIES & MARINE SCIENCES,University of Ruhuna,ANURADHAPURA,0.7432,value,9,21,0.7432
COP2324-183,,FISHERIES & MARINE SCIENCES,University of Ruhuna,POLONNARUWA,0.5686,value,9,21,0.5686
COP2324-183,,FISHERIES & MARINE SCIENCES,University of Ruhuna,BADULLA,0.7972,value,9,21,0.7972
COP2324-183,,FISHERIES & MARINE SCIENCES,University of Ruhuna,MONARAGALA,0.7287,value,9,21,0.7287
COP2324-183,,FISHERIES & MARINE SCIENCES,University of Ruhuna,KEGALLE,0.8157,value,9,21,0.8157
COP2324-183,,FISHERIES & MARINE SCIENCES,University of Ruhuna,RATNAPURA,0.8025,value,9,21,0.8025
COP2324-184,,MARINE AND FRESHWATER SCIENCES,University of Ruhuna,COLOMBO,0.9561,value,9,22,0.9561
COP2324-184,,MARINE AND FRESHWATER SCIENCES,University of Ruhuna,GAMPAHA,0.8724,value,9,22,0.8724
COP2324-184,,MARINE AND FRESHWATER SCIENCES,University of Ruhuna,KALUTARA,0.9693,value,9,22,0.9693
COP2324-184,,MARINE AND FRESHWATER SCIENCES,University of Ruhuna,MATALE,0.9325,value,9,22,0.9325
COP2324-184,,MARINE AND FRESHWATER SCIENCES,University of Ruhuna,KANDY,0.8803,value,9,22,0.8803
COP2324-184,,MARINE AND FRESHWATER SCIENCES,University of Ruhuna,NUWARA ELIYA,0.8541,value,9,22,0.8541
COP2324-184,,MARINE AND FRESHWATER SCIENCES,University of Ruhuna,GALLE,1.0015,value,9,22,1.0015
COP2324-184,,MARINE AND FRESHWATER SCIENCES,University of Ruhuna,MATARA,1.0148,value,9,22,1.0148
COP2324-184,,MARINE AND FRESHWATER SCIENCES,University of Ruhuna,HAMBANTOTA,0.9577,value,9,22,0.9577
COP2324-184,,MARINE AND FRESHWATER SCIENCES,University of Ruhuna,JAFFNA,0.9645,value,9,22,0.9645
COP2324-184,,MARINE AND FRESHWATER SCIENCES,University of Ruhuna,KILINOCHCHI,0.5329,value,9,22,0.5329
COP2324-184,,MARINE AND FRESHWATER SCIENCES,University of Ruhuna,MANNAR,0.4941,value,9,22,0.4941
COP2324-184,,MARINE AND FRESHWATER SCIENCES,University of Ruhuna,MULLAITIVU,0.2014,value,9,22,0.2014
COP2324-184,,MARINE AND FRESHWATER SCIENCES,University of Ruhuna,VAVUNIYA,0.8170,value,9,22,0.8170
COP2324-184,,MARINE AND FRESHWATER SCIENCES,University of Ruhuna,TRINCOMALEE,0.9746,value,9,22,0.9746
COP2324-184,,MARINE AND FRESHWATER SCIENCES,University of Ruhuna,BATTICALOA,0.9684,value,9,22,0.9684
COP2324-184,,MARINE AND FRESHWATER SCIENCES,University of Ruhuna,AMPARA,0.9127,value,9,22,0.9127
COP2324-184,,MARINE AND FRESHWATER SCIENCES,University of Ruhuna,PUTTALAM,0.8170,value,9,22,0.8170
COP2324-184,,MARINE AND FRESHWATER SCIENCES,University of Ruhuna,KURUNEGALA,0.9891,value,9,22,0.9891
COP2324-184,,MARINE AND FRESHWATER SCIENCES,University of Ruhuna,ANURADHAPURA,0.8872,value,9,22,0.8872
COP2324-184,,MARINE AND FRESHWATER SCIENCES,University of Ruhuna,POLONNARUWA,0.7467,value,9,22,0.7467
COP2324-184,,MARINE AND FRESHWATER SCIENCES,University of Ruhuna,BADULLA,0.9337,value,9,22,0.9337
COP2324-184,,MARINE AND FRESHWATER SCIENCES,University of Ruhuna,MONARAGALA,0.9525,value,9,22,0.9525
COP2324-184,,MARINE AND FRESHWATER SCIENCES,University of Ruhuna,KEGALLE,0.9356,value,9,22,0.9356
COP2324-184,,MARINE AND FRESHWATER SCIENCES,University of Ruhuna,RATNAPURA,1.0083,value,9,22,1.0083
COP2324-185,,ANIMAL SCIENCE & FISHERIES,University of Peradeniya,COLOMBO,0.9898,value,9,23,0.9898
COP2324-185,,ANIMAL SCIENCE & FISHERIES,University of Peradeniya,GAMPAHA,1.0899,value,9,23,1.0899
COP2324-185,,ANIMAL SCIENCE & FISHERIES,University of Peradeniya,KALUTARA,1.0599,value,9,23,1.0599
COP2324-185,,ANIMAL SCIENCE & FISHERIES,University of Peradeniya,MATALE,1.1441,value,9,23,1.1441
COP2324-185,,ANIMAL SCIENCE & FISHERIES,University of Peradeniya,KANDY,1.1151,value,9,23,1.1151
COP2324-185,,ANIMAL SCIENCE & FISHERIES,University of Peradeniya,NUWARA ELIYA,1.0192,value,9,23,1.0192
COP2324-185,,ANIMAL SCIENCE & FISHERIES,University of Peradeniya,GALLE,1.0760,value,9,23,1.0760
COP2324-185,,ANIMAL SCIENCE & FISHERIES,University of Peradeniya,MATARA,1.1145,value,9,23,1.1145
COP2324-185,,ANIMAL SCIENCE & FISHERIES,University of Peradeniya,HAMBANTOTA,1.1351,value,9,23,1.1351
COP2324-185,,ANIMAL SCIENCE & FISHERIES,University of Peradeniya,JAFFNA,1.0287,value,9,23,1.0287
COP2324-185,,ANIMAL SCIENCE & FISHERIES,University of Peradeniya,KILINOCHCHI,0.7351,value,9,23,0.7351
COP2324-185,,ANIMAL SCIENCE & FISHERIES,University of Peradeniya,MANNAR,0.5771,value,9,23,0.5771
COP2324-185,,ANIMAL SCIENCE & FISHERIES,University of Peradeniya,MULLAITIVU,0.4563,value,9,23,0.4563
COP2324-185,,ANIMAL SCIENCE & FISHERIES,University of Peradeniya,VAVUNIYA,0.5626,value,9,23,0.5626
COP2324-185,,ANIMAL SCIENCE & FISHERIES,University of Peradeniya,TRINCOMALEE,0.8220,value,9,23,0.8220
COP2324-185,,ANIMAL SCIENCE & FISHERIES,University of Peradeniya,BATTICALOA,1.0492,value,9,23,1.0492
COP2324-185,,ANIMAL SCIENCE & FISHERIES,University of Peradeniya,AMPARA,1.0397,value,9,23,1.0397
COP2324-185,,ANIMAL SCIENCE & FISHERIES,University of Peradeniya,PUTTALAM,0.9792,value,9,23,0.9792
COP2324-185,,ANIMAL SCIENCE & FISHERIES,University of Peradeniya,KURUNEGALA,1.1171,value,9,23,1.1171
COP2324-185,,ANIMAL SCIENCE & FISHERIES,University of Peradeniya,ANURADHAPURA,0.9335,value,9,23,0.9335
COP2324-185,,ANIMAL SCIENCE & FISHERIES,University of Peradeniya,POLONNARUWA,0.9460,value,9,23,0.9460
COP2324-185,,ANIMAL SCIENCE & FISHERIES,University of Peradeniya,BADULLA,1.1182,value,9,23,1.1182
COP2324-185,,ANIMAL SCIENCE & FISHERIES,University of Peradeniya,MONARAGALA,0.9440,value,9,23,0.9440
COP2324-185,,ANIMAL SCIENCE & FISHERIES,University of Peradeniya,KEGALLE,1.0435,value,9,23,1.0435
COP2324-185,,ANIMAL SCIENCE & FISHERIES,University of Peradeniya,RATNAPURA,1.0441,value,9,23,1.0441
COP2324-186,,FOOD PRODUCTION & TECHNOLOGY MANAGEMENT,Wayamba University of Sri Lanka,COLOMBO,0.8949,value,9,24,0.8949
COP2324-186,,FOOD PRODUCTION & TECHNOLOGY MANAGEMENT,Wayamba University of Sri Lanka,GAMPAHA,0.9152,value,9,24,0.9152
COP2324-186,,FOOD PRODUCTION & TECHNOLOGY MANAGEMENT,Wayamba University of Sri Lanka,KALUTARA,0.9275,value,9,24,0.9275
COP2324-186,,FOOD PRODUCTION & TECHNOLOGY MANAGEMENT,Wayamba University of Sri Lanka,MATALE,0.9052,value,9,24,0.9052
COP2324-186,,FOOD PRODUCTION & TECHNOLOGY MANAGEMENT,Wayamba University of Sri Lanka,KANDY,1.0078,value,9,24,1.0078
COP2324-186,,FOOD PRODUCTION & TECHNOLOGY MANAGEMENT,Wayamba University of Sri Lanka,NUWARA ELIYA,0.8958,value,9,24,0.8958
COP2324-186,,FOOD PRODUCTION & TECHNOLOGY MANAGEMENT,Wayamba University of Sri Lanka,GALLE,0.9631,value,9,24,0.9631
COP2324-186,,FOOD PRODUCTION & TECHNOLOGY MANAGEMENT,Wayamba University of Sri Lanka,MATARA,0.8740,value,9,24,0.8740
COP2324-186,,FOOD PRODUCTION & TECHNOLOGY MANAGEMENT,Wayamba University of Sri Lanka,HAMBANTOTA,0.9686,value,9,24,0.9686
COP2324-186,,FOOD PRODUCTION & TECHNOLOGY MANAGEMENT,Wayamba University of Sri Lanka,JAFFNA,0.9937,value,9,24,0.9937
COP2324-186,,FOOD PRODUCTION & TECHNOLOGY MANAGEMENT,Wayamba University of Sri Lanka,KILINOCHCHI,0.7053,value,9,24,0.7053
COP2324-186,,FOOD PRODUCTION & TECHNOLOGY MANAGEMENT,Wayamba University of Sri Lanka,MANNAR,0.7598,value,9,24,0.7598
COP2324-186,,FOOD PRODUCTION & TECHNOLOGY MANAGEMENT,Wayamba University of Sri Lanka,MULLAITIVU,0.4626,value,9,24,0.4626
COP2324-186,,FOOD PRODUCTION & TECHNOLOGY MANAGEMENT,Wayamba University of Sri Lanka,VAVUNIYA,0.7325,value,9,24,0.7325
COP2324-186,,FOOD PRODUCTION & TECHNOLOGY MANAGEMENT,Wayamba University of Sri Lanka,TRINCOMALEE,0.8533,value,9,24,0.8533
COP2324-186,,FOOD PRODUCTION & TECHNOLOGY MANAGEMENT,Wayamba University of Sri Lanka,BATTICALOA,0.8839,value,9,24,0.8839
COP2324-186,,FOOD PRODUCTION & TECHNOLOGY MANAGEMENT,Wayamba University of Sri Lanka,AMPARA,0.8313,value,9,24,0.8313
COP2324-186,,FOOD PRODUCTION & TECHNOLOGY MANAGEMENT,Wayamba University of Sri Lanka,PUTTALAM,0.9225,value,9,24,0.9225
COP2324-186,,FOOD PRODUCTION & TECHNOLOGY MANAGEMENT,Wayamba University of Sri Lanka,KURUNEGALA,0.9887,value,9,24,0.9887
COP2324-186,,FOOD PRODUCTION & TECHNOLOGY MANAGEMENT,Wayamba University of Sri Lanka,ANURADHAPURA,0.9293,value,9,24,0.9293
COP2324-186,,FOOD PRODUCTION & TECHNOLOGY MANAGEMENT,Wayamba University of Sri Lanka,POLONNARUWA,0.7366,value,9,24,0.7366
COP2324-186,,FOOD PRODUCTION & TECHNOLOGY MANAGEMENT,Wayamba University of Sri Lanka,BADULLA,0.9076,value,9,24,0.9076
COP2324-186,,FOOD PRODUCTION & TECHNOLOGY MANAGEMENT,Wayamba University of Sri Lanka,MONARAGALA,0.9526,value,9,24,0.9526
COP2324-186,,FOOD PRODUCTION & TECHNOLOGY MANAGEMENT,Wayamba University of Sri Lanka,KEGALLE,0.9953,value,9,24,0.9953
COP2324-186,,FOOD PRODUCTION & TECHNOLOGY MANAGEMENT,Wayamba University of Sri Lanka,RATNAPURA,0.8930,value,9,24,0.8930
COP2324-187,,FOOD BUSINESS MANAGEMENT [Biological / Physical Science Stream],Sabaragamuwa University of Sri Lanka,COLOMBO,0.9037,value,9,25,0.9037
COP2324-187,,FOOD BUSINESS MANAGEMENT [Biological / Physical Science Stream],Sabaragamuwa University of Sri Lanka,GAMPAHA,0.8331,value,9,25,0.8331
COP2324-187,,FOOD BUSINESS MANAGEMENT [Biological / Physical Science Stream],Sabaragamuwa University of Sri Lanka,KALUTARA,0.9161,value,9,25,0.9161
COP2324-187,,FOOD BUSINESS MANAGEMENT [Biological / Physical Science Stream],Sabaragamuwa University of Sri Lanka,MATALE,0.8881,value,9,25,0.8881
COP2324-187,,FOOD BUSINESS MANAGEMENT [Biological / Physical Science Stream],Sabaragamuwa University of Sri Lanka,KANDY,0.8822,value,9,25,0.8822
COP2324-187,,FOOD BUSINESS MANAGEMENT [Biological / Physical Science Stream],Sabaragamuwa University of Sri Lanka,NUWARA ELIYA,0.7051,value,9,25,0.7051
COP2324-187,,FOOD BUSINESS MANAGEMENT [Biological / Physical Science Stream],Sabaragamuwa University of Sri Lanka,GALLE,0.9309,value,9,25,0.9309
COP2324-187,,FOOD BUSINESS MANAGEMENT [Biological / Physical Science Stream],Sabaragamuwa University of Sri Lanka,MATARA,0.9448,value,9,25,0.9448
COP2324-187,,FOOD BUSINESS MANAGEMENT [Biological / Physical Science Stream],Sabaragamuwa University of Sri Lanka,HAMBANTOTA,0.9344,value,9,25,0.9344
COP2324-187,,FOOD BUSINESS MANAGEMENT [Biological / Physical Science Stream],Sabaragamuwa University of Sri Lanka,JAFFNA,0.8784,value,9,25,0.8784
COP2324-187,,FOOD BUSINESS MANAGEMENT [Biological / Physical Science Stream],Sabaragamuwa University of Sri Lanka,KILINOCHCHI,0.4604,value,9,25,0.4604
COP2324-187,,FOOD BUSINESS MANAGEMENT [Biological / Physical Science Stream],Sabaragamuwa University of Sri Lanka,MANNAR,0.3597,value,9,25,0.3597
COP2324-187,,FOOD BUSINESS MANAGEMENT [Biological / Physical Science Stream],Sabaragamuwa University of Sri Lanka,MULLAITIVU,0.4529,value,9,25,0.4529
COP2324-187,,FOOD BUSINESS MANAGEMENT [Biological / Physical Science Stream],Sabaragamuwa University of Sri Lanka,VAVUNIYA,0.3855,value,9,25,0.3855
COP2324-187,,FOOD BUSINESS MANAGEMENT [Biological / Physical Science Stream],Sabaragamuwa University of Sri Lanka,TRINCOMALEE,0.7702,value,9,25,0.7702
COP2324-187,,FOOD BUSINESS MANAGEMENT [Biological / Physical Science Stream],Sabaragamuwa University of Sri Lanka,BATTICALOA,0.9211,value,9,25,0.9211
COP2324-187,,FOOD BUSINESS MANAGEMENT [Biological / Physical Science Stream],Sabaragamuwa University of Sri Lanka,AMPARA,0.8824,value,9,25,0.8824
COP2324-187,,FOOD BUSINESS MANAGEMENT [Biological / Physical Science Stream],Sabaragamuwa University of Sri Lanka,PUTTALAM,0.6954,value,9,25,0.6954
COP2324-187,,FOOD BUSINESS MANAGEMENT [Biological / Physical Science Stream],Sabaragamuwa University of Sri Lanka,KURUNEGALA,0.8513,value,9,25,0.8513
COP2324-187,,FOOD BUSINESS MANAGEMENT [Biological / Physical Science Stream],Sabaragamuwa University of Sri Lanka,ANURADHAPURA,0.7513,value,9,25,0.7513
COP2324-187,,FOOD BUSINESS MANAGEMENT [Biological / Physical Science Stream],Sabaragamuwa University of Sri Lanka,POLONNARUWA,0.8165,value,9,25,0.8165
COP2324-187,,FOOD BUSINESS MANAGEMENT [Biological / Physical Science Stream],Sabaragamuwa University of Sri Lanka,BADULLA,0.9473,value,9,25,0.9473
COP2324-187,,FOOD BUSINESS MANAGEMENT [Biological / Physical Science Stream],Sabaragamuwa University of Sri Lanka,MONARAGALA,0.8744,value,9,25,0.8744
COP2324-187,,FOOD BUSINESS MANAGEMENT [Biological / Physical Science Stream],Sabaragamuwa University of Sri Lanka,KEGALLE,0.8976,value,9,25,0.8976
COP2324-187,,FOOD BUSINESS MANAGEMENT [Biological / Physical Science Stream],Sabaragamuwa University of Sri Lanka,RATNAPURA,0.7939,value,9,25,0.7939
COP2324-188,,FOOD BUSINESS MANAGEMENT [Commerce Stream],Sabaragamuwa University of Sri Lanka,COLOMBO,1.2409,value,9,26,1.2409
COP2324-188,,FOOD BUSINESS MANAGEMENT [Commerce Stream],Sabaragamuwa University of Sri Lanka,GAMPAHA,1.2489,value,9,26,1.2489
COP2324-188,,FOOD BUSINESS MANAGEMENT [Commerce Stream],Sabaragamuwa University of Sri Lanka,KALUTARA,1.2696,value,9,26,1.2696
COP2324-188,,FOOD BUSINESS MANAGEMENT [Commerce Stream],Sabaragamuwa University of Sri Lanka,MATALE,1.2057,value,9,26,1.2057
COP2324-188,,FOOD BUSINESS MANAGEMENT [Commerce Stream],Sabaragamuwa University of Sri Lanka,KANDY,1.2145,value,9,26,1.2145
COP2324-188,,FOOD BUSINESS MANAGEMENT [Commerce Stream],Sabaragamuwa University of Sri Lanka,NUWARA ELIYA,1.0050,value,9,26,1.0050
COP2324-188,,FOOD BUSINESS MANAGEMENT [Commerce Stream],Sabaragamuwa University of Sri Lanka,GALLE,1.2769,value,9,26,1.2769
COP2324-188,,FOOD BUSINESS MANAGEMENT [Commerce Stream],Sabaragamuwa University of Sri Lanka,MATARA,1.3096,value,9,26,1.3096
COP2324-188,,FOOD BUSINESS MANAGEMENT [Commerce Stream],Sabaragamuwa University of Sri Lanka,HAMBANTOTA,1.2234,value,9,26,1.2234
COP2324-188,,FOOD BUSINESS MANAGEMENT [Commerce Stream],Sabaragamuwa University of Sri Lanka,JAFFNA,0.9523,value,9,26,0.9523
COP2324-188,,FOOD BUSINESS MANAGEMENT [Commerce Stream],Sabaragamuwa University of Sri Lanka,KILINOCHCHI,0.5789,value,9,26,0.5789
COP2324-188,,FOOD BUSINESS MANAGEMENT [Commerce Stream],Sabaragamuwa University of Sri Lanka,MANNAR,0.7828,value,9,26,0.7828
COP2324-188,,FOOD BUSINESS MANAGEMENT [Commerce Stream],Sabaragamuwa University of Sri Lanka,MULLAITIVU,0.9378,value,9,26,0.9378
COP2324-188,,FOOD BUSINESS MANAGEMENT [Commerce Stream],Sabaragamuwa University of Sri Lanka,VAVUNIYA,0.8859,value,9,26,0.8859
COP2324-188,,FOOD BUSINESS MANAGEMENT [Commerce Stream],Sabaragamuwa University of Sri Lanka,TRINCOMALEE,1.2225,value,9,26,1.2225
COP2324-188,,FOOD BUSINESS MANAGEMENT [Commerce Stream],Sabaragamuwa University of Sri Lanka,BATTICALOA,0.9242,value,9,26,0.9242
COP2324-188,,FOOD BUSINESS MANAGEMENT [Commerce Stream],Sabaragamuwa University of Sri Lanka,AMPARA,0.8619,value,9,26,0.8619
COP2324-188,,FOOD BUSINESS MANAGEMENT [Commerce Stream],Sabaragamuwa University of Sri Lanka,PUTTALAM,1.0618,value,9,26,1.0618
COP2324-188,,FOOD BUSINESS MANAGEMENT [Commerce Stream],Sabaragamuwa University of Sri Lanka,KURUNEGALA,1.2177,value,9,26,1.2177
COP2324-188,,FOOD BUSINESS MANAGEMENT [Commerce Stream],Sabaragamuwa University of Sri Lanka,ANURADHAPURA,1.0562,value,9,26,1.0562
COP2324-188,,FOOD BUSINESS MANAGEMENT [Commerce Stream],Sabaragamuwa University of Sri Lanka,POLONNARUWA,1.0834,value,9,26,1.0834
COP2324-188,,FOOD BUSINESS MANAGEMENT [Commerce Stream],Sabaragamuwa University of Sri Lanka,BADULLA,1.0410,value,9,26,1.0410
COP2324-188,,FOOD BUSINESS MANAGEMENT [Commerce Stream],Sabaragamuwa University of Sri Lanka,MONARAGALA,1.1825,value,9,26,1.1825
COP2324-188,,FOOD BUSINESS MANAGEMENT [Commerce Stream],Sabaragamuwa University of Sri Lanka,KEGALLE,1.2417,value,9,26,1.2417
COP2324-188,,FOOD BUSINESS MANAGEMENT [Commerce Stream],Sabaragamuwa University of Sri Lanka,RATNAPURA,1.2714,value,9,26,1.2714
COP2324-189,,MANAGEMENT AND INFORMATION TECHNOLOGY (SEUSL),South Eastern University of Sri Lanka,COLOMBO,1.2986,value,10,1,1.2986
COP2324-189,,MANAGEMENT AND INFORMATION TECHNOLOGY (SEUSL),South Eastern University of Sri Lanka,GAMPAHA,1.3792,value,10,1,1.3792
COP2324-189,,MANAGEMENT AND INFORMATION TECHNOLOGY (SEUSL),South Eastern University of Sri Lanka,KALUTARA,1.4209,value,10,1,1.4209
COP2324-189,,MANAGEMENT AND INFORMATION TECHNOLOGY (SEUSL),South Eastern University of Sri Lanka,MATALE,1.4954,value,10,1,1.4954
COP2324-189,,MANAGEMENT AND INFORMATION TECHNOLOGY (SEUSL),South Eastern University of Sri Lanka,KANDY,1.4405,value,10,1,1.4405
COP2324-189,,MANAGEMENT AND INFORMATION TECHNOLOGY (SEUSL),South Eastern University of Sri Lanka,NUWARA ELIYA,1.5253,value,10,1,1.5253
COP2324-189,,MANAGEMENT AND INFORMATION TECHNOLOGY (SEUSL),South Eastern University of Sri Lanka,GALLE,1.4043,value,10,1,1.4043
COP2324-189,,MANAGEMENT AND INFORMATION TECHNOLOGY (SEUSL),South Eastern University of Sri Lanka,MATARA,1.3136,value,10,1,1.3136
COP2324-189,,MANAGEMENT AND INFORMATION TECHNOLOGY (SEUSL),South Eastern University of Sri Lanka,HAMBANTOTA,1.4430,value,10,1,1.4430
COP2324-189,,MANAGEMENT AND INFORMATION TECHNOLOGY (SEUSL),South Eastern University of Sri Lanka,JAFFNA,1.3986,value,10,1,1.3986
COP2324-189,,MANAGEMENT AND INFORMATION TECHNOLOGY (SEUSL),South Eastern University of Sri Lanka,KILINOCHCHI,1.5455,value,10,1,1.5455
COP2324-189,,MANAGEMENT AND INFORMATION TECHNOLOGY (SEUSL),South Eastern University of Sri Lanka,MANNAR,1.4992,value,10,1,1.4992
COP2324-189,,MANAGEMENT AND INFORMATION TECHNOLOGY (SEUSL),South Eastern University of Sri Lanka,MULLAITIVU,1.4152,value,10,1,1.4152
COP2324-189,,MANAGEMENT AND INFORMATION TECHNOLOGY (SEUSL),South Eastern University of Sri Lanka,VAVUNIYA,1.5059,value,10,1,1.5059
COP2324-189,,MANAGEMENT AND INFORMATION TECHNOLOGY (SEUSL),South Eastern University of Sri Lanka,TRINCOMALEE,1.5361,value,10,1,1.5361
COP2324-189,,MANAGEMENT AND INFORMATION TECHNOLOGY (SEUSL),South Eastern University of Sri Lanka,BATTICALOA,1.5400,value,10,1,1.5400
COP2324-189,,MANAGEMENT AND INFORMATION TECHNOLOGY (SEUSL),South Eastern University of Sri Lanka,AMPARA,1.5118,value,10,1,1.5118
COP2324-189,,MANAGEMENT AND INFORMATION TECHNOLOGY (SEUSL),South Eastern University of Sri Lanka,PUTTALAM,1.5067,value,10,1,1.5067
COP2324-189,,MANAGEMENT AND INFORMATION TECHNOLOGY (SEUSL),South Eastern University of Sri Lanka,KURUNEGALA,1.4792,value,10,1,1.4792
COP2324-189,,MANAGEMENT AND INFORMATION TECHNOLOGY (SEUSL),South Eastern University of Sri Lanka,ANURADHAPURA,1.4296,value,10,1,1.4296
COP2324-189,,MANAGEMENT AND INFORMATION TECHNOLOGY (SEUSL),South Eastern University of Sri Lanka,POLONNARUWA,1.5162,value,10,1,1.5162
COP2324-189,,MANAGEMENT AND INFORMATION TECHNOLOGY (SEUSL),South Eastern University of Sri Lanka,BADULLA,1.3605,value,10,1,1.3605
COP2324-189,,MANAGEMENT AND INFORMATION TECHNOLOGY (SEUSL),South Eastern University of Sri Lanka,MONARAGALA,1.4800,value,10,1,1.4800
COP2324-189,,MANAGEMENT AND INFORMATION TECHNOLOGY (SEUSL),South Eastern University of Sri Lanka,KEGALLE,1.4874,value,10,1,1.4874
COP2324-189,,MANAGEMENT AND INFORMATION TECHNOLOGY (SEUSL),South Eastern University of Sri Lanka,RATNAPURA,1.3905,value,10,1,1.3905
COP2324-190,,DATA SCIENCE,Sabaragamuwa University of Sri Lanka,COLOMBO,1.3811,value,10,2,1.3811
COP2324-190,,DATA SCIENCE,Sabaragamuwa University of Sri Lanka,GAMPAHA,1.3854,value,10,2,1.3854
COP2324-190,,DATA SCIENCE,Sabaragamuwa University of Sri Lanka,KALUTARA,1.4179,value,10,2,1.4179
COP2324-190,,DATA SCIENCE,Sabaragamuwa University of Sri Lanka,MATALE,1.0847,value,10,2,1.0847
COP2324-190,,DATA SCIENCE,Sabaragamuwa University of Sri Lanka,KANDY,1.3267,value,10,2,1.3267
COP2324-190,,DATA SCIENCE,Sabaragamuwa University of Sri Lanka,NUWARA ELIYA,0.7465,value,10,2,0.7465
COP2324-190,,DATA SCIENCE,Sabaragamuwa University of Sri Lanka,GALLE,1.4128,value,10,2,1.4128
COP2324-190,,DATA SCIENCE,Sabaragamuwa University of Sri Lanka,MATARA,1.4337,value,10,2,1.4337
COP2324-190,,DATA SCIENCE,Sabaragamuwa University of Sri Lanka,HAMBANTOTA,1.4130,value,10,2,1.4130
COP2324-190,,DATA SCIENCE,Sabaragamuwa University of Sri Lanka,JAFFNA,1.3956,value,10,2,1.3956
COP2324-190,,DATA SCIENCE,Sabaragamuwa University of Sri Lanka,KILINOCHCHI,1.1021,value,10,2,1.1021
COP2324-190,,DATA SCIENCE,Sabaragamuwa University of Sri Lanka,MANNAR,1.2909,value,10,2,1.2909
COP2324-190,,DATA SCIENCE,Sabaragamuwa University of Sri Lanka,MULLAITIVU,0.2673,value,10,2,0.2673
COP2324-190,,DATA SCIENCE,Sabaragamuwa University of Sri Lanka,VAVUNIYA,0.9661,value,10,2,0.9661
COP2324-190,,DATA SCIENCE,Sabaragamuwa University of Sri Lanka,TRINCOMALEE,1.1824,value,10,2,1.1824
COP2324-190,,DATA SCIENCE,Sabaragamuwa University of Sri Lanka,BATTICALOA,1.2100,value,10,2,1.2100
COP2324-190,,DATA SCIENCE,Sabaragamuwa University of Sri Lanka,AMPARA,1.2106,value,10,2,1.2106
COP2324-190,,DATA SCIENCE,Sabaragamuwa University of Sri Lanka,PUTTALAM,1.0080,value,10,2,1.0080
COP2324-190,,DATA SCIENCE,Sabaragamuwa University of Sri Lanka,KURUNEGALA,1.3736,value,10,2,1.3736
COP2324-190,,DATA SCIENCE,Sabaragamuwa University of Sri Lanka,ANURADHAPURA,1.2567,value,10,2,1.2567
COP2324-190,,DATA SCIENCE,Sabaragamuwa University of Sri Lanka,POLONNARUWA,0.7859,value,10,2,0.7859
COP2324-190,,DATA SCIENCE,Sabaragamuwa University of Sri Lanka,BADULLA,1.3556,value,10,2,1.3556
COP2324-190,,DATA SCIENCE,Sabaragamuwa University of Sri Lanka,MONARAGALA,1.1343,value,10,2,1.1343
COP2324-190,,DATA SCIENCE,Sabaragamuwa University of Sri Lanka,KEGALLE,1.3867,value,10,2,1.3867
COP2324-190,,DATA SCIENCE,Sabaragamuwa University of Sri Lanka,RATNAPURA,1.3736,value,10,2,1.3736
COP2324-191,,PHYSICAL EDUCATION,University of Jaffna,COLOMBO,0.1442,value,10,3,0.1442
COP2324-191,,PHYSICAL EDUCATION,University of Jaffna,GAMPAHA,-0.1273,value,10,3,-0.1273
COP2324-191,,PHYSICAL EDUCATION,University of Jaffna,KALUTARA,-0.0257,value,10,3,-0.0257
COP2324-191,,PHYSICAL EDUCATION,University of Jaffna,MATALE,-0.0260,value,10,3,-0.0260
COP2324-191,,PHYSICAL EDUCATION,University of Jaffna,KANDY,-0.2536,value,10,3,-0.2536
COP2324-191,,PHYSICAL EDUCATION,University of Jaffna,NUWARA ELIYA,0.1343,value,10,3,0.1343
COP2324-191,,PHYSICAL EDUCATION,University of Jaffna,GALLE,,NQC,10,3,NQC
COP2324-191,,PHYSICAL EDUCATION,University of Jaffna,MATARA,,NQC,10,3,NQC
COP2324-191,,PHYSICAL EDUCATION,University of Jaffna,HAMBANTOTA,-0.4954,value,10,3,-0.4954
COP2324-191,,PHYSICAL EDUCATION,University of Jaffna,JAFFNA,0.3278,value,10,3,0.3278
COP2324-191,,PHYSICAL EDUCATION,University of Jaffna,KILINOCHCHI,0.9582,value,10,3,0.9582
COP2324-191,,PHYSICAL EDUCATION,University of Jaffna,MANNAR,0.9339,value,10,3,0.9339
COP2324-191,,PHYSICAL EDUCATION,University of Jaffna,MULLAITIVU,0.4676,value,10,3,0.4676
COP2324-191,,PHYSICAL EDUCATION,University of Jaffna,VAVUNIYA,0.0575,value,10,3,0.0575
COP2324-191,,PHYSICAL EDUCATION,University of Jaffna,TRINCOMALEE,0.7905,value,10,3,0.7905
COP2324-191,,PHYSICAL EDUCATION,University of Jaffna,BATTICALOA,0.4278,value,10,3,0.4278
COP2324-191,,PHYSICAL EDUCATION,University of Jaffna,AMPARA,,NQC,10,3,NQC
COP2324-191,,PHYSICAL EDUCATION,University of Jaffna,PUTTALAM,0.3822,value,10,3,0.3822
COP2324-191,,PHYSICAL EDUCATION,University of Jaffna,KURUNEGALA,0.1462,value,10,3,0.1462
COP2324-191,,PHYSICAL EDUCATION,University of Jaffna,ANURADHAPURA,-0.2391,value,10,3,-0.2391
COP2324-191,,PHYSICAL EDUCATION,University of Jaffna,POLONNARUWA,-0.4887,value,10,3,-0.4887
COP2324-191,,PHYSICAL EDUCATION,University of Jaffna,BADULLA,0.1669,value,10,3,0.1669
COP2324-191,,PHYSICAL EDUCATION,University of Jaffna,MONARAGALA,0.1302,value,10,3,0.1302
COP2324-191,,PHYSICAL EDUCATION,University of Jaffna,KEGALLE,1.0424,value,10,3,1.0424
COP2324-191,,PHYSICAL EDUCATION,University of Jaffna,RATNAPURA,,NQC,10,3,NQC
COP2324-192,,PHYSICAL EDUCATION,Sabaragamuwa University of Sri Lanka,COLOMBO,0.1816,value,10,4,0.1816
COP2324-192,,PHYSICAL EDUCATION,Sabaragamuwa University of Sri Lanka,GAMPAHA,0.1682,value,10,4,0.1682
COP2324-192,,PHYSICAL EDUCATION,Sabaragamuwa University of Sri Lanka,KALUTARA,0.2083,value,10,4,0.2083
COP2324-192,,PHYSICAL EDUCATION,Sabaragamuwa University of Sri Lanka,MATALE,,NQC,10,4,NQC
COP2324-192,,PHYSICAL EDUCATION,Sabaragamuwa University of Sri Lanka,KANDY,0.3353,value,10,4,0.3353
COP2324-192,,PHYSICAL EDUCATION,Sabaragamuwa University of Sri Lanka,NUWARA ELIYA,0.4696,value,10,4,0.4696
COP2324-192,,PHYSICAL EDUCATION,Sabaragamuwa University of Sri Lanka,GALLE,0.2655,value,10,4,0.2655
COP2324-192,,PHYSICAL EDUCATION,Sabaragamuwa University of Sri Lanka,MATARA,0.2925,value,10,4,0.2925
COP2324-192,,PHYSICAL EDUCATION,Sabaragamuwa University of Sri Lanka,HAMBANTOTA,,NQC,10,4,NQC
COP2324-192,,PHYSICAL EDUCATION,Sabaragamuwa University of Sri Lanka,JAFFNA,0.2325,value,10,4,0.2325
COP2324-192,,PHYSICAL EDUCATION,Sabaragamuwa University of Sri Lanka,KILINOCHCHI,0.3848,value,10,4,0.3848
COP2324-192,,PHYSICAL EDUCATION,Sabaragamuwa University of Sri Lanka,MANNAR,0.4465,value,10,4,0.4465
COP2324-192,,PHYSICAL EDUCATION,Sabaragamuwa University of Sri Lanka,MULLAITIVU,1.0164,value,10,4,1.0164
COP2324-192,,PHYSICAL EDUCATION,Sabaragamuwa University of Sri Lanka,VAVUNIYA,,NQC,10,4,NQC
COP2324-192,,PHYSICAL EDUCATION,Sabaragamuwa University of Sri Lanka,TRINCOMALEE,0.3802,value,10,4,0.3802
COP2324-192,,PHYSICAL EDUCATION,Sabaragamuwa University of Sri Lanka,BATTICALOA,0.4717,value,10,4,0.4717
COP2324-192,,PHYSICAL EDUCATION,Sabaragamuwa University of Sri Lanka,AMPARA,0.3059,value,10,4,0.3059
COP2324-192,,PHYSICAL EDUCATION,Sabaragamuwa University of Sri Lanka,PUTTALAM,0.3221,value,10,4,0.3221
COP2324-192,,PHYSICAL EDUCATION,Sabaragamuwa University of Sri Lanka,KURUNEGALA,0.1945,value,10,4,0.1945
COP2324-192,,PHYSICAL EDUCATION,Sabaragamuwa University of Sri Lanka,ANURADHAPURA,0.2022,value,10,4,0.2022
COP2324-192,,PHYSICAL EDUCATION,Sabaragamuwa University of Sri Lanka,POLONNARUWA,,NQC,10,4,NQC
COP2324-192,,PHYSICAL EDUCATION,Sabaragamuwa University of Sri Lanka,BADULLA,0.2603,value,10,4,0.2603
COP2324-192,,PHYSICAL EDUCATION,Sabaragamuwa University of Sri Lanka,MONARAGALA,0.2916,value,10,4,0.2916
COP2324-192,,PHYSICAL EDUCATION,Sabaragamuwa University of Sri Lanka,KEGALLE,0.2808,value,10,4,0.2808
COP2324-192,,PHYSICAL EDUCATION,Sabaragamuwa University of Sri Lanka,RATNAPURA,0.3880,value,10,4,0.3880
COP2324-193,,SPORTS SCIENCE & MANAGEMENT,University of Sri Jayewardenepura,COLOMBO,0.8811,value,10,5,0.8811
COP2324-193,,SPORTS SCIENCE & MANAGEMENT,University of Sri Jayewardenepura,GAMPAHA,0.8875,value,10,5,0.8875
COP2324-193,,SPORTS SCIENCE & MANAGEMENT,University of Sri Jayewardenepura,KALUTARA,0.9931,value,10,5,0.9931
COP2324-193,,SPORTS SCIENCE & MANAGEMENT,University of Sri Jayewardenepura,MATALE,,NQC,10,5,NQC
COP2324-193,,SPORTS SCIENCE & MANAGEMENT,University of Sri Jayewardenepura,KANDY,0.9777,value,10,5,0.9777
COP2324-193,,SPORTS SCIENCE & MANAGEMENT,University of Sri Jayewardenepura,NUWARA ELIYA,0.9013,value,10,5,0.9013
COP2324-193,,SPORTS SCIENCE & MANAGEMENT,University of Sri Jayewardenepura,GALLE,0.8570,value,10,5,0.8570
COP2324-193,,SPORTS SCIENCE & MANAGEMENT,University of Sri Jayewardenepura,MATARA,1.0401,value,10,5,1.0401
COP2324-193,,SPORTS SCIENCE & MANAGEMENT,University of Sri Jayewardenepura,HAMBANTOTA,,NQC,10,5,NQC
COP2324-193,,SPORTS SCIENCE & MANAGEMENT,University of Sri Jayewardenepura,JAFFNA,0.8763,value,10,5,0.8763
COP2324-193,,SPORTS SCIENCE & MANAGEMENT,University of Sri Jayewardenepura,KILINOCHCHI,,NQC,10,5,NQC
COP2324-193,,SPORTS SCIENCE & MANAGEMENT,University of Sri Jayewardenepura,MANNAR,,NQC,10,5,NQC
COP2324-193,,SPORTS SCIENCE & MANAGEMENT,University of Sri Jayewardenepura,MULLAITIVU,,NQC,10,5,NQC
COP2324-193,,SPORTS SCIENCE & MANAGEMENT,University of Sri Jayewardenepura,VAVUNIYA,,NQC,10,5,NQC
COP2324-193,,SPORTS SCIENCE & MANAGEMENT,University of Sri Jayewardenepura,TRINCOMALEE,,NQC,10,5,NQC
COP2324-193,,SPORTS SCIENCE & MANAGEMENT,University of Sri Jayewardenepura,BATTICALOA,1.0784,value,10,5,1.0784
COP2324-193,,SPORTS SCIENCE & MANAGEMENT,University of Sri Jayewardenepura,AMPARA,1.0236,value,10,5,1.0236
COP2324-193,,SPORTS SCIENCE & MANAGEMENT,University of Sri Jayewardenepura,PUTTALAM,0.9000,value,10,5,0.9000
COP2324-193,,SPORTS SCIENCE & MANAGEMENT,University of Sri Jayewardenepura,KURUNEGALA,0.8823,value,10,5,0.8823
COP2324-193,,SPORTS SCIENCE & MANAGEMENT,University of Sri Jayewardenepura,ANURADHAPURA,0.8822,value,10,5,0.8822
COP2324-193,,SPORTS SCIENCE & MANAGEMENT,University of Sri Jayewardenepura,POLONNARUWA,1.0542,value,10,5,1.0542
COP2324-193,,SPORTS SCIENCE & MANAGEMENT,University of Sri Jayewardenepura,BADULLA,0.8991,value,10,5,0.8991
COP2324-193,,SPORTS SCIENCE & MANAGEMENT,University of Sri Jayewardenepura,MONARAGALA,0.9560,value,10,5,0.9560
COP2324-193,,SPORTS SCIENCE & MANAGEMENT,University of Sri Jayewardenepura,KEGALLE,0.8652,value,10,5,0.8652
COP2324-193,,SPORTS SCIENCE & MANAGEMENT,University of Sri Jayewardenepura,RATNAPURA,0.8691,value,10,5,0.8691
COP2324-194,,SPORTS SCIENCE & MANAGEMENT,University of Kelaniya,COLOMBO,0.6755,value,10,6,0.6755
COP2324-194,,SPORTS SCIENCE & MANAGEMENT,University of Kelaniya,GAMPAHA,0.6407,value,10,6,0.6407
COP2324-194,,SPORTS SCIENCE & MANAGEMENT,University of Kelaniya,KALUTARA,0.7486,value,10,6,0.7486
COP2324-194,,SPORTS SCIENCE & MANAGEMENT,University of Kelaniya,MATALE,,NQC,10,6,NQC
COP2324-194,,SPORTS SCIENCE & MANAGEMENT,University of Kelaniya,KANDY,0.7086,value,10,6,0.7086
COP2324-194,,SPORTS SCIENCE & MANAGEMENT,University of Kelaniya,NUWARA ELIYA,,NQC,10,6,NQC
COP2324-194,,SPORTS SCIENCE & MANAGEMENT,University of Kelaniya,GALLE,0.7201,value,10,6,0.7201
COP2324-194,,SPORTS SCIENCE & MANAGEMENT,University of Kelaniya,MATARA,0.6132,value,10,6,0.6132
COP2324-194,,SPORTS SCIENCE & MANAGEMENT,University of Kelaniya,HAMBANTOTA,0.6304,value,10,6,0.6304
COP2324-194,,SPORTS SCIENCE & MANAGEMENT,University of Kelaniya,JAFFNA,0.6680,value,10,6,0.6680
COP2324-194,,SPORTS SCIENCE & MANAGEMENT,University of Kelaniya,KILINOCHCHI,,NQC,10,6,NQC
COP2324-194,,SPORTS SCIENCE & MANAGEMENT,University of Kelaniya,MANNAR,,NQC,10,6,NQC
COP2324-194,,SPORTS SCIENCE & MANAGEMENT,University of Kelaniya,MULLAITIVU,,NQC,10,6,NQC
COP2324-194,,SPORTS SCIENCE & MANAGEMENT,University of Kelaniya,VAVUNIYA,,NQC,10,6,NQC
COP2324-194,,SPORTS SCIENCE & MANAGEMENT,University of Kelaniya,TRINCOMALEE,,NQC,10,6,NQC
COP2324-194,,SPORTS SCIENCE & MANAGEMENT,University of Kelaniya,BATTICALOA,0.6865,value,10,6,0.6865
COP2324-194,,SPORTS SCIENCE & MANAGEMENT,University of Kelaniya,AMPARA,,NQC,10,6,NQC
COP2324-194,,SPORTS SCIENCE & MANAGEMENT,University of Kelaniya,PUTTALAM,0.7427,value,10,6,0.7427
COP2324-194,,SPORTS SCIENCE & MANAGEMENT,University of Kelaniya,KURUNEGALA,0.6173,value,10,6,0.6173
COP2324-194,,SPORTS SCIENCE & MANAGEMENT,University of Kelaniya,ANURADHAPURA,,NQC,10,6,NQC
COP2324-194,,SPORTS SCIENCE & MANAGEMENT,University of Kelaniya,POLONNARUWA,0.8236,value,10,6,0.8236
COP2324-194,,SPORTS SCIENCE & MANAGEMENT,University of Kelaniya,BADULLA,0.6564,value,10,6,0.6564
COP2324-194,,SPORTS SCIENCE & MANAGEMENT,University of Kelaniya,MONARAGALA,0.6517,value,10,6,0.6517
COP2324-194,,SPORTS SCIENCE & MANAGEMENT,University of Kelaniya,KEGALLE,0.7562,value,10,6,0.7562
COP2324-194,,SPORTS SCIENCE & MANAGEMENT,University of Kelaniya,RATNAPURA,0.8218,value,10,6,0.8218
COP2324-195,,SPORTS SCIENCE & MANAGEMENT,Sabaragamuwa University of Sri Lanka,COLOMBO,0.3630,value,10,7,0.3630
COP2324-195,,SPORTS SCIENCE & MANAGEMENT,Sabaragamuwa University of Sri Lanka,GAMPAHA,0.4333,value,10,7,0.4333
COP2324-195,,SPORTS SCIENCE & MANAGEMENT,Sabaragamuwa University of Sri Lanka,KALUTARA,0.5404,value,10,7,0.5404
COP2324-195,,SPORTS SCIENCE & MANAGEMENT,Sabaragamuwa University of Sri Lanka,MATALE,0.1696,value,10,7,0.1696
COP2324-195,,SPORTS SCIENCE & MANAGEMENT,Sabaragamuwa University of Sri Lanka,KANDY,0.4285,value,10,7,0.4285
COP2324-195,,SPORTS SCIENCE & MANAGEMENT,Sabaragamuwa University of Sri Lanka,NUWARA ELIYA,0.3528,value,10,7,0.3528
COP2324-195,,SPORTS SCIENCE & MANAGEMENT,Sabaragamuwa University of Sri Lanka,GALLE,0.6028,value,10,7,0.6028
COP2324-195,,SPORTS SCIENCE & MANAGEMENT,Sabaragamuwa University of Sri Lanka,MATARA,0.5503,value,10,7,0.5503
COP2324-195,,SPORTS SCIENCE & MANAGEMENT,Sabaragamuwa University of Sri Lanka,HAMBANTOTA,-0.4597,value,10,7,-0.4597
COP2324-195,,SPORTS SCIENCE & MANAGEMENT,Sabaragamuwa University of Sri Lanka,JAFFNA,0.4365,value,10,7,0.4365
COP2324-195,,SPORTS SCIENCE & MANAGEMENT,Sabaragamuwa University of Sri Lanka,KILINOCHCHI,0.3635,value,10,7,0.3635
COP2324-195,,SPORTS SCIENCE & MANAGEMENT,Sabaragamuwa University of Sri Lanka,MANNAR,0.2809,value,10,7,0.2809
COP2324-195,,SPORTS SCIENCE & MANAGEMENT,Sabaragamuwa University of Sri Lanka,MULLAITIVU,0.5724,value,10,7,0.5724
COP2324-195,,SPORTS SCIENCE & MANAGEMENT,Sabaragamuwa University of Sri Lanka,VAVUNIYA,0.5833,value,10,7,0.5833
COP2324-195,,SPORTS SCIENCE & MANAGEMENT,Sabaragamuwa University of Sri Lanka,TRINCOMALEE,0.4068,value,10,7,0.4068
COP2324-195,,SPORTS SCIENCE & MANAGEMENT,Sabaragamuwa University of Sri Lanka,BATTICALOA,0.8979,value,10,7,0.8979
COP2324-195,,SPORTS SCIENCE & MANAGEMENT,Sabaragamuwa University of Sri Lanka,AMPARA,0.3989,value,10,7,0.3989
COP2324-195,,SPORTS SCIENCE & MANAGEMENT,Sabaragamuwa University of Sri Lanka,PUTTALAM,0.4649,value,10,7,0.4649
COP2324-195,,SPORTS SCIENCE & MANAGEMENT,Sabaragamuwa University of Sri Lanka,KURUNEGALA,0.6400,value,10,7,0.6400
COP2324-195,,SPORTS SCIENCE & MANAGEMENT,Sabaragamuwa University of Sri Lanka,ANURADHAPURA,0.2212,value,10,7,0.2212
COP2324-195,,SPORTS SCIENCE & MANAGEMENT,Sabaragamuwa University of Sri Lanka,POLONNARUWA,0.0189,value,10,7,0.0189
COP2324-195,,SPORTS SCIENCE & MANAGEMENT,Sabaragamuwa University of Sri Lanka,BADULLA,0.4314,value,10,7,0.4314
COP2324-195,,SPORTS SCIENCE & MANAGEMENT,Sabaragamuwa University of Sri Lanka,MONARAGALA,0.3536,value,10,7,0.3536
COP2324-195,,SPORTS SCIENCE & MANAGEMENT,Sabaragamuwa University of Sri Lanka,KEGALLE,1.0725,value,10,7,1.0725
COP2324-195,,SPORTS SCIENCE & MANAGEMENT,Sabaragamuwa University of Sri Lanka,RATNAPURA,0.7644,value,10,7,0.7644
COP2324-196,,SPEECH AND HEARING SCIENCES,University of Kelaniya,COLOMBO,1.2242,value,10,8,1.2242
COP2324-196,,SPEECH AND HEARING SCIENCES,University of Kelaniya,GAMPAHA,1.2563,value,10,8,1.2563
COP2324-196,,SPEECH AND HEARING SCIENCES,University of Kelaniya,KALUTARA,1.1613,value,10,8,1.1613
COP2324-196,,SPEECH AND HEARING SCIENCES,University of Kelaniya,MATALE,1.3620,value,10,8,1.3620
COP2324-196,,SPEECH AND HEARING SCIENCES,University of Kelaniya,KANDY,1.1479,value,10,8,1.1479
COP2324-196,,SPEECH AND HEARING SCIENCES,University of Kelaniya,NUWARA ELIYA,0.9193,value,10,8,0.9193
COP2324-196,,SPEECH AND HEARING SCIENCES,University of Kelaniya,GALLE,1.3241,value,10,8,1.3241
COP2324-196,,SPEECH AND HEARING SCIENCES,University of Kelaniya,MATARA,1.1715,value,10,8,1.1715
COP2324-196,,SPEECH AND HEARING SCIENCES,University of Kelaniya,HAMBANTOTA,1.2633,value,10,8,1.2633
COP2324-196,,SPEECH AND HEARING SCIENCES,University of Kelaniya,JAFFNA,1.3835,value,10,8,1.3835
COP2324-196,,SPEECH AND HEARING SCIENCES,University of Kelaniya,KILINOCHCHI,1.0751,value,10,8,1.0751
COP2324-196,,SPEECH AND HEARING SCIENCES,University of Kelaniya,MANNAR,1.3546,value,10,8,1.3546
COP2324-196,,SPEECH AND HEARING SCIENCES,University of Kelaniya,MULLAITIVU,0.7766,value,10,8,0.7766
COP2324-196,,SPEECH AND HEARING SCIENCES,University of Kelaniya,VAVUNIYA,1.1571,value,10,8,1.1571
COP2324-196,,SPEECH AND HEARING SCIENCES,University of Kelaniya,TRINCOMALEE,1.2719,value,10,8,1.2719
COP2324-196,,SPEECH AND HEARING SCIENCES,University of Kelaniya,BATTICALOA,1.3652,value,10,8,1.3652
COP2324-196,,SPEECH AND HEARING SCIENCES,University of Kelaniya,AMPARA,1.2873,value,10,8,1.2873
COP2324-196,,SPEECH AND HEARING SCIENCES,University of Kelaniya,PUTTALAM,1.2992,value,10,8,1.2992
COP2324-196,,SPEECH AND HEARING SCIENCES,University of Kelaniya,KURUNEGALA,1.3051,value,10,8,1.3051
COP2324-196,,SPEECH AND HEARING SCIENCES,University of Kelaniya,ANURADHAPURA,1.1232,value,10,8,1.1232
COP2324-196,,SPEECH AND HEARING SCIENCES,University of Kelaniya,POLONNARUWA,1.2893,value,10,8,1.2893
COP2324-196,,SPEECH AND HEARING SCIENCES,University of Kelaniya,BADULLA,1.1794,value,10,8,1.1794
COP2324-196,,SPEECH AND HEARING SCIENCES,University of Kelaniya,MONARAGALA,1.0306,value,10,8,1.0306
COP2324-196,,SPEECH AND HEARING SCIENCES,University of Kelaniya,KEGALLE,1.3195,value,10,8,1.3195
COP2324-196,,SPEECH AND HEARING SCIENCES,University of Kelaniya,RATNAPURA,1.2164,value,10,8,1.2164
COP2324-197,,TOURISM & HOSPITALITY MANAGEMENT,Rajarata University of Sri Lanka,COLOMBO,1.4018,value,10,9,1.4018
COP2324-197,,TOURISM & HOSPITALITY MANAGEMENT,Rajarata University of Sri Lanka,GAMPAHA,1.4712,value,10,9,1.4712
COP2324-197,,TOURISM & HOSPITALITY MANAGEMENT,Rajarata University of Sri Lanka,KALUTARA,1.8205,value,10,9,1.8205
COP2324-197,,TOURISM & HOSPITALITY MANAGEMENT,Rajarata University of Sri Lanka,MATALE,1.5139,value,10,9,1.5139
COP2324-197,,TOURISM & HOSPITALITY MANAGEMENT,Rajarata University of Sri Lanka,KANDY,1.3856,value,10,9,1.3856
COP2324-197,,TOURISM & HOSPITALITY MANAGEMENT,Rajarata University of Sri Lanka,NUWARA ELIYA,1.5150,value,10,9,1.5150
COP2324-197,,TOURISM & HOSPITALITY MANAGEMENT,Rajarata University of Sri Lanka,GALLE,1.4423,value,10,9,1.4423
COP2324-197,,TOURISM & HOSPITALITY MANAGEMENT,Rajarata University of Sri Lanka,MATARA,1.4525,value,10,9,1.4525
COP2324-197,,TOURISM & HOSPITALITY MANAGEMENT,Rajarata University of Sri Lanka,HAMBANTOTA,1.3784,value,10,9,1.3784
COP2324-197,,TOURISM & HOSPITALITY MANAGEMENT,Rajarata University of Sri Lanka,JAFFNA,1.4912,value,10,9,1.4912
COP2324-197,,TOURISM & HOSPITALITY MANAGEMENT,Rajarata University of Sri Lanka,KILINOCHCHI,1.4277,value,10,9,1.4277
COP2324-197,,TOURISM & HOSPITALITY MANAGEMENT,Rajarata University of Sri Lanka,MANNAR,,NQC,10,9,NQC
COP2324-197,,TOURISM & HOSPITALITY MANAGEMENT,Rajarata University of Sri Lanka,MULLAITIVU,1.4863,value,10,9,1.4863
COP2324-197,,TOURISM & HOSPITALITY MANAGEMENT,Rajarata University of Sri Lanka,VAVUNIYA,,NQC,10,9,NQC
COP2324-197,,TOURISM & HOSPITALITY MANAGEMENT,Rajarata University of Sri Lanka,TRINCOMALEE,1.4779,value,10,9,1.4779
COP2324-197,,TOURISM & HOSPITALITY MANAGEMENT,Rajarata University of Sri Lanka,BATTICALOA,1.4535,value,10,9,1.4535
COP2324-197,,TOURISM & HOSPITALITY MANAGEMENT,Rajarata University of Sri Lanka,AMPARA,1.5608,value,10,9,1.5608
COP2324-197,,TOURISM & HOSPITALITY MANAGEMENT,Rajarata University of Sri Lanka,PUTTALAM,1.4481,value,10,9,1.4481
COP2324-197,,TOURISM & HOSPITALITY MANAGEMENT,Rajarata University of Sri Lanka,KURUNEGALA,1.4383,value,10,9,1.4383
COP2324-197,,TOURISM & HOSPITALITY MANAGEMENT,Rajarata University of Sri Lanka,ANURADHAPURA,1.4904,value,10,9,1.4904
COP2324-197,,TOURISM & HOSPITALITY MANAGEMENT,Rajarata University of Sri Lanka,POLONNARUWA,1.4947,value,10,9,1.4947
COP2324-197,,TOURISM & HOSPITALITY MANAGEMENT,Rajarata University of Sri Lanka,BADULLA,1.4243,value,10,9,1.4243
COP2324-197,,TOURISM & HOSPITALITY MANAGEMENT,Rajarata University of Sri Lanka,MONARAGALA,1.4104,value,10,9,1.4104
COP2324-197,,TOURISM & HOSPITALITY MANAGEMENT,Rajarata University of Sri Lanka,KEGALLE,1.5947,value,10,9,1.5947
COP2324-197,,TOURISM & HOSPITALITY MANAGEMENT,Rajarata University of Sri Lanka,RATNAPURA,1.3997,value,10,9,1.3997
COP2324-198,,TOURISM & HOSPITALITY MANAGEMENT,Sabaragamuwa University of Sri Lanka,COLOMBO,1.4064,value,10,10,1.4064
COP2324-198,,TOURISM & HOSPITALITY MANAGEMENT,Sabaragamuwa University of Sri Lanka,GAMPAHA,1.4138,value,10,10,1.4138
COP2324-198,,TOURISM & HOSPITALITY MANAGEMENT,Sabaragamuwa University of Sri Lanka,KALUTARA,1.4597,value,10,10,1.4597
COP2324-198,,TOURISM & HOSPITALITY MANAGEMENT,Sabaragamuwa University of Sri Lanka,MATALE,1.4470,value,10,10,1.4470
COP2324-198,,TOURISM & HOSPITALITY MANAGEMENT,Sabaragamuwa University of Sri Lanka,KANDY,1.3687,value,10,10,1.3687
COP2324-198,,TOURISM & HOSPITALITY MANAGEMENT,Sabaragamuwa University of Sri Lanka,NUWARA ELIYA,1.5198,value,10,10,1.5198
COP2324-198,,TOURISM & HOSPITALITY MANAGEMENT,Sabaragamuwa University of Sri Lanka,GALLE,1.4372,value,10,10,1.4372
COP2324-198,,TOURISM & HOSPITALITY MANAGEMENT,Sabaragamuwa University of Sri Lanka,MATARA,1.4451,value,10,10,1.4451
COP2324-198,,TOURISM & HOSPITALITY MANAGEMENT,Sabaragamuwa University of Sri Lanka,HAMBANTOTA,1.3822,value,10,10,1.3822
COP2324-198,,TOURISM & HOSPITALITY MANAGEMENT,Sabaragamuwa University of Sri Lanka,JAFFNA,1.4646,value,10,10,1.4646
COP2324-198,,TOURISM & HOSPITALITY MANAGEMENT,Sabaragamuwa University of Sri Lanka,KILINOCHCHI,1.5395,value,10,10,1.5395
COP2324-198,,TOURISM & HOSPITALITY MANAGEMENT,Sabaragamuwa University of Sri Lanka,MANNAR,1.4728,value,10,10,1.4728
COP2324-198,,TOURISM & HOSPITALITY MANAGEMENT,Sabaragamuwa University of Sri Lanka,MULLAITIVU,,NQC,10,10,NQC
COP2324-198,,TOURISM & HOSPITALITY MANAGEMENT,Sabaragamuwa University of Sri Lanka,VAVUNIYA,1.4222,value,10,10,1.4222
COP2324-198,,TOURISM & HOSPITALITY MANAGEMENT,Sabaragamuwa University of Sri Lanka,TRINCOMALEE,1.3417,value,10,10,1.3417
COP2324-198,,TOURISM & HOSPITALITY MANAGEMENT,Sabaragamuwa University of Sri Lanka,BATTICALOA,1.3548,value,10,10,1.3548
COP2324-198,,TOURISM & HOSPITALITY MANAGEMENT,Sabaragamuwa University of Sri Lanka,AMPARA,1.2785,value,10,10,1.2785
COP2324-198,,TOURISM & HOSPITALITY MANAGEMENT,Sabaragamuwa University of Sri Lanka,PUTTALAM,1.3704,value,10,10,1.3704
COP2324-198,,TOURISM & HOSPITALITY MANAGEMENT,Sabaragamuwa University of Sri Lanka,KURUNEGALA,1.4433,value,10,10,1.4433
COP2324-198,,TOURISM & HOSPITALITY MANAGEMENT,Sabaragamuwa University of Sri Lanka,ANURADHAPURA,1.4019,value,10,10,1.4019
COP2324-198,,TOURISM & HOSPITALITY MANAGEMENT,Sabaragamuwa University of Sri Lanka,POLONNARUWA,1.4789,value,10,10,1.4789
COP2324-198,,TOURISM & HOSPITALITY MANAGEMENT,Sabaragamuwa University of Sri Lanka,BADULLA,1.4805,value,10,10,1.4805
COP2324-198,,TOURISM & HOSPITALITY MANAGEMENT,Sabaragamuwa University of Sri Lanka,MONARAGALA,1.4369,value,10,10,1.4369
COP2324-198,,TOURISM & HOSPITALITY MANAGEMENT,Sabaragamuwa University of Sri Lanka,KEGALLE,1.4608,value,10,10,1.4608
COP2324-198,,TOURISM & HOSPITALITY MANAGEMENT,Sabaragamuwa University of Sri Lanka,RATNAPURA,1.4589,value,10,10,1.4589
COP2324-199,,AGRICULTURAL RESOURCE MANAGEMENT AND TECHNOLOGY,University of Ruhuna,COLOMBO,0.7448,value,10,11,0.7448
COP2324-199,,AGRICULTURAL RESOURCE MANAGEMENT AND TECHNOLOGY,University of Ruhuna,GAMPAHA,0.7098,value,10,11,0.7098
COP2324-199,,AGRICULTURAL RESOURCE MANAGEMENT AND TECHNOLOGY,University of Ruhuna,KALUTARA,0.8722,value,10,11,0.8722
COP2324-199,,AGRICULTURAL RESOURCE MANAGEMENT AND TECHNOLOGY,University of Ruhuna,MATALE,0.8534,value,10,11,0.8534
COP2324-199,,AGRICULTURAL RESOURCE MANAGEMENT AND TECHNOLOGY,University of Ruhuna,KANDY,0.9008,value,10,11,0.9008
COP2324-199,,AGRICULTURAL RESOURCE MANAGEMENT AND TECHNOLOGY,University of Ruhuna,NUWARA ELIYA,0.7576,value,10,11,0.7576
COP2324-199,,AGRICULTURAL RESOURCE MANAGEMENT AND TECHNOLOGY,University of Ruhuna,GALLE,0.8758,value,10,11,0.8758
COP2324-199,,AGRICULTURAL RESOURCE MANAGEMENT AND TECHNOLOGY,University of Ruhuna,MATARA,0.8781,value,10,11,0.8781
COP2324-199,,AGRICULTURAL RESOURCE MANAGEMENT AND TECHNOLOGY,University of Ruhuna,HAMBANTOTA,0.9061,value,10,11,0.9061
COP2324-199,,AGRICULTURAL RESOURCE MANAGEMENT AND TECHNOLOGY,University of Ruhuna,JAFFNA,0.6863,value,10,11,0.6863
COP2324-199,,AGRICULTURAL RESOURCE MANAGEMENT AND TECHNOLOGY,University of Ruhuna,KILINOCHCHI,0.8504,value,10,11,0.8504
COP2324-199,,AGRICULTURAL RESOURCE MANAGEMENT AND TECHNOLOGY,University of Ruhuna,MANNAR,0.5215,value,10,11,0.5215
COP2324-199,,AGRICULTURAL RESOURCE MANAGEMENT AND TECHNOLOGY,University of Ruhuna,MULLAITIVU,0.2740,value,10,11,0.2740
COP2324-199,,AGRICULTURAL RESOURCE MANAGEMENT AND TECHNOLOGY,University of Ruhuna,VAVUNIYA,0.9014,value,10,11,0.9014
COP2324-199,,AGRICULTURAL RESOURCE MANAGEMENT AND TECHNOLOGY,University of Ruhuna,TRINCOMALEE,0.5991,value,10,11,0.5991
COP2324-199,,AGRICULTURAL RESOURCE MANAGEMENT AND TECHNOLOGY,University of Ruhuna,BATTICALOA,0.8079,value,10,11,0.8079
COP2324-199,,AGRICULTURAL RESOURCE MANAGEMENT AND TECHNOLOGY,University of Ruhuna,AMPARA,0.8171,value,10,11,0.8171
COP2324-199,,AGRICULTURAL RESOURCE MANAGEMENT AND TECHNOLOGY,University of Ruhuna,PUTTALAM,0.7275,value,10,11,0.7275
COP2324-199,,AGRICULTURAL RESOURCE MANAGEMENT AND TECHNOLOGY,University of Ruhuna,KURUNEGALA,0.8972,value,10,11,0.8972
COP2324-199,,AGRICULTURAL RESOURCE MANAGEMENT AND TECHNOLOGY,University of Ruhuna,ANURADHAPURA,0.9026,value,10,11,0.9026
COP2324-199,,AGRICULTURAL RESOURCE MANAGEMENT AND TECHNOLOGY,University of Ruhuna,POLONNARUWA,0.7375,value,10,11,0.7375
COP2324-199,,AGRICULTURAL RESOURCE MANAGEMENT AND TECHNOLOGY,University of Ruhuna,BADULLA,0.8529,value,10,11,0.8529
COP2324-199,,AGRICULTURAL RESOURCE MANAGEMENT AND TECHNOLOGY,University of Ruhuna,MONARAGALA,0.7978,value,10,11,0.7978
COP2324-199,,AGRICULTURAL RESOURCE MANAGEMENT AND TECHNOLOGY,University of Ruhuna,KEGALLE,0.9287,value,10,11,0.9287
COP2324-199,,AGRICULTURAL RESOURCE MANAGEMENT AND TECHNOLOGY,University of Ruhuna,RATNAPURA,0.8462,value,10,11,0.8462
COP2324-200,,AGRI BUSINESS MANAGEMENT,University of Ruhuna,COLOMBO,0.7862,value,10,12,0.7862
COP2324-200,,AGRI BUSINESS MANAGEMENT,University of Ruhuna,GAMPAHA,0.7574,value,10,12,0.7574
COP2324-200,,AGRI BUSINESS MANAGEMENT,University of Ruhuna,KALUTARA,0.8884,value,10,12,0.8884
COP2324-200,,AGRI BUSINESS MANAGEMENT,University of Ruhuna,MATALE,0.9003,value,10,12,0.9003
COP2324-200,,AGRI BUSINESS MANAGEMENT,University of Ruhuna,KANDY,0.8648,value,10,12,0.8648
COP2324-200,,AGRI BUSINESS MANAGEMENT,University of Ruhuna,NUWARA ELIYA,0.7544,value,10,12,0.7544
COP2324-200,,AGRI BUSINESS MANAGEMENT,University of Ruhuna,GALLE,0.8856,value,10,12,0.8856
COP2324-200,,AGRI BUSINESS MANAGEMENT,University of Ruhuna,MATARA,0.8733,value,10,12,0.8733
COP2324-200,,AGRI BUSINESS MANAGEMENT,University of Ruhuna,HAMBANTOTA,0.8794,value,10,12,0.8794
COP2324-200,,AGRI BUSINESS MANAGEMENT,University of Ruhuna,JAFFNA,0.8585,value,10,12,0.8585
COP2324-200,,AGRI BUSINESS MANAGEMENT,University of Ruhuna,KILINOCHCHI,0.5329,value,10,12,0.5329
COP2324-200,,AGRI BUSINESS MANAGEMENT,University of Ruhuna,MANNAR,0.5407,value,10,12,0.5407
COP2324-200,,AGRI BUSINESS MANAGEMENT,University of Ruhuna,MULLAITIVU,0.2286,value,10,12,0.2286
COP2324-200,,AGRI BUSINESS MANAGEMENT,University of Ruhuna,VAVUNIYA,0.4383,value,10,12,0.4383
COP2324-200,,AGRI BUSINESS MANAGEMENT,University of Ruhuna,TRINCOMALEE,0.6884,value,10,12,0.6884
COP2324-200,,AGRI BUSINESS MANAGEMENT,University of Ruhuna,BATTICALOA,0.7715,value,10,12,0.7715
COP2324-200,,AGRI BUSINESS MANAGEMENT,University of Ruhuna,AMPARA,0.7738,value,10,12,0.7738
COP2324-200,,AGRI BUSINESS MANAGEMENT,University of Ruhuna,PUTTALAM,0.7133,value,10,12,0.7133
COP2324-200,,AGRI BUSINESS MANAGEMENT,University of Ruhuna,KURUNEGALA,0.8817,value,10,12,0.8817
COP2324-200,,AGRI BUSINESS MANAGEMENT,University of Ruhuna,ANURADHAPURA,0.8402,value,10,12,0.8402
COP2324-200,,AGRI BUSINESS MANAGEMENT,University of Ruhuna,POLONNARUWA,0.7242,value,10,12,0.7242
COP2324-200,,AGRI BUSINESS MANAGEMENT,University of Ruhuna,BADULLA,0.8112,value,10,12,0.8112
COP2324-200,,AGRI BUSINESS MANAGEMENT,University of Ruhuna,MONARAGALA,0.8457,value,10,12,0.8457
COP2324-200,,AGRI BUSINESS MANAGEMENT,University of Ruhuna,KEGALLE,0.8818,value,10,12,0.8818
COP2324-200,,AGRI BUSINESS MANAGEMENT,University of Ruhuna,RATNAPURA,0.8160,value,10,12,0.8160
COP2324-201,,GREEN TECHNOLOGY,University of Ruhuna,COLOMBO,0.9090,value,10,13,0.9090
COP2324-201,,GREEN TECHNOLOGY,University of Ruhuna,GAMPAHA,0.8372,value,10,13,0.8372
COP2324-201,,GREEN TECHNOLOGY,University of Ruhuna,KALUTARA,0.9279,value,10,13,0.9279
COP2324-201,,GREEN TECHNOLOGY,University of Ruhuna,MATALE,0.7877,value,10,13,0.7877
COP2324-201,,GREEN TECHNOLOGY,University of Ruhuna,KANDY,0.9677,value,10,13,0.9677
COP2324-201,,GREEN TECHNOLOGY,University of Ruhuna,NUWARA ELIYA,0.7979,value,10,13,0.7979
COP2324-201,,GREEN TECHNOLOGY,University of Ruhuna,GALLE,0.9408,value,10,13,0.9408
COP2324-201,,GREEN TECHNOLOGY,University of Ruhuna,MATARA,0.9606,value,10,13,0.9606
COP2324-201,,GREEN TECHNOLOGY,University of Ruhuna,HAMBANTOTA,0.9710,value,10,13,0.9710
COP2324-201,,GREEN TECHNOLOGY,University of Ruhuna,JAFFNA,0.8897,value,10,13,0.8897
COP2324-201,,GREEN TECHNOLOGY,University of Ruhuna,KILINOCHCHI,0.5763,value,10,13,0.5763
COP2324-201,,GREEN TECHNOLOGY,University of Ruhuna,MANNAR,0.7680,value,10,13,0.7680
COP2324-201,,GREEN TECHNOLOGY,University of Ruhuna,MULLAITIVU,0.3040,value,10,13,0.3040
COP2324-201,,GREEN TECHNOLOGY,University of Ruhuna,VAVUNIYA,0.6334,value,10,13,0.6334
COP2324-201,,GREEN TECHNOLOGY,University of Ruhuna,TRINCOMALEE,0.7750,value,10,13,0.7750
COP2324-201,,GREEN TECHNOLOGY,University of Ruhuna,BATTICALOA,0.8797,value,10,13,0.8797
COP2324-201,,GREEN TECHNOLOGY,University of Ruhuna,AMPARA,0.6917,value,10,13,0.6917
COP2324-201,,GREEN TECHNOLOGY,University of Ruhuna,PUTTALAM,0.8754,value,10,13,0.8754
COP2324-201,,GREEN TECHNOLOGY,University of Ruhuna,KURUNEGALA,0.9198,value,10,13,0.9198
COP2324-201,,GREEN TECHNOLOGY,University of Ruhuna,ANURADHAPURA,0.9139,value,10,13,0.9139
COP2324-201,,GREEN TECHNOLOGY,University of Ruhuna,POLONNARUWA,0.8883,value,10,13,0.8883
COP2324-201,,GREEN TECHNOLOGY,University of Ruhuna,BADULLA,0.8941,value,10,13,0.8941
COP2324-201,,GREEN TECHNOLOGY,University of Ruhuna,MONARAGALA,0.8470,value,10,13,0.8470
COP2324-201,,GREEN TECHNOLOGY,University of Ruhuna,KEGALLE,0.9389,value,10,13,0.9389
COP2324-201,,GREEN TECHNOLOGY,University of Ruhuna,RATNAPURA,0.9286,value,10,13,0.9286
COP2324-202,,SCIENCE AND TECHNOLOGY,Uva Wellassa University of Sri Lanka,COLOMBO,0.9824,value,10,14,0.9824
COP2324-202,,SCIENCE AND TECHNOLOGY,Uva Wellassa University of Sri Lanka,GAMPAHA,0.9674,value,10,14,0.9674
COP2324-202,,SCIENCE AND TECHNOLOGY,Uva Wellassa University of Sri Lanka,KALUTARA,0.9888,value,10,14,0.9888
COP2324-202,,SCIENCE AND TECHNOLOGY,Uva Wellassa University of Sri Lanka,MATALE,0.9824,value,10,14,0.9824
COP2324-202,,SCIENCE AND TECHNOLOGY,Uva Wellassa University of Sri Lanka,KANDY,0.9772,value,10,14,0.9772
COP2324-202,,SCIENCE AND TECHNOLOGY,Uva Wellassa University of Sri Lanka,NUWARA ELIYA,0.7369,value,10,14,0.7369
COP2324-202,,SCIENCE AND TECHNOLOGY,Uva Wellassa University of Sri Lanka,GALLE,1.0256,value,10,14,1.0256
COP2324-202,,SCIENCE AND TECHNOLOGY,Uva Wellassa University of Sri Lanka,MATARA,1.0507,value,10,14,1.0507
COP2324-202,,SCIENCE AND TECHNOLOGY,Uva Wellassa University of Sri Lanka,HAMBANTOTA,1.0479,value,10,14,1.0479
COP2324-202,,SCIENCE AND TECHNOLOGY,Uva Wellassa University of Sri Lanka,JAFFNA,1.0640,value,10,14,1.0640
COP2324-202,,SCIENCE AND TECHNOLOGY,Uva Wellassa University of Sri Lanka,KILINOCHCHI,0.8269,value,10,14,0.8269
COP2324-202,,SCIENCE AND TECHNOLOGY,Uva Wellassa University of Sri Lanka,MANNAR,0.9767,value,10,14,0.9767
COP2324-202,,SCIENCE AND TECHNOLOGY,Uva Wellassa University of Sri Lanka,MULLAITIVU,0.7050,value,10,14,0.7050
COP2324-202,,SCIENCE AND TECHNOLOGY,Uva Wellassa University of Sri Lanka,VAVUNIYA,0.6430,value,10,14,0.6430
COP2324-202,,SCIENCE AND TECHNOLOGY,Uva Wellassa University of Sri Lanka,TRINCOMALEE,0.9287,value,10,14,0.9287
COP2324-202,,SCIENCE AND TECHNOLOGY,Uva Wellassa University of Sri Lanka,BATTICALOA,0.9786,value,10,14,0.9786
COP2324-202,,SCIENCE AND TECHNOLOGY,Uva Wellassa University of Sri Lanka,AMPARA,0.9332,value,10,14,0.9332
COP2324-202,,SCIENCE AND TECHNOLOGY,Uva Wellassa University of Sri Lanka,PUTTALAM,0.8510,value,10,14,0.8510
COP2324-202,,SCIENCE AND TECHNOLOGY,Uva Wellassa University of Sri Lanka,KURUNEGALA,0.9505,value,10,14,0.9505
COP2324-202,,SCIENCE AND TECHNOLOGY,Uva Wellassa University of Sri Lanka,ANURADHAPURA,0.9587,value,10,14,0.9587
COP2324-202,,SCIENCE AND TECHNOLOGY,Uva Wellassa University of Sri Lanka,POLONNARUWA,0.7936,value,10,14,0.7936
COP2324-202,,SCIENCE AND TECHNOLOGY,Uva Wellassa University of Sri Lanka,BADULLA,1.0544,value,10,14,1.0544
COP2324-202,,SCIENCE AND TECHNOLOGY,Uva Wellassa University of Sri Lanka,MONARAGALA,0.8221,value,10,14,0.8221
COP2324-202,,SCIENCE AND TECHNOLOGY,Uva Wellassa University of Sri Lanka,KEGALLE,1.0248,value,10,14,1.0248
COP2324-202,,SCIENCE AND TECHNOLOGY,Uva Wellassa University of Sri Lanka,RATNAPURA,0.9155,value,10,14,0.9155
COP2324-203,,COMPUTER SCIENCE & TECHNOLOGY,Uva Wellassa University of Sri Lanka,COLOMBO,1.1285,value,10,15,1.1285
COP2324-203,,COMPUTER SCIENCE & TECHNOLOGY,Uva Wellassa University of Sri Lanka,GAMPAHA,1.1495,value,10,15,1.1495
COP2324-203,,COMPUTER SCIENCE & TECHNOLOGY,Uva Wellassa University of Sri Lanka,KALUTARA,1.2266,value,10,15,1.2266
COP2324-203,,COMPUTER SCIENCE & TECHNOLOGY,Uva Wellassa University of Sri Lanka,MATALE,1.1708,value,10,15,1.1708
COP2324-203,,COMPUTER SCIENCE & TECHNOLOGY,Uva Wellassa University of Sri Lanka,KANDY,1.0818,value,10,15,1.0818
COP2324-203,,COMPUTER SCIENCE & TECHNOLOGY,Uva Wellassa University of Sri Lanka,NUWARA ELIYA,0.8858,value,10,15,0.8858
COP2324-203,,COMPUTER SCIENCE & TECHNOLOGY,Uva Wellassa University of Sri Lanka,GALLE,1.2722,value,10,15,1.2722
COP2324-203,,COMPUTER SCIENCE & TECHNOLOGY,Uva Wellassa University of Sri Lanka,MATARA,1.3368,value,10,15,1.3368
COP2324-203,,COMPUTER SCIENCE & TECHNOLOGY,Uva Wellassa University of Sri Lanka,HAMBANTOTA,1.2785,value,10,15,1.2785
COP2324-203,,COMPUTER SCIENCE & TECHNOLOGY,Uva Wellassa University of Sri Lanka,JAFFNA,1.3308,value,10,15,1.3308
COP2324-203,,COMPUTER SCIENCE & TECHNOLOGY,Uva Wellassa University of Sri Lanka,KILINOCHCHI,0.8181,value,10,15,0.8181
COP2324-203,,COMPUTER SCIENCE & TECHNOLOGY,Uva Wellassa University of Sri Lanka,MANNAR,1.3160,value,10,15,1.3160
COP2324-203,,COMPUTER SCIENCE & TECHNOLOGY,Uva Wellassa University of Sri Lanka,MULLAITIVU,0.8812,value,10,15,0.8812
COP2324-203,,COMPUTER SCIENCE & TECHNOLOGY,Uva Wellassa University of Sri Lanka,VAVUNIYA,1.0138,value,10,15,1.0138
COP2324-203,,COMPUTER SCIENCE & TECHNOLOGY,Uva Wellassa University of Sri Lanka,TRINCOMALEE,1.1438,value,10,15,1.1438
COP2324-203,,COMPUTER SCIENCE & TECHNOLOGY,Uva Wellassa University of Sri Lanka,BATTICALOA,1.0960,value,10,15,1.0960
COP2324-203,,COMPUTER SCIENCE & TECHNOLOGY,Uva Wellassa University of Sri Lanka,AMPARA,1.1882,value,10,15,1.1882
COP2324-203,,COMPUTER SCIENCE & TECHNOLOGY,Uva Wellassa University of Sri Lanka,PUTTALAM,0.9776,value,10,15,0.9776
COP2324-203,,COMPUTER SCIENCE & TECHNOLOGY,Uva Wellassa University of Sri Lanka,KURUNEGALA,1.2227,value,10,15,1.2227
COP2324-203,,COMPUTER SCIENCE & TECHNOLOGY,Uva Wellassa University of Sri Lanka,ANURADHAPURA,1.0701,value,10,15,1.0701
COP2324-203,,COMPUTER SCIENCE & TECHNOLOGY,Uva Wellassa University of Sri Lanka,POLONNARUWA,0.8398,value,10,15,0.8398
COP2324-203,,COMPUTER SCIENCE & TECHNOLOGY,Uva Wellassa University of Sri Lanka,BADULLA,1.1146,value,10,15,1.1146
COP2324-203,,COMPUTER SCIENCE & TECHNOLOGY,Uva Wellassa University of Sri Lanka,MONARAGALA,1.0660,value,10,15,1.0660
COP2324-203,,COMPUTER SCIENCE & TECHNOLOGY,Uva Wellassa University of Sri Lanka,KEGALLE,1.2231,value,10,15,1.2231
COP2324-203,,COMPUTER SCIENCE & TECHNOLOGY,Uva Wellassa University of Sri Lanka,RATNAPURA,1.1612,value,10,15,1.1612
COP2324-204,,ENTREPRENEURSHIP AND MANAGEMENT,Uva Wellassa University of Sri Lanka,COLOMBO,1.2474,value,10,16,1.2474
COP2324-204,,ENTREPRENEURSHIP AND MANAGEMENT,Uva Wellassa University of Sri Lanka,GAMPAHA,1.2745,value,10,16,1.2745
COP2324-204,,ENTREPRENEURSHIP AND MANAGEMENT,Uva Wellassa University of Sri Lanka,KALUTARA,1.2666,value,10,16,1.2666
COP2324-204,,ENTREPRENEURSHIP AND MANAGEMENT,Uva Wellassa University of Sri Lanka,MATALE,1.2147,value,10,16,1.2147
COP2324-204,,ENTREPRENEURSHIP AND MANAGEMENT,Uva Wellassa University of Sri Lanka,KANDY,1.2281,value,10,16,1.2281
COP2324-204,,ENTREPRENEURSHIP AND MANAGEMENT,Uva Wellassa University of Sri Lanka,NUWARA ELIYA,1.1682,value,10,16,1.1682
COP2324-204,,ENTREPRENEURSHIP AND MANAGEMENT,Uva Wellassa University of Sri Lanka,GALLE,1.2937,value,10,16,1.2937
COP2324-204,,ENTREPRENEURSHIP AND MANAGEMENT,Uva Wellassa University of Sri Lanka,MATARA,1.2881,value,10,16,1.2881
COP2324-204,,ENTREPRENEURSHIP AND MANAGEMENT,Uva Wellassa University of Sri Lanka,HAMBANTOTA,1.2537,value,10,16,1.2537
COP2324-204,,ENTREPRENEURSHIP AND MANAGEMENT,Uva Wellassa University of Sri Lanka,JAFFNA,0.9902,value,10,16,0.9902
COP2324-204,,ENTREPRENEURSHIP AND MANAGEMENT,Uva Wellassa University of Sri Lanka,KILINOCHCHI,0.7666,value,10,16,0.7666
COP2324-204,,ENTREPRENEURSHIP AND MANAGEMENT,Uva Wellassa University of Sri Lanka,MANNAR,0.8779,value,10,16,0.8779
COP2324-204,,ENTREPRENEURSHIP AND MANAGEMENT,Uva Wellassa University of Sri Lanka,MULLAITIVU,0.8875,value,10,16,0.8875
COP2324-204,,ENTREPRENEURSHIP AND MANAGEMENT,Uva Wellassa University of Sri Lanka,VAVUNIYA,0.9034,value,10,16,0.9034
COP2324-204,,ENTREPRENEURSHIP AND MANAGEMENT,Uva Wellassa University of Sri Lanka,TRINCOMALEE,1.2137,value,10,16,1.2137
COP2324-204,,ENTREPRENEURSHIP AND MANAGEMENT,Uva Wellassa University of Sri Lanka,BATTICALOA,0.9867,value,10,16,0.9867
COP2324-204,,ENTREPRENEURSHIP AND MANAGEMENT,Uva Wellassa University of Sri Lanka,AMPARA,0.9629,value,10,16,0.9629
COP2324-204,,ENTREPRENEURSHIP AND MANAGEMENT,Uva Wellassa University of Sri Lanka,PUTTALAM,1.2049,value,10,16,1.2049
COP2324-204,,ENTREPRENEURSHIP AND MANAGEMENT,Uva Wellassa University of Sri Lanka,KURUNEGALA,1.2721,value,10,16,1.2721
COP2324-204,,ENTREPRENEURSHIP AND MANAGEMENT,Uva Wellassa University of Sri Lanka,ANURADHAPURA,1.1227,value,10,16,1.1227
COP2324-204,,ENTREPRENEURSHIP AND MANAGEMENT,Uva Wellassa University of Sri Lanka,POLONNARUWA,1.2417,value,10,16,1.2417
COP2324-204,,ENTREPRENEURSHIP AND MANAGEMENT,Uva Wellassa University of Sri Lanka,BADULLA,1.1425,value,10,16,1.1425
COP2324-204,,ENTREPRENEURSHIP AND MANAGEMENT,Uva Wellassa University of Sri Lanka,MONARAGALA,1.2049,value,10,16,1.2049
COP2324-204,,ENTREPRENEURSHIP AND MANAGEMENT,Uva Wellassa University of Sri Lanka,KEGALLE,1.2761,value,10,16,1.2761
COP2324-204,,ENTREPRENEURSHIP AND MANAGEMENT,Uva Wellassa University of Sri Lanka,RATNAPURA,1.2290,value,10,16,1.2290
COP2324-205,,ANIMAL PRODUCTION AND FOOD TECHNOLOGY,Uva Wellassa University of Sri Lanka,COLOMBO,0.7004,value,10,17,0.7004
COP2324-205,,ANIMAL PRODUCTION AND FOOD TECHNOLOGY,Uva Wellassa University of Sri Lanka,GAMPAHA,0.6667,value,10,17,0.6667
COP2324-205,,ANIMAL PRODUCTION AND FOOD TECHNOLOGY,Uva Wellassa University of Sri Lanka,KALUTARA,0.7388,value,10,17,0.7388
COP2324-205,,ANIMAL PRODUCTION AND FOOD TECHNOLOGY,Uva Wellassa University of Sri Lanka,MATALE,0.6984,value,10,17,0.6984
COP2324-205,,ANIMAL PRODUCTION AND FOOD TECHNOLOGY,Uva Wellassa University of Sri Lanka,KANDY,0.8102,value,10,17,0.8102
COP2324-205,,ANIMAL PRODUCTION AND FOOD TECHNOLOGY,Uva Wellassa University of Sri Lanka,NUWARA ELIYA,0.6239,value,10,17,0.6239
COP2324-205,,ANIMAL PRODUCTION AND FOOD TECHNOLOGY,Uva Wellassa University of Sri Lanka,GALLE,0.7733,value,10,17,0.7733
COP2324-205,,ANIMAL PRODUCTION AND FOOD TECHNOLOGY,Uva Wellassa University of Sri Lanka,MATARA,0.8214,value,10,17,0.8214
COP2324-205,,ANIMAL PRODUCTION AND FOOD TECHNOLOGY,Uva Wellassa University of Sri Lanka,HAMBANTOTA,0.7914,value,10,17,0.7914
COP2324-205,,ANIMAL PRODUCTION AND FOOD TECHNOLOGY,Uva Wellassa University of Sri Lanka,JAFFNA,0.6807,value,10,17,0.6807
COP2324-205,,ANIMAL PRODUCTION AND FOOD TECHNOLOGY,Uva Wellassa University of Sri Lanka,KILINOCHCHI,0.5574,value,10,17,0.5574
COP2324-205,,ANIMAL PRODUCTION AND FOOD TECHNOLOGY,Uva Wellassa University of Sri Lanka,MANNAR,0.6730,value,10,17,0.6730
COP2324-205,,ANIMAL PRODUCTION AND FOOD TECHNOLOGY,Uva Wellassa University of Sri Lanka,MULLAITIVU,0.1637,value,10,17,0.1637
COP2324-205,,ANIMAL PRODUCTION AND FOOD TECHNOLOGY,Uva Wellassa University of Sri Lanka,VAVUNIYA,0.4751,value,10,17,0.4751
COP2324-205,,ANIMAL PRODUCTION AND FOOD TECHNOLOGY,Uva Wellassa University of Sri Lanka,TRINCOMALEE,0.7261,value,10,17,0.7261
COP2324-205,,ANIMAL PRODUCTION AND FOOD TECHNOLOGY,Uva Wellassa University of Sri Lanka,BATTICALOA,0.7607,value,10,17,0.7607
COP2324-205,,ANIMAL PRODUCTION AND FOOD TECHNOLOGY,Uva Wellassa University of Sri Lanka,AMPARA,0.6436,value,10,17,0.6436
COP2324-205,,ANIMAL PRODUCTION AND FOOD TECHNOLOGY,Uva Wellassa University of Sri Lanka,PUTTALAM,0.5908,value,10,17,0.5908
COP2324-205,,ANIMAL PRODUCTION AND FOOD TECHNOLOGY,Uva Wellassa University of Sri Lanka,KURUNEGALA,0.7660,value,10,17,0.7660
COP2324-205,,ANIMAL PRODUCTION AND FOOD TECHNOLOGY,Uva Wellassa University of Sri Lanka,ANURADHAPURA,0.7291,value,10,17,0.7291
COP2324-205,,ANIMAL PRODUCTION AND FOOD TECHNOLOGY,Uva Wellassa University of Sri Lanka,POLONNARUWA,0.6907,value,10,17,0.6907
COP2324-205,,ANIMAL PRODUCTION AND FOOD TECHNOLOGY,Uva Wellassa University of Sri Lanka,BADULLA,0.7177,value,10,17,0.7177
COP2324-205,,ANIMAL PRODUCTION AND FOOD TECHNOLOGY,Uva Wellassa University of Sri Lanka,MONARAGALA,0.7172,value,10,17,0.7172
COP2324-205,,ANIMAL PRODUCTION AND FOOD TECHNOLOGY,Uva Wellassa University of Sri Lanka,KEGALLE,0.8011,value,10,17,0.8011
COP2324-205,,ANIMAL PRODUCTION AND FOOD TECHNOLOGY,Uva Wellassa University of Sri Lanka,RATNAPURA,0.7259,value,10,17,0.7259
COP2324-206,,EXPORT AGRICULTURE,Uva Wellassa University of Sri Lanka,COLOMBO,0.7366,value,10,18,0.7366
COP2324-206,,EXPORT AGRICULTURE,Uva Wellassa University of Sri Lanka,GAMPAHA,0.6480,value,10,18,0.6480
COP2324-206,,EXPORT AGRICULTURE,Uva Wellassa University of Sri Lanka,KALUTARA,0.7457,value,10,18,0.7457
COP2324-206,,EXPORT AGRICULTURE,Uva Wellassa University of Sri Lanka,MATALE,0.6711,value,10,18,0.6711
COP2324-206,,EXPORT AGRICULTURE,Uva Wellassa University of Sri Lanka,KANDY,0.7499,value,10,18,0.7499
COP2324-206,,EXPORT AGRICULTURE,Uva Wellassa University of Sri Lanka,NUWARA ELIYA,0.7190,value,10,18,0.7190
COP2324-206,,EXPORT AGRICULTURE,Uva Wellassa University of Sri Lanka,GALLE,0.7548,value,10,18,0.7548
COP2324-206,,EXPORT AGRICULTURE,Uva Wellassa University of Sri Lanka,MATARA,0.7383,value,10,18,0.7383
COP2324-206,,EXPORT AGRICULTURE,Uva Wellassa University of Sri Lanka,HAMBANTOTA,0.7774,value,10,18,0.7774
COP2324-206,,EXPORT AGRICULTURE,Uva Wellassa University of Sri Lanka,JAFFNA,0.6902,value,10,18,0.6902
COP2324-206,,EXPORT AGRICULTURE,Uva Wellassa University of Sri Lanka,KILINOCHCHI,0.5460,value,10,18,0.5460
COP2324-206,,EXPORT AGRICULTURE,Uva Wellassa University of Sri Lanka,MANNAR,0.3388,value,10,18,0.3388
COP2324-206,,EXPORT AGRICULTURE,Uva Wellassa University of Sri Lanka,MULLAITIVU,0.4427,value,10,18,0.4427
COP2324-206,,EXPORT AGRICULTURE,Uva Wellassa University of Sri Lanka,VAVUNIYA,0.5863,value,10,18,0.5863
COP2324-206,,EXPORT AGRICULTURE,Uva Wellassa University of Sri Lanka,TRINCOMALEE,0.7267,value,10,18,0.7267
COP2324-206,,EXPORT AGRICULTURE,Uva Wellassa University of Sri Lanka,BATTICALOA,0.6791,value,10,18,0.6791
COP2324-206,,EXPORT AGRICULTURE,Uva Wellassa University of Sri Lanka,AMPARA,0.6809,value,10,18,0.6809
COP2324-206,,EXPORT AGRICULTURE,Uva Wellassa University of Sri Lanka,PUTTALAM,0.5498,value,10,18,0.5498
COP2324-206,,EXPORT AGRICULTURE,Uva Wellassa University of Sri Lanka,KURUNEGALA,0.7213,value,10,18,0.7213
COP2324-206,,EXPORT AGRICULTURE,Uva Wellassa University of Sri Lanka,ANURADHAPURA,0.6874,value,10,18,0.6874
COP2324-206,,EXPORT AGRICULTURE,Uva Wellassa University of Sri Lanka,POLONNARUWA,0.6238,value,10,18,0.6238
COP2324-206,,EXPORT AGRICULTURE,Uva Wellassa University of Sri Lanka,BADULLA,0.7071,value,10,18,0.7071
COP2324-206,,EXPORT AGRICULTURE,Uva Wellassa University of Sri Lanka,MONARAGALA,0.7198,value,10,18,0.7198
COP2324-206,,EXPORT AGRICULTURE,Uva Wellassa University of Sri Lanka,KEGALLE,0.7768,value,10,18,0.7768
COP2324-206,,EXPORT AGRICULTURE,Uva Wellassa University of Sri Lanka,RATNAPURA,0.7505,value,10,18,0.7505
COP2324-207,,INDUSTRIAL INFORMATION TECHNOLOGY,Uva Wellassa University of Sri Lanka,COLOMBO,1.3015,value,10,19,1.3015
COP2324-207,,INDUSTRIAL INFORMATION TECHNOLOGY,Uva Wellassa University of Sri Lanka,GAMPAHA,1.2171,value,10,19,1.2171
COP2324-207,,INDUSTRIAL INFORMATION TECHNOLOGY,Uva Wellassa University of Sri Lanka,KALUTARA,1.2884,value,10,19,1.2884
COP2324-207,,INDUSTRIAL INFORMATION TECHNOLOGY,Uva Wellassa University of Sri Lanka,MATALE,1.2521,value,10,19,1.2521
COP2324-207,,INDUSTRIAL INFORMATION TECHNOLOGY,Uva Wellassa University of Sri Lanka,KANDY,1.1807,value,10,19,1.1807
COP2324-207,,INDUSTRIAL INFORMATION TECHNOLOGY,Uva Wellassa University of Sri Lanka,NUWARA ELIYA,1.1529,value,10,19,1.1529
COP2324-207,,INDUSTRIAL INFORMATION TECHNOLOGY,Uva Wellassa University of Sri Lanka,GALLE,1.2775,value,10,19,1.2775
COP2324-207,,INDUSTRIAL INFORMATION TECHNOLOGY,Uva Wellassa University of Sri Lanka,MATARA,1.3849,value,10,19,1.3849
COP2324-207,,INDUSTRIAL INFORMATION TECHNOLOGY,Uva Wellassa University of Sri Lanka,HAMBANTOTA,1.2731,value,10,19,1.2731
COP2324-207,,INDUSTRIAL INFORMATION TECHNOLOGY,Uva Wellassa University of Sri Lanka,JAFFNA,1.3141,value,10,19,1.3141
COP2324-207,,INDUSTRIAL INFORMATION TECHNOLOGY,Uva Wellassa University of Sri Lanka,KILINOCHCHI,0.7088,value,10,19,0.7088
COP2324-207,,INDUSTRIAL INFORMATION TECHNOLOGY,Uva Wellassa University of Sri Lanka,MANNAR,0.7212,value,10,19,0.7212
COP2324-207,,INDUSTRIAL INFORMATION TECHNOLOGY,Uva Wellassa University of Sri Lanka,MULLAITIVU,0.1770,value,10,19,0.1770
COP2324-207,,INDUSTRIAL INFORMATION TECHNOLOGY,Uva Wellassa University of Sri Lanka,VAVUNIYA,1.2641,value,10,19,1.2641
COP2324-207,,INDUSTRIAL INFORMATION TECHNOLOGY,Uva Wellassa University of Sri Lanka,TRINCOMALEE,1.3615,value,10,19,1.3615
COP2324-207,,INDUSTRIAL INFORMATION TECHNOLOGY,Uva Wellassa University of Sri Lanka,BATTICALOA,1.2634,value,10,19,1.2634
COP2324-207,,INDUSTRIAL INFORMATION TECHNOLOGY,Uva Wellassa University of Sri Lanka,AMPARA,1.1506,value,10,19,1.1506
COP2324-207,,INDUSTRIAL INFORMATION TECHNOLOGY,Uva Wellassa University of Sri Lanka,PUTTALAM,1.2082,value,10,19,1.2082
COP2324-207,,INDUSTRIAL INFORMATION TECHNOLOGY,Uva Wellassa University of Sri Lanka,KURUNEGALA,1.3127,value,10,19,1.3127
COP2324-207,,INDUSTRIAL INFORMATION TECHNOLOGY,Uva Wellassa University of Sri Lanka,ANURADHAPURA,1.2401,value,10,19,1.2401
COP2324-207,,INDUSTRIAL INFORMATION TECHNOLOGY,Uva Wellassa University of Sri Lanka,POLONNARUWA,1.3096,value,10,19,1.3096
COP2324-207,,INDUSTRIAL INFORMATION TECHNOLOGY,Uva Wellassa University of Sri Lanka,BADULLA,1.1838,value,10,19,1.1838
COP2324-207,,INDUSTRIAL INFORMATION TECHNOLOGY,Uva Wellassa University of Sri Lanka,MONARAGALA,1.3498,value,10,19,1.3498
COP2324-207,,INDUSTRIAL INFORMATION TECHNOLOGY,Uva Wellassa University of Sri Lanka,KEGALLE,1.2217,value,10,19,1.2217
COP2324-207,,INDUSTRIAL INFORMATION TECHNOLOGY,Uva Wellassa University of Sri Lanka,RATNAPURA,1.2830,value,10,19,1.2830
COP2324-208,,MINERAL RESOURCES AND TECHNOLOGY,Uva Wellassa University of Sri Lanka,COLOMBO,0.8234,value,10,20,0.8234
COP2324-208,,MINERAL RESOURCES AND TECHNOLOGY,Uva Wellassa University of Sri Lanka,GAMPAHA,0.7950,value,10,20,0.7950
COP2324-208,,MINERAL RESOURCES AND TECHNOLOGY,Uva Wellassa University of Sri Lanka,KALUTARA,0.9194,value,10,20,0.9194
COP2324-208,,MINERAL RESOURCES AND TECHNOLOGY,Uva Wellassa University of Sri Lanka,MATALE,0.7703,value,10,20,0.7703
COP2324-208,,MINERAL RESOURCES AND TECHNOLOGY,Uva Wellassa University of Sri Lanka,KANDY,0.8315,value,10,20,0.8315
COP2324-208,,MINERAL RESOURCES AND TECHNOLOGY,Uva Wellassa University of Sri Lanka,NUWARA ELIYA,0.6831,value,10,20,0.6831
COP2324-208,,MINERAL RESOURCES AND TECHNOLOGY,Uva Wellassa University of Sri Lanka,GALLE,0.8923,value,10,20,0.8923
COP2324-208,,MINERAL RESOURCES AND TECHNOLOGY,Uva Wellassa University of Sri Lanka,MATARA,0.8954,value,10,20,0.8954
COP2324-208,,MINERAL RESOURCES AND TECHNOLOGY,Uva Wellassa University of Sri Lanka,HAMBANTOTA,0.9405,value,10,20,0.9405
COP2324-208,,MINERAL RESOURCES AND TECHNOLOGY,Uva Wellassa University of Sri Lanka,JAFFNA,0.9427,value,10,20,0.9427
COP2324-208,,MINERAL RESOURCES AND TECHNOLOGY,Uva Wellassa University of Sri Lanka,KILINOCHCHI,0.7550,value,10,20,0.7550
COP2324-208,,MINERAL RESOURCES AND TECHNOLOGY,Uva Wellassa University of Sri Lanka,MANNAR,0.4134,value,10,20,0.4134
COP2324-208,,MINERAL RESOURCES AND TECHNOLOGY,Uva Wellassa University of Sri Lanka,MULLAITIVU,0.2171,value,10,20,0.2171
COP2324-208,,MINERAL RESOURCES AND TECHNOLOGY,Uva Wellassa University of Sri Lanka,VAVUNIYA,0.8294,value,10,20,0.8294
COP2324-208,,MINERAL RESOURCES AND TECHNOLOGY,Uva Wellassa University of Sri Lanka,TRINCOMALEE,0.8931,value,10,20,0.8931
COP2324-208,,MINERAL RESOURCES AND TECHNOLOGY,Uva Wellassa University of Sri Lanka,BATTICALOA,0.8960,value,10,20,0.8960
COP2324-208,,MINERAL RESOURCES AND TECHNOLOGY,Uva Wellassa University of Sri Lanka,AMPARA,0.9457,value,10,20,0.9457
COP2324-208,,MINERAL RESOURCES AND TECHNOLOGY,Uva Wellassa University of Sri Lanka,PUTTALAM,0.7572,value,10,20,0.7572
COP2324-208,,MINERAL RESOURCES AND TECHNOLOGY,Uva Wellassa University of Sri Lanka,KURUNEGALA,0.9205,value,10,20,0.9205
COP2324-208,,MINERAL RESOURCES AND TECHNOLOGY,Uva Wellassa University of Sri Lanka,ANURADHAPURA,0.8371,value,10,20,0.8371
COP2324-208,,MINERAL RESOURCES AND TECHNOLOGY,Uva Wellassa University of Sri Lanka,POLONNARUWA,0.5420,value,10,20,0.5420
COP2324-208,,MINERAL RESOURCES AND TECHNOLOGY,Uva Wellassa University of Sri Lanka,BADULLA,0.9404,value,10,20,0.9404
COP2324-208,,MINERAL RESOURCES AND TECHNOLOGY,Uva Wellassa University of Sri Lanka,MONARAGALA,0.8113,value,10,20,0.8113
COP2324-208,,MINERAL RESOURCES AND TECHNOLOGY,Uva Wellassa University of Sri Lanka,KEGALLE,0.8589,value,10,20,0.8589
COP2324-208,,MINERAL RESOURCES AND TECHNOLOGY,Uva Wellassa University of Sri Lanka,RATNAPURA,0.8900,value,10,20,0.8900
COP2324-209,,AQUATIC RESOURCES TECHNOLOGY,Uva Wellassa University of Sri Lanka,COLOMBO,0.6845,value,10,21,0.6845
COP2324-209,,AQUATIC RESOURCES TECHNOLOGY,Uva Wellassa University of Sri Lanka,GAMPAHA,0.5910,value,10,21,0.5910
COP2324-209,,AQUATIC RESOURCES TECHNOLOGY,Uva Wellassa University of Sri Lanka,KALUTARA,0.7001,value,10,21,0.7001
COP2324-209,,AQUATIC RESOURCES TECHNOLOGY,Uva Wellassa University of Sri Lanka,MATALE,0.7325,value,10,21,0.7325
COP2324-209,,AQUATIC RESOURCES TECHNOLOGY,Uva Wellassa University of Sri Lanka,KANDY,0.7164,value,10,21,0.7164
COP2324-209,,AQUATIC RESOURCES TECHNOLOGY,Uva Wellassa University of Sri Lanka,NUWARA ELIYA,0.5420,value,10,21,0.5420
COP2324-209,,AQUATIC RESOURCES TECHNOLOGY,Uva Wellassa University of Sri Lanka,GALLE,0.7191,value,10,21,0.7191
COP2324-209,,AQUATIC RESOURCES TECHNOLOGY,Uva Wellassa University of Sri Lanka,MATARA,0.6953,value,10,21,0.6953
COP2324-209,,AQUATIC RESOURCES TECHNOLOGY,Uva Wellassa University of Sri Lanka,HAMBANTOTA,0.7059,value,10,21,0.7059
COP2324-209,,AQUATIC RESOURCES TECHNOLOGY,Uva Wellassa University of Sri Lanka,JAFFNA,0.6721,value,10,21,0.6721
COP2324-209,,AQUATIC RESOURCES TECHNOLOGY,Uva Wellassa University of Sri Lanka,KILINOCHCHI,0.4531,value,10,21,0.4531
COP2324-209,,AQUATIC RESOURCES TECHNOLOGY,Uva Wellassa University of Sri Lanka,MANNAR,0.5891,value,10,21,0.5891
COP2324-209,,AQUATIC RESOURCES TECHNOLOGY,Uva Wellassa University of Sri Lanka,MULLAITIVU,0.1627,value,10,21,0.1627
COP2324-209,,AQUATIC RESOURCES TECHNOLOGY,Uva Wellassa University of Sri Lanka,VAVUNIYA,0.4573,value,10,21,0.4573
COP2324-209,,AQUATIC RESOURCES TECHNOLOGY,Uva Wellassa University of Sri Lanka,TRINCOMALEE,0.7013,value,10,21,0.7013
COP2324-209,,AQUATIC RESOURCES TECHNOLOGY,Uva Wellassa University of Sri Lanka,BATTICALOA,0.7015,value,10,21,0.7015
COP2324-209,,AQUATIC RESOURCES TECHNOLOGY,Uva Wellassa University of Sri Lanka,AMPARA,0.6386,value,10,21,0.6386
COP2324-209,,AQUATIC RESOURCES TECHNOLOGY,Uva Wellassa University of Sri Lanka,PUTTALAM,0.5890,value,10,21,0.5890
COP2324-209,,AQUATIC RESOURCES TECHNOLOGY,Uva Wellassa University of Sri Lanka,KURUNEGALA,0.7015,value,10,21,0.7015
COP2324-209,,AQUATIC RESOURCES TECHNOLOGY,Uva Wellassa University of Sri Lanka,ANURADHAPURA,0.6261,value,10,21,0.6261
COP2324-209,,AQUATIC RESOURCES TECHNOLOGY,Uva Wellassa University of Sri Lanka,POLONNARUWA,0.5985,value,10,21,0.5985
COP2324-209,,AQUATIC RESOURCES TECHNOLOGY,Uva Wellassa University of Sri Lanka,BADULLA,0.6995,value,10,21,0.6995
COP2324-209,,AQUATIC RESOURCES TECHNOLOGY,Uva Wellassa University of Sri Lanka,MONARAGALA,0.6925,value,10,21,0.6925
COP2324-209,,AQUATIC RESOURCES TECHNOLOGY,Uva Wellassa University of Sri Lanka,KEGALLE,0.7298,value,10,21,0.7298
COP2324-209,,AQUATIC RESOURCES TECHNOLOGY,Uva Wellassa University of Sri Lanka,RATNAPURA,0.6954,value,10,21,0.6954
COP2324-210,,"HOSPITALITY, TOURISM AND EVENTS MANAGEMENT",Uva Wellassa University of Sri Lanka,COLOMBO,1.2425,value,10,22,1.2425
COP2324-210,,"HOSPITALITY, TOURISM AND EVENTS MANAGEMENT",Uva Wellassa University of Sri Lanka,GAMPAHA,1.2737,value,10,22,1.2737
COP2324-210,,"HOSPITALITY, TOURISM AND EVENTS MANAGEMENT",Uva Wellassa University of Sri Lanka,KALUTARA,1.2649,value,10,22,1.2649
COP2324-210,,"HOSPITALITY, TOURISM AND EVENTS MANAGEMENT",Uva Wellassa University of Sri Lanka,MATALE,1.2291,value,10,22,1.2291
COP2324-210,,"HOSPITALITY, TOURISM AND EVENTS MANAGEMENT",Uva Wellassa University of Sri Lanka,KANDY,1.2186,value,10,22,1.2186
COP2324-210,,"HOSPITALITY, TOURISM AND EVENTS MANAGEMENT",Uva Wellassa University of Sri Lanka,NUWARA ELIYA,1.0498,value,10,22,1.0498
COP2324-210,,"HOSPITALITY, TOURISM AND EVENTS MANAGEMENT",Uva Wellassa University of Sri Lanka,GALLE,1.2930,value,10,22,1.2930
COP2324-210,,"HOSPITALITY, TOURISM AND EVENTS MANAGEMENT",Uva Wellassa University of Sri Lanka,MATARA,1.2937,value,10,22,1.2937
COP2324-210,,"HOSPITALITY, TOURISM AND EVENTS MANAGEMENT",Uva Wellassa University of Sri Lanka,HAMBANTOTA,1.2249,value,10,22,1.2249
COP2324-210,,"HOSPITALITY, TOURISM AND EVENTS MANAGEMENT",Uva Wellassa University of Sri Lanka,JAFFNA,0.9514,value,10,22,0.9514
COP2324-210,,"HOSPITALITY, TOURISM AND EVENTS MANAGEMENT",Uva Wellassa University of Sri Lanka,KILINOCHCHI,0.6555,value,10,22,0.6555
COP2324-210,,"HOSPITALITY, TOURISM AND EVENTS MANAGEMENT",Uva Wellassa University of Sri Lanka,MANNAR,0.8299,value,10,22,0.8299
COP2324-210,,"HOSPITALITY, TOURISM AND EVENTS MANAGEMENT",Uva Wellassa University of Sri Lanka,MULLAITIVU,1.0035,value,10,22,1.0035
COP2324-210,,"HOSPITALITY, TOURISM AND EVENTS MANAGEMENT",Uva Wellassa University of Sri Lanka,VAVUNIYA,0.9186,value,10,22,0.9186
COP2324-210,,"HOSPITALITY, TOURISM AND EVENTS MANAGEMENT",Uva Wellassa University of Sri Lanka,TRINCOMALEE,1.1298,value,10,22,1.1298
COP2324-210,,"HOSPITALITY, TOURISM AND EVENTS MANAGEMENT",Uva Wellassa University of Sri Lanka,BATTICALOA,0.9579,value,10,22,0.9579
COP2324-210,,"HOSPITALITY, TOURISM AND EVENTS MANAGEMENT",Uva Wellassa University of Sri Lanka,AMPARA,0.8755,value,10,22,0.8755
COP2324-210,,"HOSPITALITY, TOURISM AND EVENTS MANAGEMENT",Uva Wellassa University of Sri Lanka,PUTTALAM,1.1482,value,10,22,1.1482
COP2324-210,,"HOSPITALITY, TOURISM AND EVENTS MANAGEMENT",Uva Wellassa University of Sri Lanka,KURUNEGALA,1.2314,value,10,22,1.2314
COP2324-210,,"HOSPITALITY, TOURISM AND EVENTS MANAGEMENT",Uva Wellassa University of Sri Lanka,ANURADHAPURA,1.1724,value,10,22,1.1724
COP2324-210,,"HOSPITALITY, TOURISM AND EVENTS MANAGEMENT",Uva Wellassa University of Sri Lanka,POLONNARUWA,1.2354,value,10,22,1.2354
COP2324-210,,"HOSPITALITY, TOURISM AND EVENTS MANAGEMENT",Uva Wellassa University of Sri Lanka,BADULLA,1.0667,value,10,22,1.0667
COP2324-210,,"HOSPITALITY, TOURISM AND EVENTS MANAGEMENT",Uva Wellassa University of Sri Lanka,MONARAGALA,1.1905,value,10,22,1.1905
COP2324-210,,"HOSPITALITY, TOURISM AND EVENTS MANAGEMENT",Uva Wellassa University of Sri Lanka,KEGALLE,1.2578,value,10,22,1.2578
COP2324-210,,"HOSPITALITY, TOURISM AND EVENTS MANAGEMENT",Uva Wellassa University of Sri Lanka,RATNAPURA,1.2091,value,10,22,1.2091
COP2324-211,,ENGLISH LANGUAGE & APPLIED LINGUISTICS,Uva Wellassa University of Sri Lanka,COLOMBO,1.4182,value,10,23,1.4182
COP2324-211,,ENGLISH LANGUAGE & APPLIED LINGUISTICS,Uva Wellassa University of Sri Lanka,GAMPAHA,1.3769,value,10,23,1.3769
COP2324-211,,ENGLISH LANGUAGE & APPLIED LINGUISTICS,Uva Wellassa University of Sri Lanka,KALUTARA,1.3962,value,10,23,1.3962
COP2324-211,,ENGLISH LANGUAGE & APPLIED LINGUISTICS,Uva Wellassa University of Sri Lanka,MATALE,1.4420,value,10,23,1.4420
COP2324-211,,ENGLISH LANGUAGE & APPLIED LINGUISTICS,Uva Wellassa University of Sri Lanka,KANDY,1.4440,value,10,23,1.4440
COP2324-211,,ENGLISH LANGUAGE & APPLIED LINGUISTICS,Uva Wellassa University of Sri Lanka,NUWARA ELIYA,1.5032,value,10,23,1.5032
COP2324-211,,ENGLISH LANGUAGE & APPLIED LINGUISTICS,Uva Wellassa University of Sri Lanka,GALLE,1.5263,value,10,23,1.5263
COP2324-211,,ENGLISH LANGUAGE & APPLIED LINGUISTICS,Uva Wellassa University of Sri Lanka,MATARA,1.4719,value,10,23,1.4719
COP2324-211,,ENGLISH LANGUAGE & APPLIED LINGUISTICS,Uva Wellassa University of Sri Lanka,HAMBANTOTA,1.5512,value,10,23,1.5512
COP2324-211,,ENGLISH LANGUAGE & APPLIED LINGUISTICS,Uva Wellassa University of Sri Lanka,JAFFNA,1.3425,value,10,23,1.3425
COP2324-211,,ENGLISH LANGUAGE & APPLIED LINGUISTICS,Uva Wellassa University of Sri Lanka,KILINOCHCHI,0.9417,value,10,23,0.9417
COP2324-211,,ENGLISH LANGUAGE & APPLIED LINGUISTICS,Uva Wellassa University of Sri Lanka,MANNAR,1.5088,value,10,23,1.5088
COP2324-211,,ENGLISH LANGUAGE & APPLIED LINGUISTICS,Uva Wellassa University of Sri Lanka,MULLAITIVU,1.5177,value,10,23,1.5177
COP2324-211,,ENGLISH LANGUAGE & APPLIED LINGUISTICS,Uva Wellassa University of Sri Lanka,VAVUNIYA,1.4809,value,10,23,1.4809
COP2324-211,,ENGLISH LANGUAGE & APPLIED LINGUISTICS,Uva Wellassa University of Sri Lanka,TRINCOMALEE,1.4924,value,10,23,1.4924
COP2324-211,,ENGLISH LANGUAGE & APPLIED LINGUISTICS,Uva Wellassa University of Sri Lanka,BATTICALOA,1.4510,value,10,23,1.4510
COP2324-211,,ENGLISH LANGUAGE & APPLIED LINGUISTICS,Uva Wellassa University of Sri Lanka,AMPARA,1.5632,value,10,23,1.5632
COP2324-211,,ENGLISH LANGUAGE & APPLIED LINGUISTICS,Uva Wellassa University of Sri Lanka,PUTTALAM,1.3268,value,10,23,1.3268
COP2324-211,,ENGLISH LANGUAGE & APPLIED LINGUISTICS,Uva Wellassa University of Sri Lanka,KURUNEGALA,1.4838,value,10,23,1.4838
COP2324-211,,ENGLISH LANGUAGE & APPLIED LINGUISTICS,Uva Wellassa University of Sri Lanka,ANURADHAPURA,1.5317,value,10,23,1.5317
COP2324-211,,ENGLISH LANGUAGE & APPLIED LINGUISTICS,Uva Wellassa University of Sri Lanka,POLONNARUWA,1.4350,value,10,23,1.4350
COP2324-211,,ENGLISH LANGUAGE & APPLIED LINGUISTICS,Uva Wellassa University of Sri Lanka,BADULLA,1.4756,value,10,23,1.4756
COP2324-211,,ENGLISH LANGUAGE & APPLIED LINGUISTICS,Uva Wellassa University of Sri Lanka,MONARAGALA,1.3960,value,10,23,1.3960
COP2324-211,,ENGLISH LANGUAGE & APPLIED LINGUISTICS,Uva Wellassa University of Sri Lanka,KEGALLE,1.5518,value,10,23,1.5518
COP2324-211,,ENGLISH LANGUAGE & APPLIED LINGUISTICS,Uva Wellassa University of Sri Lanka,RATNAPURA,1.4388,value,10,23,1.4388
COP2324-212,,PLANTATION MANAGEMENT AND TECHNOLOGY,Uva Wellassa University of Sri Lanka,COLOMBO,0.7170,value,10,24,0.7170
COP2324-212,,PLANTATION MANAGEMENT AND TECHNOLOGY,Uva Wellassa University of Sri Lanka,GAMPAHA,0.6827,value,10,24,0.6827
COP2324-212,,PLANTATION MANAGEMENT AND TECHNOLOGY,Uva Wellassa University of Sri Lanka,KALUTARA,0.7515,value,10,24,0.7515
COP2324-212,,PLANTATION MANAGEMENT AND TECHNOLOGY,Uva Wellassa University of Sri Lanka,MATALE,0.6490,value,10,24,0.6490
COP2324-212,,PLANTATION MANAGEMENT AND TECHNOLOGY,Uva Wellassa University of Sri Lanka,KANDY,0.7145,value,10,24,0.7145
COP2324-212,,PLANTATION MANAGEMENT AND TECHNOLOGY,Uva Wellassa University of Sri Lanka,NUWARA ELIYA,0.4900,value,10,24,0.4900
COP2324-212,,PLANTATION MANAGEMENT AND TECHNOLOGY,Uva Wellassa University of Sri Lanka,GALLE,0.7556,value,10,24,0.7556
COP2324-212,,PLANTATION MANAGEMENT AND TECHNOLOGY,Uva Wellassa University of Sri Lanka,MATARA,0.7568,value,10,24,0.7568
COP2324-212,,PLANTATION MANAGEMENT AND TECHNOLOGY,Uva Wellassa University of Sri Lanka,HAMBANTOTA,0.7698,value,10,24,0.7698
COP2324-212,,PLANTATION MANAGEMENT AND TECHNOLOGY,Uva Wellassa University of Sri Lanka,JAFFNA,0.7569,value,10,24,0.7569
COP2324-212,,PLANTATION MANAGEMENT AND TECHNOLOGY,Uva Wellassa University of Sri Lanka,KILINOCHCHI,0.4940,value,10,24,0.4940
COP2324-212,,PLANTATION MANAGEMENT AND TECHNOLOGY,Uva Wellassa University of Sri Lanka,MANNAR,0.4086,value,10,24,0.4086
COP2324-212,,PLANTATION MANAGEMENT AND TECHNOLOGY,Uva Wellassa University of Sri Lanka,MULLAITIVU,0.1487,value,10,24,0.1487
COP2324-212,,PLANTATION MANAGEMENT AND TECHNOLOGY,Uva Wellassa University of Sri Lanka,VAVUNIYA,0.6203,value,10,24,0.6203
COP2324-212,,PLANTATION MANAGEMENT AND TECHNOLOGY,Uva Wellassa University of Sri Lanka,TRINCOMALEE,0.5299,value,10,24,0.5299
COP2324-212,,PLANTATION MANAGEMENT AND TECHNOLOGY,Uva Wellassa University of Sri Lanka,BATTICALOA,0.6249,value,10,24,0.6249
COP2324-212,,PLANTATION MANAGEMENT AND TECHNOLOGY,Uva Wellassa University of Sri Lanka,AMPARA,0.6215,value,10,24,0.6215
COP2324-212,,PLANTATION MANAGEMENT AND TECHNOLOGY,Uva Wellassa University of Sri Lanka,PUTTALAM,0.4789,value,10,24,0.4789
COP2324-212,,PLANTATION MANAGEMENT AND TECHNOLOGY,Uva Wellassa University of Sri Lanka,KURUNEGALA,0.7333,value,10,24,0.7333
COP2324-212,,PLANTATION MANAGEMENT AND TECHNOLOGY,Uva Wellassa University of Sri Lanka,ANURADHAPURA,0.6157,value,10,24,0.6157
COP2324-212,,PLANTATION MANAGEMENT AND TECHNOLOGY,Uva Wellassa University of Sri Lanka,POLONNARUWA,0.4982,value,10,24,0.4982
COP2324-212,,PLANTATION MANAGEMENT AND TECHNOLOGY,Uva Wellassa University of Sri Lanka,BADULLA,0.6922,value,10,24,0.6922
COP2324-212,,PLANTATION MANAGEMENT AND TECHNOLOGY,Uva Wellassa University of Sri Lanka,MONARAGALA,0.6017,value,10,24,0.6017
COP2324-212,,PLANTATION MANAGEMENT AND TECHNOLOGY,Uva Wellassa University of Sri Lanka,KEGALLE,0.7548,value,10,24,0.7548
COP2324-212,,PLANTATION MANAGEMENT AND TECHNOLOGY,Uva Wellassa University of Sri Lanka,RATNAPURA,0.6383,value,10,24,0.6383
COP2324-213,,POLYMER SCIENCE AND INDUSTRIAL MANAGEMENT,University of Sri Jayewardenepura,COLOMBO,1.4366,value,10,25,1.4366
COP2324-213,,POLYMER SCIENCE AND INDUSTRIAL MANAGEMENT,University of Sri Jayewardenepura,GAMPAHA,1.4621,value,10,25,1.4621
COP2324-213,,POLYMER SCIENCE AND INDUSTRIAL MANAGEMENT,University of Sri Jayewardenepura,KALUTARA,1.4784,value,10,25,1.4784
COP2324-213,,POLYMER SCIENCE AND INDUSTRIAL MANAGEMENT,University of Sri Jayewardenepura,MATALE,1.2066,value,10,25,1.2066
COP2324-213,,POLYMER SCIENCE AND INDUSTRIAL MANAGEMENT,University of Sri Jayewardenepura,KANDY,1.3498,value,10,25,1.3498
COP2324-213,,POLYMER SCIENCE AND INDUSTRIAL MANAGEMENT,University of Sri Jayewardenepura,NUWARA ELIYA,1.2350,value,10,25,1.2350
COP2324-213,,POLYMER SCIENCE AND INDUSTRIAL MANAGEMENT,University of Sri Jayewardenepura,GALLE,1.3995,value,10,25,1.3995
COP2324-213,,POLYMER SCIENCE AND INDUSTRIAL MANAGEMENT,University of Sri Jayewardenepura,MATARA,1.4077,value,10,25,1.4077
COP2324-213,,POLYMER SCIENCE AND INDUSTRIAL MANAGEMENT,University of Sri Jayewardenepura,HAMBANTOTA,1.4384,value,10,25,1.4384
COP2324-213,,POLYMER SCIENCE AND INDUSTRIAL MANAGEMENT,University of Sri Jayewardenepura,JAFFNA,1.4914,value,10,25,1.4914
COP2324-213,,POLYMER SCIENCE AND INDUSTRIAL MANAGEMENT,University of Sri Jayewardenepura,KILINOCHCHI,0.9006,value,10,25,0.9006
COP2324-213,,POLYMER SCIENCE AND INDUSTRIAL MANAGEMENT,University of Sri Jayewardenepura,MANNAR,1.2966,value,10,25,1.2966
COP2324-213,,POLYMER SCIENCE AND INDUSTRIAL MANAGEMENT,University of Sri Jayewardenepura,MULLAITIVU,0.6915,value,10,25,0.6915
COP2324-213,,POLYMER SCIENCE AND INDUSTRIAL MANAGEMENT,University of Sri Jayewardenepura,VAVUNIYA,0.9735,value,10,25,0.9735
COP2324-213,,POLYMER SCIENCE AND INDUSTRIAL MANAGEMENT,University of Sri Jayewardenepura,TRINCOMALEE,1.2721,value,10,25,1.2721
COP2324-213,,POLYMER SCIENCE AND INDUSTRIAL MANAGEMENT,University of Sri Jayewardenepura,BATTICALOA,1.2424,value,10,25,1.2424
COP2324-213,,POLYMER SCIENCE AND INDUSTRIAL MANAGEMENT,University of Sri Jayewardenepura,AMPARA,1.3804,value,10,25,1.3804
COP2324-213,,POLYMER SCIENCE AND INDUSTRIAL MANAGEMENT,University of Sri Jayewardenepura,PUTTALAM,1.4755,value,10,25,1.4755
COP2324-213,,POLYMER SCIENCE AND INDUSTRIAL MANAGEMENT,University of Sri Jayewardenepura,KURUNEGALA,1.3526,value,10,25,1.3526
COP2324-213,,POLYMER SCIENCE AND INDUSTRIAL MANAGEMENT,University of Sri Jayewardenepura,ANURADHAPURA,1.3780,value,10,25,1.3780
COP2324-213,,POLYMER SCIENCE AND INDUSTRIAL MANAGEMENT,University of Sri Jayewardenepura,POLONNARUWA,0.9987,value,10,25,0.9987
COP2324-213,,POLYMER SCIENCE AND INDUSTRIAL MANAGEMENT,University of Sri Jayewardenepura,BADULLA,1.3637,value,10,25,1.3637
COP2324-213,,POLYMER SCIENCE AND INDUSTRIAL MANAGEMENT,University of Sri Jayewardenepura,MONARAGALA,1.1111,value,10,25,1.1111
COP2324-213,,POLYMER SCIENCE AND INDUSTRIAL MANAGEMENT,University of Sri Jayewardenepura,KEGALLE,1.3445,value,10,25,1.3445
COP2324-213,,POLYMER SCIENCE AND INDUSTRIAL MANAGEMENT,University of Sri Jayewardenepura,RATNAPURA,1.3851,value,10,25,1.3851
COP2324-214,,ENGINEERING TECHNOLOGY (ET),University of Colombo,COLOMBO,1.7922,value,10,26,1.7922
COP2324-214,,ENGINEERING TECHNOLOGY (ET),University of Colombo,GAMPAHA,1.7693,value,10,26,1.7693
COP2324-214,,ENGINEERING TECHNOLOGY (ET),University of Colombo,KALUTARA,1.7736,value,10,26,1.7736
COP2324-214,,ENGINEERING TECHNOLOGY (ET),University of Colombo,MATALE,1.7840,value,10,26,1.7840
COP2324-214,,ENGINEERING TECHNOLOGY (ET),University of Colombo,KANDY,1.7876,value,10,26,1.7876
COP2324-214,,ENGINEERING TECHNOLOGY (ET),University of Colombo,NUWARA ELIYA,1.8198,value,10,26,1.8198
COP2324-214,,ENGINEERING TECHNOLOGY (ET),University of Colombo,GALLE,1.8059,value,10,26,1.8059
COP2324-214,,ENGINEERING TECHNOLOGY (ET),University of Colombo,MATARA,1.7691,value,10,26,1.7691
COP2324-214,,ENGINEERING TECHNOLOGY (ET),University of Colombo,HAMBANTOTA,1.7770,value,10,26,1.7770
COP2324-214,,ENGINEERING TECHNOLOGY (ET),University of Colombo,JAFFNA,,NQC,10,26,NQC
COP2324-214,,ENGINEERING TECHNOLOGY (ET),University of Colombo,KILINOCHCHI,,NQC,10,26,NQC
COP2324-214,,ENGINEERING TECHNOLOGY (ET),University of Colombo,MANNAR,,NQC,10,26,NQC
COP2324-214,,ENGINEERING TECHNOLOGY (ET),University of Colombo,MULLAITIVU,,NQC,10,26,NQC
COP2324-214,,ENGINEERING TECHNOLOGY (ET),University of Colombo,VAVUNIYA,,NQC,10,26,NQC
COP2324-214,,ENGINEERING TECHNOLOGY (ET),University of Colombo,TRINCOMALEE,,NQC,10,26,NQC
COP2324-214,,ENGINEERING TECHNOLOGY (ET),University of Colombo,BATTICALOA,1.7885,value,10,26,1.7885
COP2324-214,,ENGINEERING TECHNOLOGY (ET),University of Colombo,AMPARA,1.8408,value,10,26,1.8408
COP2324-214,,ENGINEERING TECHNOLOGY (ET),University of Colombo,PUTTALAM,1.7737,value,10,26,1.7737
COP2324-214,,ENGINEERING TECHNOLOGY (ET),University of Colombo,KURUNEGALA,1.8012,value,10,26,1.8012
COP2324-214,,ENGINEERING TECHNOLOGY (ET),University of Colombo,ANURADHAPURA,1.7736,value,10,26,1.7736
COP2324-214,,ENGINEERING TECHNOLOGY (ET),University of Colombo,POLONNARUWA,,NQC,10,26,NQC
COP2324-214,,ENGINEERING TECHNOLOGY (ET),University of Colombo,BADULLA,1.7692,value,10,26,1.7692
COP2324-214,,ENGINEERING TECHNOLOGY (ET),University of Colombo,MONARAGALA,1.9478,value,10,26,1.9478
COP2324-214,,ENGINEERING TECHNOLOGY (ET),University of Colombo,KEGALLE,1.7690,value,10,26,1.7690
COP2324-214,,ENGINEERING TECHNOLOGY (ET),University of Colombo,RATNAPURA,1.8162,value,10,26,1.8162
COP2324-215,,ENGINEERING TECHNOLOGY (ET),University of Sri Jayewardenepura,COLOMBO,1.9096,value,11,1,1.9096
COP2324-215,,ENGINEERING TECHNOLOGY (ET),University of Sri Jayewardenepura,GAMPAHA,1.9062,value,11,1,1.9062
COP2324-215,,ENGINEERING TECHNOLOGY (ET),University of Sri Jayewardenepura,KALUTARA,1.9546,value,11,1,1.9546
COP2324-215,,ENGINEERING TECHNOLOGY (ET),University of Sri Jayewardenepura,MATALE,1.9232,value,11,1,1.9232
COP2324-215,,ENGINEERING TECHNOLOGY (ET),University of Sri Jayewardenepura,KANDY,1.9706,value,11,1,1.9706
COP2324-215,,ENGINEERING TECHNOLOGY (ET),University of Sri Jayewardenepura,NUWARA ELIYA,1.9843,value,11,1,1.9843
COP2324-215,,ENGINEERING TECHNOLOGY (ET),University of Sri Jayewardenepura,GALLE,1.9140,value,11,1,1.9140
COP2324-215,,ENGINEERING TECHNOLOGY (ET),University of Sri Jayewardenepura,MATARA,1.9855,value,11,1,1.9855
COP2324-215,,ENGINEERING TECHNOLOGY (ET),University of Sri Jayewardenepura,HAMBANTOTA,2.0412,value,11,1,2.0412
COP2324-215,,ENGINEERING TECHNOLOGY (ET),University of Sri Jayewardenepura,JAFFNA,2.0720,value,11,1,2.0720
COP2324-215,,ENGINEERING TECHNOLOGY (ET),University of Sri Jayewardenepura,KILINOCHCHI,,NQC,11,1,NQC
COP2324-215,,ENGINEERING TECHNOLOGY (ET),University of Sri Jayewardenepura,MANNAR,,NQC,11,1,NQC
COP2324-215,,ENGINEERING TECHNOLOGY (ET),University of Sri Jayewardenepura,MULLAITIVU,,NQC,11,1,NQC
COP2324-215,,ENGINEERING TECHNOLOGY (ET),University of Sri Jayewardenepura,VAVUNIYA,,NQC,11,1,NQC
COP2324-215,,ENGINEERING TECHNOLOGY (ET),University of Sri Jayewardenepura,TRINCOMALEE,1.9632,value,11,1,1.9632
COP2324-215,,ENGINEERING TECHNOLOGY (ET),University of Sri Jayewardenepura,BATTICALOA,2.4314,value,11,1,2.4314
COP2324-215,,ENGINEERING TECHNOLOGY (ET),University of Sri Jayewardenepura,AMPARA,2.4095,value,11,1,2.4095
COP2324-215,,ENGINEERING TECHNOLOGY (ET),University of Sri Jayewardenepura,PUTTALAM,2.1181,value,11,1,2.1181
COP2324-215,,ENGINEERING TECHNOLOGY (ET),University of Sri Jayewardenepura,KURUNEGALA,1.9487,value,11,1,1.9487
COP2324-215,,ENGINEERING TECHNOLOGY (ET),University of Sri Jayewardenepura,ANURADHAPURA,1.9153,value,11,1,1.9153
COP2324-215,,ENGINEERING TECHNOLOGY (ET),University of Sri Jayewardenepura,POLONNARUWA,2.5718,value,11,1,2.5718
COP2324-215,,ENGINEERING TECHNOLOGY (ET),University of Sri Jayewardenepura,BADULLA,2.0293,value,11,1,2.0293
COP2324-215,,ENGINEERING TECHNOLOGY (ET),University of Sri Jayewardenepura,MONARAGALA,1.9949,value,11,1,1.9949
COP2324-215,,ENGINEERING TECHNOLOGY (ET),University of Sri Jayewardenepura,KEGALLE,1.9971,value,11,1,1.9971
COP2324-215,,ENGINEERING TECHNOLOGY (ET),University of Sri Jayewardenepura,RATNAPURA,1.9546,value,11,1,1.9546
COP2324-216,,ENGINEERING TECHNOLOGY (ET),University of Kelaniya,COLOMBO,1.6699,value,11,2,1.6699
COP2324-216,,ENGINEERING TECHNOLOGY (ET),University of Kelaniya,GAMPAHA,1.6713,value,11,2,1.6713
COP2324-216,,ENGINEERING TECHNOLOGY (ET),University of Kelaniya,KALUTARA,1.6736,value,11,2,1.6736
COP2324-216,,ENGINEERING TECHNOLOGY (ET),University of Kelaniya,MATALE,1.7091,value,11,2,1.7091
COP2324-216,,ENGINEERING TECHNOLOGY (ET),University of Kelaniya,KANDY,1.6746,value,11,2,1.6746
COP2324-216,,ENGINEERING TECHNOLOGY (ET),University of Kelaniya,NUWARA ELIYA,1.6964,value,11,2,1.6964
COP2324-216,,ENGINEERING TECHNOLOGY (ET),University of Kelaniya,GALLE,1.6702,value,11,2,1.6702
COP2324-216,,ENGINEERING TECHNOLOGY (ET),University of Kelaniya,MATARA,1.6953,value,11,2,1.6953
COP2324-216,,ENGINEERING TECHNOLOGY (ET),University of Kelaniya,HAMBANTOTA,1.6990,value,11,2,1.6990
COP2324-216,,ENGINEERING TECHNOLOGY (ET),University of Kelaniya,JAFFNA,1.7300,value,11,2,1.7300
COP2324-216,,ENGINEERING TECHNOLOGY (ET),University of Kelaniya,KILINOCHCHI,,NQC,11,2,NQC
COP2324-216,,ENGINEERING TECHNOLOGY (ET),University of Kelaniya,MANNAR,,NQC,11,2,NQC
COP2324-216,,ENGINEERING TECHNOLOGY (ET),University of Kelaniya,MULLAITIVU,,NQC,11,2,NQC
COP2324-216,,ENGINEERING TECHNOLOGY (ET),University of Kelaniya,VAVUNIYA,,NQC,11,2,NQC
COP2324-216,,ENGINEERING TECHNOLOGY (ET),University of Kelaniya,TRINCOMALEE,1.7678,value,11,2,1.7678
COP2324-216,,ENGINEERING TECHNOLOGY (ET),University of Kelaniya,BATTICALOA,1.6967,value,11,2,1.6967
COP2324-216,,ENGINEERING TECHNOLOGY (ET),University of Kelaniya,AMPARA,1.6783,value,11,2,1.6783
COP2324-216,,ENGINEERING TECHNOLOGY (ET),University of Kelaniya,PUTTALAM,,NQC,11,2,NQC
COP2324-216,,ENGINEERING TECHNOLOGY (ET),University of Kelaniya,KURUNEGALA,1.6736,value,11,2,1.6736
COP2324-216,,ENGINEERING TECHNOLOGY (ET),University of Kelaniya,ANURADHAPURA,1.6977,value,11,2,1.6977
COP2324-216,,ENGINEERING TECHNOLOGY (ET),University of Kelaniya,POLONNARUWA,1.7242,value,11,2,1.7242
COP2324-216,,ENGINEERING TECHNOLOGY (ET),University of Kelaniya,BADULLA,1.7230,value,11,2,1.7230
COP2324-216,,ENGINEERING TECHNOLOGY (ET),University of Kelaniya,MONARAGALA,,NQC,11,2,NQC
COP2324-216,,ENGINEERING TECHNOLOGY (ET),University of Kelaniya,KEGALLE,1.6735,value,11,2,1.6735
COP2324-216,,ENGINEERING TECHNOLOGY (ET),University of Kelaniya,RATNAPURA,1.6974,value,11,2,1.6974
COP2324-217,,ENGINEERING TECHNOLOGY (ET),University of Jaffna,COLOMBO,1.1437,value,11,3,1.1437
COP2324-217,,ENGINEERING TECHNOLOGY (ET),University of Jaffna,GAMPAHA,1.0628,value,11,3,1.0628
COP2324-217,,ENGINEERING TECHNOLOGY (ET),University of Jaffna,KALUTARA,1.1449,value,11,3,1.1449
COP2324-217,,ENGINEERING TECHNOLOGY (ET),University of Jaffna,MATALE,1.1782,value,11,3,1.1782
COP2324-217,,ENGINEERING TECHNOLOGY (ET),University of Jaffna,KANDY,1.0253,value,11,3,1.0253
COP2324-217,,ENGINEERING TECHNOLOGY (ET),University of Jaffna,NUWARA ELIYA,0.9985,value,11,3,0.9985
COP2324-217,,ENGINEERING TECHNOLOGY (ET),University of Jaffna,GALLE,1.2621,value,11,3,1.2621
COP2324-217,,ENGINEERING TECHNOLOGY (ET),University of Jaffna,MATARA,1.6369,value,11,3,1.6369
COP2324-217,,ENGINEERING TECHNOLOGY (ET),University of Jaffna,HAMBANTOTA,1.0676,value,11,3,1.0676
COP2324-217,,ENGINEERING TECHNOLOGY (ET),University of Jaffna,JAFFNA,0.7588,value,11,3,0.7588
COP2324-217,,ENGINEERING TECHNOLOGY (ET),University of Jaffna,KILINOCHCHI,0.0219,value,11,3,0.0219
COP2324-217,,ENGINEERING TECHNOLOGY (ET),University of Jaffna,MANNAR,0.4480,value,11,3,0.4480
COP2324-217,,ENGINEERING TECHNOLOGY (ET),University of Jaffna,MULLAITIVU,0.1907,value,11,3,0.1907
COP2324-217,,ENGINEERING TECHNOLOGY (ET),University of Jaffna,VAVUNIYA,0.0899,value,11,3,0.0899
COP2324-217,,ENGINEERING TECHNOLOGY (ET),University of Jaffna,TRINCOMALEE,0.6217,value,11,3,0.6217
COP2324-217,,ENGINEERING TECHNOLOGY (ET),University of Jaffna,BATTICALOA,0.9177,value,11,3,0.9177
COP2324-217,,ENGINEERING TECHNOLOGY (ET),University of Jaffna,AMPARA,0.6689,value,11,3,0.6689
COP2324-217,,ENGINEERING TECHNOLOGY (ET),University of Jaffna,PUTTALAM,0.6300,value,11,3,0.6300
COP2324-217,,ENGINEERING TECHNOLOGY (ET),University of Jaffna,KURUNEGALA,1.1482,value,11,3,1.1482
COP2324-217,,ENGINEERING TECHNOLOGY (ET),University of Jaffna,ANURADHAPURA,1.1689,value,11,3,1.1689
COP2324-217,,ENGINEERING TECHNOLOGY (ET),University of Jaffna,POLONNARUWA,0.8486,value,11,3,0.8486
COP2324-217,,ENGINEERING TECHNOLOGY (ET),University of Jaffna,BADULLA,1.1389,value,11,3,1.1389
COP2324-217,,ENGINEERING TECHNOLOGY (ET),University of Jaffna,MONARAGALA,1.3109,value,11,3,1.3109
COP2324-217,,ENGINEERING TECHNOLOGY (ET),University of Jaffna,KEGALLE,1.1689,value,11,3,1.1689
COP2324-217,,ENGINEERING TECHNOLOGY (ET),University of Jaffna,RATNAPURA,1.1643,value,11,3,1.1643
COP2324-218,,ENGINEERING TECHNOLOGY (ET),University of Ruhuna,COLOMBO,1.3462,value,11,4,1.3462
COP2324-218,,ENGINEERING TECHNOLOGY (ET),University of Ruhuna,GAMPAHA,1.3739,value,11,4,1.3739
COP2324-218,,ENGINEERING TECHNOLOGY (ET),University of Ruhuna,KALUTARA,1.3453,value,11,4,1.3453
COP2324-218,,ENGINEERING TECHNOLOGY (ET),University of Ruhuna,MATALE,,NQC,11,4,NQC
COP2324-218,,ENGINEERING TECHNOLOGY (ET),University of Ruhuna,KANDY,1.4029,value,11,4,1.4029
COP2324-218,,ENGINEERING TECHNOLOGY (ET),University of Ruhuna,NUWARA ELIYA,1.3416,value,11,4,1.3416
COP2324-218,,ENGINEERING TECHNOLOGY (ET),University of Ruhuna,GALLE,1.3545,value,11,4,1.3545
COP2324-218,,ENGINEERING TECHNOLOGY (ET),University of Ruhuna,MATARA,1.3404,value,11,4,1.3404
COP2324-218,,ENGINEERING TECHNOLOGY (ET),University of Ruhuna,HAMBANTOTA,1.4269,value,11,4,1.4269
COP2324-218,,ENGINEERING TECHNOLOGY (ET),University of Ruhuna,JAFFNA,,NQC,11,4,NQC
COP2324-218,,ENGINEERING TECHNOLOGY (ET),University of Ruhuna,KILINOCHCHI,,NQC,11,4,NQC
COP2324-218,,ENGINEERING TECHNOLOGY (ET),University of Ruhuna,MANNAR,,NQC,11,4,NQC
COP2324-218,,ENGINEERING TECHNOLOGY (ET),University of Ruhuna,MULLAITIVU,,NQC,11,4,NQC
COP2324-218,,ENGINEERING TECHNOLOGY (ET),University of Ruhuna,VAVUNIYA,,NQC,11,4,NQC
COP2324-218,,ENGINEERING TECHNOLOGY (ET),University of Ruhuna,TRINCOMALEE,1.3788,value,11,4,1.3788
COP2324-218,,ENGINEERING TECHNOLOGY (ET),University of Ruhuna,BATTICALOA,1.3476,value,11,4,1.3476
COP2324-218,,ENGINEERING TECHNOLOGY (ET),University of Ruhuna,AMPARA,1.5538,value,11,4,1.5538
COP2324-218,,ENGINEERING TECHNOLOGY (ET),University of Ruhuna,PUTTALAM,1.4858,value,11,4,1.4858
COP2324-218,,ENGINEERING TECHNOLOGY (ET),University of Ruhuna,KURUNEGALA,1.3404,value,11,4,1.3404
COP2324-218,,ENGINEERING TECHNOLOGY (ET),University of Ruhuna,ANURADHAPURA,1.3717,value,11,4,1.3717
COP2324-218,,ENGINEERING TECHNOLOGY (ET),University of Ruhuna,POLONNARUWA,1.4040,value,11,4,1.4040
COP2324-218,,ENGINEERING TECHNOLOGY (ET),University of Ruhuna,BADULLA,1.4328,value,11,4,1.4328
COP2324-218,,ENGINEERING TECHNOLOGY (ET),University of Ruhuna,MONARAGALA,1.3535,value,11,4,1.3535
COP2324-218,,ENGINEERING TECHNOLOGY (ET),University of Ruhuna,KEGALLE,1.3818,value,11,4,1.3818
COP2324-218,,ENGINEERING TECHNOLOGY (ET),University of Ruhuna,RATNAPURA,1.3499,value,11,4,1.3499
COP2324-219,,ENGINEERING TECHNOLOGY (ET),Rajarata University of Sri Lanka,COLOMBO,1.0962,value,11,5,1.0962
COP2324-219,,ENGINEERING TECHNOLOGY (ET),Rajarata University of Sri Lanka,GAMPAHA,1.0778,value,11,5,1.0778
COP2324-219,,ENGINEERING TECHNOLOGY (ET),Rajarata University of Sri Lanka,KALUTARA,1.1440,value,11,5,1.1440
COP2324-219,,ENGINEERING TECHNOLOGY (ET),Rajarata University of Sri Lanka,MATALE,1.1977,value,11,5,1.1977
COP2324-219,,ENGINEERING TECHNOLOGY (ET),Rajarata University of Sri Lanka,KANDY,1.0474,value,11,5,1.0474
COP2324-219,,ENGINEERING TECHNOLOGY (ET),Rajarata University of Sri Lanka,NUWARA ELIYA,1.0169,value,11,5,1.0169
COP2324-219,,ENGINEERING TECHNOLOGY (ET),Rajarata University of Sri Lanka,GALLE,1.2623,value,11,5,1.2623
COP2324-219,,ENGINEERING TECHNOLOGY (ET),Rajarata University of Sri Lanka,MATARA,1.3168,value,11,5,1.3168
COP2324-219,,ENGINEERING TECHNOLOGY (ET),Rajarata University of Sri Lanka,HAMBANTOTA,1.0434,value,11,5,1.0434
COP2324-219,,ENGINEERING TECHNOLOGY (ET),Rajarata University of Sri Lanka,JAFFNA,0.7611,value,11,5,0.7611
COP2324-219,,ENGINEERING TECHNOLOGY (ET),Rajarata University of Sri Lanka,KILINOCHCHI,,NQC,11,5,NQC
COP2324-219,,ENGINEERING TECHNOLOGY (ET),Rajarata University of Sri Lanka,MANNAR,,NQC,11,5,NQC
COP2324-219,,ENGINEERING TECHNOLOGY (ET),Rajarata University of Sri Lanka,MULLAITIVU,,NQC,11,5,NQC
COP2324-219,,ENGINEERING TECHNOLOGY (ET),Rajarata University of Sri Lanka,VAVUNIYA,,NQC,11,5,NQC
COP2324-219,,ENGINEERING TECHNOLOGY (ET),Rajarata University of Sri Lanka,TRINCOMALEE,0.7876,value,11,5,0.7876
COP2324-219,,ENGINEERING TECHNOLOGY (ET),Rajarata University of Sri Lanka,BATTICALOA,0.8139,value,11,5,0.8139
COP2324-219,,ENGINEERING TECHNOLOGY (ET),Rajarata University of Sri Lanka,AMPARA,0.8098,value,11,5,0.8098
COP2324-219,,ENGINEERING TECHNOLOGY (ET),Rajarata University of Sri Lanka,PUTTALAM,0.8071,value,11,5,0.8071
COP2324-219,,ENGINEERING TECHNOLOGY (ET),Rajarata University of Sri Lanka,KURUNEGALA,1.1139,value,11,5,1.1139
COP2324-219,,ENGINEERING TECHNOLOGY (ET),Rajarata University of Sri Lanka,ANURADHAPURA,1.0919,value,11,5,1.0919
COP2324-219,,ENGINEERING TECHNOLOGY (ET),Rajarata University of Sri Lanka,POLONNARUWA,0.8245,value,11,5,0.8245
COP2324-219,,ENGINEERING TECHNOLOGY (ET),Rajarata University of Sri Lanka,BADULLA,1.1781,value,11,5,1.1781
COP2324-219,,ENGINEERING TECHNOLOGY (ET),Rajarata University of Sri Lanka,MONARAGALA,,NQC,11,5,NQC
COP2324-219,,ENGINEERING TECHNOLOGY (ET),Rajarata University of Sri Lanka,KEGALLE,1.1612,value,11,5,1.1612
COP2324-219,,ENGINEERING TECHNOLOGY (ET),Rajarata University of Sri Lanka,RATNAPURA,1.1677,value,11,5,1.1677
COP2324-220,,ENGINEERING TECHNOLOGY (ET),Sabaragamuwa University of Sri Lanka,COLOMBO,1.1148,value,11,6,1.1148
COP2324-220,,ENGINEERING TECHNOLOGY (ET),Sabaragamuwa University of Sri Lanka,GAMPAHA,1.1133,value,11,6,1.1133
COP2324-220,,ENGINEERING TECHNOLOGY (ET),Sabaragamuwa University of Sri Lanka,KALUTARA,1.1335,value,11,6,1.1335
COP2324-220,,ENGINEERING TECHNOLOGY (ET),Sabaragamuwa University of Sri Lanka,MATALE,1.1910,value,11,6,1.1910
COP2324-220,,ENGINEERING TECHNOLOGY (ET),Sabaragamuwa University of Sri Lanka,KANDY,1.1194,value,11,6,1.1194
COP2324-220,,ENGINEERING TECHNOLOGY (ET),Sabaragamuwa University of Sri Lanka,NUWARA ELIYA,1.1365,value,11,6,1.1365
COP2324-220,,ENGINEERING TECHNOLOGY (ET),Sabaragamuwa University of Sri Lanka,GALLE,1.3223,value,11,6,1.3223
COP2324-220,,ENGINEERING TECHNOLOGY (ET),Sabaragamuwa University of Sri Lanka,MATARA,1.2936,value,11,6,1.2936
COP2324-220,,ENGINEERING TECHNOLOGY (ET),Sabaragamuwa University of Sri Lanka,HAMBANTOTA,1.1321,value,11,6,1.1321
COP2324-220,,ENGINEERING TECHNOLOGY (ET),Sabaragamuwa University of Sri Lanka,JAFFNA,,NQC,11,6,NQC
COP2324-220,,ENGINEERING TECHNOLOGY (ET),Sabaragamuwa University of Sri Lanka,KILINOCHCHI,,NQC,11,6,NQC
COP2324-220,,ENGINEERING TECHNOLOGY (ET),Sabaragamuwa University of Sri Lanka,MANNAR,,NQC,11,6,NQC
COP2324-220,,ENGINEERING TECHNOLOGY (ET),Sabaragamuwa University of Sri Lanka,MULLAITIVU,,NQC,11,6,NQC
COP2324-220,,ENGINEERING TECHNOLOGY (ET),Sabaragamuwa University of Sri Lanka,VAVUNIYA,,NQC,11,6,NQC
COP2324-220,,ENGINEERING TECHNOLOGY (ET),Sabaragamuwa University of Sri Lanka,TRINCOMALEE,,NQC,11,6,NQC
COP2324-220,,ENGINEERING TECHNOLOGY (ET),Sabaragamuwa University of Sri Lanka,BATTICALOA,1.3428,value,11,6,1.3428
COP2324-220,,ENGINEERING TECHNOLOGY (ET),Sabaragamuwa University of Sri Lanka,AMPARA,1.1228,value,11,6,1.1228
COP2324-220,,ENGINEERING TECHNOLOGY (ET),Sabaragamuwa University of Sri Lanka,PUTTALAM,,NQC,11,6,NQC
COP2324-220,,ENGINEERING TECHNOLOGY (ET),Sabaragamuwa University of Sri Lanka,KURUNEGALA,1.1707,value,11,6,1.1707
COP2324-220,,ENGINEERING TECHNOLOGY (ET),Sabaragamuwa University of Sri Lanka,ANURADHAPURA,1.1238,value,11,6,1.1238
COP2324-220,,ENGINEERING TECHNOLOGY (ET),Sabaragamuwa University of Sri Lanka,POLONNARUWA,,NQC,11,6,NQC
COP2324-220,,ENGINEERING TECHNOLOGY (ET),Sabaragamuwa University of Sri Lanka,BADULLA,1.1334,value,11,6,1.1334
COP2324-220,,ENGINEERING TECHNOLOGY (ET),Sabaragamuwa University of Sri Lanka,MONARAGALA,1.1181,value,11,6,1.1181
COP2324-220,,ENGINEERING TECHNOLOGY (ET),Sabaragamuwa University of Sri Lanka,KEGALLE,1.1542,value,11,6,1.1542
COP2324-220,,ENGINEERING TECHNOLOGY (ET),Sabaragamuwa University of Sri Lanka,RATNAPURA,1.1575,value,11,6,1.1575
COP2324-221,,ENGINEERING TECHNOLOGY (ET),Wayamba University of Sri Lanka,COLOMBO,1.2253,value,11,7,1.2253
COP2324-221,,ENGINEERING TECHNOLOGY (ET),Wayamba University of Sri Lanka,GAMPAHA,1.2240,value,11,7,1.2240
COP2324-221,,ENGINEERING TECHNOLOGY (ET),Wayamba University of Sri Lanka,KALUTARA,1.2231,value,11,7,1.2231
COP2324-221,,ENGINEERING TECHNOLOGY (ET),Wayamba University of Sri Lanka,MATALE,1.3131,value,11,7,1.3131
COP2324-221,,ENGINEERING TECHNOLOGY (ET),Wayamba University of Sri Lanka,KANDY,1.2198,value,11,7,1.2198
COP2324-221,,ENGINEERING TECHNOLOGY (ET),Wayamba University of Sri Lanka,NUWARA ELIYA,1.2230,value,11,7,1.2230
COP2324-221,,ENGINEERING TECHNOLOGY (ET),Wayamba University of Sri Lanka,GALLE,1.2600,value,11,7,1.2600
COP2324-221,,ENGINEERING TECHNOLOGY (ET),Wayamba University of Sri Lanka,MATARA,1.3084,value,11,7,1.3084
COP2324-221,,ENGINEERING TECHNOLOGY (ET),Wayamba University of Sri Lanka,HAMBANTOTA,1.2414,value,11,7,1.2414
COP2324-221,,ENGINEERING TECHNOLOGY (ET),Wayamba University of Sri Lanka,JAFFNA,1.3958,value,11,7,1.3958
COP2324-221,,ENGINEERING TECHNOLOGY (ET),Wayamba University of Sri Lanka,KILINOCHCHI,,NQC,11,7,NQC
COP2324-221,,ENGINEERING TECHNOLOGY (ET),Wayamba University of Sri Lanka,MANNAR,1.4875,value,11,7,1.4875
COP2324-221,,ENGINEERING TECHNOLOGY (ET),Wayamba University of Sri Lanka,MULLAITIVU,,NQC,11,7,NQC
COP2324-221,,ENGINEERING TECHNOLOGY (ET),Wayamba University of Sri Lanka,VAVUNIYA,1.3763,value,11,7,1.3763
COP2324-221,,ENGINEERING TECHNOLOGY (ET),Wayamba University of Sri Lanka,TRINCOMALEE,1.3238,value,11,7,1.3238
COP2324-221,,ENGINEERING TECHNOLOGY (ET),Wayamba University of Sri Lanka,BATTICALOA,1.2553,value,11,7,1.2553
COP2324-221,,ENGINEERING TECHNOLOGY (ET),Wayamba University of Sri Lanka,AMPARA,1.2268,value,11,7,1.2268
COP2324-221,,ENGINEERING TECHNOLOGY (ET),Wayamba University of Sri Lanka,PUTTALAM,1.2265,value,11,7,1.2265
COP2324-221,,ENGINEERING TECHNOLOGY (ET),Wayamba University of Sri Lanka,KURUNEGALA,1.2683,value,11,7,1.2683
COP2324-221,,ENGINEERING TECHNOLOGY (ET),Wayamba University of Sri Lanka,ANURADHAPURA,1.2392,value,11,7,1.2392
COP2324-221,,ENGINEERING TECHNOLOGY (ET),Wayamba University of Sri Lanka,POLONNARUWA,1.2784,value,11,7,1.2784
COP2324-221,,ENGINEERING TECHNOLOGY (ET),Wayamba University of Sri Lanka,BADULLA,1.2209,value,11,7,1.2209
COP2324-221,,ENGINEERING TECHNOLOGY (ET),Wayamba University of Sri Lanka,MONARAGALA,1.2230,value,11,7,1.2230
COP2324-221,,ENGINEERING TECHNOLOGY (ET),Wayamba University of Sri Lanka,KEGALLE,1.2206,value,11,7,1.2206
COP2324-221,,ENGINEERING TECHNOLOGY (ET),Wayamba University of Sri Lanka,RATNAPURA,1.2207,value,11,7,1.2207
COP2324-222,,ENGINEERING TECHNOLOGY (ET),Uva Wellassa University of Sri Lanka,COLOMBO,1.0917,value,11,8,1.0917
COP2324-222,,ENGINEERING TECHNOLOGY (ET),Uva Wellassa University of Sri Lanka,GAMPAHA,1.0793,value,11,8,1.0793
COP2324-222,,ENGINEERING TECHNOLOGY (ET),Uva Wellassa University of Sri Lanka,KALUTARA,1.1129,value,11,8,1.1129
COP2324-222,,ENGINEERING TECHNOLOGY (ET),Uva Wellassa University of Sri Lanka,MATALE,1.2049,value,11,8,1.2049
COP2324-222,,ENGINEERING TECHNOLOGY (ET),Uva Wellassa University of Sri Lanka,KANDY,1.0479,value,11,8,1.0479
COP2324-222,,ENGINEERING TECHNOLOGY (ET),Uva Wellassa University of Sri Lanka,NUWARA ELIYA,0.9985,value,11,8,0.9985
COP2324-222,,ENGINEERING TECHNOLOGY (ET),Uva Wellassa University of Sri Lanka,GALLE,1.2690,value,11,8,1.2690
COP2324-222,,ENGINEERING TECHNOLOGY (ET),Uva Wellassa University of Sri Lanka,MATARA,1.2840,value,11,8,1.2840
COP2324-222,,ENGINEERING TECHNOLOGY (ET),Uva Wellassa University of Sri Lanka,HAMBANTOTA,1.0298,value,11,8,1.0298
COP2324-222,,ENGINEERING TECHNOLOGY (ET),Uva Wellassa University of Sri Lanka,JAFFNA,0.8904,value,11,8,0.8904
COP2324-222,,ENGINEERING TECHNOLOGY (ET),Uva Wellassa University of Sri Lanka,KILINOCHCHI,,NQC,11,8,NQC
COP2324-222,,ENGINEERING TECHNOLOGY (ET),Uva Wellassa University of Sri Lanka,MANNAR,0.9090,value,11,8,0.9090
COP2324-222,,ENGINEERING TECHNOLOGY (ET),Uva Wellassa University of Sri Lanka,MULLAITIVU,,NQC,11,8,NQC
COP2324-222,,ENGINEERING TECHNOLOGY (ET),Uva Wellassa University of Sri Lanka,VAVUNIYA,,NQC,11,8,NQC
COP2324-222,,ENGINEERING TECHNOLOGY (ET),Uva Wellassa University of Sri Lanka,TRINCOMALEE,0.8740,value,11,8,0.8740
COP2324-222,,ENGINEERING TECHNOLOGY (ET),Uva Wellassa University of Sri Lanka,BATTICALOA,0.9385,value,11,8,0.9385
COP2324-222,,ENGINEERING TECHNOLOGY (ET),Uva Wellassa University of Sri Lanka,AMPARA,0.9131,value,11,8,0.9131
COP2324-222,,ENGINEERING TECHNOLOGY (ET),Uva Wellassa University of Sri Lanka,PUTTALAM,1.0375,value,11,8,1.0375
COP2324-222,,ENGINEERING TECHNOLOGY (ET),Uva Wellassa University of Sri Lanka,KURUNEGALA,1.1120,value,11,8,1.1120
COP2324-222,,ENGINEERING TECHNOLOGY (ET),Uva Wellassa University of Sri Lanka,ANURADHAPURA,1.0803,value,11,8,1.0803
COP2324-222,,ENGINEERING TECHNOLOGY (ET),Uva Wellassa University of Sri Lanka,POLONNARUWA,0.9295,value,11,8,0.9295
COP2324-222,,ENGINEERING TECHNOLOGY (ET),Uva Wellassa University of Sri Lanka,BADULLA,1.1010,value,11,8,1.1010
COP2324-222,,ENGINEERING TECHNOLOGY (ET),Uva Wellassa University of Sri Lanka,MONARAGALA,,NQC,11,8,NQC
COP2324-222,,ENGINEERING TECHNOLOGY (ET),Uva Wellassa University of Sri Lanka,KEGALLE,1.1887,value,11,8,1.1887
COP2324-222,,ENGINEERING TECHNOLOGY (ET),Uva Wellassa University of Sri Lanka,RATNAPURA,1.2091,value,11,8,1.2091
COP2324-223,,BIOSYSTEMS TECHNOLOGY (BST),University of Colombo,COLOMBO,1.6065,value,11,9,1.6065
COP2324-223,,BIOSYSTEMS TECHNOLOGY (BST),University of Colombo,GAMPAHA,1.6115,value,11,9,1.6115
COP2324-223,,BIOSYSTEMS TECHNOLOGY (BST),University of Colombo,KALUTARA,1.6348,value,11,9,1.6348
COP2324-223,,BIOSYSTEMS TECHNOLOGY (BST),University of Colombo,MATALE,1.6598,value,11,9,1.6598
COP2324-223,,BIOSYSTEMS TECHNOLOGY (BST),University of Colombo,KANDY,1.6170,value,11,9,1.6170
COP2324-223,,BIOSYSTEMS TECHNOLOGY (BST),University of Colombo,NUWARA ELIYA,1.6107,value,11,9,1.6107
COP2324-223,,BIOSYSTEMS TECHNOLOGY (BST),University of Colombo,GALLE,1.6263,value,11,9,1.6263
COP2324-223,,BIOSYSTEMS TECHNOLOGY (BST),University of Colombo,MATARA,1.6201,value,11,9,1.6201
COP2324-223,,BIOSYSTEMS TECHNOLOGY (BST),University of Colombo,HAMBANTOTA,1.6213,value,11,9,1.6213
COP2324-223,,BIOSYSTEMS TECHNOLOGY (BST),University of Colombo,JAFFNA,1.7840,value,11,9,1.7840
COP2324-223,,BIOSYSTEMS TECHNOLOGY (BST),University of Colombo,KILINOCHCHI,,NQC,11,9,NQC
COP2324-223,,BIOSYSTEMS TECHNOLOGY (BST),University of Colombo,MANNAR,,NQC,11,9,NQC
COP2324-223,,BIOSYSTEMS TECHNOLOGY (BST),University of Colombo,MULLAITIVU,1.6095,value,11,9,1.6095
COP2324-223,,BIOSYSTEMS TECHNOLOGY (BST),University of Colombo,VAVUNIYA,1.6229,value,11,9,1.6229
COP2324-223,,BIOSYSTEMS TECHNOLOGY (BST),University of Colombo,TRINCOMALEE,1.8570,value,11,9,1.8570
COP2324-223,,BIOSYSTEMS TECHNOLOGY (BST),University of Colombo,BATTICALOA,1.7006,value,11,9,1.7006
COP2324-223,,BIOSYSTEMS TECHNOLOGY (BST),University of Colombo,AMPARA,1.6155,value,11,9,1.6155
COP2324-223,,BIOSYSTEMS TECHNOLOGY (BST),University of Colombo,PUTTALAM,1.6290,value,11,9,1.6290
COP2324-223,,BIOSYSTEMS TECHNOLOGY (BST),University of Colombo,KURUNEGALA,1.6059,value,11,9,1.6059
COP2324-223,,BIOSYSTEMS TECHNOLOGY (BST),University of Colombo,ANURADHAPURA,1.6828,value,11,9,1.6828
COP2324-223,,BIOSYSTEMS TECHNOLOGY (BST),University of Colombo,POLONNARUWA,1.7162,value,11,9,1.7162
COP2324-223,,BIOSYSTEMS TECHNOLOGY (BST),University of Colombo,BADULLA,1.6285,value,11,9,1.6285
COP2324-223,,BIOSYSTEMS TECHNOLOGY (BST),University of Colombo,MONARAGALA,1.7102,value,11,9,1.7102
COP2324-223,,BIOSYSTEMS TECHNOLOGY (BST),University of Colombo,KEGALLE,1.6006,value,11,9,1.6006
COP2324-223,,BIOSYSTEMS TECHNOLOGY (BST),University of Colombo,RATNAPURA,1.6260,value,11,9,1.6260
COP2324-224,,BIOSYSTEMS TECHNOLOGY (BST),University of Sri Jayewardenepura,COLOMBO,1.8769,value,11,10,1.8769
COP2324-224,,BIOSYSTEMS TECHNOLOGY (BST),University of Sri Jayewardenepura,GAMPAHA,1.9089,value,11,10,1.9089
COP2324-224,,BIOSYSTEMS TECHNOLOGY (BST),University of Sri Jayewardenepura,KALUTARA,1.9044,value,11,10,1.9044
COP2324-224,,BIOSYSTEMS TECHNOLOGY (BST),University of Sri Jayewardenepura,MATALE,1.8752,value,11,10,1.8752
COP2324-224,,BIOSYSTEMS TECHNOLOGY (BST),University of Sri Jayewardenepura,KANDY,1.9524,value,11,10,1.9524
COP2324-224,,BIOSYSTEMS TECHNOLOGY (BST),University of Sri Jayewardenepura,NUWARA ELIYA,,NQC,11,10,NQC
COP2324-224,,BIOSYSTEMS TECHNOLOGY (BST),University of Sri Jayewardenepura,GALLE,1.9199,value,11,10,1.9199
COP2324-224,,BIOSYSTEMS TECHNOLOGY (BST),University of Sri Jayewardenepura,MATARA,1.8962,value,11,10,1.8962
COP2324-224,,BIOSYSTEMS TECHNOLOGY (BST),University of Sri Jayewardenepura,HAMBANTOTA,2.1215,value,11,10,2.1215
COP2324-224,,BIOSYSTEMS TECHNOLOGY (BST),University of Sri Jayewardenepura,JAFFNA,2.0326,value,11,10,2.0326
COP2324-224,,BIOSYSTEMS TECHNOLOGY (BST),University of Sri Jayewardenepura,KILINOCHCHI,,NQC,11,10,NQC
COP2324-224,,BIOSYSTEMS TECHNOLOGY (BST),University of Sri Jayewardenepura,MANNAR,,NQC,11,10,NQC
COP2324-224,,BIOSYSTEMS TECHNOLOGY (BST),University of Sri Jayewardenepura,MULLAITIVU,,NQC,11,10,NQC
COP2324-224,,BIOSYSTEMS TECHNOLOGY (BST),University of Sri Jayewardenepura,VAVUNIYA,1.9061,value,11,10,1.9061
COP2324-224,,BIOSYSTEMS TECHNOLOGY (BST),University of Sri Jayewardenepura,TRINCOMALEE,1.8933,value,11,10,1.8933
COP2324-224,,BIOSYSTEMS TECHNOLOGY (BST),University of Sri Jayewardenepura,BATTICALOA,2.2504,value,11,10,2.2504
COP2324-224,,BIOSYSTEMS TECHNOLOGY (BST),University of Sri Jayewardenepura,AMPARA,1.8761,value,11,10,1.8761
COP2324-224,,BIOSYSTEMS TECHNOLOGY (BST),University of Sri Jayewardenepura,PUTTALAM,2.2816,value,11,10,2.2816
COP2324-224,,BIOSYSTEMS TECHNOLOGY (BST),University of Sri Jayewardenepura,KURUNEGALA,1.9011,value,11,10,1.9011
COP2324-224,,BIOSYSTEMS TECHNOLOGY (BST),University of Sri Jayewardenepura,ANURADHAPURA,1.9018,value,11,10,1.9018
COP2324-224,,BIOSYSTEMS TECHNOLOGY (BST),University of Sri Jayewardenepura,POLONNARUWA,2.0034,value,11,10,2.0034
COP2324-224,,BIOSYSTEMS TECHNOLOGY (BST),University of Sri Jayewardenepura,BADULLA,1.8816,value,11,10,1.8816
COP2324-224,,BIOSYSTEMS TECHNOLOGY (BST),University of Sri Jayewardenepura,MONARAGALA,1.9247,value,11,10,1.9247
COP2324-224,,BIOSYSTEMS TECHNOLOGY (BST),University of Sri Jayewardenepura,KEGALLE,1.8845,value,11,10,1.8845
COP2324-224,,BIOSYSTEMS TECHNOLOGY (BST),University of Sri Jayewardenepura,RATNAPURA,1.9300,value,11,10,1.9300
COP2324-225,,BIOSYSTEMS TECHNOLOGY (BST),University of Jaffna,COLOMBO,0.8552,value,11,11,0.8552
COP2324-225,,BIOSYSTEMS TECHNOLOGY (BST),University of Jaffna,GAMPAHA,0.8485,value,11,11,0.8485
COP2324-225,,BIOSYSTEMS TECHNOLOGY (BST),University of Jaffna,KALUTARA,0.8924,value,11,11,0.8924
COP2324-225,,BIOSYSTEMS TECHNOLOGY (BST),University of Jaffna,MATALE,0.9179,value,11,11,0.9179
COP2324-225,,BIOSYSTEMS TECHNOLOGY (BST),University of Jaffna,KANDY,1.0268,value,11,11,1.0268
COP2324-225,,BIOSYSTEMS TECHNOLOGY (BST),University of Jaffna,NUWARA ELIYA,0.9142,value,11,11,0.9142
COP2324-225,,BIOSYSTEMS TECHNOLOGY (BST),University of Jaffna,GALLE,0.9655,value,11,11,0.9655
COP2324-225,,BIOSYSTEMS TECHNOLOGY (BST),University of Jaffna,MATARA,1.0608,value,11,11,1.0608
COP2324-225,,BIOSYSTEMS TECHNOLOGY (BST),University of Jaffna,HAMBANTOTA,,NQC,11,11,NQC
COP2324-225,,BIOSYSTEMS TECHNOLOGY (BST),University of Jaffna,JAFFNA,0.8873,value,11,11,0.8873
COP2324-225,,BIOSYSTEMS TECHNOLOGY (BST),University of Jaffna,KILINOCHCHI,,NQC,11,11,NQC
COP2324-225,,BIOSYSTEMS TECHNOLOGY (BST),University of Jaffna,MANNAR,0.8638,value,11,11,0.8638
COP2324-225,,BIOSYSTEMS TECHNOLOGY (BST),University of Jaffna,MULLAITIVU,1.1934,value,11,11,1.1934
COP2324-225,,BIOSYSTEMS TECHNOLOGY (BST),University of Jaffna,VAVUNIYA,,NQC,11,11,NQC
COP2324-225,,BIOSYSTEMS TECHNOLOGY (BST),University of Jaffna,TRINCOMALEE,0.8597,value,11,11,0.8597
COP2324-225,,BIOSYSTEMS TECHNOLOGY (BST),University of Jaffna,BATTICALOA,0.8943,value,11,11,0.8943
COP2324-225,,BIOSYSTEMS TECHNOLOGY (BST),University of Jaffna,AMPARA,0.8806,value,11,11,0.8806
COP2324-225,,BIOSYSTEMS TECHNOLOGY (BST),University of Jaffna,PUTTALAM,0.8637,value,11,11,0.8637
COP2324-225,,BIOSYSTEMS TECHNOLOGY (BST),University of Jaffna,KURUNEGALA,1.0056,value,11,11,1.0056
COP2324-225,,BIOSYSTEMS TECHNOLOGY (BST),University of Jaffna,ANURADHAPURA,0.9885,value,11,11,0.9885
COP2324-225,,BIOSYSTEMS TECHNOLOGY (BST),University of Jaffna,POLONNARUWA,0.9984,value,11,11,0.9984
COP2324-225,,BIOSYSTEMS TECHNOLOGY (BST),University of Jaffna,BADULLA,1.0721,value,11,11,1.0721
COP2324-225,,BIOSYSTEMS TECHNOLOGY (BST),University of Jaffna,MONARAGALA,0.9342,value,11,11,0.9342
COP2324-225,,BIOSYSTEMS TECHNOLOGY (BST),University of Jaffna,KEGALLE,,NQC,11,11,NQC
COP2324-225,,BIOSYSTEMS TECHNOLOGY (BST),University of Jaffna,RATNAPURA,1.0038,value,11,11,1.0038
COP2324-226,,BIOSYSTEMS TECHNOLOGY (BST),University of Ruhuna,COLOMBO,1.3985,value,11,12,1.3985
COP2324-226,,BIOSYSTEMS TECHNOLOGY (BST),University of Ruhuna,GAMPAHA,1.4295,value,11,12,1.4295
COP2324-226,,BIOSYSTEMS TECHNOLOGY (BST),University of Ruhuna,KALUTARA,1.3850,value,11,12,1.3850
COP2324-226,,BIOSYSTEMS TECHNOLOGY (BST),University of Ruhuna,MATALE,1.5700,value,11,12,1.5700
COP2324-226,,BIOSYSTEMS TECHNOLOGY (BST),University of Ruhuna,KANDY,1.3957,value,11,12,1.3957
COP2324-226,,BIOSYSTEMS TECHNOLOGY (BST),University of Ruhuna,NUWARA ELIYA,1.4014,value,11,12,1.4014
COP2324-226,,BIOSYSTEMS TECHNOLOGY (BST),University of Ruhuna,GALLE,1.4103,value,11,12,1.4103
COP2324-226,,BIOSYSTEMS TECHNOLOGY (BST),University of Ruhuna,MATARA,1.4576,value,11,12,1.4576
COP2324-226,,BIOSYSTEMS TECHNOLOGY (BST),University of Ruhuna,HAMBANTOTA,1.4110,value,11,12,1.4110
COP2324-226,,BIOSYSTEMS TECHNOLOGY (BST),University of Ruhuna,JAFFNA,,NQC,11,12,NQC
COP2324-226,,BIOSYSTEMS TECHNOLOGY (BST),University of Ruhuna,KILINOCHCHI,,NQC,11,12,NQC
COP2324-226,,BIOSYSTEMS TECHNOLOGY (BST),University of Ruhuna,MANNAR,,NQC,11,12,NQC
COP2324-226,,BIOSYSTEMS TECHNOLOGY (BST),University of Ruhuna,MULLAITIVU,,NQC,11,12,NQC
COP2324-226,,BIOSYSTEMS TECHNOLOGY (BST),University of Ruhuna,VAVUNIYA,,NQC,11,12,NQC
COP2324-226,,BIOSYSTEMS TECHNOLOGY (BST),University of Ruhuna,TRINCOMALEE,1.4996,value,11,12,1.4996
COP2324-226,,BIOSYSTEMS TECHNOLOGY (BST),University of Ruhuna,BATTICALOA,1.4567,value,11,12,1.4567
COP2324-226,,BIOSYSTEMS TECHNOLOGY (BST),University of Ruhuna,AMPARA,,NQC,11,12,NQC
COP2324-226,,BIOSYSTEMS TECHNOLOGY (BST),University of Ruhuna,PUTTALAM,,NQC,11,12,NQC
COP2324-226,,BIOSYSTEMS TECHNOLOGY (BST),University of Ruhuna,KURUNEGALA,1.3902,value,11,12,1.3902
COP2324-226,,BIOSYSTEMS TECHNOLOGY (BST),University of Ruhuna,ANURADHAPURA,1.4157,value,11,12,1.4157
COP2324-226,,BIOSYSTEMS TECHNOLOGY (BST),University of Ruhuna,POLONNARUWA,1.5837,value,11,12,1.5837
COP2324-226,,BIOSYSTEMS TECHNOLOGY (BST),University of Ruhuna,BADULLA,1.4211,value,11,12,1.4211
COP2324-226,,BIOSYSTEMS TECHNOLOGY (BST),University of Ruhuna,MONARAGALA,1.4012,value,11,12,1.4012
COP2324-226,,BIOSYSTEMS TECHNOLOGY (BST),University of Ruhuna,KEGALLE,1.3988,value,11,12,1.3988
COP2324-226,,BIOSYSTEMS TECHNOLOGY (BST),University of Ruhuna,RATNAPURA,1.3897,value,11,12,1.3897
COP2324-227,,BIOSYSTEMS TECHNOLOGY (BST),"Eastern University, Sri Lanka",COLOMBO,0.6015,value,11,13,0.6015
COP2324-227,,BIOSYSTEMS TECHNOLOGY (BST),"Eastern University, Sri Lanka",GAMPAHA,0.7619,value,11,13,0.7619
COP2324-227,,BIOSYSTEMS TECHNOLOGY (BST),"Eastern University, Sri Lanka",KALUTARA,,NQC,11,13,NQC
COP2324-227,,BIOSYSTEMS TECHNOLOGY (BST),"Eastern University, Sri Lanka",MATALE,,NQC,11,13,NQC
COP2324-227,,BIOSYSTEMS TECHNOLOGY (BST),"Eastern University, Sri Lanka",KANDY,1.0226,value,11,13,1.0226
COP2324-227,,BIOSYSTEMS TECHNOLOGY (BST),"Eastern University, Sri Lanka",NUWARA ELIYA,1.1036,value,11,13,1.1036
COP2324-227,,BIOSYSTEMS TECHNOLOGY (BST),"Eastern University, Sri Lanka",GALLE,0.8953,value,11,13,0.8953
COP2324-227,,BIOSYSTEMS TECHNOLOGY (BST),"Eastern University, Sri Lanka",MATARA,1.0588,value,11,13,1.0588
COP2324-227,,BIOSYSTEMS TECHNOLOGY (BST),"Eastern University, Sri Lanka",HAMBANTOTA,,NQC,11,13,NQC
COP2324-227,,BIOSYSTEMS TECHNOLOGY (BST),"Eastern University, Sri Lanka",JAFFNA,0.6059,value,11,13,0.6059
COP2324-227,,BIOSYSTEMS TECHNOLOGY (BST),"Eastern University, Sri Lanka",KILINOCHCHI,-0.2665,value,11,13,-0.2665
COP2324-227,,BIOSYSTEMS TECHNOLOGY (BST),"Eastern University, Sri Lanka",MANNAR,0.6215,value,11,13,0.6215
COP2324-227,,BIOSYSTEMS TECHNOLOGY (BST),"Eastern University, Sri Lanka",MULLAITIVU,0.1893,value,11,13,0.1893
COP2324-227,,BIOSYSTEMS TECHNOLOGY (BST),"Eastern University, Sri Lanka",VAVUNIYA,0.5828,value,11,13,0.5828
COP2324-227,,BIOSYSTEMS TECHNOLOGY (BST),"Eastern University, Sri Lanka",TRINCOMALEE,0.6988,value,11,13,0.6988
COP2324-227,,BIOSYSTEMS TECHNOLOGY (BST),"Eastern University, Sri Lanka",BATTICALOA,0.7686,value,11,13,0.7686
COP2324-227,,BIOSYSTEMS TECHNOLOGY (BST),"Eastern University, Sri Lanka",AMPARA,0.8413,value,11,13,0.8413
COP2324-227,,BIOSYSTEMS TECHNOLOGY (BST),"Eastern University, Sri Lanka",PUTTALAM,0.4221,value,11,13,0.4221
COP2324-227,,BIOSYSTEMS TECHNOLOGY (BST),"Eastern University, Sri Lanka",KURUNEGALA,1.0070,value,11,13,1.0070
COP2324-227,,BIOSYSTEMS TECHNOLOGY (BST),"Eastern University, Sri Lanka",ANURADHAPURA,1.0188,value,11,13,1.0188
COP2324-227,,BIOSYSTEMS TECHNOLOGY (BST),"Eastern University, Sri Lanka",POLONNARUWA,0.5890,value,11,13,0.5890
COP2324-227,,BIOSYSTEMS TECHNOLOGY (BST),"Eastern University, Sri Lanka",BADULLA,1.0973,value,11,13,1.0973
COP2324-227,,BIOSYSTEMS TECHNOLOGY (BST),"Eastern University, Sri Lanka",MONARAGALA,0.9431,value,11,13,0.9431
COP2324-227,,BIOSYSTEMS TECHNOLOGY (BST),"Eastern University, Sri Lanka",KEGALLE,,NQC,11,13,NQC
COP2324-227,,BIOSYSTEMS TECHNOLOGY (BST),"Eastern University, Sri Lanka",RATNAPURA,1.0605,value,11,13,1.0605
COP2324-228,,BIOSYSTEMS TECHNOLOGY (BST),South Eastern University of Sri Lanka,COLOMBO,0.6026,value,11,14,0.6026
COP2324-228,,BIOSYSTEMS TECHNOLOGY (BST),South Eastern University of Sri Lanka,GAMPAHA,0.7635,value,11,14,0.7635
COP2324-228,,BIOSYSTEMS TECHNOLOGY (BST),South Eastern University of Sri Lanka,KALUTARA,0.8850,value,11,14,0.8850
COP2324-228,,BIOSYSTEMS TECHNOLOGY (BST),South Eastern University of Sri Lanka,MATALE,,NQC,11,14,NQC
COP2324-228,,BIOSYSTEMS TECHNOLOGY (BST),South Eastern University of Sri Lanka,KANDY,1.0553,value,11,14,1.0553
COP2324-228,,BIOSYSTEMS TECHNOLOGY (BST),South Eastern University of Sri Lanka,NUWARA ELIYA,0.9715,value,11,14,0.9715
COP2324-228,,BIOSYSTEMS TECHNOLOGY (BST),South Eastern University of Sri Lanka,GALLE,0.9120,value,11,14,0.9120
COP2324-228,,BIOSYSTEMS TECHNOLOGY (BST),South Eastern University of Sri Lanka,MATARA,1.0473,value,11,14,1.0473
COP2324-228,,BIOSYSTEMS TECHNOLOGY (BST),South Eastern University of Sri Lanka,HAMBANTOTA,,NQC,11,14,NQC
COP2324-228,,BIOSYSTEMS TECHNOLOGY (BST),South Eastern University of Sri Lanka,JAFFNA,0.5860,value,11,14,0.5860
COP2324-228,,BIOSYSTEMS TECHNOLOGY (BST),South Eastern University of Sri Lanka,KILINOCHCHI,-0.5360,value,11,14,-0.5360
COP2324-228,,BIOSYSTEMS TECHNOLOGY (BST),South Eastern University of Sri Lanka,MANNAR,,NQC,11,14,NQC
COP2324-228,,BIOSYSTEMS TECHNOLOGY (BST),South Eastern University of Sri Lanka,MULLAITIVU,0.3132,value,11,14,0.3132
COP2324-228,,BIOSYSTEMS TECHNOLOGY (BST),South Eastern University of Sri Lanka,VAVUNIYA,0.6726,value,11,14,0.6726
COP2324-228,,BIOSYSTEMS TECHNOLOGY (BST),South Eastern University of Sri Lanka,TRINCOMALEE,0.6959,value,11,14,0.6959
COP2324-228,,BIOSYSTEMS TECHNOLOGY (BST),South Eastern University of Sri Lanka,BATTICALOA,0.7838,value,11,14,0.7838
COP2324-228,,BIOSYSTEMS TECHNOLOGY (BST),South Eastern University of Sri Lanka,AMPARA,0.8947,value,11,14,0.8947
COP2324-228,,BIOSYSTEMS TECHNOLOGY (BST),South Eastern University of Sri Lanka,PUTTALAM,0.3486,value,11,14,0.3486
COP2324-228,,BIOSYSTEMS TECHNOLOGY (BST),South Eastern University of Sri Lanka,KURUNEGALA,1.0112,value,11,14,1.0112
COP2324-228,,BIOSYSTEMS TECHNOLOGY (BST),South Eastern University of Sri Lanka,ANURADHAPURA,1.0687,value,11,14,1.0687
COP2324-228,,BIOSYSTEMS TECHNOLOGY (BST),South Eastern University of Sri Lanka,POLONNARUWA,0.7066,value,11,14,0.7066
COP2324-228,,BIOSYSTEMS TECHNOLOGY (BST),South Eastern University of Sri Lanka,BADULLA,1.0857,value,11,14,1.0857
COP2324-228,,BIOSYSTEMS TECHNOLOGY (BST),South Eastern University of Sri Lanka,MONARAGALA,0.9765,value,11,14,0.9765
COP2324-228,,BIOSYSTEMS TECHNOLOGY (BST),South Eastern University of Sri Lanka,KEGALLE,,NQC,11,14,NQC
COP2324-228,,BIOSYSTEMS TECHNOLOGY (BST),South Eastern University of Sri Lanka,RATNAPURA,0.9906,value,11,14,0.9906
COP2324-229,,BIOSYSTEMS TECHNOLOGY (BST),Rajarata University of Sri Lanka,COLOMBO,1.0952,value,11,15,1.0952
COP2324-229,,BIOSYSTEMS TECHNOLOGY (BST),Rajarata University of Sri Lanka,GAMPAHA,1.1003,value,11,15,1.1003
COP2324-229,,BIOSYSTEMS TECHNOLOGY (BST),Rajarata University of Sri Lanka,KALUTARA,1.0946,value,11,15,1.0946
COP2324-229,,BIOSYSTEMS TECHNOLOGY (BST),Rajarata University of Sri Lanka,MATALE,1.1004,value,11,15,1.1004
COP2324-229,,BIOSYSTEMS TECHNOLOGY (BST),Rajarata University of Sri Lanka,KANDY,1.0923,value,11,15,1.0923
COP2324-229,,BIOSYSTEMS TECHNOLOGY (BST),Rajarata University of Sri Lanka,NUWARA ELIYA,1.1255,value,11,15,1.1255
COP2324-229,,BIOSYSTEMS TECHNOLOGY (BST),Rajarata University of Sri Lanka,GALLE,1.1394,value,11,15,1.1394
COP2324-229,,BIOSYSTEMS TECHNOLOGY (BST),Rajarata University of Sri Lanka,MATARA,1.1063,value,11,15,1.1063
COP2324-229,,BIOSYSTEMS TECHNOLOGY (BST),Rajarata University of Sri Lanka,HAMBANTOTA,1.1085,value,11,15,1.1085
COP2324-229,,BIOSYSTEMS TECHNOLOGY (BST),Rajarata University of Sri Lanka,JAFFNA,1.1477,value,11,15,1.1477
COP2324-229,,BIOSYSTEMS TECHNOLOGY (BST),Rajarata University of Sri Lanka,KILINOCHCHI,,NQC,11,15,NQC
COP2324-229,,BIOSYSTEMS TECHNOLOGY (BST),Rajarata University of Sri Lanka,MANNAR,,NQC,11,15,NQC
COP2324-229,,BIOSYSTEMS TECHNOLOGY (BST),Rajarata University of Sri Lanka,MULLAITIVU,,NQC,11,15,NQC
COP2324-229,,BIOSYSTEMS TECHNOLOGY (BST),Rajarata University of Sri Lanka,VAVUNIYA,,NQC,11,15,NQC
COP2324-229,,BIOSYSTEMS TECHNOLOGY (BST),Rajarata University of Sri Lanka,TRINCOMALEE,,NQC,11,15,NQC
COP2324-229,,BIOSYSTEMS TECHNOLOGY (BST),Rajarata University of Sri Lanka,BATTICALOA,1.0943,value,11,15,1.0943
COP2324-229,,BIOSYSTEMS TECHNOLOGY (BST),Rajarata University of Sri Lanka,AMPARA,1.0970,value,11,15,1.0970
COP2324-229,,BIOSYSTEMS TECHNOLOGY (BST),Rajarata University of Sri Lanka,PUTTALAM,1.1433,value,11,15,1.1433
COP2324-229,,BIOSYSTEMS TECHNOLOGY (BST),Rajarata University of Sri Lanka,KURUNEGALA,1.0922,value,11,15,1.0922
COP2324-229,,BIOSYSTEMS TECHNOLOGY (BST),Rajarata University of Sri Lanka,ANURADHAPURA,1.2096,value,11,15,1.2096
COP2324-229,,BIOSYSTEMS TECHNOLOGY (BST),Rajarata University of Sri Lanka,POLONNARUWA,,NQC,11,15,NQC
COP2324-229,,BIOSYSTEMS TECHNOLOGY (BST),Rajarata University of Sri Lanka,BADULLA,1.0995,value,11,15,1.0995
COP2324-229,,BIOSYSTEMS TECHNOLOGY (BST),Rajarata University of Sri Lanka,MONARAGALA,1.0947,value,11,15,1.0947
COP2324-229,,BIOSYSTEMS TECHNOLOGY (BST),Rajarata University of Sri Lanka,KEGALLE,1.1222,value,11,15,1.1222
COP2324-229,,BIOSYSTEMS TECHNOLOGY (BST),Rajarata University of Sri Lanka,RATNAPURA,1.0937,value,11,15,1.0937
COP2324-230,,BIOSYSTEMS TECHNOLOGY (BST),Sabaragamuwa University of Sri Lanka,COLOMBO,1.1601,value,11,16,1.1601
COP2324-230,,BIOSYSTEMS TECHNOLOGY (BST),Sabaragamuwa University of Sri Lanka,GAMPAHA,1.1593,value,11,16,1.1593
COP2324-230,,BIOSYSTEMS TECHNOLOGY (BST),Sabaragamuwa University of Sri Lanka,KALUTARA,1.1510,value,11,16,1.1510
COP2324-230,,BIOSYSTEMS TECHNOLOGY (BST),Sabaragamuwa University of Sri Lanka,MATALE,1.2057,value,11,16,1.2057
COP2324-230,,BIOSYSTEMS TECHNOLOGY (BST),Sabaragamuwa University of Sri Lanka,KANDY,1.1755,value,11,16,1.1755
COP2324-230,,BIOSYSTEMS TECHNOLOGY (BST),Sabaragamuwa University of Sri Lanka,NUWARA ELIYA,1.1768,value,11,16,1.1768
COP2324-230,,BIOSYSTEMS TECHNOLOGY (BST),Sabaragamuwa University of Sri Lanka,GALLE,1.1652,value,11,16,1.1652
COP2324-230,,BIOSYSTEMS TECHNOLOGY (BST),Sabaragamuwa University of Sri Lanka,MATARA,1.1861,value,11,16,1.1861
COP2324-230,,BIOSYSTEMS TECHNOLOGY (BST),Sabaragamuwa University of Sri Lanka,HAMBANTOTA,1.1619,value,11,16,1.1619
COP2324-230,,BIOSYSTEMS TECHNOLOGY (BST),Sabaragamuwa University of Sri Lanka,JAFFNA,,NQC,11,16,NQC
COP2324-230,,BIOSYSTEMS TECHNOLOGY (BST),Sabaragamuwa University of Sri Lanka,KILINOCHCHI,,NQC,11,16,NQC
COP2324-230,,BIOSYSTEMS TECHNOLOGY (BST),Sabaragamuwa University of Sri Lanka,MANNAR,1.1679,value,11,16,1.1679
COP2324-230,,BIOSYSTEMS TECHNOLOGY (BST),Sabaragamuwa University of Sri Lanka,MULLAITIVU,,NQC,11,16,NQC
COP2324-230,,BIOSYSTEMS TECHNOLOGY (BST),Sabaragamuwa University of Sri Lanka,VAVUNIYA,,NQC,11,16,NQC
COP2324-230,,BIOSYSTEMS TECHNOLOGY (BST),Sabaragamuwa University of Sri Lanka,TRINCOMALEE,1.2697,value,11,16,1.2697
COP2324-230,,BIOSYSTEMS TECHNOLOGY (BST),Sabaragamuwa University of Sri Lanka,BATTICALOA,1.1581,value,11,16,1.1581
COP2324-230,,BIOSYSTEMS TECHNOLOGY (BST),Sabaragamuwa University of Sri Lanka,AMPARA,,NQC,11,16,NQC
COP2324-230,,BIOSYSTEMS TECHNOLOGY (BST),Sabaragamuwa University of Sri Lanka,PUTTALAM,,NQC,11,16,NQC
COP2324-230,,BIOSYSTEMS TECHNOLOGY (BST),Sabaragamuwa University of Sri Lanka,KURUNEGALA,1.1763,value,11,16,1.1763
COP2324-230,,BIOSYSTEMS TECHNOLOGY (BST),Sabaragamuwa University of Sri Lanka,ANURADHAPURA,1.1540,value,11,16,1.1540
COP2324-230,,BIOSYSTEMS TECHNOLOGY (BST),Sabaragamuwa University of Sri Lanka,POLONNARUWA,1.2464,value,11,16,1.2464
COP2324-230,,BIOSYSTEMS TECHNOLOGY (BST),Sabaragamuwa University of Sri Lanka,BADULLA,1.1450,value,11,16,1.1450
COP2324-230,,BIOSYSTEMS TECHNOLOGY (BST),Sabaragamuwa University of Sri Lanka,MONARAGALA,1.1762,value,11,16,1.1762
COP2324-230,,BIOSYSTEMS TECHNOLOGY (BST),Sabaragamuwa University of Sri Lanka,KEGALLE,1.2045,value,11,16,1.2045
COP2324-230,,BIOSYSTEMS TECHNOLOGY (BST),Sabaragamuwa University of Sri Lanka,RATNAPURA,1.1472,value,11,16,1.1472
COP2324-231,,BIOSYSTEMS TECHNOLOGY (BST),Wayamba University of Sri Lanka,COLOMBO,1.2858,value,11,17,1.2858
COP2324-231,,BIOSYSTEMS TECHNOLOGY (BST),Wayamba University of Sri Lanka,GAMPAHA,1.2555,value,11,17,1.2555
COP2324-231,,BIOSYSTEMS TECHNOLOGY (BST),Wayamba University of Sri Lanka,KALUTARA,1.2547,value,11,17,1.2547
COP2324-231,,BIOSYSTEMS TECHNOLOGY (BST),Wayamba University of Sri Lanka,MATALE,1.3248,value,11,17,1.3248
COP2324-231,,BIOSYSTEMS TECHNOLOGY (BST),Wayamba University of Sri Lanka,KANDY,1.2858,value,11,17,1.2858
COP2324-231,,BIOSYSTEMS TECHNOLOGY (BST),Wayamba University of Sri Lanka,NUWARA ELIYA,1.2890,value,11,17,1.2890
COP2324-231,,BIOSYSTEMS TECHNOLOGY (BST),Wayamba University of Sri Lanka,GALLE,1.2616,value,11,17,1.2616
COP2324-231,,BIOSYSTEMS TECHNOLOGY (BST),Wayamba University of Sri Lanka,MATARA,1.2696,value,11,17,1.2696
COP2324-231,,BIOSYSTEMS TECHNOLOGY (BST),Wayamba University of Sri Lanka,HAMBANTOTA,1.3283,value,11,17,1.3283
COP2324-231,,BIOSYSTEMS TECHNOLOGY (BST),Wayamba University of Sri Lanka,JAFFNA,1.3987,value,11,17,1.3987
COP2324-231,,BIOSYSTEMS TECHNOLOGY (BST),Wayamba University of Sri Lanka,KILINOCHCHI,,NQC,11,17,NQC
COP2324-231,,BIOSYSTEMS TECHNOLOGY (BST),Wayamba University of Sri Lanka,MANNAR,1.4632,value,11,17,1.4632
COP2324-231,,BIOSYSTEMS TECHNOLOGY (BST),Wayamba University of Sri Lanka,MULLAITIVU,,NQC,11,17,NQC
COP2324-231,,BIOSYSTEMS TECHNOLOGY (BST),Wayamba University of Sri Lanka,VAVUNIYA,,NQC,11,17,NQC
COP2324-231,,BIOSYSTEMS TECHNOLOGY (BST),Wayamba University of Sri Lanka,TRINCOMALEE,,NQC,11,17,NQC
COP2324-231,,BIOSYSTEMS TECHNOLOGY (BST),Wayamba University of Sri Lanka,BATTICALOA,1.3905,value,11,17,1.3905
COP2324-231,,BIOSYSTEMS TECHNOLOGY (BST),Wayamba University of Sri Lanka,AMPARA,1.3051,value,11,17,1.3051
COP2324-231,,BIOSYSTEMS TECHNOLOGY (BST),Wayamba University of Sri Lanka,PUTTALAM,1.4266,value,11,17,1.4266
COP2324-231,,BIOSYSTEMS TECHNOLOGY (BST),Wayamba University of Sri Lanka,KURUNEGALA,1.2743,value,11,17,1.2743
COP2324-231,,BIOSYSTEMS TECHNOLOGY (BST),Wayamba University of Sri Lanka,ANURADHAPURA,1.3396,value,11,17,1.3396
COP2324-231,,BIOSYSTEMS TECHNOLOGY (BST),Wayamba University of Sri Lanka,POLONNARUWA,1.4882,value,11,17,1.4882
COP2324-231,,BIOSYSTEMS TECHNOLOGY (BST),Wayamba University of Sri Lanka,BADULLA,1.3087,value,11,17,1.3087
COP2324-231,,BIOSYSTEMS TECHNOLOGY (BST),Wayamba University of Sri Lanka,MONARAGALA,,NQC,11,17,NQC
COP2324-231,,BIOSYSTEMS TECHNOLOGY (BST),Wayamba University of Sri Lanka,KEGALLE,1.2833,value,11,17,1.2833
COP2324-231,,BIOSYSTEMS TECHNOLOGY (BST),Wayamba University of Sri Lanka,RATNAPURA,1.2682,value,11,17,1.2682
COP2324-232,,BIOSYSTEMS TECHNOLOGY (BST),Uva Wellassa University of Sri Lanka,COLOMBO,1.1086,value,11,18,1.1086
COP2324-232,,BIOSYSTEMS TECHNOLOGY (BST),Uva Wellassa University of Sri Lanka,GAMPAHA,1.1204,value,11,18,1.1204
COP2324-232,,BIOSYSTEMS TECHNOLOGY (BST),Uva Wellassa University of Sri Lanka,KALUTARA,1.1113,value,11,18,1.1113
COP2324-232,,BIOSYSTEMS TECHNOLOGY (BST),Uva Wellassa University of Sri Lanka,MATALE,1.1118,value,11,18,1.1118
COP2324-232,,BIOSYSTEMS TECHNOLOGY (BST),Uva Wellassa University of Sri Lanka,KANDY,1.1118,value,11,18,1.1118
COP2324-232,,BIOSYSTEMS TECHNOLOGY (BST),Uva Wellassa University of Sri Lanka,NUWARA ELIYA,,NQC,11,18,NQC
COP2324-232,,BIOSYSTEMS TECHNOLOGY (BST),Uva Wellassa University of Sri Lanka,GALLE,1.1292,value,11,18,1.1292
COP2324-232,,BIOSYSTEMS TECHNOLOGY (BST),Uva Wellassa University of Sri Lanka,MATARA,1.1710,value,11,18,1.1710
COP2324-232,,BIOSYSTEMS TECHNOLOGY (BST),Uva Wellassa University of Sri Lanka,HAMBANTOTA,1.1148,value,11,18,1.1148
COP2324-232,,BIOSYSTEMS TECHNOLOGY (BST),Uva Wellassa University of Sri Lanka,JAFFNA,1.1919,value,11,18,1.1919
COP2324-232,,BIOSYSTEMS TECHNOLOGY (BST),Uva Wellassa University of Sri Lanka,KILINOCHCHI,,NQC,11,18,NQC
COP2324-232,,BIOSYSTEMS TECHNOLOGY (BST),Uva Wellassa University of Sri Lanka,MANNAR,,NQC,11,18,NQC
COP2324-232,,BIOSYSTEMS TECHNOLOGY (BST),Uva Wellassa University of Sri Lanka,MULLAITIVU,,NQC,11,18,NQC
COP2324-232,,BIOSYSTEMS TECHNOLOGY (BST),Uva Wellassa University of Sri Lanka,VAVUNIYA,1.3557,value,11,18,1.3557
COP2324-232,,BIOSYSTEMS TECHNOLOGY (BST),Uva Wellassa University of Sri Lanka,TRINCOMALEE,1.1173,value,11,18,1.1173
COP2324-232,,BIOSYSTEMS TECHNOLOGY (BST),Uva Wellassa University of Sri Lanka,BATTICALOA,1.1259,value,11,18,1.1259
COP2324-232,,BIOSYSTEMS TECHNOLOGY (BST),Uva Wellassa University of Sri Lanka,AMPARA,1.1577,value,11,18,1.1577
COP2324-232,,BIOSYSTEMS TECHNOLOGY (BST),Uva Wellassa University of Sri Lanka,PUTTALAM,,NQC,11,18,NQC
COP2324-232,,BIOSYSTEMS TECHNOLOGY (BST),Uva Wellassa University of Sri Lanka,KURUNEGALA,1.1419,value,11,18,1.1419
COP2324-232,,BIOSYSTEMS TECHNOLOGY (BST),Uva Wellassa University of Sri Lanka,ANURADHAPURA,1.1173,value,11,18,1.1173
COP2324-232,,BIOSYSTEMS TECHNOLOGY (BST),Uva Wellassa University of Sri Lanka,POLONNARUWA,1.5753,value,11,18,1.5753
COP2324-232,,BIOSYSTEMS TECHNOLOGY (BST),Uva Wellassa University of Sri Lanka,BADULLA,1.1284,value,11,18,1.1284
COP2324-232,,BIOSYSTEMS TECHNOLOGY (BST),Uva Wellassa University of Sri Lanka,MONARAGALA,1.1085,value,11,18,1.1085
COP2324-232,,BIOSYSTEMS TECHNOLOGY (BST),Uva Wellassa University of Sri Lanka,KEGALLE,1.1230,value,11,18,1.1230
COP2324-232,,BIOSYSTEMS TECHNOLOGY (BST),Uva Wellassa University of Sri Lanka,RATNAPURA,1.1085,value,11,18,1.1085
COP2324-233,,INFORMATION COMMUNICATION TECHNOLOGY,University of Colombo,COLOMBO,1.9915,value,11,19,1.9915
COP2324-233,,INFORMATION COMMUNICATION TECHNOLOGY,University of Colombo,GAMPAHA,1.9615,value,11,19,1.9615
COP2324-233,,INFORMATION COMMUNICATION TECHNOLOGY,University of Colombo,KALUTARA,2.0823,value,11,19,2.0823
COP2324-233,,INFORMATION COMMUNICATION TECHNOLOGY,University of Colombo,MATALE,1.9673,value,11,19,1.9673
COP2324-233,,INFORMATION COMMUNICATION TECHNOLOGY,University of Colombo,KANDY,1.9822,value,11,19,1.9822
COP2324-233,,INFORMATION COMMUNICATION TECHNOLOGY,University of Colombo,NUWARA ELIYA,2.1191,value,11,19,2.1191
COP2324-233,,INFORMATION COMMUNICATION TECHNOLOGY,University of Colombo,GALLE,1.9881,value,11,19,1.9881
COP2324-233,,INFORMATION COMMUNICATION TECHNOLOGY,University of Colombo,MATARA,1.9721,value,11,19,1.9721
COP2324-233,,INFORMATION COMMUNICATION TECHNOLOGY,University of Colombo,HAMBANTOTA,2.0050,value,11,19,2.0050
COP2324-233,,INFORMATION COMMUNICATION TECHNOLOGY,University of Colombo,JAFFNA,2.0017,value,11,19,2.0017
COP2324-233,,INFORMATION COMMUNICATION TECHNOLOGY,University of Colombo,KILINOCHCHI,,NQC,11,19,NQC
COP2324-233,,INFORMATION COMMUNICATION TECHNOLOGY,University of Colombo,MANNAR,,NQC,11,19,NQC
COP2324-233,,INFORMATION COMMUNICATION TECHNOLOGY,University of Colombo,MULLAITIVU,,NQC,11,19,NQC
COP2324-233,,INFORMATION COMMUNICATION TECHNOLOGY,University of Colombo,VAVUNIYA,,NQC,11,19,NQC
COP2324-233,,INFORMATION COMMUNICATION TECHNOLOGY,University of Colombo,TRINCOMALEE,,NQC,11,19,NQC
COP2324-233,,INFORMATION COMMUNICATION TECHNOLOGY,University of Colombo,BATTICALOA,3.3105,value,11,19,3.3105
COP2324-233,,INFORMATION COMMUNICATION TECHNOLOGY,University of Colombo,AMPARA,2.0083,value,11,19,2.0083
COP2324-233,,INFORMATION COMMUNICATION TECHNOLOGY,University of Colombo,PUTTALAM,2.7770,value,11,19,2.7770
COP2324-233,,INFORMATION COMMUNICATION TECHNOLOGY,University of Colombo,KURUNEGALA,1.9698,value,11,19,1.9698
COP2324-233,,INFORMATION COMMUNICATION TECHNOLOGY,University of Colombo,ANURADHAPURA,1.9763,value,11,19,1.9763
COP2324-233,,INFORMATION COMMUNICATION TECHNOLOGY,University of Colombo,POLONNARUWA,,NQC,11,19,NQC
COP2324-233,,INFORMATION COMMUNICATION TECHNOLOGY,University of Colombo,BADULLA,1.9725,value,11,19,1.9725
COP2324-233,,INFORMATION COMMUNICATION TECHNOLOGY,University of Colombo,MONARAGALA,2.0272,value,11,19,2.0272
COP2324-233,,INFORMATION COMMUNICATION TECHNOLOGY,University of Colombo,KEGALLE,2.0043,value,11,19,2.0043
COP2324-233,,INFORMATION COMMUNICATION TECHNOLOGY,University of Colombo,RATNAPURA,2.0700,value,11,19,2.0700
COP2324-234,,INFORMATION COMMUNICATION TECHNOLOGY,University of Sri Jayewardenepura,COLOMBO,2.1411,value,11,20,2.1411
COP2324-234,,INFORMATION COMMUNICATION TECHNOLOGY,University of Sri Jayewardenepura,GAMPAHA,2.1436,value,11,20,2.1436
COP2324-234,,INFORMATION COMMUNICATION TECHNOLOGY,University of Sri Jayewardenepura,KALUTARA,2.1918,value,11,20,2.1918
COP2324-234,,INFORMATION COMMUNICATION TECHNOLOGY,University of Sri Jayewardenepura,MATALE,2.1357,value,11,20,2.1357
COP2324-234,,INFORMATION COMMUNICATION TECHNOLOGY,University of Sri Jayewardenepura,KANDY,2.1897,value,11,20,2.1897
COP2324-234,,INFORMATION COMMUNICATION TECHNOLOGY,University of Sri Jayewardenepura,NUWARA ELIYA,2.7206,value,11,20,2.7206
COP2324-234,,INFORMATION COMMUNICATION TECHNOLOGY,University of Sri Jayewardenepura,GALLE,2.1320,value,11,20,2.1320
COP2324-234,,INFORMATION COMMUNICATION TECHNOLOGY,University of Sri Jayewardenepura,MATARA,2.1735,value,11,20,2.1735
COP2324-234,,INFORMATION COMMUNICATION TECHNOLOGY,University of Sri Jayewardenepura,HAMBANTOTA,2.1746,value,11,20,2.1746
COP2324-234,,INFORMATION COMMUNICATION TECHNOLOGY,University of Sri Jayewardenepura,JAFFNA,2.3190,value,11,20,2.3190
COP2324-234,,INFORMATION COMMUNICATION TECHNOLOGY,University of Sri Jayewardenepura,KILINOCHCHI,,NQC,11,20,NQC
COP2324-234,,INFORMATION COMMUNICATION TECHNOLOGY,University of Sri Jayewardenepura,MANNAR,,NQC,11,20,NQC
COP2324-234,,INFORMATION COMMUNICATION TECHNOLOGY,University of Sri Jayewardenepura,MULLAITIVU,,NQC,11,20,NQC
COP2324-234,,INFORMATION COMMUNICATION TECHNOLOGY,University of Sri Jayewardenepura,VAVUNIYA,,NQC,11,20,NQC
COP2324-234,,INFORMATION COMMUNICATION TECHNOLOGY,University of Sri Jayewardenepura,TRINCOMALEE,,NQC,11,20,NQC
COP2324-234,,INFORMATION COMMUNICATION TECHNOLOGY,University of Sri Jayewardenepura,BATTICALOA,,NQC,11,20,NQC
COP2324-234,,INFORMATION COMMUNICATION TECHNOLOGY,University of Sri Jayewardenepura,AMPARA,2.3685,value,11,20,2.3685
COP2324-234,,INFORMATION COMMUNICATION TECHNOLOGY,University of Sri Jayewardenepura,PUTTALAM,2.1736,value,11,20,2.1736
COP2324-234,,INFORMATION COMMUNICATION TECHNOLOGY,University of Sri Jayewardenepura,KURUNEGALA,2.1676,value,11,20,2.1676
COP2324-234,,INFORMATION COMMUNICATION TECHNOLOGY,University of Sri Jayewardenepura,ANURADHAPURA,2.1738,value,11,20,2.1738
COP2324-234,,INFORMATION COMMUNICATION TECHNOLOGY,University of Sri Jayewardenepura,POLONNARUWA,2.1655,value,11,20,2.1655
COP2324-234,,INFORMATION COMMUNICATION TECHNOLOGY,University of Sri Jayewardenepura,BADULLA,2.1830,value,11,20,2.1830
COP2324-234,,INFORMATION COMMUNICATION TECHNOLOGY,University of Sri Jayewardenepura,MONARAGALA,2.2955,value,11,20,2.2955
COP2324-234,,INFORMATION COMMUNICATION TECHNOLOGY,University of Sri Jayewardenepura,KEGALLE,2.1836,value,11,20,2.1836
COP2324-234,,INFORMATION COMMUNICATION TECHNOLOGY,University of Sri Jayewardenepura,RATNAPURA,2.1733,value,11,20,2.1733
COP2324-235,,INFORMATION COMMUNICATION TECHNOLOGY,University of Kelaniya,COLOMBO,1.8166,value,11,21,1.8166
COP2324-235,,INFORMATION COMMUNICATION TECHNOLOGY,University of Kelaniya,GAMPAHA,1.8004,value,11,21,1.8004
COP2324-235,,INFORMATION COMMUNICATION TECHNOLOGY,University of Kelaniya,KALUTARA,1.8115,value,11,21,1.8115
COP2324-235,,INFORMATION COMMUNICATION TECHNOLOGY,University of Kelaniya,MATALE,1.8187,value,11,21,1.8187
COP2324-235,,INFORMATION COMMUNICATION TECHNOLOGY,University of Kelaniya,KANDY,1.8651,value,11,21,1.8651
COP2324-235,,INFORMATION COMMUNICATION TECHNOLOGY,University of Kelaniya,NUWARA ELIYA,1.8808,value,11,21,1.8808
COP2324-235,,INFORMATION COMMUNICATION TECHNOLOGY,University of Kelaniya,GALLE,1.7978,value,11,21,1.7978
COP2324-235,,INFORMATION COMMUNICATION TECHNOLOGY,University of Kelaniya,MATARA,1.8141,value,11,21,1.8141
COP2324-235,,INFORMATION COMMUNICATION TECHNOLOGY,University of Kelaniya,HAMBANTOTA,1.9361,value,11,21,1.9361
COP2324-235,,INFORMATION COMMUNICATION TECHNOLOGY,University of Kelaniya,JAFFNA,1.8034,value,11,21,1.8034
COP2324-235,,INFORMATION COMMUNICATION TECHNOLOGY,University of Kelaniya,KILINOCHCHI,,NQC,11,21,NQC
COP2324-235,,INFORMATION COMMUNICATION TECHNOLOGY,University of Kelaniya,MANNAR,,NQC,11,21,NQC
COP2324-235,,INFORMATION COMMUNICATION TECHNOLOGY,University of Kelaniya,MULLAITIVU,,NQC,11,21,NQC
COP2324-235,,INFORMATION COMMUNICATION TECHNOLOGY,University of Kelaniya,VAVUNIYA,,NQC,11,21,NQC
COP2324-235,,INFORMATION COMMUNICATION TECHNOLOGY,University of Kelaniya,TRINCOMALEE,1.8178,value,11,21,1.8178
COP2324-235,,INFORMATION COMMUNICATION TECHNOLOGY,University of Kelaniya,BATTICALOA,1.8406,value,11,21,1.8406
COP2324-235,,INFORMATION COMMUNICATION TECHNOLOGY,University of Kelaniya,AMPARA,1.8440,value,11,21,1.8440
COP2324-235,,INFORMATION COMMUNICATION TECHNOLOGY,University of Kelaniya,PUTTALAM,1.8911,value,11,21,1.8911
COP2324-235,,INFORMATION COMMUNICATION TECHNOLOGY,University of Kelaniya,KURUNEGALA,1.8364,value,11,21,1.8364
COP2324-235,,INFORMATION COMMUNICATION TECHNOLOGY,University of Kelaniya,ANURADHAPURA,1.8012,value,11,21,1.8012
COP2324-235,,INFORMATION COMMUNICATION TECHNOLOGY,University of Kelaniya,POLONNARUWA,1.8071,value,11,21,1.8071
COP2324-235,,INFORMATION COMMUNICATION TECHNOLOGY,University of Kelaniya,BADULLA,1.8292,value,11,21,1.8292
COP2324-235,,INFORMATION COMMUNICATION TECHNOLOGY,University of Kelaniya,MONARAGALA,,NQC,11,21,NQC
COP2324-235,,INFORMATION COMMUNICATION TECHNOLOGY,University of Kelaniya,KEGALLE,1.8485,value,11,21,1.8485
COP2324-235,,INFORMATION COMMUNICATION TECHNOLOGY,University of Kelaniya,RATNAPURA,1.8540,value,11,21,1.8540
COP2324-236,,INFORMATION COMMUNICATION TECHNOLOGY,University of Ruhuna,COLOMBO,1.5939,value,11,22,1.5939
COP2324-236,,INFORMATION COMMUNICATION TECHNOLOGY,University of Ruhuna,GAMPAHA,1.5893,value,11,22,1.5893
COP2324-236,,INFORMATION COMMUNICATION TECHNOLOGY,University of Ruhuna,KALUTARA,1.5727,value,11,22,1.5727
COP2324-236,,INFORMATION COMMUNICATION TECHNOLOGY,University of Ruhuna,MATALE,,NQC,11,22,NQC
COP2324-236,,INFORMATION COMMUNICATION TECHNOLOGY,University of Ruhuna,KANDY,1.5937,value,11,22,1.5937
COP2324-236,,INFORMATION COMMUNICATION TECHNOLOGY,University of Ruhuna,NUWARA ELIYA,1.7518,value,11,22,1.7518
COP2324-236,,INFORMATION COMMUNICATION TECHNOLOGY,University of Ruhuna,GALLE,1.5747,value,11,22,1.5747
COP2324-236,,INFORMATION COMMUNICATION TECHNOLOGY,University of Ruhuna,MATARA,1.5767,value,11,22,1.5767
COP2324-236,,INFORMATION COMMUNICATION TECHNOLOGY,University of Ruhuna,HAMBANTOTA,1.5766,value,11,22,1.5766
COP2324-236,,INFORMATION COMMUNICATION TECHNOLOGY,University of Ruhuna,JAFFNA,,NQC,11,22,NQC
COP2324-236,,INFORMATION COMMUNICATION TECHNOLOGY,University of Ruhuna,KILINOCHCHI,,NQC,11,22,NQC
COP2324-236,,INFORMATION COMMUNICATION TECHNOLOGY,University of Ruhuna,MANNAR,,NQC,11,22,NQC
COP2324-236,,INFORMATION COMMUNICATION TECHNOLOGY,University of Ruhuna,MULLAITIVU,,NQC,11,22,NQC
COP2324-236,,INFORMATION COMMUNICATION TECHNOLOGY,University of Ruhuna,VAVUNIYA,,NQC,11,22,NQC
COP2324-236,,INFORMATION COMMUNICATION TECHNOLOGY,University of Ruhuna,TRINCOMALEE,,NQC,11,22,NQC
COP2324-236,,INFORMATION COMMUNICATION TECHNOLOGY,University of Ruhuna,BATTICALOA,,NQC,11,22,NQC
COP2324-236,,INFORMATION COMMUNICATION TECHNOLOGY,University of Ruhuna,AMPARA,,NQC,11,22,NQC
COP2324-236,,INFORMATION COMMUNICATION TECHNOLOGY,University of Ruhuna,PUTTALAM,1.6078,value,11,22,1.6078
COP2324-236,,INFORMATION COMMUNICATION TECHNOLOGY,University of Ruhuna,KURUNEGALA,1.5839,value,11,22,1.5839
COP2324-236,,INFORMATION COMMUNICATION TECHNOLOGY,University of Ruhuna,ANURADHAPURA,,NQC,11,22,NQC
COP2324-236,,INFORMATION COMMUNICATION TECHNOLOGY,University of Ruhuna,POLONNARUWA,1.6968,value,11,22,1.6968
COP2324-236,,INFORMATION COMMUNICATION TECHNOLOGY,University of Ruhuna,BADULLA,1.5850,value,11,22,1.5850
COP2324-236,,INFORMATION COMMUNICATION TECHNOLOGY,University of Ruhuna,MONARAGALA,,NQC,11,22,NQC
COP2324-236,,INFORMATION COMMUNICATION TECHNOLOGY,University of Ruhuna,KEGALLE,1.5730,value,11,22,1.5730
COP2324-236,,INFORMATION COMMUNICATION TECHNOLOGY,University of Ruhuna,RATNAPURA,1.6068,value,11,22,1.6068
COP2324-237,,INFORMATION COMMUNICATION TECHNOLOGY,South Eastern University of Sri Lanka,COLOMBO,1.0226,value,11,23,1.0226
COP2324-237,,INFORMATION COMMUNICATION TECHNOLOGY,South Eastern University of Sri Lanka,GAMPAHA,1.0224,value,11,23,1.0224
COP2324-237,,INFORMATION COMMUNICATION TECHNOLOGY,South Eastern University of Sri Lanka,KALUTARA,1.0414,value,11,23,1.0414
COP2324-237,,INFORMATION COMMUNICATION TECHNOLOGY,South Eastern University of Sri Lanka,MATALE,,NQC,11,23,NQC
COP2324-237,,INFORMATION COMMUNICATION TECHNOLOGY,South Eastern University of Sri Lanka,KANDY,1.0595,value,11,23,1.0595
COP2324-237,,INFORMATION COMMUNICATION TECHNOLOGY,South Eastern University of Sri Lanka,NUWARA ELIYA,1.0273,value,11,23,1.0273
COP2324-237,,INFORMATION COMMUNICATION TECHNOLOGY,South Eastern University of Sri Lanka,GALLE,1.2416,value,11,23,1.2416
COP2324-237,,INFORMATION COMMUNICATION TECHNOLOGY,South Eastern University of Sri Lanka,MATARA,,NQC,11,23,NQC
COP2324-237,,INFORMATION COMMUNICATION TECHNOLOGY,South Eastern University of Sri Lanka,HAMBANTOTA,1.1635,value,11,23,1.1635
COP2324-237,,INFORMATION COMMUNICATION TECHNOLOGY,South Eastern University of Sri Lanka,JAFFNA,1.0423,value,11,23,1.0423
COP2324-237,,INFORMATION COMMUNICATION TECHNOLOGY,South Eastern University of Sri Lanka,KILINOCHCHI,,NQC,11,23,NQC
COP2324-237,,INFORMATION COMMUNICATION TECHNOLOGY,South Eastern University of Sri Lanka,MANNAR,,NQC,11,23,NQC
COP2324-237,,INFORMATION COMMUNICATION TECHNOLOGY,South Eastern University of Sri Lanka,MULLAITIVU,,NQC,11,23,NQC
COP2324-237,,INFORMATION COMMUNICATION TECHNOLOGY,South Eastern University of Sri Lanka,VAVUNIYA,,NQC,11,23,NQC
COP2324-237,,INFORMATION COMMUNICATION TECHNOLOGY,South Eastern University of Sri Lanka,TRINCOMALEE,1.0503,value,11,23,1.0503
COP2324-237,,INFORMATION COMMUNICATION TECHNOLOGY,South Eastern University of Sri Lanka,BATTICALOA,1.8039,value,11,23,1.8039
COP2324-237,,INFORMATION COMMUNICATION TECHNOLOGY,South Eastern University of Sri Lanka,AMPARA,1.0461,value,11,23,1.0461
COP2324-237,,INFORMATION COMMUNICATION TECHNOLOGY,South Eastern University of Sri Lanka,PUTTALAM,1.0952,value,11,23,1.0952
COP2324-237,,INFORMATION COMMUNICATION TECHNOLOGY,South Eastern University of Sri Lanka,KURUNEGALA,1.0574,value,11,23,1.0574
COP2324-237,,INFORMATION COMMUNICATION TECHNOLOGY,South Eastern University of Sri Lanka,ANURADHAPURA,1.0330,value,11,23,1.0330
COP2324-237,,INFORMATION COMMUNICATION TECHNOLOGY,South Eastern University of Sri Lanka,POLONNARUWA,1.1355,value,11,23,1.1355
COP2324-237,,INFORMATION COMMUNICATION TECHNOLOGY,South Eastern University of Sri Lanka,BADULLA,1.1287,value,11,23,1.1287
COP2324-237,,INFORMATION COMMUNICATION TECHNOLOGY,South Eastern University of Sri Lanka,MONARAGALA,1.0919,value,11,23,1.0919
COP2324-237,,INFORMATION COMMUNICATION TECHNOLOGY,South Eastern University of Sri Lanka,KEGALLE,1.1150,value,11,23,1.1150
COP2324-237,,INFORMATION COMMUNICATION TECHNOLOGY,South Eastern University of Sri Lanka,RATNAPURA,1.0999,value,11,23,1.0999
COP2324-238,,INFORMATION COMMUNICATION TECHNOLOGY,Rajarata University of Sri Lanka,COLOMBO,1.2338,value,11,24,1.2338
COP2324-238,,INFORMATION COMMUNICATION TECHNOLOGY,Rajarata University of Sri Lanka,GAMPAHA,1.2163,value,11,24,1.2163
COP2324-238,,INFORMATION COMMUNICATION TECHNOLOGY,Rajarata University of Sri Lanka,KALUTARA,1.2163,value,11,24,1.2163
COP2324-238,,INFORMATION COMMUNICATION TECHNOLOGY,Rajarata University of Sri Lanka,MATALE,1.2781,value,11,24,1.2781
COP2324-238,,INFORMATION COMMUNICATION TECHNOLOGY,Rajarata University of Sri Lanka,KANDY,1.2220,value,11,24,1.2220
COP2324-238,,INFORMATION COMMUNICATION TECHNOLOGY,Rajarata University of Sri Lanka,NUWARA ELIYA,1.3429,value,11,24,1.3429
COP2324-238,,INFORMATION COMMUNICATION TECHNOLOGY,Rajarata University of Sri Lanka,GALLE,1.2356,value,11,24,1.2356
COP2324-238,,INFORMATION COMMUNICATION TECHNOLOGY,Rajarata University of Sri Lanka,MATARA,1.4463,value,11,24,1.4463
COP2324-238,,INFORMATION COMMUNICATION TECHNOLOGY,Rajarata University of Sri Lanka,HAMBANTOTA,1.2660,value,11,24,1.2660
COP2324-238,,INFORMATION COMMUNICATION TECHNOLOGY,Rajarata University of Sri Lanka,JAFFNA,1.5584,value,11,24,1.5584
COP2324-238,,INFORMATION COMMUNICATION TECHNOLOGY,Rajarata University of Sri Lanka,KILINOCHCHI,,NQC,11,24,NQC
COP2324-238,,INFORMATION COMMUNICATION TECHNOLOGY,Rajarata University of Sri Lanka,MANNAR,,NQC,11,24,NQC
COP2324-238,,INFORMATION COMMUNICATION TECHNOLOGY,Rajarata University of Sri Lanka,MULLAITIVU,,NQC,11,24,NQC
COP2324-238,,INFORMATION COMMUNICATION TECHNOLOGY,Rajarata University of Sri Lanka,VAVUNIYA,1.2256,value,11,24,1.2256
COP2324-238,,INFORMATION COMMUNICATION TECHNOLOGY,Rajarata University of Sri Lanka,TRINCOMALEE,1.2273,value,11,24,1.2273
COP2324-238,,INFORMATION COMMUNICATION TECHNOLOGY,Rajarata University of Sri Lanka,BATTICALOA,1.2717,value,11,24,1.2717
COP2324-238,,INFORMATION COMMUNICATION TECHNOLOGY,Rajarata University of Sri Lanka,AMPARA,1.2612,value,11,24,1.2612
COP2324-238,,INFORMATION COMMUNICATION TECHNOLOGY,Rajarata University of Sri Lanka,PUTTALAM,1.2749,value,11,24,1.2749
COP2324-238,,INFORMATION COMMUNICATION TECHNOLOGY,Rajarata University of Sri Lanka,KURUNEGALA,1.2186,value,11,24,1.2186
COP2324-238,,INFORMATION COMMUNICATION TECHNOLOGY,Rajarata University of Sri Lanka,ANURADHAPURA,1.5100,value,11,24,1.5100
COP2324-238,,INFORMATION COMMUNICATION TECHNOLOGY,Rajarata University of Sri Lanka,POLONNARUWA,1.2530,value,11,24,1.2530
COP2324-238,,INFORMATION COMMUNICATION TECHNOLOGY,Rajarata University of Sri Lanka,BADULLA,1.2472,value,11,24,1.2472
COP2324-238,,INFORMATION COMMUNICATION TECHNOLOGY,Rajarata University of Sri Lanka,MONARAGALA,1.2466,value,11,24,1.2466
COP2324-238,,INFORMATION COMMUNICATION TECHNOLOGY,Rajarata University of Sri Lanka,KEGALLE,1.2347,value,11,24,1.2347
COP2324-238,,INFORMATION COMMUNICATION TECHNOLOGY,Rajarata University of Sri Lanka,RATNAPURA,1.2268,value,11,24,1.2268
COP2324-239,,INFORMATION COMMUNICATION TECHNOLOGY,"University of Vavuniya, Sri Lanka",COLOMBO,0.9637,value,11,25,0.9637
COP2324-239,,INFORMATION COMMUNICATION TECHNOLOGY,"University of Vavuniya, Sri Lanka",GAMPAHA,0.9778,value,11,25,0.9778
COP2324-239,,INFORMATION COMMUNICATION TECHNOLOGY,"University of Vavuniya, Sri Lanka",KALUTARA,1.0677,value,11,25,1.0677
COP2324-239,,INFORMATION COMMUNICATION TECHNOLOGY,"University of Vavuniya, Sri Lanka",MATALE,,NQC,11,25,NQC
COP2324-239,,INFORMATION COMMUNICATION TECHNOLOGY,"University of Vavuniya, Sri Lanka",KANDY,1.0170,value,11,25,1.0170
COP2324-239,,INFORMATION COMMUNICATION TECHNOLOGY,"University of Vavuniya, Sri Lanka",NUWARA ELIYA,0.8996,value,11,25,0.8996
COP2324-239,,INFORMATION COMMUNICATION TECHNOLOGY,"University of Vavuniya, Sri Lanka",GALLE,,NQC,11,25,NQC
COP2324-239,,INFORMATION COMMUNICATION TECHNOLOGY,"University of Vavuniya, Sri Lanka",MATARA,,NQC,11,25,NQC
COP2324-239,,INFORMATION COMMUNICATION TECHNOLOGY,"University of Vavuniya, Sri Lanka",HAMBANTOTA,,NQC,11,25,NQC
COP2324-239,,INFORMATION COMMUNICATION TECHNOLOGY,"University of Vavuniya, Sri Lanka",JAFFNA,0.9293,value,11,25,0.9293
COP2324-239,,INFORMATION COMMUNICATION TECHNOLOGY,"University of Vavuniya, Sri Lanka",KILINOCHCHI,0.3051,value,11,25,0.3051
COP2324-239,,INFORMATION COMMUNICATION TECHNOLOGY,"University of Vavuniya, Sri Lanka",MANNAR,0.1618,value,11,25,0.1618
COP2324-239,,INFORMATION COMMUNICATION TECHNOLOGY,"University of Vavuniya, Sri Lanka",MULLAITIVU,-0.2483,value,11,25,-0.2483
COP2324-239,,INFORMATION COMMUNICATION TECHNOLOGY,"University of Vavuniya, Sri Lanka",VAVUNIYA,0.7589,value,11,25,0.7589
COP2324-239,,INFORMATION COMMUNICATION TECHNOLOGY,"University of Vavuniya, Sri Lanka",TRINCOMALEE,0.5353,value,11,25,0.5353
COP2324-239,,INFORMATION COMMUNICATION TECHNOLOGY,"University of Vavuniya, Sri Lanka",BATTICALOA,0.8463,value,11,25,0.8463
COP2324-239,,INFORMATION COMMUNICATION TECHNOLOGY,"University of Vavuniya, Sri Lanka",AMPARA,0.7152,value,11,25,0.7152
COP2324-239,,INFORMATION COMMUNICATION TECHNOLOGY,"University of Vavuniya, Sri Lanka",PUTTALAM,0.6517,value,11,25,0.6517
COP2324-239,,INFORMATION COMMUNICATION TECHNOLOGY,"University of Vavuniya, Sri Lanka",KURUNEGALA,1.0562,value,11,25,1.0562
COP2324-239,,INFORMATION COMMUNICATION TECHNOLOGY,"University of Vavuniya, Sri Lanka",ANURADHAPURA,0.9551,value,11,25,0.9551
COP2324-239,,INFORMATION COMMUNICATION TECHNOLOGY,"University of Vavuniya, Sri Lanka",POLONNARUWA,1.0041,value,11,25,1.0041
COP2324-239,,INFORMATION COMMUNICATION TECHNOLOGY,"University of Vavuniya, Sri Lanka",BADULLA,1.0304,value,11,25,1.0304
COP2324-239,,INFORMATION COMMUNICATION TECHNOLOGY,"University of Vavuniya, Sri Lanka",MONARAGALA,0.9962,value,11,25,0.9962
COP2324-239,,INFORMATION COMMUNICATION TECHNOLOGY,"University of Vavuniya, Sri Lanka",KEGALLE,1.0862,value,11,25,1.0862
COP2324-239,,INFORMATION COMMUNICATION TECHNOLOGY,"University of Vavuniya, Sri Lanka",RATNAPURA,1.1090,value,11,25,1.1090
COP2324-240,,INFORMATION COMMUNICATION TECHNOLOGY,Uva Wellassa University of Sri Lanka,COLOMBO,1.3581,value,11,26,1.3581
COP2324-240,,INFORMATION COMMUNICATION TECHNOLOGY,Uva Wellassa University of Sri Lanka,GAMPAHA,1.3656,value,11,26,1.3656
COP2324-240,,INFORMATION COMMUNICATION TECHNOLOGY,Uva Wellassa University of Sri Lanka,KALUTARA,1.3522,value,11,26,1.3522
COP2324-240,,INFORMATION COMMUNICATION TECHNOLOGY,Uva Wellassa University of Sri Lanka,MATALE,1.4159,value,11,26,1.4159
COP2324-240,,INFORMATION COMMUNICATION TECHNOLOGY,Uva Wellassa University of Sri Lanka,KANDY,1.5425,value,11,26,1.5425
COP2324-240,,INFORMATION COMMUNICATION TECHNOLOGY,Uva Wellassa University of Sri Lanka,NUWARA ELIYA,1.3903,value,11,26,1.3903
COP2324-240,,INFORMATION COMMUNICATION TECHNOLOGY,Uva Wellassa University of Sri Lanka,GALLE,1.3753,value,11,26,1.3753
COP2324-240,,INFORMATION COMMUNICATION TECHNOLOGY,Uva Wellassa University of Sri Lanka,MATARA,1.3522,value,11,26,1.3522
COP2324-240,,INFORMATION COMMUNICATION TECHNOLOGY,Uva Wellassa University of Sri Lanka,HAMBANTOTA,1.3602,value,11,26,1.3602
COP2324-240,,INFORMATION COMMUNICATION TECHNOLOGY,Uva Wellassa University of Sri Lanka,JAFFNA,1.3855,value,11,26,1.3855
COP2324-240,,INFORMATION COMMUNICATION TECHNOLOGY,Uva Wellassa University of Sri Lanka,KILINOCHCHI,,NQC,11,26,NQC
COP2324-240,,INFORMATION COMMUNICATION TECHNOLOGY,Uva Wellassa University of Sri Lanka,MANNAR,,NQC,11,26,NQC
COP2324-240,,INFORMATION COMMUNICATION TECHNOLOGY,Uva Wellassa University of Sri Lanka,MULLAITIVU,,NQC,11,26,NQC
COP2324-240,,INFORMATION COMMUNICATION TECHNOLOGY,Uva Wellassa University of Sri Lanka,VAVUNIYA,,NQC,11,26,NQC
COP2324-240,,INFORMATION COMMUNICATION TECHNOLOGY,Uva Wellassa University of Sri Lanka,TRINCOMALEE,,NQC,11,26,NQC
COP2324-240,,INFORMATION COMMUNICATION TECHNOLOGY,Uva Wellassa University of Sri Lanka,BATTICALOA,1.3741,value,11,26,1.3741
COP2324-240,,INFORMATION COMMUNICATION TECHNOLOGY,Uva Wellassa University of Sri Lanka,AMPARA,1.5076,value,11,26,1.5076
COP2324-240,,INFORMATION COMMUNICATION TECHNOLOGY,Uva Wellassa University of Sri Lanka,PUTTALAM,1.4336,value,11,26,1.4336
COP2324-240,,INFORMATION COMMUNICATION TECHNOLOGY,Uva Wellassa University of Sri Lanka,KURUNEGALA,1.4971,value,11,26,1.4971
COP2324-240,,INFORMATION COMMUNICATION TECHNOLOGY,Uva Wellassa University of Sri Lanka,ANURADHAPURA,1.3786,value,11,26,1.3786
COP2324-240,,INFORMATION COMMUNICATION TECHNOLOGY,Uva Wellassa University of Sri Lanka,POLONNARUWA,1.3522,value,11,26,1.3522
COP2324-240,,INFORMATION COMMUNICATION TECHNOLOGY,Uva Wellassa University of Sri Lanka,BADULLA,1.5651,value,11,26,1.5651
COP2324-240,,INFORMATION COMMUNICATION TECHNOLOGY,Uva Wellassa University of Sri Lanka,MONARAGALA,1.3738,value,11,26,1.3738
COP2324-240,,INFORMATION COMMUNICATION TECHNOLOGY,Uva Wellassa University of Sri Lanka,KEGALLE,1.4641,value,11,26,1.4641
COP2324-240,,INFORMATION COMMUNICATION TECHNOLOGY,Uva Wellassa University of Sri Lanka,RATNAPURA,1.3601,value,11,26,1.3601
COP2324-241,,PHYSICAL SCIENCE -ICT,University of Sri Jayewardenepura,COLOMBO,1.0920,value,12,1,1.0920
COP2324-241,,PHYSICAL SCIENCE -ICT,University of Sri Jayewardenepura,GAMPAHA,1.0918,value,12,1,1.0918
COP2324-241,,PHYSICAL SCIENCE -ICT,University of Sri Jayewardenepura,KALUTARA,1.0535,value,12,1,1.0535
COP2324-241,,PHYSICAL SCIENCE -ICT,University of Sri Jayewardenepura,MATALE,1.1920,value,12,1,1.1920
COP2324-241,,PHYSICAL SCIENCE -ICT,University of Sri Jayewardenepura,KANDY,1.0624,value,12,1,1.0624
COP2324-241,,PHYSICAL SCIENCE -ICT,University of Sri Jayewardenepura,NUWARA ELIYA,,NQC,12,1,NQC
COP2324-241,,PHYSICAL SCIENCE -ICT,University of Sri Jayewardenepura,GALLE,1.0973,value,12,1,1.0973
COP2324-241,,PHYSICAL SCIENCE -ICT,University of Sri Jayewardenepura,MATARA,1.0920,value,12,1,1.0920
COP2324-241,,PHYSICAL SCIENCE -ICT,University of Sri Jayewardenepura,HAMBANTOTA,,NQC,12,1,NQC
COP2324-241,,PHYSICAL SCIENCE -ICT,University of Sri Jayewardenepura,JAFFNA,1.2117,value,12,1,1.2117
COP2324-241,,PHYSICAL SCIENCE -ICT,University of Sri Jayewardenepura,KILINOCHCHI,,NQC,12,1,NQC
COP2324-241,,PHYSICAL SCIENCE -ICT,University of Sri Jayewardenepura,MANNAR,,NQC,12,1,NQC
COP2324-241,,PHYSICAL SCIENCE -ICT,University of Sri Jayewardenepura,MULLAITIVU,,NQC,12,1,NQC
COP2324-241,,PHYSICAL SCIENCE -ICT,University of Sri Jayewardenepura,VAVUNIYA,,NQC,12,1,NQC
COP2324-241,,PHYSICAL SCIENCE -ICT,University of Sri Jayewardenepura,TRINCOMALEE,,NQC,12,1,NQC
COP2324-241,,PHYSICAL SCIENCE -ICT,University of Sri Jayewardenepura,BATTICALOA,,NQC,12,1,NQC
COP2324-241,,PHYSICAL SCIENCE -ICT,University of Sri Jayewardenepura,AMPARA,,NQC,12,1,NQC
COP2324-241,,PHYSICAL SCIENCE -ICT,University of Sri Jayewardenepura,PUTTALAM,,NQC,12,1,NQC
COP2324-241,,PHYSICAL SCIENCE -ICT,University of Sri Jayewardenepura,KURUNEGALA,1.0703,value,12,1,1.0703
COP2324-241,,PHYSICAL SCIENCE -ICT,University of Sri Jayewardenepura,ANURADHAPURA,,NQC,12,1,NQC
COP2324-241,,PHYSICAL SCIENCE -ICT,University of Sri Jayewardenepura,POLONNARUWA,,NQC,12,1,NQC
COP2324-241,,PHYSICAL SCIENCE -ICT,University of Sri Jayewardenepura,BADULLA,1.0865,value,12,1,1.0865
COP2324-241,,PHYSICAL SCIENCE -ICT,University of Sri Jayewardenepura,MONARAGALA,,NQC,12,1,NQC
COP2324-241,,PHYSICAL SCIENCE -ICT,University of Sri Jayewardenepura,KEGALLE,1.1810,value,12,1,1.1810
COP2324-241,,PHYSICAL SCIENCE -ICT,University of Sri Jayewardenepura,RATNAPURA,1.0609,value,12,1,1.0609
COP2324-242,,PHYSICAL SCIENCE -ICT,University of Kelaniya,COLOMBO,1.1544,value,12,2,1.1544
COP2324-242,,PHYSICAL SCIENCE -ICT,University of Kelaniya,GAMPAHA,1.0424,value,12,2,1.0424
COP2324-242,,PHYSICAL SCIENCE -ICT,University of Kelaniya,KALUTARA,1.1503,value,12,2,1.1503
COP2324-242,,PHYSICAL SCIENCE -ICT,University of Kelaniya,MATALE,0.6002,value,12,2,0.6002
COP2324-242,,PHYSICAL SCIENCE -ICT,University of Kelaniya,KANDY,0.9336,value,12,2,0.9336
COP2324-242,,PHYSICAL SCIENCE -ICT,University of Kelaniya,NUWARA ELIYA,0.4934,value,12,2,0.4934
COP2324-242,,PHYSICAL SCIENCE -ICT,University of Kelaniya,GALLE,1.0021,value,12,2,1.0021
COP2324-242,,PHYSICAL SCIENCE -ICT,University of Kelaniya,MATARA,1.1239,value,12,2,1.1239
COP2324-242,,PHYSICAL SCIENCE -ICT,University of Kelaniya,HAMBANTOTA,0.9505,value,12,2,0.9505
COP2324-242,,PHYSICAL SCIENCE -ICT,University of Kelaniya,JAFFNA,1.0260,value,12,2,1.0260
COP2324-242,,PHYSICAL SCIENCE -ICT,University of Kelaniya,KILINOCHCHI,0.4243,value,12,2,0.4243
COP2324-242,,PHYSICAL SCIENCE -ICT,University of Kelaniya,MANNAR,0.2396,value,12,2,0.2396
COP2324-242,,PHYSICAL SCIENCE -ICT,University of Kelaniya,MULLAITIVU,0.3461,value,12,2,0.3461
COP2324-242,,PHYSICAL SCIENCE -ICT,University of Kelaniya,VAVUNIYA,0.5267,value,12,2,0.5267
COP2324-242,,PHYSICAL SCIENCE -ICT,University of Kelaniya,TRINCOMALEE,0.4538,value,12,2,0.4538
COP2324-242,,PHYSICAL SCIENCE -ICT,University of Kelaniya,BATTICALOA,0.8100,value,12,2,0.8100
COP2324-242,,PHYSICAL SCIENCE -ICT,University of Kelaniya,AMPARA,0.4982,value,12,2,0.4982
COP2324-242,,PHYSICAL SCIENCE -ICT,University of Kelaniya,PUTTALAM,0.4779,value,12,2,0.4779
COP2324-242,,PHYSICAL SCIENCE -ICT,University of Kelaniya,KURUNEGALA,0.9741,value,12,2,0.9741
COP2324-242,,PHYSICAL SCIENCE -ICT,University of Kelaniya,ANURADHAPURA,0.7510,value,12,2,0.7510
COP2324-242,,PHYSICAL SCIENCE -ICT,University of Kelaniya,POLONNARUWA,0.6375,value,12,2,0.6375
COP2324-242,,PHYSICAL SCIENCE -ICT,University of Kelaniya,BADULLA,1.0045,value,12,2,1.0045
COP2324-242,,PHYSICAL SCIENCE -ICT,University of Kelaniya,MONARAGALA,0.7751,value,12,2,0.7751
COP2324-242,,PHYSICAL SCIENCE -ICT,University of Kelaniya,KEGALLE,0.9836,value,12,2,0.9836
COP2324-242,,PHYSICAL SCIENCE -ICT,University of Kelaniya,RATNAPURA,1.0123,value,12,2,1.0123
COP2324-243,,TRANSLATION STUDIES,University of Kelaniya,COLOMBO,,NQC,12,3,NQC
COP2324-243,,TRANSLATION STUDIES,University of Kelaniya,GAMPAHA,1.5128,value,12,3,1.5128
COP2324-243,,TRANSLATION STUDIES,University of Kelaniya,KALUTARA,,NQC,12,3,NQC
COP2324-243,,TRANSLATION STUDIES,University of Kelaniya,MATALE,,NQC,12,3,NQC
COP2324-243,,TRANSLATION STUDIES,University of Kelaniya,KANDY,1.4037,value,12,3,1.4037
COP2324-243,,TRANSLATION STUDIES,University of Kelaniya,NUWARA ELIYA,1.4601,value,12,3,1.4601
COP2324-243,,TRANSLATION STUDIES,University of Kelaniya,GALLE,1.4021,value,12,3,1.4021
COP2324-243,,TRANSLATION STUDIES,University of Kelaniya,MATARA,1.4014,value,12,3,1.4014
COP2324-243,,TRANSLATION STUDIES,University of Kelaniya,HAMBANTOTA,1.4951,value,12,3,1.4951
COP2324-243,,TRANSLATION STUDIES,University of Kelaniya,JAFFNA,,NQC,12,3,NQC
COP2324-243,,TRANSLATION STUDIES,University of Kelaniya,KILINOCHCHI,,NQC,12,3,NQC
COP2324-243,,TRANSLATION STUDIES,University of Kelaniya,MANNAR,,NQC,12,3,NQC
COP2324-243,,TRANSLATION STUDIES,University of Kelaniya,MULLAITIVU,,NQC,12,3,NQC
COP2324-243,,TRANSLATION STUDIES,University of Kelaniya,VAVUNIYA,,NQC,12,3,NQC
COP2324-243,,TRANSLATION STUDIES,University of Kelaniya,TRINCOMALEE,,NQC,12,3,NQC
COP2324-243,,TRANSLATION STUDIES,University of Kelaniya,BATTICALOA,,NQC,12,3,NQC
COP2324-243,,TRANSLATION STUDIES,University of Kelaniya,AMPARA,,NQC,12,3,NQC
COP2324-243,,TRANSLATION STUDIES,University of Kelaniya,PUTTALAM,1.4767,value,12,3,1.4767
COP2324-243,,TRANSLATION STUDIES,University of Kelaniya,KURUNEGALA,1.4118,value,12,3,1.4118
COP2324-243,,TRANSLATION STUDIES,University of Kelaniya,ANURADHAPURA,1.5360,value,12,3,1.5360
COP2324-243,,TRANSLATION STUDIES,University of Kelaniya,POLONNARUWA,1.4565,value,12,3,1.4565
COP2324-243,,TRANSLATION STUDIES,University of Kelaniya,BADULLA,,NQC,12,3,NQC
COP2324-243,,TRANSLATION STUDIES,University of Kelaniya,MONARAGALA,1.6336,value,12,3,1.6336
COP2324-243,,TRANSLATION STUDIES,University of Kelaniya,KEGALLE,,NQC,12,3,NQC
COP2324-243,,TRANSLATION STUDIES,University of Kelaniya,RATNAPURA,1.5157,value,12,3,1.5157
COP2324-244,,TRANSLATION STUDIES,University of Jaffna,COLOMBO,1.1516,value,12,4,1.1516
COP2324-244,,TRANSLATION STUDIES,University of Jaffna,GAMPAHA,,NQC,12,4,NQC
COP2324-244,,TRANSLATION STUDIES,University of Jaffna,KALUTARA,,NQC,12,4,NQC
COP2324-244,,TRANSLATION STUDIES,University of Jaffna,MATALE,1.1181,value,12,4,1.1181
COP2324-244,,TRANSLATION STUDIES,University of Jaffna,KANDY,1.3034,value,12,4,1.3034
COP2324-244,,TRANSLATION STUDIES,University of Jaffna,NUWARA ELIYA,1.1087,value,12,4,1.1087
COP2324-244,,TRANSLATION STUDIES,University of Jaffna,GALLE,,NQC,12,4,NQC
COP2324-244,,TRANSLATION STUDIES,University of Jaffna,MATARA,,NQC,12,4,NQC
COP2324-244,,TRANSLATION STUDIES,University of Jaffna,HAMBANTOTA,,NQC,12,4,NQC
COP2324-244,,TRANSLATION STUDIES,University of Jaffna,JAFFNA,1.2036,value,12,4,1.2036
COP2324-244,,TRANSLATION STUDIES,University of Jaffna,KILINOCHCHI,,NQC,12,4,NQC
COP2324-244,,TRANSLATION STUDIES,University of Jaffna,MANNAR,1.0799,value,12,4,1.0799
COP2324-244,,TRANSLATION STUDIES,University of Jaffna,MULLAITIVU,,NQC,12,4,NQC
COP2324-244,,TRANSLATION STUDIES,University of Jaffna,VAVUNIYA,1.1103,value,12,4,1.1103
COP2324-244,,TRANSLATION STUDIES,University of Jaffna,TRINCOMALEE,1.3013,value,12,4,1.3013
COP2324-244,,TRANSLATION STUDIES,University of Jaffna,BATTICALOA,1.2137,value,12,4,1.2137
COP2324-244,,TRANSLATION STUDIES,University of Jaffna,AMPARA,1.5075,value,12,4,1.5075
COP2324-244,,TRANSLATION STUDIES,University of Jaffna,PUTTALAM,1.1629,value,12,4,1.1629
COP2324-244,,TRANSLATION STUDIES,University of Jaffna,KURUNEGALA,1.0503,value,12,4,1.0503
COP2324-244,,TRANSLATION STUDIES,University of Jaffna,ANURADHAPURA,1.1076,value,12,4,1.1076
COP2324-244,,TRANSLATION STUDIES,University of Jaffna,POLONNARUWA,1.0289,value,12,4,1.0289
COP2324-244,,TRANSLATION STUDIES,University of Jaffna,BADULLA,1.0498,value,12,4,1.0498
COP2324-244,,TRANSLATION STUDIES,University of Jaffna,MONARAGALA,,NQC,12,4,NQC
COP2324-244,,TRANSLATION STUDIES,University of Jaffna,KEGALLE,,NQC,12,4,NQC
COP2324-244,,TRANSLATION STUDIES,University of Jaffna,RATNAPURA,1.1856,value,12,4,1.1856
COP2324-245,,TRANSLATION STUDIES,"Eastern University, Sri Lanka",COLOMBO,1.0160,value,12,5,1.0160
COP2324-245,,TRANSLATION STUDIES,"Eastern University, Sri Lanka",GAMPAHA,0.8197,value,12,5,0.8197
COP2324-245,,TRANSLATION STUDIES,"Eastern University, Sri Lanka",KALUTARA,0.9550,value,12,5,0.9550
COP2324-245,,TRANSLATION STUDIES,"Eastern University, Sri Lanka",MATALE,,NQC,12,5,NQC
COP2324-245,,TRANSLATION STUDIES,"Eastern University, Sri Lanka",KANDY,1.1854,value,12,5,1.1854
COP2324-245,,TRANSLATION STUDIES,"Eastern University, Sri Lanka",NUWARA ELIYA,1.4391,value,12,5,1.4391
COP2324-245,,TRANSLATION STUDIES,"Eastern University, Sri Lanka",GALLE,0.9682,value,12,5,0.9682
COP2324-245,,TRANSLATION STUDIES,"Eastern University, Sri Lanka",MATARA,0.3517,value,12,5,0.3517
COP2324-245,,TRANSLATION STUDIES,"Eastern University, Sri Lanka",HAMBANTOTA,1.1067,value,12,5,1.1067
COP2324-245,,TRANSLATION STUDIES,"Eastern University, Sri Lanka",JAFFNA,,NQC,12,5,NQC
COP2324-245,,TRANSLATION STUDIES,"Eastern University, Sri Lanka",KILINOCHCHI,0.9899,value,12,5,0.9899
COP2324-245,,TRANSLATION STUDIES,"Eastern University, Sri Lanka",MANNAR,,NQC,12,5,NQC
COP2324-245,,TRANSLATION STUDIES,"Eastern University, Sri Lanka",MULLAITIVU,1.0310,value,12,5,1.0310
COP2324-245,,TRANSLATION STUDIES,"Eastern University, Sri Lanka",VAVUNIYA,,NQC,12,5,NQC
COP2324-245,,TRANSLATION STUDIES,"Eastern University, Sri Lanka",TRINCOMALEE,1.1308,value,12,5,1.1308
COP2324-245,,TRANSLATION STUDIES,"Eastern University, Sri Lanka",BATTICALOA,,NQC,12,5,NQC
COP2324-245,,TRANSLATION STUDIES,"Eastern University, Sri Lanka",AMPARA,1.1124,value,12,5,1.1124
COP2324-245,,TRANSLATION STUDIES,"Eastern University, Sri Lanka",PUTTALAM,,NQC,12,5,NQC
COP2324-245,,TRANSLATION STUDIES,"Eastern University, Sri Lanka",KURUNEGALA,,NQC,12,5,NQC
COP2324-245,,TRANSLATION STUDIES,"Eastern University, Sri Lanka",ANURADHAPURA,1.0243,value,12,5,1.0243
COP2324-245,,TRANSLATION STUDIES,"Eastern University, Sri Lanka",POLONNARUWA,,NQC,12,5,NQC
COP2324-245,,TRANSLATION STUDIES,"Eastern University, Sri Lanka",BADULLA,,NQC,12,5,NQC
COP2324-245,,TRANSLATION STUDIES,"Eastern University, Sri Lanka",MONARAGALA,1.1976,value,12,5,1.1976
COP2324-245,,TRANSLATION STUDIES,"Eastern University, Sri Lanka",KEGALLE,1.1400,value,12,5,1.1400
COP2324-245,,TRANSLATION STUDIES,"Eastern University, Sri Lanka",RATNAPURA,1.1277,value,12,5,1.1277
COP2324-246,,TRANSLATION STUDIES,Sabaragamuwa University of Sri Lanka,COLOMBO,1.2860,value,12,6,1.2860
COP2324-246,,TRANSLATION STUDIES,Sabaragamuwa University of Sri Lanka,GAMPAHA,1.2578,value,12,6,1.2578
COP2324-246,,TRANSLATION STUDIES,Sabaragamuwa University of Sri Lanka,KALUTARA,1.2672,value,12,6,1.2672
COP2324-246,,TRANSLATION STUDIES,Sabaragamuwa University of Sri Lanka,MATALE,1.2989,value,12,6,1.2989
COP2324-246,,TRANSLATION STUDIES,Sabaragamuwa University of Sri Lanka,KANDY,1.3508,value,12,6,1.3508
COP2324-246,,TRANSLATION STUDIES,Sabaragamuwa University of Sri Lanka,NUWARA ELIYA,1.0746,value,12,6,1.0746
COP2324-246,,TRANSLATION STUDIES,Sabaragamuwa University of Sri Lanka,GALLE,1.3875,value,12,6,1.3875
COP2324-246,,TRANSLATION STUDIES,Sabaragamuwa University of Sri Lanka,MATARA,,NQC,12,6,NQC
COP2324-246,,TRANSLATION STUDIES,Sabaragamuwa University of Sri Lanka,HAMBANTOTA,1.3316,value,12,6,1.3316
COP2324-246,,TRANSLATION STUDIES,Sabaragamuwa University of Sri Lanka,JAFFNA,,NQC,12,6,NQC
COP2324-246,,TRANSLATION STUDIES,Sabaragamuwa University of Sri Lanka,KILINOCHCHI,,NQC,12,6,NQC
COP2324-246,,TRANSLATION STUDIES,Sabaragamuwa University of Sri Lanka,MANNAR,,NQC,12,6,NQC
COP2324-246,,TRANSLATION STUDIES,Sabaragamuwa University of Sri Lanka,MULLAITIVU,1.3258,value,12,6,1.3258
COP2324-246,,TRANSLATION STUDIES,Sabaragamuwa University of Sri Lanka,VAVUNIYA,,NQC,12,6,NQC
COP2324-246,,TRANSLATION STUDIES,Sabaragamuwa University of Sri Lanka,TRINCOMALEE,1.1157,value,12,6,1.1157
COP2324-246,,TRANSLATION STUDIES,Sabaragamuwa University of Sri Lanka,BATTICALOA,,NQC,12,6,NQC
COP2324-246,,TRANSLATION STUDIES,Sabaragamuwa University of Sri Lanka,AMPARA,1.2746,value,12,6,1.2746
COP2324-246,,TRANSLATION STUDIES,Sabaragamuwa University of Sri Lanka,PUTTALAM,1.2237,value,12,6,1.2237
COP2324-246,,TRANSLATION STUDIES,Sabaragamuwa University of Sri Lanka,KURUNEGALA,1.2973,value,12,6,1.2973
COP2324-246,,TRANSLATION STUDIES,Sabaragamuwa University of Sri Lanka,ANURADHAPURA,1.3101,value,12,6,1.3101
COP2324-246,,TRANSLATION STUDIES,Sabaragamuwa University of Sri Lanka,POLONNARUWA,1.3380,value,12,6,1.3380
COP2324-246,,TRANSLATION STUDIES,Sabaragamuwa University of Sri Lanka,BADULLA,1.1708,value,12,6,1.1708
COP2324-246,,TRANSLATION STUDIES,Sabaragamuwa University of Sri Lanka,MONARAGALA,1.2888,value,12,6,1.2888
COP2324-246,,TRANSLATION STUDIES,Sabaragamuwa University of Sri Lanka,KEGALLE,1.3612,value,12,6,1.3612
COP2324-246,,TRANSLATION STUDIES,Sabaragamuwa University of Sri Lanka,RATNAPURA,1.2957,value,12,6,1.2957
COP2324-247,,FILM & TELEVISION STUDIES,University of Kelaniya,COLOMBO,1.1474,value,12,7,1.1474
COP2324-247,,FILM & TELEVISION STUDIES,University of Kelaniya,GAMPAHA,1.0198,value,12,7,1.0198
COP2324-247,,FILM & TELEVISION STUDIES,University of Kelaniya,KALUTARA,1.0440,value,12,7,1.0440
COP2324-247,,FILM & TELEVISION STUDIES,University of Kelaniya,MATALE,0.6663,value,12,7,0.6663
COP2324-247,,FILM & TELEVISION STUDIES,University of Kelaniya,KANDY,1.1513,value,12,7,1.1513
COP2324-247,,FILM & TELEVISION STUDIES,University of Kelaniya,NUWARA ELIYA,0.8950,value,12,7,0.8950
COP2324-247,,FILM & TELEVISION STUDIES,University of Kelaniya,GALLE,1.1393,value,12,7,1.1393
COP2324-247,,FILM & TELEVISION STUDIES,University of Kelaniya,MATARA,1.1901,value,12,7,1.1901
COP2324-247,,FILM & TELEVISION STUDIES,University of Kelaniya,HAMBANTOTA,0.8968,value,12,7,0.8968
COP2324-247,,FILM & TELEVISION STUDIES,University of Kelaniya,JAFFNA,,NQC,12,7,NQC
COP2324-247,,FILM & TELEVISION STUDIES,University of Kelaniya,KILINOCHCHI,,NQC,12,7,NQC
COP2324-247,,FILM & TELEVISION STUDIES,University of Kelaniya,MANNAR,,NQC,12,7,NQC
COP2324-247,,FILM & TELEVISION STUDIES,University of Kelaniya,MULLAITIVU,,NQC,12,7,NQC
COP2324-247,,FILM & TELEVISION STUDIES,University of Kelaniya,VAVUNIYA,,NQC,12,7,NQC
COP2324-247,,FILM & TELEVISION STUDIES,University of Kelaniya,TRINCOMALEE,0.5969,value,12,7,0.5969
COP2324-247,,FILM & TELEVISION STUDIES,University of Kelaniya,BATTICALOA,,NQC,12,7,NQC
COP2324-247,,FILM & TELEVISION STUDIES,University of Kelaniya,AMPARA,0.2708,value,12,7,0.2708
COP2324-247,,FILM & TELEVISION STUDIES,University of Kelaniya,PUTTALAM,0.9126,value,12,7,0.9126
COP2324-247,,FILM & TELEVISION STUDIES,University of Kelaniya,KURUNEGALA,1.1710,value,12,7,1.1710
COP2324-247,,FILM & TELEVISION STUDIES,University of Kelaniya,ANURADHAPURA,0.9341,value,12,7,0.9341
COP2324-247,,FILM & TELEVISION STUDIES,University of Kelaniya,POLONNARUWA,,NQC,12,7,NQC
COP2324-247,,FILM & TELEVISION STUDIES,University of Kelaniya,BADULLA,1.1867,value,12,7,1.1867
COP2324-247,,FILM & TELEVISION STUDIES,University of Kelaniya,MONARAGALA,0.8782,value,12,7,0.8782
COP2324-247,,FILM & TELEVISION STUDIES,University of Kelaniya,KEGALLE,1.0960,value,12,7,1.0960
COP2324-247,,FILM & TELEVISION STUDIES,University of Kelaniya,RATNAPURA,1.1671,value,12,7,1.1671
COP2324-248,,PROJECT MANAGEMENT,"University of Vavuniya, Sri Lanka",COLOMBO,1.2241,value,12,8,1.2241
COP2324-248,,PROJECT MANAGEMENT,"University of Vavuniya, Sri Lanka",GAMPAHA,1.2145,value,12,8,1.2145
COP2324-248,,PROJECT MANAGEMENT,"University of Vavuniya, Sri Lanka",KALUTARA,1.2480,value,12,8,1.2480
COP2324-248,,PROJECT MANAGEMENT,"University of Vavuniya, Sri Lanka",MATALE,1.2274,value,12,8,1.2274
COP2324-248,,PROJECT MANAGEMENT,"University of Vavuniya, Sri Lanka",KANDY,1.2642,value,12,8,1.2642
COP2324-248,,PROJECT MANAGEMENT,"University of Vavuniya, Sri Lanka",NUWARA ELIYA,1.2021,value,12,8,1.2021
COP2324-248,,PROJECT MANAGEMENT,"University of Vavuniya, Sri Lanka",GALLE,1.2433,value,12,8,1.2433
COP2324-248,,PROJECT MANAGEMENT,"University of Vavuniya, Sri Lanka",MATARA,1.2672,value,12,8,1.2672
COP2324-248,,PROJECT MANAGEMENT,"University of Vavuniya, Sri Lanka",HAMBANTOTA,1.2113,value,12,8,1.2113
COP2324-248,,PROJECT MANAGEMENT,"University of Vavuniya, Sri Lanka",JAFFNA,1.1146,value,12,8,1.1146
COP2324-248,,PROJECT MANAGEMENT,"University of Vavuniya, Sri Lanka",KILINOCHCHI,1.0304,value,12,8,1.0304
COP2324-248,,PROJECT MANAGEMENT,"University of Vavuniya, Sri Lanka",MANNAR,0.9625,value,12,8,0.9625
COP2324-248,,PROJECT MANAGEMENT,"University of Vavuniya, Sri Lanka",MULLAITIVU,1.0178,value,12,8,1.0178
COP2324-248,,PROJECT MANAGEMENT,"University of Vavuniya, Sri Lanka",VAVUNIYA,1.0721,value,12,8,1.0721
COP2324-248,,PROJECT MANAGEMENT,"University of Vavuniya, Sri Lanka",TRINCOMALEE,1.2482,value,12,8,1.2482
COP2324-248,,PROJECT MANAGEMENT,"University of Vavuniya, Sri Lanka",BATTICALOA,1.1923,value,12,8,1.1923
COP2324-248,,PROJECT MANAGEMENT,"University of Vavuniya, Sri Lanka",AMPARA,1.2251,value,12,8,1.2251
COP2324-248,,PROJECT MANAGEMENT,"University of Vavuniya, Sri Lanka",PUTTALAM,1.0898,value,12,8,1.0898
COP2324-248,,PROJECT MANAGEMENT,"University of Vavuniya, Sri Lanka",KURUNEGALA,1.2817,value,12,8,1.2817
COP2324-248,,PROJECT MANAGEMENT,"University of Vavuniya, Sri Lanka",ANURADHAPURA,1.2143,value,12,8,1.2143
COP2324-248,,PROJECT MANAGEMENT,"University of Vavuniya, Sri Lanka",POLONNARUWA,1.2073,value,12,8,1.2073
COP2324-248,,PROJECT MANAGEMENT,"University of Vavuniya, Sri Lanka",BADULLA,1.2037,value,12,8,1.2037
COP2324-248,,PROJECT MANAGEMENT,"University of Vavuniya, Sri Lanka",MONARAGALA,1.2055,value,12,8,1.2055
COP2324-248,,PROJECT MANAGEMENT,"University of Vavuniya, Sri Lanka",KEGALLE,1.2618,value,12,8,1.2618
COP2324-248,,PROJECT MANAGEMENT,"University of Vavuniya, Sri Lanka",RATNAPURA,1.2673,value,12,8,1.2673
COP2324-249,,TEACHING ENGLISH AS A SECOND LANGUAGE (TESL),University of Sri Jayewardenepura,COLOMBO,1.0679,value,12,9,1.0679
COP2324-249,,TEACHING ENGLISH AS A SECOND LANGUAGE (TESL),University of Sri Jayewardenepura,GAMPAHA,1.0679,value,12,9,1.0679
COP2324-249,,TEACHING ENGLISH AS A SECOND LANGUAGE (TESL),University of Sri Jayewardenepura,KALUTARA,1.0679,value,12,9,1.0679
COP2324-249,,TEACHING ENGLISH AS A SECOND LANGUAGE (TESL),University of Sri Jayewardenepura,MATALE,1.0679,value,12,9,1.0679
COP2324-249,,TEACHING ENGLISH AS A SECOND LANGUAGE (TESL),University of Sri Jayewardenepura,KANDY,1.0679,value,12,9,1.0679
COP2324-249,,TEACHING ENGLISH AS A SECOND LANGUAGE (TESL),University of Sri Jayewardenepura,NUWARA ELIYA,1.0679,value,12,9,1.0679
COP2324-249,,TEACHING ENGLISH AS A SECOND LANGUAGE (TESL),University of Sri Jayewardenepura,GALLE,1.0679,value,12,9,1.0679
COP2324-249,,TEACHING ENGLISH AS A SECOND LANGUAGE (TESL),University of Sri Jayewardenepura,MATARA,1.0679,value,12,9,1.0679
COP2324-249,,TEACHING ENGLISH AS A SECOND LANGUAGE (TESL),University of Sri Jayewardenepura,HAMBANTOTA,1.0679,value,12,9,1.0679
COP2324-249,,TEACHING ENGLISH AS A SECOND LANGUAGE (TESL),University of Sri Jayewardenepura,JAFFNA,1.0679,value,12,9,1.0679
COP2324-249,,TEACHING ENGLISH AS A SECOND LANGUAGE (TESL),University of Sri Jayewardenepura,KILINOCHCHI,1.0679,value,12,9,1.0679
COP2324-249,,TEACHING ENGLISH AS A SECOND LANGUAGE (TESL),University of Sri Jayewardenepura,MANNAR,1.0679,value,12,9,1.0679
COP2324-249,,TEACHING ENGLISH AS A SECOND LANGUAGE (TESL),University of Sri Jayewardenepura,MULLAITIVU,1.0679,value,12,9,1.0679
COP2324-249,,TEACHING ENGLISH AS A SECOND LANGUAGE (TESL),University of Sri Jayewardenepura,VAVUNIYA,1.0679,value,12,9,1.0679
COP2324-249,,TEACHING ENGLISH AS A SECOND LANGUAGE (TESL),University of Sri Jayewardenepura,TRINCOMALEE,1.0679,value,12,9,1.0679
COP2324-249,,TEACHING ENGLISH AS A SECOND LANGUAGE (TESL),University of Sri Jayewardenepura,BATTICALOA,1.0679,value,12,9,1.0679
COP2324-249,,TEACHING ENGLISH AS A SECOND LANGUAGE (TESL),University of Sri Jayewardenepura,AMPARA,1.0679,value,12,9,1.0679
COP2324-249,,TEACHING ENGLISH AS A SECOND LANGUAGE (TESL),University of Sri Jayewardenepura,PUTTALAM,1.0679,value,12,9,1.0679
COP2324-249,,TEACHING ENGLISH AS A SECOND LANGUAGE (TESL),University of Sri Jayewardenepura,KURUNEGALA,1.0679,value,12,9,1.0679
COP2324-249,,TEACHING ENGLISH AS A SECOND LANGUAGE (TESL),University of Sri Jayewardenepura,ANURADHAPURA,1.0679,value,12,9,1.0679
COP2324-249,,TEACHING ENGLISH AS A SECOND LANGUAGE (TESL),University of Sri Jayewardenepura,POLONNARUWA,1.0679,value,12,9,1.0679
COP2324-249,,TEACHING ENGLISH AS A SECOND LANGUAGE (TESL),University of Sri Jayewardenepura,BADULLA,1.0679,value,12,9,1.0679
COP2324-249,,TEACHING ENGLISH AS A SECOND LANGUAGE (TESL),University of Sri Jayewardenepura,MONARAGALA,1.0679,value,12,9,1.0679
COP2324-249,,TEACHING ENGLISH AS A SECOND LANGUAGE (TESL),University of Sri Jayewardenepura,KEGALLE,1.0679,value,12,9,1.0679
COP2324-249,,TEACHING ENGLISH AS A SECOND LANGUAGE (TESL),University of Sri Jayewardenepura,RATNAPURA,1.0679,value,12,9,1.0679
COP2324-250,,TEACHING ENGLISH AS A SECOND LANGUAGE (TESL),University of Kelaniya,COLOMBO,1.0743,value,12,10,1.0743
COP2324-250,,TEACHING ENGLISH AS A SECOND LANGUAGE (TESL),University of Kelaniya,GAMPAHA,1.0743,value,12,10,1.0743
COP2324-250,,TEACHING ENGLISH AS A SECOND LANGUAGE (TESL),University of Kelaniya,KALUTARA,1.0743,value,12,10,1.0743
COP2324-250,,TEACHING ENGLISH AS A SECOND LANGUAGE (TESL),University of Kelaniya,MATALE,1.0743,value,12,10,1.0743
COP2324-250,,TEACHING ENGLISH AS A SECOND LANGUAGE (TESL),University of Kelaniya,KANDY,1.0743,value,12,10,1.0743
COP2324-250,,TEACHING ENGLISH AS A SECOND LANGUAGE (TESL),University of Kelaniya,NUWARA ELIYA,1.0743,value,12,10,1.0743
COP2324-250,,TEACHING ENGLISH AS A SECOND LANGUAGE (TESL),University of Kelaniya,GALLE,1.0743,value,12,10,1.0743
COP2324-250,,TEACHING ENGLISH AS A SECOND LANGUAGE (TESL),University of Kelaniya,MATARA,1.0743,value,12,10,1.0743
COP2324-250,,TEACHING ENGLISH AS A SECOND LANGUAGE (TESL),University of Kelaniya,HAMBANTOTA,1.0743,value,12,10,1.0743
COP2324-250,,TEACHING ENGLISH AS A SECOND LANGUAGE (TESL),University of Kelaniya,JAFFNA,1.0743,value,12,10,1.0743
COP2324-250,,TEACHING ENGLISH AS A SECOND LANGUAGE (TESL),University of Kelaniya,KILINOCHCHI,1.0743,value,12,10,1.0743
COP2324-250,,TEACHING ENGLISH AS A SECOND LANGUAGE (TESL),University of Kelaniya,MANNAR,1.0743,value,12,10,1.0743
COP2324-250,,TEACHING ENGLISH AS A SECOND LANGUAGE (TESL),University of Kelaniya,MULLAITIVU,1.0743,value,12,10,1.0743
COP2324-250,,TEACHING ENGLISH AS A SECOND LANGUAGE (TESL),University of Kelaniya,VAVUNIYA,1.0743,value,12,10,1.0743
COP2324-250,,TEACHING ENGLISH AS A SECOND LANGUAGE (TESL),University of Kelaniya,TRINCOMALEE,1.0743,value,12,10,1.0743
COP2324-250,,TEACHING ENGLISH AS A SECOND LANGUAGE (TESL),University of Kelaniya,BATTICALOA,1.0743,value,12,10,1.0743
COP2324-250,,TEACHING ENGLISH AS A SECOND LANGUAGE (TESL),University of Kelaniya,AMPARA,1.0743,value,12,10,1.0743
COP2324-250,,TEACHING ENGLISH AS A SECOND LANGUAGE (TESL),University of Kelaniya,PUTTALAM,1.0743,value,12,10,1.0743
COP2324-250,,TEACHING ENGLISH AS A SECOND LANGUAGE (TESL),University of Kelaniya,KURUNEGALA,1.0743,value,12,10,1.0743
COP2324-250,,TEACHING ENGLISH AS A SECOND LANGUAGE (TESL),University of Kelaniya,ANURADHAPURA,1.0743,value,12,10,1.0743
COP2324-250,,TEACHING ENGLISH AS A SECOND LANGUAGE (TESL),University of Kelaniya,POLONNARUWA,1.0743,value,12,10,1.0743
COP2324-250,,TEACHING ENGLISH AS A SECOND LANGUAGE (TESL),University of Kelaniya,BADULLA,1.0743,value,12,10,1.0743
COP2324-250,,TEACHING ENGLISH AS A SECOND LANGUAGE (TESL),University of Kelaniya,MONARAGALA,1.0743,value,12,10,1.0743
COP2324-250,,TEACHING ENGLISH AS A SECOND LANGUAGE (TESL),University of Kelaniya,KEGALLE,1.0743,value,12,10,1.0743
COP2324-250,,TEACHING ENGLISH AS A SECOND LANGUAGE (TESL),University of Kelaniya,RATNAPURA,1.0743,value,12,10,1.0743
COP2324-251,,VISUAL ARTS,University of the Visual & Performing Arts,COLOMBO,0.8146,value,12,11,0.8146
COP2324-251,,VISUAL ARTS,University of the Visual & Performing Arts,GAMPAHA,0.9160,value,12,11,0.9160
COP2324-251,,VISUAL ARTS,University of the Visual & Performing Arts,KALUTARA,0.6850,value,12,11,0.6850
COP2324-251,,VISUAL ARTS,University of the Visual & Performing Arts,MATALE,1.1777,value,12,11,1.1777
COP2324-251,,VISUAL ARTS,University of the Visual & Performing Arts,KANDY,0.5243,value,12,11,0.5243
COP2324-251,,VISUAL ARTS,University of the Visual & Performing Arts,NUWARA ELIYA,,NQC,12,11,NQC
COP2324-251,,VISUAL ARTS,University of the Visual & Performing Arts,GALLE,0.9841,value,12,11,0.9841
COP2324-251,,VISUAL ARTS,University of the Visual & Performing Arts,MATARA,1.2286,value,12,11,1.2286
COP2324-251,,VISUAL ARTS,University of the Visual & Performing Arts,HAMBANTOTA,1.2264,value,12,11,1.2264
COP2324-251,,VISUAL ARTS,University of the Visual & Performing Arts,JAFFNA,,NQC,12,11,NQC
COP2324-251,,VISUAL ARTS,University of the Visual & Performing Arts,KILINOCHCHI,,NQC,12,11,NQC
COP2324-251,,VISUAL ARTS,University of the Visual & Performing Arts,MANNAR,,NQC,12,11,NQC
COP2324-251,,VISUAL ARTS,University of the Visual & Performing Arts,MULLAITIVU,,NQC,12,11,NQC
COP2324-251,,VISUAL ARTS,University of the Visual & Performing Arts,VAVUNIYA,,NQC,12,11,NQC
COP2324-251,,VISUAL ARTS,University of the Visual & Performing Arts,TRINCOMALEE,0.8845,value,12,11,0.8845
COP2324-251,,VISUAL ARTS,University of the Visual & Performing Arts,BATTICALOA,,NQC,12,11,NQC
COP2324-251,,VISUAL ARTS,University of the Visual & Performing Arts,AMPARA,1.2062,value,12,11,1.2062
COP2324-251,,VISUAL ARTS,University of the Visual & Performing Arts,PUTTALAM,0.9601,value,12,11,0.9601
COP2324-251,,VISUAL ARTS,University of the Visual & Performing Arts,KURUNEGALA,0.9627,value,12,11,0.9627
COP2324-251,,VISUAL ARTS,University of the Visual & Performing Arts,ANURADHAPURA,1.1404,value,12,11,1.1404
COP2324-251,,VISUAL ARTS,University of the Visual & Performing Arts,POLONNARUWA,,NQC,12,11,NQC
COP2324-251,,VISUAL ARTS,University of the Visual & Performing Arts,BADULLA,1.0302,value,12,11,1.0302
COP2324-251,,VISUAL ARTS,University of the Visual & Performing Arts,MONARAGALA,1.1724,value,12,11,1.1724
COP2324-251,,VISUAL ARTS,University of the Visual & Performing Arts,KEGALLE,1.1468,value,12,11,1.1468
COP2324-251,,VISUAL ARTS,University of the Visual & Performing Arts,RATNAPURA,0.9236,value,12,11,0.9236
COP2324-252,,MUSIC,University of Sri Jayewardenepura,COLOMBO,0.8824,value,12,12,0.8824
COP2324-252,,MUSIC,University of Sri Jayewardenepura,GAMPAHA,0.5340,value,12,12,0.5340
COP2324-252,,MUSIC,University of Sri Jayewardenepura,KALUTARA,0.7976,value,12,12,0.7976
COP2324-252,,MUSIC,University of Sri Jayewardenepura,MATALE,,NQC,12,12,NQC
COP2324-252,,MUSIC,University of Sri Jayewardenepura,KANDY,0.6038,value,12,12,0.6038
COP2324-252,,MUSIC,University of Sri Jayewardenepura,NUWARA ELIYA,1.2551,value,12,12,1.2551
COP2324-252,,MUSIC,University of Sri Jayewardenepura,GALLE,,NQC,12,12,NQC
COP2324-252,,MUSIC,University of Sri Jayewardenepura,MATARA,1.1399,value,12,12,1.1399
COP2324-252,,MUSIC,University of Sri Jayewardenepura,HAMBANTOTA,1.3345,value,12,12,1.3345
COP2324-252,,MUSIC,University of Sri Jayewardenepura,JAFFNA,,NQC,12,12,NQC
COP2324-252,,MUSIC,University of Sri Jayewardenepura,KILINOCHCHI,,NQC,12,12,NQC
COP2324-252,,MUSIC,University of Sri Jayewardenepura,MANNAR,,NQC,12,12,NQC
COP2324-252,,MUSIC,University of Sri Jayewardenepura,MULLAITIVU,,NQC,12,12,NQC
COP2324-252,,MUSIC,University of Sri Jayewardenepura,VAVUNIYA,,NQC,12,12,NQC
COP2324-252,,MUSIC,University of Sri Jayewardenepura,TRINCOMALEE,,NQC,12,12,NQC
COP2324-252,,MUSIC,University of Sri Jayewardenepura,BATTICALOA,,NQC,12,12,NQC
COP2324-252,,MUSIC,University of Sri Jayewardenepura,AMPARA,1.5808,value,12,12,1.5808
COP2324-252,,MUSIC,University of Sri Jayewardenepura,PUTTALAM,0.9661,value,12,12,0.9661
COP2324-252,,MUSIC,University of Sri Jayewardenepura,KURUNEGALA,0.9980,value,12,12,0.9980
COP2324-252,,MUSIC,University of Sri Jayewardenepura,ANURADHAPURA,0.7942,value,12,12,0.7942
COP2324-252,,MUSIC,University of Sri Jayewardenepura,POLONNARUWA,,NQC,12,12,NQC
COP2324-252,,MUSIC,University of Sri Jayewardenepura,BADULLA,1.2951,value,12,12,1.2951
COP2324-252,,MUSIC,University of Sri Jayewardenepura,MONARAGALA,0.5812,value,12,12,0.5812
COP2324-252,,MUSIC,University of Sri Jayewardenepura,KEGALLE,0.7933,value,12,12,0.7933
COP2324-252,,MUSIC,University of Sri Jayewardenepura,RATNAPURA,1.1587,value,12,12,1.1587
COP2324-253,,MUSIC,University of the Visual & Performing Arts,COLOMBO,0.5763,value,12,13,0.5763
COP2324-253,,MUSIC,University of the Visual & Performing Arts,GAMPAHA,0.7946,value,12,13,0.7946
COP2324-253,,MUSIC,University of the Visual & Performing Arts,KALUTARA,0.7268,value,12,13,0.7268
COP2324-253,,MUSIC,University of the Visual & Performing Arts,MATALE,1.0140,value,12,13,1.0140
COP2324-253,,MUSIC,University of the Visual & Performing Arts,KANDY,0.8785,value,12,13,0.8785
COP2324-253,,MUSIC,University of the Visual & Performing Arts,NUWARA ELIYA,0.3699,value,12,13,0.3699
COP2324-253,,MUSIC,University of the Visual & Performing Arts,GALLE,0.7212,value,12,13,0.7212
COP2324-253,,MUSIC,University of the Visual & Performing Arts,MATARA,0.9169,value,12,13,0.9169
COP2324-253,,MUSIC,University of the Visual & Performing Arts,HAMBANTOTA,-0.1580,value,12,13,-0.1580
COP2324-253,,MUSIC,University of the Visual & Performing Arts,JAFFNA,,NQC,12,13,NQC
COP2324-253,,MUSIC,University of the Visual & Performing Arts,KILINOCHCHI,,NQC,12,13,NQC
COP2324-253,,MUSIC,University of the Visual & Performing Arts,MANNAR,,NQC,12,13,NQC
COP2324-253,,MUSIC,University of the Visual & Performing Arts,MULLAITIVU,,NQC,12,13,NQC
COP2324-253,,MUSIC,University of the Visual & Performing Arts,VAVUNIYA,0.7575,value,12,13,0.7575
COP2324-253,,MUSIC,University of the Visual & Performing Arts,TRINCOMALEE,0.4407,value,12,13,0.4407
COP2324-253,,MUSIC,University of the Visual & Performing Arts,BATTICALOA,,NQC,12,13,NQC
COP2324-253,,MUSIC,University of the Visual & Performing Arts,AMPARA,0.2603,value,12,13,0.2603
COP2324-253,,MUSIC,University of the Visual & Performing Arts,PUTTALAM,0.4113,value,12,13,0.4113
COP2324-253,,MUSIC,University of the Visual & Performing Arts,KURUNEGALA,0.9643,value,12,13,0.9643
COP2324-253,,MUSIC,University of the Visual & Performing Arts,ANURADHAPURA,0.8249,value,12,13,0.8249
COP2324-253,,MUSIC,University of the Visual & Performing Arts,POLONNARUWA,0.7803,value,12,13,0.7803
COP2324-253,,MUSIC,University of the Visual & Performing Arts,BADULLA,0.8164,value,12,13,0.8164
COP2324-253,,MUSIC,University of the Visual & Performing Arts,MONARAGALA,0.9749,value,12,13,0.9749
COP2324-253,,MUSIC,University of the Visual & Performing Arts,KEGALLE,0.9093,value,12,13,0.9093
COP2324-253,,MUSIC,University of the Visual & Performing Arts,RATNAPURA,0.9020,value,12,13,0.9020
COP2324-254,,DANCE,University of the Visual & Performing Arts,COLOMBO,0.8351,value,12,14,0.8351
COP2324-254,,DANCE,University of the Visual & Performing Arts,GAMPAHA,0.8074,value,12,14,0.8074
COP2324-254,,DANCE,University of the Visual & Performing Arts,KALUTARA,1.0002,value,12,14,1.0002
COP2324-254,,DANCE,University of the Visual & Performing Arts,MATALE,0.8538,value,12,14,0.8538
COP2324-254,,DANCE,University of the Visual & Performing Arts,KANDY,1.0011,value,12,14,1.0011
COP2324-254,,DANCE,University of the Visual & Performing Arts,NUWARA ELIYA,-0.2734,value,12,14,-0.2734
COP2324-254,,DANCE,University of the Visual & Performing Arts,GALLE,0.7743,value,12,14,0.7743
COP2324-254,,DANCE,University of the Visual & Performing Arts,MATARA,0.9058,value,12,14,0.9058
COP2324-254,,DANCE,University of the Visual & Performing Arts,HAMBANTOTA,0.8121,value,12,14,0.8121
COP2324-254,,DANCE,University of the Visual & Performing Arts,JAFFNA,,NQC,12,14,NQC
COP2324-254,,DANCE,University of the Visual & Performing Arts,KILINOCHCHI,,NQC,12,14,NQC
COP2324-254,,DANCE,University of the Visual & Performing Arts,MANNAR,,NQC,12,14,NQC
COP2324-254,,DANCE,University of the Visual & Performing Arts,MULLAITIVU,,NQC,12,14,NQC
COP2324-254,,DANCE,University of the Visual & Performing Arts,VAVUNIYA,1.1913,value,12,14,1.1913
COP2324-254,,DANCE,University of the Visual & Performing Arts,TRINCOMALEE,0.8185,value,12,14,0.8185
COP2324-254,,DANCE,University of the Visual & Performing Arts,BATTICALOA,,NQC,12,14,NQC
COP2324-254,,DANCE,University of the Visual & Performing Arts,AMPARA,0.8432,value,12,14,0.8432
COP2324-254,,DANCE,University of the Visual & Performing Arts,PUTTALAM,0.6699,value,12,14,0.6699
COP2324-254,,DANCE,University of the Visual & Performing Arts,KURUNEGALA,1.0104,value,12,14,1.0104
COP2324-254,,DANCE,University of the Visual & Performing Arts,ANURADHAPURA,1.0302,value,12,14,1.0302
COP2324-254,,DANCE,University of the Visual & Performing Arts,POLONNARUWA,0.9106,value,12,14,0.9106
COP2324-254,,DANCE,University of the Visual & Performing Arts,BADULLA,0.6784,value,12,14,0.6784
COP2324-254,,DANCE,University of the Visual & Performing Arts,MONARAGALA,1.0505,value,12,14,1.0505
COP2324-254,,DANCE,University of the Visual & Performing Arts,KEGALLE,0.9018,value,12,14,0.9018
COP2324-254,,DANCE,University of the Visual & Performing Arts,RATNAPURA,0.9684,value,12,14,0.9684
COP2324-255,,DRAMA & THEATRE,University of the Visual & Performing Arts,COLOMBO,0.8149,value,12,15,0.8149
COP2324-255,,DRAMA & THEATRE,University of the Visual & Performing Arts,GAMPAHA,0.6926,value,12,15,0.6926
COP2324-255,,DRAMA & THEATRE,University of the Visual & Performing Arts,KALUTARA,0.9808,value,12,15,0.9808
COP2324-255,,DRAMA & THEATRE,University of the Visual & Performing Arts,MATALE,0.9862,value,12,15,0.9862
COP2324-255,,DRAMA & THEATRE,University of the Visual & Performing Arts,KANDY,0.9794,value,12,15,0.9794
COP2324-255,,DRAMA & THEATRE,University of the Visual & Performing Arts,NUWARA ELIYA,0.5802,value,12,15,0.5802
COP2324-255,,DRAMA & THEATRE,University of the Visual & Performing Arts,GALLE,0.4307,value,12,15,0.4307
COP2324-255,,DRAMA & THEATRE,University of the Visual & Performing Arts,MATARA,0.4999,value,12,15,0.4999
COP2324-255,,DRAMA & THEATRE,University of the Visual & Performing Arts,HAMBANTOTA,0.9097,value,12,15,0.9097
COP2324-255,,DRAMA & THEATRE,University of the Visual & Performing Arts,JAFFNA,,NQC,12,15,NQC
COP2324-255,,DRAMA & THEATRE,University of the Visual & Performing Arts,KILINOCHCHI,,NQC,12,15,NQC
COP2324-255,,DRAMA & THEATRE,University of the Visual & Performing Arts,MANNAR,,NQC,12,15,NQC
COP2324-255,,DRAMA & THEATRE,University of the Visual & Performing Arts,MULLAITIVU,,NQC,12,15,NQC
COP2324-255,,DRAMA & THEATRE,University of the Visual & Performing Arts,VAVUNIYA,,NQC,12,15,NQC
COP2324-255,,DRAMA & THEATRE,University of the Visual & Performing Arts,TRINCOMALEE,0.3623,value,12,15,0.3623
COP2324-255,,DRAMA & THEATRE,University of the Visual & Performing Arts,BATTICALOA,,NQC,12,15,NQC
COP2324-255,,DRAMA & THEATRE,University of the Visual & Performing Arts,AMPARA,0.6823,value,12,15,0.6823
COP2324-255,,DRAMA & THEATRE,University of the Visual & Performing Arts,PUTTALAM,0.9189,value,12,15,0.9189
COP2324-255,,DRAMA & THEATRE,University of the Visual & Performing Arts,KURUNEGALA,0.9942,value,12,15,0.9942
COP2324-255,,DRAMA & THEATRE,University of the Visual & Performing Arts,ANURADHAPURA,0.8080,value,12,15,0.8080
COP2324-255,,DRAMA & THEATRE,University of the Visual & Performing Arts,POLONNARUWA,,NQC,12,15,NQC
COP2324-255,,DRAMA & THEATRE,University of the Visual & Performing Arts,BADULLA,0.9427,value,12,15,0.9427
COP2324-255,,DRAMA & THEATRE,University of the Visual & Performing Arts,MONARAGALA,,NQC,12,15,NQC
COP2324-255,,DRAMA & THEATRE,University of the Visual & Performing Arts,KEGALLE,0.8939,value,12,15,0.8939
COP2324-255,,DRAMA & THEATRE,University of the Visual & Performing Arts,RATNAPURA,0.8694,value,12,15,0.8694
COP2324-256,,ART & DESIGN,University of Jaffna,COLOMBO,,NQC,12,16,NQC
COP2324-256,,ART & DESIGN,University of Jaffna,GAMPAHA,,NQC,12,16,NQC
COP2324-256,,ART & DESIGN,University of Jaffna,KALUTARA,-0.6634,value,12,16,-0.6634
COP2324-256,,ART & DESIGN,University of Jaffna,MATALE,1.2076,value,12,16,1.2076
COP2324-256,,ART & DESIGN,University of Jaffna,KANDY,0.0255,value,12,16,0.0255
COP2324-256,,ART & DESIGN,University of Jaffna,NUWARA ELIYA,0.9812,value,12,16,0.9812
COP2324-256,,ART & DESIGN,University of Jaffna,GALLE,0.1403,value,12,16,0.1403
COP2324-256,,ART & DESIGN,University of Jaffna,MATARA,,NQC,12,16,NQC
COP2324-256,,ART & DESIGN,University of Jaffna,HAMBANTOTA,,NQC,12,16,NQC
COP2324-256,,ART & DESIGN,University of Jaffna,JAFFNA,0.6973,value,12,16,0.6973
COP2324-256,,ART & DESIGN,University of Jaffna,KILINOCHCHI,0.2040,value,12,16,0.2040
COP2324-256,,ART & DESIGN,University of Jaffna,MANNAR,0.6468,value,12,16,0.6468
COP2324-256,,ART & DESIGN,University of Jaffna,MULLAITIVU,0.9644,value,12,16,0.9644
COP2324-256,,ART & DESIGN,University of Jaffna,VAVUNIYA,0.5924,value,12,16,0.5924
COP2324-256,,ART & DESIGN,University of Jaffna,TRINCOMALEE,0.7273,value,12,16,0.7273
COP2324-256,,ART & DESIGN,University of Jaffna,BATTICALOA,0.4846,value,12,16,0.4846
COP2324-256,,ART & DESIGN,University of Jaffna,AMPARA,0.7467,value,12,16,0.7467
COP2324-256,,ART & DESIGN,University of Jaffna,PUTTALAM,0.7478,value,12,16,0.7478
COP2324-256,,ART & DESIGN,University of Jaffna,KURUNEGALA,0.6980,value,12,16,0.6980
COP2324-256,,ART & DESIGN,University of Jaffna,ANURADHAPURA,0.6480,value,12,16,0.6480
COP2324-256,,ART & DESIGN,University of Jaffna,POLONNARUWA,,NQC,12,16,NQC
COP2324-256,,ART & DESIGN,University of Jaffna,BADULLA,0.1398,value,12,16,0.1398
COP2324-256,,ART & DESIGN,University of Jaffna,MONARAGALA,,NQC,12,16,NQC
COP2324-256,,ART & DESIGN,University of Jaffna,KEGALLE,,NQC,12,16,NQC
COP2324-256,,ART & DESIGN,University of Jaffna,RATNAPURA,,NQC,12,16,NQC
COP2324-257,,MUSIC,University of Jaffna,COLOMBO,-0.3204,value,12,17,-0.3204
COP2324-257,,MUSIC,University of Jaffna,GAMPAHA,,NQC,12,17,NQC
COP2324-257,,MUSIC,University of Jaffna,KALUTARA,,NQC,12,17,NQC
COP2324-257,,MUSIC,University of Jaffna,MATALE,-0.0268,value,12,17,-0.0268
COP2324-257,,MUSIC,University of Jaffna,KANDY,0.5914,value,12,17,0.5914
COP2324-257,,MUSIC,University of Jaffna,NUWARA ELIYA,0.4669,value,12,17,0.4669
COP2324-257,,MUSIC,University of Jaffna,GALLE,,NQC,12,17,NQC
COP2324-257,,MUSIC,University of Jaffna,MATARA,,NQC,12,17,NQC
COP2324-257,,MUSIC,University of Jaffna,HAMBANTOTA,,NQC,12,17,NQC
COP2324-257,,MUSIC,University of Jaffna,JAFFNA,0.7185,value,12,17,0.7185
COP2324-257,,MUSIC,University of Jaffna,KILINOCHCHI,0.5938,value,12,17,0.5938
COP2324-257,,MUSIC,University of Jaffna,MANNAR,0.4445,value,12,17,0.4445
COP2324-257,,MUSIC,University of Jaffna,MULLAITIVU,0.6157,value,12,17,0.6157
COP2324-257,,MUSIC,University of Jaffna,VAVUNIYA,0.6975,value,12,17,0.6975
COP2324-257,,MUSIC,University of Jaffna,TRINCOMALEE,0.4957,value,12,17,0.4957
COP2324-257,,MUSIC,University of Jaffna,BATTICALOA,0.6714,value,12,17,0.6714
COP2324-257,,MUSIC,University of Jaffna,AMPARA,0.2959,value,12,17,0.2959
COP2324-257,,MUSIC,University of Jaffna,PUTTALAM,0.5873,value,12,17,0.5873
COP2324-257,,MUSIC,University of Jaffna,KURUNEGALA,,NQC,12,17,NQC
COP2324-257,,MUSIC,University of Jaffna,ANURADHAPURA,,NQC,12,17,NQC
COP2324-257,,MUSIC,University of Jaffna,POLONNARUWA,,NQC,12,17,NQC
COP2324-257,,MUSIC,University of Jaffna,BADULLA,0.2547,value,12,17,0.2547
COP2324-257,,MUSIC,University of Jaffna,MONARAGALA,,NQC,12,17,NQC
COP2324-257,,MUSIC,University of Jaffna,KEGALLE,0.4346,value,12,17,0.4346
COP2324-257,,MUSIC,University of Jaffna,RATNAPURA,-0.4855,value,12,17,-0.4855
COP2324-258,,DANCE,University of Jaffna,COLOMBO,-0.1988,value,12,18,-0.1988
COP2324-258,,DANCE,University of Jaffna,GAMPAHA,-0.3589,value,12,18,-0.3589
COP2324-258,,DANCE,University of Jaffna,KALUTARA,0.4023,value,12,18,0.4023
COP2324-258,,DANCE,University of Jaffna,MATALE,0.0321,value,12,18,0.0321
COP2324-258,,DANCE,University of Jaffna,KANDY,0.0954,value,12,18,0.0954
COP2324-258,,DANCE,University of Jaffna,NUWARA ELIYA,0.5690,value,12,18,0.5690
COP2324-258,,DANCE,University of Jaffna,GALLE,,NQC,12,18,NQC
COP2324-258,,DANCE,University of Jaffna,MATARA,,NQC,12,18,NQC
COP2324-258,,DANCE,University of Jaffna,HAMBANTOTA,,NQC,12,18,NQC
COP2324-258,,DANCE,University of Jaffna,JAFFNA,0.6295,value,12,18,0.6295
COP2324-258,,DANCE,University of Jaffna,KILINOCHCHI,0.5725,value,12,18,0.5725
COP2324-258,,DANCE,University of Jaffna,MANNAR,0.4317,value,12,18,0.4317
COP2324-258,,DANCE,University of Jaffna,MULLAITIVU,0.5008,value,12,18,0.5008
COP2324-258,,DANCE,University of Jaffna,VAVUNIYA,0.6077,value,12,18,0.6077
COP2324-258,,DANCE,University of Jaffna,TRINCOMALEE,0.2318,value,12,18,0.2318
COP2324-258,,DANCE,University of Jaffna,BATTICALOA,0.5941,value,12,18,0.5941
COP2324-258,,DANCE,University of Jaffna,AMPARA,0.4558,value,12,18,0.4558
COP2324-258,,DANCE,University of Jaffna,PUTTALAM,,NQC,12,18,NQC
COP2324-258,,DANCE,University of Jaffna,KURUNEGALA,,NQC,12,18,NQC
COP2324-258,,DANCE,University of Jaffna,ANURADHAPURA,,NQC,12,18,NQC
COP2324-258,,DANCE,University of Jaffna,POLONNARUWA,,NQC,12,18,NQC
COP2324-258,,DANCE,University of Jaffna,BADULLA,0.2458,value,12,18,0.2458
COP2324-258,,DANCE,University of Jaffna,MONARAGALA,,NQC,12,18,NQC
COP2324-258,,DANCE,University of Jaffna,KEGALLE,,NQC,12,18,NQC
COP2324-258,,DANCE,University of Jaffna,RATNAPURA,-0.0974,value,12,18,-0.0974
COP2324-259,,VISUAL & TECHNOLOGICAL ARTS,Swami Vipulananda Institute of Aesthetic Studies,COLOMBO,,NQC,12,19,NQC
COP2324-259,,VISUAL & TECHNOLOGICAL ARTS,Swami Vipulananda Institute of Aesthetic Studies,GAMPAHA,,NQC,12,19,NQC
COP2324-259,,VISUAL & TECHNOLOGICAL ARTS,Swami Vipulananda Institute of Aesthetic Studies,KALUTARA,-0.0116,value,12,19,-0.0116
COP2324-259,,VISUAL & TECHNOLOGICAL ARTS,Swami Vipulananda Institute of Aesthetic Studies,MATALE,-0.0938,value,12,19,-0.0938
COP2324-259,,VISUAL & TECHNOLOGICAL ARTS,Swami Vipulananda Institute of Aesthetic Studies,KANDY,0.1872,value,12,19,0.1872
COP2324-259,,VISUAL & TECHNOLOGICAL ARTS,Swami Vipulananda Institute of Aesthetic Studies,NUWARA ELIYA,0.2658,value,12,19,0.2658
COP2324-259,,VISUAL & TECHNOLOGICAL ARTS,Swami Vipulananda Institute of Aesthetic Studies,GALLE,0.5208,value,12,19,0.5208
COP2324-259,,VISUAL & TECHNOLOGICAL ARTS,Swami Vipulananda Institute of Aesthetic Studies,MATARA,-0.4000,value,12,19,-0.4000
COP2324-259,,VISUAL & TECHNOLOGICAL ARTS,Swami Vipulananda Institute of Aesthetic Studies,HAMBANTOTA,,NQC,12,19,NQC
COP2324-259,,VISUAL & TECHNOLOGICAL ARTS,Swami Vipulananda Institute of Aesthetic Studies,JAFFNA,0.5267,value,12,19,0.5267
COP2324-259,,VISUAL & TECHNOLOGICAL ARTS,Swami Vipulananda Institute of Aesthetic Studies,KILINOCHCHI,0.6189,value,12,19,0.6189
COP2324-259,,VISUAL & TECHNOLOGICAL ARTS,Swami Vipulananda Institute of Aesthetic Studies,MANNAR,0.5174,value,12,19,0.5174
COP2324-259,,VISUAL & TECHNOLOGICAL ARTS,Swami Vipulananda Institute of Aesthetic Studies,MULLAITIVU,,NQC,12,19,NQC
COP2324-259,,VISUAL & TECHNOLOGICAL ARTS,Swami Vipulananda Institute of Aesthetic Studies,VAVUNIYA,0.1197,value,12,19,0.1197
COP2324-259,,VISUAL & TECHNOLOGICAL ARTS,Swami Vipulananda Institute of Aesthetic Studies,TRINCOMALEE,0.7723,value,12,19,0.7723
COP2324-259,,VISUAL & TECHNOLOGICAL ARTS,Swami Vipulananda Institute of Aesthetic Studies,BATTICALOA,0.6557,value,12,19,0.6557
COP2324-259,,VISUAL & TECHNOLOGICAL ARTS,Swami Vipulananda Institute of Aesthetic Studies,AMPARA,0.5692,value,12,19,0.5692
COP2324-259,,VISUAL & TECHNOLOGICAL ARTS,Swami Vipulananda Institute of Aesthetic Studies,PUTTALAM,0.4026,value,12,19,0.4026
COP2324-259,,VISUAL & TECHNOLOGICAL ARTS,Swami Vipulananda Institute of Aesthetic Studies,KURUNEGALA,-0.0923,value,12,19,-0.0923
COP2324-259,,VISUAL & TECHNOLOGICAL ARTS,Swami Vipulananda Institute of Aesthetic Studies,ANURADHAPURA,0.7073,value,12,19,0.7073
COP2324-259,,VISUAL & TECHNOLOGICAL ARTS,Swami Vipulananda Institute of Aesthetic Studies,POLONNARUWA,0.3404,value,12,19,0.3404
COP2324-259,,VISUAL & TECHNOLOGICAL ARTS,Swami Vipulananda Institute of Aesthetic Studies,BADULLA,0.5150,value,12,19,0.5150
COP2324-259,,VISUAL & TECHNOLOGICAL ARTS,Swami Vipulananda Institute of Aesthetic Studies,MONARAGALA,0.3921,value,12,19,0.3921
COP2324-259,,VISUAL & TECHNOLOGICAL ARTS,Swami Vipulananda Institute of Aesthetic Studies,KEGALLE,0.5122,value,12,19,0.5122
COP2324-259,,VISUAL & TECHNOLOGICAL ARTS,Swami Vipulananda Institute of Aesthetic Studies,RATNAPURA,0.4442,value,12,19,0.4442
COP2324-260,,MUSIC,Swami Vipulananda Institute of Aesthetic Studies,COLOMBO,0.5047,value,12,20,0.5047
COP2324-260,,MUSIC,Swami Vipulananda Institute of Aesthetic Studies,GAMPAHA,,NQC,12,20,NQC
COP2324-260,,MUSIC,Swami Vipulananda Institute of Aesthetic Studies,KALUTARA,,NQC,12,20,NQC
COP2324-260,,MUSIC,Swami Vipulananda Institute of Aesthetic Studies,MATALE,-0.0661,value,12,20,-0.0661
COP2324-260,,MUSIC,Swami Vipulananda Institute of Aesthetic Studies,KANDY,-0.1888,value,12,20,-0.1888
COP2324-260,,MUSIC,Swami Vipulananda Institute of Aesthetic Studies,NUWARA ELIYA,0.2408,value,12,20,0.2408
COP2324-260,,MUSIC,Swami Vipulananda Institute of Aesthetic Studies,GALLE,,NQC,12,20,NQC
COP2324-260,,MUSIC,Swami Vipulananda Institute of Aesthetic Studies,MATARA,0.3098,value,12,20,0.3098
COP2324-260,,MUSIC,Swami Vipulananda Institute of Aesthetic Studies,HAMBANTOTA,,NQC,12,20,NQC
COP2324-260,,MUSIC,Swami Vipulananda Institute of Aesthetic Studies,JAFFNA,0.7073,value,12,20,0.7073
COP2324-260,,MUSIC,Swami Vipulananda Institute of Aesthetic Studies,KILINOCHCHI,0.2350,value,12,20,0.2350
COP2324-260,,MUSIC,Swami Vipulananda Institute of Aesthetic Studies,MANNAR,0.6732,value,12,20,0.6732
COP2324-260,,MUSIC,Swami Vipulananda Institute of Aesthetic Studies,MULLAITIVU,0.7099,value,12,20,0.7099
COP2324-260,,MUSIC,Swami Vipulananda Institute of Aesthetic Studies,VAVUNIYA,0.6746,value,12,20,0.6746
COP2324-260,,MUSIC,Swami Vipulananda Institute of Aesthetic Studies,TRINCOMALEE,0.6261,value,12,20,0.6261
COP2324-260,,MUSIC,Swami Vipulananda Institute of Aesthetic Studies,BATTICALOA,0.6396,value,12,20,0.6396
COP2324-260,,MUSIC,Swami Vipulananda Institute of Aesthetic Studies,AMPARA,0.3334,value,12,20,0.3334
COP2324-260,,MUSIC,Swami Vipulananda Institute of Aesthetic Studies,PUTTALAM,-0.1240,value,12,20,-0.1240
COP2324-260,,MUSIC,Swami Vipulananda Institute of Aesthetic Studies,KURUNEGALA,,NQC,12,20,NQC
COP2324-260,,MUSIC,Swami Vipulananda Institute of Aesthetic Studies,ANURADHAPURA,,NQC,12,20,NQC
COP2324-260,,MUSIC,Swami Vipulananda Institute of Aesthetic Studies,POLONNARUWA,0.5767,value,12,20,0.5767
COP2324-260,,MUSIC,Swami Vipulananda Institute of Aesthetic Studies,BADULLA,0.3400,value,12,20,0.3400
COP2324-260,,MUSIC,Swami Vipulananda Institute of Aesthetic Studies,MONARAGALA,,NQC,12,20,NQC
COP2324-260,,MUSIC,Swami Vipulananda Institute of Aesthetic Studies,KEGALLE,0.7861,value,12,20,0.7861
COP2324-260,,MUSIC,Swami Vipulananda Institute of Aesthetic Studies,RATNAPURA,,NQC,12,20,NQC
COP2324-261,,DANCE,Swami Vipulananda Institute of Aesthetic Studies,COLOMBO,,NQC,12,21,NQC
COP2324-261,,DANCE,Swami Vipulananda Institute of Aesthetic Studies,GAMPAHA,,NQC,12,21,NQC
COP2324-261,,DANCE,Swami Vipulananda Institute of Aesthetic Studies,KALUTARA,-0.5652,value,12,21,-0.5652
COP2324-261,,DANCE,Swami Vipulananda Institute of Aesthetic Studies,MATALE,,NQC,12,21,NQC
COP2324-261,,DANCE,Swami Vipulananda Institute of Aesthetic Studies,KANDY,0.5711,value,12,21,0.5711
COP2324-261,,DANCE,Swami Vipulananda Institute of Aesthetic Studies,NUWARA ELIYA,0.6703,value,12,21,0.6703
COP2324-261,,DANCE,Swami Vipulananda Institute of Aesthetic Studies,GALLE,,NQC,12,21,NQC
COP2324-261,,DANCE,Swami Vipulananda Institute of Aesthetic Studies,MATARA,,NQC,12,21,NQC
COP2324-261,,DANCE,Swami Vipulananda Institute of Aesthetic Studies,HAMBANTOTA,,NQC,12,21,NQC
COP2324-261,,DANCE,Swami Vipulananda Institute of Aesthetic Studies,JAFFNA,0.5998,value,12,21,0.5998
COP2324-261,,DANCE,Swami Vipulananda Institute of Aesthetic Studies,KILINOCHCHI,0.7290,value,12,21,0.7290
COP2324-261,,DANCE,Swami Vipulananda Institute of Aesthetic Studies,MANNAR,0.6852,value,12,21,0.6852
COP2324-261,,DANCE,Swami Vipulananda Institute of Aesthetic Studies,MULLAITIVU,0.4588,value,12,21,0.4588
COP2324-261,,DANCE,Swami Vipulananda Institute of Aesthetic Studies,VAVUNIYA,0.5072,value,12,21,0.5072
COP2324-261,,DANCE,Swami Vipulananda Institute of Aesthetic Studies,TRINCOMALEE,0.8150,value,12,21,0.8150
COP2324-261,,DANCE,Swami Vipulananda Institute of Aesthetic Studies,BATTICALOA,0.6726,value,12,21,0.6726
COP2324-261,,DANCE,Swami Vipulananda Institute of Aesthetic Studies,AMPARA,0.4275,value,12,21,0.4275
COP2324-261,,DANCE,Swami Vipulananda Institute of Aesthetic Studies,PUTTALAM,,NQC,12,21,NQC
COP2324-261,,DANCE,Swami Vipulananda Institute of Aesthetic Studies,KURUNEGALA,,NQC,12,21,NQC
COP2324-261,,DANCE,Swami Vipulananda Institute of Aesthetic Studies,ANURADHAPURA,,NQC,12,21,NQC
COP2324-261,,DANCE,Swami Vipulananda Institute of Aesthetic Studies,POLONNARUWA,,NQC,12,21,NQC
COP2324-261,,DANCE,Swami Vipulananda Institute of Aesthetic Studies,BADULLA,0.9435,value,12,21,0.9435
COP2324-261,,DANCE,Swami Vipulananda Institute of Aesthetic Studies,MONARAGALA,,NQC,12,21,NQC
COP2324-261,,DANCE,Swami Vipulananda Institute of Aesthetic Studies,KEGALLE,0.0694,value,12,21,0.0694
COP2324-261,,DANCE,Swami Vipulananda Institute of Aesthetic Studies,RATNAPURA,,NQC,12,21,NQC
COP2324-262,,DRAMA & THEATRE,Swami Vipulananda Institute of Aesthetic Studies,COLOMBO,-0.2195,value,12,22,-0.2195
COP2324-262,,DRAMA & THEATRE,Swami Vipulananda Institute of Aesthetic Studies,GAMPAHA,,NQC,12,22,NQC
COP2324-262,,DRAMA & THEATRE,Swami Vipulananda Institute of Aesthetic Studies,KALUTARA,,NQC,12,22,NQC
COP2324-262,,DRAMA & THEATRE,Swami Vipulananda Institute of Aesthetic Studies,MATALE,0.7904,value,12,22,0.7904
COP2324-262,,DRAMA & THEATRE,Swami Vipulananda Institute of Aesthetic Studies,KANDY,0.2563,value,12,22,0.2563
COP2324-262,,DRAMA & THEATRE,Swami Vipulananda Institute of Aesthetic Studies,NUWARA ELIYA,0.5168,value,12,22,0.5168
COP2324-262,,DRAMA & THEATRE,Swami Vipulananda Institute of Aesthetic Studies,GALLE,,NQC,12,22,NQC
COP2324-262,,DRAMA & THEATRE,Swami Vipulananda Institute of Aesthetic Studies,MATARA,,NQC,12,22,NQC
COP2324-262,,DRAMA & THEATRE,Swami Vipulananda Institute of Aesthetic Studies,HAMBANTOTA,,NQC,12,22,NQC
COP2324-262,,DRAMA & THEATRE,Swami Vipulananda Institute of Aesthetic Studies,JAFFNA,0.9671,value,12,22,0.9671
COP2324-262,,DRAMA & THEATRE,Swami Vipulananda Institute of Aesthetic Studies,KILINOCHCHI,0.9785,value,12,22,0.9785
COP2324-262,,DRAMA & THEATRE,Swami Vipulananda Institute of Aesthetic Studies,MANNAR,0.9554,value,12,22,0.9554
COP2324-262,,DRAMA & THEATRE,Swami Vipulananda Institute of Aesthetic Studies,MULLAITIVU,0.9804,value,12,22,0.9804
COP2324-262,,DRAMA & THEATRE,Swami Vipulananda Institute of Aesthetic Studies,VAVUNIYA,0.7482,value,12,22,0.7482
COP2324-262,,DRAMA & THEATRE,Swami Vipulananda Institute of Aesthetic Studies,TRINCOMALEE,0.9884,value,12,22,0.9884
COP2324-262,,DRAMA & THEATRE,Swami Vipulananda Institute of Aesthetic Studies,BATTICALOA,0.9597,value,12,22,0.9597
COP2324-262,,DRAMA & THEATRE,Swami Vipulananda Institute of Aesthetic Studies,AMPARA,0.9607,value,12,22,0.9607
COP2324-262,,DRAMA & THEATRE,Swami Vipulananda Institute of Aesthetic Studies,PUTTALAM,0.3569,value,12,22,0.3569
COP2324-262,,DRAMA & THEATRE,Swami Vipulananda Institute of Aesthetic Studies,KURUNEGALA,,NQC,12,22,NQC
COP2324-262,,DRAMA & THEATRE,Swami Vipulananda Institute of Aesthetic Studies,ANURADHAPURA,,NQC,12,22,NQC
COP2324-262,,DRAMA & THEATRE,Swami Vipulananda Institute of Aesthetic Studies,POLONNARUWA,0.2793,value,12,22,0.2793
COP2324-262,,DRAMA & THEATRE,Swami Vipulananda Institute of Aesthetic Studies,BADULLA,-0.2397,value,12,22,-0.2397
COP2324-262,,DRAMA & THEATRE,Swami Vipulananda Institute of Aesthetic Studies,MONARAGALA,,NQC,12,22,NQC
COP2324-262,,DRAMA & THEATRE,Swami Vipulananda Institute of Aesthetic Studies,KEGALLE,0.8138,value,12,22,0.8138
COP2324-262,,DRAMA & THEATRE,Swami Vipulananda Institute of Aesthetic Studies,RATNAPURA,0.6256,value,12,22,0.6256
